duplicate_group,member_count,sha256,paths
EXACT-0001,40,2168563f9d7633227b22841442e595745702f63c18b8c53116356e312b27967e,baseline_originals/baseline_co/baseline_models/PINN_CO_R10F_WF04_seed105.metadata.joblib | baseline_originals/baseline_co/baseline_models/PINN_CO_R10F_WF04_seed126.metadata.joblib | baseline_originals/baseline_co/baseline_models/PINN_CO_R10F_WF04_seed147.metadata.joblib | baseline_originals/baseline_co/baseline_models/PINN_CO_R10F_WF04_seed168.metadata.joblib | baseline_originals/baseline_co/baseline_models/PINN_CO_R10F_WF04_seed189.metadata.joblib | baseline_originals/baseline_co/baseline_models/PINN_CO_R10F_WF04_seed21.metadata.joblib | baseline_originals/baseline_co/baseline_models/PINN_CO_R10F_WF04_seed210.metadata.joblib | baseline_originals/baseline_co/baseline_models/PINN_CO_R10F_WF04_seed42.metadata.joblib | baseline_originals/baseline_co/baseline_models/PINN_CO_R10F_WF04_seed63.metadata.joblib | baseline_originals/baseline_co/baseline_models/PINN_CO_R10F_WF04_seed84.metadata.joblib | models/preliminary test/work_pinn_co_r10f/models_CO_R10F/PINN_CO_R10F_WF04_seed105.metadata.joblib | models/preliminary test/work_pinn_co_r10f/models_CO_R10F/PINN_CO_R10F_WF04_seed126.metadata.joblib | models/preliminary test/work_pinn_co_r10f/models_CO_R10F/PINN_CO_R10F_WF04_seed147.metadata.joblib | models/preliminary test/work_pinn_co_r10f/models_CO_R10F/PINN_CO_R10F_WF04_seed168.metadata.joblib | models/preliminary test/work_pinn_co_r10f/models_CO_R10F/PINN_CO_R10F_WF04_seed189.metadata.joblib | models/preliminary test/work_pinn_co_r10f/models_CO_R10F/PINN_CO_R10F_WF04_seed21.metadata.joblib | models/preliminary test/work_pinn_co_r10f/models_CO_R10F/PINN_CO_R10F_WF04_seed210.metadata.joblib | models/preliminary test/work_pinn_co_r10f/models_CO_R10F/PINN_CO_R10F_WF04_seed42.metadata.joblib | models/preliminary test/work_pinn_co_r10f/models_CO_R10F/PINN_CO_R10F_WF04_seed63.metadata.joblib | models/preliminary test/work_pinn_co_r10f/models_CO_R10F/PINN_CO_R10F_WF04_seed84.metadata.joblib | models/preliminary test/work_pinn_co_r10f_std/models/WF04/PINN_CO_R10F_WF04_seed105.metadata.joblib | models/preliminary test/work_pinn_co_r10f_std/models/WF04/PINN_CO_R10F_WF04_seed126.metadata.joblib | models/preliminary test/work_pinn_co_r10f_std/models/WF04/PINN_CO_R10F_WF04_seed147.metadata.joblib | models/preliminary test/work_pinn_co_r10f_std/models/WF04/PINN_CO_R10F_WF04_seed168.metadata.joblib | models/preliminary test/work_pinn_co_r10f_std/models/WF04/PINN_CO_R10F_WF04_seed189.metadata.joblib | models/preliminary test/work_pinn_co_r10f_std/models/WF04/PINN_CO_R10F_WF04_seed21.metadata.joblib | models/preliminary test/work_pinn_co_r10f_std/models/WF04/PINN_CO_R10F_WF04_seed210.metadata.joblib | models/preliminary test/work_pinn_co_r10f_std/models/WF04/PINN_CO_R10F_WF04_seed42.metadata.joblib | models/preliminary test/work_pinn_co_r10f_std/models/WF04/PINN_CO_R10F_WF04_seed63.metadata.joblib | models/preliminary test/work_pinn_co_r10f_std/models/WF04/PINN_CO_R10F_WF04_seed84.metadata.joblib | models/preliminary test/work_pinn_co_r10f_std/models_CO_R10F/PINN_CO_R10F_WF04_seed105.metadata.joblib | models/preliminary test/work_pinn_co_r10f_std/models_CO_R10F/PINN_CO_R10F_WF04_seed126.metadata.joblib | models/preliminary test/work_pinn_co_r10f_std/models_CO_R10F/PINN_CO_R10F_WF04_seed147.metadata.joblib | models/preliminary test/work_pinn_co_r10f_std/models_CO_R10F/PINN_CO_R10F_WF04_seed168.metadata.joblib | models/preliminary test/work_pinn_co_r10f_std/models_CO_R10F/PINN_CO_R10F_WF04_seed189.metadata.joblib | models/preliminary test/work_pinn_co_r10f_std/models_CO_R10F/PINN_CO_R10F_WF04_seed21.metadata.joblib | models/preliminary test/work_pinn_co_r10f_std/models_CO_R10F/PINN_CO_R10F_WF04_seed210.metadata.joblib | models/preliminary test/work_pinn_co_r10f_std/models_CO_R10F/PINN_CO_R10F_WF04_seed42.metadata.joblib | models/preliminary test/work_pinn_co_r10f_std/models_CO_R10F/PINN_CO_R10F_WF04_seed63.metadata.joblib | models/preliminary test/work_pinn_co_r10f_std/models_CO_R10F/PINN_CO_R10F_WF04_seed84.metadata.joblib
EXACT-0002,35,1cb7086cbafc6b3032068d47dafbbcb9e7f37151d10d2d2f95a90a2dec3b0dd6,baseline_originals/baseline_nox/baseline_models/PINN_NOX_R8F_WF04_seed105.metadata.joblib | baseline_originals/baseline_nox/baseline_models/PINN_NOX_R8F_WF04_seed126.metadata.joblib | baseline_originals/baseline_nox/baseline_models/PINN_NOX_R8F_WF04_seed147.metadata.joblib | baseline_originals/baseline_nox/baseline_models/PINN_NOX_R8F_WF04_seed168.metadata.joblib | baseline_originals/baseline_nox/baseline_models/PINN_NOX_R8F_WF04_seed189.metadata.joblib | baseline_originals/baseline_nox/baseline_models/PINN_NOX_R8F_WF04_seed210.metadata.joblib | baseline_originals/baseline_nox/baseline_models/PINN_NOX_R8F_WF04_seed84.metadata.joblib | models/preliminary test/work_pinn_nox_r7/models/PINN_R7_OPTIMIZED_seed105.metadata.joblib | models/preliminary test/work_pinn_nox_r7/models/PINN_R7_OPTIMIZED_seed126.metadata.joblib | models/preliminary test/work_pinn_nox_r7/models/PINN_R7_OPTIMIZED_seed147.metadata.joblib | models/preliminary test/work_pinn_nox_r7/models/PINN_R7_OPTIMIZED_seed168.metadata.joblib | models/preliminary test/work_pinn_nox_r7/models/PINN_R7_OPTIMIZED_seed189.metadata.joblib | models/preliminary test/work_pinn_nox_r7/models/PINN_R7_OPTIMIZED_seed210.metadata.joblib | models/preliminary test/work_pinn_nox_r7/models/PINN_R7_OPTIMIZED_seed84.metadata.joblib | models/preliminary test/work_pinn_nox_r8f/models_R8F/PINN_NOX_R8F_WF04_seed105.metadata.joblib | models/preliminary test/work_pinn_nox_r8f/models_R8F/PINN_NOX_R8F_WF04_seed126.metadata.joblib | models/preliminary test/work_pinn_nox_r8f/models_R8F/PINN_NOX_R8F_WF04_seed147.metadata.joblib | models/preliminary test/work_pinn_nox_r8f/models_R8F/PINN_NOX_R8F_WF04_seed168.metadata.joblib | models/preliminary test/work_pinn_nox_r8f/models_R8F/PINN_NOX_R8F_WF04_seed189.metadata.joblib | models/preliminary test/work_pinn_nox_r8f/models_R8F/PINN_NOX_R8F_WF04_seed210.metadata.joblib | models/preliminary test/work_pinn_nox_r8f/models_R8F/PINN_NOX_R8F_WF04_seed84.metadata.joblib | models/preliminary test/work_pinn_nox_r8f_std/models/WF04/PINN_NOX_R8F_WF04_seed105.metadata.joblib | models/preliminary test/work_pinn_nox_r8f_std/models/WF04/PINN_NOX_R8F_WF04_seed126.metadata.joblib | models/preliminary test/work_pinn_nox_r8f_std/models/WF04/PINN_NOX_R8F_WF04_seed147.metadata.joblib | models/preliminary test/work_pinn_nox_r8f_std/models/WF04/PINN_NOX_R8F_WF04_seed168.metadata.joblib | models/preliminary test/work_pinn_nox_r8f_std/models/WF04/PINN_NOX_R8F_WF04_seed189.metadata.joblib | models/preliminary test/work_pinn_nox_r8f_std/models/WF04/PINN_NOX_R8F_WF04_seed210.metadata.joblib | models/preliminary test/work_pinn_nox_r8f_std/models/WF04/PINN_NOX_R8F_WF04_seed84.metadata.joblib | models/preliminary test/work_pinn_nox_r8f_std/models_R8F/PINN_NOX_R8F_WF04_seed105.metadata.joblib | models/preliminary test/work_pinn_nox_r8f_std/models_R8F/PINN_NOX_R8F_WF04_seed126.metadata.joblib | models/preliminary test/work_pinn_nox_r8f_std/models_R8F/PINN_NOX_R8F_WF04_seed147.metadata.joblib | models/preliminary test/work_pinn_nox_r8f_std/models_R8F/PINN_NOX_R8F_WF04_seed168.metadata.joblib | models/preliminary test/work_pinn_nox_r8f_std/models_R8F/PINN_NOX_R8F_WF04_seed189.metadata.joblib | models/preliminary test/work_pinn_nox_r8f_std/models_R8F/PINN_NOX_R8F_WF04_seed210.metadata.joblib | models/preliminary test/work_pinn_nox_r8f_std/models_R8F/PINN_NOX_R8F_WF04_seed84.metadata.joblib
EXACT-0003,20,2ca29c3bc6b5cea8412e5e287920228b5f7cba9a645e97e3feb77bf06ba5e69a,baseline_originals/baseline_co/baseline_models/PINN_CO_R10F_WF02_seed126.metadata.joblib | baseline_originals/baseline_co/baseline_models/PINN_CO_R10F_WF02_seed168.metadata.joblib | baseline_originals/baseline_co/baseline_models/PINN_CO_R10F_WF02_seed21.metadata.joblib | baseline_originals/baseline_co/baseline_models/PINN_CO_R10F_WF02_seed42.metadata.joblib | baseline_originals/baseline_co/baseline_models/PINN_CO_R10F_WF02_seed84.metadata.joblib | models/preliminary test/work_pinn_co_r10f/models_CO_R10F/PINN_CO_R10F_WF02_seed126.metadata.joblib | models/preliminary test/work_pinn_co_r10f/models_CO_R10F/PINN_CO_R10F_WF02_seed168.metadata.joblib | models/preliminary test/work_pinn_co_r10f/models_CO_R10F/PINN_CO_R10F_WF02_seed21.metadata.joblib | models/preliminary test/work_pinn_co_r10f/models_CO_R10F/PINN_CO_R10F_WF02_seed42.metadata.joblib | models/preliminary test/work_pinn_co_r10f/models_CO_R10F/PINN_CO_R10F_WF02_seed84.metadata.joblib | models/preliminary test/work_pinn_co_r10f_std/models/WF02/PINN_CO_R10F_WF02_seed126.metadata.joblib | models/preliminary test/work_pinn_co_r10f_std/models/WF02/PINN_CO_R10F_WF02_seed168.metadata.joblib | models/preliminary test/work_pinn_co_r10f_std/models/WF02/PINN_CO_R10F_WF02_seed21.metadata.joblib | models/preliminary test/work_pinn_co_r10f_std/models/WF02/PINN_CO_R10F_WF02_seed42.metadata.joblib | models/preliminary test/work_pinn_co_r10f_std/models/WF02/PINN_CO_R10F_WF02_seed84.metadata.joblib | models/preliminary test/work_pinn_co_r10f_std/models_CO_R10F/PINN_CO_R10F_WF02_seed126.metadata.joblib | models/preliminary test/work_pinn_co_r10f_std/models_CO_R10F/PINN_CO_R10F_WF02_seed168.metadata.joblib | models/preliminary test/work_pinn_co_r10f_std/models_CO_R10F/PINN_CO_R10F_WF02_seed21.metadata.joblib | models/preliminary test/work_pinn_co_r10f_std/models_CO_R10F/PINN_CO_R10F_WF02_seed42.metadata.joblib | models/preliminary test/work_pinn_co_r10f_std/models_CO_R10F/PINN_CO_R10F_WF02_seed84.metadata.joblib
EXACT-0004,20,33bcdcdf4924ea3d3cd199db1cc0e75ab4b47d079b7e1e3a5341de050e704139,baseline_originals/baseline_nox/baseline_models/PINN_NOX_R8F_WF03_seed126.metadata.joblib | baseline_originals/baseline_nox/baseline_models/PINN_NOX_R8F_WF03_seed168.metadata.joblib | baseline_originals/baseline_nox/baseline_models/PINN_NOX_R8F_WF03_seed21.metadata.joblib | baseline_originals/baseline_nox/baseline_models/PINN_NOX_R8F_WF03_seed42.metadata.joblib | baseline_originals/baseline_nox/baseline_models/PINN_NOX_R8F_WF03_seed84.metadata.joblib | models/preliminary test/work_pinn_nox_r8f/models_R8F/PINN_NOX_R8F_WF03_seed126.metadata.joblib | models/preliminary test/work_pinn_nox_r8f/models_R8F/PINN_NOX_R8F_WF03_seed168.metadata.joblib | models/preliminary test/work_pinn_nox_r8f/models_R8F/PINN_NOX_R8F_WF03_seed21.metadata.joblib | models/preliminary test/work_pinn_nox_r8f/models_R8F/PINN_NOX_R8F_WF03_seed42.metadata.joblib | models/preliminary test/work_pinn_nox_r8f/models_R8F/PINN_NOX_R8F_WF03_seed84.metadata.joblib | models/preliminary test/work_pinn_nox_r8f_std/models/WF03/PINN_NOX_R8F_WF03_seed126.metadata.joblib | models/preliminary test/work_pinn_nox_r8f_std/models/WF03/PINN_NOX_R8F_WF03_seed168.metadata.joblib | models/preliminary test/work_pinn_nox_r8f_std/models/WF03/PINN_NOX_R8F_WF03_seed21.metadata.joblib | models/preliminary test/work_pinn_nox_r8f_std/models/WF03/PINN_NOX_R8F_WF03_seed42.metadata.joblib | models/preliminary test/work_pinn_nox_r8f_std/models/WF03/PINN_NOX_R8F_WF03_seed84.metadata.joblib | models/preliminary test/work_pinn_nox_r8f_std/models_R8F/PINN_NOX_R8F_WF03_seed126.metadata.joblib | models/preliminary test/work_pinn_nox_r8f_std/models_R8F/PINN_NOX_R8F_WF03_seed168.metadata.joblib | models/preliminary test/work_pinn_nox_r8f_std/models_R8F/PINN_NOX_R8F_WF03_seed21.metadata.joblib | models/preliminary test/work_pinn_nox_r8f_std/models_R8F/PINN_NOX_R8F_WF03_seed42.metadata.joblib | models/preliminary test/work_pinn_nox_r8f_std/models_R8F/PINN_NOX_R8F_WF03_seed84.metadata.joblib
EXACT-0005,20,3ab2db3c8379f3e2850e992f122b6c22d30714b422c925ad78811f110b6f8847,baseline_originals/baseline_nox/baseline_models/PINN_NOX_R8F_WF01_seed126.metadata.joblib | baseline_originals/baseline_nox/baseline_models/PINN_NOX_R8F_WF01_seed168.metadata.joblib | baseline_originals/baseline_nox/baseline_models/PINN_NOX_R8F_WF01_seed21.metadata.joblib | baseline_originals/baseline_nox/baseline_models/PINN_NOX_R8F_WF01_seed42.metadata.joblib | baseline_originals/baseline_nox/baseline_models/PINN_NOX_R8F_WF01_seed84.metadata.joblib | models/preliminary test/work_pinn_nox_r8f/models_R8F/PINN_NOX_R8F_WF01_seed126.metadata.joblib | models/preliminary test/work_pinn_nox_r8f/models_R8F/PINN_NOX_R8F_WF01_seed168.metadata.joblib | models/preliminary test/work_pinn_nox_r8f/models_R8F/PINN_NOX_R8F_WF01_seed21.metadata.joblib | models/preliminary test/work_pinn_nox_r8f/models_R8F/PINN_NOX_R8F_WF01_seed42.metadata.joblib | models/preliminary test/work_pinn_nox_r8f/models_R8F/PINN_NOX_R8F_WF01_seed84.metadata.joblib | models/preliminary test/work_pinn_nox_r8f_std/models/WF01/PINN_NOX_R8F_WF01_seed126.metadata.joblib | models/preliminary test/work_pinn_nox_r8f_std/models/WF01/PINN_NOX_R8F_WF01_seed168.metadata.joblib | models/preliminary test/work_pinn_nox_r8f_std/models/WF01/PINN_NOX_R8F_WF01_seed21.metadata.joblib | models/preliminary test/work_pinn_nox_r8f_std/models/WF01/PINN_NOX_R8F_WF01_seed42.metadata.joblib | models/preliminary test/work_pinn_nox_r8f_std/models/WF01/PINN_NOX_R8F_WF01_seed84.metadata.joblib | models/preliminary test/work_pinn_nox_r8f_std/models_R8F/PINN_NOX_R8F_WF01_seed126.metadata.joblib | models/preliminary test/work_pinn_nox_r8f_std/models_R8F/PINN_NOX_R8F_WF01_seed168.metadata.joblib | models/preliminary test/work_pinn_nox_r8f_std/models_R8F/PINN_NOX_R8F_WF01_seed21.metadata.joblib | models/preliminary test/work_pinn_nox_r8f_std/models_R8F/PINN_NOX_R8F_WF01_seed42.metadata.joblib | models/preliminary test/work_pinn_nox_r8f_std/models_R8F/PINN_NOX_R8F_WF01_seed84.metadata.joblib
EXACT-0006,20,8c738375bdea4b9e868bfa4f24f4e5a34de45c5d19c7dafdb3e01a6e3447113c,baseline_originals/baseline_co/baseline_models/PINN_CO_R10F_WF01_seed126.metadata.joblib | baseline_originals/baseline_co/baseline_models/PINN_CO_R10F_WF01_seed168.metadata.joblib | baseline_originals/baseline_co/baseline_models/PINN_CO_R10F_WF01_seed21.metadata.joblib | baseline_originals/baseline_co/baseline_models/PINN_CO_R10F_WF01_seed42.metadata.joblib | baseline_originals/baseline_co/baseline_models/PINN_CO_R10F_WF01_seed84.metadata.joblib | models/preliminary test/work_pinn_co_r10f/models_CO_R10F/PINN_CO_R10F_WF01_seed126.metadata.joblib | models/preliminary test/work_pinn_co_r10f/models_CO_R10F/PINN_CO_R10F_WF01_seed168.metadata.joblib | models/preliminary test/work_pinn_co_r10f/models_CO_R10F/PINN_CO_R10F_WF01_seed21.metadata.joblib | models/preliminary test/work_pinn_co_r10f/models_CO_R10F/PINN_CO_R10F_WF01_seed42.metadata.joblib | models/preliminary test/work_pinn_co_r10f/models_CO_R10F/PINN_CO_R10F_WF01_seed84.metadata.joblib | models/preliminary test/work_pinn_co_r10f_std/models/WF01/PINN_CO_R10F_WF01_seed126.metadata.joblib | models/preliminary test/work_pinn_co_r10f_std/models/WF01/PINN_CO_R10F_WF01_seed168.metadata.joblib | models/preliminary test/work_pinn_co_r10f_std/models/WF01/PINN_CO_R10F_WF01_seed21.metadata.joblib | models/preliminary test/work_pinn_co_r10f_std/models/WF01/PINN_CO_R10F_WF01_seed42.metadata.joblib | models/preliminary test/work_pinn_co_r10f_std/models/WF01/PINN_CO_R10F_WF01_seed84.metadata.joblib | models/preliminary test/work_pinn_co_r10f_std/models_CO_R10F/PINN_CO_R10F_WF01_seed126.metadata.joblib | models/preliminary test/work_pinn_co_r10f_std/models_CO_R10F/PINN_CO_R10F_WF01_seed168.metadata.joblib | models/preliminary test/work_pinn_co_r10f_std/models_CO_R10F/PINN_CO_R10F_WF01_seed21.metadata.joblib | models/preliminary test/work_pinn_co_r10f_std/models_CO_R10F/PINN_CO_R10F_WF01_seed42.metadata.joblib | models/preliminary test/work_pinn_co_r10f_std/models_CO_R10F/PINN_CO_R10F_WF01_seed84.metadata.joblib
EXACT-0007,20,aace188851e048aa6f30ba088bbec97df53d364d09d5e95797f8db08093c63e7,baseline_originals/baseline_nox/baseline_models/PINN_NOX_R8F_WF02_seed126.metadata.joblib | baseline_originals/baseline_nox/baseline_models/PINN_NOX_R8F_WF02_seed168.metadata.joblib | baseline_originals/baseline_nox/baseline_models/PINN_NOX_R8F_WF02_seed21.metadata.joblib | baseline_originals/baseline_nox/baseline_models/PINN_NOX_R8F_WF02_seed42.metadata.joblib | baseline_originals/baseline_nox/baseline_models/PINN_NOX_R8F_WF02_seed84.metadata.joblib | models/preliminary test/work_pinn_nox_r8f/models_R8F/PINN_NOX_R8F_WF02_seed126.metadata.joblib | models/preliminary test/work_pinn_nox_r8f/models_R8F/PINN_NOX_R8F_WF02_seed168.metadata.joblib | models/preliminary test/work_pinn_nox_r8f/models_R8F/PINN_NOX_R8F_WF02_seed21.metadata.joblib | models/preliminary test/work_pinn_nox_r8f/models_R8F/PINN_NOX_R8F_WF02_seed42.metadata.joblib | models/preliminary test/work_pinn_nox_r8f/models_R8F/PINN_NOX_R8F_WF02_seed84.metadata.joblib | models/preliminary test/work_pinn_nox_r8f_std/models/WF02/PINN_NOX_R8F_WF02_seed126.metadata.joblib | models/preliminary test/work_pinn_nox_r8f_std/models/WF02/PINN_NOX_R8F_WF02_seed168.metadata.joblib | models/preliminary test/work_pinn_nox_r8f_std/models/WF02/PINN_NOX_R8F_WF02_seed21.metadata.joblib | models/preliminary test/work_pinn_nox_r8f_std/models/WF02/PINN_NOX_R8F_WF02_seed42.metadata.joblib | models/preliminary test/work_pinn_nox_r8f_std/models/WF02/PINN_NOX_R8F_WF02_seed84.metadata.joblib | models/preliminary test/work_pinn_nox_r8f_std/models_R8F/PINN_NOX_R8F_WF02_seed126.metadata.joblib | models/preliminary test/work_pinn_nox_r8f_std/models_R8F/PINN_NOX_R8F_WF02_seed168.metadata.joblib | models/preliminary test/work_pinn_nox_r8f_std/models_R8F/PINN_NOX_R8F_WF02_seed21.metadata.joblib | models/preliminary test/work_pinn_nox_r8f_std/models_R8F/PINN_NOX_R8F_WF02_seed42.metadata.joblib | models/preliminary test/work_pinn_nox_r8f_std/models_R8F/PINN_NOX_R8F_WF02_seed84.metadata.joblib
EXACT-0008,20,c35e78f3a360d127d9080c7e9ee0ee55639c373d681d8b69a2836bed5ec31b71,baseline_originals/baseline_co/baseline_models/PINN_CO_R10F_WF03_seed126.metadata.joblib | baseline_originals/baseline_co/baseline_models/PINN_CO_R10F_WF03_seed168.metadata.joblib | baseline_originals/baseline_co/baseline_models/PINN_CO_R10F_WF03_seed21.metadata.joblib | baseline_originals/baseline_co/baseline_models/PINN_CO_R10F_WF03_seed42.metadata.joblib | baseline_originals/baseline_co/baseline_models/PINN_CO_R10F_WF03_seed84.metadata.joblib | models/preliminary test/work_pinn_co_r10f/models_CO_R10F/PINN_CO_R10F_WF03_seed126.metadata.joblib | models/preliminary test/work_pinn_co_r10f/models_CO_R10F/PINN_CO_R10F_WF03_seed168.metadata.joblib | models/preliminary test/work_pinn_co_r10f/models_CO_R10F/PINN_CO_R10F_WF03_seed21.metadata.joblib | models/preliminary test/work_pinn_co_r10f/models_CO_R10F/PINN_CO_R10F_WF03_seed42.metadata.joblib | models/preliminary test/work_pinn_co_r10f/models_CO_R10F/PINN_CO_R10F_WF03_seed84.metadata.joblib | models/preliminary test/work_pinn_co_r10f_std/models/WF03/PINN_CO_R10F_WF03_seed126.metadata.joblib | models/preliminary test/work_pinn_co_r10f_std/models/WF03/PINN_CO_R10F_WF03_seed168.metadata.joblib | models/preliminary test/work_pinn_co_r10f_std/models/WF03/PINN_CO_R10F_WF03_seed21.metadata.joblib | models/preliminary test/work_pinn_co_r10f_std/models/WF03/PINN_CO_R10F_WF03_seed42.metadata.joblib | models/preliminary test/work_pinn_co_r10f_std/models/WF03/PINN_CO_R10F_WF03_seed84.metadata.joblib | models/preliminary test/work_pinn_co_r10f_std/models_CO_R10F/PINN_CO_R10F_WF03_seed126.metadata.joblib | models/preliminary test/work_pinn_co_r10f_std/models_CO_R10F/PINN_CO_R10F_WF03_seed168.metadata.joblib | models/preliminary test/work_pinn_co_r10f_std/models_CO_R10F/PINN_CO_R10F_WF03_seed21.metadata.joblib | models/preliminary test/work_pinn_co_r10f_std/models_CO_R10F/PINN_CO_R10F_WF03_seed42.metadata.joblib | models/preliminary test/work_pinn_co_r10f_std/models_CO_R10F/PINN_CO_R10F_WF03_seed84.metadata.joblib
EXACT-0009,11,c85704da133133e5776d3e653e92f36e744939ca49d80de402bb3c9648f3b496,models/interp/work_pinn_co_interp_opt_r4_poc_efficient/tables/FOLD_RECONSTRUCTION_CO_INTERP_R4.csv | models/interp/work_pinn_co_interp_opt_r5/tables/FOLD_RECONSTRUCTION_CO_INTERP_R5.csv | models/interp/work_pinn_nox_interp_opt/tables/FOLD_RECONSTRUCTION_NOX_INTERP_R1.csv | models/interp/work_pinn_nox_interp_opt_r4_poc_efficient/tables/FOLD_RECONSTRUCTION_NOX_INTERP_R4.csv | models/interp/work_pinn_nox_interp_opt_r5/tables/FOLD_RECONSTRUCTION_NOX_INTERP_R5.csv | models/interp/work_pinn_nox_interp_opt_r5_poc_efficient/tables/FOLD_RECONSTRUCTION_NOX_INTERP_R5.csv | models/interp/work_pinn_nox_interp_opt_r6/tables/FOLD_RECONSTRUCTION_NOX_INTERP_R6.csv | models/interp/work_xgboost_co_interp_opt_r1_poc_efficient/tables/FOLD_RECONSTRUCTION_XGBOOST_CO_R1.csv | models/interp/work_xgboost_co_interp_opt_r2_budget_matched/tables/FOLD_RECONSTRUCTION_XGBOOST_CO_R1.csv | models/interp/work_xgboost_nox_interp_opt_r1_poc_efficient/tables/FOLD_RECONSTRUCTION_XGBOOST_NOX_R1.csv | models/interp/work_xgboost_nox_interp_opt_r2_budget_matched/tables/FOLD_RECONSTRUCTION_XGBOOST_NOX_R1.csv
EXACT-0010,11,e3b0c44298fc1c149afbf4c8996fb92427ae41e4649b934ca495991b7852b855,models/interp/work_pinn_co_interp_opt_r5/audit/RESUME_LBFGS_FROM_10_SERIAL.out.log | models/interp/work_pinn_co_interp_opt_r5/audit/RESUME_TRIAL97_LBFGS_FALLBACK.out.log | models/preliminary test/work_pinn_co_r9/logs/watchdog.err.log | models/preliminary test/work_pinn_co_r9/logs/watchdog.out.log | models/preliminary test/work_pinn_co_r9/logs/watchdog_recovery.err.log | models/preliminary test/work_pinn_co_r9/logs/watchdog_recovery.out.log | models/preliminary test/work_pinn_co_r9/logs/watchdog_recovery2.err.log | models/preliminary test/work_pinn_co_r9/logs/watchdog_recovery2.out.log | recovery_backups/CO_R9_RECOVERY_20260811T010648220/work_pinn_co_r9/logs/full_auto_detached.out.log | recovery_backups/CO_R9_RECOVERY_20260811T010648220/work_pinn_co_r9/logs/watchdog.err.log | recovery_backups/CO_R9_RECOVERY_20260811T010648220/work_pinn_co_r9/logs/watchdog.out.log
EXACT-0011,10,1d166ed34545b48a531f375acd46b2aa39aa914f8c5b2e277828028d499f47ee,baseline_originals/baseline_nox/baseline_models/PINN_NOX_R8F_WF04_seed42.metadata.joblib | baseline_originals/baseline_nox/baseline_models/PINN_NOX_R8F_WF04_seed63.metadata.joblib | models/preliminary test/work_pinn_nox_r7/models/PINN_R7_OPTIMIZED_seed42.metadata.joblib | models/preliminary test/work_pinn_nox_r7/models/PINN_R7_OPTIMIZED_seed63.metadata.joblib | models/preliminary test/work_pinn_nox_r8f/models_R8F/PINN_NOX_R8F_WF04_seed42.metadata.joblib | models/preliminary test/work_pinn_nox_r8f/models_R8F/PINN_NOX_R8F_WF04_seed63.metadata.joblib | models/preliminary test/work_pinn_nox_r8f_std/models/WF04/PINN_NOX_R8F_WF04_seed42.metadata.joblib | models/preliminary test/work_pinn_nox_r8f_std/models/WF04/PINN_NOX_R8F_WF04_seed63.metadata.joblib | models/preliminary test/work_pinn_nox_r8f_std/models_R8F/PINN_NOX_R8F_WF04_seed42.metadata.joblib | models/preliminary test/work_pinn_nox_r8f_std/models_R8F/PINN_NOX_R8F_WF04_seed63.metadata.joblib
EXACT-0012,8,4abddc420b1d835441846f4e0186a9b49acde7d744e0aaee11cd0837761f7bb7,models/wf/work_pinn_co_wf_opt_r3_poc_efficient/audit/PROTOCOL_INPUT_HASHES_CO_WF_R3.csv | models/wf/work_pinn_nox_wf_opt_r2_poc_efficient/audit/PROTOCOL_INPUT_HASHES_NOX_WF_R2.csv | models/wf/work_pinn_nox_wf_opt_r3_poc_efficient/audit/PROTOCOL_INPUT_HASHES_NOX_WF_R3.csv | models/wf/work_xgboost_co_wf_opt_r1_poc_efficient/audit/PROTOCOL_INPUT_HASHES_XGBOOST_CO_WF_R1.csv | models/wf/work_xgboost_co_wf_opt_r2_budget_matched/audit/PROTOCOL_INPUT_HASHES_XGBOOST_CO_WF_R1.csv | models/wf/work_xgboost_nox_wf_opt_r1_poc_efficient/audit/PROTOCOL_INPUT_HASHES_XGBOOST_NOX_WF_R1.csv | models/wf/work_xgboost_nox_wf_opt_r2_budget_matched/audit/PROTOCOL_INPUT_HASHES_XGBOOST_NOX_WF_R1.csv | recovery_backups/work_pinn_nox_wf_opt_r3_polluted_reenqueue_20260818T173649/audit/PROTOCOL_INPUT_HASHES_NOX_WF_R3.csv
EXACT-0013,7,259115815884afe43980d9955e01e38331eb3ff2e54e688de5d4aed04ca61b5e,models/preliminary test/work_pinn_nox_r7/models/PINN_R6_CONTROL_seed105.metadata.joblib | models/preliminary test/work_pinn_nox_r7/models/PINN_R6_CONTROL_seed126.metadata.joblib | models/preliminary test/work_pinn_nox_r7/models/PINN_R6_CONTROL_seed147.metadata.joblib | models/preliminary test/work_pinn_nox_r7/models/PINN_R6_CONTROL_seed168.metadata.joblib | models/preliminary test/work_pinn_nox_r7/models/PINN_R6_CONTROL_seed189.metadata.joblib | models/preliminary test/work_pinn_nox_r7/models/PINN_R6_CONTROL_seed210.metadata.joblib | models/preliminary test/work_pinn_nox_r7/models/PINN_R6_CONTROL_seed84.metadata.joblib
EXACT-0014,7,5f74ab514e374ba2d44cb429d03c32bebc4e1803ed11b5e4dd750cfe5913bc7a,models/interp/completed_runs_pre_visual_refresh/20260829_visual_catalog_r1/intermediate_co_before_profile_bars/workdir/work_tt_pinn_co_interp_final_r1f_std/configs/FINAL_TRAINING_POLICY_CO_INTERP_R5.json | models/interp/completed_runs_pre_visual_refresh/20260829_visual_catalog_r1/workdirs/work_tt_pinn_co_interp_final_r1f_std/configs/FINAL_TRAINING_POLICY_CO_INTERP_R5.json | models/interp/failed_runs/co_tt_r1f_std_20260829T0520Z/work_partial/configs/FINAL_TRAINING_POLICY_CO_INTERP_R5.json | models/interp/failed_runs/co_tt_r1f_std_20260829T0522Z/work_partial/configs/FINAL_TRAINING_POLICY_CO_INTERP_R5.json | models/interp/work_pinn_co_interp_final_r5f_std/configs/FINAL_TRAINING_POLICY_CO_INTERP_R5.json | models/interp/work_pinn_co_interp_opt_r5/configs/FINAL_TRAINING_POLICY_CO_INTERP_R5.json | models/interp/work_tt_pinn_co_interp_final_r1f_std/configs/FINAL_TRAINING_POLICY_CO_INTERP_R5.json
EXACT-0015,7,80178261d1f4e4306783989ed1ec3bf31b825cff080536c8b6036823c0820756,models/interp/completed_runs_pre_visual_refresh/20260829_visual_catalog_r1/intermediate_co_before_profile_bars/workdir/work_tt_pinn_co_interp_final_r1f_std/configs/FROZEN_CONFIG_MANIFEST_CO_INTERP_R5.json | models/interp/completed_runs_pre_visual_refresh/20260829_visual_catalog_r1/workdirs/work_tt_pinn_co_interp_final_r1f_std/configs/FROZEN_CONFIG_MANIFEST_CO_INTERP_R5.json | models/interp/failed_runs/co_tt_r1f_std_20260829T0520Z/work_partial/configs/FROZEN_CONFIG_MANIFEST_CO_INTERP_R5.json | models/interp/failed_runs/co_tt_r1f_std_20260829T0522Z/work_partial/configs/FROZEN_CONFIG_MANIFEST_CO_INTERP_R5.json | models/interp/work_pinn_co_interp_final_r5f_std/configs/FROZEN_CONFIG_MANIFEST_CO_INTERP_R5.json | models/interp/work_pinn_co_interp_opt_r5/configs/FROZEN_CONFIG_MANIFEST_CO_INTERP_R5.json | models/interp/work_tt_pinn_co_interp_final_r1f_std/configs/FROZEN_CONFIG_MANIFEST_CO_INTERP_R5.json
EXACT-0016,7,984c0a59463a596d8ac085858557e06ee95b6e63dd10fe6973d99b2347742292,models/interp/completed_runs_pre_visual_refresh/20260829_visual_catalog_r1/intermediate_co_before_profile_bars/workdir/work_tt_pinn_co_interp_final_r1f_std/configs/BEST_CONFIG_CO_INTERP_R5.json | models/interp/completed_runs_pre_visual_refresh/20260829_visual_catalog_r1/workdirs/work_tt_pinn_co_interp_final_r1f_std/configs/BEST_CONFIG_CO_INTERP_R5.json | models/interp/failed_runs/co_tt_r1f_std_20260829T0520Z/work_partial/configs/BEST_CONFIG_CO_INTERP_R5.json | models/interp/failed_runs/co_tt_r1f_std_20260829T0522Z/work_partial/configs/BEST_CONFIG_CO_INTERP_R5.json | models/interp/work_pinn_co_interp_final_r5f_std/configs/BEST_CONFIG_CO_INTERP_R5.json | models/interp/work_pinn_co_interp_opt_r5/configs/BEST_CONFIG_CO_INTERP_R5.json | models/interp/work_tt_pinn_co_interp_final_r1f_std/configs/BEST_CONFIG_CO_INTERP_R5.json
EXACT-0017,7,b84ee2e995d5f43c1a85f2bbf10afb523d698fa2d2be17e8bc640bafc2080f07,models/interp/completed_runs_pre_visual_refresh/20260829_visual_catalog_r1/intermediate_co_before_profile_bars/workdir/work_tt_pinn_co_interp_final_r1f_std/configs/FINAL_REPRESENTATIVE_SEED_CO_R5.json | models/interp/completed_runs_pre_visual_refresh/20260829_visual_catalog_r1/workdirs/work_tt_pinn_co_interp_final_r1f_std/configs/FINAL_REPRESENTATIVE_SEED_CO_R5.json | models/interp/failed_runs/co_tt_r1f_std_20260829T0520Z/work_partial/configs/FINAL_REPRESENTATIVE_SEED_CO_R5.json | models/interp/failed_runs/co_tt_r1f_std_20260829T0522Z/work_partial/configs/FINAL_REPRESENTATIVE_SEED_CO_R5.json | models/interp/work_pinn_co_interp_final_r5f_std/configs/FINAL_REPRESENTATIVE_SEED_CO_R5.json | models/interp/work_pinn_co_interp_opt_r5/configs/FINAL_REPRESENTATIVE_SEED_CO_R5.json | models/interp/work_tt_pinn_co_interp_final_r1f_std/configs/FINAL_REPRESENTATIVE_SEED_CO_R5.json
EXACT-0018,7,fc6d564afdf789efedc4a1eec5d83cbb37d22cbba8232f74d7415401bdc03311,models/preliminary test/work_pinn_nox_r7/models/MLP_R7_MATCHED_ABLATION_seed105.metadata.joblib | models/preliminary test/work_pinn_nox_r7/models/MLP_R7_MATCHED_ABLATION_seed126.metadata.joblib | models/preliminary test/work_pinn_nox_r7/models/MLP_R7_MATCHED_ABLATION_seed147.metadata.joblib | models/preliminary test/work_pinn_nox_r7/models/MLP_R7_MATCHED_ABLATION_seed168.metadata.joblib | models/preliminary test/work_pinn_nox_r7/models/MLP_R7_MATCHED_ABLATION_seed189.metadata.joblib | models/preliminary test/work_pinn_nox_r7/models/MLP_R7_MATCHED_ABLATION_seed210.metadata.joblib | models/preliminary test/work_pinn_nox_r7/models/MLP_R7_MATCHED_ABLATION_seed84.metadata.joblib
EXACT-0019,6,4f9079ef815e70bbdd5af0eef1faecdf3310ae89b987022dcf827fef6357b538,models/wf/work_pinn_co_wf_opt_r3_poc_efficient/tables/FOLD_RECONSTRUCTION_CO_WF_R3.csv | models/wf/work_pinn_nox_wf_opt_r2_poc_efficient/tables/FOLD_RECONSTRUCTION_NOX_WF_R2.csv | models/wf/work_pinn_nox_wf_opt_r3_poc_efficient/tables/FOLD_RECONSTRUCTION_NOX_WF_R3.csv | models/wf/work_xgboost_co_wf_opt_r1_poc_efficient/tables/FOLD_RECONSTRUCTION_XGBOOST_CO_WF_R1.csv | models/wf/work_xgboost_co_wf_opt_r2_budget_matched/tables/FOLD_RECONSTRUCTION_XGBOOST_CO_WF_R1.csv | recovery_backups/work_pinn_nox_wf_opt_r3_polluted_reenqueue_20260818T173649/tables/FOLD_RECONSTRUCTION_NOX_WF_R3.csv
EXACT-0020,6,fb4135c5da162689f3cf23a126caa71a06ac9d13e38f4e2bfc849967bf221a20,models/interp/work_pinn_co_interp_opt_r4_poc_efficient/audit/PROTOCOL_INPUT_HASHES_CO_INTERP_R4.csv | models/interp/work_pinn_co_interp_opt_r5/audit/PROTOCOL_INPUT_HASHES_CO_INTERP_R5.csv | models/interp/work_pinn_nox_interp_opt_r4_poc_efficient/audit/PROTOCOL_INPUT_HASHES_NOX_INTERP_R4.csv | models/interp/work_pinn_nox_interp_opt_r5/audit/PROTOCOL_INPUT_HASHES_NOX_INTERP_R5.csv | models/interp/work_pinn_nox_interp_opt_r5_poc_efficient/audit/PROTOCOL_INPUT_HASHES_NOX_INTERP_R5.csv | models/interp/work_pinn_nox_interp_opt_r6/audit/PROTOCOL_INPUT_HASHES_NOX_INTERP_R6.csv
EXACT-0021,5,3632a0e99a5d6beb59a77901b0735f94e19b708a30a2a1f6deb332e3edf8f86a,models/interp/work_pinn_co_interp_opt_r5/audit_retrospective/qa_render/page-6.png | models/interp/work_pinn_co_interp_opt_r5/audit_retrospective/qa_render_final/page-6.png | models/interp/work_pinn_co_interp_opt_r5/audit_retrospective/qa_render_v2/page-6.png | models/interp/work_pinn_co_interp_opt_r5/audit_retrospective/qa_render_v3/page-6.png | models/interp/work_pinn_co_interp_opt_r5/audit_retrospective/qa_render_v4/page-6.png
EXACT-0022,5,3dabcddd605e7e9534e97681f4b578be66aaffe51375cfebe925e8ac0a5575f6,models/comparison_r2/contracts/BUDGET_REGISTRY_PINN_R2.json | models/interp/work_xgboost_co_interp_final_r2f_budget_matched/configs/BUDGET_REGISTRY_PINN_R2.json | models/interp/work_xgboost_nox_interp_final_r2f_budget_matched/configs/BUDGET_REGISTRY_PINN_R2.json | models/wf/work_xgboost_co_wf_final_r2f_budget_matched/configs/BUDGET_REGISTRY_PINN_R2.json | models/wf/work_xgboost_nox_wf_final_r2f_budget_matched/configs/BUDGET_REGISTRY_PINN_R2.json
EXACT-0023,5,57815f2c5fc5eef3944a25688bc0a08efd75e1b11a0e363545cfd2e19c08940a,models/interp/completed_runs_pre_visual_refresh/20260829_visual_catalog_r1/intermediate_co_before_profile_bars/workdir/work_tt_pinn_co_interp_final_r1f_std/tables/TT_RANK_STORAGE_BUDGET_CO_TT_R1F_STD.csv | models/interp/completed_runs_pre_visual_refresh/20260829_visual_catalog_r1/workdirs/work_tt_pinn_co_interp_final_r1f_std/tables/TT_RANK_STORAGE_BUDGET_CO_TT_R1F_STD.csv | models/interp/failed_runs/co_tt_r1f_std_20260829T0520Z/work_partial/tables/TT_RANK_STORAGE_BUDGET_CO_TT_R1F_STD.csv | models/interp/failed_runs/co_tt_r1f_std_20260829T0522Z/work_partial/tables/TT_RANK_STORAGE_BUDGET_CO_TT_R1F_STD.csv | models/interp/work_tt_pinn_co_interp_final_r1f_std/tables/TT_RANK_STORAGE_BUDGET_CO_TT_R1F_STD.csv
EXACT-0024,5,9172dda677bbb44108d47144ff6e769e7d390f010e8a54dcedbc502224d2a365,models/interp/work_pinn_co_interp_opt_r5/audit_retrospective/qa_render/page-4.png | models/interp/work_pinn_co_interp_opt_r5/audit_retrospective/qa_render_final/page-4.png | models/interp/work_pinn_co_interp_opt_r5/audit_retrospective/qa_render_v2/page-4.png | models/interp/work_pinn_co_interp_opt_r5/audit_retrospective/qa_render_v3/page-4.png | models/interp/work_pinn_co_interp_opt_r5/audit_retrospective/qa_render_v4/page-4.png
EXACT-0025,5,98a2a319eb7303d905ab0347627fe7aa58b577471ebcd9b71c0f7439de26f14a,baseline_originals/baseline_nox/baseline_models/PINN_NOX_R8F_WF04_seed21.metadata.joblib | models/preliminary test/work_pinn_nox_r7/models/PINN_R7_OPTIMIZED_seed21.metadata.joblib | models/preliminary test/work_pinn_nox_r8f/models_R8F/PINN_NOX_R8F_WF04_seed21.metadata.joblib | models/preliminary test/work_pinn_nox_r8f_std/models/WF04/PINN_NOX_R8F_WF04_seed21.metadata.joblib | models/preliminary test/work_pinn_nox_r8f_std/models_R8F/PINN_NOX_R8F_WF04_seed21.metadata.joblib
EXACT-0026,5,9f74edc4f657af7fa0e805ce6c36ba243f1efb95df1d8be594e3895734cf4075,models/comparison_r2/contracts/PINN_CHECKPOINT_REGISTRY_R2.csv | models/interp/work_xgboost_co_interp_final_r2f_budget_matched/configs/PINN_CHECKPOINT_REGISTRY_R2.csv | models/interp/work_xgboost_nox_interp_final_r2f_budget_matched/configs/PINN_CHECKPOINT_REGISTRY_R2.csv | models/wf/work_xgboost_co_wf_final_r2f_budget_matched/configs/PINN_CHECKPOINT_REGISTRY_R2.csv | models/wf/work_xgboost_nox_wf_final_r2f_budget_matched/configs/PINN_CHECKPOINT_REGISTRY_R2.csv
EXACT-0027,5,a393d976404c5ea169689e5c2437f46a37bdc6652097bc672d6253bc5fa2e689,models/interp/work_pinn_co_interp_opt_r5/audit_retrospective/qa_render/page-5.png | models/interp/work_pinn_co_interp_opt_r5/audit_retrospective/qa_render_final/page-5.png | models/interp/work_pinn_co_interp_opt_r5/audit_retrospective/qa_render_v2/page-5.png | models/interp/work_pinn_co_interp_opt_r5/audit_retrospective/qa_render_v3/page-5.png | models/interp/work_pinn_co_interp_opt_r5/audit_retrospective/qa_render_v4/page-5.png
EXACT-0028,5,aab16ffdbbd344d3f69b841133c745a15d17c0df012261427033817d6bee95fc,models/interp/work_xgboost_co_interp_final_r2f_budget_matched/configs/xgb_r2_benchmark_worker.py | models/interp/work_xgboost_nox_interp_final_r2f_budget_matched/configs/xgb_r2_benchmark_worker.py | models/wf/work_xgboost_co_wf_final_r2f_budget_matched/configs/xgb_r2_benchmark_worker.py | models/wf/work_xgboost_nox_wf_final_r2f_budget_matched/configs/xgb_r2_benchmark_worker.py | tools/xgb_r2_benchmark_worker.py
EXACT-0029,5,ae354a144c85eda61c5c2b97bff4e59949bd570c701c1d0a214cbbf0694b3fe7,baseline_originals/baseline_co/baseline_CONFIG_PINN_CO_FINAL_R10F.json | models/preliminary test/work_pinn_co_r10f/CONFIG_PINN_CO_FINAL_R10F.json | models/preliminary test/work_pinn_co_r10f/tests/demo_notebook_output/CONFIG_PINN_CO_FINAL_R10F.json | models/preliminary test/work_pinn_co_r9/configs/BEST_CONFIG_CO.json | models/preliminary test/work_pinn_co_r9/configs/CONFIG_PINN_CO_R9_OPTIMIZED.json
EXACT-0030,5,b16d094f604dfb6b287b4328389e54de002c353944c34712c76cddd6643a7f72,models/interp/completed_runs_pre_visual_refresh/20260829_visual_catalog_r1/intermediate_co_before_profile_bars/workdir/work_tt_pinn_co_interp_final_r1f_std/configs/TT_ARCHITECTURE_CONTRACT_CO_TT_R1F_STD.json | models/interp/completed_runs_pre_visual_refresh/20260829_visual_catalog_r1/workdirs/work_tt_pinn_co_interp_final_r1f_std/configs/TT_ARCHITECTURE_CONTRACT_CO_TT_R1F_STD.json | models/interp/failed_runs/co_tt_r1f_std_20260829T0520Z/work_partial/configs/TT_ARCHITECTURE_CONTRACT_CO_TT_R1F_STD.json | models/interp/failed_runs/co_tt_r1f_std_20260829T0522Z/work_partial/configs/TT_ARCHITECTURE_CONTRACT_CO_TT_R1F_STD.json | models/interp/work_tt_pinn_co_interp_final_r1f_std/configs/TT_ARCHITECTURE_CONTRACT_CO_TT_R1F_STD.json
EXACT-0031,5,ba6af00147cf85724d32da09b41194cbc23d24e71787975df4711ffa495603e1,models/comparison_r2/contracts/COMMON_XGB_PARETO_CONTRACT_R2.json | models/interp/work_xgboost_co_interp_final_r2f_budget_matched/configs/COMMON_XGB_PARETO_CONTRACT_R2.json | models/interp/work_xgboost_nox_interp_final_r2f_budget_matched/configs/COMMON_XGB_PARETO_CONTRACT_R2.json | models/wf/work_xgboost_co_wf_final_r2f_budget_matched/configs/COMMON_XGB_PARETO_CONTRACT_R2.json | models/wf/work_xgboost_nox_wf_final_r2f_budget_matched/configs/COMMON_XGB_PARETO_CONTRACT_R2.json
EXACT-0032,5,ce1319dcbe8a0faa1bab5a5523c916f11011adb649ddc3b996bb7be504a0b08c,models/comparison_r2/contracts/COMMON_CPU1_BENCHMARK_PROTOCOL_R2.json | models/interp/work_xgboost_co_interp_final_r2f_budget_matched/configs/COMMON_CPU1_BENCHMARK_PROTOCOL_R2.json | models/interp/work_xgboost_nox_interp_final_r2f_budget_matched/configs/COMMON_CPU1_BENCHMARK_PROTOCOL_R2.json | models/wf/work_xgboost_co_wf_final_r2f_budget_matched/configs/COMMON_CPU1_BENCHMARK_PROTOCOL_R2.json | models/wf/work_xgboost_nox_wf_final_r2f_budget_matched/configs/COMMON_CPU1_BENCHMARK_PROTOCOL_R2.json
EXACT-0033,5,ddfb71db1f7e3adc6f3e0a1f7655d011e6cbd35e3050ec08e23c0df2ffb312e8,models/interp/work_pinn_co_interp_opt_r5/audit_retrospective/qa_render/page-1.png | models/interp/work_pinn_co_interp_opt_r5/audit_retrospective/qa_render_final/page-1.png | models/interp/work_pinn_co_interp_opt_r5/audit_retrospective/qa_render_v2/page-1.png | models/interp/work_pinn_co_interp_opt_r5/audit_retrospective/qa_render_v3/page-1.png | models/interp/work_pinn_co_interp_opt_r5/audit_retrospective/qa_render_v4/page-1.png
EXACT-0034,5,e5a6875d41a612b81871f1f1a449d6465e7ea6ae2020d7d39169d6c1fe6ceec8,models/interp/work_pinn_co_interp_opt_r5/audit_retrospective/qa_render/page-2.png | models/interp/work_pinn_co_interp_opt_r5/audit_retrospective/qa_render_final/page-2.png | models/interp/work_pinn_co_interp_opt_r5/audit_retrospective/qa_render_v2/page-2.png | models/interp/work_pinn_co_interp_opt_r5/audit_retrospective/qa_render_v3/page-2.png | models/interp/work_pinn_co_interp_opt_r5/audit_retrospective/qa_render_v4/page-2.png
EXACT-0035,4,01b62319be4bccc3dbd9a02c20023e1865075df57f69c66b95424c6e2f33bca1,baseline_originals/baseline_co/baseline_models/PINN_CO_R10F_WF01_seed84.state.pt | models/preliminary test/work_pinn_co_r10f/models_CO_R10F/PINN_CO_R10F_WF01_seed84.state.pt | models/preliminary test/work_pinn_co_r10f_std/models/WF01/PINN_CO_R10F_WF01_seed84.state.pt | models/preliminary test/work_pinn_co_r10f_std/models_CO_R10F/PINN_CO_R10F_WF01_seed84.state.pt
EXACT-0036,4,04c458147f1a8039483910262a7242d9a38e096005fc0f5cb0a98936dff056b9,baseline_originals/baseline_co/baseline_models/PINN_CO_R10F_WF04_seed84.state.pt | models/preliminary test/work_pinn_co_r10f/models_CO_R10F/PINN_CO_R10F_WF04_seed84.state.pt | models/preliminary test/work_pinn_co_r10f_std/models/WF04/PINN_CO_R10F_WF04_seed84.state.pt | models/preliminary test/work_pinn_co_r10f_std/models_CO_R10F/PINN_CO_R10F_WF04_seed84.state.pt
EXACT-0037,4,08d271942d0a90cd7d79b3d90f5ff07b1fe06a46546ea6b3ad3f2601a9026e85,baseline_originals/baseline_co/baseline_models/PINN_CO_R10F_WF02_seed168.state.pt | models/preliminary test/work_pinn_co_r10f/models_CO_R10F/PINN_CO_R10F_WF02_seed168.state.pt | models/preliminary test/work_pinn_co_r10f_std/models/WF02/PINN_CO_R10F_WF02_seed168.state.pt | models/preliminary test/work_pinn_co_r10f_std/models_CO_R10F/PINN_CO_R10F_WF02_seed168.state.pt
EXACT-0038,4,0b05a074c96948072c58ed27f788a3b3d73f404a48ee5319f37a36e3a99bbcc1,baseline_originals/baseline_nox/baseline_predictions/PINN_NOX_R8F_WF01_seed84.predictions.npz | models/preliminary test/work_pinn_nox_r8f/models_R8F/PINN_NOX_R8F_WF01_seed84.predictions.npz | models/preliminary test/work_pinn_nox_r8f_std/models/WF01/PINN_NOX_R8F_WF01_seed84.predictions.npz | models/preliminary test/work_pinn_nox_r8f_std/models_R8F/PINN_NOX_R8F_WF01_seed84.predictions.npz
EXACT-0039,4,0c3d8a5e6588d4ba8c67bfa097645e46ba4245ebdc20ed86d389bb4939b8f965,baseline_originals/baseline_nox/baseline_models/PINN_NOX_R8F_WF01_seed42.state.pt | models/preliminary test/work_pinn_nox_r8f/models_R8F/PINN_NOX_R8F_WF01_seed42.state.pt | models/preliminary test/work_pinn_nox_r8f_std/models/WF01/PINN_NOX_R8F_WF01_seed42.state.pt | models/preliminary test/work_pinn_nox_r8f_std/models_R8F/PINN_NOX_R8F_WF01_seed42.state.pt
EXACT-0040,4,0d19831a0b0cb1fb409b655e6990040e4bc32ab71f050107258d7470f79e9dba,baseline_originals/baseline_co/baseline_predictions/PINN_CO_R10F_WF01_seed21.predictions.npz | models/preliminary test/work_pinn_co_r10f/models_CO_R10F/PINN_CO_R10F_WF01_seed21.predictions.npz | models/preliminary test/work_pinn_co_r10f_std/models/WF01/PINN_CO_R10F_WF01_seed21.predictions.npz | models/preliminary test/work_pinn_co_r10f_std/models_CO_R10F/PINN_CO_R10F_WF01_seed21.predictions.npz
EXACT-0041,4,0eede75736521ac5c39c60a1476814479a231597da1ea424fe2ec0459f6d15e7,baseline_originals/baseline_co/baseline_models/PINN_CO_R10F_WF04_seed21.state.pt | models/preliminary test/work_pinn_co_r10f/models_CO_R10F/PINN_CO_R10F_WF04_seed21.state.pt | models/preliminary test/work_pinn_co_r10f_std/models/WF04/PINN_CO_R10F_WF04_seed21.state.pt | models/preliminary test/work_pinn_co_r10f_std/models_CO_R10F/PINN_CO_R10F_WF04_seed21.state.pt
EXACT-0042,4,12746b301eed19228868a36213efd008c18fc1c121f12228250b9100ccefcd8e,baseline_originals/baseline_co/baseline_models/PINN_CO_R10F_WF04_seed147.state.pt | models/preliminary test/work_pinn_co_r10f/models_CO_R10F/PINN_CO_R10F_WF04_seed147.state.pt | models/preliminary test/work_pinn_co_r10f_std/models/WF04/PINN_CO_R10F_WF04_seed147.state.pt | models/preliminary test/work_pinn_co_r10f_std/models_CO_R10F/PINN_CO_R10F_WF04_seed147.state.pt
EXACT-0043,4,136a18d16161048514ce5fd190f058dc189e83e6022a0d9f5c5374f3e3936c63,baseline_originals/baseline_nox/baseline_models/PINN_NOX_R8F_WF04_seed84.state.pt | models/preliminary test/work_pinn_nox_r8f/models_R8F/PINN_NOX_R8F_WF04_seed84.state.pt | models/preliminary test/work_pinn_nox_r8f_std/models/WF04/PINN_NOX_R8F_WF04_seed84.state.pt | models/preliminary test/work_pinn_nox_r8f_std/models_R8F/PINN_NOX_R8F_WF04_seed84.state.pt
EXACT-0044,4,16c223e655fae67c3c7973417737aae8ef93f67172deb52070b079dedc51b319,baseline_originals/baseline_co/baseline_models/PINN_CO_R10F_WF04_seed210.state.pt | models/preliminary test/work_pinn_co_r10f/models_CO_R10F/PINN_CO_R10F_WF04_seed210.state.pt | models/preliminary test/work_pinn_co_r10f_std/models/WF04/PINN_CO_R10F_WF04_seed210.state.pt | models/preliminary test/work_pinn_co_r10f_std/models_CO_R10F/PINN_CO_R10F_WF04_seed210.state.pt
EXACT-0045,4,204f5d528a605983a8fbf4b7be232605fc8e897cda1eb9876649566788cf99b9,baseline_originals/baseline_nox/baseline_predictions/PINN_NOX_R8F_WF04_seed189.predictions.npz | models/preliminary test/work_pinn_nox_r8f/models_R8F/PINN_NOX_R8F_WF04_seed189.predictions.npz | models/preliminary test/work_pinn_nox_r8f_std/models/WF04/PINN_NOX_R8F_WF04_seed189.predictions.npz | models/preliminary test/work_pinn_nox_r8f_std/models_R8F/PINN_NOX_R8F_WF04_seed189.predictions.npz
EXACT-0046,4,29673911496ec5a024ec318c31645cf7817ab9659fea199b2973d515e3e3715d,baseline_originals/baseline_co/baseline_predictions/PINN_CO_R10F_WF04_seed42.predictions.npz | models/preliminary test/work_pinn_co_r10f/models_CO_R10F/PINN_CO_R10F_WF04_seed42.predictions.npz | models/preliminary test/work_pinn_co_r10f_std/models/WF04/PINN_CO_R10F_WF04_seed42.predictions.npz | models/preliminary test/work_pinn_co_r10f_std/models_CO_R10F/PINN_CO_R10F_WF04_seed42.predictions.npz
EXACT-0047,4,2adb04f1f93041fb4c75afb967af2d2e5e6c86d7afdc057aa00657216af41790,baseline_originals/baseline_nox/baseline_predictions/PINN_NOX_R8F_WF01_seed21.predictions.npz | models/preliminary test/work_pinn_nox_r8f/models_R8F/PINN_NOX_R8F_WF01_seed21.predictions.npz | models/preliminary test/work_pinn_nox_r8f_std/models/WF01/PINN_NOX_R8F_WF01_seed21.predictions.npz | models/preliminary test/work_pinn_nox_r8f_std/models_R8F/PINN_NOX_R8F_WF01_seed21.predictions.npz
EXACT-0048,4,2d29ea3f6addc179d29d4289e767231b38ba4cf73c9d4fc3fef0efa2aee178f5,baseline_originals/baseline_nox/baseline_models/PINN_NOX_R8F_WF04_seed168.state.pt | models/preliminary test/work_pinn_nox_r8f/models_R8F/PINN_NOX_R8F_WF04_seed168.state.pt | models/preliminary test/work_pinn_nox_r8f_std/models/WF04/PINN_NOX_R8F_WF04_seed168.state.pt | models/preliminary test/work_pinn_nox_r8f_std/models_R8F/PINN_NOX_R8F_WF04_seed168.state.pt
EXACT-0049,4,2e61fd964ec4bf4e4f1a7aad676fae8045f8d1fd95950695cb4abbda1cc1c557,baseline_originals/baseline_co/baseline_predictions/PINN_CO_R10F_WF04_seed147.predictions.npz | models/preliminary test/work_pinn_co_r10f/models_CO_R10F/PINN_CO_R10F_WF04_seed147.predictions.npz | models/preliminary test/work_pinn_co_r10f_std/models/WF04/PINN_CO_R10F_WF04_seed147.predictions.npz | models/preliminary test/work_pinn_co_r10f_std/models_CO_R10F/PINN_CO_R10F_WF04_seed147.predictions.npz
EXACT-0050,4,316b5f89c38693bd28de49339bc3b67aaa1cf2ad644158f069650961908c2600,models/interp/completed_runs_pre_visual_refresh/20260829_visual_catalog_r1/workdirs/work_tt_pinn_nox_interp_final_r1f_std/configs/BEST_CONFIG_NOX_INTERP_R6.json | models/interp/work_pinn_nox_interp_final_r6f_std/configs/BEST_CONFIG_NOX_INTERP_R6.json | models/interp/work_pinn_nox_interp_opt_r6/configs/BEST_CONFIG_NOX_INTERP_R6.json | models/interp/work_tt_pinn_nox_interp_final_r1f_std/configs/BEST_CONFIG_NOX_INTERP_R6.json
EXACT-0051,4,32c15d01476bdd48705fafeca90b66341b2603ee620f5385becb69bbb7b23b88,baseline_originals/baseline_nox/baseline_models/PINN_NOX_R8F_WF04_seed210.state.pt | models/preliminary test/work_pinn_nox_r8f/models_R8F/PINN_NOX_R8F_WF04_seed210.state.pt | models/preliminary test/work_pinn_nox_r8f_std/models/WF04/PINN_NOX_R8F_WF04_seed210.state.pt | models/preliminary test/work_pinn_nox_r8f_std/models_R8F/PINN_NOX_R8F_WF04_seed210.state.pt
EXACT-0052,4,336a22ce641435d2142026f358aae35e0aa067d45681cac8116c66f0e5452384,baseline_originals/baseline_co/baseline_predictions/PINN_CO_R10F_WF04_seed63.predictions.npz | models/preliminary test/work_pinn_co_r10f/models_CO_R10F/PINN_CO_R10F_WF04_seed63.predictions.npz | models/preliminary test/work_pinn_co_r10f_std/models/WF04/PINN_CO_R10F_WF04_seed63.predictions.npz | models/preliminary test/work_pinn_co_r10f_std/models_CO_R10F/PINN_CO_R10F_WF04_seed63.predictions.npz
EXACT-0053,4,360e8f97a99890d05c45c240da0a2d171587f6c53379b32f8fae39267bd6caa1,baseline_originals/baseline_nox/baseline_models/PINN_NOX_R8F_WF02_seed168.state.pt | models/preliminary test/work_pinn_nox_r8f/models_R8F/PINN_NOX_R8F_WF02_seed168.state.pt | models/preliminary test/work_pinn_nox_r8f_std/models/WF02/PINN_NOX_R8F_WF02_seed168.state.pt | models/preliminary test/work_pinn_nox_r8f_std/models_R8F/PINN_NOX_R8F_WF02_seed168.state.pt
EXACT-0054,4,3850977939d963d821c00b23eab16b8272d736d5ab02df8bbaec1ba629c3ce7b,baseline_originals/baseline_nox/baseline_models/PINN_NOX_R8F_WF03_seed84.state.pt | models/preliminary test/work_pinn_nox_r8f/models_R8F/PINN_NOX_R8F_WF03_seed84.state.pt | models/preliminary test/work_pinn_nox_r8f_std/models/WF03/PINN_NOX_R8F_WF03_seed84.state.pt | models/preliminary test/work_pinn_nox_r8f_std/models_R8F/PINN_NOX_R8F_WF03_seed84.state.pt
EXACT-0055,4,38e09f81612e3a6ebca8af6f0c35442fd2e7a68a9ebac2217917154028e66a3c,models/interp/work_pinn_co_interp_opt_r5/audit_retrospective/qa_render_final/page-7.png | models/interp/work_pinn_co_interp_opt_r5/audit_retrospective/qa_render_v2/page-7.png | models/interp/work_pinn_co_interp_opt_r5/audit_retrospective/qa_render_v3/page-7.png | models/interp/work_pinn_co_interp_opt_r5/audit_retrospective/qa_render_v4/page-7.png
EXACT-0056,4,3b954a6dfb31ad17ff4380011221aac9ce92b5d14c7570e7c26f1618c2df4c54,baseline_originals/baseline_nox/baseline_predictions/PINN_NOX_R8F_WF02_seed21.predictions.npz | models/preliminary test/work_pinn_nox_r8f/models_R8F/PINN_NOX_R8F_WF02_seed21.predictions.npz | models/preliminary test/work_pinn_nox_r8f_std/models/WF02/PINN_NOX_R8F_WF02_seed21.predictions.npz | models/preliminary test/work_pinn_nox_r8f_std/models_R8F/PINN_NOX_R8F_WF02_seed21.predictions.npz
EXACT-0057,4,42df292c583b9fab5a411b6c0c479f6f6c99b2c6e54e7b95f7b6af2bc193e3cc,models/interp/work_pinn_co_interp_opt_r5/audit_retrospective/qa_render_final/page-10.png | models/interp/work_pinn_co_interp_opt_r5/audit_retrospective/qa_render_v2/page-10.png | models/interp/work_pinn_co_interp_opt_r5/audit_retrospective/qa_render_v3/page-10.png | models/interp/work_pinn_co_interp_opt_r5/audit_retrospective/qa_render_v4/page-10.png
EXACT-0058,4,431f33d27b4f2300880bb9687af9e78ca220df279c1ff98e2fb6b9eb6de4db56,baseline_originals/baseline_co/baseline_models/PINN_CO_R10F_WF04_seed189.state.pt | models/preliminary test/work_pinn_co_r10f/models_CO_R10F/PINN_CO_R10F_WF04_seed189.state.pt | models/preliminary test/work_pinn_co_r10f_std/models/WF04/PINN_CO_R10F_WF04_seed189.state.pt | models/preliminary test/work_pinn_co_r10f_std/models_CO_R10F/PINN_CO_R10F_WF04_seed189.state.pt
EXACT-0059,4,444a1fd13405cade17870b296e509e3ca66615d0ab82bda17b4a4ba9da772f39,models/interp/work_xgboost_co_interp_final_r2f_budget_matched/reports/methodology_scope.json | models/interp/work_xgboost_nox_interp_final_r2f_budget_matched/reports/methodology_scope.json | models/wf/work_xgboost_co_wf_final_r2f_budget_matched/reports/methodology_scope.json | models/wf/work_xgboost_nox_wf_final_r2f_budget_matched/reports/methodology_scope.json
EXACT-0060,4,446e1c6aafd46b068f048e092861bafebc1769c62c02591e126897dae4dd5882,models/interp/work_xgboost_co_interp_final_r2f_budget_matched/tables/paired_hierarchical_bootstrap_seed_variability.csv | models/interp/work_xgboost_nox_interp_final_r2f_budget_matched/tables/paired_hierarchical_bootstrap_seed_variability.csv | models/wf/work_xgboost_co_wf_final_r2f_budget_matched/tables/paired_hierarchical_bootstrap_seed_variability.csv | models/wf/work_xgboost_nox_wf_final_r2f_budget_matched/tables/paired_hierarchical_bootstrap_seed_variability.csv
EXACT-0061,4,446ef9784b85ae818a83c8b30a19e68b0af47d5c2541bcf647e96bf85334c3e5,baseline_originals/baseline_nox/baseline_models/PINN_NOX_R8F_WF02_seed21.state.pt | models/preliminary test/work_pinn_nox_r8f/models_R8F/PINN_NOX_R8F_WF02_seed21.state.pt | models/preliminary test/work_pinn_nox_r8f_std/models/WF02/PINN_NOX_R8F_WF02_seed21.state.pt | models/preliminary test/work_pinn_nox_r8f_std/models_R8F/PINN_NOX_R8F_WF02_seed21.state.pt
EXACT-0062,4,50ed5e40999d562757a9d1baf85ec86e6876cf1d2d72a8469ec19b3f6a8e4c18,baseline_originals/baseline_co/baseline_predictions/PINN_CO_R10F_WF02_seed21.predictions.npz | models/preliminary test/work_pinn_co_r10f/models_CO_R10F/PINN_CO_R10F_WF02_seed21.predictions.npz | models/preliminary test/work_pinn_co_r10f_std/models/WF02/PINN_CO_R10F_WF02_seed21.predictions.npz | models/preliminary test/work_pinn_co_r10f_std/models_CO_R10F/PINN_CO_R10F_WF02_seed21.predictions.npz
EXACT-0063,4,52e85d5295a64a3b1d28d47360391dbe91b7c888a6248a69b972cdce92674719,baseline_originals/baseline_nox/baseline_models/PINN_NOX_R8F_WF03_seed168.state.pt | models/preliminary test/work_pinn_nox_r8f/models_R8F/PINN_NOX_R8F_WF03_seed168.state.pt | models/preliminary test/work_pinn_nox_r8f_std/models/WF03/PINN_NOX_R8F_WF03_seed168.state.pt | models/preliminary test/work_pinn_nox_r8f_std/models_R8F/PINN_NOX_R8F_WF03_seed168.state.pt
EXACT-0064,4,54deb104b82c43fe38a4e0951fd58adcaf540d57ab1f355ed91a0b1aff4218aa,baseline_originals/baseline_nox/baseline_predictions/PINN_NOX_R8F_WF04_seed84.predictions.npz | models/preliminary test/work_pinn_nox_r8f/models_R8F/PINN_NOX_R8F_WF04_seed84.predictions.npz | models/preliminary test/work_pinn_nox_r8f_std/models/WF04/PINN_NOX_R8F_WF04_seed84.predictions.npz | models/preliminary test/work_pinn_nox_r8f_std/models_R8F/PINN_NOX_R8F_WF04_seed84.predictions.npz
EXACT-0065,4,566a6a3e8eab40bd3c2673efc392751e672cc22e9f705ea8da0b4a6c75f1139a,baseline_originals/baseline_nox/baseline_models/PINN_NOX_R8F_WF04_seed147.state.pt | models/preliminary test/work_pinn_nox_r8f/models_R8F/PINN_NOX_R8F_WF04_seed147.state.pt | models/preliminary test/work_pinn_nox_r8f_std/models/WF04/PINN_NOX_R8F_WF04_seed147.state.pt | models/preliminary test/work_pinn_nox_r8f_std/models_R8F/PINN_NOX_R8F_WF04_seed147.state.pt
EXACT-0066,4,5ac8bcd6b23a4564ceb5448f1e82170dd42a6135a98b27a001bd2a0dff49ae9b,baseline_originals/baseline_co/baseline_predictions/PINN_CO_R10F_WF04_seed105.predictions.npz | models/preliminary test/work_pinn_co_r10f/models_CO_R10F/PINN_CO_R10F_WF04_seed105.predictions.npz | models/preliminary test/work_pinn_co_r10f_std/models/WF04/PINN_CO_R10F_WF04_seed105.predictions.npz | models/preliminary test/work_pinn_co_r10f_std/models_CO_R10F/PINN_CO_R10F_WF04_seed105.predictions.npz
EXACT-0067,4,5bf24d6986db17a0f23a522a6c0743e75d2938b72ea9fa377e0977e20f138881,baseline_originals/baseline_co/baseline_predictions/PINN_CO_R10F_WF04_seed210.predictions.npz | models/preliminary test/work_pinn_co_r10f/models_CO_R10F/PINN_CO_R10F_WF04_seed210.predictions.npz | models/preliminary test/work_pinn_co_r10f_std/models/WF04/PINN_CO_R10F_WF04_seed210.predictions.npz | models/preliminary test/work_pinn_co_r10f_std/models_CO_R10F/PINN_CO_R10F_WF04_seed210.predictions.npz
EXACT-0068,4,5cd58bcb210215e7b504529b80f6bf67c77d7ec602db12be51ef5c3d2e552dcb,baseline_originals/baseline_co/baseline_predictions/PINN_CO_R10F_WF01_seed168.predictions.npz | models/preliminary test/work_pinn_co_r10f/models_CO_R10F/PINN_CO_R10F_WF01_seed168.predictions.npz | models/preliminary test/work_pinn_co_r10f_std/models/WF01/PINN_CO_R10F_WF01_seed168.predictions.npz | models/preliminary test/work_pinn_co_r10f_std/models_CO_R10F/PINN_CO_R10F_WF01_seed168.predictions.npz
EXACT-0069,4,5f30ee234927883c2bd719a6732ad3db8cd74f4d44cdd0f9a793ddcb6ff3c6b2,baseline_originals/baseline_nox/baseline_predictions/PINN_NOX_R8F_WF04_seed147.predictions.npz | models/preliminary test/work_pinn_nox_r8f/models_R8F/PINN_NOX_R8F_WF04_seed147.predictions.npz | models/preliminary test/work_pinn_nox_r8f_std/models/WF04/PINN_NOX_R8F_WF04_seed147.predictions.npz | models/preliminary test/work_pinn_nox_r8f_std/models_R8F/PINN_NOX_R8F_WF04_seed147.predictions.npz
EXACT-0070,4,613a83fc47b67b38d20c9bc25196c4054fefea3e8b05d17b328dd3b0917a08f2,baseline_originals/baseline_nox/baseline_predictions/PINN_NOX_R8F_WF02_seed168.predictions.npz | models/preliminary test/work_pinn_nox_r8f/models_R8F/PINN_NOX_R8F_WF02_seed168.predictions.npz | models/preliminary test/work_pinn_nox_r8f_std/models/WF02/PINN_NOX_R8F_WF02_seed168.predictions.npz | models/preliminary test/work_pinn_nox_r8f_std/models_R8F/PINN_NOX_R8F_WF02_seed168.predictions.npz
EXACT-0071,4,66988afd2a8ddf3359d19f5707e332c67b9d0bf4c247e938fc7046e225c8bdf9,baseline_originals/baseline_co/baseline_predictions/PINN_CO_R10F_WF04_seed84.predictions.npz | models/preliminary test/work_pinn_co_r10f/models_CO_R10F/PINN_CO_R10F_WF04_seed84.predictions.npz | models/preliminary test/work_pinn_co_r10f_std/models/WF04/PINN_CO_R10F_WF04_seed84.predictions.npz | models/preliminary test/work_pinn_co_r10f_std/models_CO_R10F/PINN_CO_R10F_WF04_seed84.predictions.npz
EXACT-0072,4,67839ce21308879f341d6f9ecd9c7962f4fea1055bb2974039215f40225dad10,models/interp/work_pinn_co_interp_opt_r5/audit_retrospective/qa_render_final/page-9.png | models/interp/work_pinn_co_interp_opt_r5/audit_retrospective/qa_render_v2/page-9.png | models/interp/work_pinn_co_interp_opt_r5/audit_retrospective/qa_render_v3/page-9.png | models/interp/work_pinn_co_interp_opt_r5/audit_retrospective/qa_render_v4/page-9.png
EXACT-0073,4,68532cbb2a36ad1f77b552e50bb3d22306b60eec867c95c69bb1ef7886221d26,models/interp/work_xgboost_co_interp_opt_r1_poc_efficient/audit/PROTOCOL_INPUT_HASHES_XGBOOST_CO_R1.csv | models/interp/work_xgboost_co_interp_opt_r2_budget_matched/audit/PROTOCOL_INPUT_HASHES_XGBOOST_CO_R1.csv | models/interp/work_xgboost_nox_interp_opt_r1_poc_efficient/audit/PROTOCOL_INPUT_HASHES_XGBOOST_NOX_R1.csv | models/interp/work_xgboost_nox_interp_opt_r2_budget_matched/audit/PROTOCOL_INPUT_HASHES_XGBOOST_NOX_R1.csv
EXACT-0074,4,68f7e0e561185bbe647f6638606896a0daaaf820767ba7cfcf1be936cba13877,models/interp/work_pinn_nox_interp_final_r4_std/configs/FINAL_TRAINING_POLICY_NOX_INTERP_R4.json | models/interp/work_pinn_nox_interp_final_r5_std/configs/FINAL_TRAINING_POLICY_NOX_INTERP_R5.json | models/interp/work_pinn_nox_interp_opt_r4_poc_efficient/configs/FINAL_TRAINING_POLICY_NOX_INTERP_R4.json | models/interp/work_pinn_nox_interp_opt_r5_poc_efficient/configs/FINAL_TRAINING_POLICY_NOX_INTERP_R5.json
EXACT-0075,4,6b80e4eb75f9f72c829e99a2930e8a806b5b09fff66a4b5ac3ae45d2b4c7274a,baseline_originals/baseline_co/baseline_predictions/PINN_CO_R10F_WF01_seed84.predictions.npz | models/preliminary test/work_pinn_co_r10f/models_CO_R10F/PINN_CO_R10F_WF01_seed84.predictions.npz | models/preliminary test/work_pinn_co_r10f_std/models/WF01/PINN_CO_R10F_WF01_seed84.predictions.npz | models/preliminary test/work_pinn_co_r10f_std/models_CO_R10F/PINN_CO_R10F_WF01_seed84.predictions.npz
EXACT-0076,4,6dfc9da3f34b673526aa37132620fd3b591e0e31713c9be8cced1cc65058abd9,baseline_originals/baseline_nox/baseline_predictions/PINN_NOX_R8F_WF01_seed126.predictions.npz | models/preliminary test/work_pinn_nox_r8f/models_R8F/PINN_NOX_R8F_WF01_seed126.predictions.npz | models/preliminary test/work_pinn_nox_r8f_std/models/WF01/PINN_NOX_R8F_WF01_seed126.predictions.npz | models/preliminary test/work_pinn_nox_r8f_std/models_R8F/PINN_NOX_R8F_WF01_seed126.predictions.npz
EXACT-0077,4,6fd1d4f10ed185e7fbd6e2b83b4af12afdbea7bd1a1264a89a936d355e63ea20,baseline_originals/baseline_co/baseline_predictions/PINN_CO_R10F_WF04_seed126.predictions.npz | models/preliminary test/work_pinn_co_r10f/models_CO_R10F/PINN_CO_R10F_WF04_seed126.predictions.npz | models/preliminary test/work_pinn_co_r10f_std/models/WF04/PINN_CO_R10F_WF04_seed126.predictions.npz | models/preliminary test/work_pinn_co_r10f_std/models_CO_R10F/PINN_CO_R10F_WF04_seed126.predictions.npz
EXACT-0078,4,708a21de8c6e823c9dd6b38a602605ed15105d9220f8a3fc34d382d806b82cfe,baseline_originals/baseline_co/baseline_predictions/PINN_CO_R10F_WF02_seed168.predictions.npz | models/preliminary test/work_pinn_co_r10f/models_CO_R10F/PINN_CO_R10F_WF02_seed168.predictions.npz | models/preliminary test/work_pinn_co_r10f_std/models/WF02/PINN_CO_R10F_WF02_seed168.predictions.npz | models/preliminary test/work_pinn_co_r10f_std/models_CO_R10F/PINN_CO_R10F_WF02_seed168.predictions.npz
EXACT-0079,4,7238dd927a1118fb0d045b436f7d87c00a340e1f15429932c524e86e934d63c2,baseline_originals/baseline_nox/baseline_predictions/PINN_NOX_R8F_WF03_seed84.predictions.npz | models/preliminary test/work_pinn_nox_r8f/models_R8F/PINN_NOX_R8F_WF03_seed84.predictions.npz | models/preliminary test/work_pinn_nox_r8f_std/models/WF03/PINN_NOX_R8F_WF03_seed84.predictions.npz | models/preliminary test/work_pinn_nox_r8f_std/models_R8F/PINN_NOX_R8F_WF03_seed84.predictions.npz
EXACT-0080,4,72cb2693ec09aaddfddf0dd4e63818cc5f5e00b542db8588ac86c9cb85716aae,baseline_originals/baseline_nox/baseline_predictions/PINN_NOX_R8F_WF03_seed21.predictions.npz | models/preliminary test/work_pinn_nox_r8f/models_R8F/PINN_NOX_R8F_WF03_seed21.predictions.npz | models/preliminary test/work_pinn_nox_r8f_std/models/WF03/PINN_NOX_R8F_WF03_seed21.predictions.npz | models/preliminary test/work_pinn_nox_r8f_std/models_R8F/PINN_NOX_R8F_WF03_seed21.predictions.npz
EXACT-0081,4,73d8177ecc1eafba362d8d5f517942aaffe08d3de82fab4c8457eb9faaff2ec0,baseline_originals/baseline_nox/baseline_predictions/PINN_NOX_R8F_WF03_seed126.predictions.npz | models/preliminary test/work_pinn_nox_r8f/models_R8F/PINN_NOX_R8F_WF03_seed126.predictions.npz | models/preliminary test/work_pinn_nox_r8f_std/models/WF03/PINN_NOX_R8F_WF03_seed126.predictions.npz | models/preliminary test/work_pinn_nox_r8f_std/models_R8F/PINN_NOX_R8F_WF03_seed126.predictions.npz
EXACT-0082,4,7564da30989cf9f15b121e8116dd9ae0db8da232202fe753ccd3560915759c3e,baseline_originals/baseline_co/baseline_predictions/PINN_CO_R10F_WF01_seed42.predictions.npz | models/preliminary test/work_pinn_co_r10f/models_CO_R10F/PINN_CO_R10F_WF01_seed42.predictions.npz | models/preliminary test/work_pinn_co_r10f_std/models/WF01/PINN_CO_R10F_WF01_seed42.predictions.npz | models/preliminary test/work_pinn_co_r10f_std/models_CO_R10F/PINN_CO_R10F_WF01_seed42.predictions.npz
EXACT-0083,4,79a50c62e4c14cd3e05ee807ed3a1636d29bfd0956c4645f34083abb84aa4860,baseline_originals/baseline_nox/baseline_predictions/PINN_NOX_R8F_WF02_seed42.predictions.npz | models/preliminary test/work_pinn_nox_r8f/models_R8F/PINN_NOX_R8F_WF02_seed42.predictions.npz | models/preliminary test/work_pinn_nox_r8f_std/models/WF02/PINN_NOX_R8F_WF02_seed42.predictions.npz | models/preliminary test/work_pinn_nox_r8f_std/models_R8F/PINN_NOX_R8F_WF02_seed42.predictions.npz
EXACT-0084,4,7a5efa01b148790db06efd7010c8f800f12ae828ac7b9a3a729dedd439d1fe9f,baseline_originals/baseline_co/baseline_predictions/PINN_CO_R10F_WF02_seed42.predictions.npz | models/preliminary test/work_pinn_co_r10f/models_CO_R10F/PINN_CO_R10F_WF02_seed42.predictions.npz | models/preliminary test/work_pinn_co_r10f_std/models/WF02/PINN_CO_R10F_WF02_seed42.predictions.npz | models/preliminary test/work_pinn_co_r10f_std/models_CO_R10F/PINN_CO_R10F_WF02_seed42.predictions.npz
EXACT-0085,4,7f683acbf29217eff619513890ef01d4950e789ef188d11f8e68a9715434979f,baseline_originals/baseline_co/baseline_models/PINN_CO_R10F_WF03_seed84.state.pt | models/preliminary test/work_pinn_co_r10f/models_CO_R10F/PINN_CO_R10F_WF03_seed84.state.pt | models/preliminary test/work_pinn_co_r10f_std/models/WF03/PINN_CO_R10F_WF03_seed84.state.pt | models/preliminary test/work_pinn_co_r10f_std/models_CO_R10F/PINN_CO_R10F_WF03_seed84.state.pt
EXACT-0086,4,7fcf033a0ea88eabe6d7340163903ce0617ff15c7194a8db805b4ccdd54040f7,baseline_originals/baseline_co/baseline_predictions/PINN_CO_R10F_WF04_seed189.predictions.npz | models/preliminary test/work_pinn_co_r10f/models_CO_R10F/PINN_CO_R10F_WF04_seed189.predictions.npz | models/preliminary test/work_pinn_co_r10f_std/models/WF04/PINN_CO_R10F_WF04_seed189.predictions.npz | models/preliminary test/work_pinn_co_r10f_std/models_CO_R10F/PINN_CO_R10F_WF04_seed189.predictions.npz
EXACT-0087,4,80e348f3de2e388f33da4bcee9fdaf1c09db97abeffa8487cb2f04f682f9349b,baseline_originals/baseline_co/baseline_models/PINN_CO_R10F_WF02_seed21.state.pt | models/preliminary test/work_pinn_co_r10f/models_CO_R10F/PINN_CO_R10F_WF02_seed21.state.pt | models/preliminary test/work_pinn_co_r10f_std/models/WF02/PINN_CO_R10F_WF02_seed21.state.pt | models/preliminary test/work_pinn_co_r10f_std/models_CO_R10F/PINN_CO_R10F_WF02_seed21.state.pt
EXACT-0088,4,838bd8f74ac1eed6cb55f702d890430c248e5f6599745b456b81f0e180d7bde0,baseline_originals/baseline_co/baseline_models/PINN_CO_R10F_WF03_seed21.state.pt | models/preliminary test/work_pinn_co_r10f/models_CO_R10F/PINN_CO_R10F_WF03_seed21.state.pt | models/preliminary test/work_pinn_co_r10f_std/models/WF03/PINN_CO_R10F_WF03_seed21.state.pt | models/preliminary test/work_pinn_co_r10f_std/models_CO_R10F/PINN_CO_R10F_WF03_seed21.state.pt
EXACT-0089,4,83ebd7d361bdf7380d2c505c45f2d4104eb6ff26d1cc9c2c2784055b74ad2270,baseline_originals/baseline_co/baseline_models/PINN_CO_R10F_WF01_seed21.state.pt | models/preliminary test/work_pinn_co_r10f/models_CO_R10F/PINN_CO_R10F_WF01_seed21.state.pt | models/preliminary test/work_pinn_co_r10f_std/models/WF01/PINN_CO_R10F_WF01_seed21.state.pt | models/preliminary test/work_pinn_co_r10f_std/models_CO_R10F/PINN_CO_R10F_WF01_seed21.state.pt
EXACT-0090,4,83f53f0c6737c4ebfb6ddb18ec70dfe12a8272295c9719d8f3bb59526f6784c5,baseline_originals/baseline_nox/baseline_predictions/PINN_NOX_R8F_WF03_seed42.predictions.npz | models/preliminary test/work_pinn_nox_r8f/models_R8F/PINN_NOX_R8F_WF03_seed42.predictions.npz | models/preliminary test/work_pinn_nox_r8f_std/models/WF03/PINN_NOX_R8F_WF03_seed42.predictions.npz | models/preliminary test/work_pinn_nox_r8f_std/models_R8F/PINN_NOX_R8F_WF03_seed42.predictions.npz
EXACT-0091,4,845137e64592fe95e4d772e4586db3e564bf837745c2cdd4aa2bfadb77cb0087,baseline_originals/baseline_nox/baseline_models/PINN_NOX_R8F_WF02_seed42.state.pt | models/preliminary test/work_pinn_nox_r8f/models_R8F/PINN_NOX_R8F_WF02_seed42.state.pt | models/preliminary test/work_pinn_nox_r8f_std/models/WF02/PINN_NOX_R8F_WF02_seed42.state.pt | models/preliminary test/work_pinn_nox_r8f_std/models_R8F/PINN_NOX_R8F_WF02_seed42.state.pt
EXACT-0092,4,86d37e762eedbaba42d95c1d7fee91c2513fc2465353311b634203ea2bf5cc73,baseline_originals/baseline_nox/baseline_predictions/PINN_NOX_R8F_WF04_seed105.predictions.npz | models/preliminary test/work_pinn_nox_r8f/models_R8F/PINN_NOX_R8F_WF04_seed105.predictions.npz | models/preliminary test/work_pinn_nox_r8f_std/models/WF04/PINN_NOX_R8F_WF04_seed105.predictions.npz | models/preliminary test/work_pinn_nox_r8f_std/models_R8F/PINN_NOX_R8F_WF04_seed105.predictions.npz
EXACT-0093,4,8b5e84e98b0017198be9ec38b7cd41be350b87e79fc3f4e86eda446525032eed,baseline_originals/baseline_co/baseline_models/PINN_CO_R10F_WF02_seed126.state.pt | models/preliminary test/work_pinn_co_r10f/models_CO_R10F/PINN_CO_R10F_WF02_seed126.state.pt | models/preliminary test/work_pinn_co_r10f_std/models/WF02/PINN_CO_R10F_WF02_seed126.state.pt | models/preliminary test/work_pinn_co_r10f_std/models_CO_R10F/PINN_CO_R10F_WF02_seed126.state.pt
EXACT-0094,4,8ccd56c9abf8de5083f00a3f639c6eccb5364e23309bfd982d715a6a06c5accf,models/interp/work_pinn_co_interp_opt_r5/audit_retrospective/qa_render_final/page-13.png | models/interp/work_pinn_co_interp_opt_r5/audit_retrospective/qa_render_v2/page-13.png | models/interp/work_pinn_co_interp_opt_r5/audit_retrospective/qa_render_v3/page-13.png | models/interp/work_pinn_co_interp_opt_r5/audit_retrospective/qa_render_v4/page-13.png
EXACT-0095,4,8d57ad061a91546a76117fa2145d4b29225fdecfca63c73375e973866bd5b2ad,models/interp/completed_runs_pre_visual_refresh/20260829_visual_catalog_r1/workdirs/work_tt_pinn_nox_interp_final_r1f_std/configs/FINAL_REPRESENTATIVE_SEED_NOX_R6.json | models/interp/work_pinn_nox_interp_final_r6f_std/configs/FINAL_REPRESENTATIVE_SEED_NOX_R6.json | models/interp/work_pinn_nox_interp_opt_r6/configs/FINAL_REPRESENTATIVE_SEED_NOX_R6.json | models/interp/work_tt_pinn_nox_interp_final_r1f_std/configs/FINAL_REPRESENTATIVE_SEED_NOX_R6.json
EXACT-0096,4,8e609b5f80d4b3127a1e7de19965419e12af21baf31b811b61906b8b5d7535cd,baseline_originals/baseline_nox/baseline_models/PINN_NOX_R8F_WF04_seed189.state.pt | models/preliminary test/work_pinn_nox_r8f/models_R8F/PINN_NOX_R8F_WF04_seed189.state.pt | models/preliminary test/work_pinn_nox_r8f_std/models/WF04/PINN_NOX_R8F_WF04_seed189.state.pt | models/preliminary test/work_pinn_nox_r8f_std/models_R8F/PINN_NOX_R8F_WF04_seed189.state.pt
EXACT-0097,4,9056e750f2649a49967af347dc3436827c09587fdc67fc9d7cfcf15ba6523e2c,baseline_originals/baseline_co/baseline_predictions/PINN_CO_R10F_WF03_seed42.predictions.npz | models/preliminary test/work_pinn_co_r10f/models_CO_R10F/PINN_CO_R10F_WF03_seed42.predictions.npz | models/preliminary test/work_pinn_co_r10f_std/models/WF03/PINN_CO_R10F_WF03_seed42.predictions.npz | models/preliminary test/work_pinn_co_r10f_std/models_CO_R10F/PINN_CO_R10F_WF03_seed42.predictions.npz
EXACT-0098,4,92724b6412ddef81723fa9323743996f0830326956f12c541754b75fceea150c,baseline_originals/baseline_co/baseline_predictions/PINN_CO_R10F_WF02_seed84.predictions.npz | models/preliminary test/work_pinn_co_r10f/models_CO_R10F/PINN_CO_R10F_WF02_seed84.predictions.npz | models/preliminary test/work_pinn_co_r10f_std/models/WF02/PINN_CO_R10F_WF02_seed84.predictions.npz | models/preliminary test/work_pinn_co_r10f_std/models_CO_R10F/PINN_CO_R10F_WF02_seed84.predictions.npz
EXACT-0099,4,96b35df827a8d2674b59d1c897912bab571bb0e1c7f5607b67636edcd7a03685,baseline_originals/baseline_co/baseline_models/PINN_CO_R10F_WF02_seed84.state.pt | models/preliminary test/work_pinn_co_r10f/models_CO_R10F/PINN_CO_R10F_WF02_seed84.state.pt | models/preliminary test/work_pinn_co_r10f_std/models/WF02/PINN_CO_R10F_WF02_seed84.state.pt | models/preliminary test/work_pinn_co_r10f_std/models_CO_R10F/PINN_CO_R10F_WF02_seed84.state.pt
EXACT-0100,4,996eb1f900a4f722c46f08450c773170a1adf1a36b695f737b9557b198bb4f72,models/preliminary test/work_pinn_co_r9/tables/ranking_preliminar.csv | models/preliminary test/work_pinn_co_r9/tables/RANKING_PRELIMINAR_CANDIDATOS_CO_R9.csv | recovery_backups/CO_R9_RECOVERY_20260811T010648220/work_pinn_co_r9/tables/ranking_preliminar.csv | recovery_backups/CO_R9_RECOVERY_20260811T010648220/work_pinn_co_r9/tables/RANKING_PRELIMINAR_CANDIDATOS_CO_R9.csv
EXACT-0101,4,997dd31d3a8b3a0accc35c967e10826c0acdc34f291864cd469829abada07ef6,baseline_originals/baseline_co/baseline_models/PINN_CO_R10F_WF01_seed42.state.pt | models/preliminary test/work_pinn_co_r10f/models_CO_R10F/PINN_CO_R10F_WF01_seed42.state.pt | models/preliminary test/work_pinn_co_r10f_std/models/WF01/PINN_CO_R10F_WF01_seed42.state.pt | models/preliminary test/work_pinn_co_r10f_std/models_CO_R10F/PINN_CO_R10F_WF01_seed42.state.pt
EXACT-0102,4,9d6f6520d39451b7d52f90deff1f3effef833a5a4dd5f0f3d0344e63246a6307,baseline_originals/baseline_co/baseline_models/PINN_CO_R10F_WF04_seed126.state.pt | models/preliminary test/work_pinn_co_r10f/models_CO_R10F/PINN_CO_R10F_WF04_seed126.state.pt | models/preliminary test/work_pinn_co_r10f_std/models/WF04/PINN_CO_R10F_WF04_seed126.state.pt | models/preliminary test/work_pinn_co_r10f_std/models_CO_R10F/PINN_CO_R10F_WF04_seed126.state.pt
EXACT-0103,4,9fcc878895b691814c69278a61d35de4de6fcd383d54ea85da1958dab9e9d144,baseline_originals/baseline_nox/baseline_models/PINN_NOX_R8F_WF04_seed126.state.pt | models/preliminary test/work_pinn_nox_r8f/models_R8F/PINN_NOX_R8F_WF04_seed126.state.pt | models/preliminary test/work_pinn_nox_r8f_std/models/WF04/PINN_NOX_R8F_WF04_seed126.state.pt | models/preliminary test/work_pinn_nox_r8f_std/models_R8F/PINN_NOX_R8F_WF04_seed126.state.pt
EXACT-0104,4,a0857a2fd6d38ca4fe876d4213f04a44126edb663abe00563b0fcea4feabeb30,baseline_originals/baseline_co/baseline_predictions/PINN_CO_R10F_WF02_seed126.predictions.npz | models/preliminary test/work_pinn_co_r10f/models_CO_R10F/PINN_CO_R10F_WF02_seed126.predictions.npz | models/preliminary test/work_pinn_co_r10f_std/models/WF02/PINN_CO_R10F_WF02_seed126.predictions.npz | models/preliminary test/work_pinn_co_r10f_std/models_CO_R10F/PINN_CO_R10F_WF02_seed126.predictions.npz
EXACT-0105,4,a11ec46e455e2c4d735168531e4ded21fe2cb7ebd4259a1ffa386f41d60c8a8e,baseline_originals/baseline_co/baseline_predictions/PINN_CO_R10F_WF03_seed126.predictions.npz | models/preliminary test/work_pinn_co_r10f/models_CO_R10F/PINN_CO_R10F_WF03_seed126.predictions.npz | models/preliminary test/work_pinn_co_r10f_std/models/WF03/PINN_CO_R10F_WF03_seed126.predictions.npz | models/preliminary test/work_pinn_co_r10f_std/models_CO_R10F/PINN_CO_R10F_WF03_seed126.predictions.npz
EXACT-0106,4,a1b52d8dfe4f245b02181e84b737a4b03b19e60b7bcc91113dcfed4992c55f32,baseline_originals/baseline_co/baseline_predictions/PINN_CO_R10F_WF01_seed126.predictions.npz | models/preliminary test/work_pinn_co_r10f/models_CO_R10F/PINN_CO_R10F_WF01_seed126.predictions.npz | models/preliminary test/work_pinn_co_r10f_std/models/WF01/PINN_CO_R10F_WF01_seed126.predictions.npz | models/preliminary test/work_pinn_co_r10f_std/models_CO_R10F/PINN_CO_R10F_WF01_seed126.predictions.npz
EXACT-0107,4,a25a832ed958fa97d87b591b613be8c068308e9c909075c1f0abb5ebb405f5d7,baseline_originals/baseline_nox/baseline_predictions/PINN_NOX_R8F_WF02_seed84.predictions.npz | models/preliminary test/work_pinn_nox_r8f/models_R8F/PINN_NOX_R8F_WF02_seed84.predictions.npz | models/preliminary test/work_pinn_nox_r8f_std/models/WF02/PINN_NOX_R8F_WF02_seed84.predictions.npz | models/preliminary test/work_pinn_nox_r8f_std/models_R8F/PINN_NOX_R8F_WF02_seed84.predictions.npz
EXACT-0108,4,a355c8940f7e92b2101319650bf0a6908a62b5ec30f41ff88f17d36d1e6c2d27,baseline_originals/baseline_co/baseline_predictions/PINN_CO_R10F_WF04_seed168.predictions.npz | models/preliminary test/work_pinn_co_r10f/models_CO_R10F/PINN_CO_R10F_WF04_seed168.predictions.npz | models/preliminary test/work_pinn_co_r10f_std/models/WF04/PINN_CO_R10F_WF04_seed168.predictions.npz | models/preliminary test/work_pinn_co_r10f_std/models_CO_R10F/PINN_CO_R10F_WF04_seed168.predictions.npz
EXACT-0109,4,a5d7ddf682fa3f0357e53b01e1300ee290a9a17fa11f9f1efaca4c61b7325ef2,baseline_originals/baseline_nox/baseline_models/PINN_NOX_R8F_WF01_seed21.state.pt | models/preliminary test/work_pinn_nox_r8f/models_R8F/PINN_NOX_R8F_WF01_seed21.state.pt | models/preliminary test/work_pinn_nox_r8f_std/models/WF01/PINN_NOX_R8F_WF01_seed21.state.pt | models/preliminary test/work_pinn_nox_r8f_std/models_R8F/PINN_NOX_R8F_WF01_seed21.state.pt
EXACT-0110,4,a7840db3b86faddcb42fe9b6cb179c3c5f944b5e285a8f102601926cb7c483d3,baseline_originals/baseline_nox/baseline_models/PINN_NOX_R8F_WF01_seed168.state.pt | models/preliminary test/work_pinn_nox_r8f/models_R8F/PINN_NOX_R8F_WF01_seed168.state.pt | models/preliminary test/work_pinn_nox_r8f_std/models/WF01/PINN_NOX_R8F_WF01_seed168.state.pt | models/preliminary test/work_pinn_nox_r8f_std/models_R8F/PINN_NOX_R8F_WF01_seed168.state.pt
EXACT-0111,4,aaa1db0fa77609c28d3674db341559f55d8a06fc797e0b335aece55807efef0d,baseline_originals/baseline_nox/baseline_models/PINN_NOX_R8F_WF02_seed126.state.pt | models/preliminary test/work_pinn_nox_r8f/models_R8F/PINN_NOX_R8F_WF02_seed126.state.pt | models/preliminary test/work_pinn_nox_r8f_std/models/WF02/PINN_NOX_R8F_WF02_seed126.state.pt | models/preliminary test/work_pinn_nox_r8f_std/models_R8F/PINN_NOX_R8F_WF02_seed126.state.pt
EXACT-0112,4,abbc80c81cabe7edfc590a566a6b3b0afacf06d5dd6926adcbf141878229bec8,baseline_originals/baseline_nox/baseline_CONFIG_PINN_NOX_FINAL_R8F.json | models/preliminary test/work_pinn_nox_r7/configs/CONFIG_PINN_R7_OPTIMIZED.json | models/preliminary test/work_pinn_nox_r8f/CONFIG_PINN_NOX_FINAL_R8F.json | models/preliminary test/work_pinn_nox_r8f/tests/colab_config_portability/CONFIG_PINN_NOX_FINAL_R8F.json
EXACT-0113,4,acf04232896a65e0f3be382bf79dc5d049cb72a48dae445d0b6c2c2eee1dfd64,baseline_originals/baseline_nox/baseline_models/PINN_NOX_R8F_WF04_seed105.state.pt | models/preliminary test/work_pinn_nox_r8f/models_R8F/PINN_NOX_R8F_WF04_seed105.state.pt | models/preliminary test/work_pinn_nox_r8f_std/models/WF04/PINN_NOX_R8F_WF04_seed105.state.pt | models/preliminary test/work_pinn_nox_r8f_std/models_R8F/PINN_NOX_R8F_WF04_seed105.state.pt
EXACT-0114,4,ad0e3f69d9a5b5b8c0bb32c794c83cc0eeb6b5258e37483f89fa98098752ba3f,baseline_originals/baseline_co/baseline_predictions/PINN_CO_R10F_WF03_seed168.predictions.npz | models/preliminary test/work_pinn_co_r10f/models_CO_R10F/PINN_CO_R10F_WF03_seed168.predictions.npz | models/preliminary test/work_pinn_co_r10f_std/models/WF03/PINN_CO_R10F_WF03_seed168.predictions.npz | models/preliminary test/work_pinn_co_r10f_std/models_CO_R10F/PINN_CO_R10F_WF03_seed168.predictions.npz
EXACT-0115,4,ad3cba80e32d22b818c22fa5156a56e9fadd022e9165c5db7cf24931e30b4ef2,models/interp/work_pinn_co_interp_opt_r5/audit_retrospective/qa_render_final/page-11.png | models/interp/work_pinn_co_interp_opt_r5/audit_retrospective/qa_render_v2/page-11.png | models/interp/work_pinn_co_interp_opt_r5/audit_retrospective/qa_render_v3/page-11.png | models/interp/work_pinn_co_interp_opt_r5/audit_retrospective/qa_render_v4/page-11.png
EXACT-0116,4,ada2a93338443a07f3c8da973c3e4a592fa6284da81ee6f4eb33d7641b124a90,baseline_originals/baseline_co/baseline_models/PINN_CO_R10F_WF04_seed42.state.pt | models/preliminary test/work_pinn_co_r10f/models_CO_R10F/PINN_CO_R10F_WF04_seed42.state.pt | models/preliminary test/work_pinn_co_r10f_std/models/WF04/PINN_CO_R10F_WF04_seed42.state.pt | models/preliminary test/work_pinn_co_r10f_std/models_CO_R10F/PINN_CO_R10F_WF04_seed42.state.pt
EXACT-0117,4,aea2882eb654c69b03d5f278925a7f4ac21350ce5e2b332ce95beea3c06b524f,baseline_originals/baseline_co/baseline_models/PINN_CO_R10F_WF01_seed168.state.pt | models/preliminary test/work_pinn_co_r10f/models_CO_R10F/PINN_CO_R10F_WF01_seed168.state.pt | models/preliminary test/work_pinn_co_r10f_std/models/WF01/PINN_CO_R10F_WF01_seed168.state.pt | models/preliminary test/work_pinn_co_r10f_std/models_CO_R10F/PINN_CO_R10F_WF01_seed168.state.pt
EXACT-0118,4,af17fe4dbfc577ca5f869bc5578f4d132139a8a72925e93a3acd78faf7d18d4d,baseline_originals/baseline_nox/baseline_models/PINN_NOX_R8F_WF04_seed21.state.pt | models/preliminary test/work_pinn_nox_r8f/models_R8F/PINN_NOX_R8F_WF04_seed21.state.pt | models/preliminary test/work_pinn_nox_r8f_std/models/WF04/PINN_NOX_R8F_WF04_seed21.state.pt | models/preliminary test/work_pinn_nox_r8f_std/models_R8F/PINN_NOX_R8F_WF04_seed21.state.pt
EXACT-0119,4,affde8c3d99836970e2974a56eb3fb92631e046f7a155bd56781cd72ee2687c9,baseline_originals/baseline_nox/baseline_predictions/PINN_NOX_R8F_WF04_seed168.predictions.npz | models/preliminary test/work_pinn_nox_r8f/models_R8F/PINN_NOX_R8F_WF04_seed168.predictions.npz | models/preliminary test/work_pinn_nox_r8f_std/models/WF04/PINN_NOX_R8F_WF04_seed168.predictions.npz | models/preliminary test/work_pinn_nox_r8f_std/models_R8F/PINN_NOX_R8F_WF04_seed168.predictions.npz
EXACT-0120,4,b0f560a4a24d948a4b9881f9a79cd8205cad0bdab87ba97ec92b16c6a3a0cf28,baseline_originals/baseline_co/baseline_predictions/PINN_CO_R10F_WF04_seed21.predictions.npz | models/preliminary test/work_pinn_co_r10f/models_CO_R10F/PINN_CO_R10F_WF04_seed21.predictions.npz | models/preliminary test/work_pinn_co_r10f_std/models/WF04/PINN_CO_R10F_WF04_seed21.predictions.npz | models/preliminary test/work_pinn_co_r10f_std/models_CO_R10F/PINN_CO_R10F_WF04_seed21.predictions.npz
EXACT-0121,4,b24c7bcc12336fa602aa2dd5fad23bcd56ec87efeb4509404c8f7cb1280a5d28,baseline_originals/baseline_nox/baseline_predictions/PINN_NOX_R8F_WF04_seed126.predictions.npz | models/preliminary test/work_pinn_nox_r8f/models_R8F/PINN_NOX_R8F_WF04_seed126.predictions.npz | models/preliminary test/work_pinn_nox_r8f_std/models/WF04/PINN_NOX_R8F_WF04_seed126.predictions.npz | models/preliminary test/work_pinn_nox_r8f_std/models_R8F/PINN_NOX_R8F_WF04_seed126.predictions.npz
EXACT-0122,4,b38ae1e68b6282ed0f65d823d2ba8b000563bff92293cda5c990a8fb4f4ecc1f,baseline_originals/baseline_nox/baseline_models/PINN_NOX_R8F_WF03_seed126.state.pt | models/preliminary test/work_pinn_nox_r8f/models_R8F/PINN_NOX_R8F_WF03_seed126.state.pt | models/preliminary test/work_pinn_nox_r8f_std/models/WF03/PINN_NOX_R8F_WF03_seed126.state.pt | models/preliminary test/work_pinn_nox_r8f_std/models_R8F/PINN_NOX_R8F_WF03_seed126.state.pt
EXACT-0123,4,b630b55115626658ed6065b84057ec8ccbc9b4cd6df74d345cb4117f553e924e,models/interp/work_xgboost_co_interp_opt_r2_budget_matched/audit/SEARCH_SPACE_CONTRACT_XGBOOST_CO_INTERP_R2.json | models/interp/work_xgboost_nox_interp_opt_r2_budget_matched/audit/SEARCH_SPACE_CONTRACT_XGBOOST_NOX_INTERP_R2.json | models/wf/work_xgboost_co_wf_opt_r2_budget_matched/audit/SEARCH_SPACE_CONTRACT_XGBOOST_CO_WF_R2.json | models/wf/work_xgboost_nox_wf_opt_r2_budget_matched/audit/SEARCH_SPACE_CONTRACT_XGBOOST_NOX_WF_R2.json
EXACT-0124,4,b943c12d4ae7c2d949f6ad03b0e73d9b11f2df857458a1c856314d87cfcf4752,models/interp/completed_runs_pre_visual_refresh/20260829_visual_catalog_r1/workdirs/work_tt_pinn_nox_interp_final_r1f_std/configs/FROZEN_CONFIG_MANIFEST_NOX_INTERP_R6.json | models/interp/work_pinn_nox_interp_final_r6f_std/configs/FROZEN_CONFIG_MANIFEST_NOX_INTERP_R6.json | models/interp/work_pinn_nox_interp_opt_r6/configs/FROZEN_CONFIG_MANIFEST_NOX_INTERP_R6.json | models/interp/work_tt_pinn_nox_interp_final_r1f_std/configs/FROZEN_CONFIG_MANIFEST_NOX_INTERP_R6.json
EXACT-0125,4,c03b4afa758da9571a71b011f9c4bb239553bd7341b577163fb26f8f84b6b54f,baseline_originals/baseline_co/baseline_models/PINN_CO_R10F_WF01_seed126.state.pt | models/preliminary test/work_pinn_co_r10f/models_CO_R10F/PINN_CO_R10F_WF01_seed126.state.pt | models/preliminary test/work_pinn_co_r10f_std/models/WF01/PINN_CO_R10F_WF01_seed126.state.pt | models/preliminary test/work_pinn_co_r10f_std/models_CO_R10F/PINN_CO_R10F_WF01_seed126.state.pt
EXACT-0126,4,c159966e7b4d72ca2b1c5524599b7d559ebce192033642f5c46fcc979fbccb54,baseline_originals/baseline_nox/baseline_predictions/PINN_NOX_R8F_WF04_seed210.predictions.npz | models/preliminary test/work_pinn_nox_r8f/models_R8F/PINN_NOX_R8F_WF04_seed210.predictions.npz | models/preliminary test/work_pinn_nox_r8f_std/models/WF04/PINN_NOX_R8F_WF04_seed210.predictions.npz | models/preliminary test/work_pinn_nox_r8f_std/models_R8F/PINN_NOX_R8F_WF04_seed210.predictions.npz
EXACT-0127,4,c31c403a47ac807ff03bb9dcd28f1b3738a968ff141e338f73f619c61f24fddc,baseline_originals/baseline_nox/baseline_models/PINN_NOX_R8F_WF03_seed21.state.pt | models/preliminary test/work_pinn_nox_r8f/models_R8F/PINN_NOX_R8F_WF03_seed21.state.pt | models/preliminary test/work_pinn_nox_r8f_std/models/WF03/PINN_NOX_R8F_WF03_seed21.state.pt | models/preliminary test/work_pinn_nox_r8f_std/models_R8F/PINN_NOX_R8F_WF03_seed21.state.pt
EXACT-0128,4,c681743cf29845ec364213f83d57d3932f997802945c57da26e17a117c503aa2,models/interp/work_xgboost_co_interp_opt_r2_budget_matched/audit/COMMON_R2_CONTRACT_HASHES_XGBOOST_CO_INTERP.csv | models/interp/work_xgboost_nox_interp_opt_r2_budget_matched/audit/COMMON_R2_CONTRACT_HASHES_XGBOOST_NOX_INTERP.csv | models/wf/work_xgboost_co_wf_opt_r2_budget_matched/audit/COMMON_R2_CONTRACT_HASHES_XGBOOST_CO_WF.csv | models/wf/work_xgboost_nox_wf_opt_r2_budget_matched/audit/COMMON_R2_CONTRACT_HASHES_XGBOOST_NOX_WF.csv
EXACT-0129,4,ce534bb104648c71643c4f12149284a12fa7ccfc086c02e232b700fe4671e93f,baseline_originals/baseline_nox/baseline_predictions/PINN_NOX_R8F_WF01_seed168.predictions.npz | models/preliminary test/work_pinn_nox_r8f/models_R8F/PINN_NOX_R8F_WF01_seed168.predictions.npz | models/preliminary test/work_pinn_nox_r8f_std/models/WF01/PINN_NOX_R8F_WF01_seed168.predictions.npz | models/preliminary test/work_pinn_nox_r8f_std/models_R8F/PINN_NOX_R8F_WF01_seed168.predictions.npz
EXACT-0130,4,ce562f05d0f706e694079eba2de2039918076f09a3ff1705cad96faad06e599a,baseline_originals/baseline_nox/baseline_predictions/PINN_NOX_R8F_WF04_seed42.predictions.npz | models/preliminary test/work_pinn_nox_r8f/models_R8F/PINN_NOX_R8F_WF04_seed42.predictions.npz | models/preliminary test/work_pinn_nox_r8f_std/models/WF04/PINN_NOX_R8F_WF04_seed42.predictions.npz | models/preliminary test/work_pinn_nox_r8f_std/models_R8F/PINN_NOX_R8F_WF04_seed42.predictions.npz
EXACT-0131,4,d24bd68593b01acb10079e4bedb0186fdfaadd25d372236083132161d65a2955,baseline_originals/baseline_nox/baseline_predictions/PINN_NOX_R8F_WF04_seed63.predictions.npz | models/preliminary test/work_pinn_nox_r8f/models_R8F/PINN_NOX_R8F_WF04_seed63.predictions.npz | models/preliminary test/work_pinn_nox_r8f_std/models/WF04/PINN_NOX_R8F_WF04_seed63.predictions.npz | models/preliminary test/work_pinn_nox_r8f_std/models_R8F/PINN_NOX_R8F_WF04_seed63.predictions.npz
EXACT-0132,4,d79daafa437ebf74ff167902e455f70e9e47cee7257c5aba7c93506f45f0a84d,baseline_originals/baseline_nox/baseline_predictions/PINN_NOX_R8F_WF03_seed168.predictions.npz | models/preliminary test/work_pinn_nox_r8f/models_R8F/PINN_NOX_R8F_WF03_seed168.predictions.npz | models/preliminary test/work_pinn_nox_r8f_std/models/WF03/PINN_NOX_R8F_WF03_seed168.predictions.npz | models/preliminary test/work_pinn_nox_r8f_std/models_R8F/PINN_NOX_R8F_WF03_seed168.predictions.npz
EXACT-0133,4,d95368be1c668b80985dcc8adefe94e7e75e513ec19ea7360b56d0fe0d365f5b,baseline_originals/baseline_co/baseline_models/PINN_CO_R10F_WF03_seed42.state.pt | models/preliminary test/work_pinn_co_r10f/models_CO_R10F/PINN_CO_R10F_WF03_seed42.state.pt | models/preliminary test/work_pinn_co_r10f_std/models/WF03/PINN_CO_R10F_WF03_seed42.state.pt | models/preliminary test/work_pinn_co_r10f_std/models_CO_R10F/PINN_CO_R10F_WF03_seed42.state.pt
EXACT-0134,4,da7e8abbeecbda405a62799fc8150dd1bcf69ed15d50e1af00da239a75ae32ca,baseline_originals/baseline_nox/baseline_models/PINN_NOX_R8F_WF03_seed42.state.pt | models/preliminary test/work_pinn_nox_r8f/models_R8F/PINN_NOX_R8F_WF03_seed42.state.pt | models/preliminary test/work_pinn_nox_r8f_std/models/WF03/PINN_NOX_R8F_WF03_seed42.state.pt | models/preliminary test/work_pinn_nox_r8f_std/models_R8F/PINN_NOX_R8F_WF03_seed42.state.pt
EXACT-0135,4,db2a5825d00cb5ff8aec243a5b7725c50321d0241c9b5359f5349aac06c5c23b,baseline_originals/baseline_nox/baseline_predictions/PINN_NOX_R8F_WF02_seed126.predictions.npz | models/preliminary test/work_pinn_nox_r8f/models_R8F/PINN_NOX_R8F_WF02_seed126.predictions.npz | models/preliminary test/work_pinn_nox_r8f_std/models/WF02/PINN_NOX_R8F_WF02_seed126.predictions.npz | models/preliminary test/work_pinn_nox_r8f_std/models_R8F/PINN_NOX_R8F_WF02_seed126.predictions.npz
EXACT-0136,4,dcf4d41ebf553f3d8d298798a650578ab9c204ed88fc86f40fb362caddaf2ff3,models/interp/work_pinn_co_interp_opt_r5/audit_retrospective/qa_render_final/page-8.png | models/interp/work_pinn_co_interp_opt_r5/audit_retrospective/qa_render_v2/page-8.png | models/interp/work_pinn_co_interp_opt_r5/audit_retrospective/qa_render_v3/page-8.png | models/interp/work_pinn_co_interp_opt_r5/audit_retrospective/qa_render_v4/page-8.png
EXACT-0137,4,dd43513b73029d72a4841f4caf18f39bc22c019fba85c4ee315957170b834bb9,baseline_originals/baseline_co/baseline_models/PINN_CO_R10F_WF04_seed63.state.pt | models/preliminary test/work_pinn_co_r10f/models_CO_R10F/PINN_CO_R10F_WF04_seed63.state.pt | models/preliminary test/work_pinn_co_r10f_std/models/WF04/PINN_CO_R10F_WF04_seed63.state.pt | models/preliminary test/work_pinn_co_r10f_std/models_CO_R10F/PINN_CO_R10F_WF04_seed63.state.pt
EXACT-0138,4,ded7456a0b2566f71966665829d3e279ca8ce83e9446b4713a653955cc8a4f0a,baseline_originals/baseline_nox/baseline_models/PINN_NOX_R8F_WF02_seed84.state.pt | models/preliminary test/work_pinn_nox_r8f/models_R8F/PINN_NOX_R8F_WF02_seed84.state.pt | models/preliminary test/work_pinn_nox_r8f_std/models/WF02/PINN_NOX_R8F_WF02_seed84.state.pt | models/preliminary test/work_pinn_nox_r8f_std/models_R8F/PINN_NOX_R8F_WF02_seed84.state.pt
EXACT-0139,4,df1c69c43267c0af7ab1137a8f0322368de5f34d209f81e36661fc77938941c8,baseline_originals/baseline_nox/baseline_predictions/PINN_NOX_R8F_WF04_seed21.predictions.npz | models/preliminary test/work_pinn_nox_r8f/models_R8F/PINN_NOX_R8F_WF04_seed21.predictions.npz | models/preliminary test/work_pinn_nox_r8f_std/models/WF04/PINN_NOX_R8F_WF04_seed21.predictions.npz | models/preliminary test/work_pinn_nox_r8f_std/models_R8F/PINN_NOX_R8F_WF04_seed21.predictions.npz
EXACT-0140,4,e0e4f93557fe1e50cbd1ea69a53b6f7a41d3733a3c22f31e9b2c525adb6ea6fd,baseline_originals/baseline_nox/baseline_models/PINN_NOX_R8F_WF01_seed84.state.pt | models/preliminary test/work_pinn_nox_r8f/models_R8F/PINN_NOX_R8F_WF01_seed84.state.pt | models/preliminary test/work_pinn_nox_r8f_std/models/WF01/PINN_NOX_R8F_WF01_seed84.state.pt | models/preliminary test/work_pinn_nox_r8f_std/models_R8F/PINN_NOX_R8F_WF01_seed84.state.pt
EXACT-0141,4,e4b3c26c49cb2bb916d9591e6f9550008b83ec9c9f64ad03173cf6cc4a7b09f5,baseline_originals/baseline_co/baseline_models/PINN_CO_R10F_WF02_seed42.state.pt | models/preliminary test/work_pinn_co_r10f/models_CO_R10F/PINN_CO_R10F_WF02_seed42.state.pt | models/preliminary test/work_pinn_co_r10f_std/models/WF02/PINN_CO_R10F_WF02_seed42.state.pt | models/preliminary test/work_pinn_co_r10f_std/models_CO_R10F/PINN_CO_R10F_WF02_seed42.state.pt
EXACT-0142,4,e51a64f72f7329b866f82fe1d124bcc329fc2a007a3ce8e2059fcf2705a01e23,baseline_originals/baseline_co/baseline_models/PINN_CO_R10F_WF04_seed168.state.pt | models/preliminary test/work_pinn_co_r10f/models_CO_R10F/PINN_CO_R10F_WF04_seed168.state.pt | models/preliminary test/work_pinn_co_r10f_std/models/WF04/PINN_CO_R10F_WF04_seed168.state.pt | models/preliminary test/work_pinn_co_r10f_std/models_CO_R10F/PINN_CO_R10F_WF04_seed168.state.pt
EXACT-0143,4,e5acd4961064bbf12226dbefadf0a7e1335f0b773c1530e568d1bc78943e397a,models/interp/completed_runs_pre_visual_refresh/20260829_visual_catalog_r1/workdirs/work_tt_pinn_nox_interp_final_r1f_std/configs/FINAL_TRAINING_POLICY_NOX_INTERP_R6.json | models/interp/work_pinn_nox_interp_final_r6f_std/configs/FINAL_TRAINING_POLICY_NOX_INTERP_R6.json | models/interp/work_pinn_nox_interp_opt_r6/configs/FINAL_TRAINING_POLICY_NOX_INTERP_R6.json | models/interp/work_tt_pinn_nox_interp_final_r1f_std/configs/FINAL_TRAINING_POLICY_NOX_INTERP_R6.json
EXACT-0144,4,e6f9250a429726b10a14acc59425c885acfacec461bce6c608a9d823de6dfa77,baseline_originals/baseline_co/baseline_predictions/PINN_CO_R10F_WF03_seed84.predictions.npz | models/preliminary test/work_pinn_co_r10f/models_CO_R10F/PINN_CO_R10F_WF03_seed84.predictions.npz | models/preliminary test/work_pinn_co_r10f_std/models/WF03/PINN_CO_R10F_WF03_seed84.predictions.npz | models/preliminary test/work_pinn_co_r10f_std/models_CO_R10F/PINN_CO_R10F_WF03_seed84.predictions.npz
EXACT-0145,4,e7090020f36a142dad4948111f8ee52633dbe780c3416654fea78e4266561e95,baseline_originals/baseline_nox/baseline_models/PINN_NOX_R8F_WF01_seed126.state.pt | models/preliminary test/work_pinn_nox_r8f/models_R8F/PINN_NOX_R8F_WF01_seed126.state.pt | models/preliminary test/work_pinn_nox_r8f_std/models/WF01/PINN_NOX_R8F_WF01_seed126.state.pt | models/preliminary test/work_pinn_nox_r8f_std/models_R8F/PINN_NOX_R8F_WF01_seed126.state.pt
EXACT-0146,4,e768f5f0f6267cfac11db40b6f86209433af820074107dd5ed87472f3fbc992d,baseline_originals/baseline_nox/baseline_models/PINN_NOX_R8F_WF04_seed42.state.pt | models/preliminary test/work_pinn_nox_r8f/models_R8F/PINN_NOX_R8F_WF04_seed42.state.pt | models/preliminary test/work_pinn_nox_r8f_std/models/WF04/PINN_NOX_R8F_WF04_seed42.state.pt | models/preliminary test/work_pinn_nox_r8f_std/models_R8F/PINN_NOX_R8F_WF04_seed42.state.pt
EXACT-0147,4,ef259204a44ac2f239ca58af0ef8d0dcb13f4f69fcf183da13b755b7ec5b7278,baseline_originals/baseline_nox/baseline_models/PINN_NOX_R8F_WF04_seed63.state.pt | models/preliminary test/work_pinn_nox_r8f/models_R8F/PINN_NOX_R8F_WF04_seed63.state.pt | models/preliminary test/work_pinn_nox_r8f_std/models/WF04/PINN_NOX_R8F_WF04_seed63.state.pt | models/preliminary test/work_pinn_nox_r8f_std/models_R8F/PINN_NOX_R8F_WF04_seed63.state.pt
EXACT-0148,4,effe4ab442682d2a2d30336dcb5b2dc334e25a4a3016bcaf03477258ac9ba15d,baseline_originals/baseline_co/baseline_models/PINN_CO_R10F_WF04_seed105.state.pt | models/preliminary test/work_pinn_co_r10f/models_CO_R10F/PINN_CO_R10F_WF04_seed105.state.pt | models/preliminary test/work_pinn_co_r10f_std/models/WF04/PINN_CO_R10F_WF04_seed105.state.pt | models/preliminary test/work_pinn_co_r10f_std/models_CO_R10F/PINN_CO_R10F_WF04_seed105.state.pt
EXACT-0149,4,f765c111741656e5994ee6dfb4e2a41377395fd8243283a46647ac5a8b91ca17,baseline_originals/baseline_co/baseline_models/PINN_CO_R10F_WF03_seed168.state.pt | models/preliminary test/work_pinn_co_r10f/models_CO_R10F/PINN_CO_R10F_WF03_seed168.state.pt | models/preliminary test/work_pinn_co_r10f_std/models/WF03/PINN_CO_R10F_WF03_seed168.state.pt | models/preliminary test/work_pinn_co_r10f_std/models_CO_R10F/PINN_CO_R10F_WF03_seed168.state.pt
EXACT-0150,4,f91207728f2f39ae4199fe69e569eeebea1bc40aa81ed96ac9c58b8fb81658db,models/interp/completed_runs_pre_visual_refresh/20260829_visual_catalog_r1/intermediate_co_before_profile_bars/workdir/work_tt_pinn_co_interp_final_r1f_std/audit/TT_LINEAR_UNIT_TESTS_CO_TT_R1F_STD.csv | models/interp/completed_runs_pre_visual_refresh/20260829_visual_catalog_r1/workdirs/work_tt_pinn_co_interp_final_r1f_std/audit/TT_LINEAR_UNIT_TESTS_CO_TT_R1F_STD.csv | models/interp/failed_runs/co_tt_r1f_std_20260829T0522Z/work_partial/audit/TT_LINEAR_UNIT_TESTS_CO_TT_R1F_STD.csv | models/interp/work_tt_pinn_co_interp_final_r1f_std/audit/TT_LINEAR_UNIT_TESTS_CO_TT_R1F_STD.csv
EXACT-0151,4,fa67907daee6f44e5f7404a6785e2491d5bf95f124c66bdf8a935940ad7fd586,baseline_originals/baseline_co/baseline_predictions/PINN_CO_R10F_WF03_seed21.predictions.npz | models/preliminary test/work_pinn_co_r10f/models_CO_R10F/PINN_CO_R10F_WF03_seed21.predictions.npz | models/preliminary test/work_pinn_co_r10f_std/models/WF03/PINN_CO_R10F_WF03_seed21.predictions.npz | models/preliminary test/work_pinn_co_r10f_std/models_CO_R10F/PINN_CO_R10F_WF03_seed21.predictions.npz
EXACT-0152,4,fc6472430734680022e6a5787dff55affefd83e975957e1d3e79a97fe6e42a56,baseline_originals/baseline_nox/baseline_predictions/PINN_NOX_R8F_WF01_seed42.predictions.npz | models/preliminary test/work_pinn_nox_r8f/models_R8F/PINN_NOX_R8F_WF01_seed42.predictions.npz | models/preliminary test/work_pinn_nox_r8f_std/models/WF01/PINN_NOX_R8F_WF01_seed42.predictions.npz | models/preliminary test/work_pinn_nox_r8f_std/models_R8F/PINN_NOX_R8F_WF01_seed42.predictions.npz
EXACT-0153,4,fe7f28baae13d004911bec84347f84d6f7bafe9e62c687850476f77bcfd60cd2,baseline_originals/baseline_co/baseline_models/PINN_CO_R10F_WF03_seed126.state.pt | models/preliminary test/work_pinn_co_r10f/models_CO_R10F/PINN_CO_R10F_WF03_seed126.state.pt | models/preliminary test/work_pinn_co_r10f_std/models/WF03/PINN_CO_R10F_WF03_seed126.state.pt | models/preliminary test/work_pinn_co_r10f_std/models_CO_R10F/PINN_CO_R10F_WF03_seed126.state.pt
EXACT-0154,3,09aae1590cffe2c5cd73ec540cd47e5f67ffa3110c5d4e849cae0e67452b2821,baseline_originals/baseline_nox/baseline_auditoria_dataset_R8F.csv | models/preliminary test/work_pinn_nox_r8f/auditoria_dataset_R8F.csv | models/preliminary test/work_pinn_nox_r8f_std/auditoria_dataset_R8F.csv
EXACT-0155,3,135868e7d59cab877af32ce13d9d0f788947d1204e912598aad67aa58e44d6cb,baseline_originals/baseline_co/baseline_envelope_WF04_seed42.csv | models/preliminary test/work_pinn_co_r10f/envelope_WF04_seed42.csv | models/preliminary test/work_pinn_co_r10f_std/envelope_WF04_seed42.csv
EXACT-0156,3,20863ace419d6457f8cf0f38beb6e68bc60026f431422f629c69b25947ad9c26,models/interp/completed_runs_pre_visual_refresh/20260829_visual_catalog_r1/intermediate_co_before_profile_bars/workdir/work_tt_pinn_co_interp_final_r1f_std/audit/PRETRAINING_CHECKS_CO_TT_R1F_STD.csv | models/interp/completed_runs_pre_visual_refresh/20260829_visual_catalog_r1/workdirs/work_tt_pinn_co_interp_final_r1f_std/audit/PRETRAINING_CHECKS_CO_TT_R1F_STD.csv | models/interp/work_tt_pinn_co_interp_final_r1f_std/audit/PRETRAINING_CHECKS_CO_TT_R1F_STD.csv
EXACT-0157,3,2f9acb02faa121bb2a3621951f57b4c690655337edee2e5ac350be2b3be88ea8,models/interp/work_pinn_co_interp_opt_r5/audit/atomic_write_probe.txt | models/interp/work_pinn_nox_interp_opt_r5/audit/atomic_write_probe.txt | models/interp/work_pinn_nox_interp_opt_r6/audit/atomic_write_probe.txt
EXACT-0158,3,35a77cecdffb6e64443fed7fea565cc21708a185b19aad71268814472f4f0721,models/interp/completed_runs_pre_visual_refresh/20260829_visual_catalog_r1/intermediate_co_before_profile_bars/workdir/work_tt_pinn_co_interp_final_r1f_std/tables/PAIRED_TEST_PREDICTIONS_CO_TT_R1F_STD.csv | models/interp/completed_runs_pre_visual_refresh/20260829_visual_catalog_r1/workdirs/work_tt_pinn_co_interp_final_r1f_std/tables/PAIRED_TEST_PREDICTIONS_CO_TT_R1F_STD.csv | models/interp/work_tt_pinn_co_interp_final_r1f_std/tables/PAIRED_TEST_PREDICTIONS_CO_TT_R1F_STD.csv
EXACT-0159,3,3ac2885dcfa7108c8e6be5ae74e4e4dfb3fa66aa8c133ac313269087af57cf89,models/wf/work_pinn_nox_wf_opt_r2_poc_efficient/audit/PARALLEL_EQUIVALENCE_NOX_WF_R2.csv | models/wf/work_pinn_nox_wf_opt_r3_poc_efficient/audit/PARALLEL_EQUIVALENCE_NOX_WF_R3.csv | recovery_backups/work_pinn_nox_wf_opt_r3_polluted_reenqueue_20260818T173649/audit/PARALLEL_EQUIVALENCE_NOX_WF_R3.csv
EXACT-0160,3,3e4ae12dddaf1e68111e9276a2b8fa5b0130b98a8c56e6d9449118adf7708056,baseline_originals/baseline_co/baseline_envelope_WF02_seed42.csv | models/preliminary test/work_pinn_co_r10f/envelope_WF02_seed42.csv | models/preliminary test/work_pinn_co_r10f_std/envelope_WF02_seed42.csv
EXACT-0161,3,40497616e6a3fdb842079d3b7f25846b8381ed039df1f5c6be09c3b28a108a6a,models/interp/completed_runs_pre_visual_refresh/20260829_visual_catalog_r1/intermediate_co_before_profile_bars/workdir/work_tt_pinn_co_interp_final_r1f_std/tables/TEST_PREDICTIONS_CO_TT_R1F_STD.csv | models/interp/completed_runs_pre_visual_refresh/20260829_visual_catalog_r1/workdirs/work_tt_pinn_co_interp_final_r1f_std/tables/TEST_PREDICTIONS_CO_TT_R1F_STD.csv | models/interp/work_tt_pinn_co_interp_final_r1f_std/tables/TEST_PREDICTIONS_CO_TT_R1F_STD.csv
EXACT-0162,3,47947e9a6c3df814bfa6af971be1a0b1314f98452e991829b74d2b4a5acd0897,models/preliminary test/work_pinn_co_r10f/figures_CO_R10F/08_residuales_prediccion_WF04_seed42.png | models/preliminary test/work_pinn_co_r10f_std/figures/WF04/05_residuales_vs_prediccion.png | models/preliminary test/work_pinn_co_r10f_std/figures_CO_R10F/08_residuales_prediccion_WF04_seed42.png
EXACT-0163,3,4db2bc1df3704c68774b3b6146e2509fd74f640ad099c60f154381f651f2cea6,models/interp/work_pinn_co_interp_opt_r5/audit_retrospective/qa_render_final/page-12.png | models/interp/work_pinn_co_interp_opt_r5/audit_retrospective/qa_render_v3/page-12.png | models/interp/work_pinn_co_interp_opt_r5/audit_retrospective/qa_render_v4/page-12.png
EXACT-0164,3,4f9b2bdedf465dd13f9dc939037e56f9b02b1572cffbdf5fa2e4e08a08ae245b,models/preliminary test/work_pinn_nox_r7/models/PINN_R6_CONTROL_seed21.metadata.joblib | models/preliminary test/work_pinn_nox_r7/models/PINN_R6_CONTROL_seed42.metadata.joblib | models/preliminary test/work_pinn_nox_r7/models/PINN_R6_CONTROL_seed63.metadata.joblib
EXACT-0165,3,55548db8c4b9c1842bd5214ef50821d3be4282cc26d3748a1d77b8759668cfc0,models/interp/completed_runs_pre_visual_refresh/20260829_visual_catalog_r1/intermediate_co_before_profile_bars/workdir/work_tt_pinn_co_interp_final_r1f_std/tables/DEV_PREDICTIONS_CO_TT_R1F_STD.csv | models/interp/completed_runs_pre_visual_refresh/20260829_visual_catalog_r1/workdirs/work_tt_pinn_co_interp_final_r1f_std/tables/DEV_PREDICTIONS_CO_TT_R1F_STD.csv | models/interp/work_tt_pinn_co_interp_final_r1f_std/tables/DEV_PREDICTIONS_CO_TT_R1F_STD.csv
EXACT-0166,3,5af25eeb72aad7e96115ef86be19858b03b740df62e758ddc5a43439ac89e69d,models/interp/work_pinn_co_interp_opt_r5/audit_retrospective/qa_render/page-3.png | models/interp/work_pinn_co_interp_opt_r5/audit_retrospective/qa_render_v2/page-3.png | models/interp/work_pinn_co_interp_opt_r5/audit_retrospective/qa_render_v3/page-3.png
EXACT-0167,3,624920fb0819dc13731156608bebc7e5b46edb7d55c7cdfed2747a6e827fc63a,models/interp/completed_runs_pre_visual_refresh/20260829_visual_catalog_r1/intermediate_co_before_profile_bars/workdir/work_tt_pinn_co_interp_final_r1f_std/tables/NON_INFERIORITY_AUDIT_CO_TT_R1F_STD.csv | models/interp/completed_runs_pre_visual_refresh/20260829_visual_catalog_r1/workdirs/work_tt_pinn_co_interp_final_r1f_std/tables/NON_INFERIORITY_AUDIT_CO_TT_R1F_STD.csv | models/interp/work_tt_pinn_co_interp_final_r1f_std/tables/NON_INFERIORITY_AUDIT_CO_TT_R1F_STD.csv
EXACT-0168,3,65a7c0be1f714a304315936490a755fe1e822ba36ff4d42ec2c78cddab1a3f4d,models/interp/completed_runs_pre_visual_refresh/20260829_visual_catalog_r1/intermediate_co_before_profile_bars/workdir/work_tt_pinn_co_interp_final_r1f_std/tables/TRAINING_HISTORY_CO_TT_R1F_STD.csv | models/interp/completed_runs_pre_visual_refresh/20260829_visual_catalog_r1/workdirs/work_tt_pinn_co_interp_final_r1f_std/tables/TRAINING_HISTORY_CO_TT_R1F_STD.csv | models/interp/work_tt_pinn_co_interp_final_r1f_std/tables/TRAINING_HISTORY_CO_TT_R1F_STD.csv
EXACT-0169,3,686e29b5c66b95ee95fa3164e55f9cb9fd946ea8e339228138075b03bf25c50e,models/interp/completed_runs_pre_visual_refresh/20260829_visual_catalog_r1/intermediate_co_before_profile_bars/workdir/work_tt_pinn_co_interp_final_r1f_std/configs/EXPERIMENT_SCOPE_CO_TT_R1F_STD.json | models/interp/completed_runs_pre_visual_refresh/20260829_visual_catalog_r1/workdirs/work_tt_pinn_co_interp_final_r1f_std/configs/EXPERIMENT_SCOPE_CO_TT_R1F_STD.json | models/interp/work_tt_pinn_co_interp_final_r1f_std/configs/EXPERIMENT_SCOPE_CO_TT_R1F_STD.json
EXACT-0170,3,6e20e76ed7f889884982de56c75b2f31fa74019facbcadc3fc03c51998ab2a43,baseline_originals/baseline_co/baseline_envelope_WF03_seed42.csv | models/preliminary test/work_pinn_co_r10f/envelope_WF03_seed42.csv | models/preliminary test/work_pinn_co_r10f_std/envelope_WF03_seed42.csv
EXACT-0171,3,71c60f1222c7eb1a9dc51ae7b8a76257c6556a9bf2285e2da09508e286b4d4c4,models/preliminary test/work_pinn_co_r10f/figures_CO_R10F/11_r2_por_ventana.png | models/preliminary test/work_pinn_co_r10f_std/figures/summary/09_r2_por_ventana.png | models/preliminary test/work_pinn_co_r10f_std/figures_CO_R10F/11_r2_por_ventana.png
EXACT-0172,3,76801f8463ce6c6678ca7cf52361e84c47a84be14d148e24a8b5f5dbae68f43d,models/preliminary test/work_pinn_co_r10f/figures_CO_R10F/05_r2_entrenamiento_WF04_seed42.png | models/preliminary test/work_pinn_co_r10f_std/figures/WF04/02_r2_validacion.png | models/preliminary test/work_pinn_co_r10f_std/figures_CO_R10F/05_r2_entrenamiento_WF04_seed42.png
EXACT-0173,3,79111b4ec0f7c80d8cacf8e1551bf7cf956abfb2b58133a5124a9b1111b92988,models/preliminary test/work_pinn_co_r10f/figures_CO_R10F/16_pcd_conjunto_por_ventana.png | models/preliminary test/work_pinn_co_r10f_std/figures/summary/18_pcd_conjunto_por_ventana.png | models/preliminary test/work_pinn_co_r10f_std/figures_CO_R10F/16_pcd_conjunto_por_ventana.png
EXACT-0174,3,7a9b20cbc2004f589ac67b3248f296969e4e104b669df489c5e48d8a064aea59,models/interp/completed_runs_pre_visual_refresh/20260829_visual_catalog_r1/intermediate_co_before_profile_bars/workdir/work_tt_pinn_co_interp_final_r1f_std/tables/FINAL_METRICS_CO_TT_R1F_STD.csv | models/interp/completed_runs_pre_visual_refresh/20260829_visual_catalog_r1/workdirs/work_tt_pinn_co_interp_final_r1f_std/tables/FINAL_METRICS_CO_TT_R1F_STD.csv | models/interp/work_tt_pinn_co_interp_final_r1f_std/tables/FINAL_METRICS_CO_TT_R1F_STD.csv
EXACT-0175,3,807bb72290ee04218c7c3445ec5b3c92ec841cf3c56d5db375d783e233bd964b,models/preliminary test/work_pinn_co_r10f/figures_CO_R10F/12_rmse_por_ventana.png | models/preliminary test/work_pinn_co_r10f_std/figures/summary/10_rmse_por_ventana.png | models/preliminary test/work_pinn_co_r10f_std/figures_CO_R10F/12_rmse_por_ventana.png
EXACT-0176,3,82ebc9f7409648b7c1ab0d452b1e166eedb1d27b4f3ea8f3e9516d573f9122c8,models/preliminary test/work_pinn_co_r10f/figures_CO_R10F/14_pcd_tit_por_ventana.png | models/preliminary test/work_pinn_co_r10f_std/figures/summary/12_pcd_TIT_por_ventana.png | models/preliminary test/work_pinn_co_r10f_std/figures_CO_R10F/14_pcd_tit_por_ventana.png
EXACT-0177,3,83e445087caaae2f6362f3f766cfb2e1f833348ef9a9f816f1875d3a8d257489,models/preliminary test/work_pinn_co_r10f/figures_CO_R10F/09_residuales_tit_WF04_seed42.png | models/preliminary test/work_pinn_co_r10f_std/figures/WF04/06_residuales_vs_TIT.png | models/preliminary test/work_pinn_co_r10f_std/figures_CO_R10F/09_residuales_tit_WF04_seed42.png
EXACT-0178,3,9041a9408161acdd5fa5ed0f5cc88a4dc2f8cc26da3606f7fdefe38a4dd6750a,baseline_originals/baseline_co/baseline_quantiles_WF01_seed42.csv | models/preliminary test/work_pinn_co_r10f/quantiles_WF01_seed42.csv | models/preliminary test/work_pinn_co_r10f_std/quantiles_WF01_seed42.csv
EXACT-0179,3,94a46a5935887005b37fa9065fa561ee9a528eacb72d61b518299f1df8cec60e,models/preliminary test/work_pinn_co_r10f/figures_CO_R10F/06_serie_WF04_seed42.png | models/preliminary test/work_pinn_co_r10f_std/figures/WF04/03_serie_observado_predicho.png | models/preliminary test/work_pinn_co_r10f_std/figures_CO_R10F/06_serie_WF04_seed42.png
EXACT-0180,3,994ba695c08854dcb55cebb45eca0b41a3111859c860f1cd23492291529c5cb9,models/preliminary test/work_pinn_co_r10f/figures_CO_R10F/10_residuales_cdp_WF04_seed42.png | models/preliminary test/work_pinn_co_r10f_std/figures/WF04/15_residuales_vs_CDP.png | models/preliminary test/work_pinn_co_r10f_std/figures_CO_R10F/10_residuales_cdp_WF04_seed42.png
EXACT-0181,3,a153b081ef07d6f73ea866800e89b81589cb343969cad81211101bbcd838ac14,baseline_originals/baseline_co/baseline_auditoria_dataset_CO_R10F.csv | models/preliminary test/work_pinn_co_r10f/auditoria_dataset_CO_R10F.csv | models/preliminary test/work_pinn_co_r10f_std/auditoria_dataset_CO_R10F.csv
EXACT-0182,3,a1c2c20307836452583ede8f17b1373872ecf8c3fee22e884b7bbfb3f74def81,models/preliminary test/work_pinn_co_r10f/figures_CO_R10F/12_derivadas_tit_WF04_seed42.png | models/preliminary test/work_pinn_co_r10f_std/figures/WF04/08_gradiente_TIT.png | models/preliminary test/work_pinn_co_r10f_std/figures_CO_R10F/12_derivadas_tit_WF04_seed42.png
EXACT-0183,3,a7c25e5a202a92485b24cb683308d22cab27f5aeb6648dc265ddaf876d22746a,baseline_originals/baseline_co/baseline_quantiles_WF04_seed42.csv | models/preliminary test/work_pinn_co_r10f/quantiles_WF04_seed42.csv | models/preliminary test/work_pinn_co_r10f_std/quantiles_WF04_seed42.csv
EXACT-0184,3,a7ec4df2249cb4c37dd47a16524733c674c09e6ec697634c032029811fc7bfef,models/preliminary test/work_pinn_co_r10f/figures_CO_R10F/13_mae_por_ventana.png | models/preliminary test/work_pinn_co_r10f_std/figures/summary/11_mae_por_ventana.png | models/preliminary test/work_pinn_co_r10f_std/figures_CO_R10F/13_mae_por_ventana.png
EXACT-0185,3,aa0c472b952b3ae2868fedd3b895206aa1966fab42b7eef9f6349e67d4690a87,baseline_originals/baseline_co/baseline_envelope_WF01_seed42.csv | models/preliminary test/work_pinn_co_r10f/envelope_WF01_seed42.csv | models/preliminary test/work_pinn_co_r10f_std/envelope_WF01_seed42.csv
EXACT-0186,3,b03a7a02d7b42eecec5e14ee0e414e24c8559363ad75c56c3a9920f41f24604e,models/preliminary test/work_pinn_co_r10f/figures_CO_R10F/19_r2_media_desviacion.png | models/preliminary test/work_pinn_co_r10f_std/figures/summary/13_estabilidad_multisemilla.png | models/preliminary test/work_pinn_co_r10f_std/figures_CO_R10F/19_r2_media_desviacion.png
EXACT-0187,3,b5fa2158e390d642433d9521c520d945340d239e1462a17b859ec4a8b501fcd3,baseline_originals/baseline_co/baseline_quantiles_WF02_seed42.csv | models/preliminary test/work_pinn_co_r10f/quantiles_WF02_seed42.csv | models/preliminary test/work_pinn_co_r10f_std/quantiles_WF02_seed42.csv
EXACT-0188,3,ba36e19602258d2c92d4779d89b8b59dbd6ebaab4d5df39de0711162a585db90,models/preliminary test/work_pinn_co_r10f/figures_CO_R10F/07_paridad_WF04_seed42.png | models/preliminary test/work_pinn_co_r10f_std/figures/WF04/04_paridad_observado_predicho.png | models/preliminary test/work_pinn_co_r10f_std/figures_CO_R10F/07_paridad_WF04_seed42.png
EXACT-0189,3,cb7ec94c0ad88e13ef0e501a2e241fec457acc2fdd43ef8369c02377eba344a4,models/wf/work_pinn_nox_wf_opt_r2_poc_efficient/audit/REPRODUCIBILITY_CHECKS_NOX_WF_R2.csv | models/wf/work_pinn_nox_wf_opt_r3_poc_efficient/audit/REPRODUCIBILITY_CHECKS_NOX_WF_R3.csv | recovery_backups/work_pinn_nox_wf_opt_r3_polluted_reenqueue_20260818T173649/audit/REPRODUCIBILITY_CHECKS_NOX_WF_R3.csv
EXACT-0190,3,cd0bae29d7bb3b470674a32a363d5c4ab0f66665ece1687a9ff194222d3cd92a,models/wf/work_pinn_co_wf_opt_r3_poc_efficient/audit/OPTUNA_TRIAL_COUNTS_CO_WF_R3.json | models/wf/work_pinn_nox_wf_opt_r2_poc_efficient/audit/OPTUNA_TRIAL_COUNTS_NOX_WF_R2.json | models/wf/work_pinn_nox_wf_opt_r3_poc_efficient/audit/OPTUNA_TRIAL_COUNTS_NOX_WF_R3.json
EXACT-0191,3,cd401440e16d0f8087c93d4e244e1ebeae280c3b4ca63f36e676935e920e3f73,models/preliminary test/work_pinn_co_r10f/figures_CO_R10F/15_pcd_cdp_por_ventana.png | models/preliminary test/work_pinn_co_r10f_std/figures/summary/17_pcd_CDP_por_ventana.png | models/preliminary test/work_pinn_co_r10f_std/figures_CO_R10F/15_pcd_cdp_por_ventana.png
EXACT-0192,3,d98fa4f64f21f879ec51d47828b272238efe7838f4b3230fdcaa690fe228844d,models/preliminary test/work_pinn_co_r10f/figures_CO_R10F/13_derivadas_cdp_WF04_seed42.png | models/preliminary test/work_pinn_co_r10f_std/figures/WF04/16_gradiente_CDP.png | models/preliminary test/work_pinn_co_r10f_std/figures_CO_R10F/13_derivadas_cdp_WF04_seed42.png
EXACT-0193,3,daf7be5ab326fe362a8a986e0ee3d583e1d2f9dc4ec7540341d1a3987088a4ac,models/preliminary test/work_pinn_co_r10f/figures_CO_R10F/01_perdida_total_WF04_seed42.png | models/preliminary test/work_pinn_co_r10f_std/figures/WF04/01_perdidas_entrenamiento.png | models/preliminary test/work_pinn_co_r10f_std/figures_CO_R10F/01_perdida_total_WF04_seed42.png
EXACT-0194,3,e1d5cc41dcb656bda5c9002ab066e6f853095c7ee2c2f8c8664bfb659bd4ae2b,models/interp/completed_runs_pre_visual_refresh/20260829_visual_catalog_r1/intermediate_co_before_profile_bars/workdir/work_tt_pinn_co_interp_final_r1f_std/tables/DENSE_VS_TT_COMPARISON_CO_TT_R1F_STD.csv | models/interp/completed_runs_pre_visual_refresh/20260829_visual_catalog_r1/workdirs/work_tt_pinn_co_interp_final_r1f_std/tables/DENSE_VS_TT_COMPARISON_CO_TT_R1F_STD.csv | models/interp/work_tt_pinn_co_interp_final_r1f_std/tables/DENSE_VS_TT_COMPARISON_CO_TT_R1F_STD.csv
EXACT-0195,3,e4047782d98bc82bfb03111316916a8c35c2de069654a62f6fe4ca5b9a2a9822,models/interp/completed_runs_pre_visual_refresh/20260829_visual_catalog_r1/intermediate_co_before_profile_bars/workdir/work_tt_pinn_co_interp_final_r1f_std/tables/PHYSICS_AUDIT_CO_TT_R1F_STD.csv | models/interp/completed_runs_pre_visual_refresh/20260829_visual_catalog_r1/workdirs/work_tt_pinn_co_interp_final_r1f_std/tables/PHYSICS_AUDIT_CO_TT_R1F_STD.csv | models/interp/work_tt_pinn_co_interp_final_r1f_std/tables/PHYSICS_AUDIT_CO_TT_R1F_STD.csv
EXACT-0196,3,f4b209204aecb7cd7278d8a479b5352c9aad2b023a31dcdec3f88e9761b2f1ec,models/preliminary test/work_pinn_co_r10f/figures_CO_R10F/11_histograma_residuales_WF04_seed42.png | models/preliminary test/work_pinn_co_r10f_std/figures/WF04/07_histograma_residuales.png | models/preliminary test/work_pinn_co_r10f_std/figures_CO_R10F/11_histograma_residuales_WF04_seed42.png
EXACT-0197,3,fa45777b368d0b0821b7ca8a3e3a4b18e3427fb05ea8b299c160cc677327b438,baseline_originals/baseline_co/baseline_quantiles_WF03_seed42.csv | models/preliminary test/work_pinn_co_r10f/quantiles_WF03_seed42.csv | models/preliminary test/work_pinn_co_r10f_std/quantiles_WF03_seed42.csv
EXACT-0198,2,01012f1e21c57d643eb7544852b756a94291843847892b95eed1a93a089f3383,models/preliminary test/work_pinn_co_r9/logs/initial_gap168.out.log | recovery_backups/CO_R9_RECOVERY_20260811T010648220/work_pinn_co_r9/logs/initial_gap168.out.log
EXACT-0199,2,01513b943031f2f09cc885b5f78ac3f4cd3c8874ba394663638ad471bb996b7a,baseline_originals/baseline_nox/baseline_models/PINN_NOX_R8F_WF03_seed126.pt | models/preliminary test/work_pinn_nox_r8f/models_R8F/PINN_NOX_R8F_WF03_seed126.pt
EXACT-0200,2,015d03cde86db63f7b544907d1f3e80aafeed802c44aa4f2cdf42b41b1b7f590,models/wf/work_xgboost_co_wf_final_r2f_budget_matched/configs/BEST_CONFIG_XGBOOST_CO_WF_BUDGET_MATCHED_R2.json | models/wf/work_xgboost_co_wf_opt_r2_budget_matched/configs/BEST_CONFIG_XGBOOST_CO_WF_BUDGET_MATCHED_R2.json
EXACT-0201,2,016d09c3005b088a0a43b25ca58cc010543db02556f7dda5feea752a195888cc,models/interp/work_xgboost_nox_interp_final_r2f_budget_matched/configs/FINAL_TRAINING_POLICY_XGBOOST_NOX_INTERP_R2.json | models/interp/work_xgboost_nox_interp_opt_r2_budget_matched/configs/FINAL_TRAINING_POLICY_XGBOOST_NOX_INTERP_R2.json
EXACT-0202,2,01cee2e98436bcb93ffe3d6bccfa7c98115eab714b9f8bbad9cf900697c73ec1,models/wf/work_xgboost_co_wf_final_r2f_budget_matched/tables/benchmark_probe_float32.npy | models/wf/work_xgboost_nox_wf_final_r2f_budget_matched/tables/benchmark_probe_float32.npy
EXACT-0203,2,020a594f47f4c2ff82837448b6b1c3b7f5e7b095818c2595647c4de1948b29ad,baseline_originals/baseline_nox/baseline_models/PINN_NOX_R8F_WF03_seed42.pt | models/preliminary test/work_pinn_nox_r8f/models_R8F/PINN_NOX_R8F_WF03_seed42.pt
EXACT-0204,2,0320c5fb4a76b97ecdfd9b3e06241b1261b302c3b00a65f7695709cb71e41496,models/interp/work_pinn_nox_interp_opt_r4_poc_efficient/audit/REPRODUCIBILITY_CHECKS_NOX_INTERP_R4.csv | models/interp/work_pinn_nox_interp_opt_r5_poc_efficient/audit/REPRODUCIBILITY_CHECKS_NOX_INTERP_R5.csv
EXACT-0205,2,03715abd042a7e5191549169f047724795633926650f62b4a1bbe469807170a6,models/interp/completed_runs_pre_visual_refresh/20260829_visual_catalog_r1/intermediate_co_before_profile_bars/workdir/work_tt_pinn_co_interp_final_r1f_std/figures/FINAL-04_test_residual_vs_predicted.png | models/interp/work_tt_pinn_co_interp_final_r1f_std/figures/FINAL-04_test_residual_vs_predicted.png
EXACT-0206,2,03d815ba5f0d2f4c4b559af2600205cc55f9bf2b228670734dc038d2655efbcd,models/preliminary test/work_pinn_co_r10f_std/models/WF01/PINN_CO_R10F_WF01_seed42.pt | models/preliminary test/work_pinn_co_r10f_std/models_CO_R10F/PINN_CO_R10F_WF01_seed42.pt
EXACT-0207,2,03f239671e2b93f4fdd6cc01b51864c47de8690a3170e84b42a0d5484b57c3cd,models/preliminary test/work_pinn_co_r9/optuna/development/CO_R9_GAP168_CDP_NEG.sqlite3 | recovery_backups/CO_R9_RECOVERY_20260811T010648220/work_pinn_co_r9/optuna/development/CO_R9_GAP168_CDP_NEG.sqlite3
EXACT-0208,2,05caa957dc601eefaa00bad009e6073c1dc4ad4b46d3c63703128660946263af,models/wf/work_xgboost_co_wf_final_r1f_std/configs/BEST_CONFIG_XGBOOST_CO_WF_R1.json | models/wf/work_xgboost_co_wf_opt_r1_poc_efficient/configs/BEST_CONFIG_XGBOOST_CO_WF_R1.json
EXACT-0209,2,0615292f09a5a771e02749654f7b8e3280ae8295440d6405657e6c58f1cfa3cf,models/preliminary test/work_pinn_co_r9/optuna/development/CO_R9_GAP0_TIT_NEG.sqlite3 | recovery_backups/CO_R9_RECOVERY_20260811T010648220/work_pinn_co_r9/optuna/development/CO_R9_GAP0_TIT_NEG.sqlite3
EXACT-0210,2,061c98d77e5c7ffb1fe9988639ad7f7bfd120b45f73a3ccd1d6bb3cfb1e4a292,models/preliminary test/work_pinn_co_r10f_std/figures/WF03/04_paridad_observado_predicho.png | models/preliminary test/work_pinn_co_r10f_std/figures_CO_R10F/07_paridad_WF03_seed42.png
EXACT-0211,2,06a8b8175a9b0065dd19c82e4a3bdb04c5ae27693ea3c28b9758a3b1a22a01f4,baseline_originals/baseline_co/baseline_resultados_CO_R10F.csv | models/preliminary test/work_pinn_co_r10f/resultados_CO_R10F.csv
EXACT-0212,2,06fd3725ff885c65578e9ad6b34455401f769b877421e34684b1743375687d44,models/preliminary test/work_pinn_co_r9/optuna/development/CO_R9_GAP72_TIT_NEG.sqlite3 | recovery_backups/CO_R9_RECOVERY_20260811T010648220/work_pinn_co_r9/optuna/development/CO_R9_GAP72_TIT_NEG.sqlite3
EXACT-0213,2,097abcfa6befca8065b219dfe7ebe330cc5e3adbc4d8a634eedeb232f3cabd7f,baseline_originals/baseline_nox/baseline_resumen_R8F.csv | models/preliminary test/work_pinn_nox_r8f/resumen_R8F.csv
EXACT-0214,2,0aac9075b97358702be8c6168addd107f930e364f1d29ed3281aaa45e3406b04,models/preliminary test/work_pinn_nox_r8f_std/models/WF04/PINN_NOX_R8F_WF04_seed105.pt | models/preliminary test/work_pinn_nox_r8f_std/models_R8F/PINN_NOX_R8F_WF04_seed105.pt
EXACT-0215,2,0ab61138bdd909d02e6f383dc87e13fe481bc8a9b7a2a08a3b442518170acb27,models/interp/completed_runs_pre_visual_refresh/20260829_visual_catalog_r1/workdirs/work_tt_pinn_nox_interp_final_r1f_std/tables/FINAL_METRICS_NOX_TT_R1F_STD.csv | models/interp/work_tt_pinn_nox_interp_final_r1f_std/tables/FINAL_METRICS_NOX_TT_R1F_STD.csv
EXACT-0216,2,0afcf4cee5238bec97125eacb48f6b1ab0914945d51d00a07549ac10d40f680b,models/interp/work_pinn_nox_interp_final_r4_std/tables/test_predictions.csv | models/interp/work_pinn_nox_interp_final_r5_std/tables/test_predictions.csv
EXACT-0217,2,0b0030f3d719dea43c2c49e089e7e902549f54e30bc6a080ad7530a27f3e91e4,models/wf/work_xgboost_nox_wf_final_r1f_std/configs/BEST_CONFIG_XGBOOST_NOX_WF_R1.json | models/wf/work_xgboost_nox_wf_opt_r1_poc_efficient/configs/BEST_CONFIG_XGBOOST_NOX_WF_R1.json
EXACT-0218,2,0b7cd15c4bbb66b1be82e9017f2f7e644452e3a15418ec74a5ce969a5c107d0c,models/interp/work_xgboost_co_interp_final_r2f_budget_matched/configs/BEST_CONFIG_XGBOOST_CO_INTERP_BUDGET_MATCHED_R2.json | models/interp/work_xgboost_co_interp_opt_r2_budget_matched/configs/BEST_CONFIG_XGBOOST_CO_INTERP_BUDGET_MATCHED_R2.json
EXACT-0219,2,0fd11c2cd37d272b57e096f620248f28d696487db5ffa6f1e88e48e38ffc5b8f,baseline_originals/baseline_nox/baseline_models/PINN_NOX_R8F_WF01_seed21.pt | models/preliminary test/work_pinn_nox_r8f/models_R8F/PINN_NOX_R8F_WF01_seed21.pt
EXACT-0220,2,0fd67eb5f31162e8347f49c6bc861ffd0710497312ae7165495e783014493e72,models/preliminary test/work_pinn_nox_r8f_std/figures/WF03/04_paridad_observado_predicho.png | models/preliminary test/work_pinn_nox_r8f_std/figures_R8F/04_paridad_WF03_seed42.png
EXACT-0221,2,0fdfe34644bc64fbe2a0c59610a1eee4a698e22b1bb9c1cac12406829ed0d056,models/preliminary test/work_pinn_nox_r8f_std/models/WF04/PINN_NOX_R8F_WF04_seed42.pt | models/preliminary test/work_pinn_nox_r8f_std/models_R8F/PINN_NOX_R8F_WF04_seed42.pt
EXACT-0222,2,107d5dfc7b53ea4fa486241c2c54fec6a33dde0eab2bad3baf3bb260d3a9e2e2,models/preliminary test/work_pinn_nox_r8f_std/figures/WF02/01_perdidas_entrenamiento.png | models/preliminary test/work_pinn_nox_r8f_std/figures_R8F/01_perdidas_WF02_seed42.png
EXACT-0223,2,111899d5ab43cb4b8d90c377016f18e58f9d529ee713c333be3531c90154a6b3,models/wf/work_pinn_co_wf_opt_r3_poc_efficient/audit/EXECUTED_LOCAL_04_Gold_Standard_PINN_CO_WF_OPT - R3_POC_EFFICIENT.ipynb | notebooks/04_Gold_Standard_PINN_CO_WF_OPT - R3_POC_EFFICIENT - LOCAL_EXECUTED.ipynb
EXACT-0224,2,11eb183fd363b953eed0718ce3e1d57e7b830fcfa52344426559c8f5c0670f67,models/preliminary test/work_pinn_co_r9/optuna/smoke/SMOKE_GAP0_NONE.sqlite3 | recovery_backups/CO_R9_RECOVERY_20260811T010648220/work_pinn_co_r9/optuna/smoke/SMOKE_GAP0_NONE.sqlite3
EXACT-0225,2,1294e11b36ce7436e41c661ca4981048e8e4f9d49c8e3dd7b0af658ee27211f4,models/wf/work_pinn_wf_protocol/audit/WF_DATA_HASHES_AFTER.csv | models/wf/work_pinn_wf_protocol/audit/WF_DATA_HASHES_BEFORE.csv
EXACT-0226,2,1407e1ae3e802e970129a95712d77b53305fa7822d0995637bb098beb1459509,models/interp/work_xgboost_nox_interp_final_r1f_std/configs/BEST_CONFIG_XGBOOST_NOX_INTERP.json | models/interp/work_xgboost_nox_interp_opt_r1_poc_efficient/configs/BEST_CONFIG_XGBOOST_NOX_INTERP.json
EXACT-0227,2,14c010f8ee181054fd4aa15c5d315f02433a1c66330bf64e4d45ce8c9a2eb651,models/interp/work_pinn_nox_interp_final_r4_std/tables/test_summary_multiseed.csv | models/interp/work_pinn_nox_interp_final_r5_std/tables/test_summary_multiseed.csv
EXACT-0228,2,15a69fc2c100004b3021f1a14d8c3c1c1f0e6da51addef1fb302c17d43e34163,models/interp/work_pinn_co_interp_opt_r5/audit_retrospective/06_CONFIRMATION_FAILURE_RECOVERY.csv | models/interp/work_pinn_co_interp_opt_r5/audit_retrospective/07_FINAL_PHASE_FAILURE_RECOVERY.csv
EXACT-0229,2,15f8fb971cc71472bf5f4372341e7a89267b04d67a50fa41acef08877e25080e,models/preliminary test/work_pinn_co_r10f_std/models/WF03/PINN_CO_R10F_WF03_seed168.pt | models/preliminary test/work_pinn_co_r10f_std/models_CO_R10F/PINN_CO_R10F_WF03_seed168.pt
EXACT-0230,2,169a14cdf590c6b87d6b4f9095d0366c57d56fb2f13e4d354de2c6dcbe2bbe4e,models/interp/work_xgboost_co_interp_final_r2f_budget_matched/configs/DEPLOYMENT_BUDGET_CONTRACT_XGBOOST_CO_INTERP_R2.json | models/interp/work_xgboost_co_interp_opt_r2_budget_matched/configs/DEPLOYMENT_BUDGET_CONTRACT_XGBOOST_CO_INTERP_R2.json
EXACT-0231,2,16c9cf263c70423a837e075c5d04f6a8a6af1378a5d497f84397139550088f4b,models/preliminary test/work_pinn_co_r10f_std/models/WF04/PINN_CO_R10F_WF04_seed63.pt | models/preliminary test/work_pinn_co_r10f_std/models_CO_R10F/PINN_CO_R10F_WF04_seed63.pt
EXACT-0232,2,17141d337619f53c16130505c4e380c910fc042a1e4d4b1c0680ce7e98ef64db,models/preliminary test/work_pinn_nox_r8f_std/models/WF04/PINN_NOX_R8F_WF04_seed210.pt | models/preliminary test/work_pinn_nox_r8f_std/models_R8F/PINN_NOX_R8F_WF04_seed210.pt
EXACT-0233,2,1731811aacc40b6f198132c6c97b76e7307df8f8f3addbe866d340a28bcb4342,models/preliminary test/work_pinn_nox_r8f_std/models/WF03/PINN_NOX_R8F_WF03_seed42.pt | models/preliminary test/work_pinn_nox_r8f_std/models_R8F/PINN_NOX_R8F_WF03_seed42.pt
EXACT-0234,2,198c1c67b2377dd410953d9fa56fa76c915915f50b263688e7db6e13a4630598,models/preliminary test/work_pinn_nox_r8f_std/figures/summary/09_r2_por_ventana.png | models/preliminary test/work_pinn_nox_r8f_std/figures_R8F/09_r2_por_ventana.png
EXACT-0235,2,1a0fbfd0785d994dded3e4d77973541572d372b7c8af9fdf3ae9a242b372145f,models/preliminary test/work_pinn_co_r9/optuna/development/CO_R9_GAP72_CDP_NEG.sqlite3 | recovery_backups/CO_R9_RECOVERY_20260811T010648220/work_pinn_co_r9/optuna/development/CO_R9_GAP72_CDP_NEG.sqlite3
EXACT-0236,2,1a14aaeb85ae4c9c08e5f571e9aa975008c82418bc9bf584e25a69101ba579cd,models/preliminary test/work_pinn_co_r9/optuna/smoke/SMOKE_GAP0_TIT_NEG.sqlite3 | recovery_backups/CO_R9_RECOVERY_20260811T010648220/work_pinn_co_r9/optuna/smoke/SMOKE_GAP0_TIT_NEG.sqlite3
EXACT-0237,2,1c74f3c2624d396e58d0347fefb8aece95043f26c416d8aebc55fab7609dfdac,models/preliminary test/work_pinn_co_r10f_std/figures/WF01/01_perdidas_entrenamiento.png | models/preliminary test/work_pinn_co_r10f_std/figures_CO_R10F/01_perdida_total_WF01_seed42.png
EXACT-0238,2,1ca50d6a83cf9d98ae0484566138051b32c73430813b069e0047cbaa5e303f98,models/preliminary test/work_scripts/pinn_co_r9_watchdog.py | recovery_backups/CO_R9_RECOVERY_20260811T010648220/work_scripts/pinn_co_r9_watchdog.py
EXACT-0239,2,1d8c938b110d5a57e58db37b4a94debb742233fc6631c18cb0d315e67e7b26dd,baseline_originals/baseline_nox/baseline_models/PINN_NOX_R8F_WF04_seed21.pt | models/preliminary test/work_pinn_nox_r8f/models_R8F/PINN_NOX_R8F_WF04_seed21.pt
EXACT-0240,2,1de15bc1f8d2294aa423368a0ad3e1525a9a9501e7ae4c0c755383274e41fa50,models/preliminary test/work_pinn_co_r10f_std/models/WF04/PINN_CO_R10F_WF04_seed189.pt | models/preliminary test/work_pinn_co_r10f_std/models_CO_R10F/PINN_CO_R10F_WF04_seed189.pt
EXACT-0241,2,1e116f496ebc9125f7d5041c693838f5b9cc0daa2b53fd010293705db43b9dd0,notebooks/preliminary test/.bkup/04_Gold_Standard_PINN_NOX_INTERP_OPT - R1_draft.ipynb | notebooks/preliminary test/.bkup/04_Gold_Standard_PINN_NOX_INTERP_OPT - R1_fail.ipynb
EXACT-0242,2,1e2b1bc01ad98b63b9b36ca0a9360a0b370004fb7f34d57e351fa954ae09d8d6,models/preliminary test/work_pinn_nox_r8f_std/figures/WF02/06_residuales_vs_TIT.png | models/preliminary test/work_pinn_nox_r8f_std/figures_R8F/06_residuales_tit_WF02_seed42.png
EXACT-0243,2,1e3f65fe754cc2e3a77b3b1e5d67d9b124177d5571d65456298b4beffabf05f0,models/wf/work_pinn_nox_wf_final_r3_std/configs/FINAL_TRAINING_POLICY_NOX_WF_R3.json | models/wf/work_pinn_nox_wf_opt_r3_poc_efficient/configs/FINAL_TRAINING_POLICY_NOX_WF_R3.json
EXACT-0244,2,1e6f39f640b58e00b90297c1f6ee996b78aabeddef12f5bab827464212a2e010,models/preliminary test/work_pinn_co_r10f_std/figures/WF01/06_residuales_vs_TIT.png | models/preliminary test/work_pinn_co_r10f_std/figures_CO_R10F/09_residuales_tit_WF01_seed42.png
EXACT-0245,2,1eaaf8f9a729eb7c57f17cfe4d68ba77583039536de5026c83dcebdc3b0a361b,models/preliminary test/work_pinn_nox_r8f_std/models/WF01/PINN_NOX_R8F_WF01_seed42.pt | models/preliminary test/work_pinn_nox_r8f_std/models_R8F/PINN_NOX_R8F_WF01_seed42.pt
EXACT-0246,2,1f7ec41e0ca1881fb49bdd131d43b350f1ecb16e501b8627a113a55cdb82fcbb,models/preliminary test/work_pinn_co_r9/optuna/smoke/SMOKE_GAP72_CDP_NEG.sqlite3 | recovery_backups/CO_R9_RECOVERY_20260811T010648220/work_pinn_co_r9/optuna/smoke/SMOKE_GAP72_CDP_NEG.sqlite3
EXACT-0247,2,1f9c1bc7ca4d0d696c82283d1dd910010b1fa54e0861f46ad062a2ccccb9c512,models/preliminary test/work_pinn_co_r10f_std/figures/WF02/08_gradiente_TIT.png | models/preliminary test/work_pinn_co_r10f_std/figures_CO_R10F/12_derivadas_tit_WF02_seed42.png
EXACT-0248,2,20247d284548ea035e9b834dd80e1d6d6b254a45ec0da4f3adefcbd6d9deedb1,models/preliminary test/work_pinn_co_r10f/figures_CO_R10F/03_perdida_fisica_tit_WF04_seed42.png | models/preliminary test/work_pinn_co_r10f_std/figures_CO_R10F/03_perdida_fisica_tit_WF04_seed42.png
EXACT-0249,2,2052eeb9f9f0490c809849aa95ca5428cbd51c8fa28ca0513101cf84812ed63c,baseline_originals/baseline_co/baseline_models/PINN_CO_R10F_WF04_seed147.pt | models/preliminary test/work_pinn_co_r10f/models_CO_R10F/PINN_CO_R10F_WF04_seed147.pt
EXACT-0250,2,20c4cbc97ed3a7382c392bb419aebc226fab6da6a999ab57634b30414ee6ecdd,models/interp/work_pinn_nox_interp_opt_r6/optuna/development/NOX_INTERP_DEVELOPMENT_r6_autonomous_tpe_tit_inc_2plus3_top5_staged_escalation_lbfgs_1a1706f37198.sqlite3.sha256 | models/interp/work_pinn_nox_interp_opt_r6/optuna/development/OPTUNA_SNAPSHOT_NOX_R6.sqlite3.sha256
EXACT-0251,2,221cef6a0e4e726084415775199dc192c17eb5d1c19c10d6f7abd48112befd24,models/preliminary test/work_pinn_nox_r8f_std/figures/WF04/05_residuales_vs_prediccion.png | models/preliminary test/work_pinn_nox_r8f_std/figures_R8F/05_residuales_prediccion_WF04_seed42.png
EXACT-0252,2,223ce16028f5dda4d4716e9658607de9fd59d2bbb47a13d8eb5cd939657f895a,baseline_originals/baseline_co/baseline_models/PINN_CO_R10F_WF04_seed21.pt | models/preliminary test/work_pinn_co_r10f/models_CO_R10F/PINN_CO_R10F_WF04_seed21.pt
EXACT-0253,2,22d4250e409043ac19c0c8ddafc131168c79d52aac515c6a1af68a67c3ee91ac,models/interp/completed_runs_pre_visual_refresh/20260829_visual_catalog_r1/intermediate_co_before_profile_bars/workdir/work_tt_pinn_co_interp_final_r1f_std/figures/FINAL-07_physical_PDP_CDP.png | models/interp/work_tt_pinn_co_interp_final_r1f_std/figures/FINAL-07_physical_PDP_CDP.png
EXACT-0254,2,237c36ae0710d357f77ddf9af740702e7328a0594ed928746f9e9ba72be4b908,models/interp/work_pinn_nox_interp_final_r4_std/figures/test/05_gradiente_TIT_TEST_seed42.png | models/interp/work_pinn_nox_interp_final_r5_std/figures/test/05_gradiente_TIT_TEST_seed42.png
EXACT-0255,2,24c066ed53833f68a3747998f6ec204f3b316cdb3e9cb632bbf5e02625f8c80d,models/interp/work_pinn_nox_interp_final_r4_std/figures/test/02_serie_ensamble_DEV.png | models/interp/work_pinn_nox_interp_final_r5_std/figures/test/02_serie_ensamble_DEV.png
EXACT-0256,2,25747b51498c9b28bd9b4cdf1518e4c739901f17aa58e08576d88668a116c42a,models/preliminary test/work_pinn_nox_r8f_std/models/WF03/PINN_NOX_R8F_WF03_seed168.pt | models/preliminary test/work_pinn_nox_r8f_std/models_R8F/PINN_NOX_R8F_WF03_seed168.pt
EXACT-0257,2,25e0ed2e19352dc848a1fffb46a1263dcb85993724c3b332f1d5575cbc80aaee,models/wf/work_xgboost_co_wf_final_r2f_budget_matched/audit/raw_source_authentication_pretest.json | models/wf/work_xgboost_nox_wf_final_r2f_budget_matched/audit/raw_source_authentication_pretest.json
EXACT-0258,2,2626fd7977fd440b001647ca78a3aa45e0dc6c2247a1b62e7fffd6acc95cd685,models/preliminary test/work_pinn_co_r9/optuna/development/CO_R9_GAP72_NONE.sqlite3 | recovery_backups/CO_R9_RECOVERY_20260811T010648220/work_pinn_co_r9/optuna/development/CO_R9_GAP72_NONE.sqlite3
EXACT-0259,2,26864a4086bd4e8a977cd56b8e8637ed4a4d9ebb9a50e42bcda9fb0acc352a4c,models/preliminary test/work_pinn_nox_r8f_std/figures/WF04/04_paridad_observado_predicho.png | models/preliminary test/work_pinn_nox_r8f_std/figures_R8F/04_paridad_WF04_seed42.png
EXACT-0260,2,28e71102330c7fac8fd3066ecdce886e8b61204ed395737f29a5db8511957d09,models/preliminary test/work_pinn_nox_r8f_std/figures/WF01/08_gradiente_TIT.png | models/preliminary test/work_pinn_nox_r8f_std/figures_R8F/08_derivadas_tit_WF01_seed42.png
EXACT-0261,2,299825be32d24b70d14022513258bb78140c2e3aca7e9e8e2acbd588f018ecc7,baseline_originals/baseline_co/baseline_models/PINN_CO_R10F_WF03_seed84.pt | models/preliminary test/work_pinn_co_r10f/models_CO_R10F/PINN_CO_R10F_WF03_seed84.pt
EXACT-0262,2,29f76b57490ee3e2267b4f257c286f65ad0e2305be8d6a5bf32f3f78bb13e5ef,models/preliminary test/work_pinn_co_r10f_std/figures/WF02/01_perdidas_entrenamiento.png | models/preliminary test/work_pinn_co_r10f_std/figures_CO_R10F/01_perdida_total_WF02_seed42.png
EXACT-0263,2,2a4fb1f7ddd89e650dbde89168dad2e1aec000251094138797d45558fa05fabf,models/preliminary test/work_pinn_co_r9/optuna/smoke/SMOKE_GAP72_TIT_CDP_NEG.sqlite3 | recovery_backups/CO_R9_RECOVERY_20260811T010648220/work_pinn_co_r9/optuna/smoke/SMOKE_GAP72_TIT_CDP_NEG.sqlite3
EXACT-0264,2,2b3f39d97c2c14f7d6cae1ba0e1fd7af589a6c106cbfc0558a39757d720393a8,baseline_originals/baseline_co/baseline_models/PINN_CO_R10F_WF02_seed126.pt | models/preliminary test/work_pinn_co_r10f/models_CO_R10F/PINN_CO_R10F_WF02_seed126.pt
EXACT-0265,2,2b4286fafd32b508573d765d39ea2b4ebdae432e0f5b461aa60912cfa040c391,baseline_originals/baseline_nox/baseline_models/PINN_NOX_R8F_WF04_seed210.pt | models/preliminary test/work_pinn_nox_r8f/models_R8F/PINN_NOX_R8F_WF04_seed210.pt
EXACT-0266,2,2b45b521782d760cefb50c7ead568fbf3d919eca8d75c9786ea8a753a31d5097,models/interp/work_pinn_nox_interp_opt_r4_poc_efficient/tables/BEST_EPOCH_SUMMARY_NOX_INTERP_R4.csv | models/interp/work_pinn_nox_interp_opt_r5_poc_efficient/tables/BEST_EPOCH_SUMMARY_NOX_INTERP_R5.csv
EXACT-0267,2,2b6964526e245212d064bd559c6ccd9fa09abceff34d0b99f31edefdd0829781,baseline_originals/baseline_nox/baseline_models/PINN_NOX_R8F_WF04_seed189.pt | models/preliminary test/work_pinn_nox_r8f/models_R8F/PINN_NOX_R8F_WF04_seed189.pt
EXACT-0268,2,2c739c2e3f849d7705b14c0f4cc613d80d56e1987a40bd84296d9bd77ce43c1f,models/preliminary test/work_pinn_co_r10f_std/models/WF02/PINN_CO_R10F_WF02_seed21.pt | models/preliminary test/work_pinn_co_r10f_std/models_CO_R10F/PINN_CO_R10F_WF02_seed21.pt
EXACT-0269,2,2ded1b195895ce0e879a8174212a8230928e2dbd1d107b8f7e670ed288196b36,models/preliminary test/work_pinn_co_r9/tables/resultados_confirmacion_multisemilla.csv | models/preliminary test/work_pinn_co_r9/tables/resultados_confirmacion_multisemilla_RECOVERED.csv
EXACT-0270,2,2f341f0ee1e9a6c08ed6a2f68681f520b49678eb4e84d8b3256dc6761e1e64e7,models/wf/work_pinn_co_wf_final_r3_std/configs/FINAL_TRAINING_POLICY_CO_WF_R3.json | models/wf/work_pinn_co_wf_opt_r3_poc_efficient/configs/FINAL_TRAINING_POLICY_CO_WF_R3.json
EXACT-0271,2,2f4147d338988506f16b00ce067c0a12e2a4bbe6820823fb564f926ddf01ce59,models/preliminary test/work_pinn_co_r10f_std/figures/WF01/03_serie_observado_predicho.png | models/preliminary test/work_pinn_co_r10f_std/figures_CO_R10F/06_serie_WF01_seed42.png
EXACT-0272,2,302feff19f4568d83485a32ed0720315bb03bf3e398945ac5a0508db27b88d9b,models/preliminary test/work_pinn_co_r10f_std/figures/WF01/05_residuales_vs_prediccion.png | models/preliminary test/work_pinn_co_r10f_std/figures_CO_R10F/08_residuales_prediccion_WF01_seed42.png
EXACT-0273,2,3064e1de7900e08e9a894cac138a8da82552a55c35d470b39c4db22c552ae1d7,models/preliminary test/work_pinn_nox_r8f_std/models/WF01/PINN_NOX_R8F_WF01_seed168.pt | models/preliminary test/work_pinn_nox_r8f_std/models_R8F/PINN_NOX_R8F_WF01_seed168.pt
EXACT-0274,2,30a13bc7aa152754b4250e3ec9b59b20a9ba6c1a697fa16eaa6a786b4c10ac9c,models/preliminary test/work_pinn_co_r10f_std/figures/WF01/04_paridad_observado_predicho.png | models/preliminary test/work_pinn_co_r10f_std/figures_CO_R10F/07_paridad_WF01_seed42.png
EXACT-0275,2,327fbcb95a140c741216b6634f9197e8212748686a7a8f9f1d581a3911cec849,models/preliminary test/work_pinn_co_r10f_std/models/WF02/PINN_CO_R10F_WF02_seed126.pt | models/preliminary test/work_pinn_co_r10f_std/models_CO_R10F/PINN_CO_R10F_WF02_seed126.pt
EXACT-0276,2,331118d94c971906e0c7ee8bf627b55e039722b53094edec8ffd2a7b3c3e4526,models/preliminary test/work_pinn_co_r9/optuna/smoke/SMOKE_GAP168_NONE.sqlite3 | recovery_backups/CO_R9_RECOVERY_20260811T010648220/work_pinn_co_r9/optuna/smoke/SMOKE_GAP168_NONE.sqlite3
EXACT-0277,2,336f735a954c1484bc916cdd918a4ca6bf4ceae4f449960b60598e6e07a4e193,baseline_originals/baseline_co/baseline_models/PINN_CO_R10F_WF04_seed210.pt | models/preliminary test/work_pinn_co_r10f/models_CO_R10F/PINN_CO_R10F_WF04_seed210.pt
EXACT-0278,2,34dcae09c0e461b4f746e06d07784a2effa1f040f24811dab16f3cc1d7def507,models/wf/work_xgboost_co_wf_opt_r2_budget_matched/configs/operating_points/OP2_RELAXED_2X/fallback_POLICY.json | models/wf/work_xgboost_co_wf_opt_r2_budget_matched/configs/operating_points/OP2_RELAXED_2X/winner_POLICY.json
EXACT-0279,2,356915cbef5b1b6f002d53bcd3c49dc6055429210c1408922c5d57cf75c805a5,models/wf/work_xgboost_nox_wf_final_r2f_budget_matched/configs/DEPLOYMENT_BUDGET_CONTRACT_XGBOOST_NOX_WF_R2.json | models/wf/work_xgboost_nox_wf_opt_r2_budget_matched/configs/DEPLOYMENT_BUDGET_CONTRACT_XGBOOST_NOX_WF_R2.json
EXACT-0280,2,357257fd7df5677bd004c0f62589213aef18de97fa91c799ece547e3a117c6db,models/preliminary test/work_pinn_nox_r8f_std/figures/WF02/05_residuales_vs_prediccion.png | models/preliminary test/work_pinn_nox_r8f_std/figures_R8F/05_residuales_prediccion_WF02_seed42.png
EXACT-0281,2,36678edc13438871e1d06713c4f069f2c8bbbc9187a289557343fca8acb357ff,models/preliminary test/work_pinn_co_r10f_std/models/WF04/PINN_CO_R10F_WF04_seed147.pt | models/preliminary test/work_pinn_co_r10f_std/models_CO_R10F/PINN_CO_R10F_WF04_seed147.pt
EXACT-0282,2,36947a16d0d2ea63d3ea113b117b578b5f29e81ec82c73ad06d80f3323cdf694,models/wf/work_pinn_nox_wf_final_r3_std/audit/EXECUTED_LOCAL_04_Gold_Standard_PINN_NOX_WF_FINAL - R3F_STD.ipynb | notebooks/04_Gold_Standard_PINN_NOX_WF_FINAL - R3F_STD - LOCAL_EXECUTED.ipynb
EXACT-0283,2,37a17a1e8e579a630a65f5ed12aa70580ac47c063ac6c04891bf2bbabacc19b7,models/interp/completed_runs_pre_visual_refresh/20260829_visual_catalog_r1/intermediate_co_before_profile_bars/workdir/work_tt_pinn_co_interp_final_r1f_std/figures/FINAL-10_dev_operational_series.png | models/interp/work_tt_pinn_co_interp_final_r1f_std/figures/FINAL-10_dev_operational_series.png
EXACT-0284,2,37c3257209f9edaa29199a181bfd1f3a07f23aa813ad3e1775137f6c25a96c0f,models/preliminary test/work_pinn_nox_r8f_std/figures/summary/10_rmse_por_ventana.png | models/preliminary test/work_pinn_nox_r8f_std/figures_R8F/10_rmse_por_ventana.png
EXACT-0285,2,37d717fb10b6b77401a10cd31be49cd82f628d64ecf7b0f4c89a8b3d9f6f737a,models/wf/work_xgboost_co_wf_final_r1f_std/tables/computational_footprint.csv | models/wf/work_xgboost_co_wf_final_r1f_std/tables/model_complexity.csv
EXACT-0286,2,382b5aa942b6205098eb2f94f4d17f558b8f5a36400ca537ff0bd9f7e75bfb72,models/interp/work_xgboost_nox_interp_final_r2f_budget_matched/configs/DEPLOYMENT_BUDGET_CONTRACT_XGBOOST_NOX_INTERP_R2.json | models/interp/work_xgboost_nox_interp_opt_r2_budget_matched/configs/DEPLOYMENT_BUDGET_CONTRACT_XGBOOST_NOX_INTERP_R2.json
EXACT-0287,2,3861fad4e3bb140d0ca56413abe817dfc3fd2daa4e99c1faad31757100059886,models/interp/work_xgboost_nox_interp_final_r1f_std/configs/FINAL_TRAINING_POLICY_XGBOOST_NOX_INTERP_R1.json | models/interp/work_xgboost_nox_interp_opt_r1_poc_efficient/configs/FINAL_TRAINING_POLICY_XGBOOST_NOX_INTERP_R1.json
EXACT-0288,2,38870d1367635d60139f23fbb7e937010e66f29c16a364f09f9405f065b439bf,models/preliminary test/work_pinn_nox_r8f_std/figures/WF02/03_serie_observado_predicho.png | models/preliminary test/work_pinn_nox_r8f_std/figures_R8F/03_serie_WF02_seed42.png
EXACT-0289,2,3891bf7ff54860844c131585f323b0e4ab3ee769c51617d4006f041fff2d57e4,models/interp/work_pinn_interp_protocol/audit/INTERP_DATA_HASHES_AFTER.csv | models/interp/work_pinn_interp_protocol/audit/INTERP_DATA_HASHES_BEFORE.csv
EXACT-0290,2,3959860406a97688c08c9959d7497fa1585dbd2b45dd0823393c477b64b6db76,models/preliminary test/work_pinn_co_r9/tables/MATCHED_ABLATION_PAIRED_DELTAS_CO_R9.csv | models/preliminary test/work_pinn_co_r9/tables/resultados_ablaciones_pareadas.csv
EXACT-0291,2,3963861f6997a824908f96c1ca9026800649b23d8d1c7ea2872eeb8ecbf3baf0,models/preliminary test/work_pinn_nox_r8f_std/models/WF04/PINN_NOX_R8F_WF04_seed21.pt | models/preliminary test/work_pinn_nox_r8f_std/models_R8F/PINN_NOX_R8F_WF04_seed21.pt
EXACT-0292,2,3b24c6f735db1bebcc1d615b4378a48d2001fcf83448f48651f64d076a8d7daa,models/preliminary test/work_pinn_nox_r8f_std/figures/WF01/02_r2_validacion.png | models/preliminary test/work_pinn_nox_r8f_std/figures_R8F/02_r2_entrenamiento_WF01_seed42.png
EXACT-0293,2,3b60693284e110a2b3f924420c206292aed39ac1d5ece5b0e902f94fe88196c2,models/preliminary test/work_pinn_co_r10f_std/figures/WF03/08_gradiente_TIT.png | models/preliminary test/work_pinn_co_r10f_std/figures_CO_R10F/12_derivadas_tit_WF03_seed42.png
EXACT-0294,2,3b9cd215ec1cb4b81c11f028f59c629da30ee7fd728fd9d4a463deda4a1ba3b2,models/preliminary test/work_pinn_co_r10f_std/models/WF04/PINN_CO_R10F_WF04_seed105.pt | models/preliminary test/work_pinn_co_r10f_std/models_CO_R10F/PINN_CO_R10F_WF04_seed105.pt
EXACT-0295,2,3d08be76eeeb86deebf1fe0958e6c14fcafdb5f4cd0ccf3a3bb93f1a8fd4d9b6,models/preliminary test/work_pinn_nox_r8f_std/figures/WF03/02_r2_validacion.png | models/preliminary test/work_pinn_nox_r8f_std/figures_R8F/02_r2_entrenamiento_WF03_seed42.png
EXACT-0296,2,3d1610d0b7d9f813b50d127c813dc6c750ee9e4b5cbe4239dc1ed242b543fd09,models/interp/work_xgboost_co_interp_opt_r2_budget_matched/configs/operating_points/OP2_RELAXED_2X/fallback_POLICY.json | models/interp/work_xgboost_co_interp_opt_r2_budget_matched/configs/operating_points/OP2_RELAXED_2X/winner_POLICY.json
EXACT-0297,2,3d97e82cde93b1344afdd9ce20a77ddda89e5bc96d6d0134a403588d60a8e27e,models/preliminary test/work_pinn_nox_r8f_std/figures/WF03/05_residuales_vs_prediccion.png | models/preliminary test/work_pinn_nox_r8f_std/figures_R8F/05_residuales_prediccion_WF03_seed42.png
EXACT-0298,2,3da5acea74989889a746447fcf221404673735034e2d9f3fda36c5092c0915b1,baseline_originals/baseline_co/baseline_COMPLEJIDAD_CO_R10F.csv | models/preliminary test/work_pinn_co_r10f/COMPLEJIDAD_CO_R10F.csv
EXACT-0299,2,3e63b89c5f7b48681b525f5ffc437dff64286c597122cc3cc14eb1dcd145bfda,models/preliminary test/work_pinn_nox_r8f_std/models/WF04/PINN_NOX_R8F_WF04_seed168.pt | models/preliminary test/work_pinn_nox_r8f_std/models_R8F/PINN_NOX_R8F_WF04_seed168.pt
EXACT-0300,2,3e7ffba3aefd0c12987b513c4d55f5a4662743a31369a93a1d78188fafe4681d,models/wf/work_xgboost_co_wf_final_r1f_std/configs/FINAL_TRAINING_POLICY_XGBOOST_CO_WF_R1.json | models/wf/work_xgboost_co_wf_opt_r1_poc_efficient/configs/FINAL_TRAINING_POLICY_XGBOOST_CO_WF_R1.json
EXACT-0301,2,3f1e32f6af2b82f808871e8027795d71aae8055fa9879b694e849749daf6e9a4,models/interp/work_xgboost_nox_interp_final_r2f_budget_matched/configs/BEST_CONFIG_XGBOOST_NOX_INTERP_BUDGET_MATCHED_R2.json | models/interp/work_xgboost_nox_interp_opt_r2_budget_matched/configs/BEST_CONFIG_XGBOOST_NOX_INTERP_BUDGET_MATCHED_R2.json
EXACT-0302,2,3f659ac09436373c3d91ccb04a0316408c603f6d80609958d909ddb1e8fe9a7b,models/interp/work_xgboost_co_interp_final_r2f_budget_matched/audit/target_access_pretest.json | models/interp/work_xgboost_nox_interp_final_r2f_budget_matched/audit/target_access_pretest.json
EXACT-0303,2,3ff419bcfa0bfc1e5968c6ca1c533c659c69bc0f73358ac51e2b8f6cccd7ca61,models/preliminary test/work_pinn_co_r10f_std/figures/WF03/05_residuales_vs_prediccion.png | models/preliminary test/work_pinn_co_r10f_std/figures_CO_R10F/08_residuales_prediccion_WF03_seed42.png
EXACT-0304,2,4095ef20d5df7c8293188afee345689839c5838042874d7d49af69590f4b4afe,models/preliminary test/work_pinn_nox_r8f_std/models/WF02/PINN_NOX_R8F_WF02_seed42.pt | models/preliminary test/work_pinn_nox_r8f_std/models_R8F/PINN_NOX_R8F_WF02_seed42.pt
EXACT-0305,2,412c794f791566d3476e7e44531efc3c3f6717c9e270f5925bdeddb74d9e1e8b,baseline_originals/baseline_nox/baseline_models/PINN_NOX_R8F_WF01_seed84.pt | models/preliminary test/work_pinn_nox_r8f/models_R8F/PINN_NOX_R8F_WF01_seed84.pt
EXACT-0306,2,42eee9c47cdd6d26a6bbce6eef8ce8e7aae9c4b150d73bd76ebe496e4ec48735,models/preliminary test/work_pinn_co_r10f_std/figures/WF03/15_residuales_vs_CDP.png | models/preliminary test/work_pinn_co_r10f_std/figures_CO_R10F/10_residuales_cdp_WF03_seed42.png
EXACT-0307,2,4410c9009d7853a0f4b439f9d5bcbf2953eaac1183af711da6eef0e2be074a58,baseline_originals/baseline_nox/baseline_models/PINN_NOX_R8F_WF03_seed21.pt | models/preliminary test/work_pinn_nox_r8f/models_R8F/PINN_NOX_R8F_WF03_seed21.pt
EXACT-0308,2,456e3d5b5ea483dd6d1a16de2f94b71ccd7ea9ceb8cc591ef021b463c8d14bb9,models/preliminary test/work_pinn_nox_r8f_std/figures/WF01/07_histograma_residuales.png | models/preliminary test/work_pinn_nox_r8f_std/figures_R8F/07_histograma_residuales_WF01_seed42.png
EXACT-0309,2,473dfa77100af555471aaaa8dead43a10d2e13ea4eaf705c2b11f50988283141,models/wf/work_pinn_co_wf_final_r3_std/configs/BEST_CONFIG_CO_WF_R3.json | models/wf/work_pinn_co_wf_opt_r3_poc_efficient/configs/BEST_CONFIG_CO_WF_R3.json
EXACT-0310,2,47c050398bd48ad60fb21b30472d16ffb363274b539ada476a603c99d7625d22,models/preliminary test/work_pinn_co_r9/tables/OPTUNA_TRIALS_CO_R9.csv | models/preliminary test/work_pinn_co_r9/tables/resultados_trials.csv
EXACT-0311,2,4ac7bc3dc2973cd837e8f3a5aba2cdfdfbdefa9e1aca575a12177a2d97222fa9,models/preliminary test/work_pinn_co_r10f_std/models/WF04/PINN_CO_R10F_WF04_seed84.pt | models/preliminary test/work_pinn_co_r10f_std/models_CO_R10F/PINN_CO_R10F_WF04_seed84.pt
EXACT-0312,2,4bd1718daf99ff8370a490f895a490f928ee75c0a22c58c626d3d4bf6c58ea69,models/preliminary test/work_pinn_nox_r8f_std/figures/WF04/03_serie_observado_predicho.png | models/preliminary test/work_pinn_nox_r8f_std/figures_R8F/03_serie_WF04_seed42.png
EXACT-0313,2,4beff2d443e1ceaf78e3cf2dd0157fd8cf204161d13d5f81e503e7d0c84047af,baseline_originals/baseline_co/baseline_models/PINN_CO_R10F_WF01_seed42.pt | models/preliminary test/work_pinn_co_r10f/models_CO_R10F/PINN_CO_R10F_WF01_seed42.pt
EXACT-0314,2,4bf593f051bc948e40ab72f4801b7d9a75c1b68869f2bbc1374604399dbd4c85,models/preliminary test/work_pinn_co_r10f_std/models/WF03/PINN_CO_R10F_WF03_seed21.pt | models/preliminary test/work_pinn_co_r10f_std/models_CO_R10F/PINN_CO_R10F_WF03_seed21.pt
EXACT-0315,2,4d52357092e00dc661d6f856e5c9ffa34d1b0fa1c83057254cb058e6e31a3738,baseline_originals/baseline_co/baseline_models/PINN_CO_R10F_WF04_seed105.pt | models/preliminary test/work_pinn_co_r10f/models_CO_R10F/PINN_CO_R10F_WF04_seed105.pt
EXACT-0316,2,4e29d01c5214c2d13ebc656bcd61633c16d23f52f537f8a610bca05290e9518e,baseline_originals/baseline_co/baseline_models/PINN_CO_R10F_WF04_seed168.pt | models/preliminary test/work_pinn_co_r10f/models_CO_R10F/PINN_CO_R10F_WF04_seed168.pt
EXACT-0317,2,505c63197b2e5dbdcf73afb994c78c43f3f217545dd9784c55a1f52da36b5375,models/interp/work_pinn_xgboost_co_pareto_latency_r2/figures/04_co_pareto_2d_log_vs_lineal.png | models/interp/work_pinn_xgboost_co_pareto_latency_r3/figures/04_co_pareto_2d_log_vs_lineal.png
EXACT-0318,2,50b2338f9ef115dbeb13205dfe80c4f913f9f72c9285e37f6d461c3b88544f99,models/preliminary test/work_pinn_co_r10f_std/models/WF01/PINN_CO_R10F_WF01_seed168.pt | models/preliminary test/work_pinn_co_r10f_std/models_CO_R10F/PINN_CO_R10F_WF01_seed168.pt
EXACT-0319,2,50db1d1a828abeeb7a5f243629273395a1edda5a6242d52a6b2e774fd16b6d4a,models/preliminary test/work_pinn_co_r10f_std/figures/WF01/02_r2_validacion.png | models/preliminary test/work_pinn_co_r10f_std/figures_CO_R10F/05_r2_entrenamiento_WF01_seed42.png
EXACT-0320,2,5179f5f3931979ab971c48c701bf51714f8fdf8e5654c555eac7906fb50fb4f3,models/preliminary test/work_pinn_co_r9/optuna/development/CO_R9_GAP168_NONE.sqlite3 | recovery_backups/CO_R9_RECOVERY_20260811T010648220/work_pinn_co_r9/optuna/development/CO_R9_GAP168_NONE.sqlite3
EXACT-0321,2,519f3719a715e17f60a09c15b402f7bbb11c50acc01d77e4431964cc1b57aeff,models/preliminary test/work_pinn_nox_r8f_std/figures/WF03/01_perdidas_entrenamiento.png | models/preliminary test/work_pinn_nox_r8f_std/figures_R8F/01_perdidas_WF03_seed42.png
EXACT-0322,2,51cc3739fe314216f67b5f05c86aceba446031ccc03bb7d295247c3d216067fe,models/interp/completed_runs_pre_visual_refresh/20260829_visual_catalog_r1/workdirs/work_tt_pinn_nox_interp_final_r1f_std/tables/TRAINING_HISTORY_NOX_TT_R1F_STD.csv | models/interp/work_tt_pinn_nox_interp_final_r1f_std/tables/TRAINING_HISTORY_NOX_TT_R1F_STD.csv
EXACT-0323,2,529c9e519460cf72b0da46f2a7fe6c371692b87140c529342dcee141ec4ea348,models/interp/work_pinn_nox_interp_opt_r6/optuna/development/NOX_INTERP_DEVELOPMENT_r6_autonomous_tpe_tit_inc_2plus3_top5_staged_escalation_lbfgs_1a1706f37198.sqlite3 | models/interp/work_pinn_nox_interp_opt_r6/optuna/development/OPTUNA_SNAPSHOT_NOX_R6.sqlite3
EXACT-0324,2,533e12b6deb752d6851ded26506cdd26968ace7aeb0d366022a462a004c71264,models/interp/work_pinn_nox_interp_final_r5_std/configs/BEST_CONFIG_NOX_INTERP.json | models/interp/work_pinn_nox_interp_opt_r5_poc_efficient/configs/BEST_CONFIG_NOX_INTERP.json
EXACT-0325,2,534c1e0b023af44d28775d38b1aae10e3ea4eda9a30fd26b24c51214e078b531,baseline_originals/baseline_co/baseline_models/PINN_CO_R10F_WF02_seed21.pt | models/preliminary test/work_pinn_co_r10f/models_CO_R10F/PINN_CO_R10F_WF02_seed21.pt
EXACT-0326,2,547df1499d1adccb230b8a1911fdbcfdc1091a499aa5c491c76cced0afd856e1,models/preliminary test/work_pinn_nox_r8f_std/models/WF03/PINN_NOX_R8F_WF03_seed84.pt | models/preliminary test/work_pinn_nox_r8f_std/models_R8F/PINN_NOX_R8F_WF03_seed84.pt
EXACT-0327,2,5524cdfb889b87d0cb367810577a81a393e6d12e6a22505efa7c812eac231c29,models/preliminary test/work_pinn_co_r10f_std/figures/WF03/07_histograma_residuales.png | models/preliminary test/work_pinn_co_r10f_std/figures_CO_R10F/11_histograma_residuales_WF03_seed42.png
EXACT-0328,2,56de7cb2c72e49b00baa9275748cfbde3ffff8d07cab9b2d3881d89b56ae205c,models/preliminary test/work_pinn_co_r10f_std/models/WF04/PINN_CO_R10F_WF04_seed126.pt | models/preliminary test/work_pinn_co_r10f_std/models_CO_R10F/PINN_CO_R10F_WF04_seed126.pt
EXACT-0329,2,5725abb9f9e9d1f0f58912384bbafbcd880103794ffda1b298bac03500db19d7,models/preliminary test/work_pinn_co_r9/tables/OPTUNA_FOLD_RESULTS_CO_R9.csv | models/preliminary test/work_pinn_co_r9/tables/resultados_folds.csv
EXACT-0330,2,59405f86af4594b3a83b2ea42e2382c7f8df42f230a10bc43c3044b6c78686cc,models/interp/work_xgboost_nox_interp_opt_r2_budget_matched/configs/operating_points/OP10_ONE_ORDER/fallback_POLICY.json | models/interp/work_xgboost_nox_interp_opt_r2_budget_matched/configs/operating_points/OP10_ONE_ORDER/winner_POLICY.json
EXACT-0331,2,59c66627d3f17869d5459364b5f1a1bfaedd8f706a7d2ab8616f51da4251173f,models/interp/completed_runs_pre_visual_refresh/20260829_visual_catalog_r1/workdirs/work_tt_pinn_nox_interp_final_r1f_std/tables/PAIRED_TEST_PREDICTIONS_NOX_TT_R1F_STD.csv | models/interp/work_tt_pinn_nox_interp_final_r1f_std/tables/PAIRED_TEST_PREDICTIONS_NOX_TT_R1F_STD.csv
EXACT-0332,2,59d50e0bae380fdb5612d3e25db2e6d496c59a84b8710d4ec676f0a3be87b482,baseline_originals/baseline_co/baseline_models/PINN_CO_R10F_WF04_seed126.pt | models/preliminary test/work_pinn_co_r10f/models_CO_R10F/PINN_CO_R10F_WF04_seed126.pt
EXACT-0333,2,5b88f2bfe5110f0500ce38846323a5e948cf53f8d12ffd3b6b1a01078717ff59,models/interp/work_pinn_xgboost_co_pareto_latency_r2/tables/modelos_individuales_precision_tamano_latencia.csv | models/interp/work_pinn_xgboost_co_pareto_latency_r3/tables/modelos_individuales_precision_tamano_latencia.csv
EXACT-0334,2,5c3e6b2dfe8f4e91faa1ed236d4281d386c955407c182c412f62a681b2c1079e,baseline_originals/baseline_nox/baseline_models/PINN_NOX_R8F_WF02_seed126.pt | models/preliminary test/work_pinn_nox_r8f/models_R8F/PINN_NOX_R8F_WF02_seed126.pt
EXACT-0335,2,5d5e197ba364cf23206c5442ad8c93c9f1036b19ba238ffe2ea0d34e14224ea3,models/interp/completed_runs_pre_visual_refresh/20260829_visual_catalog_r1/workdirs/work_tt_pinn_nox_interp_final_r1f_std/audit/PRETRAINING_CHECKS_NOX_TT_R1F_STD.csv | models/interp/work_tt_pinn_nox_interp_final_r1f_std/audit/PRETRAINING_CHECKS_NOX_TT_R1F_STD.csv
EXACT-0336,2,5e3211a5522882649a6d98a93e256eb09dd5017ace6f6d61e66f36a5ef3722cb,models/interp/work_pinn_co_interp_opt_r5/audit_retrospective/qa_render_final/page-3.png | models/interp/work_pinn_co_interp_opt_r5/audit_retrospective/qa_render_v4/page-3.png
EXACT-0337,2,5eb5d9a9ac3745197a1d7e0a8a44a2ed5f0c4ba9b72638ae83049f3b869e8176,baseline_originals/baseline_co/baseline_models/PINN_CO_R10F_WF01_seed126.pt | models/preliminary test/work_pinn_co_r10f/models_CO_R10F/PINN_CO_R10F_WF01_seed126.pt
EXACT-0338,2,5eedeaf33a336e4e580132801c43f1f269a98eac79a0d43e7700125849100c5e,models/preliminary test/work_pinn_co_r10f_std/models/WF04/PINN_CO_R10F_WF04_seed21.pt | models/preliminary test/work_pinn_co_r10f_std/models_CO_R10F/PINN_CO_R10F_WF04_seed21.pt
EXACT-0339,2,5fbb5bb8b4ce8fc518d8dc6e471b1d2478460ce4de53c2ec7b9d81d60fc62f77,models/interp/completed_runs_pre_visual_refresh/20260829_visual_catalog_r1/workdirs/work_tt_pinn_nox_interp_final_r1f_std/tables/TT_RANK_STORAGE_BUDGET_NOX_TT_R1F_STD.csv | models/interp/work_tt_pinn_nox_interp_final_r1f_std/tables/TT_RANK_STORAGE_BUDGET_NOX_TT_R1F_STD.csv
EXACT-0340,2,60fdbf1c6eb50d03a2b5ee46cc41624b0486f9c80ecf7f88c6a50b583e18c517,baseline_originals/baseline_co/baseline_models/PINN_CO_R10F_WF03_seed21.pt | models/preliminary test/work_pinn_co_r10f/models_CO_R10F/PINN_CO_R10F_WF03_seed21.pt
EXACT-0341,2,610e62ebc63b35cca07eaeb3478b5d18b03a7bd76a35d90bb8c65854e1ffdecf,baseline_originals/baseline_co/baseline_models/PINN_CO_R10F_WF03_seed168.pt | models/preliminary test/work_pinn_co_r10f/models_CO_R10F/PINN_CO_R10F_WF03_seed168.pt
EXACT-0342,2,635eace60f2a5e14efa826e0640fa6e50edbeaf1529070f86b639cc7979ca342,models/wf/work_pinn_nox_wf_opt_r3_poc_efficient/audit/EXECUTED_LOCAL_04_Gold_Standard_PINN_NOX_WF_OPT - R3_POC_EFFICIENT.ipynb | notebooks/04_Gold_Standard_PINN_NOX_WF_OPT - R3_POC_EFFICIENT - LOCAL_EXECUTED.ipynb
EXACT-0343,2,6408bc0dc829fd67f8a223a2213ea9a6580214f122dbc1cc8fcf01a57039559d,models/preliminary test/work_pinn_nox_r8f_std/models/WF04/PINN_NOX_R8F_WF04_seed189.pt | models/preliminary test/work_pinn_nox_r8f_std/models_R8F/PINN_NOX_R8F_WF04_seed189.pt
EXACT-0344,2,641b16e1efe5209fd4a9191917825e55aa8280b7c0c6217360f7e0e6075eacad,models/preliminary test/work_pinn_co_r9/optuna/smoke/SMOKE_GAP24_CDP_NEG.sqlite3 | recovery_backups/CO_R9_RECOVERY_20260811T010648220/work_pinn_co_r9/optuna/smoke/SMOKE_GAP24_CDP_NEG.sqlite3
EXACT-0345,2,642c0a341945a0ffafa5ad2d1afa2efd0ba188042eeb7ef0b2606a5c1b8a904c,models/preliminary test/work_pinn_nox_r8f_std/models/WF04/PINN_NOX_R8F_WF04_seed147.pt | models/preliminary test/work_pinn_nox_r8f_std/models_R8F/PINN_NOX_R8F_WF04_seed147.pt
EXACT-0346,2,64776213052ae126608b4786d05de150dc267672e64479aca47fb3b5fb78e04b,models/preliminary test/work_pinn_co_r10f_std/figures/WF02/07_histograma_residuales.png | models/preliminary test/work_pinn_co_r10f_std/figures_CO_R10F/11_histograma_residuales_WF02_seed42.png
EXACT-0347,2,647c6a296fb3d5a2712fc52e32c4b4b8db17420ddfd0cc16705b3682e25a397f,models/interp/work_xgboost_co_interp_final_r1f_std/configs/BEST_CONFIG_XGBOOST_CO_INTERP.json | models/interp/work_xgboost_co_interp_opt_r1_poc_efficient/configs/BEST_CONFIG_XGBOOST_CO_INTERP.json
EXACT-0348,2,64841b8f1436d77b575c011534b26960fcc922f2f18dab8d04b2a0214ffc6629,models/interp/completed_runs_pre_visual_refresh/20260829_visual_catalog_r1/intermediate_co_before_profile_bars/workdir/work_tt_pinn_co_interp_final_r1f_std/figures/FINAL-13_test_residual_diagnostics.png | models/interp/work_tt_pinn_co_interp_final_r1f_std/figures/FINAL-13_test_residual_diagnostics.png
EXACT-0349,2,666c3566cd3d6cfdb3ae5139a249c841945a6f1356e9d5af36d117866af3b542,baseline_originals/baseline_nox/baseline_models/PINN_NOX_R8F_WF04_seed105.pt | models/preliminary test/work_pinn_nox_r8f/models_R8F/PINN_NOX_R8F_WF04_seed105.pt
EXACT-0350,2,668b61a068fd8f5bffe28c33bb719b082f64ab7b9b4898fb0f55c09f420056af,models/interp/completed_runs_pre_visual_refresh/20260829_visual_catalog_r1/intermediate_co_before_profile_bars/workdir/work_tt_pinn_co_interp_final_r1f_std/figures/FINAL-01_training_history.png | models/interp/work_tt_pinn_co_interp_final_r1f_std/figures/FINAL-01_training_history.png
EXACT-0351,2,67579179edd314d7c1fdd9bf856684032c726e193e09d9a1c346c1cacf812df3,baseline_originals/baseline_nox/baseline_models/PINN_NOX_R8F_WF01_seed168.pt | models/preliminary test/work_pinn_nox_r8f/models_R8F/PINN_NOX_R8F_WF01_seed168.pt
EXACT-0352,2,676d47ceedca04d93e9d8fa569715c9f9719ca3c9e79513059ceb985718bde55,models/preliminary test/work_pinn_nox_r8f_std/figures/WF04/07_histograma_residuales.png | models/preliminary test/work_pinn_nox_r8f_std/figures_R8F/07_histograma_residuales_WF04_seed42.png
EXACT-0353,2,685689b5db315ec0a5e4f3adfb76d2e7778f8704c0d2a3b9ae143a30b0d5d6f9,baseline_originals/baseline_co/baseline_RESUMEN_EJECUTIVO_CO_R10F.json | models/preliminary test/work_pinn_co_r10f/RESUMEN_EJECUTIVO_CO_R10F.json
EXACT-0354,2,6909fa2ea31a246c3192634586424b1cdfefe2a8cedc029577555b4d5c6fd70d,models/interp/work_xgboost_co_interp_opt_r2_budget_matched/configs/operating_points/OP1_STRICT_1X/fallback_POLICY.json | models/interp/work_xgboost_co_interp_opt_r2_budget_matched/configs/operating_points/OP1_STRICT_1X/winner_POLICY.json
EXACT-0355,2,69efb2addc61e2c98c9bfa8606c304d3d51d4fed46f95aa52dc5ec398a5144a8,models/preliminary test/work_pinn_co_r9/optuna/development/CO_R9_GAP72_TIT_CDP_NEG.sqlite3 | recovery_backups/CO_R9_RECOVERY_20260811T010648220/work_pinn_co_r9/optuna/development/CO_R9_GAP72_TIT_CDP_NEG.sqlite3
EXACT-0356,2,6ac8b0afaac9d3fbdafb076950f20ae56669ed03c4ed3db2c7324a28895b0e5a,models/interp/completed_runs_pre_visual_refresh/20260829_visual_catalog_r1/workdirs/work_tt_pinn_nox_interp_final_r1f_std/audit/TT_LINEAR_UNIT_TESTS_NOX_TT_R1F_STD.csv | models/interp/work_tt_pinn_nox_interp_final_r1f_std/audit/TT_LINEAR_UNIT_TESTS_NOX_TT_R1F_STD.csv
EXACT-0357,2,6afac9cfa6069e36a9a685e1c748e76dab8c20b12e230a36e5092aba54af61b0,models/preliminary test/work_pinn_co_r9/optuna/smoke/SMOKE_GAP72_NONE.sqlite3 | recovery_backups/CO_R9_RECOVERY_20260811T010648220/work_pinn_co_r9/optuna/smoke/SMOKE_GAP72_NONE.sqlite3
EXACT-0358,2,6c37967411f9f0826a9bbaf35843f1c946a5d6bc4fd9b242159cd93162b73a94,models/wf/work_xgboost_nox_wf_final_r2f_budget_matched/configs/PARETO_FRONTIER_MANIFEST_XGBOOST_NOX_WF_R2.json | models/wf/work_xgboost_nox_wf_opt_r2_budget_matched/configs/PARETO_FRONTIER_MANIFEST_XGBOOST_NOX_WF_R2.json
EXACT-0359,2,6c558b1766539126f35555bd96f025d7c4c47c891b1f0dc05da33ed61e87496b,models/interp/work_xgboost_co_interp_opt_r2_budget_matched/configs/operating_points/OP10_ONE_ORDER/fallback_POLICY.json | models/interp/work_xgboost_co_interp_opt_r2_budget_matched/configs/operating_points/OP10_ONE_ORDER/winner_POLICY.json
EXACT-0360,2,6e69af129ca8279d2b662a1f74041183e94231c3eac22fcecf38825b4c92100f,models/interp/completed_runs_pre_visual_refresh/20260829_visual_catalog_r1/intermediate_co_before_profile_bars/workdir/work_tt_pinn_co_interp_final_r1f_std/figures/FINAL-06_physical_gradient_distribution.png | models/interp/work_tt_pinn_co_interp_final_r1f_std/figures/FINAL-06_physical_gradient_distribution.png
EXACT-0361,2,6ed5af1af8e61903cf05d789256b808b894c77afd95db91c3d2dbbcac7edbc0c,baseline_originals/04_Gold_Standard_PINN_NOX_WF_ALL - R8F.ipynb | notebooks/preliminary test/04_Gold_Standard_PINN_NOX_WF_ALL - R8F.ipynb
EXACT-0362,2,6f462c6cb5e723620ab4f90872d74c24e64edd03527b0fd6a34c42fbbeb39f8c,models/interp/completed_runs_pre_visual_refresh/20260829_visual_catalog_r1/intermediate_co_before_profile_bars/workdir/work_tt_pinn_co_interp_final_r1f_std/figures/FINAL-02_dev_parity.png | models/interp/work_tt_pinn_co_interp_final_r1f_std/figures/FINAL-02_dev_parity.png
EXACT-0363,2,70365701c1d1fff8247a2118a5c9fb808febe75ff1822fe83fbf42f63775b47a,models/interp/completed_runs_pre_visual_refresh/20260829_visual_catalog_r1/workdirs/work_tt_pinn_nox_interp_final_r1f_std/tables/NON_INFERIORITY_AUDIT_NOX_TT_R1F_STD.csv | models/interp/work_tt_pinn_nox_interp_final_r1f_std/tables/NON_INFERIORITY_AUDIT_NOX_TT_R1F_STD.csv
EXACT-0364,2,7076e748f38ea5bc4e2bba11769ebfb0b1edab461d0b687b28fa739528088794,models/interp/work_pinn_xgboost_opt_campaign_pareto_latency_r5/tables/xgb_opt_cpu1_benchmark_summary.csv | models/interp/work_pinn_xgboost_opt_campaign_pareto_latency_r5/tables/xgboost_opt_cpu1_measurement_rows.csv
EXACT-0365,2,7137dca4651fbda1bf68ae56d4add36ed894900584fe8ff828250c31746d28c9,baseline_originals/baseline_co/baseline_MANIFIESTO_CO_R10F.json | models/preliminary test/work_pinn_co_r10f/MANIFIESTO_CO_R10F.json
EXACT-0366,2,7173feec97b62d975a8e80f6a59cf81ee0a63d713bcc00d1fd820b57b5ae0e9f,models/preliminary test/work_pinn_co_r10f_std/models/WF02/PINN_CO_R10F_WF02_seed84.pt | models/preliminary test/work_pinn_co_r10f_std/models_CO_R10F/PINN_CO_R10F_WF02_seed84.pt
EXACT-0367,2,7195df61f09a7cd6cf11eb59dc6bb091603691d2a4a473cab7808c783bb60770,models/preliminary test/work_pinn_co_r10f/figures_CO_R10F/17_bias_por_ventana.png | models/preliminary test/work_pinn_co_r10f_std/figures_CO_R10F/17_bias_por_ventana.png
EXACT-0368,2,72c51b0a191fe718a82111312f233f43c5055ed17e1e3b3eb7bb8051d92540be,models/preliminary test/work_pinn_nox_r8f_std/figures/WF02/08_gradiente_TIT.png | models/preliminary test/work_pinn_nox_r8f_std/figures_R8F/08_derivadas_tit_WF02_seed42.png
EXACT-0369,2,73e4f46ce033c4080596beacf679742a3a009344759bae6aecb306419263fe63,models/wf/work_xgboost_co_wf_final_r2f_budget_matched/configs/FINAL_TRAINING_POLICY_XGBOOST_CO_WF_R2.json | models/wf/work_xgboost_co_wf_opt_r2_budget_matched/configs/FINAL_TRAINING_POLICY_XGBOOST_CO_WF_R2.json
EXACT-0370,2,7419b810ddb47a873c657e2ab9defa3b7cd441ca8898331bb9454e57d1e20d4d,models/preliminary test/work_pinn_co_r10f_std/figures/WF02/16_gradiente_CDP.png | models/preliminary test/work_pinn_co_r10f_std/figures_CO_R10F/13_derivadas_cdp_WF02_seed42.png
EXACT-0371,2,74586654b88dc29ab7b4d6d2f2858c4b6d4242b378359e1632f063f2d36972dc,models/preliminary test/work_pinn_co_r10f_std/models/WF01/PINN_CO_R10F_WF01_seed126.pt | models/preliminary test/work_pinn_co_r10f_std/models_CO_R10F/PINN_CO_R10F_WF01_seed126.pt
EXACT-0372,2,7636e2a8aa9eb813c00c8b0d8666051f218599b87b46947ff6ed0616baf057a2,models/interp/work_pinn_nox_interp_final_r4_std/figures/summary/06_metricas_por_semilla.png | models/interp/work_pinn_nox_interp_final_r5_std/figures/summary/06_metricas_por_semilla.png
EXACT-0373,2,77e83c43646e0fe8a668b0086164a2c316d1c4e6f06740f4d194986b134359af,models/interp/work_pinn_nox_interp_final_r6f_std/configs/SEARCH_SPACE_SIGNATURE_NOX_R6.json | models/interp/work_pinn_nox_interp_opt_r6/configs/SEARCH_SPACE_SIGNATURE_NOX_R6.json
EXACT-0374,2,78716419658ccacd0561472554c0a18fa6387f4749722b569efd95584276a405,models/wf/work_pinn_wf_protocol/audit/EXECUTED_LOCAL_00_PEMS_PINN_WF_PROTOCOL - R1.ipynb | notebooks/00_PEMS_PINN_WF_PROTOCOL - R1 - LOCAL_EXECUTED.ipynb
EXACT-0375,2,78dabd91650b66195328981886d696d617117a1f49f10ada72d1d310e15446cb,baseline_originals/baseline_co/baseline_models/PINN_CO_R10F_WF02_seed84.pt | models/preliminary test/work_pinn_co_r10f/models_CO_R10F/PINN_CO_R10F_WF02_seed84.pt
EXACT-0376,2,798bea74f4992a7bb6f2738d68655b2673c3178eea40beaa805372918b02f0cd,models/interp/completed_runs_pre_visual_refresh/20260829_visual_catalog_r1/workdirs/work_tt_pinn_nox_interp_final_r1f_std/tables/PHYSICS_AUDIT_NOX_TT_R1F_STD.csv | models/interp/work_tt_pinn_nox_interp_final_r1f_std/tables/PHYSICS_AUDIT_NOX_TT_R1F_STD.csv
EXACT-0377,2,7bf45b240f97b42b498b7a5f9f054dc0378cb1a9c8cc8636737e33a6f1f99a67,models/wf/work_xgboost_nox_wf_final_r2f_budget_matched/configs/FROZEN_CONFIG_MANIFEST_XGBOOST_NOX_WF_R2.json | models/wf/work_xgboost_nox_wf_opt_r2_budget_matched/configs/FROZEN_CONFIG_MANIFEST_XGBOOST_NOX_WF_R2.json
EXACT-0378,2,7de9f624a65d7a4d68b025a480054c48821e10e4e4b645c5ab08db6e441a1b0e,baseline_originals/baseline_co/baseline_models/PINN_CO_R10F_WF04_seed189.pt | models/preliminary test/work_pinn_co_r10f/models_CO_R10F/PINN_CO_R10F_WF04_seed189.pt
EXACT-0379,2,7e15fbbd7be984e9efbaf3dbee065fea2127492af3bb7d5c484c1d684f82b0f2,models/preliminary test/work_pinn_co_r10f_std/models/WF03/PINN_CO_R10F_WF03_seed84.pt | models/preliminary test/work_pinn_co_r10f_std/models_CO_R10F/PINN_CO_R10F_WF03_seed84.pt
EXACT-0380,2,7eb393c1a623b5f3d5c2cf0b022d2c42c63069326847eed8fb142f07ad08342a,models/interp/completed_runs_pre_visual_refresh/20260829_visual_catalog_r1/workdirs/work_tt_pinn_nox_interp_final_r1f_std/configs/TT_ARCHITECTURE_CONTRACT_NOX_TT_R1F_STD.json | models/interp/work_tt_pinn_nox_interp_final_r1f_std/configs/TT_ARCHITECTURE_CONTRACT_NOX_TT_R1F_STD.json
EXACT-0381,2,7ef87d30eaa9d7fce619f792ff0329b9b793eaeb90fc030e7dd74ae07e8d2d91,models/preliminary test/work_pinn_nox_r8f_std/models/WF02/PINN_NOX_R8F_WF02_seed168.pt | models/preliminary test/work_pinn_nox_r8f_std/models_R8F/PINN_NOX_R8F_WF02_seed168.pt
EXACT-0382,2,80603b3dbfdf5567ed9536c07e4bf1bf0af170192a8f0911588126bdc3c9fbf0,models/preliminary test/work_pinn_nox_r8f_std/figures/WF03/08_gradiente_TIT.png | models/preliminary test/work_pinn_nox_r8f_std/figures_R8F/08_derivadas_tit_WF03_seed42.png
EXACT-0383,2,80ffaaa8ddd3a88b5351c6016defff9619326112c42f33e155d60c1c358aac36,models/interp/work_pinn_nox_interp_final_r4_std/tables/computational_footprint.csv | models/interp/work_pinn_nox_interp_final_r4_std/tables/model_complexity.csv
EXACT-0384,2,81246214aaafe0df3811d890ddbc92a36e327bb7003ccdbcc66ae28045ce0060,models/interp/work_pinn_co_interp_final_r4_std/tables/computational_footprint.csv | models/interp/work_pinn_co_interp_final_r4_std/tables/model_complexity.csv
EXACT-0385,2,81ee080c3456f7a73793f06eb0dec7f7cbcc7415c05f338a4d97f49a653f1f2e,baseline_originals/baseline_nox/baseline_models/PINN_NOX_R8F_WF04_seed168.pt | models/preliminary test/work_pinn_nox_r8f/models_R8F/PINN_NOX_R8F_WF04_seed168.pt
EXACT-0386,2,8239cb5a69935cd03b3f69ad4c5efc91e1274ab4883c225088ae618ff1bb10ea,models/preliminary test/work_pinn_nox_r8f_std/figures/WF04/06_residuales_vs_TIT.png | models/preliminary test/work_pinn_nox_r8f_std/figures_R8F/06_residuales_tit_WF04_seed42.png
EXACT-0387,2,83f2992021a74d791b237dc7f35a28e851a6bd1a52c4d329453f9616befc35f1,baseline_originals/baseline_co/baseline_models/PINN_CO_R10F_WF01_seed21.pt | models/preliminary test/work_pinn_co_r10f/models_CO_R10F/PINN_CO_R10F_WF01_seed21.pt
EXACT-0388,2,84d8e7ad2f45b830e9d80580881f4cbf71cf82318ad879d2a6e9a792c0a387b0,models/preliminary test/work_pinn_co_r10f_std/figures/WF02/03_serie_observado_predicho.png | models/preliminary test/work_pinn_co_r10f_std/figures_CO_R10F/06_serie_WF02_seed42.png
EXACT-0389,2,86556988cccd4ea9a479de14d904d12342e19ccb5c5f663d3cf96d3c15a16901,baseline_originals/baseline_co/baseline_models/PINN_CO_R10F_WF01_seed84.pt | models/preliminary test/work_pinn_co_r10f/models_CO_R10F/PINN_CO_R10F_WF01_seed84.pt
EXACT-0390,2,86564a22cd9b87e77f0fd811db4478c291886d521246b05f360a562b958a4751,recovery_backups/CO_R9_RECOVERY_20260811T010616257/AUDITORIA_ACCESO_2015_CO_R9.csv | recovery_backups/CO_R9_RECOVERY_20260811T010648220/work_pinn_co_r9/audit/AUDITORIA_ACCESO_2015_CO_R9.csv
EXACT-0391,2,867aea0933fefb5ffd0a13e1e1eef8076a675c49b90eda36a552517b8c62535d,models/wf/work_xgboost_nox_wf_final_r2f_budget_matched/configs/FINAL_TRAINING_POLICY_XGBOOST_NOX_WF_R2.json | models/wf/work_xgboost_nox_wf_opt_r2_budget_matched/configs/FINAL_TRAINING_POLICY_XGBOOST_NOX_WF_R2.json
EXACT-0392,2,86e88090ce7ce6f20b85de010cf2de541f4b071253836bd05bb30092af1d7abd,models/preliminary test/work_pinn_co_r9/optuna/smoke/SMOKE_GAP168_TIT_CDP_NEG.sqlite3 | recovery_backups/CO_R9_RECOVERY_20260811T010648220/work_pinn_co_r9/optuna/smoke/SMOKE_GAP168_TIT_CDP_NEG.sqlite3
EXACT-0393,2,8702859d9d816e01abced1fb6c018d047bb8dcb85833345966af50870f0a2d62,models/preliminary test/work_pinn_co_r10f_std/figures/WF03/06_residuales_vs_TIT.png | models/preliminary test/work_pinn_co_r10f_std/figures_CO_R10F/09_residuales_tit_WF03_seed42.png
EXACT-0394,2,878a34ae8cd79097565d4bdd335e11e044a109c5f9545e19ae72b5b859335b1b,baseline_originals/baseline_nox/baseline_models/PINN_NOX_R8F_WF02_seed21.pt | models/preliminary test/work_pinn_nox_r8f/models_R8F/PINN_NOX_R8F_WF02_seed21.pt
EXACT-0395,2,898c895b2b63765add4abbbf0bd5adf790d9c94465ad86a5359406ae7164d231,models/interp/work_pinn_xgboost_opt_campaign_pareto_latency_r5/audit/xgb_reconstructed_models/nox/B-0002.ubj | models/interp/work_pinn_xgboost_opt_campaign_pareto_latency_r5/audit/xgb_reconstructed_models/nox/B-0059.ubj
EXACT-0396,2,8a5b4d8ba6a3b0a784e75c7a6d69562967476b0e0e0b82f0b90cb17cd3fe7421,models/interp/work_pinn_nox_interp_final_r4_std/figures/test/01_paridad_ensamble_TEST.png | models/interp/work_pinn_nox_interp_final_r5_std/figures/test/01_paridad_ensamble_TEST.png
EXACT-0397,2,8acd63a2cb77f0a6f528d6d1a63c1f05e1a452fbe1c3bd315bca121c6cc1621c,models/preliminary test/work_pinn_co_r10f_std/figures/WF01/16_gradiente_CDP.png | models/preliminary test/work_pinn_co_r10f_std/figures_CO_R10F/13_derivadas_cdp_WF01_seed42.png
EXACT-0398,2,8c17024f7e93c1a9444e24e9b4f6b5dd7d14b128a53810d2af62ff0f51eac2d0,models/interp/completed_runs_pre_visual_refresh/20260829_visual_catalog_r1/intermediate_co_before_profile_bars/workdir/work_tt_pinn_co_interp_final_r1f_std/figures/FINAL-12_test_residual_vs_CDP.png | models/interp/work_tt_pinn_co_interp_final_r1f_std/figures/FINAL-12_test_residual_vs_CDP.png
EXACT-0399,2,8d6f5006f0316eeadd2d61c94b8bdc8efb183e6ace11a115325f0d6de3d7b28a,baseline_originals/baseline_co/baseline_models/PINN_CO_R10F_WF03_seed42.pt | models/preliminary test/work_pinn_co_r10f/models_CO_R10F/PINN_CO_R10F_WF03_seed42.pt
EXACT-0400,2,8dc91fdb54550312167f852b9c25ab5c24a898f4ece41a2f8db9ae11e79cf342,models/preliminary test/work_pinn_co_r9/optuna/smoke/SMOKE_GAP24_TIT_NEG.sqlite3 | recovery_backups/CO_R9_RECOVERY_20260811T010648220/work_pinn_co_r9/optuna/smoke/SMOKE_GAP24_TIT_NEG.sqlite3
EXACT-0401,2,8ee46d94541b59cc9c24d7a4df3c3aa4f68e9c0260bba39bd5bf5c157bf639ce,baseline_originals/baseline_co/baseline_models/PINN_CO_R10F_WF04_seed84.pt | models/preliminary test/work_pinn_co_r10f/models_CO_R10F/PINN_CO_R10F_WF04_seed84.pt
EXACT-0402,2,8fba3c57b1d62ac7953db6016d15ac8ea423ef111eb33b04f924bc205a005980,baseline_originals/baseline_nox/baseline_models/PINN_NOX_R8F_WF01_seed42.pt | models/preliminary test/work_pinn_nox_r8f/models_R8F/PINN_NOX_R8F_WF01_seed42.pt
EXACT-0403,2,90ad728675992e317dd3ac9fa4def2b871d410632609cb89e7176d3547371edd,models/interp/work_pinn_nox_interp_final_r4_std/configs/BEST_CONFIG_NOX_INTERP.json | models/interp/work_pinn_nox_interp_opt_r4_poc_efficient/configs/BEST_CONFIG_NOX_INTERP.json
EXACT-0404,2,90ce1d1a99a406de643ae92fabb614719812cf27461fba3a417b8dd287c18af2,models/preliminary test/work_pinn_co_r9/configs/CONFIRMATION_CANDIDATES_CO_R9.json | recovery_backups/CO_R9_RECOVERY_20260811T010648220/work_pinn_co_r9/configs/CONFIRMATION_CANDIDATES_CO_R9.json
EXACT-0405,2,90f2aedafa8936228e1526c18cb7a44584d742663106813202dd68a8a43f96a2,baseline_originals/baseline_co/baseline_HASHES_CO_R10F.csv | models/preliminary test/work_pinn_co_r10f/HASHES_CO_R10F.csv
EXACT-0406,2,91462a0a5330ec6c3626d77fd52c2e6b406704967401b52bf6ed4d3fadb66ffa,baseline_originals/baseline_nox/baseline_models/PINN_NOX_R8F_WF03_seed84.pt | models/preliminary test/work_pinn_nox_r8f/models_R8F/PINN_NOX_R8F_WF03_seed84.pt
EXACT-0407,2,914f95eb3a842afe395af56000185c8db5e91afb367a7985bef4aef07243a00c,models/preliminary test/work_pinn_co_r9/optuna/development/CO_R9_GAP24_TIT_NEG.sqlite3 | recovery_backups/CO_R9_RECOVERY_20260811T010648220/work_pinn_co_r9/optuna/development/CO_R9_GAP24_TIT_NEG.sqlite3
EXACT-0408,2,9150d49eb90d050bf13ba03989fbb043eeb0bb81fd62d2aa2ade84cc44c8d934,models/preliminary test/work_pinn_nox_r8f_std/models/WF01/PINN_NOX_R8F_WF01_seed84.pt | models/preliminary test/work_pinn_nox_r8f_std/models_R8F/PINN_NOX_R8F_WF01_seed84.pt
EXACT-0409,2,91a283c31db60a98799ef821e168b6cf25ebeb1f385ac9d51ecfe0289e6f3aa1,models/interp/work_xgboost_co_interp_final_r2f_budget_matched/configs/FROZEN_CONFIG_MANIFEST_XGBOOST_CO_INTERP_R2.json | models/interp/work_xgboost_co_interp_opt_r2_budget_matched/configs/FROZEN_CONFIG_MANIFEST_XGBOOST_CO_INTERP_R2.json
EXACT-0410,2,91aed1d9c81af25e349f72a5ba39f35bac41924444b723c362516240afe4eda0,baseline_originals/baseline_nox/baseline_models/PINN_NOX_R8F_WF01_seed126.pt | models/preliminary test/work_pinn_nox_r8f/models_R8F/PINN_NOX_R8F_WF01_seed126.pt
EXACT-0411,2,928d8ae21bc58ea8b75c7834c9714ce193bbfe4b2ffa53b44ebd67b01a165695,models/preliminary test/work_pinn_co_r10f_std/figures/WF01/08_gradiente_TIT.png | models/preliminary test/work_pinn_co_r10f_std/figures_CO_R10F/12_derivadas_tit_WF01_seed42.png
EXACT-0412,2,92cb7fce289ac6301c079fc54cd9ff90324ede1aa76e41cfd4c12b165402fbeb,models/preliminary test/work_pinn_nox_r8f_std/figures/WF01/03_serie_observado_predicho.png | models/preliminary test/work_pinn_nox_r8f_std/figures_R8F/03_serie_WF01_seed42.png
EXACT-0413,2,92cc8b8807581663416d3273b24e27165138413b8fa6e04c9592077b64f061ef,models/preliminary test/work_pinn_co_r9/tables/ranking_final.csv | models/preliminary test/work_pinn_co_r9/tables/RANKING_FINAL_CANDIDATOS_CO_R9.csv
EXACT-0414,2,932db04f8711b21ebf73dfa8e756665d37a86c2bec3d4e3362ca2a71a8d6feec,models/interp/completed_runs_pre_visual_refresh/20260829_visual_catalog_r1/intermediate_co_before_profile_bars/workdir/work_tt_pinn_co_interp_final_r1f_std/figures/FINAL-11_test_operational_series.png | models/interp/work_tt_pinn_co_interp_final_r1f_std/figures/FINAL-11_test_operational_series.png
EXACT-0415,2,93b72839356ede6b0ec99ee61b58d2bb4989a14c3728b228e9c88684ef81a650,models/wf/work_xgboost_co_wf_final_r2f_budget_matched/configs/DEPLOYMENT_BUDGET_CONTRACT_XGBOOST_CO_WF_R2.json | models/wf/work_xgboost_co_wf_opt_r2_budget_matched/configs/DEPLOYMENT_BUDGET_CONTRACT_XGBOOST_CO_WF_R2.json
EXACT-0416,2,9476bfb5645c80ab98cafa73d9ef38ae747619a73add584a6822dc3e719ac35f,models/interp/work_xgboost_nox_interp_final_r2f_budget_matched/configs/PARETO_FRONTIER_MANIFEST_XGBOOST_NOX_INTERP_R2.json | models/interp/work_xgboost_nox_interp_opt_r2_budget_matched/configs/PARETO_FRONTIER_MANIFEST_XGBOOST_NOX_INTERP_R2.json
EXACT-0417,2,94c4ea52adf7d3fa920e0bcb5479751ab32b14fca74439377437c6f2bbbbafcb,models/preliminary test/work_pinn_co_r10f_std/figures/WF01/07_histograma_residuales.png | models/preliminary test/work_pinn_co_r10f_std/figures_CO_R10F/11_histograma_residuales_WF01_seed42.png
EXACT-0418,2,95063c719789386b812cec91f747300374aface4b6d5c6268573a0cbc1038978,models/preliminary test/work_pinn_nox_r8f_std/models/WF03/PINN_NOX_R8F_WF03_seed21.pt | models/preliminary test/work_pinn_nox_r8f_std/models_R8F/PINN_NOX_R8F_WF03_seed21.pt
EXACT-0419,2,95d0ccf03c51a5a2b5b0a76d485ddbc2300814271b8a01b6f534f13c1855903c,models/interp/work_xgboost_co_interp_final_r2f_budget_matched/audit/benchmark_probe_contract.json | models/interp/work_xgboost_nox_interp_final_r2f_budget_matched/audit/benchmark_probe_contract.json
EXACT-0420,2,95dabc942ba4b13aba51036563b2767b18ae74268685982f879069d4e9106189,models/preliminary test/work_pinn_co_r9/optuna/smoke/SMOKE_GAP0_CDP_NEG.sqlite3 | recovery_backups/CO_R9_RECOVERY_20260811T010648220/work_pinn_co_r9/optuna/smoke/SMOKE_GAP0_CDP_NEG.sqlite3
EXACT-0421,2,95f3e66b04887c69eabed44af73a2c099bfa6e4bbd8436491255cb57f9443b51,baseline_originals/baseline_nox/baseline_models/PINN_NOX_R8F_WF04_seed126.pt | models/preliminary test/work_pinn_nox_r8f/models_R8F/PINN_NOX_R8F_WF04_seed126.pt
EXACT-0422,2,9622a230ce003bdd6019b94386baf27d98bb3694db7d620cbcd0f2ae057e1460,models/preliminary test/work_pinn_co_r10f_std/models/WF02/PINN_CO_R10F_WF02_seed42.pt | models/preliminary test/work_pinn_co_r10f_std/models_CO_R10F/PINN_CO_R10F_WF02_seed42.pt
EXACT-0423,2,9643aa37a35832e9332fce471179f45e2c2f11301fd7be3b6e707462697b44da,models/preliminary test/work_pinn_nox_r8f_std/figures/WF04/02_r2_validacion.png | models/preliminary test/work_pinn_nox_r8f_std/figures_R8F/02_r2_entrenamiento_WF04_seed42.png
EXACT-0424,2,96627aa3e33179607875d9e352b1d3abdf9b3441b3cb0f549b87dc988cec7dd3,models/preliminary test/work_pinn_nox_r8f_std/figures/WF02/02_r2_validacion.png | models/preliminary test/work_pinn_nox_r8f_std/figures_R8F/02_r2_entrenamiento_WF02_seed42.png
EXACT-0425,2,9693ad40465dd86acebad9d55d948d4255399b5728b35a39c791d38b905ce1a4,models/preliminary test/work_pinn_co_r9/optuna/development/CO_R9_GAP24_NONE.sqlite3 | recovery_backups/CO_R9_RECOVERY_20260811T010648220/work_pinn_co_r9/optuna/development/CO_R9_GAP24_NONE.sqlite3
EXACT-0426,2,96dfe8f9bc8a926470b3591437e91fa6242d7a6320419cd2dd5a3f9cb52e9a98,baseline_originals/baseline_co/baseline_models/PINN_CO_R10F_WF02_seed168.pt | models/preliminary test/work_pinn_co_r10f/models_CO_R10F/PINN_CO_R10F_WF02_seed168.pt
EXACT-0427,2,980ee9dc35ffe09fee0f84c17d3f77d268bafb5237c7a2a224d0597f64722ffb,models/preliminary test/work_pinn_co_r9/optuna/development/CO_R9_GAP0_CDP_NEG.sqlite3 | recovery_backups/CO_R9_RECOVERY_20260811T010648220/work_pinn_co_r9/optuna/development/CO_R9_GAP0_CDP_NEG.sqlite3
EXACT-0428,2,9a4e73e1c5e636addbd7a3f3f9eac0748f04fff4bd94d5ab98d6f489fce5372f,models/preliminary test/work_pinn_nox_r8f_std/figures/WF04/08_gradiente_TIT.png | models/preliminary test/work_pinn_nox_r8f_std/figures_R8F/08_derivadas_tit_WF04_seed42.png
EXACT-0429,2,9b9019939541fce59729341c6e9946a0335cf8af6fded718cbe6c94f732c5edc,baseline_originals/baseline_co/baseline_VALIDACION_R10F_VS_R9.csv | models/preliminary test/work_pinn_co_r10f/VALIDACION_R10F_VS_R9.csv
EXACT-0430,2,9c633d3c56bcdc2022e14558ca05b85c59c31f83cacf71ceec9ea65776fbde08,models/interp/work_pinn_xgboost_co_pareto_latency_r2/reports/methodology_scope.json | models/interp/work_pinn_xgboost_co_pareto_latency_r3/reports/methodology_scope.json
EXACT-0431,2,9eefab1c42af6e2780bdca60bcb2d7fe5311924f2b32748ed1151a949cfef164,models/interp/work_xgboost_co_interp_final_r2f_budget_matched/tables/benchmark_probe_float32.npy | models/interp/work_xgboost_nox_interp_final_r2f_budget_matched/tables/benchmark_probe_float32.npy
EXACT-0432,2,9fa75862d34aca70a23b28c9891cbd4c84049393e6126c1bc5b2aae117f3f7a2,models/preliminary test/work_pinn_nox_r8f_std/figures/WF01/01_perdidas_entrenamiento.png | models/preliminary test/work_pinn_nox_r8f_std/figures_R8F/01_perdidas_WF01_seed42.png
EXACT-0433,2,a037aa685891a2305dc9036990960fcd8fda5a4e343c881271b074071b871a69,models/preliminary test/work_pinn_co_r9/optuna/development/CO_R9_GAP0_TIT_CDP_NEG.sqlite3 | recovery_backups/CO_R9_RECOVERY_20260811T010648220/work_pinn_co_r9/optuna/development/CO_R9_GAP0_TIT_CDP_NEG.sqlite3
EXACT-0434,2,a05c97cc808b3cbcf2976dc6ce68b4fca6f5abeb190e2044c32937b9c274cab7,models/wf/work_pinn_nox_wf_final_r3_std/configs/BEST_CONFIG_NOX_WF_R3.json | models/wf/work_pinn_nox_wf_opt_r3_poc_efficient/configs/BEST_CONFIG_NOX_WF_R3.json
EXACT-0435,2,a21ae12832cea1058284efb8b08bef80d1ce30880e0f39c5243a8e209a45704a,models/preliminary test/work_pinn_nox_r8f_std/figures/summary/12_pcd_TIT_por_ventana.png | models/preliminary test/work_pinn_nox_r8f_std/figures_R8F/11_pcd_tit_por_ventana.png
EXACT-0436,2,a2680ed72830550facc4fd6478e48543a55cac3ab27eae3cf3d577d6361ce7d2,models/preliminary test/work_pinn_co_r10f_std/figures/WF02/05_residuales_vs_prediccion.png | models/preliminary test/work_pinn_co_r10f_std/figures_CO_R10F/08_residuales_prediccion_WF02_seed42.png
EXACT-0437,2,a2c62d8cc190898cecf354c7c6249f5a55b94c9595db74a563b0309337d72193,models/wf/work_xgboost_co_wf_final_r2f_budget_matched/audit/target_access_pretest.json | models/wf/work_xgboost_nox_wf_final_r2f_budget_matched/audit/target_access_pretest.json
EXACT-0438,2,a423777e0c094bb4a51f7f82de37026e159c7336a63e5233af1a2c67de233d81,models/wf/work_xgboost_nox_wf_final_r2f_budget_matched/configs/BEST_CONFIG_XGBOOST_NOX_WF_BUDGET_MATCHED_R2.json | models/wf/work_xgboost_nox_wf_opt_r2_budget_matched/configs/BEST_CONFIG_XGBOOST_NOX_WF_BUDGET_MATCHED_R2.json
EXACT-0439,2,a42a5c12d4c8c0fe4e419d841c88e1659e1e72740a6af1dbb4b76260c1361706,baseline_originals/baseline_nox/baseline_models/PINN_NOX_R8F_WF04_seed84.pt | models/preliminary test/work_pinn_nox_r8f/models_R8F/PINN_NOX_R8F_WF04_seed84.pt
EXACT-0440,2,a4777ef542b516df557deef0e417a8f450100b7d54208817bca294ad3b75830c,baseline_originals/baseline_nox/baseline_models/PINN_NOX_R8F_WF02_seed42.pt | models/preliminary test/work_pinn_nox_r8f/models_R8F/PINN_NOX_R8F_WF02_seed42.pt
EXACT-0441,2,a55b4bc1e2f9faded8316033e2e668ebb46878fad08d530da960c2223367a011,models/preliminary test/work_pinn_co_r9/logs/initial_gap72.out.log | recovery_backups/CO_R9_RECOVERY_20260811T010648220/work_pinn_co_r9/logs/initial_gap72.out.log
EXACT-0442,2,a5dcbe85c38366990235dcbdd093351c20ed22b7a3c679393042117fdd3d889d,baseline_originals/baseline_co/baseline_models/PINN_CO_R10F_WF02_seed42.pt | models/preliminary test/work_pinn_co_r10f/models_CO_R10F/PINN_CO_R10F_WF02_seed42.pt
EXACT-0443,2,a63253a59f3120ce2cddf7131f2bc2ec348729914d1c5d1dbd61b7700d7b01fc,models/wf/work_xgboost_co_wf_final_r2f_budget_matched/configs/FROZEN_CONFIG_MANIFEST_XGBOOST_CO_WF_R2.json | models/wf/work_xgboost_co_wf_opt_r2_budget_matched/configs/FROZEN_CONFIG_MANIFEST_XGBOOST_CO_WF_R2.json
EXACT-0444,2,a696495b7ff606e9a33cab08ecd3f6801bd8c0ed28aa9af05dd81c86eca00b6e,baseline_originals/baseline_nox/baseline_models/PINN_NOX_R8F_WF04_seed147.pt | models/preliminary test/work_pinn_nox_r8f/models_R8F/PINN_NOX_R8F_WF04_seed147.pt
EXACT-0445,2,a7f6596fea8590d01377e9f2e553ac5a0630222dc10b0475f6f3ac0ccce63556,models/preliminary test/work_pinn_co_r9/logs/initial_gap72.err.log | recovery_backups/CO_R9_RECOVERY_20260811T010648220/work_pinn_co_r9/logs/initial_gap72.err.log
EXACT-0446,2,a84e6e74b02ba10960bffb8d24222526311e1af2ced9fca12b3ea49b110126f8,models/preliminary test/work_pinn_nox_r8f_std/figures/WF04/01_perdidas_entrenamiento.png | models/preliminary test/work_pinn_nox_r8f_std/figures_R8F/01_perdidas_WF04_seed42.png
EXACT-0447,2,a87b2820cd707177167c11b6a4d39351dc361b45db1c62bf43beaddbd1305de9,models/preliminary test/work_pinn_co_r9/optuna/development/CO_R9_GAP0_NONE.sqlite3 | recovery_backups/CO_R9_RECOVERY_20260811T010648220/work_pinn_co_r9/optuna/development/CO_R9_GAP0_NONE.sqlite3
EXACT-0448,2,a9929f8c67c436214672648447a7baec235e22287d8d38907c1b93a894f92e85,models/interp/work_pinn_xgboost_co_pareto_latency_r2/tables/resumen_por_configuracion.csv | models/interp/work_pinn_xgboost_co_pareto_latency_r3/tables/resumen_por_configuracion.csv
EXACT-0449,2,ac874b3d7d193949a57159a1aabebf3bb9b23c9bc985c361a55583d198bb1745,models/preliminary test/work_pinn_co_r9/logs/initial_gap24.err.log | recovery_backups/CO_R9_RECOVERY_20260811T010648220/work_pinn_co_r9/logs/initial_gap24.err.log
EXACT-0450,2,acc171da45d55bbb2c575315e23851aac7f24c406979aff0c81e83efc01a18f2,models/preliminary test/work_pinn_nox_r8f_std/figures/WF03/06_residuales_vs_TIT.png | models/preliminary test/work_pinn_nox_r8f_std/figures_R8F/06_residuales_tit_WF03_seed42.png
EXACT-0451,2,ace0186870c775703c5e403fa1a3836ef7ee82d6fdbd3e2f73319e232dce2f39,baseline_originals/baseline_nox/baseline_models/PINN_NOX_R8F_WF04_seed63.pt | models/preliminary test/work_pinn_nox_r8f/models_R8F/PINN_NOX_R8F_WF04_seed63.pt
EXACT-0452,2,af4d8e737cb854967ae947cbe26ab64c509e6f354a09829b4938b9bc90f4a60a,models/preliminary test/work_pinn_co_r10f_std/models/WF03/PINN_CO_R10F_WF03_seed126.pt | models/preliminary test/work_pinn_co_r10f_std/models_CO_R10F/PINN_CO_R10F_WF03_seed126.pt
EXACT-0453,2,affe9f4de3c2c789fa45e84df6e2e34ef1688031a3e349495b197a09fbac432e,models/preliminary test/work_pinn_co_r9/logs/initial_gap24.out.log | recovery_backups/CO_R9_RECOVERY_20260811T010648220/work_pinn_co_r9/logs/initial_gap24.out.log
EXACT-0454,2,b30a45bce070fbe3759e75300bfd00c9ee5c3d925b3d55f996b8528c4e39b8b3,baseline_originals/baseline_nox/baseline_models/PINN_NOX_R8F_WF02_seed84.pt | models/preliminary test/work_pinn_nox_r8f/models_R8F/PINN_NOX_R8F_WF02_seed84.pt
EXACT-0455,2,b36d1f45f14065bcfe72dbe36bd3542cb7e9d8a32c640c48f7435f6f50fd6b56,models/preliminary test/work_pinn_co_r10f_std/figures/WF02/15_residuales_vs_CDP.png | models/preliminary test/work_pinn_co_r10f_std/figures_CO_R10F/10_residuales_cdp_WF02_seed42.png
EXACT-0456,2,b421fa00ce5b5dba6ed3bb65a9d870a62a7f9195d61d07ba274242e8baf64164,models/preliminary test/work_pinn_nox_r8f_std/models/WF03/PINN_NOX_R8F_WF03_seed126.pt | models/preliminary test/work_pinn_nox_r8f_std/models_R8F/PINN_NOX_R8F_WF03_seed126.pt
EXACT-0457,2,b43e248be83d4c36f9e53593bd43e7b9f70a7ea90e70273859c2103b39ab9f25,models/preliminary test/work_pinn_nox_r8f_std/models/WF01/PINN_NOX_R8F_WF01_seed126.pt | models/preliminary test/work_pinn_nox_r8f_std/models_R8F/PINN_NOX_R8F_WF01_seed126.pt
EXACT-0458,2,b544c240058ca3b2a92c7436bd6dbf573627241806ee9133d1a05835fa4a8db9,models/wf/work_pinn_co_wf_final_r3_std/audit/EXECUTED_LOCAL_04_Gold_Standard_PINN_CO_WF_FINAL - R3F_STD.ipynb | notebooks/04_Gold_Standard_PINN_CO_WF_FINAL - R3F_STD - LOCAL_EXECUTED.ipynb
EXACT-0459,2,b72deaa4b87c52cbe0421e091788606856d5ec5a210e75988a2ae784d3d50f36,models/interp/completed_runs_pre_visual_refresh/20260829_visual_catalog_r1/intermediate_co_before_profile_bars/workdir/work_tt_pinn_co_interp_final_r1f_std/figures/FINAL-09_combined_parity_dev_test.png | models/interp/work_tt_pinn_co_interp_final_r1f_std/figures/FINAL-09_combined_parity_dev_test.png
EXACT-0460,2,b78c35e9ce4b5b44bf4a743d2e77072788f04debb49405099d283f51486f0248,models/wf/work_xgboost_co_wf_opt_r2_budget_matched/configs/operating_points/OP10_ONE_ORDER/fallback_POLICY.json | models/wf/work_xgboost_co_wf_opt_r2_budget_matched/configs/operating_points/OP10_ONE_ORDER/winner_POLICY.json
EXACT-0461,2,b86fde61d2eeeb2fdd398dc2a1edc37e33deaf96a51d9283fa8205a91236a829,outputs/20260826_pareto_python/XGBoost_OPT_trials_enriquecidos_pareto.csv | outputs/20260826_pareto_python/XGBoost_OPT_trials_enriquecidos_pareto_R2.csv
EXACT-0462,2,b87cccc0e325da1ee08eaa66722f8c2a030d55d151203fb2746db719100e6c23,models/interp/work_pinn_co_interp_final_r4_std/configs/FINAL_TRAINING_POLICY_CO_INTERP_R4.json | models/interp/work_pinn_co_interp_opt_r4_poc_efficient/configs/FINAL_TRAINING_POLICY_CO_INTERP_R4.json
EXACT-0463,2,ba9ceb6154ef69617ac9d0cb20b8d7ab7e3069cb41c442bc469dcca392fb9f61,models/preliminary test/work_pinn_nox_r8f_std/figures/WF01/05_residuales_vs_prediccion.png | models/preliminary test/work_pinn_nox_r8f_std/figures_R8F/05_residuales_prediccion_WF01_seed42.png
EXACT-0464,2,baaff74c6de09a66460e966902e14aca4f255611e9ae180b54204776f8891ea6,models/preliminary test/work_pinn_co_r10f_std/models/WF04/PINN_CO_R10F_WF04_seed168.pt | models/preliminary test/work_pinn_co_r10f_std/models_CO_R10F/PINN_CO_R10F_WF04_seed168.pt
EXACT-0465,2,bb04822485ad4b72ffd72d057e8d1c4d677cada25bd460b3f9243eaab9acd001,models/preliminary test/work_pinn_co_r9/optuna/smoke/SMOKE_GAP0_TIT_CDP_NEG.sqlite3 | recovery_backups/CO_R9_RECOVERY_20260811T010648220/work_pinn_co_r9/optuna/smoke/SMOKE_GAP0_TIT_CDP_NEG.sqlite3
EXACT-0466,2,bb5b06c41d873029875b907d96a7d65b61480a1435b904eec8302833c02ffc4a,models/preliminary test/work_pinn_co_r10f_std/models/WF04/PINN_CO_R10F_WF04_seed42.pt | models/preliminary test/work_pinn_co_r10f_std/models_CO_R10F/PINN_CO_R10F_WF04_seed42.pt
EXACT-0467,2,bbc0f57c89cdd4544a1258f574c5b1530ff1804bbf2781ebd20c14ca2ec444cb,models/interp/work_xgboost_co_interp_final_r2f_budget_matched/configs/FINAL_TRAINING_POLICY_XGBOOST_CO_INTERP_R2.json | models/interp/work_xgboost_co_interp_opt_r2_budget_matched/configs/FINAL_TRAINING_POLICY_XGBOOST_CO_INTERP_R2.json
EXACT-0468,2,bdd91445618a836527aadcd9b32d967562c60c37703970927b2aa21ed90ef9ea,models/interp/completed_runs_pre_visual_refresh/20260829_visual_catalog_r1/workdirs/work_tt_pinn_nox_interp_final_r1f_std/tables/TEST_PREDICTIONS_NOX_TT_R1F_STD.csv | models/interp/work_tt_pinn_nox_interp_final_r1f_std/tables/TEST_PREDICTIONS_NOX_TT_R1F_STD.csv
EXACT-0469,2,be2f74035712ee6e4da0207f6d57db9caea9440d8842cbfdf751322715e58e4b,models/preliminary test/work_pinn_nox_r8f_std/models/WF02/PINN_NOX_R8F_WF02_seed21.pt | models/preliminary test/work_pinn_nox_r8f_std/models_R8F/PINN_NOX_R8F_WF02_seed21.pt
EXACT-0470,2,be851db29b6bbcb9a0a62a556f1632a1efa4fd083eb0cbd0f14630be9c46b72b,models/preliminary test/work_pinn_co_r9/optuna/smoke/SMOKE_GAP168_TIT_NEG.sqlite3 | recovery_backups/CO_R9_RECOVERY_20260811T010648220/work_pinn_co_r9/optuna/smoke/SMOKE_GAP168_TIT_NEG.sqlite3
EXACT-0471,2,c04d1181e82d8ac0ae21d50f2f7a94e27c7102b56376438df51ddc1dc4d4ba81,models/wf/work_xgboost_co_wf_final_r2f_budget_matched/audit/benchmark_probe_contract.json | models/wf/work_xgboost_nox_wf_final_r2f_budget_matched/audit/benchmark_probe_contract.json
EXACT-0472,2,c08d32f014b6b4c6a14ab2ed9da648165a7e8f6522723cdc706e6a7cf0cd8e53,models/interp/completed_runs_pre_visual_refresh/20260829_visual_catalog_r1/intermediate_co_before_profile_bars/workdir/work_tt_pinn_co_interp_final_r1f_std/tables/PHYSICAL_PDP_CDP_CO_TT_R1F_STD.csv | models/interp/work_tt_pinn_co_interp_final_r1f_std/tables/PHYSICAL_PDP_CDP_CO_TT_R1F_STD.csv
EXACT-0473,2,c181cf7c39fad99f5ec58627314f3fe793feeab5ac307fea679b5d1f8180f6fc,models/preliminary test/work_pinn_nox_r8f_std/models/WF04/PINN_NOX_R8F_WF04_seed84.pt | models/preliminary test/work_pinn_nox_r8f_std/models_R8F/PINN_NOX_R8F_WF04_seed84.pt
EXACT-0474,2,c1bc93f80e1f63c363a1df0f1e0a071bb922ee4f6d160a065590a02dda84b164,models/wf/work_pinn_co_wf_final_r3_std/tables/computational_footprint.csv | models/wf/work_pinn_co_wf_final_r3_std/tables/model_complexity.csv
EXACT-0475,2,c531276bba22f9c3c390f29680d845dfab7314379a01295bfda554c252e3004a,models/preliminary test/work_pinn_co_r9/optuna/smoke/SMOKE_GAP168_CDP_NEG.sqlite3 | recovery_backups/CO_R9_RECOVERY_20260811T010648220/work_pinn_co_r9/optuna/smoke/SMOKE_GAP168_CDP_NEG.sqlite3
EXACT-0476,2,c56d7ce3c73532e6ff12011eefced497d82923a8c2a05320a52fb2a868f9dc62,models/preliminary test/work_pinn_co_r10f_std/models/WF04/PINN_CO_R10F_WF04_seed210.pt | models/preliminary test/work_pinn_co_r10f_std/models_CO_R10F/PINN_CO_R10F_WF04_seed210.pt
EXACT-0477,2,c5cb12b026c1cbfcf83c737196c74d3f40c1c4c1fbd868524a5acbc7191730f7,models/preliminary test/work_pinn_nox_r8f_std/figures/WF02/07_histograma_residuales.png | models/preliminary test/work_pinn_nox_r8f_std/figures_R8F/07_histograma_residuales_WF02_seed42.png
EXACT-0478,2,c6afb38630341a429d1a616f4293807584c3eb397293c8718cca57be1add12cc,baseline_originals/baseline_nox/baseline_models/PINN_NOX_R8F_WF04_seed42.pt | models/preliminary test/work_pinn_nox_r8f/models_R8F/PINN_NOX_R8F_WF04_seed42.pt
EXACT-0479,2,c6f22f953dff97205ef874975c2be2c407b71ade6cf06f5b6010309adf1057de,models/wf/work_xgboost_co_wf_final_r2f_budget_matched/tables/benchmark_probe_registry.csv | models/wf/work_xgboost_nox_wf_final_r2f_budget_matched/tables/benchmark_probe_registry.csv
EXACT-0480,2,c71a93a77c59b9978989ee14a09f487cd98e8ce6af3df50d126e109eb19e369e,models/interp/work_pinn_nox_interp_final_r4_std/tables/training_history_by_seed.csv | models/interp/work_pinn_nox_interp_final_r5_std/tables/training_history_by_seed.csv
EXACT-0481,2,c74809b7785063116789bce20e5e7a4cea9abf530107cbdb750857a15cf0f0a0,models/preliminary test/work_pinn_co_r10f_std/figures/WF03/02_r2_validacion.png | models/preliminary test/work_pinn_co_r10f_std/figures_CO_R10F/05_r2_entrenamiento_WF03_seed42.png
EXACT-0482,2,c821938a11fbadf0fdbca25bcf04e818072c23b7a2f66c5df93b243c08e37cc7,models/preliminary test/work_pinn_nox_r8f_std/models/WF01/PINN_NOX_R8F_WF01_seed21.pt | models/preliminary test/work_pinn_nox_r8f_std/models_R8F/PINN_NOX_R8F_WF01_seed21.pt
EXACT-0483,2,c8adab82c8a2992340cfc69dd2efd5c4dc323eb66d5f630b79ac2e979b3714b4,models/preliminary test/work_pinn_co_r9/optuna/development/CO_R9_GAP24_CDP_NEG.sqlite3 | recovery_backups/CO_R9_RECOVERY_20260811T010648220/work_pinn_co_r9/optuna/development/CO_R9_GAP24_CDP_NEG.sqlite3
EXACT-0484,2,c94ec9c3b9669e18baf5bc2ef0c82e488d337b8aaa4c83a083b2302ce56e1f5f,models/preliminary test/work_pinn_nox_r8f_std/figures/WF02/04_paridad_observado_predicho.png | models/preliminary test/work_pinn_nox_r8f_std/figures_R8F/04_paridad_WF02_seed42.png
EXACT-0485,2,c9aa605f14255f8d6f6408f4543051ebbf2ea9de67f28b8af5cd4de8649ae0e6,baseline_originals/baseline_co/baseline_models/PINN_CO_R10F_WF04_seed42.pt | models/preliminary test/work_pinn_co_r10f/models_CO_R10F/PINN_CO_R10F_WF04_seed42.pt
EXACT-0486,2,caf418cf4bef11801768a38aa3fca356f9a4abd0c65d894ccc0a991d13545439,baseline_originals/baseline_co/baseline_models/PINN_CO_R10F_WF01_seed168.pt | models/preliminary test/work_pinn_co_r10f/models_CO_R10F/PINN_CO_R10F_WF01_seed168.pt
EXACT-0487,2,caffc919793909fd34501746be4dbda33abd838cce670dfb26fbc0bd2cec06f2,models/interp/completed_runs_pre_visual_refresh/20260829_visual_catalog_r1/workdirs/work_tt_pinn_nox_interp_final_r1f_std/tables/DENSE_VS_TT_COMPARISON_NOX_TT_R1F_STD.csv | models/interp/work_tt_pinn_nox_interp_final_r1f_std/tables/DENSE_VS_TT_COMPARISON_NOX_TT_R1F_STD.csv
EXACT-0488,2,ccee6f003a0e46213674988ba1edca06a5b82e45093fcc7cbec5a17507fee52e,models/preliminary test/work_pinn_co_r10f_std/models/WF03/PINN_CO_R10F_WF03_seed42.pt | models/preliminary test/work_pinn_co_r10f_std/models_CO_R10F/PINN_CO_R10F_WF03_seed42.pt
EXACT-0489,2,ce72ecaf1c54bc9f776d9371cdd1df319dfa2f1834345ca4451da3316d59a248,models/preliminary test/work_pinn_co_r10f_std/models/WF02/PINN_CO_R10F_WF02_seed168.pt | models/preliminary test/work_pinn_co_r10f_std/models_CO_R10F/PINN_CO_R10F_WF02_seed168.pt
EXACT-0490,2,ce794c7d04f6be69eefb4f691f2f989562331d2c2f09404d157f19bf17cabb0b,models/preliminary test/work_pinn_nox_r8f_std/models/WF02/PINN_NOX_R8F_WF02_seed126.pt | models/preliminary test/work_pinn_nox_r8f_std/models_R8F/PINN_NOX_R8F_WF02_seed126.pt
EXACT-0491,2,cf415921ed969c57e351c3fcd809ca358e9d10d3fc4c1fc7231cd182ab529147,models/preliminary test/work_pinn_nox_r8f_std/figures/WF01/06_residuales_vs_TIT.png | models/preliminary test/work_pinn_nox_r8f_std/figures_R8F/06_residuales_tit_WF01_seed42.png
EXACT-0492,2,d0f9540c2bbcf99ea3e5f285e304b38178ea91b003a24c2f40b90e2546de08b6,baseline_originals/baseline_nox/baseline_models/PINN_NOX_R8F_WF02_seed168.pt | models/preliminary test/work_pinn_nox_r8f/models_R8F/PINN_NOX_R8F_WF02_seed168.pt
EXACT-0493,2,d129db4e5e802f8061321f64410d6b77a8c6d8fd64320b1afd9214183193c2e9,models/preliminary test/work_pinn_co_r10f_std/figures/WF01/15_residuales_vs_CDP.png | models/preliminary test/work_pinn_co_r10f_std/figures_CO_R10F/10_residuales_cdp_WF01_seed42.png
EXACT-0494,2,d1a08ce77f5a01940a5ce0396254e3211c84f33c6aafec62bfc505de959f6d57,models/interp/work_xgboost_nox_interp_final_r2f_budget_matched/configs/FROZEN_CONFIG_MANIFEST_XGBOOST_NOX_INTERP_R2.json | models/interp/work_xgboost_nox_interp_opt_r2_budget_matched/configs/FROZEN_CONFIG_MANIFEST_XGBOOST_NOX_INTERP_R2.json
EXACT-0495,2,d1d49628dde3ff7bb3ac020c53230533162fe96318ed806818da4991d040a38f,models/wf/work_xgboost_nox_wf_final_r1f_std/configs/FINAL_TRAINING_POLICY_XGBOOST_NOX_WF_R1.json | models/wf/work_xgboost_nox_wf_opt_r1_poc_efficient/configs/FINAL_TRAINING_POLICY_XGBOOST_NOX_WF_R1.json
EXACT-0496,2,d25ba64034d7d82860d34db81c89a911f56c252456746287f85663e24978e11b,models/interp/work_pinn_nox_interp_final_r4_std/figures/test/04_residuales_vs_TIT_TEST.png | models/interp/work_pinn_nox_interp_final_r5_std/figures/test/04_residuales_vs_TIT_TEST.png
EXACT-0497,2,d2af5cbea082d4d8b72bf84e3deb5ac24bbc025653401cf897b610ef14ae289e,baseline_originals/baseline_co/baseline_models/PINN_CO_R10F_WF03_seed126.pt | models/preliminary test/work_pinn_co_r10f/models_CO_R10F/PINN_CO_R10F_WF03_seed126.pt
EXACT-0498,2,d2f4682700a763b8c9195456b8e0b501323ae6bafb5ef564a48b865812860f3c,models/preliminary test/work_pinn_nox_r8f_std/models/WF02/PINN_NOX_R8F_WF02_seed84.pt | models/preliminary test/work_pinn_nox_r8f_std/models_R8F/PINN_NOX_R8F_WF02_seed84.pt
EXACT-0499,2,d3f3cdd2999bb74c34b3c694920bbbbb23d127dad39b61ff6cd1ed316b440b31,models/preliminary test/work_pinn_co_r10f_std/figures/WF02/04_paridad_observado_predicho.png | models/preliminary test/work_pinn_co_r10f_std/figures_CO_R10F/07_paridad_WF02_seed42.png
EXACT-0500,2,d436d749198fc83768de4819656345789f649ad7e67cf2770610c106dcd70a61,models/interp/completed_runs_pre_visual_refresh/20260829_visual_catalog_r1/workdirs/work_tt_pinn_nox_interp_final_r1f_std/tables/DEV_PREDICTIONS_NOX_TT_R1F_STD.csv | models/interp/work_tt_pinn_nox_interp_final_r1f_std/tables/DEV_PREDICTIONS_NOX_TT_R1F_STD.csv
EXACT-0501,2,d464e2cf844d2c1de4986905d1a19b01d5ad73fead60bbb8b8c8e3f162a76b08,models/preliminary test/work_pinn_co_r9/optuna/smoke/SMOKE_GAP24_NONE.sqlite3 | recovery_backups/CO_R9_RECOVERY_20260811T010648220/work_pinn_co_r9/optuna/smoke/SMOKE_GAP24_NONE.sqlite3
EXACT-0502,2,d511606497a58d01cecae7f4ae4d5365b034dc35f1397f078226bde463549fbe,models/preliminary test/work_pinn_nox_r8f_std/figures/WF03/03_serie_observado_predicho.png | models/preliminary test/work_pinn_nox_r8f_std/figures_R8F/03_serie_WF03_seed42.png
EXACT-0503,2,d588c18115379dc07656c7af0492d4f103de75463913dc114b5ecb5a480fbf35,models/interp/work_pinn_nox_interp_final_r4_std/figures/test/03_diagnostico_residuales_TEST.png | models/interp/work_pinn_nox_interp_final_r5_std/figures/test/03_diagnostico_residuales_TEST.png
EXACT-0504,2,d6c57c372241aa6ef453a5cc3688334f54c0bf1b74c716815ac7b067d08590c6,models/interp/work_pinn_nox_interp_final_r6f_std/configs/CAMPAIGN_POLICY_NOX_INTERP_R6.json | models/interp/work_pinn_nox_interp_opt_r6/configs/CAMPAIGN_POLICY_NOX_INTERP_R6.json
EXACT-0505,2,d7cdd7e2062d8df378dda7b5c5612c72af65c0a9b02de2658c7f9656662d252d,baseline_originals/baseline_nox/baseline_models/PINN_NOX_R8F_WF03_seed168.pt | models/preliminary test/work_pinn_nox_r8f/models_R8F/PINN_NOX_R8F_WF03_seed168.pt
EXACT-0506,2,d7dba9bd5afc47359e9c4749d650c3e5133c5dad9481c274836aa057bfc1be1a,models/interp/completed_runs_pre_visual_refresh/20260829_visual_catalog_r1/intermediate_co_before_profile_bars/workdir/work_tt_pinn_co_interp_final_r1f_std/figures/FINAL-05_test_residual_distribution.png | models/interp/work_tt_pinn_co_interp_final_r1f_std/figures/FINAL-05_test_residual_distribution.png
EXACT-0507,2,d8b8dca465138ce27bd505f15ef7225943a7159bdf85c25da1b9a9a7feff148f,models/preliminary test/work_pinn_co_r9/optuna/smoke/SMOKE_GAP24_TIT_CDP_NEG.sqlite3 | recovery_backups/CO_R9_RECOVERY_20260811T010648220/work_pinn_co_r9/optuna/smoke/SMOKE_GAP24_TIT_CDP_NEG.sqlite3
EXACT-0508,2,d924c498528fc107eb11eb156c8b679c174c8cedb420fcd45845acd4f7717b38,models/preliminary test/work_pinn_co_r10f/figures_CO_R10F/02_perdida_datos_WF04_seed42.png | models/preliminary test/work_pinn_co_r10f_std/figures_CO_R10F/02_perdida_datos_WF04_seed42.png
EXACT-0509,2,da289e86b50affe255129a0a62c341ac1bc3d09f99f17030da43e4c359c689f9,models/interp/completed_runs_pre_visual_refresh/20260829_visual_catalog_r1/workdirs/work_tt_pinn_nox_interp_final_r1f_std/configs/EXPERIMENT_SCOPE_NOX_TT_R1F_STD.json | models/interp/work_tt_pinn_nox_interp_final_r1f_std/configs/EXPERIMENT_SCOPE_NOX_TT_R1F_STD.json
EXACT-0510,2,dad3546d8b8dfcb535d31dd51deb91f608a5ce3b8a2ef714a0358c84c519868d,models/preliminary test/work_pinn_co_r9/optuna/smoke/SMOKE_GAP72_TIT_NEG.sqlite3 | recovery_backups/CO_R9_RECOVERY_20260811T010648220/work_pinn_co_r9/optuna/smoke/SMOKE_GAP72_TIT_NEG.sqlite3
EXACT-0511,2,dd11bd862236ab527fa74da872d4524313a56584d1a53c08670dbcc83b805629,baseline_originals/baseline_co/baseline_FINAL_ACCEPTANCE_CO_R10F.json | models/preliminary test/work_pinn_co_r10f/FINAL_ACCEPTANCE_CO_R10F.json
EXACT-0512,2,de9b9bb27389e663afc6ca1e3cfd5bdddbe228b5d6b89d266d75ef0603f7f3f3,models/interp/work_pinn_co_interp_final_r4_std/audit/EXECUTED_LOCAL_04_Gold_Standard_PINN_CO_INTERP_FINAL - R4F_STD.ipynb | notebooks/04_Gold_Standard_PINN_CO_INTERP_FINAL - R4F_STD - LOCAL_EXECUTED.ipynb
EXACT-0513,2,dedf6576abbe3f5089770af0e350c580c5f8c1083ed7aafc015b138d62bfbcb0,models/wf/work_xgboost_nox_wf_final_r1f_std/tables/computational_footprint.csv | models/wf/work_xgboost_nox_wf_final_r1f_std/tables/model_complexity.csv
EXACT-0514,2,df6e5e1864318dd512998e149aeebc7cd06d26fbd72019aab011cfb8b9267a5d,models/interp/completed_runs_pre_visual_refresh/20260829_visual_catalog_r1/intermediate_co_before_profile_bars/workdir/work_tt_pinn_co_interp_final_r1f_std/figures/FINAL-03_test_parity.png | models/interp/work_tt_pinn_co_interp_final_r1f_std/figures/FINAL-03_test_parity.png
EXACT-0515,2,e073abab7626e481e385abbe9c3b66ccbb81c137f00f96688c7df3d1cc2e8f5a,models/wf/work_xgboost_nox_wf_opt_r1_poc_efficient/tables/FOLD_RECONSTRUCTION_XGBOOST_NOX_WF_R1.csv | models/wf/work_xgboost_nox_wf_opt_r2_budget_matched/tables/FOLD_RECONSTRUCTION_XGBOOST_NOX_WF_R1.csv
EXACT-0516,2,e10962e5c870221172f4c626417223a1fb0aca6a117d36cf107e0abcdf74323f,models/preliminary test/work_pinn_co_r9/logs/initial_gap168.err.log | recovery_backups/CO_R9_RECOVERY_20260811T010648220/work_pinn_co_r9/logs/initial_gap168.err.log
EXACT-0517,2,e2932662ee68d6c6557a2436a0084ef37be1c91aa815bb79905ba0059c05f1a7,models/preliminary test/work_pinn_co_r9/optuna/development/CO_R9_GAP24_TIT_CDP_NEG.sqlite3 | recovery_backups/CO_R9_RECOVERY_20260811T010648220/work_pinn_co_r9/optuna/development/CO_R9_GAP24_TIT_CDP_NEG.sqlite3
EXACT-0518,2,e2dc7ab5fe0e70dfcc721f4a201c97ec864ce63fb42def7bcd5a5f99d69e4299,models/interp/work_pinn_nox_interp_final_r4_std/figures/summary/07_perdidas_entrenamiento_seed42.png | models/interp/work_pinn_nox_interp_final_r5_std/figures/summary/07_perdidas_entrenamiento_seed42.png
EXACT-0519,2,e39d0fa63c739ccebd0a3b547b2c334679f825f75d4e0cd6aa3a9947da91a551,models/preliminary test/work_pinn_co_r10f_std/figures/WF03/01_perdidas_entrenamiento.png | models/preliminary test/work_pinn_co_r10f_std/figures_CO_R10F/01_perdida_total_WF03_seed42.png
EXACT-0520,2,e3a4257701b6ef4c7cc8ca21b1fe2e8fb79d07d982cee14982a11916384c55cb,models/preliminary test/work_pinn_nox_r7/models/MLP_R7_MATCHED_ABLATION_seed42.metadata.joblib | models/preliminary test/work_pinn_nox_r7/models/MLP_R7_MATCHED_ABLATION_seed63.metadata.joblib
EXACT-0521,2,e3abeb8b385be36356f6eb7eab44bac59df74c18ca8c87f2bf79902cc1430948,models/preliminary test/work_pinn_nox_r8f_std/figures/summary/13_estabilidad_multisemilla.png | models/preliminary test/work_pinn_nox_r8f_std/figures_R8F/12_r2_media_desviacion_por_ventana.png
EXACT-0522,2,e523b6456dc552bb775abf9efff9358e7ab3a12a9c776e21e01df4d539087da9,models/interp/work_pinn_nox_interp_final_r4_std/figures/test/02_serie_ensamble_TEST.png | models/interp/work_pinn_nox_interp_final_r5_std/figures/test/02_serie_ensamble_TEST.png
EXACT-0523,2,e53aef64620551765bf7e11efdbc6a3663f80e2874386a4815404106dce624e7,models/preliminary test/work_pinn_co_r10f_std/models/WF01/PINN_CO_R10F_WF01_seed21.pt | models/preliminary test/work_pinn_co_r10f_std/models_CO_R10F/PINN_CO_R10F_WF01_seed21.pt
EXACT-0524,2,e5a2a1e0aad8a246a72ea6875a45bcf6b0c0b44e11b85cf2066a2abf8dbe8aab,baseline_originals/04_Gold_Standard_PINN_CO_WF_ALL - R10F.ipynb | notebooks/preliminary test/04_Gold_Standard_PINN_CO_WF_ALL - R10F.ipynb
EXACT-0525,2,e68e7efba84b6a0fce44e330481a87938b49dfa9849bb270ff27e7f61d6cfe91,models/interp/work_pinn_co_interp_final_r4_std/configs/BEST_CONFIG_CO_INTERP.json | models/interp/work_pinn_co_interp_opt_r4_poc_efficient/configs/BEST_CONFIG_CO_INTERP.json
EXACT-0526,2,e6b4ceb0fe13de92248e0848c937923ca0fcf4b23ebe01dc23fd38ee1ad4bdb2,models/interp/work_pinn_nox_interp_final_r5_std/tables/computational_footprint.csv | models/interp/work_pinn_nox_interp_final_r5_std/tables/model_complexity.csv
EXACT-0527,2,e770d3db09349ad5aa4192ded74a24cf0508a1f8a4a036f2f358e8bdb9dde720,models/wf/work_pinn_nox_wf_opt_r3_poc_efficient/audit/RUNTIME_LINEAGE_CONTRACT_NOX_WF_R3.json | recovery_backups/work_pinn_nox_wf_opt_r3_polluted_reenqueue_20260818T173649/audit/RUNTIME_LINEAGE_CONTRACT_NOX_WF_R3.json
EXACT-0528,2,e83167aeae1ca880439be85002bcdeeefc837377b810a851d101b9c995cbaef8,models/interp/work_xgboost_co_interp_final_r2f_budget_matched/configs/PARETO_FRONTIER_MANIFEST_XGBOOST_CO_INTERP_R2.json | models/interp/work_xgboost_co_interp_opt_r2_budget_matched/configs/PARETO_FRONTIER_MANIFEST_XGBOOST_CO_INTERP_R2.json
EXACT-0529,2,e9d88a9891b11dd18aabd719f29cd901c0ffef949c9d3b746ccc37f1102a8a7e,models/preliminary test/work_pinn_co_r10f_std/figures/WF03/03_serie_observado_predicho.png | models/preliminary test/work_pinn_co_r10f_std/figures_CO_R10F/06_serie_WF03_seed42.png
EXACT-0530,2,e9e891ac91b35fb4ec38dbfb5e76ed54ef8f07298ce3e56f79cf5bd3b7f7ac10,models/wf/work_xgboost_co_wf_final_r2f_budget_matched/configs/PARETO_FRONTIER_MANIFEST_XGBOOST_CO_WF_R2.json | models/wf/work_xgboost_co_wf_opt_r2_budget_matched/configs/PARETO_FRONTIER_MANIFEST_XGBOOST_CO_WF_R2.json
EXACT-0531,2,ead47dfee2be67e1684a74e10fd84f689d16d5ffec76e5263189f5a31ce2673c,models/preliminary test/work_pinn_co_r9/tables/CONFIRMATION_FOLD_RESULTS_CO_R9.csv | recovery_backups/CO_R9_RECOVERY_20260811T010648220/work_pinn_co_r9/tables/CONFIRMATION_FOLD_RESULTS_CO_R9.csv
EXACT-0532,2,eb50c38a4461e9dc826b9467eefb9231f66e3a0b8c5c459e354bfa83bcfd0b77,models/preliminary test/work_pinn_co_r10f/figures_CO_R10F/04_perdida_fisica_cdp_WF04_seed42.png | models/preliminary test/work_pinn_co_r10f_std/figures_CO_R10F/04_perdida_fisica_cdp_WF04_seed42.png
EXACT-0533,2,ebf0dac6ed5068fe5ab8c29f4b5f74ce5fdc50655d570805bd694299ef781c33,models/preliminary test/work_pinn_co_r10f_std/figures/WF03/16_gradiente_CDP.png | models/preliminary test/work_pinn_co_r10f_std/figures_CO_R10F/13_derivadas_cdp_WF03_seed42.png
EXACT-0534,2,eec583a0bf9f1e608821ca96346db852ef4e58efcdd997dd882b2d18709ab0da,baseline_originals/baseline_nox/baseline_RESUMEN_EJECUTIVO_R8F.json | models/preliminary test/work_pinn_nox_r8f/RESUMEN_EJECUTIVO_R8F.json
EXACT-0535,2,ef021a3a89e2b598ca4bf65a05d22543b0ee4167929f3493426bdc560d8e0820,models/preliminary test/work_pinn_co_r10f_std/figures/WF02/02_r2_validacion.png | models/preliminary test/work_pinn_co_r10f_std/figures_CO_R10F/05_r2_entrenamiento_WF02_seed42.png
EXACT-0536,2,ef2a91cb2bc81233ee20e998e3ee0fb6c4c25c2f3138ac926783eab932afb58c,models/preliminary test/work_pinn_co_r10f_std/figures/WF02/06_residuales_vs_TIT.png | models/preliminary test/work_pinn_co_r10f_std/figures_CO_R10F/09_residuales_tit_WF02_seed42.png
EXACT-0537,2,ef4953c323bee1623f3c25d13b7a97f355e11a272cdec0ef7da7e88aa0f08211,models/preliminary test/work_pinn_nox_r8f_std/figures/WF03/07_histograma_residuales.png | models/preliminary test/work_pinn_nox_r8f_std/figures_R8F/07_histograma_residuales_WF03_seed42.png
EXACT-0538,2,f02768ce0c145bd20cca3fc5fdea0b582a419a1c017c4ab43404539877b2eb41,baseline_originals/baseline_nox/baseline_resultados_R8F.csv | models/preliminary test/work_pinn_nox_r8f/resultados_R8F.csv
EXACT-0539,2,f0a082ef24641eff639d06b9b1a2162a4020c51b99101db20d19aecf36ed10ae,models/interp/work_xgboost_nox_interp_opt_r2_budget_matched/configs/operating_points/OP2_RELAXED_2X/fallback_POLICY.json | models/interp/work_xgboost_nox_interp_opt_r2_budget_matched/configs/operating_points/OP2_RELAXED_2X/winner_POLICY.json
EXACT-0540,2,f0b8e116bc9a3e983679f95a310f984fcf8a9f552da53b1444299f7079d1b2aa,baseline_originals/baseline_nox/baseline_HASHES_R8F.csv | models/preliminary test/work_pinn_nox_r8f/HASHES_R8F.csv
EXACT-0541,2,f32005e4c3ffe191eb899f9685c4e81db96e3a7da135bd12d751ed91c9dc9843,models/preliminary test/work_pinn_co_r10f_std/models/WF01/PINN_CO_R10F_WF01_seed84.pt | models/preliminary test/work_pinn_co_r10f_std/models_CO_R10F/PINN_CO_R10F_WF01_seed84.pt
EXACT-0542,2,f3c87c501d65fceaddedac37361af8202d496102e641610539bd79e7dda40f3b,models/interp/work_xgboost_co_interp_final_r1f_std/tables/computational_footprint.csv | models/interp/work_xgboost_co_interp_final_r1f_std/tables/model_complexity.csv
EXACT-0543,2,f62056c167e819828acb15ce8e171fff9da50f75200d1e897b121748c3ea8385,models/interp/work_xgboost_co_interp_final_r2f_budget_matched/tables/benchmark_probe_registry.csv | models/interp/work_xgboost_nox_interp_final_r2f_budget_matched/tables/benchmark_probe_registry.csv
EXACT-0544,2,f7dfd69b1a1999d9ee95d7919323d150334916ad984dcfe5225a9a15e4dba0bf,baseline_originals/baseline_nox/baseline_MANIFIESTO_R8F.json | models/preliminary test/work_pinn_nox_r8f/MANIFIESTO_R8F.json
EXACT-0545,2,f8de229a85149cb7a81d033b1cabfb134c71c86715f1f332a1c95ba7ef9f760f,models/preliminary test/work_pinn_nox_r8f_std/models/WF04/PINN_NOX_R8F_WF04_seed63.pt | models/preliminary test/work_pinn_nox_r8f_std/models_R8F/PINN_NOX_R8F_WF04_seed63.pt
EXACT-0546,2,f8e0d5e8bf26a9dd42c73920b976cf6a683b2efccf1d9715ddb4e8f6082ef6c2,models/wf/work_pinn_nox_wf_final_r3_std/tables/computational_footprint.csv | models/wf/work_pinn_nox_wf_final_r3_std/tables/model_complexity.csv
EXACT-0547,2,f9898b0f7adb22f7b7fac6c49181768aaf252853c6da98a25781cbba1a89676f,models/preliminary test/work_pinn_co_r9/optuna/development/CO_R9_GAP168_TIT_NEG.sqlite3 | recovery_backups/CO_R9_RECOVERY_20260811T010648220/work_pinn_co_r9/optuna/development/CO_R9_GAP168_TIT_NEG.sqlite3
EXACT-0548,2,f996bd092c23b9e4a82d01625492ddc392281d7e5dd18c550be0308baf45bde7,models/interp/work_xgboost_co_interp_final_r2f_budget_matched/audit/raw_source_authentication_pretest.json | models/interp/work_xgboost_nox_interp_final_r2f_budget_matched/audit/raw_source_authentication_pretest.json
EXACT-0549,2,fac8e14054b89366db26c6a24b7a8234c5fb73573078084d0bd915417bf85833,models/preliminary test/work_pinn_nox_r8f_std/figures/WF01/04_paridad_observado_predicho.png | models/preliminary test/work_pinn_nox_r8f_std/figures_R8F/04_paridad_WF01_seed42.png
EXACT-0550,2,fb7b63778601747b7e2b9429f3dd27741da260558ef6cd4bae203099d45c132c,models/interp/work_xgboost_nox_interp_final_r1f_std/tables/computational_footprint.csv | models/interp/work_xgboost_nox_interp_final_r1f_std/tables/model_complexity.csv
EXACT-0551,2,fcd614c461c4dcd60be5ac511e4634a2777cc6a985c0c1b358542c0c97c38d9f,baseline_originals/baseline_co/baseline_resumen_CO_R10F.csv | models/preliminary test/work_pinn_co_r10f/resumen_CO_R10F.csv
EXACT-0552,2,fcfde8e8fb1a5027378540ad3b539929777aaa7f9a5913ae5ad1a0d4869ca5ad,models/interp/work_pinn_nox_interp_opt_r4_poc_efficient/audit/PARALLEL_EQUIVALENCE_NOX_INTERP_R4.csv | models/interp/work_pinn_nox_interp_opt_r5_poc_efficient/audit/PARALLEL_EQUIVALENCE_NOX_INTERP_R5.csv
EXACT-0553,2,fd84fd2a0f736652ed4c4a3a1852db551032792ecf828a4c173cf628bae19502,models/interp/work_xgboost_co_interp_final_r1f_std/configs/FINAL_TRAINING_POLICY_XGBOOST_CO_INTERP_R1.json | models/interp/work_xgboost_co_interp_opt_r1_poc_efficient/configs/FINAL_TRAINING_POLICY_XGBOOST_CO_INTERP_R1.json
EXACT-0554,2,ff14a8a8ad372904d63822906db102982893e0ffda2173cb0476854ffbf03cda,models/preliminary test/work_pinn_nox_r8f_std/models/WF04/PINN_NOX_R8F_WF04_seed126.pt | models/preliminary test/work_pinn_nox_r8f_std/models_R8F/PINN_NOX_R8F_WF04_seed126.pt
EXACT-0555,2,ffaa9c473a74345be30d68fa3acbe93c4e7342ee445bec97a40ca640dc98952c,models/preliminary test/work_pinn_co_r9/optuna/development/CO_R9_GAP168_TIT_CDP_NEG.sqlite3 | recovery_backups/CO_R9_RECOVERY_20260811T010648220/work_pinn_co_r9/optuna/development/CO_R9_GAP168_TIT_CDP_NEG.sqlite3
EXACT-0556,2,ffd3755c2c359d5df795e107e676552cf9916a99a997e48e122b9e12c146f57c,baseline_originals/baseline_co/baseline_models/PINN_CO_R10F_WF04_seed63.pt | models/preliminary test/work_pinn_co_r10f/models_CO_R10F/PINN_CO_R10F_WF04_seed63.pt
