trial_number,state,objective,failure_reason,MAE_mean,NRMSE_mean,R2_mean,R2_median,R2_min,R2_std,RMSE_mean,active_tit_pcd_min,active_tit_violation_max,anchor_config_hash,bias_abs_mean,config_hash,config_source,decision,is_anchor,objective_definition,parameter_count,physics_level,promotion_status,training_time_s,config_json
0,COMPLETE,0.47447773068632143,,4.871276140406823,0.6283565301672963,0.5926549897901071,0.640878057344417,0.3957699602083863,0.14513161621046144,6.723494485684331,99.560546875,0.439453125,32d66446461deec5da8653a5a863d90e05133f9eab4aa67608aecb38c596f4b0,2.094580950892644,32d66446461deec5da8653a5a863d90e05133f9eab4aa67608aecb38c596f4b0,HISTORICAL_ANCHOR_R7_ADAPTED,COMPLETE_ALL_WF_FOLDS,True,predictive_only_robust_score,76273,A,NOT_APPLICABLE_FULL_EVAL,77.54439130000537,"{""activation"":""tanh"",""batch_size"":512,""config_source"":""HISTORICAL_ANCHOR_R7_ADAPTED"",""dropout"":0.08,""fourier_dim"":0,""fourier_scale"":0.05,""gradient_clip"":5.0,""hidden_widths"":[192,48,192,192,96],""huber_delta"":1.0,""lambda_phys"":4.0231308092338525,""learning_rate"":0.0033089561690355313,""loss_data"":""mse"",""lr_scheduler"":""cosine"",""max_epochs"":300,""name"":""ANCHOR_R7_TIT_INC_ADAPTED"",""nonnegative_output"":false,""optimizer"":""NAdam"",""parameter_sources"":{""activation"":""HISTORICAL_ANCHOR_R7_ADAPTED"",""batch_size"":""HISTORICAL_ANCHOR_R7_ADAPTED"",""dropout"":""HISTORICAL_ANCHOR_R7_ADAPTED"",""fourier_dim"":""FROZEN_R2_SIMPLIFIED_CAMPAIGN"",""fourier_scale"":""FROZEN_R2_SIMPLIFIED_CAMPAIGN"",""gradient_clip"":""FROZEN_R2_SIMPLIFIED_CAMPAIGN"",""hidden_widths"":""HISTORICAL_ANCHOR_R7_ADAPTED"",""lambda_phys"":""HISTORICAL_ANCHOR_R7_ADAPTED"",""learning_rate"":""HISTORICAL_ANCHOR_R7_ADAPTED"",""loss_data"":""HISTORICAL_ANCHOR_R7_ADAPTED"",""lr_scheduler"":""FROZEN_R2_SIMPLIFIED_CAMPAIGN"",""max_epochs"":""FROZEN_R2_SIMPLIFIED_CAMPAIGN"",""nonnegative_output"":""FROZEN_R2_SIMPLIFIED_CAMPAIGN"",""optimizer"":""HISTORICAL_ANCHOR_R7_ADAPTED"",""physics_dropout_mode"":""FROZEN_R2_SIMPLIFIED_CAMPAIGN"",""physics_mode"":""FROZEN_R2_SIMPLIFIED_CAMPAIGN"",""physics_penalty"":""FROZEN_R2_SIMPLIFIED_CAMPAIGN"",""physics_real_fraction"":""FROZEN_R2_SIMPLIFIED_CAMPAIGN"",""physics_warmup_fraction"":""FROZEN_R2_SIMPLIFIED_CAMPAIGN"",""synthetic_base_rows"":""HISTORICAL_ANCHOR_R7_ADAPTED"",""synthetic_batch_size"":""FROZEN_R2_SIMPLIFIED_CAMPAIGN"",""synthetic_levels"":""FROZEN_R2_SIMPLIFIED_CAMPAIGN"",""synthetic_local_span_std"":""FROZEN_R2_SIMPLIFIED_CAMPAIGN"",""target_transform"":""HISTORICAL_ANCHOR_R7_ADAPTED"",""tau_softplus"":""FROZEN_R2_SIMPLIFIED_CAMPAIGN""},""physics_dropout_mode"":""data_only_dropout"",""physics_mode"":""TIT_INC"",""physics_penalty"":""softplus"",""physics_real_fraction"":0.25,""physics_warmup_fraction"":0.1,""synthetic_base_rows"":256,""synthetic_batch_size"":256,""synthetic_levels"":5,""synthetic_local_span_std"":0.5,""target_transform"":""log1p"",""tau_softplus"":0.05,""weight_decay"":0.0}"
1,COMPLETE,0.3298245509836129,,5.348651379759505,0.6623624133354057,0.5298128551816399,0.6405042685276666,0.18291774785552883,0.25058663806168413,7.060707061087311,97.900390625,2.099609375,b364915a9dfb1a0d52ffe0455000ca302b490df2134fdc5260520f9b7bdd760c,2.7776490168467025,b364915a9dfb1a0d52ffe0455000ca302b490df2134fdc5260520f9b7bdd760c,EXECUTED_INTERP_R5_CHAMPION_ADAPTED,COMPLETE_ALL_WF_FOLDS,True,predictive_only_robust_score,9089,B,NOT_APPLICABLE_FULL_EVAL,84.50903469999321,"{""activation"":""silu"",""batch_size"":256,""config_source"":""EXECUTED_INTERP_R5_CHAMPION_ADAPTED"",""dropout"":0.03,""fourier_dim"":0,""fourier_scale"":0.05,""gradient_clip"":5.0,""hidden_widths"":[64,128],""huber_delta"":0.3458550495,""lambda_phys"":3.907195962,""learning_rate"":0.0025623203,""loss_data"":""huber"",""lr_scheduler"":""cosine"",""max_epochs"":300,""name"":""ANCHOR_NOX_INTERP_R5_TRANSFER"",""nonnegative_output"":false,""optimizer"":""AdamW"",""parameter_sources"":{""activation"":""EXECUTED_INTERP_R5_CHAMPION_ADAPTED"",""batch_size"":""EXECUTED_INTERP_R5_CHAMPION_ADAPTED"",""dropout"":""EXECUTED_INTERP_R5_CHAMPION_ADAPTED"",""fourier_dim"":""FROZEN_R2_SIMPLIFIED_CAMPAIGN"",""fourier_scale"":""FROZEN_R2_SIMPLIFIED_CAMPAIGN"",""gradient_clip"":""FROZEN_R2_SIMPLIFIED_CAMPAIGN"",""hidden_widths"":""EXECUTED_INTERP_R5_CHAMPION_ADAPTED"",""huber_delta"":""EXECUTED_INTERP_R5_CHAMPION_ADAPTED"",""lambda_phys"":""EXECUTED_INTERP_R5_CHAMPION_ADAPTED"",""learning_rate"":""EXECUTED_INTERP_R5_CHAMPION_ADAPTED"",""loss_data"":""EXECUTED_INTERP_R5_CHAMPION_ADAPTED"",""lr_scheduler"":""FROZEN_R2_SIMPLIFIED_CAMPAIGN"",""max_epochs"":""FROZEN_R2_SIMPLIFIED_CAMPAIGN"",""nonnegative_output"":""FROZEN_R2_SIMPLIFIED_CAMPAIGN"",""optimizer"":""EXECUTED_INTERP_R5_CHAMPION_ADAPTED"",""physics_dropout_mode"":""FROZEN_R2_SIMPLIFIED_CAMPAIGN"",""physics_mode"":""FROZEN_R2_SIMPLIFIED_CAMPAIGN"",""physics_penalty"":""FROZEN_R2_SIMPLIFIED_CAMPAIGN"",""physics_real_fraction"":""FROZEN_R2_SIMPLIFIED_CAMPAIGN"",""physics_warmup_fraction"":""FROZEN_R2_SIMPLIFIED_CAMPAIGN"",""synthetic_base_rows"":""EXECUTED_INTERP_R5_CHAMPION_ADAPTED"",""synthetic_batch_size"":""FROZEN_R2_SIMPLIFIED_CAMPAIGN"",""synthetic_levels"":""FROZEN_R2_SIMPLIFIED_CAMPAIGN"",""synthetic_local_span_std"":""FROZEN_R2_SIMPLIFIED_CAMPAIGN"",""target_transform"":""EXECUTED_INTERP_R5_CHAMPION_ADAPTED"",""tau_softplus"":""FROZEN_R2_SIMPLIFIED_CAMPAIGN"",""weight_decay"":""EXECUTED_INTERP_R5_CHAMPION_ADAPTED""},""physics_dropout_mode"":""data_only_dropout"",""physics_mode"":""TIT_INC"",""physics_penalty"":""softplus"",""physics_real_fraction"":0.25,""physics_warmup_fraction"":0.1,""synthetic_base_rows"":64,""synthetic_batch_size"":256,""synthetic_levels"":5,""synthetic_local_span_std"":0.5,""target_transform"":""original"",""tau_softplus"":0.05,""weight_decay"":1.905816e-06}"
2,COMPLETE,0.24936713452363726,,5.566063843979282,0.6902744947829623,0.48347464591123473,0.6472892496573889,0.061527503393370875,0.30083607000725393,7.3371806120364935,98.6328125,1.3671875,50080fd706f333540320e100db2f91d275682fa3a3a781764e3a3f1db8dca256,3.235086133858136,50080fd706f333540320e100db2f91d275682fa3a3a781764e3a3f1db8dca256,MANUAL_COMPACT_ANCHOR,COMPLETE_ALL_WF_FOLDS,True,predictive_only_robust_score,4865,B,NOT_APPLICABLE_FULL_EVAL,56.431556900031865,"{""activation"":""tanh"",""batch_size"":512,""config_source"":""MANUAL_COMPACT_ANCHOR"",""dropout"":0.03,""fourier_dim"":0,""fourier_scale"":0.05,""gradient_clip"":5.0,""hidden_widths"":[64,64],""huber_delta"":1.0,""lambda_phys"":0.5,""learning_rate"":0.001,""loss_data"":""mse"",""lr_scheduler"":""cosine"",""max_epochs"":300,""name"":""ANCHOR_TIT_TANH_COMPACT"",""nonnegative_output"":false,""optimizer"":""NAdam"",""parameter_sources"":{""activation"":""MANUAL_COMPACT_ANCHOR"",""fourier_dim"":""FROZEN_R2_SIMPLIFIED_CAMPAIGN"",""fourier_scale"":""FROZEN_R2_SIMPLIFIED_CAMPAIGN"",""gradient_clip"":""FROZEN_R2_SIMPLIFIED_CAMPAIGN"",""hidden_widths"":""MANUAL_COMPACT_ANCHOR"",""lr_scheduler"":""FROZEN_R2_SIMPLIFIED_CAMPAIGN"",""max_epochs"":""FROZEN_R2_SIMPLIFIED_CAMPAIGN"",""nonnegative_output"":""FROZEN_R2_SIMPLIFIED_CAMPAIGN"",""physics_dropout_mode"":""FROZEN_R2_SIMPLIFIED_CAMPAIGN"",""physics_mode"":""FROZEN_R2_SIMPLIFIED_CAMPAIGN"",""physics_penalty"":""FROZEN_R2_SIMPLIFIED_CAMPAIGN"",""physics_real_fraction"":""FROZEN_R2_SIMPLIFIED_CAMPAIGN"",""physics_warmup_fraction"":""FROZEN_R2_SIMPLIFIED_CAMPAIGN"",""synthetic_batch_size"":""FROZEN_R2_SIMPLIFIED_CAMPAIGN"",""synthetic_levels"":""FROZEN_R2_SIMPLIFIED_CAMPAIGN"",""synthetic_local_span_std"":""FROZEN_R2_SIMPLIFIED_CAMPAIGN"",""tau_softplus"":""FROZEN_R2_SIMPLIFIED_CAMPAIGN""},""physics_dropout_mode"":""data_only_dropout"",""physics_mode"":""TIT_INC"",""physics_penalty"":""softplus"",""physics_real_fraction"":0.25,""physics_warmup_fraction"":0.1,""synthetic_base_rows"":128,""synthetic_batch_size"":256,""synthetic_levels"":5,""synthetic_local_span_std"":0.5,""target_transform"":""log1p"",""tau_softplus"":0.05,""weight_decay"":0.0}"
3,COMPLETE,0.24590160491588153,,5.593546600594755,0.6904067535812262,0.48283933241262983,0.6309442940423968,0.06395705734964663,0.3003985094788841,7.346906984999987,90.13671875,9.86328125,9f6370f044c4671215204be588efaa371b25d3e8435570de8edb41a78d964951,3.1417229557843265,9f6370f044c4671215204be588efaa371b25d3e8435570de8edb41a78d964951,MANUAL_COMPACT_ANCHOR,COMPLETE_ALL_WF_FOLDS,True,predictive_only_robust_score,16545,C,NOT_APPLICABLE_FULL_EVAL,60.359574800066184,"{""activation"":""gelu"",""batch_size"":512,""config_source"":""MANUAL_COMPACT_ANCHOR"",""dropout"":0.03,""fourier_dim"":0,""fourier_scale"":0.05,""gradient_clip"":5.0,""hidden_widths"":[96,96,64],""huber_delta"":1.0,""lambda_phys"":0.5,""learning_rate"":0.001,""loss_data"":""mse"",""lr_scheduler"":""cosine"",""max_epochs"":300,""name"":""ANCHOR_TIT_GELU_COMPACT"",""nonnegative_output"":false,""optimizer"":""NAdam"",""parameter_sources"":{""activation"":""MANUAL_COMPACT_ANCHOR"",""fourier_dim"":""FROZEN_R2_SIMPLIFIED_CAMPAIGN"",""fourier_scale"":""FROZEN_R2_SIMPLIFIED_CAMPAIGN"",""gradient_clip"":""FROZEN_R2_SIMPLIFIED_CAMPAIGN"",""hidden_widths"":""MANUAL_COMPACT_ANCHOR"",""lr_scheduler"":""FROZEN_R2_SIMPLIFIED_CAMPAIGN"",""max_epochs"":""FROZEN_R2_SIMPLIFIED_CAMPAIGN"",""nonnegative_output"":""FROZEN_R2_SIMPLIFIED_CAMPAIGN"",""physics_dropout_mode"":""FROZEN_R2_SIMPLIFIED_CAMPAIGN"",""physics_mode"":""FROZEN_R2_SIMPLIFIED_CAMPAIGN"",""physics_penalty"":""FROZEN_R2_SIMPLIFIED_CAMPAIGN"",""physics_real_fraction"":""FROZEN_R2_SIMPLIFIED_CAMPAIGN"",""physics_warmup_fraction"":""FROZEN_R2_SIMPLIFIED_CAMPAIGN"",""synthetic_batch_size"":""FROZEN_R2_SIMPLIFIED_CAMPAIGN"",""synthetic_levels"":""FROZEN_R2_SIMPLIFIED_CAMPAIGN"",""synthetic_local_span_std"":""FROZEN_R2_SIMPLIFIED_CAMPAIGN"",""tau_softplus"":""FROZEN_R2_SIMPLIFIED_CAMPAIGN""},""physics_dropout_mode"":""data_only_dropout"",""physics_mode"":""TIT_INC"",""physics_penalty"":""softplus"",""physics_real_fraction"":0.25,""physics_warmup_fraction"":0.1,""synthetic_base_rows"":128,""synthetic_batch_size"":256,""synthetic_levels"":5,""synthetic_local_span_std"":0.5,""target_transform"":""log1p"",""tau_softplus"":0.05,""weight_decay"":0.0}"
4,COMPLETE,0.2673961813056741,,5.54619168520966,0.6847096880346465,0.4932611871975729,0.6486890392300739,0.08737480021719435,0.2896152931342196,7.28069766412077,78.173828125,21.826171875,,2.5584085132155643,048ad242e297c5cc644043eb0dc65f1ac612cdf5dd37706e1f05462d51666972,OPTUNA_FOCUSED_R2,COMPLETE_ALL_WF_FOLDS,False,predictive_only_robust_score,13249,C,NOT_APPLICABLE_FULL_EVAL,163.9225160999922,"{""activation"":""gelu"",""batch_size"":128,""config_source"":""OPTUNA_FOCUSED_R2"",""dropout"":0.03,""fourier_dim"":0,""fourier_scale"":0.05,""gradient_clip"":5.0,""hidden_widths"":[64,64,128],""huber_delta"":1.0,""lambda_phys"":0.39091028599539407,""learning_rate"":0.003802441747149292,""loss_data"":""mse"",""lr_scheduler"":""cosine"",""max_epochs"":300,""name"":""TRIAL_0004_TIT_INC"",""nonnegative_output"":false,""optimizer"":""AdamW"",""parameter_sources"":{""activation"":""OPTUNA"",""batch_size"":""OPTUNA"",""dropout"":""OPTUNA"",""fourier_dim"":""FROZEN_R2_SIMPLIFIED_CAMPAIGN"",""fourier_scale"":""FROZEN_R2_SIMPLIFIED_CAMPAIGN"",""gradient_clip"":""FROZEN_R2_SIMPLIFIED_CAMPAIGN"",""hidden_widths"":""OPTUNA"",""huber_delta"":""OPTUNA"",""lambda_phys"":""OPTUNA"",""learning_rate"":""OPTUNA"",""loss_data"":""OPTUNA"",""lr_scheduler"":""FROZEN_R2_SIMPLIFIED_CAMPAIGN"",""max_epochs"":""FROZEN_R2_SIMPLIFIED_CAMPAIGN"",""nonnegative_output"":""FROZEN_R2_SIMPLIFIED_CAMPAIGN"",""optimizer"":""OPTUNA"",""physics_dropout_mode"":""FROZEN_R2_SIMPLIFIED_CAMPAIGN"",""physics_mode"":""FROZEN_R2_SIMPLIFIED_CAMPAIGN"",""physics_penalty"":""FROZEN_R2_SIMPLIFIED_CAMPAIGN"",""physics_real_fraction"":""FROZEN_R2_SIMPLIFIED_CAMPAIGN"",""physics_warmup_fraction"":""FROZEN_R2_SIMPLIFIED_CAMPAIGN"",""synthetic_base_rows"":""OPTUNA"",""synthetic_batch_size"":""FROZEN_R2_SIMPLIFIED_CAMPAIGN"",""synthetic_levels"":""FROZEN_R2_SIMPLIFIED_CAMPAIGN"",""synthetic_local_span_std"":""FROZEN_R2_SIMPLIFIED_CAMPAIGN"",""target_transform"":""OPTUNA"",""tau_softplus"":""FROZEN_R2_SIMPLIFIED_CAMPAIGN"",""weight_decay"":""OPTUNA""},""physics_dropout_mode"":""data_only_dropout"",""physics_mode"":""TIT_INC"",""physics_penalty"":""softplus"",""physics_real_fraction"":0.25,""physics_warmup_fraction"":0.1,""synthetic_base_rows"":128,""synthetic_batch_size"":256,""synthetic_levels"":5,""synthetic_local_span_std"":0.5,""target_transform"":""original"",""tau_softplus"":0.05,""weight_decay"":0.0}"
5,COMPLETE,0.32982266420044565,,5.348603193490145,0.6623584036725568,0.5298160685931878,0.6405329759185814,0.1829015181242436,0.25059746308993724,7.060650755824175,97.900390625,2.099609375,,2.7773317799747734,60b7aedb8cff0a89e1ea78f6d7a0194c5fa3a0e1f458bf443ec14e6559dea1a1,OPTUNA_FOCUSED_R2,COMPLETE_ALL_WF_FOLDS,False,predictive_only_robust_score,9089,B,NOT_APPLICABLE_FULL_EVAL,85.02568900003098,"{""activation"":""silu"",""batch_size"":256,""config_source"":""OPTUNA_FOCUSED_R2"",""dropout"":0.03,""fourier_dim"":0,""fourier_scale"":0.05,""gradient_clip"":5.0,""hidden_widths"":[64,128],""huber_delta"":0.3458550494949655,""lambda_phys"":3.90719596200911,""learning_rate"":0.0025623202736705024,""loss_data"":""huber"",""lr_scheduler"":""cosine"",""max_epochs"":300,""name"":""TRIAL_0005_TIT_INC"",""nonnegative_output"":false,""optimizer"":""AdamW"",""parameter_sources"":{""activation"":""OPTUNA"",""batch_size"":""OPTUNA"",""dropout"":""OPTUNA"",""fourier_dim"":""FROZEN_R2_SIMPLIFIED_CAMPAIGN"",""fourier_scale"":""FROZEN_R2_SIMPLIFIED_CAMPAIGN"",""gradient_clip"":""FROZEN_R2_SIMPLIFIED_CAMPAIGN"",""hidden_widths"":""OPTUNA"",""huber_delta"":""OPTUNA"",""lambda_phys"":""OPTUNA"",""learning_rate"":""OPTUNA"",""loss_data"":""OPTUNA"",""lr_scheduler"":""FROZEN_R2_SIMPLIFIED_CAMPAIGN"",""max_epochs"":""FROZEN_R2_SIMPLIFIED_CAMPAIGN"",""nonnegative_output"":""FROZEN_R2_SIMPLIFIED_CAMPAIGN"",""optimizer"":""OPTUNA"",""physics_dropout_mode"":""FROZEN_R2_SIMPLIFIED_CAMPAIGN"",""physics_mode"":""FROZEN_R2_SIMPLIFIED_CAMPAIGN"",""physics_penalty"":""FROZEN_R2_SIMPLIFIED_CAMPAIGN"",""physics_real_fraction"":""FROZEN_R2_SIMPLIFIED_CAMPAIGN"",""physics_warmup_fraction"":""FROZEN_R2_SIMPLIFIED_CAMPAIGN"",""synthetic_base_rows"":""OPTUNA"",""synthetic_batch_size"":""FROZEN_R2_SIMPLIFIED_CAMPAIGN"",""synthetic_levels"":""FROZEN_R2_SIMPLIFIED_CAMPAIGN"",""synthetic_local_span_std"":""FROZEN_R2_SIMPLIFIED_CAMPAIGN"",""target_transform"":""OPTUNA"",""tau_softplus"":""FROZEN_R2_SIMPLIFIED_CAMPAIGN"",""weight_decay"":""OPTUNA""},""physics_dropout_mode"":""data_only_dropout"",""physics_mode"":""TIT_INC"",""physics_penalty"":""softplus"",""physics_real_fraction"":0.25,""physics_warmup_fraction"":0.1,""synthetic_base_rows"":64,""synthetic_batch_size"":256,""synthetic_levels"":5,""synthetic_local_span_std"":0.5,""target_transform"":""original"",""tau_softplus"":0.05,""weight_decay"":1.9058162108187204e-06}"
6,COMPLETE,0.1079982386415857,,5.986822970780454,0.7234876690611626,0.4157391579106547,0.6019423081121468,-0.12545754863238145,0.38883840403694936,7.691508207801824,33.10546875,66.89453125,,3.5974959321149207,c687d2c3f612bd9bb857f73bee6a95089eded74e5db4be182a0fa6f439dfecff,OPTUNA_FOCUSED_R2,COMPLETE_ALL_WF_FOLDS,False,predictive_only_robust_score,23329,C,NOT_APPLICABLE_FULL_EVAL,73.86213729996234,"{""activation"":""gelu"",""batch_size"":256,""config_source"":""OPTUNA_FOCUSED_R2"",""dropout"":0.03,""fourier_dim"":0,""fourier_scale"":0.05,""gradient_clip"":5.0,""hidden_widths"":[160,96,64],""huber_delta"":0.5664050090101975,""lambda_phys"":0.007863285750819436,""learning_rate"":0.0006149834406355662,""loss_data"":""huber"",""lr_scheduler"":""cosine"",""max_epochs"":300,""name"":""TRIAL_0006_TIT_INC"",""nonnegative_output"":false,""optimizer"":""AdamW"",""parameter_sources"":{""activation"":""OPTUNA"",""batch_size"":""OPTUNA"",""dropout"":""OPTUNA"",""fourier_dim"":""FROZEN_R2_SIMPLIFIED_CAMPAIGN"",""fourier_scale"":""FROZEN_R2_SIMPLIFIED_CAMPAIGN"",""gradient_clip"":""FROZEN_R2_SIMPLIFIED_CAMPAIGN"",""hidden_widths"":""OPTUNA"",""huber_delta"":""OPTUNA"",""lambda_phys"":""OPTUNA"",""learning_rate"":""OPTUNA"",""loss_data"":""OPTUNA"",""lr_scheduler"":""FROZEN_R2_SIMPLIFIED_CAMPAIGN"",""max_epochs"":""FROZEN_R2_SIMPLIFIED_CAMPAIGN"",""nonnegative_output"":""FROZEN_R2_SIMPLIFIED_CAMPAIGN"",""optimizer"":""OPTUNA"",""physics_dropout_mode"":""FROZEN_R2_SIMPLIFIED_CAMPAIGN"",""physics_mode"":""FROZEN_R2_SIMPLIFIED_CAMPAIGN"",""physics_penalty"":""FROZEN_R2_SIMPLIFIED_CAMPAIGN"",""physics_real_fraction"":""FROZEN_R2_SIMPLIFIED_CAMPAIGN"",""physics_warmup_fraction"":""FROZEN_R2_SIMPLIFIED_CAMPAIGN"",""synthetic_base_rows"":""OPTUNA"",""synthetic_batch_size"":""FROZEN_R2_SIMPLIFIED_CAMPAIGN"",""synthetic_levels"":""FROZEN_R2_SIMPLIFIED_CAMPAIGN"",""synthetic_local_span_std"":""FROZEN_R2_SIMPLIFIED_CAMPAIGN"",""target_transform"":""OPTUNA"",""tau_softplus"":""FROZEN_R2_SIMPLIFIED_CAMPAIGN"",""weight_decay"":""OPTUNA""},""physics_dropout_mode"":""data_only_dropout"",""physics_mode"":""TIT_INC"",""physics_penalty"":""softplus"",""physics_real_fraction"":0.25,""physics_warmup_fraction"":0.1,""synthetic_base_rows"":64,""synthetic_batch_size"":256,""synthetic_levels"":5,""synthetic_local_span_std"":0.5,""target_transform"":""log1p"",""tau_softplus"":0.05,""weight_decay"":0.0}"
7,COMPLETE,0.04176252583408251,,5.7719733796739305,0.722211841021647,0.3970760168649791,0.6825277371754135,-0.26016049939973485,0.4660709736519856,7.632252029711314,77.685546875,22.314453125,,2.8658984685925817,c57a91e2751e9abffa47fe2110fe71d1fe6cea10eadc048f8e22f6661e98aaf9,OPTUNA_FOCUSED_R2,COMPLETE_ALL_WF_FOLDS,False,predictive_only_robust_score,22465,C,NOT_APPLICABLE_FULL_EVAL,43.341007100010756,"{""activation"":""gelu"",""batch_size"":512,""config_source"":""OPTUNA_FOCUSED_R2"",""dropout"":0.0,""fourier_dim"":0,""fourier_scale"":0.05,""gradient_clip"":5.0,""hidden_widths"":[160,64,160],""huber_delta"":0.3618330368745162,""lambda_phys"":0.011614756024017646,""learning_rate"":0.0027944691381335167,""loss_data"":""huber"",""lr_scheduler"":""cosine"",""max_epochs"":300,""name"":""TRIAL_0007_TIT_INC"",""nonnegative_output"":false,""optimizer"":""AdamW"",""parameter_sources"":{""activation"":""OPTUNA"",""batch_size"":""OPTUNA"",""dropout"":""OPTUNA"",""fourier_dim"":""FROZEN_R2_SIMPLIFIED_CAMPAIGN"",""fourier_scale"":""FROZEN_R2_SIMPLIFIED_CAMPAIGN"",""gradient_clip"":""FROZEN_R2_SIMPLIFIED_CAMPAIGN"",""hidden_widths"":""OPTUNA"",""huber_delta"":""OPTUNA"",""lambda_phys"":""OPTUNA"",""learning_rate"":""OPTUNA"",""loss_data"":""OPTUNA"",""lr_scheduler"":""FROZEN_R2_SIMPLIFIED_CAMPAIGN"",""max_epochs"":""FROZEN_R2_SIMPLIFIED_CAMPAIGN"",""nonnegative_output"":""FROZEN_R2_SIMPLIFIED_CAMPAIGN"",""optimizer"":""OPTUNA"",""physics_dropout_mode"":""FROZEN_R2_SIMPLIFIED_CAMPAIGN"",""physics_mode"":""FROZEN_R2_SIMPLIFIED_CAMPAIGN"",""physics_penalty"":""FROZEN_R2_SIMPLIFIED_CAMPAIGN"",""physics_real_fraction"":""FROZEN_R2_SIMPLIFIED_CAMPAIGN"",""physics_warmup_fraction"":""FROZEN_R2_SIMPLIFIED_CAMPAIGN"",""synthetic_base_rows"":""OPTUNA"",""synthetic_batch_size"":""FROZEN_R2_SIMPLIFIED_CAMPAIGN"",""synthetic_levels"":""FROZEN_R2_SIMPLIFIED_CAMPAIGN"",""synthetic_local_span_std"":""FROZEN_R2_SIMPLIFIED_CAMPAIGN"",""target_transform"":""OPTUNA"",""tau_softplus"":""FROZEN_R2_SIMPLIFIED_CAMPAIGN"",""weight_decay"":""OPTUNA""},""physics_dropout_mode"":""data_only_dropout"",""physics_mode"":""TIT_INC"",""physics_penalty"":""softplus"",""physics_real_fraction"":0.25,""physics_warmup_fraction"":0.1,""synthetic_base_rows"":128,""synthetic_batch_size"":256,""synthetic_levels"":5,""synthetic_local_span_std"":0.5,""target_transform"":""original"",""tau_softplus"":0.05,""weight_decay"":0.0}"
8,COMPLETE,0.27306135057246717,,5.530107841351319,0.6834485794343363,0.4963039049401594,0.606547522198051,0.11531956340085814,0.2772503462147894,7.290039638092183,99.365234375,0.634765625,,2.89387379596837,2897293aab78e1380e27a7184a0d2f807f7269deef4a52e5265787864ba723de,OPTUNA_FOCUSED_R2,COMPLETE_ALL_WF_FOLDS,False,predictive_only_robust_score,9601,A,NOT_APPLICABLE_FULL_EVAL,51.5350617999793,"{""activation"":""tanh"",""batch_size"":512,""config_source"":""OPTUNA_FOCUSED_R2"",""dropout"":0.15,""fourier_dim"":0,""fourier_scale"":0.05,""gradient_clip"":5.0,""hidden_widths"":[128,64],""huber_delta"":0.35357490247914436,""lambda_phys"":0.018637009735775135,""learning_rate"":0.005450144741754006,""loss_data"":""huber"",""lr_scheduler"":""cosine"",""max_epochs"":300,""name"":""TRIAL_0008_TIT_INC"",""nonnegative_output"":false,""optimizer"":""NAdam"",""parameter_sources"":{""activation"":""OPTUNA"",""batch_size"":""OPTUNA"",""dropout"":""OPTUNA"",""fourier_dim"":""FROZEN_R2_SIMPLIFIED_CAMPAIGN"",""fourier_scale"":""FROZEN_R2_SIMPLIFIED_CAMPAIGN"",""gradient_clip"":""FROZEN_R2_SIMPLIFIED_CAMPAIGN"",""hidden_widths"":""OPTUNA"",""huber_delta"":""OPTUNA"",""lambda_phys"":""OPTUNA"",""learning_rate"":""OPTUNA"",""loss_data"":""OPTUNA"",""lr_scheduler"":""FROZEN_R2_SIMPLIFIED_CAMPAIGN"",""max_epochs"":""FROZEN_R2_SIMPLIFIED_CAMPAIGN"",""nonnegative_output"":""FROZEN_R2_SIMPLIFIED_CAMPAIGN"",""optimizer"":""OPTUNA"",""physics_dropout_mode"":""FROZEN_R2_SIMPLIFIED_CAMPAIGN"",""physics_mode"":""FROZEN_R2_SIMPLIFIED_CAMPAIGN"",""physics_penalty"":""FROZEN_R2_SIMPLIFIED_CAMPAIGN"",""physics_real_fraction"":""FROZEN_R2_SIMPLIFIED_CAMPAIGN"",""physics_warmup_fraction"":""FROZEN_R2_SIMPLIFIED_CAMPAIGN"",""synthetic_base_rows"":""OPTUNA"",""synthetic_batch_size"":""FROZEN_R2_SIMPLIFIED_CAMPAIGN"",""synthetic_levels"":""FROZEN_R2_SIMPLIFIED_CAMPAIGN"",""synthetic_local_span_std"":""FROZEN_R2_SIMPLIFIED_CAMPAIGN"",""target_transform"":""OPTUNA"",""tau_softplus"":""FROZEN_R2_SIMPLIFIED_CAMPAIGN"",""weight_decay"":""OPTUNA""},""physics_dropout_mode"":""data_only_dropout"",""physics_mode"":""TIT_INC"",""physics_penalty"":""softplus"",""physics_real_fraction"":0.25,""physics_warmup_fraction"":0.1,""synthetic_base_rows"":128,""synthetic_batch_size"":256,""synthetic_levels"":5,""synthetic_local_span_std"":0.5,""target_transform"":""log1p"",""tau_softplus"":0.05,""weight_decay"":2.1122072677893967e-06}"
9,COMPLETE,0.2996211888113346,,5.5262777203003255,0.6785717987877469,0.507268972173441,0.608785824489497,0.15338145932673886,0.25770331348901937,7.240815407352639,99.658203125,0.341796875,,2.932641500250637,d2bd72e02e98e82ac8cda33b795eeacf76955ea721da186dedbb324b0e6c9b1c,OPTUNA_FOCUSED_R2,COMPLETE_ALL_WF_FOLDS,False,predictive_only_robust_score,14337,A,NOT_APPLICABLE_FULL_EVAL,78.45528080000076,"{""activation"":""gelu"",""batch_size"":256,""config_source"":""OPTUNA_FOCUSED_R2"",""dropout"":0.03,""fourier_dim"":0,""fourier_scale"":0.05,""gradient_clip"":5.0,""hidden_widths"":[192,64],""huber_delta"":1.1752755775640897,""lambda_phys"":1.8024906847395188,""learning_rate"":0.00031491718167958447,""loss_data"":""huber"",""lr_scheduler"":""cosine"",""max_epochs"":300,""name"":""TRIAL_0009_TIT_INC"",""nonnegative_output"":false,""optimizer"":""AdamW"",""parameter_sources"":{""activation"":""OPTUNA"",""batch_size"":""OPTUNA"",""dropout"":""OPTUNA"",""fourier_dim"":""FROZEN_R2_SIMPLIFIED_CAMPAIGN"",""fourier_scale"":""FROZEN_R2_SIMPLIFIED_CAMPAIGN"",""gradient_clip"":""FROZEN_R2_SIMPLIFIED_CAMPAIGN"",""hidden_widths"":""OPTUNA"",""huber_delta"":""OPTUNA"",""lambda_phys"":""OPTUNA"",""learning_rate"":""OPTUNA"",""loss_data"":""OPTUNA"",""lr_scheduler"":""FROZEN_R2_SIMPLIFIED_CAMPAIGN"",""max_epochs"":""FROZEN_R2_SIMPLIFIED_CAMPAIGN"",""nonnegative_output"":""FROZEN_R2_SIMPLIFIED_CAMPAIGN"",""optimizer"":""OPTUNA"",""physics_dropout_mode"":""FROZEN_R2_SIMPLIFIED_CAMPAIGN"",""physics_mode"":""FROZEN_R2_SIMPLIFIED_CAMPAIGN"",""physics_penalty"":""FROZEN_R2_SIMPLIFIED_CAMPAIGN"",""physics_real_fraction"":""FROZEN_R2_SIMPLIFIED_CAMPAIGN"",""physics_warmup_fraction"":""FROZEN_R2_SIMPLIFIED_CAMPAIGN"",""synthetic_base_rows"":""OPTUNA"",""synthetic_batch_size"":""FROZEN_R2_SIMPLIFIED_CAMPAIGN"",""synthetic_levels"":""FROZEN_R2_SIMPLIFIED_CAMPAIGN"",""synthetic_local_span_std"":""FROZEN_R2_SIMPLIFIED_CAMPAIGN"",""target_transform"":""OPTUNA"",""tau_softplus"":""FROZEN_R2_SIMPLIFIED_CAMPAIGN"",""weight_decay"":""OPTUNA""},""physics_dropout_mode"":""data_only_dropout"",""physics_mode"":""TIT_INC"",""physics_penalty"":""softplus"",""physics_real_fraction"":0.25,""physics_warmup_fraction"":0.1,""synthetic_base_rows"":64,""synthetic_batch_size"":256,""synthetic_levels"":5,""synthetic_local_span_std"":0.5,""target_transform"":""original"",""tau_softplus"":0.05,""weight_decay"":0.0}"
10,COMPLETE,0.264372289453577,,5.559866755514939,0.6916251784095874,0.48622041083855877,0.607515320428769,0.10210712919518494,0.2776862527602055,7.372585154613844,96.2890625,3.7109375,,3.277128134593479,ff1407995dd42f779b1613a08f970f4bcb332a03713315ca52e6b326a0b95177,OPTUNA_FOCUSED_R2,COMPLETE_ALL_WF_FOLDS,False,predictive_only_robust_score,51137,B,NOT_APPLICABLE_FULL_EVAL,40.95159919996513,"{""activation"":""silu"",""batch_size"":512,""config_source"":""OPTUNA_FOCUSED_R2"",""dropout"":0.08,""fourier_dim"":0,""fourier_scale"":0.05,""gradient_clip"":5.0,""hidden_widths"":[160,192,96],""huber_delta"":1.0,""lambda_phys"":0.9925085217919504,""learning_rate"":0.001895025940027649,""loss_data"":""mse"",""lr_scheduler"":""cosine"",""max_epochs"":300,""name"":""TRIAL_0010_TIT_INC"",""nonnegative_output"":false,""optimizer"":""NAdam"",""parameter_sources"":{""activation"":""OPTUNA"",""batch_size"":""OPTUNA"",""dropout"":""OPTUNA"",""fourier_dim"":""FROZEN_R2_SIMPLIFIED_CAMPAIGN"",""fourier_scale"":""FROZEN_R2_SIMPLIFIED_CAMPAIGN"",""gradient_clip"":""FROZEN_R2_SIMPLIFIED_CAMPAIGN"",""hidden_widths"":""OPTUNA"",""huber_delta"":""OPTUNA"",""lambda_phys"":""OPTUNA"",""learning_rate"":""OPTUNA"",""loss_data"":""OPTUNA"",""lr_scheduler"":""FROZEN_R2_SIMPLIFIED_CAMPAIGN"",""max_epochs"":""FROZEN_R2_SIMPLIFIED_CAMPAIGN"",""nonnegative_output"":""FROZEN_R2_SIMPLIFIED_CAMPAIGN"",""optimizer"":""OPTUNA"",""physics_dropout_mode"":""FROZEN_R2_SIMPLIFIED_CAMPAIGN"",""physics_mode"":""FROZEN_R2_SIMPLIFIED_CAMPAIGN"",""physics_penalty"":""FROZEN_R2_SIMPLIFIED_CAMPAIGN"",""physics_real_fraction"":""FROZEN_R2_SIMPLIFIED_CAMPAIGN"",""physics_warmup_fraction"":""FROZEN_R2_SIMPLIFIED_CAMPAIGN"",""synthetic_base_rows"":""OPTUNA"",""synthetic_batch_size"":""FROZEN_R2_SIMPLIFIED_CAMPAIGN"",""synthetic_levels"":""FROZEN_R2_SIMPLIFIED_CAMPAIGN"",""synthetic_local_span_std"":""FROZEN_R2_SIMPLIFIED_CAMPAIGN"",""target_transform"":""OPTUNA"",""tau_softplus"":""FROZEN_R2_SIMPLIFIED_CAMPAIGN"",""weight_decay"":""OPTUNA""},""physics_dropout_mode"":""data_only_dropout"",""physics_mode"":""TIT_INC"",""physics_penalty"":""softplus"",""physics_real_fraction"":0.25,""physics_warmup_fraction"":0.1,""synthetic_base_rows"":256,""synthetic_batch_size"":256,""synthetic_levels"":5,""synthetic_local_span_std"":0.5,""target_transform"":""log1p"",""tau_softplus"":0.05,""weight_decay"":0.00033750080955411696}"
11,COMPLETE,0.11244485960084649,,6.11953491345515,0.7267379976466763,0.4137804055798337,0.6014945466928838,-0.11865194758514952,0.38190376413912314,7.72522931969925,58.59375,41.40625,,3.7426686347573734,9ec93490f42f045aa301b821612c11d79db640d087d7a12a972a1bbf1c3d4e7a,OPTUNA_FOCUSED_R2,COMPLETE_ALL_WF_FOLDS,False,predictive_only_robust_score,62753,C,NOT_APPLICABLE_FULL_EVAL,177.4136165000382,"{""activation"":""silu"",""batch_size"":128,""config_source"":""OPTUNA_FOCUSED_R2"",""dropout"":0.15,""fourier_dim"":0,""fourier_scale"":0.05,""gradient_clip"":5.0,""hidden_widths"":[64,96,192,192],""huber_delta"":1.3757848873568264,""lambda_phys"":0.001334254057007435,""learning_rate"":0.00034977458971433364,""loss_data"":""huber"",""lr_scheduler"":""cosine"",""max_epochs"":300,""name"":""TRIAL_0011_TIT_INC"",""nonnegative_output"":false,""optimizer"":""NAdam"",""parameter_sources"":{""activation"":""OPTUNA"",""batch_size"":""OPTUNA"",""dropout"":""OPTUNA"",""fourier_dim"":""FROZEN_R2_SIMPLIFIED_CAMPAIGN"",""fourier_scale"":""FROZEN_R2_SIMPLIFIED_CAMPAIGN"",""gradient_clip"":""FROZEN_R2_SIMPLIFIED_CAMPAIGN"",""hidden_widths"":""OPTUNA"",""huber_delta"":""OPTUNA"",""lambda_phys"":""OPTUNA"",""learning_rate"":""OPTUNA"",""loss_data"":""OPTUNA"",""lr_scheduler"":""FROZEN_R2_SIMPLIFIED_CAMPAIGN"",""max_epochs"":""FROZEN_R2_SIMPLIFIED_CAMPAIGN"",""nonnegative_output"":""FROZEN_R2_SIMPLIFIED_CAMPAIGN"",""optimizer"":""OPTUNA"",""physics_dropout_mode"":""FROZEN_R2_SIMPLIFIED_CAMPAIGN"",""physics_mode"":""FROZEN_R2_SIMPLIFIED_CAMPAIGN"",""physics_penalty"":""FROZEN_R2_SIMPLIFIED_CAMPAIGN"",""physics_real_fraction"":""FROZEN_R2_SIMPLIFIED_CAMPAIGN"",""physics_warmup_fraction"":""FROZEN_R2_SIMPLIFIED_CAMPAIGN"",""synthetic_base_rows"":""OPTUNA"",""synthetic_batch_size"":""FROZEN_R2_SIMPLIFIED_CAMPAIGN"",""synthetic_levels"":""FROZEN_R2_SIMPLIFIED_CAMPAIGN"",""synthetic_local_span_std"":""FROZEN_R2_SIMPLIFIED_CAMPAIGN"",""target_transform"":""OPTUNA"",""tau_softplus"":""FROZEN_R2_SIMPLIFIED_CAMPAIGN"",""weight_decay"":""OPTUNA""},""physics_dropout_mode"":""data_only_dropout"",""physics_mode"":""TIT_INC"",""physics_penalty"":""softplus"",""physics_real_fraction"":0.25,""physics_warmup_fraction"":0.1,""synthetic_base_rows"":256,""synthetic_batch_size"":256,""synthetic_levels"":5,""synthetic_local_span_std"":0.5,""target_transform"":""original"",""tau_softplus"":0.05,""weight_decay"":0.0}"
12,COMPLETE,0.15219551973309717,,5.959963246191819,0.73083426438372,0.41732334677464444,0.6588999051997019,-0.08601031311719587,0.3560059863396034,7.739719234864091,51.513671875,48.486328125,,2.9662229690712363,a1e812a678b941c8422ee57fa20038d7f4b094da5a1b0d19ab1f438eb14ddfea,OPTUNA_FOCUSED_R2,COMPLETE_ALL_WF_FOLDS,False,predictive_only_robust_score,39105,C,NOT_APPLICABLE_FULL_EVAL,162.05470109998714,"{""activation"":""tanh"",""batch_size"":128,""config_source"":""OPTUNA_FOCUSED_R2"",""dropout"":0.0,""fourier_dim"":0,""fourier_scale"":0.05,""gradient_clip"":5.0,""hidden_widths"":[192,128,96],""huber_delta"":1.0,""lambda_phys"":0.0051725566773261735,""learning_rate"":0.00293785161663175,""loss_data"":""mse"",""lr_scheduler"":""cosine"",""max_epochs"":300,""name"":""TRIAL_0012_TIT_INC"",""nonnegative_output"":false,""optimizer"":""NAdam"",""parameter_sources"":{""activation"":""OPTUNA"",""batch_size"":""OPTUNA"",""dropout"":""OPTUNA"",""fourier_dim"":""FROZEN_R2_SIMPLIFIED_CAMPAIGN"",""fourier_scale"":""FROZEN_R2_SIMPLIFIED_CAMPAIGN"",""gradient_clip"":""FROZEN_R2_SIMPLIFIED_CAMPAIGN"",""hidden_widths"":""OPTUNA"",""huber_delta"":""OPTUNA"",""lambda_phys"":""OPTUNA"",""learning_rate"":""OPTUNA"",""loss_data"":""OPTUNA"",""lr_scheduler"":""FROZEN_R2_SIMPLIFIED_CAMPAIGN"",""max_epochs"":""FROZEN_R2_SIMPLIFIED_CAMPAIGN"",""nonnegative_output"":""FROZEN_R2_SIMPLIFIED_CAMPAIGN"",""optimizer"":""OPTUNA"",""physics_dropout_mode"":""FROZEN_R2_SIMPLIFIED_CAMPAIGN"",""physics_mode"":""FROZEN_R2_SIMPLIFIED_CAMPAIGN"",""physics_penalty"":""FROZEN_R2_SIMPLIFIED_CAMPAIGN"",""physics_real_fraction"":""FROZEN_R2_SIMPLIFIED_CAMPAIGN"",""physics_warmup_fraction"":""FROZEN_R2_SIMPLIFIED_CAMPAIGN"",""synthetic_base_rows"":""OPTUNA"",""synthetic_batch_size"":""FROZEN_R2_SIMPLIFIED_CAMPAIGN"",""synthetic_levels"":""FROZEN_R2_SIMPLIFIED_CAMPAIGN"",""synthetic_local_span_std"":""FROZEN_R2_SIMPLIFIED_CAMPAIGN"",""target_transform"":""OPTUNA"",""tau_softplus"":""FROZEN_R2_SIMPLIFIED_CAMPAIGN"",""weight_decay"":""OPTUNA""},""physics_dropout_mode"":""data_only_dropout"",""physics_mode"":""TIT_INC"",""physics_penalty"":""softplus"",""physics_real_fraction"":0.25,""physics_warmup_fraction"":0.1,""synthetic_base_rows"":256,""synthetic_batch_size"":256,""synthetic_levels"":5,""synthetic_local_span_std"":0.5,""target_transform"":""original"",""tau_softplus"":0.05,""weight_decay"":0.0}"
13,COMPLETE,0.35340821845473075,,5.181273853008882,0.6620242541381782,0.5352622799472829,0.6462286630043774,0.21501831447676734,0.22997597127371144,7.055850244305723,100.0,0.0,,2.5228943627187577,2714add0089f635822909f6377d7a1370c46ce08eafccaffcf7baf569b64ceb2,OPTUNA_FOCUSED_R2,COMPLETE_ALL_WF_FOLDS,False,predictive_only_robust_score,63585,A,NOT_APPLICABLE_FULL_EVAL,170.48046390002128,"{""activation"":""tanh"",""batch_size"":256,""config_source"":""OPTUNA_FOCUSED_R2"",""dropout"":0.08,""fourier_dim"":0,""fourier_scale"":0.05,""gradient_clip"":5.0,""hidden_widths"":[160,128,160,128],""huber_delta"":1.0,""lambda_phys"":1.2809709691588063,""learning_rate"":0.00034049094538453166,""loss_data"":""mse"",""lr_scheduler"":""cosine"",""max_epochs"":300,""name"":""TRIAL_0013_TIT_INC"",""nonnegative_output"":false,""optimizer"":""AdamW"",""parameter_sources"":{""activation"":""OPTUNA"",""batch_size"":""OPTUNA"",""dropout"":""OPTUNA"",""fourier_dim"":""FROZEN_R2_SIMPLIFIED_CAMPAIGN"",""fourier_scale"":""FROZEN_R2_SIMPLIFIED_CAMPAIGN"",""gradient_clip"":""FROZEN_R2_SIMPLIFIED_CAMPAIGN"",""hidden_widths"":""OPTUNA"",""huber_delta"":""OPTUNA"",""lambda_phys"":""OPTUNA"",""learning_rate"":""OPTUNA"",""loss_data"":""OPTUNA"",""lr_scheduler"":""FROZEN_R2_SIMPLIFIED_CAMPAIGN"",""max_epochs"":""FROZEN_R2_SIMPLIFIED_CAMPAIGN"",""nonnegative_output"":""FROZEN_R2_SIMPLIFIED_CAMPAIGN"",""optimizer"":""OPTUNA"",""physics_dropout_mode"":""FROZEN_R2_SIMPLIFIED_CAMPAIGN"",""physics_mode"":""FROZEN_R2_SIMPLIFIED_CAMPAIGN"",""physics_penalty"":""FROZEN_R2_SIMPLIFIED_CAMPAIGN"",""physics_real_fraction"":""FROZEN_R2_SIMPLIFIED_CAMPAIGN"",""physics_warmup_fraction"":""FROZEN_R2_SIMPLIFIED_CAMPAIGN"",""synthetic_base_rows"":""OPTUNA"",""synthetic_batch_size"":""FROZEN_R2_SIMPLIFIED_CAMPAIGN"",""synthetic_levels"":""FROZEN_R2_SIMPLIFIED_CAMPAIGN"",""synthetic_local_span_std"":""FROZEN_R2_SIMPLIFIED_CAMPAIGN"",""target_transform"":""OPTUNA"",""tau_softplus"":""FROZEN_R2_SIMPLIFIED_CAMPAIGN"",""weight_decay"":""OPTUNA""},""physics_dropout_mode"":""data_only_dropout"",""physics_mode"":""TIT_INC"",""physics_penalty"":""softplus"",""physics_real_fraction"":0.25,""physics_warmup_fraction"":0.1,""synthetic_base_rows"":128,""synthetic_batch_size"":256,""synthetic_levels"":5,""synthetic_local_span_std"":0.5,""target_transform"":""log1p"",""tau_softplus"":0.05,""weight_decay"":1.2662367752086634e-07}"
14,COMPLETE,0.34715182554382257,,5.141706745807847,0.6590613108754608,0.5369257442855195,0.6395211357441107,0.20889074945057862,0.23731539278309724,7.02867370219132,100.0,0.0,,2.4917200749122674,c65cd9e1a3404753353e3112db1648046c5deb543771452741f8aef2818e65e3,OPTUNA_FOCUSED_R2,COMPLETE_ALL_WF_FOLDS,False,predictive_only_robust_score,63585,A,NOT_APPLICABLE_FULL_EVAL,133.07265249994816,"{""activation"":""tanh"",""batch_size"":256,""config_source"":""OPTUNA_FOCUSED_R2"",""dropout"":0.08,""fourier_dim"":0,""fourier_scale"":0.05,""gradient_clip"":5.0,""hidden_widths"":[160,128,160,128],""huber_delta"":0.8719888878060554,""lambda_phys"":1.9900104388003674,""learning_rate"":0.00036048215654921795,""loss_data"":""huber"",""lr_scheduler"":""cosine"",""max_epochs"":300,""name"":""TRIAL_0014_TIT_INC"",""nonnegative_output"":false,""optimizer"":""AdamW"",""parameter_sources"":{""activation"":""OPTUNA"",""batch_size"":""OPTUNA"",""dropout"":""OPTUNA"",""fourier_dim"":""FROZEN_R2_SIMPLIFIED_CAMPAIGN"",""fourier_scale"":""FROZEN_R2_SIMPLIFIED_CAMPAIGN"",""gradient_clip"":""FROZEN_R2_SIMPLIFIED_CAMPAIGN"",""hidden_widths"":""OPTUNA"",""huber_delta"":""OPTUNA"",""lambda_phys"":""OPTUNA"",""learning_rate"":""OPTUNA"",""loss_data"":""OPTUNA"",""lr_scheduler"":""FROZEN_R2_SIMPLIFIED_CAMPAIGN"",""max_epochs"":""FROZEN_R2_SIMPLIFIED_CAMPAIGN"",""nonnegative_output"":""FROZEN_R2_SIMPLIFIED_CAMPAIGN"",""optimizer"":""OPTUNA"",""physics_dropout_mode"":""FROZEN_R2_SIMPLIFIED_CAMPAIGN"",""physics_mode"":""FROZEN_R2_SIMPLIFIED_CAMPAIGN"",""physics_penalty"":""FROZEN_R2_SIMPLIFIED_CAMPAIGN"",""physics_real_fraction"":""FROZEN_R2_SIMPLIFIED_CAMPAIGN"",""physics_warmup_fraction"":""FROZEN_R2_SIMPLIFIED_CAMPAIGN"",""synthetic_base_rows"":""OPTUNA"",""synthetic_batch_size"":""FROZEN_R2_SIMPLIFIED_CAMPAIGN"",""synthetic_levels"":""FROZEN_R2_SIMPLIFIED_CAMPAIGN"",""synthetic_local_span_std"":""FROZEN_R2_SIMPLIFIED_CAMPAIGN"",""target_transform"":""OPTUNA"",""tau_softplus"":""FROZEN_R2_SIMPLIFIED_CAMPAIGN"",""weight_decay"":""OPTUNA""},""physics_dropout_mode"":""data_only_dropout"",""physics_mode"":""TIT_INC"",""physics_penalty"":""softplus"",""physics_real_fraction"":0.25,""physics_warmup_fraction"":0.1,""synthetic_base_rows"":128,""synthetic_batch_size"":256,""synthetic_levels"":5,""synthetic_local_span_std"":0.5,""target_transform"":""original"",""tau_softplus"":0.05,""weight_decay"":1.26343856298683e-07}"
15,COMPLETE,0.20383172538722916,,5.623474222866167,0.6953084828919738,0.46740882855216853,0.6471784030970451,-0.005506214632403195,0.33758949617659306,7.38583992795589,84.86328125,15.13671875,,2.912209803570887,d9195bbba0c3aee36255996dfedc9fdc90e28bd2fb1d07647ed1d8e1b823ab60,OPTUNA_FOCUSED_R2,COMPLETE_ALL_WF_FOLDS,False,predictive_only_robust_score,59169,C,NOT_APPLICABLE_FULL_EVAL,122.0667215998983,"{""activation"":""gelu"",""batch_size"":256,""config_source"":""OPTUNA_FOCUSED_R2"",""dropout"":0.08,""fourier_dim"":0,""fourier_scale"":0.05,""gradient_clip"":5.0,""hidden_widths"":[128,128,160,128],""huber_delta"":1.0,""lambda_phys"":0.36955652371812314,""learning_rate"":0.0008764553093545226,""loss_data"":""mse"",""lr_scheduler"":""cosine"",""max_epochs"":300,""name"":""TRIAL_0015_TIT_INC"",""nonnegative_output"":false,""optimizer"":""AdamW"",""parameter_sources"":{""activation"":""OPTUNA"",""batch_size"":""OPTUNA"",""dropout"":""OPTUNA"",""fourier_dim"":""FROZEN_R2_SIMPLIFIED_CAMPAIGN"",""fourier_scale"":""FROZEN_R2_SIMPLIFIED_CAMPAIGN"",""gradient_clip"":""FROZEN_R2_SIMPLIFIED_CAMPAIGN"",""hidden_widths"":""OPTUNA"",""huber_delta"":""OPTUNA"",""lambda_phys"":""OPTUNA"",""learning_rate"":""OPTUNA"",""loss_data"":""OPTUNA"",""lr_scheduler"":""FROZEN_R2_SIMPLIFIED_CAMPAIGN"",""max_epochs"":""FROZEN_R2_SIMPLIFIED_CAMPAIGN"",""nonnegative_output"":""FROZEN_R2_SIMPLIFIED_CAMPAIGN"",""optimizer"":""OPTUNA"",""physics_dropout_mode"":""FROZEN_R2_SIMPLIFIED_CAMPAIGN"",""physics_mode"":""FROZEN_R2_SIMPLIFIED_CAMPAIGN"",""physics_penalty"":""FROZEN_R2_SIMPLIFIED_CAMPAIGN"",""physics_real_fraction"":""FROZEN_R2_SIMPLIFIED_CAMPAIGN"",""physics_warmup_fraction"":""FROZEN_R2_SIMPLIFIED_CAMPAIGN"",""synthetic_base_rows"":""OPTUNA"",""synthetic_batch_size"":""FROZEN_R2_SIMPLIFIED_CAMPAIGN"",""synthetic_levels"":""FROZEN_R2_SIMPLIFIED_CAMPAIGN"",""synthetic_local_span_std"":""FROZEN_R2_SIMPLIFIED_CAMPAIGN"",""target_transform"":""OPTUNA"",""tau_softplus"":""FROZEN_R2_SIMPLIFIED_CAMPAIGN"",""weight_decay"":""OPTUNA""},""physics_dropout_mode"":""data_only_dropout"",""physics_mode"":""TIT_INC"",""physics_penalty"":""softplus"",""physics_real_fraction"":0.25,""physics_warmup_fraction"":0.1,""synthetic_base_rows"":128,""synthetic_batch_size"":256,""synthetic_levels"":5,""synthetic_local_span_std"":0.5,""target_transform"":""log1p"",""tau_softplus"":0.05,""weight_decay"":1.0914595873211286e-07}"
16,COMPLETE,0.2534915777747495,,5.534836148239733,0.6954343806741169,0.47972654549074,0.6200369952573895,0.0802777984425842,0.28658854417091845,7.4044451091743335,79.248046875,20.751953125,,3.0470645188357643,e9766da47b2e3241984498380acdc9be7b82108037ff33881e17e2c0d8efdb2a,OPTUNA_FOCUSED_R2,COMPLETE_ALL_WF_FOLDS,False,predictive_only_robust_score,23809,C,NOT_APPLICABLE_FULL_EVAL,175.92945840000175,"{""activation"":""tanh"",""batch_size"":256,""config_source"":""OPTUNA_FOCUSED_R2"",""dropout"":0.08,""fourier_dim"":0,""fourier_scale"":0.05,""gradient_clip"":5.0,""hidden_widths"":[96,64,128,64],""huber_delta"":1.0,""lambda_phys"":0.12927245559534442,""learning_rate"":0.0005166156581578514,""loss_data"":""mse"",""lr_scheduler"":""cosine"",""max_epochs"":300,""name"":""TRIAL_0016_TIT_INC"",""nonnegative_output"":false,""optimizer"":""NAdam"",""parameter_sources"":{""activation"":""OPTUNA"",""batch_size"":""OPTUNA"",""dropout"":""OPTUNA"",""fourier_dim"":""FROZEN_R2_SIMPLIFIED_CAMPAIGN"",""fourier_scale"":""FROZEN_R2_SIMPLIFIED_CAMPAIGN"",""gradient_clip"":""FROZEN_R2_SIMPLIFIED_CAMPAIGN"",""hidden_widths"":""OPTUNA"",""huber_delta"":""OPTUNA"",""lambda_phys"":""OPTUNA"",""learning_rate"":""OPTUNA"",""loss_data"":""OPTUNA"",""lr_scheduler"":""FROZEN_R2_SIMPLIFIED_CAMPAIGN"",""max_epochs"":""FROZEN_R2_SIMPLIFIED_CAMPAIGN"",""nonnegative_output"":""FROZEN_R2_SIMPLIFIED_CAMPAIGN"",""optimizer"":""OPTUNA"",""physics_dropout_mode"":""FROZEN_R2_SIMPLIFIED_CAMPAIGN"",""physics_mode"":""FROZEN_R2_SIMPLIFIED_CAMPAIGN"",""physics_penalty"":""FROZEN_R2_SIMPLIFIED_CAMPAIGN"",""physics_real_fraction"":""FROZEN_R2_SIMPLIFIED_CAMPAIGN"",""physics_warmup_fraction"":""FROZEN_R2_SIMPLIFIED_CAMPAIGN"",""synthetic_base_rows"":""OPTUNA"",""synthetic_batch_size"":""FROZEN_R2_SIMPLIFIED_CAMPAIGN"",""synthetic_levels"":""FROZEN_R2_SIMPLIFIED_CAMPAIGN"",""synthetic_local_span_std"":""FROZEN_R2_SIMPLIFIED_CAMPAIGN"",""target_transform"":""OPTUNA"",""tau_softplus"":""FROZEN_R2_SIMPLIFIED_CAMPAIGN"",""weight_decay"":""OPTUNA""},""physics_dropout_mode"":""data_only_dropout"",""physics_mode"":""TIT_INC"",""physics_penalty"":""softplus"",""physics_real_fraction"":0.25,""physics_warmup_fraction"":0.1,""synthetic_base_rows"":128,""synthetic_batch_size"":256,""synthetic_levels"":5,""synthetic_local_span_std"":0.5,""target_transform"":""log1p"",""tau_softplus"":0.05,""weight_decay"":2.5359044878305552e-05}"
17,COMPLETE,0.20291970909607693,,5.65799584421213,0.7004263170658046,0.4624381013778593,0.6316906625482415,0.0003802991390170485,0.3305947928959167,7.446255455763658,98.53515625,1.46484375,,3.3551010597754494,398e082e31ceca38cf00c582ccc8c289b0d7b3bb6f59b9a6275cbe53d714fe0c,OPTUNA_FOCUSED_R2,COMPLETE_ALL_WF_FOLDS,False,predictive_only_robust_score,30529,B,NOT_APPLICABLE_FULL_EVAL,52.751019300019834,"{""activation"":""tanh"",""batch_size"":512,""config_source"":""OPTUNA_FOCUSED_R2"",""dropout"":0.08,""fourier_dim"":0,""fourier_scale"":0.05,""gradient_clip"":5.0,""hidden_widths"":[160,128,64],""huber_delta"":1.0,""lambda_phys"":0.27176478752554384,""learning_rate"":0.000326789092316637,""loss_data"":""mse"",""lr_scheduler"":""cosine"",""max_epochs"":300,""name"":""TRIAL_0017_TIT_INC"",""nonnegative_output"":false,""optimizer"":""NAdam"",""parameter_sources"":{""activation"":""OPTUNA"",""batch_size"":""OPTUNA"",""dropout"":""OPTUNA"",""fourier_dim"":""FROZEN_R2_SIMPLIFIED_CAMPAIGN"",""fourier_scale"":""FROZEN_R2_SIMPLIFIED_CAMPAIGN"",""gradient_clip"":""FROZEN_R2_SIMPLIFIED_CAMPAIGN"",""hidden_widths"":""OPTUNA"",""huber_delta"":""OPTUNA"",""lambda_phys"":""OPTUNA"",""learning_rate"":""OPTUNA"",""loss_data"":""OPTUNA"",""lr_scheduler"":""FROZEN_R2_SIMPLIFIED_CAMPAIGN"",""max_epochs"":""FROZEN_R2_SIMPLIFIED_CAMPAIGN"",""nonnegative_output"":""FROZEN_R2_SIMPLIFIED_CAMPAIGN"",""optimizer"":""OPTUNA"",""physics_dropout_mode"":""FROZEN_R2_SIMPLIFIED_CAMPAIGN"",""physics_mode"":""FROZEN_R2_SIMPLIFIED_CAMPAIGN"",""physics_penalty"":""FROZEN_R2_SIMPLIFIED_CAMPAIGN"",""physics_real_fraction"":""FROZEN_R2_SIMPLIFIED_CAMPAIGN"",""physics_warmup_fraction"":""FROZEN_R2_SIMPLIFIED_CAMPAIGN"",""synthetic_base_rows"":""OPTUNA"",""synthetic_batch_size"":""FROZEN_R2_SIMPLIFIED_CAMPAIGN"",""synthetic_levels"":""FROZEN_R2_SIMPLIFIED_CAMPAIGN"",""synthetic_local_span_std"":""FROZEN_R2_SIMPLIFIED_CAMPAIGN"",""target_transform"":""OPTUNA"",""tau_softplus"":""FROZEN_R2_SIMPLIFIED_CAMPAIGN"",""weight_decay"":""OPTUNA""},""physics_dropout_mode"":""data_only_dropout"",""physics_mode"":""TIT_INC"",""physics_penalty"":""softplus"",""physics_real_fraction"":0.25,""physics_warmup_fraction"":0.1,""synthetic_base_rows"":256,""synthetic_batch_size"":256,""synthetic_levels"":5,""synthetic_local_span_std"":0.5,""target_transform"":""log1p"",""tau_softplus"":0.05,""weight_decay"":9.32042841741241e-07}"
18,COMPLETE,0.20215952214019658,,5.606618540414231,0.7053920483235223,0.4575185894204434,0.6183262733096531,0.005518695514010519,0.3240143610314997,7.503878751692487,100.0,0.0,,3.278607317890355,2f1ff8d0c24607d9ec1544421946c1e6de372619284a453682bfd2d3474cc03e,OPTUNA_FOCUSED_R2,COMPLETE_ALL_WF_FOLDS,False,predictive_only_robust_score,44129,A,NOT_APPLICABLE_FULL_EVAL,153.6426154000219,"{""activation"":""tanh"",""batch_size"":256,""config_source"":""OPTUNA_FOCUSED_R2"",""dropout"":0.15,""fourier_dim"":0,""fourier_scale"":0.05,""gradient_clip"":5.0,""hidden_widths"":[64,96,192,96],""huber_delta"":1.0,""lambda_phys"":0.5349974862353408,""learning_rate"":0.0003288650769166497,""loss_data"":""mse"",""lr_scheduler"":""cosine"",""max_epochs"":300,""name"":""TRIAL_0018_TIT_INC"",""nonnegative_output"":false,""optimizer"":""AdamW"",""parameter_sources"":{""activation"":""OPTUNA"",""batch_size"":""OPTUNA"",""dropout"":""OPTUNA"",""fourier_dim"":""FROZEN_R2_SIMPLIFIED_CAMPAIGN"",""fourier_scale"":""FROZEN_R2_SIMPLIFIED_CAMPAIGN"",""gradient_clip"":""FROZEN_R2_SIMPLIFIED_CAMPAIGN"",""hidden_widths"":""OPTUNA"",""huber_delta"":""OPTUNA"",""lambda_phys"":""OPTUNA"",""learning_rate"":""OPTUNA"",""loss_data"":""OPTUNA"",""lr_scheduler"":""FROZEN_R2_SIMPLIFIED_CAMPAIGN"",""max_epochs"":""FROZEN_R2_SIMPLIFIED_CAMPAIGN"",""nonnegative_output"":""FROZEN_R2_SIMPLIFIED_CAMPAIGN"",""optimizer"":""OPTUNA"",""physics_dropout_mode"":""FROZEN_R2_SIMPLIFIED_CAMPAIGN"",""physics_mode"":""FROZEN_R2_SIMPLIFIED_CAMPAIGN"",""physics_penalty"":""FROZEN_R2_SIMPLIFIED_CAMPAIGN"",""physics_real_fraction"":""FROZEN_R2_SIMPLIFIED_CAMPAIGN"",""physics_warmup_fraction"":""FROZEN_R2_SIMPLIFIED_CAMPAIGN"",""synthetic_base_rows"":""OPTUNA"",""synthetic_batch_size"":""FROZEN_R2_SIMPLIFIED_CAMPAIGN"",""synthetic_levels"":""FROZEN_R2_SIMPLIFIED_CAMPAIGN"",""synthetic_local_span_std"":""FROZEN_R2_SIMPLIFIED_CAMPAIGN"",""target_transform"":""OPTUNA"",""tau_softplus"":""FROZEN_R2_SIMPLIFIED_CAMPAIGN"",""weight_decay"":""OPTUNA""},""physics_dropout_mode"":""data_only_dropout"",""physics_mode"":""TIT_INC"",""physics_penalty"":""softplus"",""physics_real_fraction"":0.25,""physics_warmup_fraction"":0.1,""synthetic_base_rows"":64,""synthetic_batch_size"":256,""synthetic_levels"":5,""synthetic_local_span_std"":0.5,""target_transform"":""log1p"",""tau_softplus"":0.05,""weight_decay"":1.7682836291451343e-05}"
19,COMPLETE,0.23612176803245638,,5.57007244753576,0.6938590573513479,0.47667666626582134,0.6492320112766821,0.04116675011683457,0.31015552047231104,7.371955010631445,78.369140625,21.630859375,,2.9004438474566414,d4e1396265196b69bfcc9b7c4e751c7790731f875fda00a48875652b6be16928,OPTUNA_FOCUSED_R2,COMPLETE_ALL_WF_FOLDS,False,predictive_only_robust_score,89313,C,NOT_APPLICABLE_FULL_EVAL,163.40088080003625,"{""activation"":""tanh"",""batch_size"":256,""config_source"":""OPTUNA_FOCUSED_R2"",""dropout"":0.08,""fourier_dim"":0,""fourier_scale"":0.05,""gradient_clip"":5.0,""hidden_widths"":[160,192,160,160],""huber_delta"":1.0,""lambda_phys"":0.024429624334380205,""learning_rate"":0.0003494620338432511,""loss_data"":""mse"",""lr_scheduler"":""cosine"",""max_epochs"":300,""name"":""TRIAL_0019_TIT_INC"",""nonnegative_output"":false,""optimizer"":""AdamW"",""parameter_sources"":{""activation"":""OPTUNA"",""batch_size"":""OPTUNA"",""dropout"":""OPTUNA"",""fourier_dim"":""FROZEN_R2_SIMPLIFIED_CAMPAIGN"",""fourier_scale"":""FROZEN_R2_SIMPLIFIED_CAMPAIGN"",""gradient_clip"":""FROZEN_R2_SIMPLIFIED_CAMPAIGN"",""hidden_widths"":""OPTUNA"",""huber_delta"":""OPTUNA"",""lambda_phys"":""OPTUNA"",""learning_rate"":""OPTUNA"",""loss_data"":""OPTUNA"",""lr_scheduler"":""FROZEN_R2_SIMPLIFIED_CAMPAIGN"",""max_epochs"":""FROZEN_R2_SIMPLIFIED_CAMPAIGN"",""nonnegative_output"":""FROZEN_R2_SIMPLIFIED_CAMPAIGN"",""optimizer"":""OPTUNA"",""physics_dropout_mode"":""FROZEN_R2_SIMPLIFIED_CAMPAIGN"",""physics_mode"":""FROZEN_R2_SIMPLIFIED_CAMPAIGN"",""physics_penalty"":""FROZEN_R2_SIMPLIFIED_CAMPAIGN"",""physics_real_fraction"":""FROZEN_R2_SIMPLIFIED_CAMPAIGN"",""physics_warmup_fraction"":""FROZEN_R2_SIMPLIFIED_CAMPAIGN"",""synthetic_base_rows"":""OPTUNA"",""synthetic_batch_size"":""FROZEN_R2_SIMPLIFIED_CAMPAIGN"",""synthetic_levels"":""FROZEN_R2_SIMPLIFIED_CAMPAIGN"",""synthetic_local_span_std"":""FROZEN_R2_SIMPLIFIED_CAMPAIGN"",""target_transform"":""OPTUNA"",""tau_softplus"":""FROZEN_R2_SIMPLIFIED_CAMPAIGN"",""weight_decay"":""OPTUNA""},""physics_dropout_mode"":""data_only_dropout"",""physics_mode"":""TIT_INC"",""physics_penalty"":""softplus"",""physics_real_fraction"":0.25,""physics_warmup_fraction"":0.1,""synthetic_base_rows"":128,""synthetic_batch_size"":256,""synthetic_levels"":5,""synthetic_local_span_std"":0.5,""target_transform"":""log1p"",""tau_softplus"":0.05,""weight_decay"":3.9894379591671125e-07}"
20,COMPLETE,0.3631977673992914,,5.282586191281413,0.6626803454432828,0.5367693191754345,0.6372703848634602,0.23362808760913156,0.2183713254276908,7.067998390008806,99.365234375,0.634765625,,2.360777356086394,e82d0e73663e4baef1cd4f581a4c4fed72115ed080ae1e5eb1358ed0089b33b4,OPTUNA_FOCUSED_R2,COMPLETE_ALL_WF_FOLDS,False,predictive_only_robust_score,68001,A,NOT_APPLICABLE_FULL_EVAL,94.01683739991859,"{""activation"":""tanh"",""batch_size"":256,""config_source"":""OPTUNA_FOCUSED_R2"",""dropout"":0.15,""fourier_dim"":0,""fourier_scale"":0.05,""gradient_clip"":5.0,""hidden_widths"":[192,128,160,128],""huber_delta"":1.0,""lambda_phys"":1.8195326497923663,""learning_rate"":0.0023496329253074946,""loss_data"":""mse"",""lr_scheduler"":""cosine"",""max_epochs"":300,""name"":""TRIAL_0020_TIT_INC"",""nonnegative_output"":false,""optimizer"":""AdamW"",""parameter_sources"":{""activation"":""OPTUNA"",""batch_size"":""OPTUNA"",""dropout"":""OPTUNA"",""fourier_dim"":""FROZEN_R2_SIMPLIFIED_CAMPAIGN"",""fourier_scale"":""FROZEN_R2_SIMPLIFIED_CAMPAIGN"",""gradient_clip"":""FROZEN_R2_SIMPLIFIED_CAMPAIGN"",""hidden_widths"":""OPTUNA"",""huber_delta"":""OPTUNA"",""lambda_phys"":""OPTUNA"",""learning_rate"":""OPTUNA"",""loss_data"":""OPTUNA"",""lr_scheduler"":""FROZEN_R2_SIMPLIFIED_CAMPAIGN"",""max_epochs"":""FROZEN_R2_SIMPLIFIED_CAMPAIGN"",""nonnegative_output"":""FROZEN_R2_SIMPLIFIED_CAMPAIGN"",""optimizer"":""OPTUNA"",""physics_dropout_mode"":""FROZEN_R2_SIMPLIFIED_CAMPAIGN"",""physics_mode"":""FROZEN_R2_SIMPLIFIED_CAMPAIGN"",""physics_penalty"":""FROZEN_R2_SIMPLIFIED_CAMPAIGN"",""physics_real_fraction"":""FROZEN_R2_SIMPLIFIED_CAMPAIGN"",""physics_warmup_fraction"":""FROZEN_R2_SIMPLIFIED_CAMPAIGN"",""synthetic_base_rows"":""OPTUNA"",""synthetic_batch_size"":""FROZEN_R2_SIMPLIFIED_CAMPAIGN"",""synthetic_levels"":""FROZEN_R2_SIMPLIFIED_CAMPAIGN"",""synthetic_local_span_std"":""FROZEN_R2_SIMPLIFIED_CAMPAIGN"",""target_transform"":""OPTUNA"",""tau_softplus"":""FROZEN_R2_SIMPLIFIED_CAMPAIGN"",""weight_decay"":""OPTUNA""},""physics_dropout_mode"":""data_only_dropout"",""physics_mode"":""TIT_INC"",""physics_penalty"":""softplus"",""physics_real_fraction"":0.25,""physics_warmup_fraction"":0.1,""synthetic_base_rows"":128,""synthetic_batch_size"":256,""synthetic_levels"":5,""synthetic_local_span_std"":0.5,""target_transform"":""original"",""tau_softplus"":0.05,""weight_decay"":1.1162624644643343e-07}"
21,COMPLETE,0.3818177893012361,,5.200974859793789,0.6562482350556239,0.5470458348218876,0.6408972060081348,0.2593245346316073,0.20750676762357495,7.001645235863395,99.4140625,0.5859375,,2.244324710905409,560b6a24d4d4336ec01ccc348437e42b2cf28e924c6bd5b60319f0f79d97fab2,OPTUNA_FOCUSED_R2,COMPLETE_ALL_WF_FOLDS,False,predictive_only_robust_score,68001,A,NOT_APPLICABLE_FULL_EVAL,94.59482709999429,"{""activation"":""tanh"",""batch_size"":256,""config_source"":""OPTUNA_FOCUSED_R2"",""dropout"":0.15,""fourier_dim"":0,""fourier_scale"":0.05,""gradient_clip"":5.0,""hidden_widths"":[192,128,160,128],""huber_delta"":1.0,""lambda_phys"":3.67715351050306,""learning_rate"":0.0023106043448936193,""loss_data"":""mse"",""lr_scheduler"":""cosine"",""max_epochs"":300,""name"":""TRIAL_0021_TIT_INC"",""nonnegative_output"":false,""optimizer"":""AdamW"",""parameter_sources"":{""activation"":""OPTUNA"",""batch_size"":""OPTUNA"",""dropout"":""OPTUNA"",""fourier_dim"":""FROZEN_R2_SIMPLIFIED_CAMPAIGN"",""fourier_scale"":""FROZEN_R2_SIMPLIFIED_CAMPAIGN"",""gradient_clip"":""FROZEN_R2_SIMPLIFIED_CAMPAIGN"",""hidden_widths"":""OPTUNA"",""huber_delta"":""OPTUNA"",""lambda_phys"":""OPTUNA"",""learning_rate"":""OPTUNA"",""loss_data"":""OPTUNA"",""lr_scheduler"":""FROZEN_R2_SIMPLIFIED_CAMPAIGN"",""max_epochs"":""FROZEN_R2_SIMPLIFIED_CAMPAIGN"",""nonnegative_output"":""FROZEN_R2_SIMPLIFIED_CAMPAIGN"",""optimizer"":""OPTUNA"",""physics_dropout_mode"":""FROZEN_R2_SIMPLIFIED_CAMPAIGN"",""physics_mode"":""FROZEN_R2_SIMPLIFIED_CAMPAIGN"",""physics_penalty"":""FROZEN_R2_SIMPLIFIED_CAMPAIGN"",""physics_real_fraction"":""FROZEN_R2_SIMPLIFIED_CAMPAIGN"",""physics_warmup_fraction"":""FROZEN_R2_SIMPLIFIED_CAMPAIGN"",""synthetic_base_rows"":""OPTUNA"",""synthetic_batch_size"":""FROZEN_R2_SIMPLIFIED_CAMPAIGN"",""synthetic_levels"":""FROZEN_R2_SIMPLIFIED_CAMPAIGN"",""synthetic_local_span_std"":""FROZEN_R2_SIMPLIFIED_CAMPAIGN"",""target_transform"":""OPTUNA"",""tau_softplus"":""FROZEN_R2_SIMPLIFIED_CAMPAIGN"",""weight_decay"":""OPTUNA""},""physics_dropout_mode"":""data_only_dropout"",""physics_mode"":""TIT_INC"",""physics_penalty"":""softplus"",""physics_real_fraction"":0.25,""physics_warmup_fraction"":0.1,""synthetic_base_rows"":128,""synthetic_batch_size"":256,""synthetic_levels"":5,""synthetic_local_span_std"":0.5,""target_transform"":""original"",""tau_softplus"":0.05,""weight_decay"":1.1929668549526547e-07}"
22,COMPLETE,0.42265062421891075,,5.0412083077655865,0.6457937092778795,0.5655666140447788,0.6450746448795261,0.317478309446628,0.17915416317401803,6.895533593866907,97.265625,2.734375,,2.4286619992375837,cad271665f5e3b33cb328253a3a37c9b26a0d4e3d188ad7ee33650cc19d8fc62,OPTUNA_FOCUSED_R2,COMPLETE_ALL_WF_FOLDS,False,predictive_only_robust_score,79297,B,NOT_APPLICABLE_FULL_EVAL,152.84044929995434,"{""activation"":""tanh"",""batch_size"":256,""config_source"":""OPTUNA_FOCUSED_R2"",""dropout"":0.15,""fourier_dim"":0,""fourier_scale"":0.05,""gradient_clip"":5.0,""hidden_widths"":[192,160,160,128],""huber_delta"":1.0,""lambda_phys"":2.8891775616212487,""learning_rate"":0.00422763522981618,""loss_data"":""mse"",""lr_scheduler"":""cosine"",""max_epochs"":300,""name"":""TRIAL_0022_TIT_INC"",""nonnegative_output"":false,""optimizer"":""AdamW"",""parameter_sources"":{""activation"":""OPTUNA"",""batch_size"":""OPTUNA"",""dropout"":""OPTUNA"",""fourier_dim"":""FROZEN_R2_SIMPLIFIED_CAMPAIGN"",""fourier_scale"":""FROZEN_R2_SIMPLIFIED_CAMPAIGN"",""gradient_clip"":""FROZEN_R2_SIMPLIFIED_CAMPAIGN"",""hidden_widths"":""OPTUNA"",""huber_delta"":""OPTUNA"",""lambda_phys"":""OPTUNA"",""learning_rate"":""OPTUNA"",""loss_data"":""OPTUNA"",""lr_scheduler"":""FROZEN_R2_SIMPLIFIED_CAMPAIGN"",""max_epochs"":""FROZEN_R2_SIMPLIFIED_CAMPAIGN"",""nonnegative_output"":""FROZEN_R2_SIMPLIFIED_CAMPAIGN"",""optimizer"":""OPTUNA"",""physics_dropout_mode"":""FROZEN_R2_SIMPLIFIED_CAMPAIGN"",""physics_mode"":""FROZEN_R2_SIMPLIFIED_CAMPAIGN"",""physics_penalty"":""FROZEN_R2_SIMPLIFIED_CAMPAIGN"",""physics_real_fraction"":""FROZEN_R2_SIMPLIFIED_CAMPAIGN"",""physics_warmup_fraction"":""FROZEN_R2_SIMPLIFIED_CAMPAIGN"",""synthetic_base_rows"":""OPTUNA"",""synthetic_batch_size"":""FROZEN_R2_SIMPLIFIED_CAMPAIGN"",""synthetic_levels"":""FROZEN_R2_SIMPLIFIED_CAMPAIGN"",""synthetic_local_span_std"":""FROZEN_R2_SIMPLIFIED_CAMPAIGN"",""target_transform"":""OPTUNA"",""tau_softplus"":""FROZEN_R2_SIMPLIFIED_CAMPAIGN"",""weight_decay"":""OPTUNA""},""physics_dropout_mode"":""data_only_dropout"",""physics_mode"":""TIT_INC"",""physics_penalty"":""softplus"",""physics_real_fraction"":0.25,""physics_warmup_fraction"":0.1,""synthetic_base_rows"":128,""synthetic_batch_size"":256,""synthetic_levels"":5,""synthetic_local_span_std"":0.5,""target_transform"":""original"",""tau_softplus"":0.05,""weight_decay"":1.3781016487017357e-07}"
23,COMPLETE,0.3944903892932572,,5.0067212619781465,0.6411449642334744,0.5644273652598201,0.6599861940731212,0.26895761805332663,0.21322776286657155,6.83787745014445,99.4140625,0.5859375,,2.147039689719304,764884ae4376e998748d671946d4a74d70b31730bb219e0f0af6ee496ef0fa7f,OPTUNA_FOCUSED_R2,COMPLETE_ALL_WF_FOLDS,False,predictive_only_robust_score,73857,A,NOT_APPLICABLE_FULL_EVAL,104.75891010003397,"{""activation"":""tanh"",""batch_size"":256,""config_source"":""OPTUNA_FOCUSED_R2"",""dropout"":0.03,""fourier_dim"":0,""fourier_scale"":0.05,""gradient_clip"":5.0,""hidden_widths"":[160,160,160,128],""huber_delta"":0.8751533399903367,""lambda_phys"":2.258336310755806,""learning_rate"":0.002623585026472163,""loss_data"":""huber"",""lr_scheduler"":""cosine"",""max_epochs"":300,""name"":""TRIAL_0023_TIT_INC"",""nonnegative_output"":false,""optimizer"":""AdamW"",""parameter_sources"":{""activation"":""OPTUNA"",""batch_size"":""OPTUNA"",""dropout"":""OPTUNA"",""fourier_dim"":""FROZEN_R2_SIMPLIFIED_CAMPAIGN"",""fourier_scale"":""FROZEN_R2_SIMPLIFIED_CAMPAIGN"",""gradient_clip"":""FROZEN_R2_SIMPLIFIED_CAMPAIGN"",""hidden_widths"":""OPTUNA"",""huber_delta"":""OPTUNA"",""lambda_phys"":""OPTUNA"",""learning_rate"":""OPTUNA"",""loss_data"":""OPTUNA"",""lr_scheduler"":""FROZEN_R2_SIMPLIFIED_CAMPAIGN"",""max_epochs"":""FROZEN_R2_SIMPLIFIED_CAMPAIGN"",""nonnegative_output"":""FROZEN_R2_SIMPLIFIED_CAMPAIGN"",""optimizer"":""OPTUNA"",""physics_dropout_mode"":""FROZEN_R2_SIMPLIFIED_CAMPAIGN"",""physics_mode"":""FROZEN_R2_SIMPLIFIED_CAMPAIGN"",""physics_penalty"":""FROZEN_R2_SIMPLIFIED_CAMPAIGN"",""physics_real_fraction"":""FROZEN_R2_SIMPLIFIED_CAMPAIGN"",""physics_warmup_fraction"":""FROZEN_R2_SIMPLIFIED_CAMPAIGN"",""synthetic_base_rows"":""OPTUNA"",""synthetic_batch_size"":""FROZEN_R2_SIMPLIFIED_CAMPAIGN"",""synthetic_levels"":""FROZEN_R2_SIMPLIFIED_CAMPAIGN"",""synthetic_local_span_std"":""FROZEN_R2_SIMPLIFIED_CAMPAIGN"",""target_transform"":""OPTUNA"",""tau_softplus"":""FROZEN_R2_SIMPLIFIED_CAMPAIGN"",""weight_decay"":""OPTUNA""},""physics_dropout_mode"":""data_only_dropout"",""physics_mode"":""TIT_INC"",""physics_penalty"":""softplus"",""physics_real_fraction"":0.25,""physics_warmup_fraction"":0.1,""synthetic_base_rows"":128,""synthetic_batch_size"":256,""synthetic_levels"":5,""synthetic_local_span_std"":0.5,""target_transform"":""original"",""tau_softplus"":0.05,""weight_decay"":1.0093296394820232e-06}"
24,COMPLETE,0.2365889626948578,,5.416442095813775,0.6794406240510135,0.49038145571164976,0.6744541906558212,0.02997851728771095,0.327725504456801,7.2108647727709645,99.951171875,0.048828125,,2.6592997803679763,2cca80621916d714944f49ca037a6a1fd061b9ce51d8a68a1cbdb7c6b95c0df1,OPTUNA_FOCUSED_R2,COMPLETE_ALL_WF_FOLDS,False,predictive_only_robust_score,63489,A,NOT_APPLICABLE_FULL_EVAL,98.93557219998911,"{""activation"":""silu"",""batch_size"":256,""config_source"":""OPTUNA_FOCUSED_R2"",""dropout"":0.03,""fourier_dim"":0,""fourier_scale"":0.05,""gradient_clip"":5.0,""hidden_widths"":[160,160,160,64],""huber_delta"":0.852391164342158,""lambda_phys"":1.1761927751264676,""learning_rate"":0.0031624728382422173,""loss_data"":""huber"",""lr_scheduler"":""cosine"",""max_epochs"":300,""name"":""TRIAL_0024_TIT_INC"",""nonnegative_output"":false,""optimizer"":""NAdam"",""parameter_sources"":{""activation"":""OPTUNA"",""batch_size"":""OPTUNA"",""dropout"":""OPTUNA"",""fourier_dim"":""FROZEN_R2_SIMPLIFIED_CAMPAIGN"",""fourier_scale"":""FROZEN_R2_SIMPLIFIED_CAMPAIGN"",""gradient_clip"":""FROZEN_R2_SIMPLIFIED_CAMPAIGN"",""hidden_widths"":""OPTUNA"",""huber_delta"":""OPTUNA"",""lambda_phys"":""OPTUNA"",""learning_rate"":""OPTUNA"",""loss_data"":""OPTUNA"",""lr_scheduler"":""FROZEN_R2_SIMPLIFIED_CAMPAIGN"",""max_epochs"":""FROZEN_R2_SIMPLIFIED_CAMPAIGN"",""nonnegative_output"":""FROZEN_R2_SIMPLIFIED_CAMPAIGN"",""optimizer"":""OPTUNA"",""physics_dropout_mode"":""FROZEN_R2_SIMPLIFIED_CAMPAIGN"",""physics_mode"":""FROZEN_R2_SIMPLIFIED_CAMPAIGN"",""physics_penalty"":""FROZEN_R2_SIMPLIFIED_CAMPAIGN"",""physics_real_fraction"":""FROZEN_R2_SIMPLIFIED_CAMPAIGN"",""physics_warmup_fraction"":""FROZEN_R2_SIMPLIFIED_CAMPAIGN"",""synthetic_base_rows"":""OPTUNA"",""synthetic_batch_size"":""FROZEN_R2_SIMPLIFIED_CAMPAIGN"",""synthetic_levels"":""FROZEN_R2_SIMPLIFIED_CAMPAIGN"",""synthetic_local_span_std"":""FROZEN_R2_SIMPLIFIED_CAMPAIGN"",""target_transform"":""OPTUNA"",""tau_softplus"":""FROZEN_R2_SIMPLIFIED_CAMPAIGN"",""weight_decay"":""OPTUNA""},""physics_dropout_mode"":""data_only_dropout"",""physics_mode"":""TIT_INC"",""physics_penalty"":""softplus"",""physics_real_fraction"":0.25,""physics_warmup_fraction"":0.1,""synthetic_base_rows"":64,""synthetic_batch_size"":256,""synthetic_levels"":5,""synthetic_local_span_std"":0.5,""target_transform"":""original"",""tau_softplus"":0.05,""weight_decay"":3.484201519427232e-06}"
25,COMPLETE,0.3749575707414121,,5.138012290005414,0.655822943086562,0.5459663475723985,0.6489554670389904,0.24545245230759072,0.21597175512079297,6.992510323638584,98.779296875,1.220703125,,1.8779852438463696,abcc7a455d400e452bafa5a19feeae1b131dc2468884932e3e0059e1aaf5270b,OPTUNA_FOCUSED_R2,COMPLETE_ALL_WF_FOLDS,False,predictive_only_robust_score,44001,B,NOT_APPLICABLE_FULL_EVAL,120.55320240004221,"{""activation"":""tanh"",""batch_size"":256,""config_source"":""OPTUNA_FOCUSED_R2"",""dropout"":0.0,""fourier_dim"":0,""fourier_scale"":0.05,""gradient_clip"":5.0,""hidden_widths"":[160,160,64,96],""huber_delta"":1.0989650837103961,""lambda_phys"":4.643994586573072,""learning_rate"":0.0018629757757647766,""loss_data"":""huber"",""lr_scheduler"":""cosine"",""max_epochs"":300,""name"":""TRIAL_0025_TIT_INC"",""nonnegative_output"":false,""optimizer"":""NAdam"",""parameter_sources"":{""activation"":""OPTUNA"",""batch_size"":""OPTUNA"",""dropout"":""OPTUNA"",""fourier_dim"":""FROZEN_R2_SIMPLIFIED_CAMPAIGN"",""fourier_scale"":""FROZEN_R2_SIMPLIFIED_CAMPAIGN"",""gradient_clip"":""FROZEN_R2_SIMPLIFIED_CAMPAIGN"",""hidden_widths"":""OPTUNA"",""huber_delta"":""OPTUNA"",""lambda_phys"":""OPTUNA"",""learning_rate"":""OPTUNA"",""loss_data"":""OPTUNA"",""lr_scheduler"":""FROZEN_R2_SIMPLIFIED_CAMPAIGN"",""max_epochs"":""FROZEN_R2_SIMPLIFIED_CAMPAIGN"",""nonnegative_output"":""FROZEN_R2_SIMPLIFIED_CAMPAIGN"",""optimizer"":""OPTUNA"",""physics_dropout_mode"":""FROZEN_R2_SIMPLIFIED_CAMPAIGN"",""physics_mode"":""FROZEN_R2_SIMPLIFIED_CAMPAIGN"",""physics_penalty"":""FROZEN_R2_SIMPLIFIED_CAMPAIGN"",""physics_real_fraction"":""FROZEN_R2_SIMPLIFIED_CAMPAIGN"",""physics_warmup_fraction"":""FROZEN_R2_SIMPLIFIED_CAMPAIGN"",""synthetic_base_rows"":""OPTUNA"",""synthetic_batch_size"":""FROZEN_R2_SIMPLIFIED_CAMPAIGN"",""synthetic_levels"":""FROZEN_R2_SIMPLIFIED_CAMPAIGN"",""synthetic_local_span_std"":""FROZEN_R2_SIMPLIFIED_CAMPAIGN"",""target_transform"":""OPTUNA"",""tau_softplus"":""FROZEN_R2_SIMPLIFIED_CAMPAIGN"",""weight_decay"":""OPTUNA""},""physics_dropout_mode"":""data_only_dropout"",""physics_mode"":""TIT_INC"",""physics_penalty"":""softplus"",""physics_real_fraction"":0.25,""physics_warmup_fraction"":0.1,""synthetic_base_rows"":128,""synthetic_batch_size"":256,""synthetic_levels"":5,""synthetic_local_span_std"":0.5,""target_transform"":""original"",""tau_softplus"":0.05,""weight_decay"":0.0}"
26,COMPLETE,0.25983871548299586,,5.464315569792788,0.6799451569952643,0.49615593196966334,0.6503477598854144,0.0753738845179841,0.30105536390385196,7.230600885597968,95.458984375,4.541015625,,2.7060966224153735,1c3a2648be5abb497f5220620cd423cc571911ad66b7b96b2809f984cc0426d5,OPTUNA_FOCUSED_R2,COMPLETE_ALL_WF_FOLDS,False,predictive_only_robust_score,45185,B,NOT_APPLICABLE_FULL_EVAL,93.24866230005864,"{""activation"":""gelu"",""batch_size"":256,""config_source"":""OPTUNA_FOCUSED_R2"",""dropout"":0.03,""fourier_dim"":0,""fourier_scale"":0.05,""gradient_clip"":5.0,""hidden_widths"":[160,96,96,192],""huber_delta"":0.7199296639689827,""lambda_phys"":0.3577787433776986,""learning_rate"":0.002407055777408612,""loss_data"":""huber"",""lr_scheduler"":""cosine"",""max_epochs"":300,""name"":""TRIAL_0026_TIT_INC"",""nonnegative_output"":false,""optimizer"":""AdamW"",""parameter_sources"":{""activation"":""OPTUNA"",""batch_size"":""OPTUNA"",""dropout"":""OPTUNA"",""fourier_dim"":""FROZEN_R2_SIMPLIFIED_CAMPAIGN"",""fourier_scale"":""FROZEN_R2_SIMPLIFIED_CAMPAIGN"",""gradient_clip"":""FROZEN_R2_SIMPLIFIED_CAMPAIGN"",""hidden_widths"":""OPTUNA"",""huber_delta"":""OPTUNA"",""lambda_phys"":""OPTUNA"",""learning_rate"":""OPTUNA"",""loss_data"":""OPTUNA"",""lr_scheduler"":""FROZEN_R2_SIMPLIFIED_CAMPAIGN"",""max_epochs"":""FROZEN_R2_SIMPLIFIED_CAMPAIGN"",""nonnegative_output"":""FROZEN_R2_SIMPLIFIED_CAMPAIGN"",""optimizer"":""OPTUNA"",""physics_dropout_mode"":""FROZEN_R2_SIMPLIFIED_CAMPAIGN"",""physics_mode"":""FROZEN_R2_SIMPLIFIED_CAMPAIGN"",""physics_penalty"":""FROZEN_R2_SIMPLIFIED_CAMPAIGN"",""physics_real_fraction"":""FROZEN_R2_SIMPLIFIED_CAMPAIGN"",""physics_warmup_fraction"":""FROZEN_R2_SIMPLIFIED_CAMPAIGN"",""synthetic_base_rows"":""OPTUNA"",""synthetic_batch_size"":""FROZEN_R2_SIMPLIFIED_CAMPAIGN"",""synthetic_levels"":""FROZEN_R2_SIMPLIFIED_CAMPAIGN"",""synthetic_local_span_std"":""FROZEN_R2_SIMPLIFIED_CAMPAIGN"",""target_transform"":""OPTUNA"",""tau_softplus"":""FROZEN_R2_SIMPLIFIED_CAMPAIGN"",""weight_decay"":""OPTUNA""},""physics_dropout_mode"":""data_only_dropout"",""physics_mode"":""TIT_INC"",""physics_penalty"":""softplus"",""physics_real_fraction"":0.25,""physics_warmup_fraction"":0.1,""synthetic_base_rows"":128,""synthetic_batch_size"":256,""synthetic_levels"":5,""synthetic_local_span_std"":0.5,""target_transform"":""original"",""tau_softplus"":0.05,""weight_decay"":1.5788480471144644e-06}"
27,COMPLETE,0.4714530317164132,,4.9627847962664005,0.6285782789749037,0.5918938949532396,0.6446022049439,0.3895469962744784,0.14845217026767815,6.723531610810379,98.779296875,1.220703125,,1.8888870801144462,c6c6c8c62cd14e5fafa77ecaeb816e7740f4f72b1b1392629af1b8bb2f1ab731,OPTUNA_FOCUSED_R2,COMPLETE_ALL_WF_FOLDS,False,predictive_only_robust_score,53537,B,NOT_APPLICABLE_FULL_EVAL,149.2768127999734,"{""activation"":""tanh"",""batch_size"":256,""config_source"":""OPTUNA_FOCUSED_R2"",""dropout"":0.15,""fourier_dim"":0,""fourier_scale"":0.05,""gradient_clip"":5.0,""hidden_widths"":[192,160,128],""huber_delta"":1.4667800332300538,""lambda_phys"":3.480658186867608,""learning_rate"":0.0059810789896273375,""loss_data"":""huber"",""lr_scheduler"":""cosine"",""max_epochs"":300,""name"":""TRIAL_0027_TIT_INC"",""nonnegative_output"":false,""optimizer"":""AdamW"",""parameter_sources"":{""activation"":""OPTUNA"",""batch_size"":""OPTUNA"",""dropout"":""OPTUNA"",""fourier_dim"":""FROZEN_R2_SIMPLIFIED_CAMPAIGN"",""fourier_scale"":""FROZEN_R2_SIMPLIFIED_CAMPAIGN"",""gradient_clip"":""FROZEN_R2_SIMPLIFIED_CAMPAIGN"",""hidden_widths"":""OPTUNA"",""huber_delta"":""OPTUNA"",""lambda_phys"":""OPTUNA"",""learning_rate"":""OPTUNA"",""loss_data"":""OPTUNA"",""lr_scheduler"":""FROZEN_R2_SIMPLIFIED_CAMPAIGN"",""max_epochs"":""FROZEN_R2_SIMPLIFIED_CAMPAIGN"",""nonnegative_output"":""FROZEN_R2_SIMPLIFIED_CAMPAIGN"",""optimizer"":""OPTUNA"",""physics_dropout_mode"":""FROZEN_R2_SIMPLIFIED_CAMPAIGN"",""physics_mode"":""FROZEN_R2_SIMPLIFIED_CAMPAIGN"",""physics_penalty"":""FROZEN_R2_SIMPLIFIED_CAMPAIGN"",""physics_real_fraction"":""FROZEN_R2_SIMPLIFIED_CAMPAIGN"",""physics_warmup_fraction"":""FROZEN_R2_SIMPLIFIED_CAMPAIGN"",""synthetic_base_rows"":""OPTUNA"",""synthetic_batch_size"":""FROZEN_R2_SIMPLIFIED_CAMPAIGN"",""synthetic_levels"":""FROZEN_R2_SIMPLIFIED_CAMPAIGN"",""synthetic_local_span_std"":""FROZEN_R2_SIMPLIFIED_CAMPAIGN"",""target_transform"":""OPTUNA"",""tau_softplus"":""FROZEN_R2_SIMPLIFIED_CAMPAIGN"",""weight_decay"":""OPTUNA""},""physics_dropout_mode"":""data_only_dropout"",""physics_mode"":""TIT_INC"",""physics_penalty"":""softplus"",""physics_real_fraction"":0.25,""physics_warmup_fraction"":0.1,""synthetic_base_rows"":64,""synthetic_batch_size"":256,""synthetic_levels"":5,""synthetic_local_span_std"":0.5,""target_transform"":""original"",""tau_softplus"":0.05,""weight_decay"":0.0}"
28,COMPLETE,0.2366020884117659,,5.612175864017037,0.6829707094257795,0.48733474538201,0.6596355777108185,0.03687069528482989,0.32144476610578554,7.255059564392172,99.169921875,0.830078125,,3.0360437937082643,c61833a2eb978e97b5035bbf10bbad0f56b8f3cb93933c65ada4986d2b5c82a9,OPTUNA_FOCUSED_R2,COMPLETE_ALL_WF_FOLDS,False,predictive_only_robust_score,53537,A,NOT_APPLICABLE_FULL_EVAL,50.207330200006254,"{""activation"":""gelu"",""batch_size"":512,""config_source"":""OPTUNA_FOCUSED_R2"",""dropout"":0.15,""fourier_dim"":0,""fourier_scale"":0.05,""gradient_clip"":5.0,""hidden_widths"":[192,160,128],""huber_delta"":1.4759752220244264,""lambda_phys"":1.2505218341885747,""learning_rate"":0.0037545683459783413,""loss_data"":""huber"",""lr_scheduler"":""cosine"",""max_epochs"":300,""name"":""TRIAL_0028_TIT_INC"",""nonnegative_output"":false,""optimizer"":""AdamW"",""parameter_sources"":{""activation"":""OPTUNA"",""batch_size"":""OPTUNA"",""dropout"":""OPTUNA"",""fourier_dim"":""FROZEN_R2_SIMPLIFIED_CAMPAIGN"",""fourier_scale"":""FROZEN_R2_SIMPLIFIED_CAMPAIGN"",""gradient_clip"":""FROZEN_R2_SIMPLIFIED_CAMPAIGN"",""hidden_widths"":""OPTUNA"",""huber_delta"":""OPTUNA"",""lambda_phys"":""OPTUNA"",""learning_rate"":""OPTUNA"",""loss_data"":""OPTUNA"",""lr_scheduler"":""FROZEN_R2_SIMPLIFIED_CAMPAIGN"",""max_epochs"":""FROZEN_R2_SIMPLIFIED_CAMPAIGN"",""nonnegative_output"":""FROZEN_R2_SIMPLIFIED_CAMPAIGN"",""optimizer"":""OPTUNA"",""physics_dropout_mode"":""FROZEN_R2_SIMPLIFIED_CAMPAIGN"",""physics_mode"":""FROZEN_R2_SIMPLIFIED_CAMPAIGN"",""physics_penalty"":""FROZEN_R2_SIMPLIFIED_CAMPAIGN"",""physics_real_fraction"":""FROZEN_R2_SIMPLIFIED_CAMPAIGN"",""physics_warmup_fraction"":""FROZEN_R2_SIMPLIFIED_CAMPAIGN"",""synthetic_base_rows"":""OPTUNA"",""synthetic_batch_size"":""FROZEN_R2_SIMPLIFIED_CAMPAIGN"",""synthetic_levels"":""FROZEN_R2_SIMPLIFIED_CAMPAIGN"",""synthetic_local_span_std"":""FROZEN_R2_SIMPLIFIED_CAMPAIGN"",""target_transform"":""OPTUNA"",""tau_softplus"":""FROZEN_R2_SIMPLIFIED_CAMPAIGN"",""weight_decay"":""OPTUNA""},""physics_dropout_mode"":""data_only_dropout"",""physics_mode"":""TIT_INC"",""physics_penalty"":""softplus"",""physics_real_fraction"":0.25,""physics_warmup_fraction"":0.1,""synthetic_base_rows"":64,""synthetic_batch_size"":256,""synthetic_levels"":5,""synthetic_local_span_std"":0.5,""target_transform"":""original"",""tau_softplus"":0.05,""weight_decay"":0.0}"
29,COMPLETE,0.3928190600213653,,5.053673116334522,0.6429310566445313,0.5624472748488151,0.6480103358977298,0.27211611243536504,0.21098435694054196,6.862482944136275,96.826171875,3.173828125,,2.241508887619098,397e5077db7fdb3e2ad35ca97c26801485287ee7d628d8cb376365616f675ed2,OPTUNA_FOCUSED_R2,COMPLETE_ALL_WF_FOLDS,False,predictive_only_robust_score,22721,B,NOT_APPLICABLE_FULL_EVAL,136.83405290002702,"{""activation"":""tanh"",""batch_size"":256,""config_source"":""OPTUNA_FOCUSED_R2"",""dropout"":0.08,""fourier_dim"":0,""fourier_scale"":0.05,""gradient_clip"":5.0,""hidden_widths"":[192,64,128],""huber_delta"":1.499010155485441,""lambda_phys"":0.4659432390387148,""learning_rate"":0.004186474041730075,""loss_data"":""huber"",""lr_scheduler"":""cosine"",""max_epochs"":300,""name"":""TRIAL_0029_TIT_INC"",""nonnegative_output"":false,""optimizer"":""AdamW"",""parameter_sources"":{""activation"":""OPTUNA"",""batch_size"":""OPTUNA"",""dropout"":""OPTUNA"",""fourier_dim"":""FROZEN_R2_SIMPLIFIED_CAMPAIGN"",""fourier_scale"":""FROZEN_R2_SIMPLIFIED_CAMPAIGN"",""gradient_clip"":""FROZEN_R2_SIMPLIFIED_CAMPAIGN"",""hidden_widths"":""OPTUNA"",""huber_delta"":""OPTUNA"",""lambda_phys"":""OPTUNA"",""learning_rate"":""OPTUNA"",""loss_data"":""OPTUNA"",""lr_scheduler"":""FROZEN_R2_SIMPLIFIED_CAMPAIGN"",""max_epochs"":""FROZEN_R2_SIMPLIFIED_CAMPAIGN"",""nonnegative_output"":""FROZEN_R2_SIMPLIFIED_CAMPAIGN"",""optimizer"":""OPTUNA"",""physics_dropout_mode"":""FROZEN_R2_SIMPLIFIED_CAMPAIGN"",""physics_mode"":""FROZEN_R2_SIMPLIFIED_CAMPAIGN"",""physics_penalty"":""FROZEN_R2_SIMPLIFIED_CAMPAIGN"",""physics_real_fraction"":""FROZEN_R2_SIMPLIFIED_CAMPAIGN"",""physics_warmup_fraction"":""FROZEN_R2_SIMPLIFIED_CAMPAIGN"",""synthetic_base_rows"":""OPTUNA"",""synthetic_batch_size"":""FROZEN_R2_SIMPLIFIED_CAMPAIGN"",""synthetic_levels"":""FROZEN_R2_SIMPLIFIED_CAMPAIGN"",""synthetic_local_span_std"":""FROZEN_R2_SIMPLIFIED_CAMPAIGN"",""target_transform"":""OPTUNA"",""tau_softplus"":""FROZEN_R2_SIMPLIFIED_CAMPAIGN"",""weight_decay"":""OPTUNA""},""physics_dropout_mode"":""data_only_dropout"",""physics_mode"":""TIT_INC"",""physics_penalty"":""softplus"",""physics_real_fraction"":0.25,""physics_warmup_fraction"":0.1,""synthetic_base_rows"":64,""synthetic_batch_size"":256,""synthetic_levels"":5,""synthetic_local_span_std"":0.5,""target_transform"":""original"",""tau_softplus"":0.05,""weight_decay"":0.0}"
30,COMPLETE,0.355800505045081,,5.290223824771973,0.6684652222940364,0.529174083487998,0.6438256231611422,0.21976204471570515,0.2212181708148458,7.123160600747347,98.291015625,1.708984375,,2.02467707817861,48e08bf96eefaf12f0ae42cff6ed1a1625f90cf509df5bfd95c626b509b4f97f,OPTUNA_FOCUSED_R2,COMPLETE_ALL_WF_FOLDS,False,predictive_only_robust_score,63329,B,NOT_APPLICABLE_FULL_EVAL,96.36881650000578,"{""activation"":""tanh"",""batch_size"":256,""config_source"":""OPTUNA_FOCUSED_R2"",""dropout"":0.0,""fourier_dim"":0,""fourier_scale"":0.05,""gradient_clip"":5.0,""hidden_widths"":[128,160,128,160],""huber_delta"":1.0,""lambda_phys"":0.7627718027111662,""learning_rate"":0.005318660835889134,""loss_data"":""mse"",""lr_scheduler"":""cosine"",""max_epochs"":300,""name"":""TRIAL_0030_TIT_INC"",""nonnegative_output"":false,""optimizer"":""AdamW"",""parameter_sources"":{""activation"":""OPTUNA"",""batch_size"":""OPTUNA"",""dropout"":""OPTUNA"",""fourier_dim"":""FROZEN_R2_SIMPLIFIED_CAMPAIGN"",""fourier_scale"":""FROZEN_R2_SIMPLIFIED_CAMPAIGN"",""gradient_clip"":""FROZEN_R2_SIMPLIFIED_CAMPAIGN"",""hidden_widths"":""OPTUNA"",""huber_delta"":""OPTUNA"",""lambda_phys"":""OPTUNA"",""learning_rate"":""OPTUNA"",""loss_data"":""OPTUNA"",""lr_scheduler"":""FROZEN_R2_SIMPLIFIED_CAMPAIGN"",""max_epochs"":""FROZEN_R2_SIMPLIFIED_CAMPAIGN"",""nonnegative_output"":""FROZEN_R2_SIMPLIFIED_CAMPAIGN"",""optimizer"":""OPTUNA"",""physics_dropout_mode"":""FROZEN_R2_SIMPLIFIED_CAMPAIGN"",""physics_mode"":""FROZEN_R2_SIMPLIFIED_CAMPAIGN"",""physics_penalty"":""FROZEN_R2_SIMPLIFIED_CAMPAIGN"",""physics_real_fraction"":""FROZEN_R2_SIMPLIFIED_CAMPAIGN"",""physics_warmup_fraction"":""FROZEN_R2_SIMPLIFIED_CAMPAIGN"",""synthetic_base_rows"":""OPTUNA"",""synthetic_batch_size"":""FROZEN_R2_SIMPLIFIED_CAMPAIGN"",""synthetic_levels"":""FROZEN_R2_SIMPLIFIED_CAMPAIGN"",""synthetic_local_span_std"":""FROZEN_R2_SIMPLIFIED_CAMPAIGN"",""target_transform"":""OPTUNA"",""tau_softplus"":""FROZEN_R2_SIMPLIFIED_CAMPAIGN"",""weight_decay"":""OPTUNA""},""physics_dropout_mode"":""data_only_dropout"",""physics_mode"":""TIT_INC"",""physics_penalty"":""softplus"",""physics_real_fraction"":0.25,""physics_warmup_fraction"":0.1,""synthetic_base_rows"":256,""synthetic_batch_size"":256,""synthetic_levels"":5,""synthetic_local_span_std"":0.5,""target_transform"":""original"",""tau_softplus"":0.05,""weight_decay"":0.0008424272818328151}"
31,COMPLETE,0.420941398919338,,4.970559559415288,0.6401991911275428,0.5706636287459723,0.663486799463362,0.30632445632663663,0.18965677590249785,6.828246449911119,99.4140625,0.5859375,,2.251031098035504,cf1c151739dc70c48578c0fdc4963b65404a2d7fc90c48abc2c6ce04b3eed5df,OPTUNA_FOCUSED_R2,COMPLETE_ALL_WF_FOLDS,False,predictive_only_robust_score,88545,A,NOT_APPLICABLE_FULL_EVAL,62.61489929998061,"{""activation"":""tanh"",""batch_size"":512,""config_source"":""OPTUNA_FOCUSED_R2"",""dropout"":0.03,""fourier_dim"":0,""fourier_scale"":0.05,""gradient_clip"":5.0,""hidden_widths"":[192,160,192,128],""huber_delta"":1.1307300546017118,""lambda_phys"":1.9833586868641222,""learning_rate"":0.003449262856572176,""loss_data"":""huber"",""lr_scheduler"":""cosine"",""max_epochs"":300,""name"":""TRIAL_0031_TIT_INC"",""nonnegative_output"":false,""optimizer"":""AdamW"",""parameter_sources"":{""activation"":""OPTUNA"",""batch_size"":""OPTUNA"",""dropout"":""OPTUNA"",""fourier_dim"":""FROZEN_R2_SIMPLIFIED_CAMPAIGN"",""fourier_scale"":""FROZEN_R2_SIMPLIFIED_CAMPAIGN"",""gradient_clip"":""FROZEN_R2_SIMPLIFIED_CAMPAIGN"",""hidden_widths"":""OPTUNA"",""huber_delta"":""OPTUNA"",""lambda_phys"":""OPTUNA"",""learning_rate"":""OPTUNA"",""loss_data"":""OPTUNA"",""lr_scheduler"":""FROZEN_R2_SIMPLIFIED_CAMPAIGN"",""max_epochs"":""FROZEN_R2_SIMPLIFIED_CAMPAIGN"",""nonnegative_output"":""FROZEN_R2_SIMPLIFIED_CAMPAIGN"",""optimizer"":""OPTUNA"",""physics_dropout_mode"":""FROZEN_R2_SIMPLIFIED_CAMPAIGN"",""physics_mode"":""FROZEN_R2_SIMPLIFIED_CAMPAIGN"",""physics_penalty"":""FROZEN_R2_SIMPLIFIED_CAMPAIGN"",""physics_real_fraction"":""FROZEN_R2_SIMPLIFIED_CAMPAIGN"",""physics_warmup_fraction"":""FROZEN_R2_SIMPLIFIED_CAMPAIGN"",""synthetic_base_rows"":""OPTUNA"",""synthetic_batch_size"":""FROZEN_R2_SIMPLIFIED_CAMPAIGN"",""synthetic_levels"":""FROZEN_R2_SIMPLIFIED_CAMPAIGN"",""synthetic_local_span_std"":""FROZEN_R2_SIMPLIFIED_CAMPAIGN"",""target_transform"":""OPTUNA"",""tau_softplus"":""FROZEN_R2_SIMPLIFIED_CAMPAIGN"",""weight_decay"":""OPTUNA""},""physics_dropout_mode"":""data_only_dropout"",""physics_mode"":""TIT_INC"",""physics_penalty"":""softplus"",""physics_real_fraction"":0.25,""physics_warmup_fraction"":0.1,""synthetic_base_rows"":256,""synthetic_batch_size"":256,""synthetic_levels"":5,""synthetic_local_span_std"":0.5,""target_transform"":""original"",""tau_softplus"":0.05,""weight_decay"":1.3891324359103795e-05}"
32,COMPLETE,0.2789525565433403,,5.370978586994343,0.678205427928173,0.5024343088778572,0.6494272017568182,0.10396358907048697,0.2849718831378309,7.214549508932744,94.482421875,5.517578125,,2.840642647439474,6bf04e39d0644d365d6d49fd9545a7962227f3e0f491df34a5e6b30914fe9c49,OPTUNA_FOCUSED_R2,COMPLETE_ALL_WF_FOLDS,False,predictive_only_robust_score,88545,C,NOT_APPLICABLE_FULL_EVAL,69.5210123998695,"{""activation"":""tanh"",""batch_size"":512,""config_source"":""OPTUNA_FOCUSED_R2"",""dropout"":0.08,""fourier_dim"":0,""fourier_scale"":0.05,""gradient_clip"":5.0,""hidden_widths"":[192,160,192,128],""huber_delta"":1.1945363714566715,""lambda_phys"":0.0853534744369415,""learning_rate"":0.0034577372473635856,""loss_data"":""huber"",""lr_scheduler"":""cosine"",""max_epochs"":300,""name"":""TRIAL_0032_TIT_INC"",""nonnegative_output"":false,""optimizer"":""AdamW"",""parameter_sources"":{""activation"":""OPTUNA"",""batch_size"":""OPTUNA"",""dropout"":""OPTUNA"",""fourier_dim"":""FROZEN_R2_SIMPLIFIED_CAMPAIGN"",""fourier_scale"":""FROZEN_R2_SIMPLIFIED_CAMPAIGN"",""gradient_clip"":""FROZEN_R2_SIMPLIFIED_CAMPAIGN"",""hidden_widths"":""OPTUNA"",""huber_delta"":""OPTUNA"",""lambda_phys"":""OPTUNA"",""learning_rate"":""OPTUNA"",""loss_data"":""OPTUNA"",""lr_scheduler"":""FROZEN_R2_SIMPLIFIED_CAMPAIGN"",""max_epochs"":""FROZEN_R2_SIMPLIFIED_CAMPAIGN"",""nonnegative_output"":""FROZEN_R2_SIMPLIFIED_CAMPAIGN"",""optimizer"":""OPTUNA"",""physics_dropout_mode"":""FROZEN_R2_SIMPLIFIED_CAMPAIGN"",""physics_mode"":""FROZEN_R2_SIMPLIFIED_CAMPAIGN"",""physics_penalty"":""FROZEN_R2_SIMPLIFIED_CAMPAIGN"",""physics_real_fraction"":""FROZEN_R2_SIMPLIFIED_CAMPAIGN"",""physics_warmup_fraction"":""FROZEN_R2_SIMPLIFIED_CAMPAIGN"",""synthetic_base_rows"":""OPTUNA"",""synthetic_batch_size"":""FROZEN_R2_SIMPLIFIED_CAMPAIGN"",""synthetic_levels"":""FROZEN_R2_SIMPLIFIED_CAMPAIGN"",""synthetic_local_span_std"":""FROZEN_R2_SIMPLIFIED_CAMPAIGN"",""target_transform"":""OPTUNA"",""tau_softplus"":""FROZEN_R2_SIMPLIFIED_CAMPAIGN"",""weight_decay"":""OPTUNA""},""physics_dropout_mode"":""data_only_dropout"",""physics_mode"":""TIT_INC"",""physics_penalty"":""softplus"",""physics_real_fraction"":0.25,""physics_warmup_fraction"":0.1,""synthetic_base_rows"":256,""synthetic_batch_size"":256,""synthetic_levels"":5,""synthetic_local_span_std"":0.5,""target_transform"":""original"",""tau_softplus"":0.05,""weight_decay"":7.6464763407099e-05}"
33,COMPLETE,0.5042290219560599,,4.719371025349275,0.6125080442345888,0.6134310783921508,0.671377026188617,0.4251800136942453,0.13635201956287446,6.5472533627626275,99.51171875,0.48828125,,1.6245928765604696,1318564a5601db19289a864efdf74ede6b7fdd59353ab9d2bae167db7ba09a65,OPTUNA_FOCUSED_R2,COMPLETE_ALL_WF_FOLDS,False,predictive_only_robust_score,77665,A,NOT_APPLICABLE_FULL_EVAL,81.353924700059,"{""activation"":""tanh"",""batch_size"":512,""config_source"":""OPTUNA_FOCUSED_R2"",""dropout"":0.03,""fourier_dim"":0,""fourier_scale"":0.05,""gradient_clip"":5.0,""hidden_widths"":[128,160,192,128],""huber_delta"":1.212689441903846,""lambda_phys"":4.784133019826852,""learning_rate"":0.003385820092605622,""loss_data"":""huber"",""lr_scheduler"":""cosine"",""max_epochs"":300,""name"":""TRIAL_0033_TIT_INC"",""nonnegative_output"":false,""optimizer"":""AdamW"",""parameter_sources"":{""activation"":""OPTUNA"",""batch_size"":""OPTUNA"",""dropout"":""OPTUNA"",""fourier_dim"":""FROZEN_R2_SIMPLIFIED_CAMPAIGN"",""fourier_scale"":""FROZEN_R2_SIMPLIFIED_CAMPAIGN"",""gradient_clip"":""FROZEN_R2_SIMPLIFIED_CAMPAIGN"",""hidden_widths"":""OPTUNA"",""huber_delta"":""OPTUNA"",""lambda_phys"":""OPTUNA"",""learning_rate"":""OPTUNA"",""loss_data"":""OPTUNA"",""lr_scheduler"":""FROZEN_R2_SIMPLIFIED_CAMPAIGN"",""max_epochs"":""FROZEN_R2_SIMPLIFIED_CAMPAIGN"",""nonnegative_output"":""FROZEN_R2_SIMPLIFIED_CAMPAIGN"",""optimizer"":""OPTUNA"",""physics_dropout_mode"":""FROZEN_R2_SIMPLIFIED_CAMPAIGN"",""physics_mode"":""FROZEN_R2_SIMPLIFIED_CAMPAIGN"",""physics_penalty"":""FROZEN_R2_SIMPLIFIED_CAMPAIGN"",""physics_real_fraction"":""FROZEN_R2_SIMPLIFIED_CAMPAIGN"",""physics_warmup_fraction"":""FROZEN_R2_SIMPLIFIED_CAMPAIGN"",""synthetic_base_rows"":""OPTUNA"",""synthetic_batch_size"":""FROZEN_R2_SIMPLIFIED_CAMPAIGN"",""synthetic_levels"":""FROZEN_R2_SIMPLIFIED_CAMPAIGN"",""synthetic_local_span_std"":""FROZEN_R2_SIMPLIFIED_CAMPAIGN"",""target_transform"":""OPTUNA"",""tau_softplus"":""FROZEN_R2_SIMPLIFIED_CAMPAIGN"",""weight_decay"":""OPTUNA""},""physics_dropout_mode"":""data_only_dropout"",""physics_mode"":""TIT_INC"",""physics_penalty"":""softplus"",""physics_real_fraction"":0.25,""physics_warmup_fraction"":0.1,""synthetic_base_rows"":256,""synthetic_batch_size"":256,""synthetic_levels"":5,""synthetic_local_span_std"":0.5,""target_transform"":""log1p"",""tau_softplus"":0.05,""weight_decay"":1.538758594036685e-05}"
34,COMPLETE,0.24166491928595382,,5.695927721507708,0.6820432706197576,0.48956173259582414,0.6559683943595459,0.04601032945729411,0.3168796995586884,7.247875399373342,96.58203125,3.41796875,,2.782965195927785,61603a1d8b378c912fdeaac66846c59190866136cd5a0055113ea1a2153a4fb4,OPTUNA_FOCUSED_R2,COMPLETE_ALL_WF_FOLDS,False,predictive_only_robust_score,32481,B,NOT_APPLICABLE_FULL_EVAL,41.11555789998965,"{""activation"":""gelu"",""batch_size"":512,""config_source"":""OPTUNA_FOCUSED_R2"",""dropout"":0.03,""fourier_dim"":0,""fourier_scale"":0.05,""gradient_clip"":5.0,""hidden_widths"":[128,96,192],""huber_delta"":1.3350797049135694,""lambda_phys"":2.1559064895050657,""learning_rate"":0.005944838998905979,""loss_data"":""huber"",""lr_scheduler"":""cosine"",""max_epochs"":300,""name"":""TRIAL_0034_TIT_INC"",""nonnegative_output"":false,""optimizer"":""AdamW"",""parameter_sources"":{""activation"":""OPTUNA"",""batch_size"":""OPTUNA"",""dropout"":""OPTUNA"",""fourier_dim"":""FROZEN_R2_SIMPLIFIED_CAMPAIGN"",""fourier_scale"":""FROZEN_R2_SIMPLIFIED_CAMPAIGN"",""gradient_clip"":""FROZEN_R2_SIMPLIFIED_CAMPAIGN"",""hidden_widths"":""OPTUNA"",""huber_delta"":""OPTUNA"",""lambda_phys"":""OPTUNA"",""learning_rate"":""OPTUNA"",""loss_data"":""OPTUNA"",""lr_scheduler"":""FROZEN_R2_SIMPLIFIED_CAMPAIGN"",""max_epochs"":""FROZEN_R2_SIMPLIFIED_CAMPAIGN"",""nonnegative_output"":""FROZEN_R2_SIMPLIFIED_CAMPAIGN"",""optimizer"":""OPTUNA"",""physics_dropout_mode"":""FROZEN_R2_SIMPLIFIED_CAMPAIGN"",""physics_mode"":""FROZEN_R2_SIMPLIFIED_CAMPAIGN"",""physics_penalty"":""FROZEN_R2_SIMPLIFIED_CAMPAIGN"",""physics_real_fraction"":""FROZEN_R2_SIMPLIFIED_CAMPAIGN"",""physics_warmup_fraction"":""FROZEN_R2_SIMPLIFIED_CAMPAIGN"",""synthetic_base_rows"":""OPTUNA"",""synthetic_batch_size"":""FROZEN_R2_SIMPLIFIED_CAMPAIGN"",""synthetic_levels"":""FROZEN_R2_SIMPLIFIED_CAMPAIGN"",""synthetic_local_span_std"":""FROZEN_R2_SIMPLIFIED_CAMPAIGN"",""target_transform"":""OPTUNA"",""tau_softplus"":""FROZEN_R2_SIMPLIFIED_CAMPAIGN"",""weight_decay"":""OPTUNA""},""physics_dropout_mode"":""data_only_dropout"",""physics_mode"":""TIT_INC"",""physics_penalty"":""softplus"",""physics_real_fraction"":0.25,""physics_warmup_fraction"":0.1,""synthetic_base_rows"":256,""synthetic_batch_size"":256,""synthetic_levels"":5,""synthetic_local_span_std"":0.5,""target_transform"":""log1p"",""tau_softplus"":0.05,""weight_decay"":4.915752386000863e-05}"
35,COMPLETE,0.3956845501582643,,5.116700394846851,0.6492382774026991,0.5568206394306058,0.6482893624693957,0.2762521405059085,0.20235606829160085,6.927035805287278,99.90234375,0.09765625,,2.1148001245828643,49296bd531759b6eec5fa303b03d64c879b9d60f6f82cd916e38d134367a5544,OPTUNA_FOCUSED_R2,COMPLETE_ALL_WF_FOLDS,False,predictive_only_robust_score,55009,A,NOT_APPLICABLE_FULL_EVAL,68.38098600000376,"{""activation"":""tanh"",""batch_size"":512,""config_source"":""OPTUNA_FOCUSED_R2"",""dropout"":0.03,""fourier_dim"":0,""fourier_scale"":0.05,""gradient_clip"":5.0,""hidden_widths"":[128,160,128,96],""huber_delta"":1.2712700757496327,""lambda_phys"":2.1000537404113366,""learning_rate"":0.0017883917450880293,""loss_data"":""huber"",""lr_scheduler"":""cosine"",""max_epochs"":300,""name"":""TRIAL_0035_TIT_INC"",""nonnegative_output"":false,""optimizer"":""AdamW"",""parameter_sources"":{""activation"":""OPTUNA"",""batch_size"":""OPTUNA"",""dropout"":""OPTUNA"",""fourier_dim"":""FROZEN_R2_SIMPLIFIED_CAMPAIGN"",""fourier_scale"":""FROZEN_R2_SIMPLIFIED_CAMPAIGN"",""gradient_clip"":""FROZEN_R2_SIMPLIFIED_CAMPAIGN"",""hidden_widths"":""OPTUNA"",""huber_delta"":""OPTUNA"",""lambda_phys"":""OPTUNA"",""learning_rate"":""OPTUNA"",""loss_data"":""OPTUNA"",""lr_scheduler"":""FROZEN_R2_SIMPLIFIED_CAMPAIGN"",""max_epochs"":""FROZEN_R2_SIMPLIFIED_CAMPAIGN"",""nonnegative_output"":""FROZEN_R2_SIMPLIFIED_CAMPAIGN"",""optimizer"":""OPTUNA"",""physics_dropout_mode"":""FROZEN_R2_SIMPLIFIED_CAMPAIGN"",""physics_mode"":""FROZEN_R2_SIMPLIFIED_CAMPAIGN"",""physics_penalty"":""FROZEN_R2_SIMPLIFIED_CAMPAIGN"",""physics_real_fraction"":""FROZEN_R2_SIMPLIFIED_CAMPAIGN"",""physics_warmup_fraction"":""FROZEN_R2_SIMPLIFIED_CAMPAIGN"",""synthetic_base_rows"":""OPTUNA"",""synthetic_batch_size"":""FROZEN_R2_SIMPLIFIED_CAMPAIGN"",""synthetic_levels"":""FROZEN_R2_SIMPLIFIED_CAMPAIGN"",""synthetic_local_span_std"":""FROZEN_R2_SIMPLIFIED_CAMPAIGN"",""target_transform"":""OPTUNA"",""tau_softplus"":""FROZEN_R2_SIMPLIFIED_CAMPAIGN"",""weight_decay"":""OPTUNA""},""physics_dropout_mode"":""data_only_dropout"",""physics_mode"":""TIT_INC"",""physics_penalty"":""softplus"",""physics_real_fraction"":0.25,""physics_warmup_fraction"":0.1,""synthetic_base_rows"":256,""synthetic_batch_size"":256,""synthetic_levels"":5,""synthetic_local_span_std"":0.5,""target_transform"":""log1p"",""tau_softplus"":0.05,""weight_decay"":0.0}"
36,COMPLETE,0.44068017961160133,,4.913660267268152,0.629657191616589,0.5851234716136618,0.6486318795584429,0.34231102220996323,0.17808344743275617,6.729999955326395,100.0,0.0,,2.074916541184155,7ea4d9a50d72b65af4e8f73cb9959db8405224a4571ab962d1e421b9fc9056f3,OPTUNA_FOCUSED_R2,COMPLETE_ALL_WF_FOLDS,False,predictive_only_robust_score,32961,A,NOT_APPLICABLE_FULL_EVAL,93.48484500002814,"{""activation"":""tanh"",""batch_size"":256,""config_source"":""OPTUNA_FOCUSED_R2"",""dropout"":0.15,""fourier_dim"":0,""fourier_scale"":0.05,""gradient_clip"":5.0,""hidden_widths"":[192,160],""huber_delta"":1.4936911235022492,""lambda_phys"":1.599080925429893,""learning_rate"":0.004098073756862084,""loss_data"":""huber"",""lr_scheduler"":""cosine"",""max_epochs"":300,""name"":""TRIAL_0036_TIT_INC"",""nonnegative_output"":false,""optimizer"":""NAdam"",""parameter_sources"":{""activation"":""OPTUNA"",""batch_size"":""OPTUNA"",""dropout"":""OPTUNA"",""fourier_dim"":""FROZEN_R2_SIMPLIFIED_CAMPAIGN"",""fourier_scale"":""FROZEN_R2_SIMPLIFIED_CAMPAIGN"",""gradient_clip"":""FROZEN_R2_SIMPLIFIED_CAMPAIGN"",""hidden_widths"":""OPTUNA"",""huber_delta"":""OPTUNA"",""lambda_phys"":""OPTUNA"",""learning_rate"":""OPTUNA"",""loss_data"":""OPTUNA"",""lr_scheduler"":""FROZEN_R2_SIMPLIFIED_CAMPAIGN"",""max_epochs"":""FROZEN_R2_SIMPLIFIED_CAMPAIGN"",""nonnegative_output"":""FROZEN_R2_SIMPLIFIED_CAMPAIGN"",""optimizer"":""OPTUNA"",""physics_dropout_mode"":""FROZEN_R2_SIMPLIFIED_CAMPAIGN"",""physics_mode"":""FROZEN_R2_SIMPLIFIED_CAMPAIGN"",""physics_penalty"":""FROZEN_R2_SIMPLIFIED_CAMPAIGN"",""physics_real_fraction"":""FROZEN_R2_SIMPLIFIED_CAMPAIGN"",""physics_warmup_fraction"":""FROZEN_R2_SIMPLIFIED_CAMPAIGN"",""synthetic_base_rows"":""OPTUNA"",""synthetic_batch_size"":""FROZEN_R2_SIMPLIFIED_CAMPAIGN"",""synthetic_levels"":""FROZEN_R2_SIMPLIFIED_CAMPAIGN"",""synthetic_local_span_std"":""FROZEN_R2_SIMPLIFIED_CAMPAIGN"",""target_transform"":""OPTUNA"",""tau_softplus"":""FROZEN_R2_SIMPLIFIED_CAMPAIGN"",""weight_decay"":""OPTUNA""},""physics_dropout_mode"":""data_only_dropout"",""physics_mode"":""TIT_INC"",""physics_penalty"":""softplus"",""physics_real_fraction"":0.25,""physics_warmup_fraction"":0.1,""synthetic_base_rows"":64,""synthetic_batch_size"":256,""synthetic_levels"":5,""synthetic_local_span_std"":0.5,""target_transform"":""original"",""tau_softplus"":0.05,""weight_decay"":0.0}"
37,COMPLETE,0.39274298589727535,,5.231935125927477,0.6568582335232181,0.5485005322290567,0.6443305257614202,0.27384678034506826,0.19714293261097365,7.006852890750356,100.0,0.0,,2.490066472891984,42676bd4e7b3a1f269187ac00f34dfbc4741bd074fad1cb3b0c7e5c35a3f9890,OPTUNA_FOCUSED_R2,COMPLETE_ALL_WF_FOLDS,False,predictive_only_robust_score,83873,A,NOT_APPLICABLE_FULL_EVAL,213.87437549995957,"{""activation"":""tanh"",""batch_size"":128,""config_source"":""OPTUNA_FOCUSED_R2"",""dropout"":0.03,""fourier_dim"":0,""fourier_scale"":0.05,""gradient_clip"":5.0,""hidden_widths"":[128,160,192,160],""huber_delta"":1.4978940940653669,""lambda_phys"":3.6782500609284963,""learning_rate"":0.0033706901712238116,""loss_data"":""huber"",""lr_scheduler"":""cosine"",""max_epochs"":300,""name"":""TRIAL_0037_TIT_INC"",""nonnegative_output"":false,""optimizer"":""NAdam"",""parameter_sources"":{""activation"":""OPTUNA"",""batch_size"":""OPTUNA"",""dropout"":""OPTUNA"",""fourier_dim"":""FROZEN_R2_SIMPLIFIED_CAMPAIGN"",""fourier_scale"":""FROZEN_R2_SIMPLIFIED_CAMPAIGN"",""gradient_clip"":""FROZEN_R2_SIMPLIFIED_CAMPAIGN"",""hidden_widths"":""OPTUNA"",""huber_delta"":""OPTUNA"",""lambda_phys"":""OPTUNA"",""learning_rate"":""OPTUNA"",""loss_data"":""OPTUNA"",""lr_scheduler"":""FROZEN_R2_SIMPLIFIED_CAMPAIGN"",""max_epochs"":""FROZEN_R2_SIMPLIFIED_CAMPAIGN"",""nonnegative_output"":""FROZEN_R2_SIMPLIFIED_CAMPAIGN"",""optimizer"":""OPTUNA"",""physics_dropout_mode"":""FROZEN_R2_SIMPLIFIED_CAMPAIGN"",""physics_mode"":""FROZEN_R2_SIMPLIFIED_CAMPAIGN"",""physics_penalty"":""FROZEN_R2_SIMPLIFIED_CAMPAIGN"",""physics_real_fraction"":""FROZEN_R2_SIMPLIFIED_CAMPAIGN"",""physics_warmup_fraction"":""FROZEN_R2_SIMPLIFIED_CAMPAIGN"",""synthetic_base_rows"":""OPTUNA"",""synthetic_batch_size"":""FROZEN_R2_SIMPLIFIED_CAMPAIGN"",""synthetic_levels"":""FROZEN_R2_SIMPLIFIED_CAMPAIGN"",""synthetic_local_span_std"":""FROZEN_R2_SIMPLIFIED_CAMPAIGN"",""target_transform"":""OPTUNA"",""tau_softplus"":""FROZEN_R2_SIMPLIFIED_CAMPAIGN"",""weight_decay"":""OPTUNA""},""physics_dropout_mode"":""data_only_dropout"",""physics_mode"":""TIT_INC"",""physics_penalty"":""softplus"",""physics_real_fraction"":0.25,""physics_warmup_fraction"":0.1,""synthetic_base_rows"":256,""synthetic_batch_size"":256,""synthetic_levels"":5,""synthetic_local_span_std"":0.5,""target_transform"":""log1p"",""tau_softplus"":0.05,""weight_decay"":0.00021832374703731393}"
38,COMPLETE,0.43639778921301675,,4.956319857770094,0.6336013324227303,0.5804544707768097,0.6419884913775746,0.33914738271523615,0.17732634907078326,6.773553735468103,100.0,0.0,,1.931535165965287,5ce92d16e01d0046fb5740aa940256b96eca522a504e0103ca39d898dd727cc9,OPTUNA_FOCUSED_R2,COMPLETE_ALL_WF_FOLDS,False,predictive_only_robust_score,32961,A,NOT_APPLICABLE_FULL_EVAL,90.65140580001753,"{""activation"":""tanh"",""batch_size"":256,""config_source"":""OPTUNA_FOCUSED_R2"",""dropout"":0.15,""fourier_dim"":0,""fourier_scale"":0.05,""gradient_clip"":5.0,""hidden_widths"":[192,160],""huber_delta"":1.4486257851625683,""lambda_phys"":1.835685805079139,""learning_rate"":0.0026245208914962466,""loss_data"":""huber"",""lr_scheduler"":""cosine"",""max_epochs"":300,""name"":""TRIAL_0038_TIT_INC"",""nonnegative_output"":false,""optimizer"":""NAdam"",""parameter_sources"":{""activation"":""OPTUNA"",""batch_size"":""OPTUNA"",""dropout"":""OPTUNA"",""fourier_dim"":""FROZEN_R2_SIMPLIFIED_CAMPAIGN"",""fourier_scale"":""FROZEN_R2_SIMPLIFIED_CAMPAIGN"",""gradient_clip"":""FROZEN_R2_SIMPLIFIED_CAMPAIGN"",""hidden_widths"":""OPTUNA"",""huber_delta"":""OPTUNA"",""lambda_phys"":""OPTUNA"",""learning_rate"":""OPTUNA"",""loss_data"":""OPTUNA"",""lr_scheduler"":""FROZEN_R2_SIMPLIFIED_CAMPAIGN"",""max_epochs"":""FROZEN_R2_SIMPLIFIED_CAMPAIGN"",""nonnegative_output"":""FROZEN_R2_SIMPLIFIED_CAMPAIGN"",""optimizer"":""OPTUNA"",""physics_dropout_mode"":""FROZEN_R2_SIMPLIFIED_CAMPAIGN"",""physics_mode"":""FROZEN_R2_SIMPLIFIED_CAMPAIGN"",""physics_penalty"":""FROZEN_R2_SIMPLIFIED_CAMPAIGN"",""physics_real_fraction"":""FROZEN_R2_SIMPLIFIED_CAMPAIGN"",""physics_warmup_fraction"":""FROZEN_R2_SIMPLIFIED_CAMPAIGN"",""synthetic_base_rows"":""OPTUNA"",""synthetic_batch_size"":""FROZEN_R2_SIMPLIFIED_CAMPAIGN"",""synthetic_levels"":""FROZEN_R2_SIMPLIFIED_CAMPAIGN"",""synthetic_local_span_std"":""FROZEN_R2_SIMPLIFIED_CAMPAIGN"",""target_transform"":""OPTUNA"",""tau_softplus"":""FROZEN_R2_SIMPLIFIED_CAMPAIGN"",""weight_decay"":""OPTUNA""},""physics_dropout_mode"":""data_only_dropout"",""physics_mode"":""TIT_INC"",""physics_penalty"":""softplus"",""physics_real_fraction"":0.25,""physics_warmup_fraction"":0.1,""synthetic_base_rows"":64,""synthetic_batch_size"":256,""synthetic_levels"":5,""synthetic_local_span_std"":0.5,""target_transform"":""original"",""tau_softplus"":0.05,""weight_decay"":0.0}"
39,COMPLETE,0.43509284449128693,,4.891708587356672,0.6361917973091481,0.5776601799656157,0.6386006935870887,0.3388276279480408,0.17549958350225678,6.801740903447635,100.0,0.0,,2.3163573473006625,0383e6eea512ba29b7d1b2f9c729081e1fb635940c089ec0cbc2092f92fa0dcb,OPTUNA_FOCUSED_R2,COMPLETE_ALL_WF_FOLDS,False,predictive_only_robust_score,20545,A,NOT_APPLICABLE_FULL_EVAL,69.25491069996497,"{""activation"":""tanh"",""batch_size"":256,""config_source"":""OPTUNA_FOCUSED_R2"",""dropout"":0.15,""fourier_dim"":0,""fourier_scale"":0.05,""gradient_clip"":5.0,""hidden_widths"":[192,96],""huber_delta"":1.2642578197371241,""lambda_phys"":1.4826441598152111,""learning_rate"":0.005761180305127487,""loss_data"":""huber"",""lr_scheduler"":""cosine"",""max_epochs"":300,""name"":""TRIAL_0039_TIT_INC"",""nonnegative_output"":false,""optimizer"":""AdamW"",""parameter_sources"":{""activation"":""OPTUNA"",""batch_size"":""OPTUNA"",""dropout"":""OPTUNA"",""fourier_dim"":""FROZEN_R2_SIMPLIFIED_CAMPAIGN"",""fourier_scale"":""FROZEN_R2_SIMPLIFIED_CAMPAIGN"",""gradient_clip"":""FROZEN_R2_SIMPLIFIED_CAMPAIGN"",""hidden_widths"":""OPTUNA"",""huber_delta"":""OPTUNA"",""lambda_phys"":""OPTUNA"",""learning_rate"":""OPTUNA"",""loss_data"":""OPTUNA"",""lr_scheduler"":""FROZEN_R2_SIMPLIFIED_CAMPAIGN"",""max_epochs"":""FROZEN_R2_SIMPLIFIED_CAMPAIGN"",""nonnegative_output"":""FROZEN_R2_SIMPLIFIED_CAMPAIGN"",""optimizer"":""OPTUNA"",""physics_dropout_mode"":""FROZEN_R2_SIMPLIFIED_CAMPAIGN"",""physics_mode"":""FROZEN_R2_SIMPLIFIED_CAMPAIGN"",""physics_penalty"":""FROZEN_R2_SIMPLIFIED_CAMPAIGN"",""physics_real_fraction"":""FROZEN_R2_SIMPLIFIED_CAMPAIGN"",""physics_warmup_fraction"":""FROZEN_R2_SIMPLIFIED_CAMPAIGN"",""synthetic_base_rows"":""OPTUNA"",""synthetic_batch_size"":""FROZEN_R2_SIMPLIFIED_CAMPAIGN"",""synthetic_levels"":""FROZEN_R2_SIMPLIFIED_CAMPAIGN"",""synthetic_local_span_std"":""FROZEN_R2_SIMPLIFIED_CAMPAIGN"",""target_transform"":""OPTUNA"",""tau_softplus"":""FROZEN_R2_SIMPLIFIED_CAMPAIGN"",""weight_decay"":""OPTUNA""},""physics_dropout_mode"":""data_only_dropout"",""physics_mode"":""TIT_INC"",""physics_penalty"":""softplus"",""physics_real_fraction"":0.25,""physics_warmup_fraction"":0.1,""synthetic_base_rows"":128,""synthetic_batch_size"":256,""synthetic_levels"":5,""synthetic_local_span_std"":0.5,""target_transform"":""original"",""tau_softplus"":0.05,""weight_decay"":0.0}"
40,COMPLETE,0.4225347235500029,,5.127925285733397,0.6469054404370804,0.5645816756897211,0.6236295176573237,0.32741386271388584,0.17460616944497825,6.918187953775077,99.31640625,0.68359375,,1.9957774676376603,9704b0cbb65abe9b55a01b78ebb7ff39edd6e71bb795bb71ad3b20082e895362,OPTUNA_FOCUSED_R2,COMPLETE_ALL_WF_FOLDS,False,predictive_only_robust_score,72001,A,NOT_APPLICABLE_FULL_EVAL,108.87268060009228,"{""activation"":""tanh"",""batch_size"":256,""config_source"":""OPTUNA_FOCUSED_R2"",""dropout"":0.15,""fourier_dim"":0,""fourier_scale"":0.05,""gradient_clip"":5.0,""hidden_widths"":[192,192,128,64],""huber_delta"":1.4933483703453658,""lambda_phys"":1.978850495021085,""learning_rate"":0.003414342451613588,""loss_data"":""huber"",""lr_scheduler"":""cosine"",""max_epochs"":300,""name"":""TRIAL_0040_TIT_INC"",""nonnegative_output"":false,""optimizer"":""AdamW"",""parameter_sources"":{""activation"":""OPTUNA"",""batch_size"":""OPTUNA"",""dropout"":""OPTUNA"",""fourier_dim"":""FROZEN_R2_SIMPLIFIED_CAMPAIGN"",""fourier_scale"":""FROZEN_R2_SIMPLIFIED_CAMPAIGN"",""gradient_clip"":""FROZEN_R2_SIMPLIFIED_CAMPAIGN"",""hidden_widths"":""OPTUNA"",""huber_delta"":""OPTUNA"",""lambda_phys"":""OPTUNA"",""learning_rate"":""OPTUNA"",""loss_data"":""OPTUNA"",""lr_scheduler"":""FROZEN_R2_SIMPLIFIED_CAMPAIGN"",""max_epochs"":""FROZEN_R2_SIMPLIFIED_CAMPAIGN"",""nonnegative_output"":""FROZEN_R2_SIMPLIFIED_CAMPAIGN"",""optimizer"":""OPTUNA"",""physics_dropout_mode"":""FROZEN_R2_SIMPLIFIED_CAMPAIGN"",""physics_mode"":""FROZEN_R2_SIMPLIFIED_CAMPAIGN"",""physics_penalty"":""FROZEN_R2_SIMPLIFIED_CAMPAIGN"",""physics_real_fraction"":""FROZEN_R2_SIMPLIFIED_CAMPAIGN"",""physics_warmup_fraction"":""FROZEN_R2_SIMPLIFIED_CAMPAIGN"",""synthetic_base_rows"":""OPTUNA"",""synthetic_batch_size"":""FROZEN_R2_SIMPLIFIED_CAMPAIGN"",""synthetic_levels"":""FROZEN_R2_SIMPLIFIED_CAMPAIGN"",""synthetic_local_span_std"":""FROZEN_R2_SIMPLIFIED_CAMPAIGN"",""target_transform"":""OPTUNA"",""tau_softplus"":""FROZEN_R2_SIMPLIFIED_CAMPAIGN"",""weight_decay"":""OPTUNA""},""physics_dropout_mode"":""data_only_dropout"",""physics_mode"":""TIT_INC"",""physics_penalty"":""softplus"",""physics_real_fraction"":0.25,""physics_warmup_fraction"":0.1,""synthetic_base_rows"":64,""synthetic_batch_size"":256,""synthetic_levels"":5,""synthetic_local_span_std"":0.5,""target_transform"":""log1p"",""tau_softplus"":0.05,""weight_decay"":0.0}"
41,COMPLETE,0.3544225557324072,,5.141677006638354,0.6567630373037513,0.5406773761339445,0.6491504069560425,0.21509226340699206,0.23445662011995194,7.000562403691312,100.0,0.0,,2.6106136478209696,d359c15f43cc7203277f7f5eff5bc6580f8c9d56137a9ef57bd9a849f33a3b5d,OPTUNA_FOCUSED_R2,COMPLETE_ALL_WF_FOLDS,False,predictive_only_robust_score,32961,A,NOT_APPLICABLE_FULL_EVAL,96.40789930004394,"{""activation"":""tanh"",""batch_size"":256,""config_source"":""OPTUNA_FOCUSED_R2"",""dropout"":0.15,""fourier_dim"":0,""fourier_scale"":0.05,""gradient_clip"":5.0,""hidden_widths"":[192,160],""huber_delta"":1.4943586685657808,""lambda_phys"":1.3179842541594393,""learning_rate"":0.0011501646317985444,""loss_data"":""huber"",""lr_scheduler"":""cosine"",""max_epochs"":300,""name"":""TRIAL_0041_TIT_INC"",""nonnegative_output"":false,""optimizer"":""NAdam"",""parameter_sources"":{""activation"":""OPTUNA"",""batch_size"":""OPTUNA"",""dropout"":""OPTUNA"",""fourier_dim"":""FROZEN_R2_SIMPLIFIED_CAMPAIGN"",""fourier_scale"":""FROZEN_R2_SIMPLIFIED_CAMPAIGN"",""gradient_clip"":""FROZEN_R2_SIMPLIFIED_CAMPAIGN"",""hidden_widths"":""OPTUNA"",""huber_delta"":""OPTUNA"",""lambda_phys"":""OPTUNA"",""learning_rate"":""OPTUNA"",""loss_data"":""OPTUNA"",""lr_scheduler"":""FROZEN_R2_SIMPLIFIED_CAMPAIGN"",""max_epochs"":""FROZEN_R2_SIMPLIFIED_CAMPAIGN"",""nonnegative_output"":""FROZEN_R2_SIMPLIFIED_CAMPAIGN"",""optimizer"":""OPTUNA"",""physics_dropout_mode"":""FROZEN_R2_SIMPLIFIED_CAMPAIGN"",""physics_mode"":""FROZEN_R2_SIMPLIFIED_CAMPAIGN"",""physics_penalty"":""FROZEN_R2_SIMPLIFIED_CAMPAIGN"",""physics_real_fraction"":""FROZEN_R2_SIMPLIFIED_CAMPAIGN"",""physics_warmup_fraction"":""FROZEN_R2_SIMPLIFIED_CAMPAIGN"",""synthetic_base_rows"":""OPTUNA"",""synthetic_batch_size"":""FROZEN_R2_SIMPLIFIED_CAMPAIGN"",""synthetic_levels"":""FROZEN_R2_SIMPLIFIED_CAMPAIGN"",""synthetic_local_span_std"":""FROZEN_R2_SIMPLIFIED_CAMPAIGN"",""target_transform"":""OPTUNA"",""tau_softplus"":""FROZEN_R2_SIMPLIFIED_CAMPAIGN"",""weight_decay"":""OPTUNA""},""physics_dropout_mode"":""data_only_dropout"",""physics_mode"":""TIT_INC"",""physics_penalty"":""softplus"",""physics_real_fraction"":0.25,""physics_warmup_fraction"":0.1,""synthetic_base_rows"":64,""synthetic_batch_size"":256,""synthetic_levels"":5,""synthetic_local_span_std"":0.5,""target_transform"":""original"",""tau_softplus"":0.05,""weight_decay"":0.0}"
42,COMPLETE,0.2150258924512371,,5.709095753399468,0.6910081087541943,0.47381558894481857,0.670745860585106,0.0001231265280661198,0.33653300535616226,7.329841439694544,82.51953125,17.48046875,,2.9205323996726373,f57e87850c7a5df7dc276196b5c99bce4081f4e36c857bf222a66e609242c39c,OPTUNA_FOCUSED_R2,COMPLETE_ALL_WF_FOLDS,False,predictive_only_robust_score,11201,C,NOT_APPLICABLE_FULL_EVAL,73.63203340000473,"{""activation"":""gelu"",""batch_size"":256,""config_source"":""OPTUNA_FOCUSED_R2"",""dropout"":0.0,""fourier_dim"":0,""fourier_scale"":0.05,""gradient_clip"":5.0,""hidden_widths"":[64,160],""huber_delta"":1.32362910979421,""lambda_phys"":0.42184746311458593,""learning_rate"":0.003443059518787982,""loss_data"":""huber"",""lr_scheduler"":""cosine"",""max_epochs"":300,""name"":""TRIAL_0042_TIT_INC"",""nonnegative_output"":false,""optimizer"":""NAdam"",""parameter_sources"":{""activation"":""OPTUNA"",""batch_size"":""OPTUNA"",""dropout"":""OPTUNA"",""fourier_dim"":""FROZEN_R2_SIMPLIFIED_CAMPAIGN"",""fourier_scale"":""FROZEN_R2_SIMPLIFIED_CAMPAIGN"",""gradient_clip"":""FROZEN_R2_SIMPLIFIED_CAMPAIGN"",""hidden_widths"":""OPTUNA"",""huber_delta"":""OPTUNA"",""lambda_phys"":""OPTUNA"",""learning_rate"":""OPTUNA"",""loss_data"":""OPTUNA"",""lr_scheduler"":""FROZEN_R2_SIMPLIFIED_CAMPAIGN"",""max_epochs"":""FROZEN_R2_SIMPLIFIED_CAMPAIGN"",""nonnegative_output"":""FROZEN_R2_SIMPLIFIED_CAMPAIGN"",""optimizer"":""OPTUNA"",""physics_dropout_mode"":""FROZEN_R2_SIMPLIFIED_CAMPAIGN"",""physics_mode"":""FROZEN_R2_SIMPLIFIED_CAMPAIGN"",""physics_penalty"":""FROZEN_R2_SIMPLIFIED_CAMPAIGN"",""physics_real_fraction"":""FROZEN_R2_SIMPLIFIED_CAMPAIGN"",""physics_warmup_fraction"":""FROZEN_R2_SIMPLIFIED_CAMPAIGN"",""synthetic_base_rows"":""OPTUNA"",""synthetic_batch_size"":""FROZEN_R2_SIMPLIFIED_CAMPAIGN"",""synthetic_levels"":""FROZEN_R2_SIMPLIFIED_CAMPAIGN"",""synthetic_local_span_std"":""FROZEN_R2_SIMPLIFIED_CAMPAIGN"",""target_transform"":""OPTUNA"",""tau_softplus"":""FROZEN_R2_SIMPLIFIED_CAMPAIGN"",""weight_decay"":""OPTUNA""},""physics_dropout_mode"":""data_only_dropout"",""physics_mode"":""TIT_INC"",""physics_penalty"":""softplus"",""physics_real_fraction"":0.25,""physics_warmup_fraction"":0.1,""synthetic_base_rows"":64,""synthetic_batch_size"":256,""synthetic_levels"":5,""synthetic_local_span_std"":0.5,""target_transform"":""original"",""tau_softplus"":0.05,""weight_decay"":0.0}"
43,COMPLETE,0.4235939627896039,,4.864200009607509,0.6373525536658904,0.5738528026121476,0.6733599911823975,0.3056273371216164,0.19175717099300016,6.793894218256974,100.0,0.0,,2.197049200987421,8ee307f41c9694e26e306e79fdf31c85a139ae0f4a444053b3c5e890dcf975c2,OPTUNA_FOCUSED_R2,COMPLETE_ALL_WF_FOLDS,False,predictive_only_robust_score,20545,A,NOT_APPLICABLE_FULL_EVAL,33.020196700003,"{""activation"":""tanh"",""batch_size"":512,""config_source"":""OPTUNA_FOCUSED_R2"",""dropout"":0.0,""fourier_dim"":0,""fourier_scale"":0.05,""gradient_clip"":5.0,""hidden_widths"":[192,96],""huber_delta"":1.4820473130326832,""lambda_phys"":3.327709800423978,""learning_rate"":0.004321979038455791,""loss_data"":""huber"",""lr_scheduler"":""cosine"",""max_epochs"":300,""name"":""TRIAL_0043_TIT_INC"",""nonnegative_output"":false,""optimizer"":""NAdam"",""parameter_sources"":{""activation"":""OPTUNA"",""batch_size"":""OPTUNA"",""dropout"":""OPTUNA"",""fourier_dim"":""FROZEN_R2_SIMPLIFIED_CAMPAIGN"",""fourier_scale"":""FROZEN_R2_SIMPLIFIED_CAMPAIGN"",""gradient_clip"":""FROZEN_R2_SIMPLIFIED_CAMPAIGN"",""hidden_widths"":""OPTUNA"",""huber_delta"":""OPTUNA"",""lambda_phys"":""OPTUNA"",""learning_rate"":""OPTUNA"",""loss_data"":""OPTUNA"",""lr_scheduler"":""FROZEN_R2_SIMPLIFIED_CAMPAIGN"",""max_epochs"":""FROZEN_R2_SIMPLIFIED_CAMPAIGN"",""nonnegative_output"":""FROZEN_R2_SIMPLIFIED_CAMPAIGN"",""optimizer"":""OPTUNA"",""physics_dropout_mode"":""FROZEN_R2_SIMPLIFIED_CAMPAIGN"",""physics_mode"":""FROZEN_R2_SIMPLIFIED_CAMPAIGN"",""physics_penalty"":""FROZEN_R2_SIMPLIFIED_CAMPAIGN"",""physics_real_fraction"":""FROZEN_R2_SIMPLIFIED_CAMPAIGN"",""physics_warmup_fraction"":""FROZEN_R2_SIMPLIFIED_CAMPAIGN"",""synthetic_base_rows"":""OPTUNA"",""synthetic_batch_size"":""FROZEN_R2_SIMPLIFIED_CAMPAIGN"",""synthetic_levels"":""FROZEN_R2_SIMPLIFIED_CAMPAIGN"",""synthetic_local_span_std"":""FROZEN_R2_SIMPLIFIED_CAMPAIGN"",""target_transform"":""OPTUNA"",""tau_softplus"":""FROZEN_R2_SIMPLIFIED_CAMPAIGN"",""weight_decay"":""OPTUNA""},""physics_dropout_mode"":""data_only_dropout"",""physics_mode"":""TIT_INC"",""physics_penalty"":""softplus"",""physics_real_fraction"":0.25,""physics_warmup_fraction"":0.1,""synthetic_base_rows"":64,""synthetic_batch_size"":256,""synthetic_levels"":5,""synthetic_local_span_std"":0.5,""target_transform"":""original"",""tau_softplus"":0.05,""weight_decay"":0.0}"
44,COMPLETE,0.4232614949705165,,5.226858677624192,0.6498056998724042,0.5613055997974469,0.6541675999072281,0.31421840287691205,0.17650386707543814,6.931721699679244,100.0,0.0,,2.039890431124889,dac26b15fbe060e82214fa47cdbdce4cb893a4a120d9b294587f099de5b8fc74,OPTUNA_FOCUSED_R2,COMPLETE_ALL_WF_FOLDS,False,predictive_only_robust_score,43169,A,NOT_APPLICABLE_FULL_EVAL,68.58839429996442,"{""activation"":""tanh"",""batch_size"":256,""config_source"":""OPTUNA_FOCUSED_R2"",""dropout"":0.0,""fourier_dim"":0,""fourier_scale"":0.05,""gradient_clip"":5.0,""hidden_widths"":[192,160,64],""huber_delta"":1.0,""lambda_phys"":3.70617674283856,""learning_rate"":0.0038627860550843494,""loss_data"":""mse"",""lr_scheduler"":""cosine"",""max_epochs"":300,""name"":""TRIAL_0044_TIT_INC"",""nonnegative_output"":false,""optimizer"":""AdamW"",""parameter_sources"":{""activation"":""OPTUNA"",""batch_size"":""OPTUNA"",""dropout"":""OPTUNA"",""fourier_dim"":""FROZEN_R2_SIMPLIFIED_CAMPAIGN"",""fourier_scale"":""FROZEN_R2_SIMPLIFIED_CAMPAIGN"",""gradient_clip"":""FROZEN_R2_SIMPLIFIED_CAMPAIGN"",""hidden_widths"":""OPTUNA"",""huber_delta"":""OPTUNA"",""lambda_phys"":""OPTUNA"",""learning_rate"":""OPTUNA"",""loss_data"":""OPTUNA"",""lr_scheduler"":""FROZEN_R2_SIMPLIFIED_CAMPAIGN"",""max_epochs"":""FROZEN_R2_SIMPLIFIED_CAMPAIGN"",""nonnegative_output"":""FROZEN_R2_SIMPLIFIED_CAMPAIGN"",""optimizer"":""OPTUNA"",""physics_dropout_mode"":""FROZEN_R2_SIMPLIFIED_CAMPAIGN"",""physics_mode"":""FROZEN_R2_SIMPLIFIED_CAMPAIGN"",""physics_penalty"":""FROZEN_R2_SIMPLIFIED_CAMPAIGN"",""physics_real_fraction"":""FROZEN_R2_SIMPLIFIED_CAMPAIGN"",""physics_warmup_fraction"":""FROZEN_R2_SIMPLIFIED_CAMPAIGN"",""synthetic_base_rows"":""OPTUNA"",""synthetic_batch_size"":""FROZEN_R2_SIMPLIFIED_CAMPAIGN"",""synthetic_levels"":""FROZEN_R2_SIMPLIFIED_CAMPAIGN"",""synthetic_local_span_std"":""FROZEN_R2_SIMPLIFIED_CAMPAIGN"",""target_transform"":""OPTUNA"",""tau_softplus"":""FROZEN_R2_SIMPLIFIED_CAMPAIGN"",""weight_decay"":""OPTUNA""},""physics_dropout_mode"":""data_only_dropout"",""physics_mode"":""TIT_INC"",""physics_penalty"":""softplus"",""physics_real_fraction"":0.25,""physics_warmup_fraction"":0.1,""synthetic_base_rows"":64,""synthetic_batch_size"":256,""synthetic_levels"":5,""synthetic_local_span_std"":0.5,""target_transform"":""original"",""tau_softplus"":0.05,""weight_decay"":0.0}"
45,COMPLETE,0.3644726036879337,,5.283054209577443,0.6626441883495026,0.5366444605233989,0.6579395289530265,0.2259514068425873,0.22144545155866516,7.056678398503124,100.0,0.0,,2.501888079215681,0a7fbe4a225011ea34d910ea79fe79a9e81176ea707c8d5880657072ac83a9f2,OPTUNA_FOCUSED_R2,COMPLETE_ALL_WF_FOLDS,False,predictive_only_robust_score,56193,A,NOT_APPLICABLE_FULL_EVAL,45.210129800019786,"{""activation"":""tanh"",""batch_size"":512,""config_source"":""OPTUNA_FOCUSED_R2"",""dropout"":0.0,""fourier_dim"":0,""fourier_scale"":0.05,""gradient_clip"":5.0,""hidden_widths"":[128,160,96,192],""huber_delta"":1.2759326547360388,""lambda_phys"":3.456043650508863,""learning_rate"":0.0037758613719582773,""loss_data"":""huber"",""lr_scheduler"":""cosine"",""max_epochs"":300,""name"":""TRIAL_0045_TIT_INC"",""nonnegative_output"":false,""optimizer"":""AdamW"",""parameter_sources"":{""activation"":""OPTUNA"",""batch_size"":""OPTUNA"",""dropout"":""OPTUNA"",""fourier_dim"":""FROZEN_R2_SIMPLIFIED_CAMPAIGN"",""fourier_scale"":""FROZEN_R2_SIMPLIFIED_CAMPAIGN"",""gradient_clip"":""FROZEN_R2_SIMPLIFIED_CAMPAIGN"",""hidden_widths"":""OPTUNA"",""huber_delta"":""OPTUNA"",""lambda_phys"":""OPTUNA"",""learning_rate"":""OPTUNA"",""loss_data"":""OPTUNA"",""lr_scheduler"":""FROZEN_R2_SIMPLIFIED_CAMPAIGN"",""max_epochs"":""FROZEN_R2_SIMPLIFIED_CAMPAIGN"",""nonnegative_output"":""FROZEN_R2_SIMPLIFIED_CAMPAIGN"",""optimizer"":""OPTUNA"",""physics_dropout_mode"":""FROZEN_R2_SIMPLIFIED_CAMPAIGN"",""physics_mode"":""FROZEN_R2_SIMPLIFIED_CAMPAIGN"",""physics_penalty"":""FROZEN_R2_SIMPLIFIED_CAMPAIGN"",""physics_real_fraction"":""FROZEN_R2_SIMPLIFIED_CAMPAIGN"",""physics_warmup_fraction"":""FROZEN_R2_SIMPLIFIED_CAMPAIGN"",""synthetic_base_rows"":""OPTUNA"",""synthetic_batch_size"":""FROZEN_R2_SIMPLIFIED_CAMPAIGN"",""synthetic_levels"":""FROZEN_R2_SIMPLIFIED_CAMPAIGN"",""synthetic_local_span_std"":""FROZEN_R2_SIMPLIFIED_CAMPAIGN"",""target_transform"":""OPTUNA"",""tau_softplus"":""FROZEN_R2_SIMPLIFIED_CAMPAIGN"",""weight_decay"":""OPTUNA""},""physics_dropout_mode"":""data_only_dropout"",""physics_mode"":""TIT_INC"",""physics_penalty"":""softplus"",""physics_real_fraction"":0.25,""physics_warmup_fraction"":0.1,""synthetic_base_rows"":128,""synthetic_batch_size"":256,""synthetic_levels"":5,""synthetic_local_span_std"":0.5,""target_transform"":""log1p"",""tau_softplus"":0.05,""weight_decay"":7.968278807756015e-06}"
46,COMPLETE,0.4153515969747438,,5.06672212783205,0.640125555639624,0.569766854647897,0.6557791298469196,0.3016669932731232,0.19359023407995646,6.831272490302104,87.744140625,12.255859375,,2.1711592300392595,14b5558dcabc8019638b2b8b3fb708fbab744bce79880756345b7fcb34a68973,OPTUNA_FOCUSED_R2,COMPLETE_ALL_WF_FOLDS,False,predictive_only_robust_score,32961,C,NOT_APPLICABLE_FULL_EVAL,141.64521910005715,"{""activation"":""tanh"",""batch_size"":128,""config_source"":""OPTUNA_FOCUSED_R2"",""dropout"":0.15,""fourier_dim"":0,""fourier_scale"":0.05,""gradient_clip"":5.0,""hidden_widths"":[192,160],""huber_delta"":1.0,""lambda_phys"":0.6573043152854674,""learning_rate"":0.004688433550353086,""loss_data"":""mse"",""lr_scheduler"":""cosine"",""max_epochs"":300,""name"":""TRIAL_0046_TIT_INC"",""nonnegative_output"":false,""optimizer"":""NAdam"",""parameter_sources"":{""activation"":""OPTUNA"",""batch_size"":""OPTUNA"",""dropout"":""OPTUNA"",""fourier_dim"":""FROZEN_R2_SIMPLIFIED_CAMPAIGN"",""fourier_scale"":""FROZEN_R2_SIMPLIFIED_CAMPAIGN"",""gradient_clip"":""FROZEN_R2_SIMPLIFIED_CAMPAIGN"",""hidden_widths"":""OPTUNA"",""huber_delta"":""OPTUNA"",""lambda_phys"":""OPTUNA"",""learning_rate"":""OPTUNA"",""loss_data"":""OPTUNA"",""lr_scheduler"":""FROZEN_R2_SIMPLIFIED_CAMPAIGN"",""max_epochs"":""FROZEN_R2_SIMPLIFIED_CAMPAIGN"",""nonnegative_output"":""FROZEN_R2_SIMPLIFIED_CAMPAIGN"",""optimizer"":""OPTUNA"",""physics_dropout_mode"":""FROZEN_R2_SIMPLIFIED_CAMPAIGN"",""physics_mode"":""FROZEN_R2_SIMPLIFIED_CAMPAIGN"",""physics_penalty"":""FROZEN_R2_SIMPLIFIED_CAMPAIGN"",""physics_real_fraction"":""FROZEN_R2_SIMPLIFIED_CAMPAIGN"",""physics_warmup_fraction"":""FROZEN_R2_SIMPLIFIED_CAMPAIGN"",""synthetic_base_rows"":""OPTUNA"",""synthetic_batch_size"":""FROZEN_R2_SIMPLIFIED_CAMPAIGN"",""synthetic_levels"":""FROZEN_R2_SIMPLIFIED_CAMPAIGN"",""synthetic_local_span_std"":""FROZEN_R2_SIMPLIFIED_CAMPAIGN"",""target_transform"":""OPTUNA"",""tau_softplus"":""FROZEN_R2_SIMPLIFIED_CAMPAIGN"",""weight_decay"":""OPTUNA""},""physics_dropout_mode"":""data_only_dropout"",""physics_mode"":""TIT_INC"",""physics_penalty"":""softplus"",""physics_real_fraction"":0.25,""physics_warmup_fraction"":0.1,""synthetic_base_rows"":64,""synthetic_batch_size"":256,""synthetic_levels"":5,""synthetic_local_span_std"":0.5,""target_transform"":""original"",""tau_softplus"":0.05,""weight_decay"":0.0}"
47,COMPLETE,0.3108949682155952,,5.167320415826748,0.6703625766175939,0.5174736240555902,0.6539044189437133,0.1488847020668015,0.26354541113158675,7.134080033133727,95.556640625,4.443359375,,1.8539562176714321,305155c631a3886878f611813ffa3a735d83bc0429a364c13f0f89b5e2a1dcc0,OPTUNA_FOCUSED_R2,COMPLETE_ALL_WF_FOLDS,False,predictive_only_robust_score,78433,B,NOT_APPLICABLE_FULL_EVAL,130.41423530003522,"{""activation"":""silu"",""batch_size"":256,""config_source"":""OPTUNA_FOCUSED_R2"",""dropout"":0.03,""fourier_dim"":0,""fourier_scale"":0.05,""gradient_clip"":5.0,""hidden_widths"":[96,160,192,160],""huber_delta"":1.4936079595877774,""lambda_phys"":1.0054663319934196,""learning_rate"":0.0029590075480563282,""loss_data"":""huber"",""lr_scheduler"":""cosine"",""max_epochs"":300,""name"":""TRIAL_0047_TIT_INC"",""nonnegative_output"":false,""optimizer"":""AdamW"",""parameter_sources"":{""activation"":""OPTUNA"",""batch_size"":""OPTUNA"",""dropout"":""OPTUNA"",""fourier_dim"":""FROZEN_R2_SIMPLIFIED_CAMPAIGN"",""fourier_scale"":""FROZEN_R2_SIMPLIFIED_CAMPAIGN"",""gradient_clip"":""FROZEN_R2_SIMPLIFIED_CAMPAIGN"",""hidden_widths"":""OPTUNA"",""huber_delta"":""OPTUNA"",""lambda_phys"":""OPTUNA"",""learning_rate"":""OPTUNA"",""loss_data"":""OPTUNA"",""lr_scheduler"":""FROZEN_R2_SIMPLIFIED_CAMPAIGN"",""max_epochs"":""FROZEN_R2_SIMPLIFIED_CAMPAIGN"",""nonnegative_output"":""FROZEN_R2_SIMPLIFIED_CAMPAIGN"",""optimizer"":""OPTUNA"",""physics_dropout_mode"":""FROZEN_R2_SIMPLIFIED_CAMPAIGN"",""physics_mode"":""FROZEN_R2_SIMPLIFIED_CAMPAIGN"",""physics_penalty"":""FROZEN_R2_SIMPLIFIED_CAMPAIGN"",""physics_real_fraction"":""FROZEN_R2_SIMPLIFIED_CAMPAIGN"",""physics_warmup_fraction"":""FROZEN_R2_SIMPLIFIED_CAMPAIGN"",""synthetic_base_rows"":""OPTUNA"",""synthetic_batch_size"":""FROZEN_R2_SIMPLIFIED_CAMPAIGN"",""synthetic_levels"":""FROZEN_R2_SIMPLIFIED_CAMPAIGN"",""synthetic_local_span_std"":""FROZEN_R2_SIMPLIFIED_CAMPAIGN"",""target_transform"":""OPTUNA"",""tau_softplus"":""FROZEN_R2_SIMPLIFIED_CAMPAIGN"",""weight_decay"":""OPTUNA""},""physics_dropout_mode"":""data_only_dropout"",""physics_mode"":""TIT_INC"",""physics_penalty"":""softplus"",""physics_real_fraction"":0.25,""physics_warmup_fraction"":0.1,""synthetic_base_rows"":256,""synthetic_batch_size"":256,""synthetic_levels"":5,""synthetic_local_span_std"":0.5,""target_transform"":""log1p"",""tau_softplus"":0.05,""weight_decay"":7.350876168105681e-05}"
48,COMPLETE,0.22944815062804927,,5.571581982985232,0.6848132508411552,0.48366483826929363,0.6641908252237874,0.024260674001794436,0.32731985167092936,7.270978423058119,92.96875,7.03125,,3.116340185960904,c6bb415fe153aba5131595cf1905ee64e2367089c8902e95e2860a819988f96e,OPTUNA_FOCUSED_R2,COMPLETE_ALL_WF_FOLDS,False,predictive_only_robust_score,53537,C,NOT_APPLICABLE_FULL_EVAL,81.56861710001249,"{""activation"":""silu"",""batch_size"":256,""config_source"":""OPTUNA_FOCUSED_R2"",""dropout"":0.15,""fourier_dim"":0,""fourier_scale"":0.05,""gradient_clip"":5.0,""hidden_widths"":[192,160,128],""huber_delta"":1.2540748836020719,""lambda_phys"":0.5104139632829854,""learning_rate"":0.0041446656512012766,""loss_data"":""huber"",""lr_scheduler"":""cosine"",""max_epochs"":300,""name"":""TRIAL_0048_TIT_INC"",""nonnegative_output"":false,""optimizer"":""AdamW"",""parameter_sources"":{""activation"":""OPTUNA"",""batch_size"":""OPTUNA"",""dropout"":""OPTUNA"",""fourier_dim"":""FROZEN_R2_SIMPLIFIED_CAMPAIGN"",""fourier_scale"":""FROZEN_R2_SIMPLIFIED_CAMPAIGN"",""gradient_clip"":""FROZEN_R2_SIMPLIFIED_CAMPAIGN"",""hidden_widths"":""OPTUNA"",""huber_delta"":""OPTUNA"",""lambda_phys"":""OPTUNA"",""learning_rate"":""OPTUNA"",""loss_data"":""OPTUNA"",""lr_scheduler"":""FROZEN_R2_SIMPLIFIED_CAMPAIGN"",""max_epochs"":""FROZEN_R2_SIMPLIFIED_CAMPAIGN"",""nonnegative_output"":""FROZEN_R2_SIMPLIFIED_CAMPAIGN"",""optimizer"":""OPTUNA"",""physics_dropout_mode"":""FROZEN_R2_SIMPLIFIED_CAMPAIGN"",""physics_mode"":""FROZEN_R2_SIMPLIFIED_CAMPAIGN"",""physics_penalty"":""FROZEN_R2_SIMPLIFIED_CAMPAIGN"",""physics_real_fraction"":""FROZEN_R2_SIMPLIFIED_CAMPAIGN"",""physics_warmup_fraction"":""FROZEN_R2_SIMPLIFIED_CAMPAIGN"",""synthetic_base_rows"":""OPTUNA"",""synthetic_batch_size"":""FROZEN_R2_SIMPLIFIED_CAMPAIGN"",""synthetic_levels"":""FROZEN_R2_SIMPLIFIED_CAMPAIGN"",""synthetic_local_span_std"":""FROZEN_R2_SIMPLIFIED_CAMPAIGN"",""target_transform"":""OPTUNA"",""tau_softplus"":""FROZEN_R2_SIMPLIFIED_CAMPAIGN"",""weight_decay"":""OPTUNA""},""physics_dropout_mode"":""data_only_dropout"",""physics_mode"":""TIT_INC"",""physics_penalty"":""softplus"",""physics_real_fraction"":0.25,""physics_warmup_fraction"":0.1,""synthetic_base_rows"":256,""synthetic_batch_size"":256,""synthetic_levels"":5,""synthetic_local_span_std"":0.5,""target_transform"":""original"",""tau_softplus"":0.05,""weight_decay"":0.0}"
49,COMPLETE,0.18055375023027398,,5.725335444042379,0.6954491775859223,0.4608820081675686,0.66630493802984,-0.04862335961926045,0.36251916223878616,7.375562272836336,92.724609375,7.275390625,,3.019588390857765,206511ba7366eda7b86469e258e770ef7a1dc60e92e8cb17ac56f0b4bb5be273,OPTUNA_FOCUSED_R2,COMPLETE_ALL_WF_FOLDS,False,predictive_only_robust_score,22081,C,NOT_APPLICABLE_FULL_EVAL,84.44327979994705,"{""activation"":""silu"",""batch_size"":256,""config_source"":""OPTUNA_FOCUSED_R2"",""dropout"":0.15,""fourier_dim"":0,""fourier_scale"":0.05,""gradient_clip"":5.0,""hidden_widths"":[128,160],""huber_delta"":1.3405589666132127,""lambda_phys"":0.42134819537063084,""learning_rate"":0.005618017751771514,""loss_data"":""huber"",""lr_scheduler"":""cosine"",""max_epochs"":300,""name"":""TRIAL_0049_TIT_INC"",""nonnegative_output"":false,""optimizer"":""NAdam"",""parameter_sources"":{""activation"":""OPTUNA"",""batch_size"":""OPTUNA"",""dropout"":""OPTUNA"",""fourier_dim"":""FROZEN_R2_SIMPLIFIED_CAMPAIGN"",""fourier_scale"":""FROZEN_R2_SIMPLIFIED_CAMPAIGN"",""gradient_clip"":""FROZEN_R2_SIMPLIFIED_CAMPAIGN"",""hidden_widths"":""OPTUNA"",""huber_delta"":""OPTUNA"",""lambda_phys"":""OPTUNA"",""learning_rate"":""OPTUNA"",""loss_data"":""OPTUNA"",""lr_scheduler"":""FROZEN_R2_SIMPLIFIED_CAMPAIGN"",""max_epochs"":""FROZEN_R2_SIMPLIFIED_CAMPAIGN"",""nonnegative_output"":""FROZEN_R2_SIMPLIFIED_CAMPAIGN"",""optimizer"":""OPTUNA"",""physics_dropout_mode"":""FROZEN_R2_SIMPLIFIED_CAMPAIGN"",""physics_mode"":""FROZEN_R2_SIMPLIFIED_CAMPAIGN"",""physics_penalty"":""FROZEN_R2_SIMPLIFIED_CAMPAIGN"",""physics_real_fraction"":""FROZEN_R2_SIMPLIFIED_CAMPAIGN"",""physics_warmup_fraction"":""FROZEN_R2_SIMPLIFIED_CAMPAIGN"",""synthetic_base_rows"":""OPTUNA"",""synthetic_batch_size"":""FROZEN_R2_SIMPLIFIED_CAMPAIGN"",""synthetic_levels"":""FROZEN_R2_SIMPLIFIED_CAMPAIGN"",""synthetic_local_span_std"":""FROZEN_R2_SIMPLIFIED_CAMPAIGN"",""target_transform"":""OPTUNA"",""tau_softplus"":""FROZEN_R2_SIMPLIFIED_CAMPAIGN"",""weight_decay"":""OPTUNA""},""physics_dropout_mode"":""data_only_dropout"",""physics_mode"":""TIT_INC"",""physics_penalty"":""softplus"",""physics_real_fraction"":0.25,""physics_warmup_fraction"":0.1,""synthetic_base_rows"":64,""synthetic_batch_size"":256,""synthetic_levels"":5,""synthetic_local_span_std"":0.5,""target_transform"":""log1p"",""tau_softplus"":0.05,""weight_decay"":0.0}"
50,COMPLETE,0.3768144145985854,,5.231444354348787,0.659746645303445,0.5424528770325151,0.6418382863347032,0.25154798143176293,0.20911147864134885,7.036558445619825,99.609375,0.390625,,2.5768795263652597,00364936d1dd891005925c19db37c0ea0a7ba6854672f9751d04adeeb7d5a705,OPTUNA_FOCUSED_R2,COMPLETE_ALL_WF_FOLDS,False,predictive_only_robust_score,63905,A,NOT_APPLICABLE_FULL_EVAL,79.40242270001909,"{""activation"":""tanh"",""batch_size"":256,""config_source"":""OPTUNA_FOCUSED_R2"",""dropout"":0.15,""fourier_dim"":0,""fourier_scale"":0.05,""gradient_clip"":5.0,""hidden_widths"":[192,160,192],""huber_delta"":1.494378523972598,""lambda_phys"":1.1708680205671358,""learning_rate"":0.003959216297137133,""loss_data"":""huber"",""lr_scheduler"":""cosine"",""max_epochs"":300,""name"":""TRIAL_0050_TIT_INC"",""nonnegative_output"":false,""optimizer"":""AdamW"",""parameter_sources"":{""activation"":""OPTUNA"",""batch_size"":""OPTUNA"",""dropout"":""OPTUNA"",""fourier_dim"":""FROZEN_R2_SIMPLIFIED_CAMPAIGN"",""fourier_scale"":""FROZEN_R2_SIMPLIFIED_CAMPAIGN"",""gradient_clip"":""FROZEN_R2_SIMPLIFIED_CAMPAIGN"",""hidden_widths"":""OPTUNA"",""huber_delta"":""OPTUNA"",""lambda_phys"":""OPTUNA"",""learning_rate"":""OPTUNA"",""loss_data"":""OPTUNA"",""lr_scheduler"":""FROZEN_R2_SIMPLIFIED_CAMPAIGN"",""max_epochs"":""FROZEN_R2_SIMPLIFIED_CAMPAIGN"",""nonnegative_output"":""FROZEN_R2_SIMPLIFIED_CAMPAIGN"",""optimizer"":""OPTUNA"",""physics_dropout_mode"":""FROZEN_R2_SIMPLIFIED_CAMPAIGN"",""physics_mode"":""FROZEN_R2_SIMPLIFIED_CAMPAIGN"",""physics_penalty"":""FROZEN_R2_SIMPLIFIED_CAMPAIGN"",""physics_real_fraction"":""FROZEN_R2_SIMPLIFIED_CAMPAIGN"",""physics_warmup_fraction"":""FROZEN_R2_SIMPLIFIED_CAMPAIGN"",""synthetic_base_rows"":""OPTUNA"",""synthetic_batch_size"":""FROZEN_R2_SIMPLIFIED_CAMPAIGN"",""synthetic_levels"":""FROZEN_R2_SIMPLIFIED_CAMPAIGN"",""synthetic_local_span_std"":""FROZEN_R2_SIMPLIFIED_CAMPAIGN"",""target_transform"":""OPTUNA"",""tau_softplus"":""FROZEN_R2_SIMPLIFIED_CAMPAIGN"",""weight_decay"":""OPTUNA""},""physics_dropout_mode"":""data_only_dropout"",""physics_mode"":""TIT_INC"",""physics_penalty"":""softplus"",""physics_real_fraction"":0.25,""physics_warmup_fraction"":0.1,""synthetic_base_rows"":64,""synthetic_batch_size"":256,""synthetic_levels"":5,""synthetic_local_span_std"":0.5,""target_transform"":""original"",""tau_softplus"":0.05,""weight_decay"":7.658225197075462e-06}"
51,COMPLETE,0.17127997915813062,,5.842122192015419,0.7035792195559045,0.45079193260365275,0.6576306869526052,-0.05815185595135186,0.3619730661720507,7.462833253617962,79.833984375,20.166015625,,2.7782960425606196,0bf3ef7b60f239f95d42e1f1b2fc9b2ead528af7e1e38b0191426eabd43daf13,OPTUNA_FOCUSED_R2,COMPLETE_ALL_WF_FOLDS,False,predictive_only_robust_score,20545,C,NOT_APPLICABLE_FULL_EVAL,94.02020410000114,"{""activation"":""silu"",""batch_size"":256,""config_source"":""OPTUNA_FOCUSED_R2"",""dropout"":0.03,""fourier_dim"":0,""fourier_scale"":0.05,""gradient_clip"":5.0,""hidden_widths"":[192,96],""huber_delta"":1.2070757387939863,""lambda_phys"":0.23327798908219605,""learning_rate"":0.005564043955727793,""loss_data"":""huber"",""lr_scheduler"":""cosine"",""max_epochs"":300,""name"":""TRIAL_0051_TIT_INC"",""nonnegative_output"":false,""optimizer"":""AdamW"",""parameter_sources"":{""activation"":""OPTUNA"",""batch_size"":""OPTUNA"",""dropout"":""OPTUNA"",""fourier_dim"":""FROZEN_R2_SIMPLIFIED_CAMPAIGN"",""fourier_scale"":""FROZEN_R2_SIMPLIFIED_CAMPAIGN"",""gradient_clip"":""FROZEN_R2_SIMPLIFIED_CAMPAIGN"",""hidden_widths"":""OPTUNA"",""huber_delta"":""OPTUNA"",""lambda_phys"":""OPTUNA"",""learning_rate"":""OPTUNA"",""loss_data"":""OPTUNA"",""lr_scheduler"":""FROZEN_R2_SIMPLIFIED_CAMPAIGN"",""max_epochs"":""FROZEN_R2_SIMPLIFIED_CAMPAIGN"",""nonnegative_output"":""FROZEN_R2_SIMPLIFIED_CAMPAIGN"",""optimizer"":""OPTUNA"",""physics_dropout_mode"":""FROZEN_R2_SIMPLIFIED_CAMPAIGN"",""physics_mode"":""FROZEN_R2_SIMPLIFIED_CAMPAIGN"",""physics_penalty"":""FROZEN_R2_SIMPLIFIED_CAMPAIGN"",""physics_real_fraction"":""FROZEN_R2_SIMPLIFIED_CAMPAIGN"",""physics_warmup_fraction"":""FROZEN_R2_SIMPLIFIED_CAMPAIGN"",""synthetic_base_rows"":""OPTUNA"",""synthetic_batch_size"":""FROZEN_R2_SIMPLIFIED_CAMPAIGN"",""synthetic_levels"":""FROZEN_R2_SIMPLIFIED_CAMPAIGN"",""synthetic_local_span_std"":""FROZEN_R2_SIMPLIFIED_CAMPAIGN"",""target_transform"":""OPTUNA"",""tau_softplus"":""FROZEN_R2_SIMPLIFIED_CAMPAIGN"",""weight_decay"":""OPTUNA""},""physics_dropout_mode"":""data_only_dropout"",""physics_mode"":""TIT_INC"",""physics_penalty"":""softplus"",""physics_real_fraction"":0.25,""physics_warmup_fraction"":0.1,""synthetic_base_rows"":128,""synthetic_batch_size"":256,""synthetic_levels"":5,""synthetic_local_span_std"":0.5,""target_transform"":""original"",""tau_softplus"":0.05,""weight_decay"":0.0}"
52,COMPLETE,0.36130327784185595,,5.127361799294538,0.6507527994005755,0.5479156457464828,0.6598543487141273,0.22018960377603358,0.2355835361265062,6.933817610236559,91.064453125,8.935546875,,2.505547686469316,5d4de7cd6c908424c53c0881a58ca26f5694df0b5e9301f656347eac44778fac,OPTUNA_FOCUSED_R2,COMPLETE_ALL_WF_FOLDS,False,predictive_only_robust_score,39169,C,NOT_APPLICABLE_FULL_EVAL,85.70198280003387,"{""activation"":""tanh"",""batch_size"":256,""config_source"":""OPTUNA_FOCUSED_R2"",""dropout"":0.15,""fourier_dim"":0,""fourier_scale"":0.05,""gradient_clip"":5.0,""hidden_widths"":[192,192],""huber_delta"":1.0,""lambda_phys"":0.30574346986198736,""learning_rate"":0.005548737504756295,""loss_data"":""mse"",""lr_scheduler"":""cosine"",""max_epochs"":300,""name"":""TRIAL_0052_TIT_INC"",""nonnegative_output"":false,""optimizer"":""AdamW"",""parameter_sources"":{""activation"":""OPTUNA"",""batch_size"":""OPTUNA"",""dropout"":""OPTUNA"",""fourier_dim"":""FROZEN_R2_SIMPLIFIED_CAMPAIGN"",""fourier_scale"":""FROZEN_R2_SIMPLIFIED_CAMPAIGN"",""gradient_clip"":""FROZEN_R2_SIMPLIFIED_CAMPAIGN"",""hidden_widths"":""OPTUNA"",""huber_delta"":""OPTUNA"",""lambda_phys"":""OPTUNA"",""learning_rate"":""OPTUNA"",""loss_data"":""OPTUNA"",""lr_scheduler"":""FROZEN_R2_SIMPLIFIED_CAMPAIGN"",""max_epochs"":""FROZEN_R2_SIMPLIFIED_CAMPAIGN"",""nonnegative_output"":""FROZEN_R2_SIMPLIFIED_CAMPAIGN"",""optimizer"":""OPTUNA"",""physics_dropout_mode"":""FROZEN_R2_SIMPLIFIED_CAMPAIGN"",""physics_mode"":""FROZEN_R2_SIMPLIFIED_CAMPAIGN"",""physics_penalty"":""FROZEN_R2_SIMPLIFIED_CAMPAIGN"",""physics_real_fraction"":""FROZEN_R2_SIMPLIFIED_CAMPAIGN"",""physics_warmup_fraction"":""FROZEN_R2_SIMPLIFIED_CAMPAIGN"",""synthetic_base_rows"":""OPTUNA"",""synthetic_batch_size"":""FROZEN_R2_SIMPLIFIED_CAMPAIGN"",""synthetic_levels"":""FROZEN_R2_SIMPLIFIED_CAMPAIGN"",""synthetic_local_span_std"":""FROZEN_R2_SIMPLIFIED_CAMPAIGN"",""target_transform"":""OPTUNA"",""tau_softplus"":""FROZEN_R2_SIMPLIFIED_CAMPAIGN"",""weight_decay"":""OPTUNA""},""physics_dropout_mode"":""data_only_dropout"",""physics_mode"":""TIT_INC"",""physics_penalty"":""softplus"",""physics_real_fraction"":0.25,""physics_warmup_fraction"":0.1,""synthetic_base_rows"":128,""synthetic_batch_size"":256,""synthetic_levels"":5,""synthetic_local_span_std"":0.5,""target_transform"":""original"",""tau_softplus"":0.05,""weight_decay"":0.0}"
53,COMPLETE,0.31496353689145645,,5.270715166453299,0.6676673726660391,0.5211843189740706,0.6468840534330439,0.1580934299683583,0.2607616901687878,7.1105520064044425,100.0,0.0,,3.084284551269988,a7b73dae86babae79f0c74740e3194418f69f4bad4e2f3c9e4cb1f8376a1154a,OPTUNA_FOCUSED_R2,COMPLETE_ALL_WF_FOLDS,False,predictive_only_robust_score,20545,A,NOT_APPLICABLE_FULL_EVAL,40.512884599971585,"{""activation"":""tanh"",""batch_size"":512,""config_source"":""OPTUNA_FOCUSED_R2"",""dropout"":0.15,""fourier_dim"":0,""fourier_scale"":0.05,""gradient_clip"":5.0,""hidden_widths"":[192,96],""huber_delta"":1.2407521677526137,""lambda_phys"":0.3465858515351512,""learning_rate"":0.0032937735807038026,""loss_data"":""huber"",""lr_scheduler"":""cosine"",""max_epochs"":300,""name"":""TRIAL_0053_TIT_INC"",""nonnegative_output"":false,""optimizer"":""AdamW"",""parameter_sources"":{""activation"":""OPTUNA"",""batch_size"":""OPTUNA"",""dropout"":""OPTUNA"",""fourier_dim"":""FROZEN_R2_SIMPLIFIED_CAMPAIGN"",""fourier_scale"":""FROZEN_R2_SIMPLIFIED_CAMPAIGN"",""gradient_clip"":""FROZEN_R2_SIMPLIFIED_CAMPAIGN"",""hidden_widths"":""OPTUNA"",""huber_delta"":""OPTUNA"",""lambda_phys"":""OPTUNA"",""learning_rate"":""OPTUNA"",""loss_data"":""OPTUNA"",""lr_scheduler"":""FROZEN_R2_SIMPLIFIED_CAMPAIGN"",""max_epochs"":""FROZEN_R2_SIMPLIFIED_CAMPAIGN"",""nonnegative_output"":""FROZEN_R2_SIMPLIFIED_CAMPAIGN"",""optimizer"":""OPTUNA"",""physics_dropout_mode"":""FROZEN_R2_SIMPLIFIED_CAMPAIGN"",""physics_mode"":""FROZEN_R2_SIMPLIFIED_CAMPAIGN"",""physics_penalty"":""FROZEN_R2_SIMPLIFIED_CAMPAIGN"",""physics_real_fraction"":""FROZEN_R2_SIMPLIFIED_CAMPAIGN"",""physics_warmup_fraction"":""FROZEN_R2_SIMPLIFIED_CAMPAIGN"",""synthetic_base_rows"":""OPTUNA"",""synthetic_batch_size"":""FROZEN_R2_SIMPLIFIED_CAMPAIGN"",""synthetic_levels"":""FROZEN_R2_SIMPLIFIED_CAMPAIGN"",""synthetic_local_span_std"":""FROZEN_R2_SIMPLIFIED_CAMPAIGN"",""target_transform"":""OPTUNA"",""tau_softplus"":""FROZEN_R2_SIMPLIFIED_CAMPAIGN"",""weight_decay"":""OPTUNA""},""physics_dropout_mode"":""data_only_dropout"",""physics_mode"":""TIT_INC"",""physics_penalty"":""softplus"",""physics_real_fraction"":0.25,""physics_warmup_fraction"":0.1,""synthetic_base_rows"":128,""synthetic_batch_size"":256,""synthetic_levels"":5,""synthetic_local_span_std"":0.5,""target_transform"":""original"",""tau_softplus"":0.05,""weight_decay"":0.0}"
54,COMPLETE,0.36103644765596177,,5.108222765025201,0.6513066180992594,0.5473877730015649,0.6545469633221274,0.22227245384178673,0.23429890945904958,6.942334472146361,100.0,0.0,,2.413328070233885,4f6f279f5345d9a888eedae9608fdd5449e8bdcb5019ca67c5ff955146cdd24e,OPTUNA_FOCUSED_R2,COMPLETE_ALL_WF_FOLDS,False,predictive_only_robust_score,7233,A,NOT_APPLICABLE_FULL_EVAL,91.66803290008102,"{""activation"":""tanh"",""batch_size"":256,""config_source"":""OPTUNA_FOCUSED_R2"",""dropout"":0.15,""fourier_dim"":0,""fourier_scale"":0.05,""gradient_clip"":5.0,""hidden_widths"":[96,64],""huber_delta"":1.3074929600927463,""lambda_phys"":2.2387842554289925,""learning_rate"":0.0035377412688812355,""loss_data"":""huber"",""lr_scheduler"":""cosine"",""max_epochs"":300,""name"":""TRIAL_0054_TIT_INC"",""nonnegative_output"":false,""optimizer"":""NAdam"",""parameter_sources"":{""activation"":""OPTUNA"",""batch_size"":""OPTUNA"",""dropout"":""OPTUNA"",""fourier_dim"":""FROZEN_R2_SIMPLIFIED_CAMPAIGN"",""fourier_scale"":""FROZEN_R2_SIMPLIFIED_CAMPAIGN"",""gradient_clip"":""FROZEN_R2_SIMPLIFIED_CAMPAIGN"",""hidden_widths"":""OPTUNA"",""huber_delta"":""OPTUNA"",""lambda_phys"":""OPTUNA"",""learning_rate"":""OPTUNA"",""loss_data"":""OPTUNA"",""lr_scheduler"":""FROZEN_R2_SIMPLIFIED_CAMPAIGN"",""max_epochs"":""FROZEN_R2_SIMPLIFIED_CAMPAIGN"",""nonnegative_output"":""FROZEN_R2_SIMPLIFIED_CAMPAIGN"",""optimizer"":""OPTUNA"",""physics_dropout_mode"":""FROZEN_R2_SIMPLIFIED_CAMPAIGN"",""physics_mode"":""FROZEN_R2_SIMPLIFIED_CAMPAIGN"",""physics_penalty"":""FROZEN_R2_SIMPLIFIED_CAMPAIGN"",""physics_real_fraction"":""FROZEN_R2_SIMPLIFIED_CAMPAIGN"",""physics_warmup_fraction"":""FROZEN_R2_SIMPLIFIED_CAMPAIGN"",""synthetic_base_rows"":""OPTUNA"",""synthetic_batch_size"":""FROZEN_R2_SIMPLIFIED_CAMPAIGN"",""synthetic_levels"":""FROZEN_R2_SIMPLIFIED_CAMPAIGN"",""synthetic_local_span_std"":""FROZEN_R2_SIMPLIFIED_CAMPAIGN"",""target_transform"":""OPTUNA"",""tau_softplus"":""FROZEN_R2_SIMPLIFIED_CAMPAIGN"",""weight_decay"":""OPTUNA""},""physics_dropout_mode"":""data_only_dropout"",""physics_mode"":""TIT_INC"",""physics_penalty"":""softplus"",""physics_real_fraction"":0.25,""physics_warmup_fraction"":0.1,""synthetic_base_rows"":128,""synthetic_batch_size"":256,""synthetic_levels"":5,""synthetic_local_span_std"":0.5,""target_transform"":""original"",""tau_softplus"":0.05,""weight_decay"":0.0}"
