trial_number,status,fold,seed,N_train,N_validation,train_signature,validation_signature,worker_pid,worker_wall_time_s,worker_peak_gpu_allocated_gb,worker_peak_gpu_reserved_gb,worker_runtime_signature,worker_tf32_matmul,worker_tf32_cudnn,worker_deterministic_algorithms,worker_inner_threads,R2,RMSE,MAE,NRMSE_range,NRMSE_std,bias,residual_std,pearson_r,slope,intercept,negative_prediction_pct,active_tit_pcd_pct,active_tit_violation_pct,active_tit_near_zero_pct,dNOx_dTIT_phys_mean,dNOx_dTIT_phys_median,dNOx_dTIT_phys_q05,dNOx_dTIT_phys_q95,g_star_mean,g_star_median,g_star_q05,g_star_q95,diagnostic_only_cdp_negative_gradient_pct,diagnostic_only_cdp_positive_gradient_pct,diagnostic_only_cdp_near_zero_pct,diagnostic_only_dNOx_dCDP_median,best_epoch,parameter_count,training_time_s,effective_batch_size,physics_evaluation_rows,physics_evaluation_sampling,synthetic_attempted,synthetic_accepted,synthetic_acceptance_pct,knn_threshold,knn_k,knn_quantile,train_kth_at_protocol_quantile
0,COMPLETE,0,42,7411,7628,0b635fc68d95b6725e8cb8631c0afc750a22848a83c6a7d4d0d6c52e71d716ca,dab7ccd15b70d58d5849e1aae253e71366303eb268a524063b3ba4fe47d4f016,42752,9.07389709999552,0.029930591583251953,0.05078125,14269c18e6a56f09985dea654338c0b32f5e417a5600e334e252b0c1bbf8bd28,True,True,True,1,0.7413169518175181,5.2001533957627215,3.8137414374148966,0.06657218983828389,0.5085755950489211,0.6485077093331427,5.159895682852518,0.864920190250086,0.7027562359359775,21.095598638284397,0.0,99.560546875,0.439453125,0.0,0.3161928355693817,0.3181040585041046,0.16250233352184296,0.46341192722320557,0.3161928355693817,0.3181040585041046,0.16250233352184296,0.46341192722320557,99.21875,0.78125,0.0,-2.1413683891296387,20,76273,9.073546900006477,512,2048,deterministic_evenly_spaced_full_fold,1280,1275,99.609375,1.4832095268464458,20,0.99,1.4832095268464458
0,COMPLETE,1,42,15039,7152,31859ee24a2323f137f4e1bd7bb091f135f0d0c7cc2377d4e74235f7e3443de0,633459e67fe1ae24844bbffd3ed05fe9d35993d6c1089e67f3abb6a8ef32d641,44448,37.51924529997632,0.029571533203125,0.05078125,14269c18e6a56f09985dea654338c0b32f5e417a5600e334e252b0c1bbf8bd28,True,True,True,1,0.640878057344417,7.2196233211939616,5.246147689669991,0.09411334799952271,0.5992259422421518,-1.9259117652372493,6.958490855772446,0.8164264366283629,0.6754393819545738,20.795895163338223,0.0,100.0,0.0,0.0,0.6602129936218262,0.5597503185272217,0.21442529559135437,1.4894957542419434,0.6602129936218262,0.5597503185272217,0.21442529559135437,1.4894957542419434,71.09375,28.90625,0.0,-1.2761752605438232,160,76273,37.518944899959024,512,2048,deterministic_evenly_spaced_full_fold,1280,1269,99.140625,1.598838673557433,20,0.99,1.598838673557433
0,COMPLETE,2,42,22191,7158,253e74b88bf1d5cb90464ade1e9a8dded9e64fe77e1fa6d7dc7b265785fec5f1,640b3d3af9a8eedaeecdab6c360d79d435ac5edf0b9973043bcfd7c57bb9a14a,40640,30.9522315999493,0.02989959716796875,0.05078125,14269c18e6a56f09985dea654338c0b32f5e417a5600e334e252b0c1bbf8bd28,True,True,True,1,0.3957699602083863,7.750706740096309,5.5539392941355805,0.08490482417417466,0.7772680532108159,3.7093233781075403,6.805941980881912,0.7520736455752832,0.6989958515995999,21.789705205781296,0.0,99.90234375,0.09765625,0.0,0.4700859785079956,0.4350859224796295,0.12846378982067108,0.9615388512611389,0.4700859785079956,0.4350859224796295,0.12846378982067108,0.9615388512611389,75.87890625,24.12109375,0.0,-1.7979629039764404,55,76273,30.951899500039872,512,2048,deterministic_evenly_spaced_full_fold,1280,1259,98.359375,1.425508144193831,20,0.99,1.425508144193831
1,COMPLETE,0,42,7411,7628,0b635fc68d95b6725e8cb8631c0afc750a22848a83c6a7d4d0d6c52e71d716ca,dab7ccd15b70d58d5849e1aae253e71366303eb268a524063b3ba4fe47d4f016,42752,14.55520310002612,0.02502918243408203,0.046875,14269c18e6a56f09985dea654338c0b32f5e417a5600e334e252b0c1bbf8bd28,True,True,True,1,0.7660165491617243,4.945665514091398,3.346265125224649,0.06331424448921574,0.4836866512036887,-0.899516447714379,4.863494466552679,0.8798578143520982,0.7915921441065233,13.436644289517634,0.0,100.0,0.0,0.0,0.5354270339012146,0.5347317457199097,0.35905882716178894,0.6840959191322327,0.5354270339012146,0.5347317457199097,0.35905882716178894,0.6840959191322327,100.0,0.0,0.0,-1.7658878564834595,40,9089,14.554931899998337,256,2048,deterministic_evenly_spaced_full_fold,320,315,98.4375,1.4832095268464458,20,0.99,1.4832095268464458
1,COMPLETE,1,42,15039,7152,31859ee24a2323f137f4e1bd7bb091f135f0d0c7cc2377d4e74235f7e3443de0,633459e67fe1ae24844bbffd3ed05fe9d35993d6c1089e67f3abb6a8ef32d641,40640,41.86919510003645,0.025124073028564453,0.046875,14269c18e6a56f09985dea654338c0b32f5e417a5600e334e252b0c1bbf8bd28,True,True,True,1,0.6405042685276666,7.223379583755882,5.236175251753805,0.09416231377376606,0.5995377105814179,-1.3589641429167199,7.094890225068183,0.8085482353238623,0.6352801326582989,24.174307449491696,0.0,100.0,0.0,0.0,0.5496768951416016,0.5166247487068176,0.3502404987812042,0.8807105422019958,0.5496768951416016,0.5166247487068176,0.3502404987812042,0.8807105422019958,91.162109375,8.837890625,0.0,-0.9718127250671387,125,9089,41.86892929999158,256,2048,deterministic_evenly_spaced_full_fold,320,315,98.4375,1.598838673557433,20,0.99,1.598838673557433
1,COMPLETE,2,42,22191,7158,253e74b88bf1d5cb90464ade1e9a8dded9e64fe77e1fa6d7dc7b265785fec5f1,640b3d3af9a8eedaeecdab6c360d79d435ac5edf0b9973043bcfd7c57bb9a14a,44448,28.08546049997676,0.02544689178466797,0.046875,14269c18e6a56f09985dea654338c0b32f5e417a5600e334e252b0c1bbf8bd28,True,True,True,1,0.18291774785552883,9.013076085414653,7.463513762300059,0.09873340147702203,0.9038628782211104,6.074466459909009,6.65902339527619,0.7759822192718486,0.7723207588110516,19.750449454852134,0.0,97.900390625,2.099609375,0.0,0.2841742932796478,0.30847495794296265,0.0711832195520401,0.4204593598842621,0.2841742932796478,0.30847495794296265,0.0711832195520401,0.4204593598842621,100.0,0.0,0.0,-3.348707675933838,1,9089,28.085173500003293,256,2048,deterministic_evenly_spaced_full_fold,320,319,99.6875,1.425508144193831,20,0.99,1.425508144193831
2,COMPLETE,0,42,7411,7628,0b635fc68d95b6725e8cb8631c0afc750a22848a83c6a7d4d0d6c52e71d716ca,dab7ccd15b70d58d5849e1aae253e71366303eb268a524063b3ba4fe47d4f016,42752,6.521154499961995,0.021326541900634766,0.025390625,14269c18e6a56f09985dea654338c0b32f5e417a5600e334e252b0c1bbf8bd28,True,True,True,1,0.7416071846829444,5.19723538663682,3.683778956852849,0.06653483358305541,0.5082902134236843,-1.183560832983296,5.061007536463422,0.869081132295895,0.7702152693858674,14.623092994545848,0.0,98.6328125,1.3671875,0.0,0.5058712363243103,0.5252400636672974,0.13906925916671753,0.8640916347503662,0.5058712363243103,0.5252400636672974,0.13906925916671753,0.8640916347503662,100.0,0.0,0.0,-3.324939727783203,30,4865,6.52084290003404,512,2048,deterministic_evenly_spaced_full_fold,640,634,99.0625,1.4832095268464458,20,0.99,1.4832095268464458
2,COMPLETE,1,42,15039,7152,31859ee24a2323f137f4e1bd7bb091f135f0d0c7cc2377d4e74235f7e3443de0,633459e67fe1ae24844bbffd3ed05fe9d35993d6c1089e67f3abb6a8ef32d641,44448,23.845548300014343,0.021648406982421875,0.025390625,14269c18e6a56f09985dea654338c0b32f5e417a5600e334e252b0c1bbf8bd28,True,True,True,1,0.6472892496573889,7.154889266045083,5.179316809780112,0.09326948975531736,0.5938530407116981,-1.533856492181219,6.989031009107808,0.8190153576218501,0.6008721139597509,26.4082481939385,0.0,100.0,0.0,0.0,0.4411567747592926,0.4451411962509155,0.2575491666793823,0.6147273182868958,0.4411567747592926,0.4451411962509155,0.2575491666793823,0.6147273182868958,87.59765625,12.40234375,0.0,-1.6017175912857056,140,4865,23.84528180002235,512,2048,deterministic_evenly_spaced_full_fold,640,630,98.4375,1.598838673557433,20,0.99,1.598838673557433
2,COMPLETE,2,42,22191,7158,253e74b88bf1d5cb90464ade1e9a8dded9e64fe77e1fa6d7dc7b265785fec5f1,640b3d3af9a8eedaeecdab6c360d79d435ac5edf0b9973043bcfd7c57bb9a14a,40640,26.065695800003596,0.021968364715576172,0.025390625,14269c18e6a56f09985dea654338c0b32f5e417a5600e334e252b0c1bbf8bd28,True,True,True,1,0.061527503393370875,9.659417183427577,7.835095765304885,0.10581372061739612,0.9686802302135048,6.987841076409893,6.669380145772609,0.7606601451750405,0.7011052398201542,24.941518522588936,0.0,100.0,0.0,0.0,0.42455172538757324,0.39926931262016296,0.23874542117118835,0.778344988822937,0.42455172538757324,0.39926931262016296,0.23874542117118835,0.778344988822937,62.109375,37.890625,0.0,-0.3287423253059387,90,4865,26.065432199975476,512,2048,deterministic_evenly_spaced_full_fold,640,635,99.21875,1.425508144193831,20,0.99,1.425508144193831
3,COMPLETE,0,42,7411,7628,0b635fc68d95b6725e8cb8631c0afc750a22848a83c6a7d4d0d6c52e71d716ca,dab7ccd15b70d58d5849e1aae253e71366303eb268a524063b3ba4fe47d4f016,42752,6.848908999993,0.024271488189697266,0.046875,14269c18e6a56f09985dea654338c0b32f5e417a5600e334e252b0c1bbf8bd28,True,True,True,1,0.7536166458458459,5.075021091469144,3.510959527726316,0.06497025026413175,0.49633764142089837,-0.7995126656230732,5.011976825102063,0.8719673856922658,0.7816077379922631,14.223465035903205,0.0,90.13671875,9.86328125,0.0,0.17132394015789032,0.18829524517059326,-0.12148331850767136,0.3303163945674896,0.17132394015789032,0.18829524517059326,-0.12148331850767136,0.3303163945674896,99.609375,0.390625,0.0,-0.6880877614021301,10,16545,6.848622100020293,512,2048,deterministic_evenly_spaced_full_fold,640,634,99.0625,1.4832095268464458,20,0.99,1.4832095268464458
3,COMPLETE,1,42,15039,7152,31859ee24a2323f137f4e1bd7bb091f135f0d0c7cc2377d4e74235f7e3443de0,633459e67fe1ae24844bbffd3ed05fe9d35993d6c1089e67f3abb6a8ef32d641,44448,35.46328310004901,0.023318767547607422,0.048828125,14269c18e6a56f09985dea654338c0b32f5e417a5600e334e252b0c1bbf8bd28,True,True,True,1,0.6309442940423968,7.318794119584055,5.320213463482441,0.09540611570291223,0.6074570801373602,-1.596195208679643,7.143111538732283,0.8065698951222113,0.6139795011186935,25.42828884263497,0.0,100.0,0.0,0.0,0.369625449180603,0.3584793210029602,0.17963197827339172,0.592166006565094,0.369625449180603,0.3584793210029602,0.17963197827339172,0.592166006565094,77.1484375,22.8515625,0.0,-0.9601242542266846,215,16545,35.46300260000862,512,2048,deterministic_evenly_spaced_full_fold,640,630,98.4375,1.598838673557433,20,0.99,1.598838673557433
3,COMPLETE,2,42,22191,7158,253e74b88bf1d5cb90464ade1e9a8dded9e64fe77e1fa6d7dc7b265785fec5f1,640b3d3af9a8eedaeecdab6c360d79d435ac5edf0b9973043bcfd7c57bb9a14a,40640,18.04827709996607,0.02364349365234375,0.048828125,14269c18e6a56f09985dea654338c0b32f5e417a5600e334e252b0c1bbf8bd28,True,True,True,1,0.06395705734964663,9.646905743946764,7.949466810575508,0.10567666452626719,0.96742553918542,7.029460993050264,6.607235990159297,0.7727419742281553,0.7440825900241076,22.401622849631853,0.0,100.0,0.0,0.0,0.35147207975387573,0.3695967197418213,0.18598605692386627,0.4751884937286377,0.35147207975387573,0.3695967197418213,0.18598605692386627,0.4751884937286377,99.658203125,0.341796875,0.0,-1.8837661743164062,20,16545,18.04795010003727,512,2048,deterministic_evenly_spaced_full_fold,640,635,99.21875,1.425508144193831,20,0.99,1.425508144193831
4,COMPLETE,0,42,7411,7628,0b635fc68d95b6725e8cb8631c0afc750a22848a83c6a7d4d0d6c52e71d716ca,dab7ccd15b70d58d5849e1aae253e71366303eb268a524063b3ba4fe47d4f016,42752,24.925394400022924,0.025110244750976562,0.046875,14269c18e6a56f09985dea654338c0b32f5e417a5600e334e252b0c1bbf8bd28,True,True,True,1,0.7437197221454503,5.17594631252695,3.6580897307733498,0.06626229156837592,0.5062081395482694,-0.2701935445568483,5.169228054863507,0.8669663761407425,0.8252596010504818,11.750017670075946,0.0,78.173828125,21.826171875,0.0,0.10267525911331177,0.13556981086730957,-0.2276347577571869,0.2715737521648407,0.10267525911331177,0.13556981086730957,-0.2276347577571869,0.2715737521648407,98.6328125,1.3671875,0.0,-1.4801568984985352,1,13249,24.925106599985156,128,2048,deterministic_evenly_spaced_full_fold,640,634,99.0625,1.4832095268464458,20,0.99,1.4832095268464458
4,COMPLETE,1,42,15039,7152,31859ee24a2323f137f4e1bd7bb091f135f0d0c7cc2377d4e74235f7e3443de0,633459e67fe1ae24844bbffd3ed05fe9d35993d6c1089e67f3abb6a8ef32d641,40640,70.8483348999871,0.02520608901977539,0.048828125,14269c18e6a56f09985dea654338c0b32f5e417a5600e334e252b0c1bbf8bd28,True,True,True,1,0.6486890392300739,7.140677484835387,5.17953745684101,0.09308422824634711,0.5926734683701163,-1.0040814097829047,7.070225233359194,0.8097291823522734,0.6515281889607459,23.391697900006168,0.0,98.779296875,1.220703125,0.0,0.4405970573425293,0.44666919112205505,0.12177792191505432,0.7624819278717041,0.4405970573425293,0.44666919112205505,0.12177792191505432,0.7624819278717041,59.326171875,40.673828125,0.0,-0.4188183546066284,65,13249,70.84805949998554,128,2048,deterministic_evenly_spaced_full_fold,640,630,98.4375,1.598838673557433,20,0.99,1.598838673557433
4,COMPLETE,2,42,22191,7158,253e74b88bf1d5cb90464ade1e9a8dded9e64fe77e1fa6d7dc7b265785fec5f1,640b3d3af9a8eedaeecdab6c360d79d435ac5edf0b9973043bcfd7c57bb9a14a,44448,68.1496666999883,0.0255279541015625,0.048828125,14269c18e6a56f09985dea654338c0b32f5e417a5600e334e252b0c1bbf8bd28,True,True,True,1,0.08737480021719435,9.525469194999973,7.800947868014621,0.10434639243852235,0.9552474561855541,6.40095058530694,7.054739396871665,0.7293446287427943,0.6633533123744835,26.622268748651088,0.0,99.90234375,0.09765625,0.0,0.3592941164970398,0.30867844820022583,0.12808798253536224,0.74273282289505,0.3592941164970398,0.30867844820022583,0.12808798253536224,0.74273282289505,64.94140625,35.05859375,0.0,-0.7701892852783203,20,13249,68.14935000002151,128,2048,deterministic_evenly_spaced_full_fold,640,635,99.21875,1.425508144193831,20,0.99,1.425508144193831
5,COMPLETE,0,42,7411,7628,0b635fc68d95b6725e8cb8631c0afc750a22848a83c6a7d4d0d6c52e71d716ca,dab7ccd15b70d58d5849e1aae253e71366303eb268a524063b3ba4fe47d4f016,42752,14.377123899990693,0.02502918243408203,0.046875,14269c18e6a56f09985dea654338c0b32f5e417a5600e334e252b0c1bbf8bd28,True,True,True,1,0.7660137117367382,4.945695501067633,3.346387555602963,0.06331462838148251,0.4836895839333838,-0.8991435065467006,4.863593934466522,0.879854466972608,0.7916606783789757,13.432302829005632,0.0,100.0,0.0,0.0,0.5354244709014893,0.5347325801849365,0.3590244948863983,0.6841358542442322,0.5354244709014893,0.5347325801849365,0.3590244948863983,0.6841358542442322,100.0,0.0,0.0,-1.7661491632461548,40,9089,14.376848000043537,256,2048,deterministic_evenly_spaced_full_fold,320,315,98.4375,1.4832095268464458,20,0.99,1.4832095268464458
5,COMPLETE,1,42,15039,7152,31859ee24a2323f137f4e1bd7bb091f135f0d0c7cc2377d4e74235f7e3443de0,633459e67fe1ae24844bbffd3ed05fe9d35993d6c1089e67f3abb6a8ef32d641,44448,42.29103019996546,0.025124073028564453,0.046875,14269c18e6a56f09985dea654338c0b32f5e417a5600e334e252b0c1bbf8bd28,True,True,True,1,0.6405329759185814,7.223091167923374,5.235913530558815,0.09415855405135315,0.5995137721789136,-1.3584348691389865,7.094697920375966,0.808557716965381,0.6353566769611457,24.169478017455845,0.0,100.0,0.0,0.0,0.5496993064880371,0.516598105430603,0.35035133361816406,0.8806982636451721,0.5496993064880371,0.516598105430603,0.35035133361816406,0.8806982636451721,91.162109375,8.837890625,0.0,-0.9709229469299316,125,9089,42.29070770001272,256,2048,deterministic_evenly_spaced_full_fold,320,315,98.4375,1.598838673557433,20,0.99,1.598838673557433
5,COMPLETE,2,42,22191,7158,253e74b88bf1d5cb90464ade1e9a8dded9e64fe77e1fa6d7dc7b265785fec5f1,640b3d3af9a8eedaeecdab6c360d79d435ac5edf0b9973043bcfd7c57bb9a14a,40640,28.358388900000136,0.02544689178466797,0.046875,14269c18e6a56f09985dea654338c0b32f5e417a5600e334e252b0c1bbf8bd28,True,True,True,1,0.1829015181242436,9.013165598481516,7.463508494308655,0.09873438204453132,0.9038718549053729,6.074416964238634,6.659189724704919,0.7759828443154371,0.7723629919629809,19.747863145264976,0.0,97.900390625,2.099609375,0.0,0.2841907739639282,0.3084768056869507,0.07115232944488525,0.42046472430229187,0.2841907739639282,0.3084768056869507,0.07115232944488525,0.42046472430229187,100.0,0.0,0.0,-3.348515510559082,1,9089,28.358133299974725,256,2048,deterministic_evenly_spaced_full_fold,320,319,99.6875,1.425508144193831,20,0.99,1.425508144193831
6,COMPLETE,0,42,7411,7628,0b635fc68d95b6725e8cb8631c0afc750a22848a83c6a7d4d0d6c52e71d716ca,dab7ccd15b70d58d5849e1aae253e71366303eb268a524063b3ba4fe47d4f016,42752,13.031806800048798,0.027092456817626953,0.046875,14269c18e6a56f09985dea654338c0b32f5e417a5600e334e252b0c1bbf8bd28,True,True,True,1,0.7707327142521989,4.895569434670497,3.3245716675076737,0.0626729161560786,0.47878724892415925,-0.6190775934788464,4.856586775641822,0.8805053714489084,0.8015682321791593,13.030838368934345,0.0,71.38671875,28.61328125,0.0,0.08606626838445663,0.1164165735244751,-0.3764183223247528,0.40442168712615967,0.08606626838445663,0.1164165735244751,-0.3764183223247528,0.40442168712615967,70.99609375,29.00390625,0.0,-0.15077154338359833,10,23329,13.031531199987512,256,2048,deterministic_evenly_spaced_full_fold,320,315,98.4375,1.4832095268464458,20,0.99,1.4832095268464458
6,COMPLETE,1,42,15039,7152,31859ee24a2323f137f4e1bd7bb091f135f0d0c7cc2377d4e74235f7e3443de0,633459e67fe1ae24844bbffd3ed05fe9d35993d6c1089e67f3abb6a8ef32d641,40640,28.76890959998127,0.026846885681152344,0.046875,14269c18e6a56f09985dea654338c0b32f5e417a5600e334e252b0c1bbf8bd28,True,True,True,1,0.6019423081121468,7.6009272971020305,5.380367424664081,0.09908393887133332,0.6308740247083717,-2.019931937757488,7.328129320553947,0.7939754468743077,0.6156912595642493,24.884715501393522,0.0,84.423828125,15.576171875,0.0,0.13875186443328857,0.1456754207611084,-0.10738181322813034,0.3313452899456024,0.13875186443328857,0.1456754207611084,-0.10738181322813034,0.3313452899456024,95.80078125,4.19921875,0.0,-1.1828844547271729,35,23329,28.76864059997024,256,2048,deterministic_evenly_spaced_full_fold,320,315,98.4375,1.598838673557433,20,0.99,1.598838673557433
6,COMPLETE,2,42,22191,7158,253e74b88bf1d5cb90464ade1e9a8dded9e64fe77e1fa6d7dc7b265785fec5f1,640b3d3af9a8eedaeecdab6c360d79d435ac5edf0b9973043bcfd7c57bb9a14a,44448,32.06223440001486,0.02717447280883789,0.046875,14269c18e6a56f09985dea654338c0b32f5e417a5600e334e252b0c1bbf8bd28,True,True,True,1,-0.12545754863238145,10.578027891632944,9.255529820169608,0.11587660691668109,1.060801733550957,8.153478265108427,6.739570598899826,0.7710388603090137,0.7691342870768538,22.02086269403026,0.0,33.10546875,66.89453125,0.0,-0.07856261730194092,-0.03777437284588814,-0.3945252001285553,0.08278544992208481,-0.07856261730194092,-0.03777437284588814,-0.3945252001285553,0.08278544992208481,4.541015625,95.458984375,0.0,1.409168004989624,1,23329,32.06196550000459,256,2048,deterministic_evenly_spaced_full_fold,320,319,99.6875,1.425508144193831,20,0.99,1.425508144193831
7,COMPLETE,0,42,7411,7628,0b635fc68d95b6725e8cb8631c0afc750a22848a83c6a7d4d0d6c52e71d716ca,dab7ccd15b70d58d5849e1aae253e71366303eb268a524063b3ba4fe47d4f016,42752,6.334195700008422,0.027088642120361328,0.046875,14269c18e6a56f09985dea654338c0b32f5e417a5600e334e252b0c1bbf8bd28,True,True,True,1,0.7688608128192587,4.915514264524605,3.3773826700139558,0.06292824920075799,0.48073785555808424,-0.3257256789424998,4.905031839733868,0.8795729265008582,0.8276745190636557,11.528365824628164,0.0,77.685546875,22.314453125,0.0,0.1217491626739502,0.1413453221321106,-0.2872005105018616,0.40089890360832214,0.1217491626739502,0.1413453221321106,-0.2872005105018616,0.40089890360832214,99.90234375,0.09765625,0.0,-0.8668569922447205,10,22465,6.333911599998828,512,2048,deterministic_evenly_spaced_full_fold,640,634,99.0625,1.4832095268464458,20,0.99,1.4832095268464458
7,COMPLETE,1,42,15039,7152,31859ee24a2323f137f4e1bd7bb091f135f0d0c7cc2377d4e74235f7e3443de0,633459e67fe1ae24844bbffd3ed05fe9d35993d6c1089e67f3abb6a8ef32d641,40640,18.075006400002167,0.02684307098388672,0.046875,14269c18e6a56f09985dea654338c0b32f5e417a5600e334e252b0c1bbf8bd28,True,True,True,1,0.6825277371754135,6.788072342037276,4.942237282226016,0.08848774875784494,0.5634073779478692,-1.0250509057269,6.710699918100122,0.8305351213580021,0.6859437088108907,20.961370170488376,0.0,99.169921875,0.830078125,0.0,0.2740628123283386,0.26846256852149963,0.06839820742607117,0.49368444085121155,0.2740628123283386,0.26846256852149963,0.06839820742607117,0.49368444085121155,54.345703125,45.654296875,0.0,-0.14566336572170258,75,22465,18.074740900017787,512,2048,deterministic_evenly_spaced_full_fold,640,630,98.4375,1.598838673557433,20,0.99,1.598838673557433
7,COMPLETE,2,42,22191,7158,253e74b88bf1d5cb90464ade1e9a8dded9e64fe77e1fa6d7dc7b265785fec5f1,640b3d3af9a8eedaeecdab6c360d79d435ac5edf0b9973043bcfd7c57bb9a14a,44448,18.932612399978098,0.027170658111572266,0.046875,14269c18e6a56f09985dea654338c0b32f5e417a5600e334e252b0c1bbf8bd28,True,True,True,1,-0.26016049939973485,11.19316948257206,8.996300186781818,0.12261515223548626,1.1224902895589874,7.246918821108345,8.531083062752176,0.6477789183615134,0.6717890083245549,26.96153099860488,0.0,99.70703125,0.29296875,0.0,0.34976834058761597,0.29196012020111084,0.08611422032117844,0.7974353432655334,0.34976834058761597,0.29196012020111084,0.08611422032117844,0.7974353432655334,60.107421875,39.892578125,0.0,-0.947317361831665,35,22465,18.93235459999414,512,2048,deterministic_evenly_spaced_full_fold,640,635,99.21875,1.425508144193831,20,0.99,1.425508144193831
8,COMPLETE,0,42,7411,7628,0b635fc68d95b6725e8cb8631c0afc750a22848a83c6a7d4d0d6c52e71d716ca,dab7ccd15b70d58d5849e1aae253e71366303eb268a524063b3ba4fe47d4f016,42752,10.656354299979284,0.025049209594726562,0.044921875,14269c18e6a56f09985dea654338c0b32f5e417a5600e334e252b0c1bbf8bd28,True,True,True,1,0.7670446292215691,4.934788382576825,3.4454717751129422,0.06317499581538351,0.48262286650130726,-0.24879825734066977,4.928835620844565,0.8778683999464549,0.7224408433155254,18.844208900475127,0.0,99.951171875,0.048828125,0.0,0.31108444929122925,0.33039626479148865,0.06264530122280121,0.4885103404521942,0.31108444929122925,0.33039626479148865,0.06264530122280121,0.4885103404521942,99.0234375,0.9765625,0.0,-1.1706502437591553,80,9601,10.656064699986018,512,2048,deterministic_evenly_spaced_full_fold,640,634,99.0625,1.4832095268464458,20,0.99,1.4832095268464458
8,COMPLETE,1,42,15039,7152,31859ee24a2323f137f4e1bd7bb091f135f0d0c7cc2377d4e74235f7e3443de0,633459e67fe1ae24844bbffd3ed05fe9d35993d6c1089e67f3abb6a8ef32d641,40640,16.389149499998894,0.025144100189208984,0.046875,14269c18e6a56f09985dea654338c0b32f5e417a5600e334e252b0c1bbf8bd28,True,True,True,1,0.606547522198051,7.556831014117169,5.402699970825673,0.0985091098752198,0.6272140502823638,-1.8055003964127576,7.338487114611819,0.8033907606125719,0.54246069332535,30.225865118921007,0.0,100.0,0.0,0.0,0.22141441702842712,0.22518639266490936,0.0632539838552475,0.3825177252292633,0.22141441702842712,0.22518639266490936,0.0632539838552475,0.3825177252292633,99.4140625,0.5859375,0.0,-0.753516435623169,60,9601,16.38885049999226,512,2048,deterministic_evenly_spaced_full_fold,640,630,98.4375,1.598838673557433,20,0.99,1.598838673557433
8,COMPLETE,2,42,22191,7158,253e74b88bf1d5cb90464ade1e9a8dded9e64fe77e1fa6d7dc7b265785fec5f1,640b3d3af9a8eedaeecdab6c360d79d435ac5edf0b9973043bcfd7c57bb9a14a,44448,24.490464599977713,0.0254669189453125,0.046875,14269c18e6a56f09985dea654338c0b32f5e417a5600e334e252b0c1bbf8bd28,True,True,True,1,0.11531956340085814,9.378499517582556,7.742151778115344,0.1027364186595498,0.9405088215193381,6.627322734151682,6.636339297751064,0.7509903032102571,0.6263555085860226,29.07098375501321,0.0,99.365234375,0.634765625,0.0,0.23163346946239471,0.22552728652954102,0.054921939969062805,0.420226514339447,0.23163346946239471,0.22552728652954102,0.054921939969062805,0.420226514339447,56.787109375,43.212890625,0.0,-0.2546398639678955,80,9601,24.490146600001026,512,2048,deterministic_evenly_spaced_full_fold,640,635,99.21875,1.425508144193831,20,0.99,1.425508144193831
9,COMPLETE,0,42,7411,7628,0b635fc68d95b6725e8cb8631c0afc750a22848a83c6a7d4d0d6c52e71d716ca,dab7ccd15b70d58d5849e1aae253e71366303eb268a524063b3ba4fe47d4f016,42752,13.150224599987268,0.028741836547851562,0.044921875,14269c18e6a56f09985dea654338c0b32f5e417a5600e334e252b0c1bbf8bd28,True,True,True,1,0.7596396327040872,5.012606343494307,3.4923162935413985,0.06417121874820085,0.49023347195216765,-0.5272254693801952,4.985129245301852,0.87382188385456,0.7946559284475421,13.598180713572878,0.0,100.0,0.0,0.0,0.5190305709838867,0.542483925819397,0.26655521988868713,0.7237077951431274,0.5190305709838867,0.542483925819397,0.26655521988868713,0.7237077951431274,100.0,0.0,0.0,-1.6281092166900635,35,14337,13.149952700012363,256,2048,deterministic_evenly_spaced_full_fold,320,315,98.4375,1.4832095268464458,20,0.99,1.4832095268464458
9,COMPLETE,1,42,15039,7152,31859ee24a2323f137f4e1bd7bb091f135f0d0c7cc2377d4e74235f7e3443de0,633459e67fe1ae24844bbffd3ed05fe9d35993d6c1089e67f3abb6a8ef32d641,40640,38.73819400003413,0.02838277816772461,0.044921875,14269c18e6a56f09985dea654338c0b32f5e417a5600e334e252b0c1bbf8bd28,True,True,True,1,0.608785824489497,7.5353054196884806,5.397354070505573,0.09822850718042038,0.6254274342734666,-1.8324964563851922,7.309600206480894,0.7960626012426871,0.600004869193049,26.170322213666058,0.0,100.0,0.0,0.0,0.43942803144454956,0.440297931432724,0.284603089094162,0.5948452353477478,0.43942803144454956,0.440297931432724,0.284603089094162,0.5948452353477478,92.822265625,7.177734375,0.0,-1.8270127773284912,125,14337,38.73793339997064,256,2048,deterministic_evenly_spaced_full_fold,320,315,98.4375,1.598838673557433,20,0.99,1.598838673557433
9,COMPLETE,2,42,22191,7158,253e74b88bf1d5cb90464ade1e9a8dded9e64fe77e1fa6d7dc7b265785fec5f1,640b3d3af9a8eedaeecdab6c360d79d435ac5edf0b9973043bcfd7c57bb9a14a,44448,26.567677800019737,0.028711318969726562,0.046875,14269c18e6a56f09985dea654338c0b32f5e417a5600e334e252b0c1bbf8bd28,True,True,True,1,0.15338145932673886,9.17453445887513,7.689162796854007,0.10050209112943684,0.9200544901376064,6.438202574986525,6.5366351703081556,0.7830849302544949,0.7754626732503149,19.925460553900308,0.0,99.658203125,0.341796875,0.0,0.3047013580799103,0.3162524700164795,0.10643928498029709,0.46269339323043823,0.3047013580799103,0.3162524700164795,0.10643928498029709,0.46269339323043823,31.54296875,68.45703125,0.0,0.6143521070480347,5,14337,26.567394700017758,256,2048,deterministic_evenly_spaced_full_fold,320,319,99.6875,1.425508144193831,20,0.99,1.425508144193831
10,COMPLETE,0,42,7411,7628,0b635fc68d95b6725e8cb8631c0afc750a22848a83c6a7d4d0d6c52e71d716ca,dab7ccd15b70d58d5849e1aae253e71366303eb268a524063b3ba4fe47d4f016,42752,7.732930199999828,0.029460906982421875,0.05078125,14269c18e6a56f09985dea654338c0b32f5e417a5600e334e252b0c1bbf8bd28,True,True,True,1,0.7490387828917222,5.121951665677314,3.4744959857742637,0.06557105390541505,0.5009274569296787,-1.2427912618580075,4.9692148182739215,0.8741535830525011,0.7482514951444529,16.074727866651592,0.0,96.2890625,3.7109375,0.0,0.3127516508102417,0.3226781189441681,0.026887230575084686,0.559046745300293,0.3127516508102417,0.3226781189441681,0.026887230575084686,0.559046745300293,100.0,0.0,0.0,-1.6729307174682617,10,51137,7.732645999989472,512,2048,deterministic_evenly_spaced_full_fold,1280,1275,99.609375,1.4832095268464458,20,0.99,1.4832095268464458
10,COMPLETE,1,42,15039,7152,31859ee24a2323f137f4e1bd7bb091f135f0d0c7cc2377d4e74235f7e3443de0,633459e67fe1ae24844bbffd3ed05fe9d35993d6c1089e67f3abb6a8ef32d641,44448,14.375095500028692,0.029876232147216797,0.05078125,14269c18e6a56f09985dea654338c0b32f5e417a5600e334e252b0c1bbf8bd28,True,True,True,1,0.607515320428769,7.547531300693083,5.299880909973076,0.09838788095137727,0.6264421776664102,-1.6903623243839683,7.3563218001940065,0.7957889580350813,0.6953213252062713,19.639551531487477,0.0,100.0,0.0,0.0,0.3039896488189697,0.30759286880493164,0.13464397192001343,0.46849524974823,0.3039896488189697,0.30759286880493164,0.13464397192001343,0.46849524974823,100.0,0.0,0.0,-1.8404676914215088,20,51137,14.374823699996341,512,2048,deterministic_evenly_spaced_full_fold,1280,1269,99.140625,1.598838673557433,20,0.99,1.598838673557433
10,COMPLETE,2,42,22191,7158,253e74b88bf1d5cb90464ade1e9a8dded9e64fe77e1fa6d7dc7b265785fec5f1,640b3d3af9a8eedaeecdab6c360d79d435ac5edf0b9973043bcfd7c57bb9a14a,40640,18.844399900001008,0.03018808364868164,0.052734375,14269c18e6a56f09985dea654338c0b32f5e417a5600e334e252b0c1bbf8bd28,True,True,True,1,0.10210712919518494,9.448272497471136,7.905223370797477,0.1035007441318195,0.9475059006326733,6.898230817538462,6.456786277975737,0.7773134570657855,0.7233363918062389,23.516552194661617,0.0,100.0,0.0,0.0,0.30924955010414124,0.32928651571273804,0.1442691832780838,0.4298422038555145,0.30924955010414124,0.32928651571273804,0.1442691832780838,0.4298422038555145,99.0234375,0.9765625,0.0,-1.9853376150131226,20,51137,18.844129499979317,512,2048,deterministic_evenly_spaced_full_fold,1280,1259,98.359375,1.425508144193831,20,0.99,1.425508144193831
11,COMPLETE,0,42,7411,7628,0b635fc68d95b6725e8cb8631c0afc750a22848a83c6a7d4d0d6c52e71d716ca,dab7ccd15b70d58d5849e1aae253e71366303eb268a524063b3ba4fe47d4f016,42752,31.843381299986504,0.02966928482055664,0.048828125,14269c18e6a56f09985dea654338c0b32f5e417a5600e334e252b0c1bbf8bd28,True,True,True,1,0.7584986176317667,5.024489932713926,3.5081434584939175,0.06432335205990918,0.4913956883328631,-0.45989816902692743,5.003726115979282,0.8722375478098356,0.7753002707314662,14.996963678123095,0.0,69.43359375,30.56640625,0.0,0.035227417945861816,0.0704285055398941,-0.3050379753112793,0.23894262313842773,0.035227417945861816,0.0704285055398941,-0.3050379753112793,0.23894262313842773,100.0,0.0,0.0,-1.0694860219955444,15,62753,31.84309450001456,128,2048,deterministic_evenly_spaced_full_fold,1280,1275,99.609375,1.4832095268464458,20,0.99,1.4832095268464458
11,COMPLETE,1,42,15039,7152,31859ee24a2323f137f4e1bd7bb091f135f0d0c7cc2377d4e74235f7e3443de0,633459e67fe1ae24844bbffd3ed05fe9d35993d6c1089e67f3abb6a8ef32d641,44448,68.80257110000821,0.0296630859375,0.048828125,14269c18e6a56f09985dea654338c0b32f5e417a5600e334e252b0c1bbf8bd28,True,True,True,1,0.6014945466928838,7.605201106538498,5.4329035084786295,0.09913965126751847,0.631228749237976,-2.3540651526227094,7.232203981877816,0.8026993027564818,0.5895870083670293,26.378086064683103,0.0,66.748046875,33.251953125,0.0,0.02745806612074375,0.045774415135383606,-0.31152498722076416,0.24571071565151215,0.02745806612074375,0.045774415135383606,-0.31152498722076416,0.24571071565151215,71.630859375,28.369140625,0.0,-0.29713618755340576,35,62753,68.8017118999851,128,2048,deterministic_evenly_spaced_full_fold,1280,1269,99.140625,1.598838673557433,20,0.99,1.598838673557433
11,COMPLETE,2,42,22191,7158,253e74b88bf1d5cb90464ade1e9a8dded9e64fe77e1fa6d7dc7b265785fec5f1,640b3d3af9a8eedaeecdab6c360d79d435ac5edf0b9973043bcfd7c57bb9a14a,40640,76.76909250003519,0.029981613159179688,0.048828125,14269c18e6a56f09985dea654338c0b32f5e417a5600e334e252b0c1bbf8bd28,True,True,True,1,-0.11865194758514952,10.545996919845328,9.417557773392904,0.11552572484631626,1.05758955536919,8.414042582622484,6.358269130806473,0.7846022600795834,0.7324303796342312,24.486116430799314,0.0,58.59375,41.40625,0.0,0.000554397702217102,0.02960643544793129,-0.26895830035209656,0.1694132536649704,0.000554397702217102,0.02960643544793129,-0.26895830035209656,0.1694132536649704,49.853515625,50.146484375,0.0,0.0017899477388709784,5,62753,76.76881010003854,128,2048,deterministic_evenly_spaced_full_fold,1280,1259,98.359375,1.425508144193831,20,0.99,1.425508144193831
12,COMPLETE,0,42,7411,7628,0b635fc68d95b6725e8cb8631c0afc750a22848a83c6a7d4d0d6c52e71d716ca,dab7ccd15b70d58d5849e1aae253e71366303eb268a524063b3ba4fe47d4f016,42752,21.48115720000351,0.029225826263427734,0.048828125,14269c18e6a56f09985dea654338c0b32f5e417a5600e334e252b0c1bbf8bd28,True,True,True,1,0.6790804482414274,5.792022741004766,4.307522794246424,0.07414928139927908,0.5664604845010213,-0.9852879738770172,5.707977424554056,0.8386882072578133,0.8062210413097572,12.344566063375325,0.0,51.513671875,48.486328125,0.0,-0.04188721999526024,0.003131711622700095,-0.4512757956981659,0.17305885255336761,-0.04188721999526024,0.003131711622700095,-0.4512757956981659,0.17305885255336761,62.451171875,37.548828125,0.0,-0.30616316199302673,5,39105,21.48087219998706,128,2048,deterministic_evenly_spaced_full_fold,1280,1275,99.609375,1.4832095268464458,20,0.99,1.4832095268464458
12,COMPLETE,1,42,15039,7152,31859ee24a2323f137f4e1bd7bb091f135f0d0c7cc2377d4e74235f7e3443de0,633459e67fe1ae24844bbffd3ed05fe9d35993d6c1089e67f3abb6a8ef32d641,44448,73.47234590002336,0.028867721557617188,0.046875,14269c18e6a56f09985dea654338c0b32f5e417a5600e334e252b0c1bbf8bd28,True,True,True,1,0.6588999051997019,7.036140262578236,5.0730850216526315,0.0917215050765234,0.583996919370319,-0.6877368797925228,7.002938294899922,0.8138882938282314,0.6494059064194107,23.856618971545274,0.0,84.423828125,15.576171875,0.0,0.32091590762138367,0.2823217511177063,-0.22785738110542297,0.9758524298667908,0.32091590762138367,0.2823217511177063,-0.22785738110542297,0.9758524298667908,49.072265625,50.927734375,0.0,0.05722720921039581,85,39105,73.47206890000962,128,2048,deterministic_evenly_spaced_full_fold,1280,1269,99.140625,1.598838673557433,20,0.99,1.598838673557433
12,COMPLETE,2,42,22191,7158,253e74b88bf1d5cb90464ade1e9a8dded9e64fe77e1fa6d7dc7b265785fec5f1,640b3d3af9a8eedaeecdab6c360d79d435ac5edf0b9973043bcfd7c57bb9a14a,40640,67.1020576999872,0.02919483184814453,0.046875,14269c18e6a56f09985dea654338c0b32f5e417a5600e334e252b0c1bbf8bd28,True,True,True,1,-0.08601031311719587,10.390994701009271,8.499281922676404,0.11382775889583073,1.0420453892798198,7.225644053544169,7.4679736380369715,0.7184749771458765,0.7156777083461208,24.303998695963188,0.0,84.716796875,15.283203125,0.0,0.1497844159603119,0.1466209590435028,-0.12336301803588867,0.43615075945854187,0.1497844159603119,0.1466209590435028,-0.12336301803588867,0.43615075945854187,56.8359375,43.1640625,0.0,-0.5528241991996765,30,39105,67.10175999999046,128,2048,deterministic_evenly_spaced_full_fold,1280,1259,98.359375,1.425508144193831,20,0.99,1.425508144193831
13,COMPLETE,0,42,7411,7628,0b635fc68d95b6725e8cb8631c0afc750a22848a83c6a7d4d0d6c52e71d716ca,dab7ccd15b70d58d5849e1aae253e71366303eb268a524063b3ba4fe47d4f016,42752,15.097150200046599,0.02785205841064453,0.048828125,14269c18e6a56f09985dea654338c0b32f5e417a5600e334e252b0c1bbf8bd28,True,True,True,1,0.744539862360704,5.167657724375876,3.6265014024323423,0.06615618134010183,0.5053975146819947,-0.9622453340511392,5.077612648596668,0.869880466351694,0.8066230309211381,12.339956253830971,0.0,100.0,0.0,0.0,0.3675493001937866,0.38602834939956665,0.17658773064613342,0.5207751393318176,0.3675493001937866,0.38602834939956665,0.17658773064613342,0.5207751393318176,79.736328125,20.263671875,0.0,-1.1599633693695068,20,63585,15.09686029999284,256,2048,deterministic_evenly_spaced_full_fold,640,634,99.0625,1.4832095268464458,20,0.99,1.4832095268464458
13,COMPLETE,1,42,15039,7152,31859ee24a2323f137f4e1bd7bb091f135f0d0c7cc2377d4e74235f7e3443de0,633459e67fe1ae24844bbffd3ed05fe9d35993d6c1089e67f3abb6a8ef32d641,40640,48.261198799998965,0.027606487274169922,0.048828125,14269c18e6a56f09985dea654338c0b32f5e417a5600e334e252b0c1bbf8bd28,True,True,True,1,0.6462286630043774,7.165638419744174,5.148918458546035,0.09340961324899232,0.5947452163096596,-1.4755107407068513,7.01256856451184,0.814669945473722,0.623295281641249,24.896795089795827,0.0,100.0,0.0,0.0,0.3409532904624939,0.3356453776359558,0.19274365901947021,0.5206667184829712,0.3409532904624939,0.3356453776359558,0.19274365901947021,0.5206667184829712,99.70703125,0.29296875,0.0,-1.304222822189331,90,63585,48.26088220003294,256,2048,deterministic_evenly_spaced_full_fold,640,630,98.4375,1.598838673557433,20,0.99,1.598838673557433
13,COMPLETE,2,42,22191,7158,253e74b88bf1d5cb90464ade1e9a8dded9e64fe77e1fa6d7dc7b265785fec5f1,640b3d3af9a8eedaeecdab6c360d79d435ac5edf0b9973043bcfd7c57bb9a14a,44448,107.12301809998462,0.02793407440185547,0.048828125,14269c18e6a56f09985dea654338c0b32f5e417a5600e334e252b0c1bbf8bd28,True,True,True,1,0.21501831447676734,8.834254588797117,6.76840169804827,0.09677450814793628,0.8859300314228803,5.130927013398282,7.192000297897585,0.7067119798581397,0.5984509719718165,29.25072665025666,0.0,100.0,0.0,0.0,0.46859103441238403,0.42678654193878174,0.19085992872714996,0.8768004775047302,0.46859103441238403,0.42678654193878174,0.19085992872714996,0.8768004775047302,67.08984375,32.91015625,0.0,-1.6276311874389648,205,63585,107.1227213999955,256,2048,deterministic_evenly_spaced_full_fold,640,635,99.21875,1.425508144193831,20,0.99,1.425508144193831
14,COMPLETE,0,42,7411,7628,0b635fc68d95b6725e8cb8631c0afc750a22848a83c6a7d4d0d6c52e71d716ca,dab7ccd15b70d58d5849e1aae253e71366303eb268a524063b3ba4fe47d4f016,42752,16.643019200011622,0.027851581573486328,0.048828125,14269c18e6a56f09985dea654338c0b32f5e417a5600e334e252b0c1bbf8bd28,True,True,True,1,0.7623653476618693,4.984103532762167,3.4011009043276967,0.06380632671856748,0.4874458938125542,-0.7013781241990537,4.934830217248348,0.8779396727698777,0.8242304622240638,11.389626485304571,0.0,100.0,0.0,0.0,0.42954355478286743,0.4407549798488617,0.3242371082305908,0.5105039477348328,0.42954355478286743,0.4407549798488617,0.3242371082305908,0.5105039477348328,83.203125,16.796875,0.0,-0.9398989677429199,35,63585,16.642730099963956,256,2048,deterministic_evenly_spaced_full_fold,640,634,99.0625,1.4832095268464458,20,0.99,1.4832095268464458
14,COMPLETE,1,42,15039,7152,31859ee24a2323f137f4e1bd7bb091f135f0d0c7cc2377d4e74235f7e3443de0,633459e67fe1ae24844bbffd3ed05fe9d35993d6c1089e67f3abb6a8ef32d641,40640,48.99687909998465,0.02760601043701172,0.048828125,14269c18e6a56f09985dea654338c0b32f5e417a5600e334e252b0c1bbf8bd28,True,True,True,1,0.6395211357441107,7.233249927183009,5.21973653554383,0.09429098129899623,0.6003569452668358,-1.4182066394712034,7.093351085345009,0.8083663003923751,0.6463527313245138,23.339895585173274,0.0,100.0,0.0,0.0,0.46009379625320435,0.4352734684944153,0.23217420279979706,0.7513241171836853,0.46009379625320435,0.4352734684944153,0.23217420279979706,0.7513241171836853,83.984375,16.015625,0.0,-1.2599010467529297,105,63585,48.996579799975734,256,2048,deterministic_evenly_spaced_full_fold,640,630,98.4375,1.598838673557433,20,0.99,1.598838673557433
14,COMPLETE,2,42,22191,7158,253e74b88bf1d5cb90464ade1e9a8dded9e64fe77e1fa6d7dc7b265785fec5f1,640b3d3af9a8eedaeecdab6c360d79d435ac5edf0b9973043bcfd7c57bb9a14a,44448,67.43371529999422,0.027933597564697266,0.048828125,14269c18e6a56f09985dea654338c0b32f5e417a5600e334e252b0c1bbf8bd28,True,True,True,1,0.20889074945057862,8.868667646628781,6.804282797552014,0.09715148468987894,0.8893810935469927,5.355575461066545,7.069516209288655,0.7205069418797695,0.6253865613016594,27.85743812786976,0.0,100.0,0.0,0.0,0.5674737095832825,0.5585604310035706,0.21692724525928497,0.9714429378509521,0.5674737095832825,0.5585604310035706,0.21692724525928497,0.9714429378509521,67.724609375,32.275390625,0.0,-1.677220344543457,110,63585,67.43334260000847,256,2048,deterministic_evenly_spaced_full_fold,640,635,99.21875,1.425508144193831,20,0.99,1.425508144193831
15,COMPLETE,0,42,7411,7628,0b635fc68d95b6725e8cb8631c0afc750a22848a83c6a7d4d0d6c52e71d716ca,dab7ccd15b70d58d5849e1aae253e71366303eb268a524063b3ba4fe47d4f016,42752,15.213341999973636,0.02803516387939453,0.052734375,14269c18e6a56f09985dea654338c0b32f5e417a5600e334e252b0c1bbf8bd28,True,True,True,1,0.7605542971918638,5.003059796427357,3.4722291709367803,0.06404900417196183,0.48929981856048266,-0.4955888767172419,4.978779833574543,0.8734506731258038,0.7659748120506779,15.602761622686497,0.0,84.86328125,15.13671875,0.0,0.15086859464645386,0.17609888315200806,-0.18635983765125275,0.3355918228626251,0.15086859464645386,0.17609888315200806,-0.18635983765125275,0.3355918228626251,96.484375,3.515625,0.0,-1.101987361907959,5,59169,15.213063999952283,256,2048,deterministic_evenly_spaced_full_fold,640,634,99.0625,1.4832095268464458,20,0.99,1.4832095268464458
15,COMPLETE,1,42,15039,7152,31859ee24a2323f137f4e1bd7bb091f135f0d0c7cc2377d4e74235f7e3443de0,633459e67fe1ae24844bbffd3ed05fe9d35993d6c1089e67f3abb6a8ef32d641,40640,49.51116850000108,0.02835702896118164,0.052734375,14269c18e6a56f09985dea654338c0b32f5e417a5600e334e252b0c1bbf8bd28,True,True,True,1,0.6471784030970451,7.156013462801538,5.18754830989795,0.09328414452549763,0.5939463486075096,-1.588963066971542,6.9778602029583245,0.8159064217284931,0.6382853899744181,23.733916775141388,0.0,99.951171875,0.048828125,0.0,0.3225898742675781,0.3135009706020355,0.16533853113651276,0.5077675580978394,0.3225898742675781,0.3135009706020355,0.16533853113651276,0.5077675580978394,90.0390625,9.9609375,0.0,-0.9743719100952148,90,59169,49.5108752999804,256,2048,deterministic_evenly_spaced_full_fold,640,630,98.4375,1.598838673557433,20,0.99,1.598838673557433
15,COMPLETE,2,42,22191,7158,253e74b88bf1d5cb90464ade1e9a8dded9e64fe77e1fa6d7dc7b265785fec5f1,640b3d3af9a8eedaeecdab6c360d79d435ac5edf0b9973043bcfd7c57bb9a14a,44448,57.343057900026906,0.028676986694335938,0.052734375,14269c18e6a56f09985dea654338c0b32f5e417a5600e334e252b0c1bbf8bd28,True,True,True,1,-0.005506214632403195,9.998446524638776,8.21064518776377,0.1095276047276683,1.002679281507929,6.652077467023877,7.465024011736584,0.6916430347080311,0.6146082747971747,29.801358239141454,0.0,95.556640625,4.443359375,0.0,0.3382747769355774,0.2982884645462036,0.016200434416532516,0.6854262948036194,0.3382747769355774,0.2982884645462036,0.016200434416532516,0.6854262948036194,68.212890625,31.787109375,0.0,-1.640442132949829,65,59169,57.34278229996562,256,2048,deterministic_evenly_spaced_full_fold,640,635,99.21875,1.425508144193831,20,0.99,1.425508144193831
16,COMPLETE,0,42,7411,7628,0b635fc68d95b6725e8cb8631c0afc750a22848a83c6a7d4d0d6c52e71d716ca,dab7ccd15b70d58d5849e1aae253e71366303eb268a524063b3ba4fe47d4f016,42752,14.991577600012533,0.025316715240478516,0.048828125,14269c18e6a56f09985dea654338c0b32f5e417a5600e334e252b0c1bbf8bd28,True,True,True,1,0.7388648427722464,5.224741917324761,3.6571556745428158,0.06688697126888643,0.510980355261375,-1.3493463639257839,5.04782456983086,0.8716621569670817,0.8114566514584456,11.620355469239577,0.0,79.248046875,20.751953125,0.0,0.1569533795118332,0.19236521422863007,-0.19808520376682281,0.4066782593727112,0.1569533795118332,0.19236521422863007,-0.19808520376682281,0.4066782593727112,77.587890625,22.412109375,0.0,-0.8836694359779358,15,23809,14.99127800000133,256,2048,deterministic_evenly_spaced_full_fold,640,634,99.0625,1.4832095268464458,20,0.99,1.4832095268464458
16,COMPLETE,1,42,15039,7152,31859ee24a2323f137f4e1bd7bb091f135f0d0c7cc2377d4e74235f7e3443de0,633459e67fe1ae24844bbffd3ed05fe9d35993d6c1089e67f3abb6a8ef32d641,40640,51.47568570001749,0.025411605834960938,0.048828125,14269c18e6a56f09985dea654338c0b32f5e417a5600e334e252b0c1bbf8bd28,True,True,True,1,0.6200369952573895,7.426158682360514,5.347953186205836,0.0968056954330257,0.6163682973063053,-1.90146837618527,7.179098626561308,0.8038707414213476,0.6176715671406455,24.864541890405988,0.0,100.0,0.0,0.0,0.2723303437232971,0.26998788118362427,0.14622481167316437,0.4049202501773834,0.2723303437232971,0.26998788118362427,0.14622481167316437,0.4049202501773834,80.859375,19.140625,0.0,-0.40559232234954834,100,23809,51.47540180000942,256,2048,deterministic_evenly_spaced_full_fold,640,630,98.4375,1.598838673557433,20,0.99,1.598838673557433
16,COMPLETE,2,42,22191,7158,253e74b88bf1d5cb90464ade1e9a8dded9e64fe77e1fa6d7dc7b265785fec5f1,640b3d3af9a8eedaeecdab6c360d79d435ac5edf0b9973043bcfd7c57bb9a14a,44448,109.46305389999179,0.025734424591064453,0.048828125,14269c18e6a56f09985dea654338c0b32f5e417a5600e334e252b0c1bbf8bd28,True,True,True,1,0.0802777984425842,9.562434727837726,7.599399583970545,0.10475132997149049,0.9589544894546703,5.89037881639624,7.533360719400777,0.6664538861177232,0.5255076733283676,34.391655247684874,0.0,99.8046875,0.1953125,0.0,0.3590247929096222,0.24604442715644836,0.10100095719099045,1.0041968822479248,0.3590247929096222,0.24604442715644836,0.10100095719099045,1.0041968822479248,63.525390625,36.474609375,0.0,-1.2345128059387207,190,23809,109.462778599991,256,2048,deterministic_evenly_spaced_full_fold,640,635,99.21875,1.425508144193831,20,0.99,1.425508144193831
17,COMPLETE,0,42,7411,7628,0b635fc68d95b6725e8cb8631c0afc750a22848a83c6a7d4d0d6c52e71d716ca,dab7ccd15b70d58d5849e1aae253e71366303eb268a524063b3ba4fe47d4f016,42752,7.955075900012162,0.02725839614868164,0.046875,14269c18e6a56f09985dea654338c0b32f5e417a5600e334e252b0c1bbf8bd28,True,True,True,1,0.7552433424463195,5.058239943435257,3.5371904213139693,0.0647554185682963,0.49469644322972733,-0.9581311915517166,4.966992069146404,0.8743941256439539,0.7442478372142227,16.634795422815856,0.0,98.53515625,1.46484375,0.0,0.38190507888793945,0.40118104219436646,0.040087658911943436,0.6679612994194031,0.38190507888793945,0.40118104219436646,0.040087658911943436,0.6679612994194031,99.951171875,0.048828125,0.0,-2.288707971572876,30,30529,7.954751499986742,512,2048,deterministic_evenly_spaced_full_fold,1280,1275,99.609375,1.4832095268464458,20,0.99,1.4832095268464458
17,COMPLETE,1,42,15039,7152,31859ee24a2323f137f4e1bd7bb091f135f0d0c7cc2377d4e74235f7e3443de0,633459e67fe1ae24844bbffd3ed05fe9d35993d6c1089e67f3abb6a8ef32d641,40640,26.429552600020543,0.02701282501220703,0.046875,14269c18e6a56f09985dea654338c0b32f5e417a5600e334e252b0c1bbf8bd28,True,True,True,1,0.6316906625482415,7.311389706168469,5.280580127532583,0.09530959347377214,0.6068425166887825,-1.7705360573676876,7.094269413396445,0.8105959171727567,0.6072510974528311,25.724989397410848,0.0,100.0,0.0,0.0,0.32166072726249695,0.32306089997291565,0.20809121429920197,0.4273083508014679,0.32166072726249695,0.32306089997291565,0.20809121429920197,0.4273083508014679,99.609375,0.390625,0.0,-0.9532554149627686,130,30529,26.42928889999166,512,2048,deterministic_evenly_spaced_full_fold,1280,1269,99.140625,1.598838673557433,20,0.99,1.598838673557433
17,COMPLETE,2,42,22191,7158,253e74b88bf1d5cb90464ade1e9a8dded9e64fe77e1fa6d7dc7b265785fec5f1,640b3d3af9a8eedaeecdab6c360d79d435ac5edf0b9973043bcfd7c57bb9a14a,44448,18.367257899953984,0.027339935302734375,0.046875,14269c18e6a56f09985dea654338c0b32f5e417a5600e334e252b0c1bbf8bd28,True,True,True,1,0.0003802991390170485,9.969136717687244,8.156216983789836,0.10920653155469878,0.9997399912789042,7.336635930406944,6.750098189022576,0.7771601447735753,0.7978062747788015,19.481783346435552,0.0,99.267578125,0.732421875,0.0,0.3126630187034607,0.3461146354675293,0.05053603649139404,0.532107412815094,0.3126630187034607,0.3461146354675293,0.05053603649139404,0.532107412815094,78.61328125,21.38671875,0.0,-1.3983557224273682,20,30529,18.36697890004143,512,2048,deterministic_evenly_spaced_full_fold,1280,1259,98.359375,1.425508144193831,20,0.99,1.425508144193831
18,COMPLETE,0,42,7411,7628,0b635fc68d95b6725e8cb8631c0afc750a22848a83c6a7d4d0d6c52e71d716ca,dab7ccd15b70d58d5849e1aae253e71366303eb268a524063b3ba4fe47d4f016,42752,19.0012137000449,0.029297828674316406,0.048828125,14269c18e6a56f09985dea654338c0b32f5e417a5600e334e252b0c1bbf8bd28,True,True,True,1,0.7487107994376664,5.125297535016074,3.602249643098764,0.06561388761277752,0.5012546833325193,-0.8704853973028606,5.051165688623967,0.8699168635703516,0.781296795610213,14.1738817089077,0.0,100.0,0.0,0.0,0.26378628611564636,0.2611299753189087,0.16118960082530975,0.3770715296268463,0.26378628611564636,0.2611299753189087,0.16118960082530975,0.3770715296268463,99.8046875,0.1953125,0.0,-1.94559907913208,40,44129,19.000924599997234,256,2048,deterministic_evenly_spaced_full_fold,320,315,98.4375,1.4832095268464458,20,0.99,1.4832095268464458
18,COMPLETE,1,42,15039,7152,31859ee24a2323f137f4e1bd7bb091f135f0d0c7cc2377d4e74235f7e3443de0,633459e67fe1ae24844bbffd3ed05fe9d35993d6c1089e67f3abb6a8ef32d641,44448,76.49964489997365,0.028938770294189453,0.048828125,14269c18e6a56f09985dea654338c0b32f5e417a5600e334e252b0c1bbf8bd28,True,True,True,1,0.6183262733096531,7.442857446525553,5.359628858182254,0.09702337667941603,0.617754288270917,-2.0552581487352684,7.153963715264976,0.8055745177596508,0.6175380254453273,24.72010109135813,0.0,100.0,0.0,0.0,0.36025193333625793,0.34508007764816284,0.18445530533790588,0.5793768167495728,0.36025193333625793,0.34508007764816284,0.18445530533790588,0.5793768167495728,76.66015625,23.33984375,0.0,-0.8897782564163208,205,44129,76.49935559998266,256,2048,deterministic_evenly_spaced_full_fold,320,315,98.4375,1.598838673557433,20,0.99,1.598838673557433
18,COMPLETE,2,42,22191,7158,253e74b88bf1d5cb90464ade1e9a8dded9e64fe77e1fa6d7dc7b265785fec5f1,640b3d3af9a8eedaeecdab6c360d79d435ac5edf0b9973043bcfd7c57bb9a14a,40640,58.14262769999914,0.029267311096191406,0.048828125,14269c18e6a56f09985dea654338c0b32f5e417a5600e334e252b0c1bbf8bd28,True,True,True,1,0.005518695514010519,9.943481273535834,7.857977119961675,0.10892548996096682,0.9971671733671306,6.910078407632935,7.150578955799889,0.7506039610100141,0.7725238103798577,20.573864727167294,0.0,100.0,0.0,0.0,0.3344287872314453,0.33165639638900757,0.14266277849674225,0.5466575026512146,0.3344287872314453,0.33165639638900757,0.14266277849674225,0.5466575026512146,60.3515625,39.6484375,0.0,-0.46930310130119324,65,44129,58.142335200042,256,2048,deterministic_evenly_spaced_full_fold,320,319,99.6875,1.425508144193831,20,0.99,1.425508144193831
19,COMPLETE,0,42,7411,7628,0b635fc68d95b6725e8cb8631c0afc750a22848a83c6a7d4d0d6c52e71d716ca,dab7ccd15b70d58d5849e1aae253e71366303eb268a524063b3ba4fe47d4f016,42752,15.096332300046925,0.030154705047607422,0.048828125,14269c18e6a56f09985dea654338c0b32f5e417a5600e334e252b0c1bbf8bd28,True,True,True,1,0.7396312374039474,5.217069345639567,3.70096539275835,0.06678874726280408,0.5102299768757043,-1.1202274461535178,5.0957145822850185,0.8679585649872444,0.7893092642373297,13.372970234855122,0.0,78.369140625,21.630859375,0.0,0.19130443036556244,0.2442479282617569,-0.2257024198770523,0.45962369441986084,0.19130443036556244,0.2442479282617569,-0.2257024198770523,0.45962369441986084,89.208984375,10.791015625,0.0,-0.9575065970420837,20,89313,15.096050199994352,256,2048,deterministic_evenly_spaced_full_fold,640,634,99.0625,1.4832095268464458,20,0.99,1.4832095268464458
19,COMPLETE,1,42,15039,7152,31859ee24a2323f137f4e1bd7bb091f135f0d0c7cc2377d4e74235f7e3443de0,633459e67fe1ae24844bbffd3ed05fe9d35993d6c1089e67f3abb6a8ef32d641,40640,46.506766200007405,0.030570030212402344,0.048828125,14269c18e6a56f09985dea654338c0b32f5e417a5600e334e252b0c1bbf8bd28,True,True,True,1,0.6492320112766821,7.135157179512613,5.149564555294028,0.09301226681667242,0.5922152851642428,-1.148745433329469,7.042569610542334,0.8119325744981445,0.6347352201497599,24.42267433887517,0.0,99.951171875,0.048828125,0.0,0.20502352714538574,0.19463953375816345,0.06439617276191711,0.3740903437137604,0.20502352714538574,0.19463953375816345,0.06439617276191711,0.3740903437137604,77.24609375,22.75390625,0.0,-0.7826882004737854,90,89313,46.50649060000433,256,2048,deterministic_evenly_spaced_full_fold,640,630,98.4375,1.598838673557433,20,0.99,1.598838673557433
19,COMPLETE,2,42,22191,7158,253e74b88bf1d5cb90464ade1e9a8dded9e64fe77e1fa6d7dc7b265785fec5f1,640b3d3af9a8eedaeecdab6c360d79d435ac5edf0b9973043bcfd7c57bb9a14a,44448,101.798632799997,0.03088235855102539,0.048828125,14269c18e6a56f09985dea654338c0b32f5e417a5600e334e252b0c1bbf8bd28,True,True,True,1,0.04116675011683457,9.763638506742154,7.8596873945549035,0.10695540916631857,0.9791319100140968,6.432358662886938,7.345810879123054,0.6875532286226281,0.5580603496455251,32.97829720114439,0.0,94.091796875,5.908203125,0.0,0.28104060888290405,0.24560129642486572,-0.013645807281136513,0.720556378364563,0.28104060888290405,0.24560129642486572,-0.013645807281136513,0.720556378364563,57.91015625,42.08984375,0.0,-0.6121470332145691,205,89313,101.79834000003757,256,2048,deterministic_evenly_spaced_full_fold,640,635,99.21875,1.425508144193831,20,0.99,1.425508144193831
20,COMPLETE,0,42,7411,7628,0b635fc68d95b6725e8cb8631c0afc750a22848a83c6a7d4d0d6c52e71d716ca,dab7ccd15b70d58d5849e1aae253e71366303eb268a524063b3ba4fe47d4f016,42752,14.389225699997041,0.02975177764892578,0.048828125,14269c18e6a56f09985dea654338c0b32f5e417a5600e334e252b0c1bbf8bd28,True,True,True,1,0.7394094850537114,5.219290524466492,3.7012715987279017,0.06681718271985258,0.5104472084182456,-0.3985632744895643,5.204391580178507,0.8611491885600504,0.763513351362877,15.869108558399423,0.0,100.0,0.0,0.0,0.3700585961341858,0.38022351264953613,0.21107731759548187,0.4967699944972992,0.3700585961341858,0.38022351264953613,0.21107731759548187,0.4967699944972992,99.853515625,0.146484375,0.0,-1.2695766687393188,20,68001,14.38892549998127,256,2048,deterministic_evenly_spaced_full_fold,640,634,99.0625,1.4832095268464458,20,0.99,1.4832095268464458
20,COMPLETE,1,42,15039,7152,31859ee24a2323f137f4e1bd7bb091f135f0d0c7cc2377d4e74235f7e3443de0,633459e67fe1ae24844bbffd3ed05fe9d35993d6c1089e67f3abb6a8ef32d641,40640,35.92630759999156,0.029392719268798828,0.048828125,14269c18e6a56f09985dea654338c0b32f5e417a5600e334e252b0c1bbf8bd28,True,True,True,1,0.6372703848634602,7.255796200648207,5.287210736498737,0.09458488933080357,0.6022282772408422,-1.108897725474381,7.17106090563938,0.8036059813874186,0.650864725190527,23.33332928885076,0.0,100.0,0.0,0.0,0.4225160777568817,0.3824569880962372,0.17631272971630096,0.7625981569290161,0.4225160777568817,0.3824569880962372,0.17631272971630096,0.7625981569290161,79.638671875,20.361328125,0.0,-0.8262686133384705,60,68001,35.92600389994914,256,2048,deterministic_evenly_spaced_full_fold,640,630,98.4375,1.598838673557433,20,0.99,1.598838673557433
20,COMPLETE,2,42,22191,7158,253e74b88bf1d5cb90464ade1e9a8dded9e64fe77e1fa6d7dc7b265785fec5f1,640b3d3af9a8eedaeecdab6c360d79d435ac5edf0b9973043bcfd7c57bb9a14a,44448,43.70217979996232,0.02972126007080078,0.05078125,14269c18e6a56f09985dea654338c0b32f5e417a5600e334e252b0c1bbf8bd28,True,True,True,1,0.23362808760913156,8.728908444911717,6.8592762386176,0.0956204977945648,0.8753655506707606,5.574871068295236,6.717213617430635,0.7535336019065825,0.6785195798127184,24.885198776387803,0.0,99.365234375,0.634765625,0.0,0.4105091094970703,0.3753037452697754,0.12103661894798279,0.8775052428245544,0.4105091094970703,0.3753037452697754,0.12103661894798279,0.8775052428245544,68.5546875,31.4453125,0.0,-1.605072021484375,45,68001,43.70190799998818,256,2048,deterministic_evenly_spaced_full_fold,640,635,99.21875,1.425508144193831,20,0.99,1.425508144193831
21,COMPLETE,0,42,7411,7628,0b635fc68d95b6725e8cb8631c0afc750a22848a83c6a7d4d0d6c52e71d716ca,dab7ccd15b70d58d5849e1aae253e71366303eb268a524063b3ba4fe47d4f016,42752,14.44202260003658,0.02975177764892578,0.048828125,14269c18e6a56f09985dea654338c0b32f5e417a5600e334e252b0c1bbf8bd28,True,True,True,1,0.7409157638259207,5.20418425680721,3.6819429847665277,0.06662379278655155,0.5089698137186878,-0.4490590123025047,5.185113725871742,0.8623070149082026,0.7668489461501165,15.58916070699354,0.0,100.0,0.0,0.0,0.4018581807613373,0.4147806763648987,0.23967064917087555,0.536503255367279,0.4018581807613373,0.4147806763648987,0.23967064917087555,0.536503255367279,100.0,0.0,0.0,-1.376577615737915,20,68001,14.441723700030707,256,2048,deterministic_evenly_spaced_full_fold,640,634,99.0625,1.4832095268464458,20,0.99,1.4832095268464458
21,COMPLETE,1,42,15039,7152,31859ee24a2323f137f4e1bd7bb091f135f0d0c7cc2377d4e74235f7e3443de0,633459e67fe1ae24844bbffd3ed05fe9d35993d6c1089e67f3abb6a8ef32d641,40640,36.36407040001359,0.029392719268798828,0.048828125,14269c18e6a56f09985dea654338c0b32f5e417a5600e334e252b0c1bbf8bd28,True,True,True,1,0.6408972060081348,7.219430840638442,5.244307667350342,0.09411083886730087,0.5992099664305183,-1.0181145614692295,7.147780632213014,0.8050664243549457,0.6558943351210528,23.072000029433504,0.0,100.0,0.0,0.0,0.46163350343704224,0.411135733127594,0.21079671382904053,0.8643075227737427,0.46163350343704224,0.411135733127594,0.21079671382904053,0.8643075227737427,79.345703125,20.654296875,0.0,-0.908477246761322,60,68001,36.363789599970914,256,2048,deterministic_evenly_spaced_full_fold,640,630,98.4375,1.598838673557433,20,0.99,1.598838673557433
21,COMPLETE,2,42,22191,7158,253e74b88bf1d5cb90464ade1e9a8dded9e64fe77e1fa6d7dc7b265785fec5f1,640b3d3af9a8eedaeecdab6c360d79d435ac5edf0b9973043bcfd7c57bb9a14a,44448,43.789717700041365,0.02972126007080078,0.05078125,14269c18e6a56f09985dea654338c0b32f5e417a5600e334e252b0c1bbf8bd28,True,True,True,1,0.2593245346316073,8.581320610144536,6.676673927264495,0.09400375243425732,0.8605649250176656,5.265800558944493,6.7761952925959,0.7482317930356889,0.669884860634844,25.094788958394144,0.0,99.4140625,0.5859375,0.0,0.45895087718963623,0.42078548669815063,0.14445684850215912,0.9109318852424622,0.45895087718963623,0.42078548669815063,0.14445684850215912,0.9109318852424622,71.875,28.125,0.0,-1.6341443061828613,45,68001,43.78931379999267,256,2048,deterministic_evenly_spaced_full_fold,640,635,99.21875,1.425508144193831,20,0.99,1.425508144193831
22,COMPLETE,0,42,7411,7628,0b635fc68d95b6725e8cb8631c0afc750a22848a83c6a7d4d0d6c52e71d716ca,dab7ccd15b70d58d5849e1aae253e71366303eb268a524063b3ba4fe47d4f016,42752,12.90720680000959,0.029963970184326172,0.048828125,14269c18e6a56f09985dea654338c0b32f5e417a5600e334e252b0c1bbf8bd28,True,True,True,1,0.7341468878081823,5.2717286060462305,3.6632070886444907,0.06748849328629207,0.5155756587759543,-1.3108569176708396,5.106485593937548,0.8672463776462597,0.7181771793767819,18.075443270262795,0.0,100.0,0.0,0.0,0.2824154794216156,0.2930963933467865,0.14518646895885468,0.3929576277732849,0.2824154794216156,0.2930963933467865,0.14518646895885468,0.3929576277732849,85.009765625,14.990234375,0.0,-0.576673686504364,10,79297,12.906912399979774,256,2048,deterministic_evenly_spaced_full_fold,640,634,99.0625,1.4832095268464458,20,0.99,1.4832095268464458
22,COMPLETE,1,42,15039,7152,31859ee24a2323f137f4e1bd7bb091f135f0d0c7cc2377d4e74235f7e3443de0,633459e67fe1ae24844bbffd3ed05fe9d35993d6c1089e67f3abb6a8ef32d641,40640,37.05184329999611,0.02960491180419922,0.048828125,14269c18e6a56f09985dea654338c0b32f5e417a5600e334e252b0c1bbf8bd28,True,True,True,1,0.6450746448795261,7.177316222658773,5.1272185894200195,0.09356184240010955,0.5957144694331954,-1.6368763884175277,6.98865744578378,0.8147522335700267,0.6500423131247257,22.862925966647996,0.0,99.951171875,0.048828125,0.0,0.46196448802948,0.3988909125328064,0.16584572196006775,0.9913760423660278,0.46196448802948,0.3988909125328064,0.16584572196006775,0.9913760423660278,77.34375,22.65625,0.0,-0.9944427013397217,60,79297,37.05155889998423,256,2048,deterministic_evenly_spaced_full_fold,640,630,98.4375,1.598838673557433,20,0.99,1.598838673557433
22,COMPLETE,2,42,22191,7158,253e74b88bf1d5cb90464ade1e9a8dded9e64fe77e1fa6d7dc7b265785fec5f1,640b3d3af9a8eedaeecdab6c360d79d435ac5edf0b9973043bcfd7c57bb9a14a,44448,102.88227960001677,0.029933452606201172,0.048828125,14269c18e6a56f09985dea654338c0b32f5e417a5600e334e252b0c1bbf8bd28,True,True,True,1,0.317478309446628,8.237555952895718,6.333199245232248,0.09023799548334428,0.8260909996244888,4.338252691624383,7.0031238215077,0.7195869367331603,0.5933708363537128,28.763200254847888,0.0,97.265625,2.734375,0.0,0.5119781494140625,0.39123958349227905,0.035725269466638565,1.258945107460022,0.5119781494140625,0.39123958349227905,0.035725269466638565,1.258945107460022,73.583984375,26.416015625,0.0,-1.1896644830703735,180,79297,102.88197799999034,256,2048,deterministic_evenly_spaced_full_fold,640,635,99.21875,1.425508144193831,20,0.99,1.425508144193831
23,COMPLETE,0,42,7411,7628,0b635fc68d95b6725e8cb8631c0afc750a22848a83c6a7d4d0d6c52e71d716ca,dab7ccd15b70d58d5849e1aae253e71366303eb268a524063b3ba4fe47d4f016,42752,13.161193699983414,0.028044700622558594,0.048828125,14269c18e6a56f09985dea654338c0b32f5e417a5600e334e252b0c1bbf8bd28,True,True,True,1,0.7643382836530126,4.963370419287913,3.373440016860042,0.06354090209334944,0.48541819295069555,-0.8023134150552574,4.898416548553496,0.87805970603606,0.7514969227190328,16.291956109111204,0.0,100.0,0.0,0.0,0.3211251497268677,0.3329349756240845,0.16408245265483856,0.4394928216934204,0.3211251497268677,0.3329349756240845,0.16408245265483856,0.4394928216934204,90.625,9.375,0.0,-1.9601588249206543,5,73857,13.16089539998211,256,2048,deterministic_evenly_spaced_full_fold,640,634,99.0625,1.4832095268464458,20,0.99,1.4832095268464458
23,COMPLETE,1,42,15039,7152,31859ee24a2323f137f4e1bd7bb091f135f0d0c7cc2377d4e74235f7e3443de0,633459e67fe1ae24844bbffd3ed05fe9d35993d6c1089e67f3abb6a8ef32d641,40640,48.10505099996226,0.027799129486083984,0.048828125,14269c18e6a56f09985dea654338c0b32f5e417a5600e334e252b0c1bbf8bd28,True,True,True,1,0.6599861940731212,7.024927460202313,5.110802933673731,0.09157533756540723,0.5830662611115753,-0.9135571715549068,6.965759361613146,0.8161497657461404,0.6505286995194511,23.552194293972047,0.0,99.853515625,0.146484375,0.0,0.6034797430038452,0.5346043705940247,0.18875662982463837,1.2518640756607056,0.6034797430038452,0.5346043705940247,0.18875662982463837,1.2518640756607056,62.59765625,37.40234375,0.0,-0.8615859746932983,110,73857,48.10475930001121,256,2048,deterministic_evenly_spaced_full_fold,640,630,98.4375,1.598838673557433,20,0.99,1.598838673557433
23,COMPLETE,2,42,22191,7158,253e74b88bf1d5cb90464ade1e9a8dded9e64fe77e1fa6d7dc7b265785fec5f1,640b3d3af9a8eedaeecdab6c360d79d435ac5edf0b9973043bcfd7c57bb9a14a,44448,43.49353939999128,0.02812671661376953,0.048828125,14269c18e6a56f09985dea654338c0b32f5e417a5600e334e252b0c1bbf8bd28,True,True,True,1,0.26895761805332663,8.525334470943125,6.535920835400667,0.0933904543874488,0.8549504386381526,4.725248482547748,7.096505489246821,0.7162747483364168,0.6131050949422481,27.964820587449807,0.0,99.4140625,0.5859375,0.0,0.4720612168312073,0.4303826689720154,0.12340626120567322,0.9631859064102173,0.4720612168312073,0.4303826689720154,0.12340626120567322,0.9631859064102173,67.529296875,32.470703125,0.0,-1.4212229251861572,40,73857,43.49325540004065,256,2048,deterministic_evenly_spaced_full_fold,640,635,99.21875,1.425508144193831,20,0.99,1.425508144193831
24,COMPLETE,0,42,7411,7628,0b635fc68d95b6725e8cb8631c0afc750a22848a83c6a7d4d0d6c52e71d716ca,dab7ccd15b70d58d5849e1aae253e71366303eb268a524063b3ba4fe47d4f016,42752,16.10338700003922,0.027860641479492188,0.048828125,14269c18e6a56f09985dea654338c0b32f5e417a5600e334e252b0c1bbf8bd28,True,True,True,1,0.7667116591914171,4.938313843063722,3.4679420803252103,0.06322012864261747,0.4829676569389136,0.3008186798415762,4.929466230616622,0.8766339326470084,0.794927947866779,14.407512928443087,0.0,100.0,0.0,0.0,0.32309117913246155,0.3309606611728668,0.18268008530139923,0.43620818853378296,0.32309117913246155,0.3309606611728668,0.18268008530139923,0.43620818853378296,100.0,0.0,0.0,-1.2034592628479004,10,63489,16.1030894999858,256,2048,deterministic_evenly_spaced_full_fold,320,315,98.4375,1.4832095268464458,20,0.99,1.4832095268464458
24,COMPLETE,1,42,15039,7152,31859ee24a2323f137f4e1bd7bb091f135f0d0c7cc2377d4e74235f7e3443de0,633459e67fe1ae24844bbffd3ed05fe9d35993d6c1089e67f3abb6a8ef32d641,44448,42.53819910000311,0.028182506561279297,0.05078125,14269c18e6a56f09985dea654338c0b32f5e417a5600e334e252b0c1bbf8bd28,True,True,True,1,0.6744541906558212,6.873843227100853,4.968220598212291,0.08960583827513578,0.5705263282216717,-1.3725595820936847,6.7358848627594945,0.8319122346508228,0.6353872028175113,24.15321625343549,0.0,99.951171875,0.048828125,0.0,0.46947139501571655,0.43919599056243896,0.2415328323841095,0.7675929665565491,0.46947139501571655,0.43919599056243896,0.2415328323841095,0.7675929665565491,65.087890625,34.912109375,0.0,-0.7260114550590515,60,63489,42.53792580001755,256,2048,deterministic_evenly_spaced_full_fold,320,315,98.4375,1.598838673557433,20,0.99,1.598838673557433
24,COMPLETE,2,42,22191,7158,253e74b88bf1d5cb90464ade1e9a8dded9e64fe77e1fa6d7dc7b265785fec5f1,640b3d3af9a8eedaeecdab6c360d79d435ac5edf0b9973043bcfd7c57bb9a14a,40640,40.29526300000725,0.028502464294433594,0.05078125,14269c18e6a56f09985dea654338c0b32f5e417a5600e334e252b0c1bbf8bd28,True,True,True,1,0.02997851728771095,9.82043724814832,7.813163608903824,0.10757760883328016,0.984827886992455,6.304521079168668,7.530067940122049,0.7370177014830892,0.7914223471770757,18.833131145837854,0.0,100.0,0.0,0.0,0.4174717366695404,0.3947708308696747,0.2654975354671478,0.6193896532058716,0.4174717366695404,0.3947708308696747,0.2654975354671478,0.6193896532058716,81.982421875,18.017578125,0.0,-0.6074905395507812,15,63489,40.294556899985764,256,2048,deterministic_evenly_spaced_full_fold,320,319,99.6875,1.425508144193831,20,0.99,1.425508144193831
25,COMPLETE,0,42,7411,7628,0b635fc68d95b6725e8cb8631c0afc750a22848a83c6a7d4d0d6c52e71d716ca,dab7ccd15b70d58d5849e1aae253e71366303eb268a524063b3ba4fe47d4f016,42752,13.05574019998312,0.027489185333251953,0.046875,14269c18e6a56f09985dea654338c0b32f5e417a5600e334e252b0c1bbf8bd28,True,True,True,1,0.7434911233706145,5.178254237389456,3.636298386664308,0.06629183754527045,0.5064338548629816,-1.2075301266866763,5.035822918836126,0.8703286803936179,0.7624150470829121,15.135692921047212,0.0,99.755859375,0.244140625,0.0,0.32657164335250854,0.33312857151031494,0.12755733728408813,0.5111232995986938,0.32657164335250854,0.33312857151031494,0.12755733728408813,0.5111232995986938,99.90234375,0.09765625,0.0,-2.664949655532837,5,44001,13.055467500002123,256,2048,deterministic_evenly_spaced_full_fold,640,634,99.0625,1.4832095268464458,20,0.99,1.4832095268464458
25,COMPLETE,1,42,15039,7152,31859ee24a2323f137f4e1bd7bb091f135f0d0c7cc2377d4e74235f7e3443de0,633459e67fe1ae24844bbffd3ed05fe9d35993d6c1089e67f3abb6a8ef32d641,40640,34.79915340000298,0.027243614196777344,0.046875,14269c18e6a56f09985dea654338c0b32f5e417a5600e334e252b0c1bbf8bd28,True,True,True,1,0.6489554670389904,7.137969291658455,5.2228455362170605,0.0930489248633905,0.5924486893842851,-0.986666477766613,7.069942269660404,0.8097354343896056,0.6532946714251269,23.28544510628267,0.0,100.0,0.0,0.0,0.5898478627204895,0.5511220693588257,0.2820028066635132,0.9933011531829834,0.5898478627204895,0.5511220693588257,0.2820028066635132,0.9933011531829834,59.619140625,40.380859375,0.0,-0.487933486700058,60,44001,34.79887250001775,256,2048,deterministic_evenly_spaced_full_fold,640,630,98.4375,1.598838673557433,20,0.99,1.598838673557433
25,COMPLETE,2,42,22191,7158,253e74b88bf1d5cb90464ade1e9a8dded9e64fe77e1fa6d7dc7b265785fec5f1,640b3d3af9a8eedaeecdab6c360d79d435ac5edf0b9973043bcfd7c57bb9a14a,44448,72.69915289996425,0.02757120132446289,0.048828125,14269c18e6a56f09985dea654338c0b32f5e417a5600e334e252b0c1bbf8bd28,True,True,True,1,0.24545245230759072,8.661307441867843,6.554892947134874,0.09487996516058636,0.8685862850124192,3.4397591270858197,7.949536612411968,0.657664238127265,0.6040981464915672,27.22035057659126,0.0,98.779296875,1.220703125,0.0,0.8323482275009155,0.7725461721420288,0.15922193229198456,1.6761380434036255,0.8323482275009155,0.7725461721420288,0.15922193229198456,1.6761380434036255,57.32421875,42.67578125,0.0,-0.8640478849411011,145,44001,72.69886240002234,256,2048,deterministic_evenly_spaced_full_fold,640,635,99.21875,1.425508144193831,20,0.99,1.425508144193831
26,COMPLETE,0,42,7411,7628,0b635fc68d95b6725e8cb8631c0afc750a22848a83c6a7d4d0d6c52e71d716ca,dab7ccd15b70d58d5849e1aae253e71366303eb268a524063b3ba4fe47d4f016,42752,14.307493300002534,0.029329299926757812,0.048828125,14269c18e6a56f09985dea654338c0b32f5e417a5600e334e252b0c1bbf8bd28,True,True,True,1,0.7627461515055916,4.980108478305395,3.4434908115244935,0.06375518216503812,0.48705517703114903,-0.37375793046956296,4.966388924509773,0.8741226138101416,0.7665400608130716,15.685709691513582,0.0,95.458984375,4.541015625,0.0,0.3025498688220978,0.31456881761550903,0.009905281476676464,0.510919988155365,0.3025498688220978,0.31456881761550903,0.009905281476676464,0.510919988155365,100.0,0.0,0.0,-1.428732991218567,5,45185,14.307211700011976,256,2048,deterministic_evenly_spaced_full_fold,640,634,99.0625,1.4832095268464458,20,0.99,1.4832095268464458
26,COMPLETE,1,42,15039,7152,31859ee24a2323f137f4e1bd7bb091f135f0d0c7cc2377d4e74235f7e3443de0,633459e67fe1ae24844bbffd3ed05fe9d35993d6c1089e67f3abb6a8ef32d641,40640,43.68710000003921,0.02897024154663086,0.048828125,14269c18e6a56f09985dea654338c0b32f5e417a5600e334e252b0c1bbf8bd28,True,True,True,1,0.6503477598854144,7.123800124696177,5.194307376340999,0.09286421886394182,0.5912726540087507,-0.9402786165275829,7.061966964467697,0.8102111561724515,0.657805916721045,23.016010163021907,0.0,99.90234375,0.09765625,0.0,0.47233378887176514,0.43999701738357544,0.17565661668777466,0.8742209672927856,0.47233378887176514,0.43999701738357544,0.17565661668777466,0.8742209672927856,52.783203125,47.216796875,0.0,-0.15071089565753937,85,45185,43.686822600022424,256,2048,deterministic_evenly_spaced_full_fold,640,630,98.4375,1.598838673557433,20,0.99,1.598838673557433
26,COMPLETE,2,42,22191,7158,253e74b88bf1d5cb90464ade1e9a8dded9e64fe77e1fa6d7dc7b265785fec5f1,640b3d3af9a8eedaeecdab6c360d79d435ac5edf0b9973043bcfd7c57bb9a14a,44448,35.25490900001023,0.029298782348632812,0.048828125,14269c18e6a56f09985dea654338c0b32f5e417a5600e334e252b0c1bbf8bd28,True,True,True,1,0.0753738845179841,9.587894053792335,7.755148521512872,0.10503022319584467,0.9615076399458928,6.804253320248975,6.755458881223942,0.7685624351218882,0.7619272543789802,21.104541759678863,0.0,99.70703125,0.29296875,0.0,0.4105702042579651,0.37480881810188293,0.1790185123682022,0.754131019115448,0.4105702042579651,0.37480881810188293,0.1790185123682022,0.754131019115448,70.01953125,29.98046875,0.0,-1.1802445650100708,15,45185,35.25462800002424,256,2048,deterministic_evenly_spaced_full_fold,640,635,99.21875,1.425508144193831,20,0.99,1.425508144193831
27,COMPLETE,0,42,7411,7628,0b635fc68d95b6725e8cb8631c0afc750a22848a83c6a7d4d0d6c52e71d716ca,dab7ccd15b70d58d5849e1aae253e71366303eb268a524063b3ba4fe47d4f016,42752,11.483304199995473,0.029471397399902344,0.046875,14269c18e6a56f09985dea654338c0b32f5e417a5600e334e252b0c1bbf8bd28,True,True,True,1,0.7415324836413407,5.197986589491619,3.715789859933758,0.06654445045687639,0.5083636811485389,-1.0062693169308259,5.099989846925168,0.8701355532969732,0.8240682500874928,11.095893697583241,0.0,100.0,0.0,0.0,0.39292842149734497,0.4069420099258423,0.21941974759101868,0.5169917345046997,0.39292842149734497,0.4069420099258423,0.21941974759101868,0.5169917345046997,99.853515625,0.146484375,0.0,-1.9507783651351929,10,53537,11.483031300012954,256,2048,deterministic_evenly_spaced_full_fold,320,315,98.4375,1.4832095268464458,20,0.99,1.4832095268464458
27,COMPLETE,1,42,15039,7152,31859ee24a2323f137f4e1bd7bb091f135f0d0c7cc2377d4e74235f7e3443de0,633459e67fe1ae24844bbffd3ed05fe9d35993d6c1089e67f3abb6a8ef32d641,44448,46.40682530001504,0.02911233901977539,0.046875,14269c18e6a56f09985dea654338c0b32f5e417a5600e334e252b0c1bbf8bd28,True,True,True,1,0.6446022049439,7.18209148473595,5.344757022473636,0.09362409161750833,0.5961108143379564,-0.7424274418978083,7.144114768595514,0.8058203593285704,0.6245546124351309,25.541715285730216,0.0,99.951171875,0.048828125,0.0,0.6486902236938477,0.5485346913337708,0.22413252294063568,1.3537756204605103,0.6486902236938477,0.5485346913337708,0.22413252294063568,1.3537756204605103,65.91796875,34.08203125,0.0,-0.7587724328041077,125,53537,46.40655129996594,256,2048,deterministic_evenly_spaced_full_fold,320,315,98.4375,1.598838673557433,20,0.99,1.598838673557433
27,COMPLETE,2,42,22191,7158,253e74b88bf1d5cb90464ade1e9a8dded9e64fe77e1fa6d7dc7b265785fec5f1,640b3d3af9a8eedaeecdab6c360d79d435ac5edf0b9973043bcfd7c57bb9a14a,40640,91.38754190003965,0.029440879821777344,0.048828125,14269c18e6a56f09985dea654338c0b32f5e417a5600e334e252b0c1bbf8bd28,True,True,True,1,0.3895469962744784,7.790516758203564,5.8278075063918084,0.08534092151356712,0.7812603414382157,3.917964481514704,6.7340954089136025,0.7407071162086557,0.599440228417598,27.97834256435043,0.0,98.779296875,1.220703125,0.0,0.5630759000778198,0.4668431282043457,0.08271780610084534,1.3297771215438843,0.5630759000778198,0.4668431282043457,0.08271780610084534,1.3297771215438843,69.23828125,30.76171875,0.0,-1.0033973455429077,200,53537,91.38723019999452,256,2048,deterministic_evenly_spaced_full_fold,320,319,99.6875,1.425508144193831,20,0.99,1.425508144193831
28,COMPLETE,0,42,7411,7628,0b635fc68d95b6725e8cb8631c0afc750a22848a83c6a7d4d0d6c52e71d716ca,dab7ccd15b70d58d5849e1aae253e71366303eb268a524063b3ba4fe47d4f016,42752,6.433911300031468,0.029471397399902344,0.048828125,14269c18e6a56f09985dea654338c0b32f5e417a5600e334e252b0c1bbf8bd28,True,True,True,1,0.7654979631503817,4.951143109680052,3.410805382150971,0.06338436848472756,0.4842223606768375,-0.5306798052775279,4.922943651566968,0.8766618422850826,0.7522762652232498,16.50997955452202,0.0,99.169921875,0.830078125,0.0,0.33256417512893677,0.3385361135005951,0.07151806354522705,0.5386887788772583,0.33256417512893677,0.3385361135005951,0.07151806354522705,0.5386887788772583,100.0,0.0,0.0,-2.412548542022705,5,53537,6.433530799986329,512,2048,deterministic_evenly_spaced_full_fold,320,315,98.4375,1.4832095268464458,20,0.99,1.4832095268464458
28,COMPLETE,1,42,15039,7152,31859ee24a2323f137f4e1bd7bb091f135f0d0c7cc2377d4e74235f7e3443de0,633459e67fe1ae24844bbffd3ed05fe9d35993d6c1089e67f3abb6a8ef32d641,44448,26.99720189999789,0.02911233901977539,0.048828125,14269c18e6a56f09985dea654338c0b32f5e417a5600e334e252b0c1bbf8bd28,True,True,True,1,0.6596355777108185,7.028548518863713,5.098792443072769,0.09162254085272092,0.5833668075794114,-1.2442616808334452,6.918019864534964,0.8210492643825578,0.6233795641757744,25.1221437065148,0.0,99.951171875,0.048828125,0.0,0.5139507055282593,0.5013529658317566,0.27816134691238403,0.7964483499526978,0.5139507055282593,0.5013529658317566,0.27816134691238403,0.7964483499526978,68.310546875,31.689453125,0.0,-0.555641770362854,125,53537,26.99693040002603,512,2048,deterministic_evenly_spaced_full_fold,320,315,98.4375,1.598838673557433,20,0.99,1.598838673557433
28,COMPLETE,2,42,22191,7158,253e74b88bf1d5cb90464ade1e9a8dded9e64fe77e1fa6d7dc7b265785fec5f1,640b3d3af9a8eedaeecdab6c360d79d435ac5edf0b9973043bcfd7c57bb9a14a,40640,16.777143500046805,0.029440879821777344,0.048828125,14269c18e6a56f09985dea654338c0b32f5e417a5600e334e252b0c1bbf8bd28,True,True,True,1,0.03687069528482989,9.785487064632752,8.326929766827371,0.107194748368325,0.9813229600210899,7.333189895013819,6.479656522803228,0.7786356937752785,0.7377617291285375,23.085026181595257,0.0,100.0,0.0,0.0,0.3048044443130493,0.321480929851532,0.12023613601922989,0.45205122232437134,0.3048044443130493,0.321480929851532,0.12023613601922989,0.45205122232437134,97.021484375,2.978515625,0.0,-1.4397954940795898,5,53537,16.776868999993894,512,2048,deterministic_evenly_spaced_full_fold,320,319,99.6875,1.425508144193831,20,0.99,1.425508144193831
29,COMPLETE,0,42,7411,7628,0b635fc68d95b6725e8cb8631c0afc750a22848a83c6a7d4d0d6c52e71d716ca,dab7ccd15b70d58d5849e1aae253e71366303eb268a524063b3ba4fe47d4f016,42752,11.542689299967606,0.028896808624267578,0.046875,14269c18e6a56f09985dea654338c0b32f5e417a5600e334e252b0c1bbf8bd28,True,True,True,1,0.7672153762133505,4.932979549573124,3.440295086397072,0.06315183919577183,0.4824459624272946,-0.6108374068045653,4.8953351798194635,0.878491891210875,0.7990137505855184,13.214798700944469,0.0,100.0,0.0,0.0,0.3460708260536194,0.34692418575286865,0.17187979817390442,0.4994504749774933,0.3460708260536194,0.34692418575286865,0.17187979817390442,0.4994504749774933,93.06640625,6.93359375,0.0,-1.1558387279510498,10,22721,11.542395500000566,256,2048,deterministic_evenly_spaced_full_fold,320,315,98.4375,1.4832095268464458,20,0.99,1.4832095268464458
29,COMPLETE,1,42,15039,7152,31859ee24a2323f137f4e1bd7bb091f135f0d0c7cc2377d4e74235f7e3443de0,633459e67fe1ae24844bbffd3ed05fe9d35993d6c1089e67f3abb6a8ef32d641,40640,31.33660159999272,0.028537750244140625,0.046875,14269c18e6a56f09985dea654338c0b32f5e417a5600e334e252b0c1bbf8bd28,True,True,True,1,0.6480103358977298,7.147571751870792,5.048305301858274,0.09317410032468672,0.5932456898665248,-1.4069366279064408,7.0082222145144,0.8139167213179157,0.6856497732917383,20.60006225641092,0.0,99.90234375,0.09765625,0.0,0.38355082273483276,0.3700423240661621,0.15237417817115784,0.6482668519020081,0.38355082273483276,0.3700423240661621,0.15237417817115784,0.6482668519020081,77.5390625,22.4609375,0.0,-0.9690110683441162,55,22721,31.33632810000563,256,2048,deterministic_evenly_spaced_full_fold,320,315,98.4375,1.598838673557433,20,0.99,1.598838673557433
29,COMPLETE,2,42,22191,7158,253e74b88bf1d5cb90464ade1e9a8dded9e64fe77e1fa6d7dc7b265785fec5f1,640b3d3af9a8eedaeecdab6c360d79d435ac5edf0b9973043bcfd7c57bb9a14a,44448,93.9556432000245,0.028866291046142578,0.046875,14269c18e6a56f09985dea654338c0b32f5e417a5600e334e252b0c1bbf8bd28,True,True,True,1,0.27211611243536504,8.506897530964906,6.672418960748221,0.09318848762497767,0.8531015176397745,4.706752628146287,7.086663625286671,0.7126170193097423,0.5887063204115986,29.411883138092822,0.0,96.826171875,3.173828125,0.0,0.4415033459663391,0.32752734422683716,0.03183203935623169,1.2879936695098877,0.4415033459663391,0.32752734422683716,0.03183203935623169,1.2879936695098877,52.83203125,47.16796875,0.0,-0.17519479990005493,230,22721,93.95532930002082,256,2048,deterministic_evenly_spaced_full_fold,320,319,99.6875,1.425508144193831,20,0.99,1.425508144193831
30,COMPLETE,0,42,7411,7628,0b635fc68d95b6725e8cb8631c0afc750a22848a83c6a7d4d0d6c52e71d716ca,dab7ccd15b70d58d5849e1aae253e71366303eb268a524063b3ba4fe47d4f016,42752,12.75399820000166,0.02786874771118164,0.048828125,14269c18e6a56f09985dea654338c0b32f5e417a5600e334e252b0c1bbf8bd28,True,True,True,1,0.7239345825871466,5.372026829137467,3.8940183532506807,0.06877250778354,0.5253848364307018,-0.2812635814824777,5.3650103848818675,0.8540173152392045,0.7876082377377918,14.328945952131809,0.0,98.828125,1.171875,0.0,0.2723614573478699,0.28360241651535034,0.11391354352235794,0.4166378378868103,0.2723614573478699,0.28360241651535034,0.11391354352235794,0.4166378378868103,99.267578125,0.732421875,0.0,-0.9437178373336792,5,63329,12.753594900015742,256,2048,deterministic_evenly_spaced_full_fold,1280,1275,99.609375,1.4832095268464458,20,0.99,1.4832095268464458
30,COMPLETE,1,42,15039,7152,31859ee24a2323f137f4e1bd7bb091f135f0d0c7cc2377d4e74235f7e3443de0,633459e67fe1ae24844bbffd3ed05fe9d35993d6c1089e67f3abb6a8ef32d641,40640,41.91592409997247,0.02762317657470703,0.048828125,14269c18e6a56f09985dea654338c0b32f5e417a5600e334e252b0c1bbf8bd28,True,True,True,1,0.6438256231611422,7.1899340177570465,5.162550157615269,0.09372632507299145,0.5967617415442743,-0.9303562225111379,7.129985730571776,0.8061239630949785,0.6553376633022849,23.198729792789308,0.0,98.291015625,1.708984375,0.0,0.5390399098396301,0.4727537930011749,0.09170462191104889,1.204839825630188,0.5390399098396301,0.4727537930011749,0.09170462191104889,1.204839825630188,59.1796875,40.8203125,0.0,-0.5445915460586548,90,63329,41.91562879999401,256,2048,deterministic_evenly_spaced_full_fold,1280,1269,99.140625,1.598838673557433,20,0.99,1.598838673557433
30,COMPLETE,2,42,22191,7158,253e74b88bf1d5cb90464ade1e9a8dded9e64fe77e1fa6d7dc7b265785fec5f1,640b3d3af9a8eedaeecdab6c360d79d435ac5edf0b9973043bcfd7c57bb9a14a,44448,41.69987160002347,0.027950286865234375,0.048828125,14269c18e6a56f09985dea654338c0b32f5e417a5600e334e252b0c1bbf8bd28,True,True,True,1,0.21976204471570515,8.80752095534753,6.814102963449969,0.09648165557026982,0.883249088907133,4.862411430542214,7.344175627842737,0.7054605889672765,0.6389543453533724,26.54929956123347,0.0,99.0234375,0.9765625,0.0,0.43170231580734253,0.3835368752479553,0.11706338077783585,0.9052774906158447,0.43170231580734253,0.3835368752479553,0.11706338077783585,0.9052774906158447,54.8828125,45.1171875,0.0,-0.4245312511920929,40,63329,41.699592799996026,256,2048,deterministic_evenly_spaced_full_fold,1280,1259,98.359375,1.425508144193831,20,0.99,1.425508144193831
31,COMPLETE,0,42,7411,7628,0b635fc68d95b6725e8cb8631c0afc750a22848a83c6a7d4d0d6c52e71d716ca,dab7ccd15b70d58d5849e1aae253e71366303eb268a524063b3ba4fe47d4f016,42752,7.279346600000281,0.030156612396240234,0.05078125,14269c18e6a56f09985dea654338c0b32f5e417a5600e334e252b0c1bbf8bd28,True,True,True,1,0.7421796304479182,5.191475193583063,3.630320709040481,0.06646109178424764,0.5077268658862254,-0.767769762528274,5.134724985323655,0.8675098827265705,0.6927540537245821,20.367360930043716,0.0,100.0,0.0,0.0,0.342502236366272,0.35827505588531494,0.21350567042827606,0.439176470041275,0.342502236366272,0.35827505588531494,0.21350567042827606,0.439176470041275,93.505859375,6.494140625,0.0,-2.2934484481811523,15,88545,7.279055100050755,512,2048,deterministic_evenly_spaced_full_fold,1280,1275,99.609375,1.4832095268464458,20,0.99,1.4832095268464458
31,COMPLETE,1,42,15039,7152,31859ee24a2323f137f4e1bd7bb091f135f0d0c7cc2377d4e74235f7e3443de0,633459e67fe1ae24844bbffd3ed05fe9d35993d6c1089e67f3abb6a8ef32d641,44448,27.01210459996946,0.02979755401611328,0.05078125,14269c18e6a56f09985dea654338c0b32f5e417a5600e334e252b0c1bbf8bd28,True,True,True,1,0.663486799463362,6.988671399763815,5.0153775567176355,0.09110271190595998,0.5800570221233764,-1.285007812832826,6.869998687877754,0.8220784980819587,0.650483625531357,23.18389918789473,0.0,100.0,0.0,0.0,0.5911381840705872,0.555992841720581,0.24145802855491638,1.0949522256851196,0.5911381840705872,0.555992841720581,0.24145802855491638,1.0949522256851196,57.421875,42.578125,0.0,-0.45891672372817993,115,88545,27.011782299960032,512,2048,deterministic_evenly_spaced_full_fold,1280,1269,99.140625,1.598838673557433,20,0.99,1.598838673557433
31,COMPLETE,2,42,22191,7158,253e74b88bf1d5cb90464ade1e9a8dded9e64fe77e1fa6d7dc7b265785fec5f1,640b3d3af9a8eedaeecdab6c360d79d435ac5edf0b9973043bcfd7c57bb9a14a,40640,28.32433909998508,0.03012561798095703,0.05078125,14269c18e6a56f09985dea654338c0b32f5e417a5600e334e252b0c1bbf8bd28,True,True,True,1,0.30632445632663663,8.304592756386478,6.265980412487745,0.09097234761463276,0.8328136853730264,4.700315718745412,6.846885590322047,0.7369043821225566,0.6317276405195162,26.8212895038915,0.0,99.4140625,0.5859375,0.0,0.5485389232635498,0.5278152227401733,0.18011504411697388,0.9779999256134033,0.5485389232635498,0.5278152227401733,0.18011504411697388,0.9779999256134033,62.841796875,37.158203125,0.0,-0.9407111406326294,65,88545,28.32406189996982,512,2048,deterministic_evenly_spaced_full_fold,1280,1259,98.359375,1.425508144193831,20,0.99,1.425508144193831
32,COMPLETE,0,42,7411,7628,0b635fc68d95b6725e8cb8631c0afc750a22848a83c6a7d4d0d6c52e71d716ca,dab7ccd15b70d58d5849e1aae253e71366303eb268a524063b3ba4fe47d4f016,42752,7.27893559995573,0.030156612396240234,0.05078125,14269c18e6a56f09985dea654338c0b32f5e417a5600e334e252b0c1bbf8bd28,True,True,True,1,0.7539121358062668,5.071976917314227,3.428177449486927,0.06493127884842177,0.496039920841438,-1.1332246968429878,4.94408294228411,0.8780007736198145,0.8310039448919858,10.491839049434192,0.0,94.482421875,5.517578125,0.0,0.24459794163703918,0.25734764337539673,-0.011469160206615925,0.42135733366012573,0.24459794163703918,0.25734764337539673,-0.011469160206615925,0.42135733366012573,100.0,0.0,0.0,-2.3703460693359375,10,88545,7.278631099965423,512,2048,deterministic_evenly_spaced_full_fold,1280,1275,99.609375,1.4832095268464458,20,0.99,1.4832095268464458
32,COMPLETE,1,42,15039,7152,31859ee24a2323f137f4e1bd7bb091f135f0d0c7cc2377d4e74235f7e3443de0,633459e67fe1ae24844bbffd3ed05fe9d35993d6c1089e67f3abb6a8ef32d641,44448,37.998690099979285,0.02979755401611328,0.05078125,14269c18e6a56f09985dea654338c0b32f5e417a5600e334e252b0c1bbf8bd28,True,True,True,1,0.6494272017568182,7.133171666860311,5.16788345695342,0.09298638413070805,0.5920504883823363,-1.2165259674891529,7.029161474320665,0.8122826488763023,0.6706796266503756,21.83850142911648,0.0,99.267578125,0.732421875,0.0,0.4518037438392639,0.3999909460544586,0.10178007930517197,0.9535724520683289,0.4518037438392639,0.3999909460544586,0.10178007930517197,0.9535724520683289,54.443359375,45.556640625,0.0,-0.19275295734405518,215,88545,37.998402799945325,512,2048,deterministic_evenly_spaced_full_fold,1280,1269,99.140625,1.598838673557433,20,0.99,1.598838673557433
32,COMPLETE,2,42,22191,7158,253e74b88bf1d5cb90464ade1e9a8dded9e64fe77e1fa6d7dc7b265785fec5f1,640b3d3af9a8eedaeecdab6c360d79d435ac5edf0b9973043bcfd7c57bb9a14a,40640,24.24427879997529,0.03012561798095703,0.05078125,14269c18e6a56f09985dea654338c0b32f5e417a5600e334e252b0c1bbf8bd28,True,True,True,1,0.10396358907048697,9.438499942623691,7.516874854542683,0.10339369104893581,0.9465258745607444,6.172177277986282,7.141192704366005,0.7223404298013177,0.6562119792600181,26.822453082460306,0.0,98.486328125,1.513671875,0.0,0.26952478289604187,0.25046518445014954,0.0526491180062294,0.5761881470680237,0.26952478289604187,0.25046518445014954,0.0526491180062294,0.5761881470680237,63.0859375,36.9140625,0.0,-0.9111899137496948,45,88545,24.243978499958757,512,2048,deterministic_evenly_spaced_full_fold,1280,1259,98.359375,1.425508144193831,20,0.99,1.425508144193831
33,COMPLETE,0,42,7411,7628,0b635fc68d95b6725e8cb8631c0afc750a22848a83c6a7d4d0d6c52e71d716ca,dab7ccd15b70d58d5849e1aae253e71366303eb268a524063b3ba4fe47d4f016,42752,7.574898199993186,0.02995157241821289,0.048828125,14269c18e6a56f09985dea654338c0b32f5e417a5600e334e252b0c1bbf8bd28,True,True,True,1,0.7437361952935899,5.1757799604742765,3.581710292334074,0.06626016193496173,0.5061918702985497,-1.3142804564389496,5.006460921210219,0.8728921666278523,0.7261556727300656,17.52318743022063,0.0,100.0,0.0,0.0,0.4140629172325134,0.4098956286907196,0.2524541914463043,0.568825900554657,0.4140629172325134,0.4098956286907196,0.2524541914463043,0.568825900554657,99.951171875,0.048828125,0.0,-1.8545759916305542,10,77665,7.574608700000681,512,2048,deterministic_evenly_spaced_full_fold,1280,1275,99.609375,1.4832095268464458,20,0.99,1.4832095268464458
33,COMPLETE,1,42,15039,7152,31859ee24a2323f137f4e1bd7bb091f135f0d0c7cc2377d4e74235f7e3443de0,633459e67fe1ae24844bbffd3ed05fe9d35993d6c1089e67f3abb6a8ef32d641,40640,28.5990926999948,0.029592514038085938,0.05078125,14269c18e6a56f09985dea654338c0b32f5e417a5600e334e252b0c1bbf8bd28,True,True,True,1,0.671377026188617,6.906253715285289,5.045623008570148,0.0900283339397478,0.5732163862007126,-0.9829263479117579,6.83642676785837,0.8242591289947842,0.6489005183556436,23.59681065988944,0.0,100.0,0.0,0.0,0.5940733551979065,0.5467936396598816,0.2879336178302765,1.0331649780273438,0.5940733551979065,0.5467936396598816,0.2879336178302765,1.0331649780273438,66.162109375,33.837890625,0.0,-0.7749714255332947,115,77665,28.59878610004671,512,2048,deterministic_evenly_spaced_full_fold,1280,1269,99.140625,1.598838673557433,20,0.99,1.598838673557433
33,COMPLETE,2,42,22191,7158,253e74b88bf1d5cb90464ade1e9a8dded9e64fe77e1fa6d7dc7b265785fec5f1,640b3d3af9a8eedaeecdab6c360d79d435ac5edf0b9973043bcfd7c57bb9a14a,44448,45.18081600003643,0.029920578002929688,0.05078125,14269c18e6a56f09985dea654338c0b32f5e417a5600e334e252b0c1bbf8bd28,True,True,True,1,0.4251800136942453,7.559726412528315,5.5307797751436025,0.08281273739078472,0.7581158762045042,2.576571825330702,7.107587395947357,0.7023012355843447,0.5182894518016625,31.511424345231763,0.0,99.51171875,0.48828125,0.0,0.6090822219848633,0.5495668649673462,0.17747215926647186,1.1659241914749146,0.6090822219848633,0.5495668649673462,0.17747215926647186,1.1659241914749146,67.041015625,32.958984375,0.0,-0.871349573135376,155,77665,45.18052990001161,512,2048,deterministic_evenly_spaced_full_fold,1280,1259,98.359375,1.425508144193831,20,0.99,1.425508144193831
34,COMPLETE,0,42,7411,7628,0b635fc68d95b6725e8cb8631c0afc750a22848a83c6a7d4d0d6c52e71d716ca,dab7ccd15b70d58d5849e1aae253e71366303eb268a524063b3ba4fe47d4f016,42752,6.7494761000270955,0.029109954833984375,0.048828125,14269c18e6a56f09985dea654338c0b32f5e417a5600e334e252b0c1bbf8bd28,True,True,True,1,0.7667064739706324,4.938368723871756,3.4561672520750033,0.06322083122488628,0.48297302428819705,-0.11836114152289212,4.9372737392574475,0.8756982853112527,0.7645309777524868,16.07930922510972,0.0,100.0,0.0,0.0,0.346435546875,0.3538714647293091,0.12812158465385437,0.5065100789070129,0.346435546875,0.3538714647293091,0.12812158465385437,0.5065100789070129,100.0,0.0,0.0,-1.8188941478729248,5,32481,6.74919190001674,512,2048,deterministic_evenly_spaced_full_fold,1280,1275,99.609375,1.4832095268464458,20,0.99,1.4832095268464458
34,COMPLETE,1,42,15039,7152,31859ee24a2323f137f4e1bd7bb091f135f0d0c7cc2377d4e74235f7e3443de0,633459e67fe1ae24844bbffd3ed05fe9d35993d6c1089e67f3abb6a8ef32d641,40640,17.387140200007707,0.028750896453857422,0.048828125,14269c18e6a56f09985dea654338c0b32f5e417a5600e334e252b0c1bbf8bd28,True,True,True,1,0.6559683943595459,7.066310868869783,5.234561670013189,0.0921148021562945,0.5865010680189052,-0.9693099471013285,7.000002768413871,0.8163902765851538,0.6145306057489655,26.01659242698485,0.0,100.0,0.0,0.0,0.5015201568603516,0.4940805435180664,0.29178813099861145,0.7243001461029053,0.5015201568603516,0.4940805435180664,0.29178813099861145,0.7243001461029053,73.4375,26.5625,0.0,-1.1837501525878906,55,32481,17.386874599964358,512,2048,deterministic_evenly_spaced_full_fold,1280,1269,99.140625,1.598838673557433,20,0.99,1.598838673557433
34,COMPLETE,2,42,22191,7158,253e74b88bf1d5cb90464ade1e9a8dded9e64fe77e1fa6d7dc7b265785fec5f1,640b3d3af9a8eedaeecdab6c360d79d435ac5edf0b9973043bcfd7c57bb9a14a,44448,16.97978160000639,0.029078960418701172,0.048828125,14269c18e6a56f09985dea654338c0b32f5e417a5600e334e252b0c1bbf8bd28,True,True,True,1,0.04601032945729411,9.738946605378485,8.397054242434931,0.10668492266565369,0.9766557195521708,7.261224499159134,6.4905766415726065,0.7766537843923804,0.7304747541159183,23.45076668214447,0.0,96.58203125,3.41796875,0.0,0.19561058282852173,0.21363818645477295,0.021595317870378494,0.3194275498390198,0.19561058282852173,0.21363818645477295,0.021595317870378494,0.3194275498390198,91.455078125,8.544921875,0.0,-0.9302529096603394,1,32481,16.979491400008556,512,2048,deterministic_evenly_spaced_full_fold,1280,1259,98.359375,1.425508144193831,20,0.99,1.425508144193831
35,COMPLETE,0,42,7411,7628,0b635fc68d95b6725e8cb8631c0afc750a22848a83c6a7d4d0d6c52e71d716ca,dab7ccd15b70d58d5849e1aae253e71366303eb268a524063b3ba4fe47d4f016,42752,7.332376300008036,0.027710914611816406,0.048828125,14269c18e6a56f09985dea654338c0b32f5e417a5600e334e252b0c1bbf8bd28,True,True,True,1,0.7459204153165131,5.153675327735083,3.654498455345662,0.06597717916598837,0.5040300346961936,-0.5391825414416549,5.12572881329999,0.8667337257494349,0.7947879053247735,13.577145088702185,0.0,100.0,0.0,0.0,0.36957859992980957,0.36980971693992615,0.19635994732379913,0.5456657409667969,0.36957859992980957,0.36980971693992615,0.19635994732379913,0.5456657409667969,89.111328125,10.888671875,0.0,-2.3399877548217773,10,55009,7.3320818999782205,512,2048,deterministic_evenly_spaced_full_fold,1280,1275,99.609375,1.4832095268464458,20,0.99,1.4832095268464458
35,COMPLETE,1,42,15039,7152,31859ee24a2323f137f4e1bd7bb091f135f0d0c7cc2377d4e74235f7e3443de0,633459e67fe1ae24844bbffd3ed05fe9d35993d6c1089e67f3abb6a8ef32d641,44448,17.94081380002899,0.027465343475341797,0.048828125,14269c18e6a56f09985dea654338c0b32f5e417a5600e334e252b0c1bbf8bd28,True,True,True,1,0.6482893624693957,7.144738205831249,5.102527825357663,0.09313716287066341,0.5930105066415985,-1.8348720729751076,6.905591660279699,0.8197759566409246,0.6528657965024961,22.46726414328993,0.0,100.0,0.0,0.0,0.4275493025779724,0.42341911792755127,0.267955482006073,0.6138895750045776,0.4275493025779724,0.42341911792755127,0.267955482006073,0.6138895750045776,96.97265625,3.02734375,0.0,-1.6352183818817139,50,55009,17.940539600036573,512,2048,deterministic_evenly_spaced_full_fold,1280,1269,99.140625,1.598838673557433,20,0.99,1.598838673557433
35,COMPLETE,2,42,22191,7158,253e74b88bf1d5cb90464ade1e9a8dded9e64fe77e1fa6d7dc7b265785fec5f1,640b3d3af9a8eedaeecdab6c360d79d435ac5edf0b9973043bcfd7c57bb9a14a,40640,43.10867300000973,0.02779245376586914,0.048828125,14269c18e6a56f09985dea654338c0b32f5e417a5600e334e252b0c1bbf8bd28,True,True,True,1,0.2762521405059085,8.482693882295502,6.593074903837227,0.09292334967000665,0.8506742908703053,3.9703457593318303,7.496686031129356,0.6624485894267773,0.4809038822893675,35.15083301622721,0.0,99.90234375,0.09765625,0.0,0.5140817761421204,0.4587130546569824,0.16746318340301514,1.045972466468811,0.5140817761421204,0.4587130546569824,0.16746318340301514,1.045972466468811,64.892578125,35.107421875,0.0,-1.3026316165924072,155,55009,43.108364499988966,512,2048,deterministic_evenly_spaced_full_fold,1280,1259,98.359375,1.425508144193831,20,0.99,1.425508144193831
36,COMPLETE,0,42,7411,7628,0b635fc68d95b6725e8cb8631c0afc750a22848a83c6a7d4d0d6c52e71d716ca,dab7ccd15b70d58d5849e1aae253e71366303eb268a524063b3ba4fe47d4f016,42752,11.09463930001948,0.029089927673339844,0.044921875,14269c18e6a56f09985dea654338c0b32f5e417a5600e334e252b0c1bbf8bd28,True,True,True,1,0.7644275130725795,4.962430681178163,3.4768607705190786,0.06352887159750069,0.48532628645640913,-0.33842772017240397,4.951201741234283,0.8749788604062984,0.7585416280688483,16.271243813153347,0.0,100.0,0.0,0.0,0.3864099383354187,0.3888237476348877,0.24107202887535095,0.4981580674648285,0.3864099383354187,0.3888237476348877,0.24107202887535095,0.4981580674648285,96.435546875,3.564453125,0.0,-2.1808135509490967,25,32961,11.094367299985606,256,2048,deterministic_evenly_spaced_full_fold,320,315,98.4375,1.4832095268464458,20,0.99,1.4832095268464458
36,COMPLETE,1,42,15039,7152,31859ee24a2323f137f4e1bd7bb091f135f0d0c7cc2377d4e74235f7e3443de0,633459e67fe1ae24844bbffd3ed05fe9d35993d6c1089e67f3abb6a8ef32d641,44448,41.27914249995956,0.02873086929321289,0.044921875,14269c18e6a56f09985dea654338c0b32f5e417a5600e334e252b0c1bbf8bd28,True,True,True,1,0.6486318795584429,7.14125836932936,5.193351709335976,0.09309180052291842,0.5927216815583601,-1.5139490037956493,6.979422649546556,0.8167241017746099,0.6252778241712293,24.71956318974272,0.0,100.0,0.0,0.0,0.4984189569950104,0.4719744920730591,0.25999897718429565,0.8679419755935669,0.4984189569950104,0.4719744920730591,0.25999897718429565,0.8679419755935669,79.78515625,20.21484375,0.0,-0.7167772054672241,120,32961,41.27887350000674,256,2048,deterministic_evenly_spaced_full_fold,320,315,98.4375,1.598838673557433,20,0.99,1.598838673557433
36,COMPLETE,2,42,22191,7158,253e74b88bf1d5cb90464ade1e9a8dded9e64fe77e1fa6d7dc7b265785fec5f1,640b3d3af9a8eedaeecdab6c360d79d435ac5edf0b9973043bcfd7c57bb9a14a,40640,41.111894899979234,0.029059410095214844,0.046875,14269c18e6a56f09985dea654338c0b32f5e417a5600e334e252b0c1bbf8bd28,True,True,True,1,0.34231102220996323,8.086310815471663,6.070768321949399,0.08858118633924954,0.8109236068349976,4.372372899584412,6.802737900241077,0.7465533300802899,0.6699255020219957,24.19892009747052,0.0,100.0,0.0,0.0,0.5070642828941345,0.4961819648742676,0.2340860515832901,0.8048255443572998,0.5070642828941345,0.4961819648742676,0.2340860515832901,0.8048255443572998,60.546875,39.453125,0.0,-0.47116804122924805,60,32961,41.1116042000358,256,2048,deterministic_evenly_spaced_full_fold,320,319,99.6875,1.425508144193831,20,0.99,1.425508144193831
37,COMPLETE,0,42,7411,7628,0b635fc68d95b6725e8cb8631c0afc750a22848a83c6a7d4d0d6c52e71d716ca,dab7ccd15b70d58d5849e1aae253e71366303eb268a524063b3ba4fe47d4f016,42752,28.848115600005258,0.03006267547607422,0.048828125,14269c18e6a56f09985dea654338c0b32f5e417a5600e334e252b0c1bbf8bd28,True,True,True,1,0.7273242905806817,5.338944370688275,3.8281667951394827,0.06834898725701259,0.5221493682221701,-0.4088810164077031,5.323613310512409,0.8541356624428137,0.7082090228198472,19.66311834558756,0.0,100.0,0.0,0.0,0.3131881356239319,0.32051461935043335,0.20086823403835297,0.4404338598251343,0.3131881356239319,0.32051461935043335,0.20086823403835297,0.4404338598251343,93.75,6.25,0.0,-1.2480266094207764,10,83873,28.84782789996825,128,2048,deterministic_evenly_spaced_full_fold,1280,1275,99.609375,1.4832095268464458,20,0.99,1.4832095268464458
37,COMPLETE,1,42,15039,7152,31859ee24a2323f137f4e1bd7bb091f135f0d0c7cc2377d4e74235f7e3443de0,633459e67fe1ae24844bbffd3ed05fe9d35993d6c1089e67f3abb6a8ef32d641,40640,111.37311869999394,0.029704570770263672,0.048828125,14269c18e6a56f09985dea654338c0b32f5e417a5600e334e252b0c1bbf8bd28,True,True,True,1,0.6443305257614202,7.184836088129142,5.187824273802823,0.09365986963566418,0.5963386153576493,-1.7129649518586911,6.978139378959615,0.8159254751901525,0.6376213234285503,23.656404793847017,0.0,100.0,0.0,0.0,0.4974575638771057,0.4758053123950958,0.30224359035491943,0.7416880130767822,0.4974575638771057,0.4758053123950958,0.30224359035491943,0.7416880130767822,83.447265625,16.552734375,0.0,-1.4213413000106812,130,83873,111.37263379996875,128,2048,deterministic_evenly_spaced_full_fold,1280,1269,99.140625,1.598838673557433,20,0.99,1.598838673557433
37,COMPLETE,2,42,22191,7158,253e74b88bf1d5cb90464ade1e9a8dded9e64fe77e1fa6d7dc7b265785fec5f1,640b3d3af9a8eedaeecdab6c360d79d435ac5edf0b9973043bcfd7c57bb9a14a,44448,73.6542194999638,0.030031681060791016,0.048828125,14269c18e6a56f09985dea654338c0b32f5e417a5600e334e252b0c1bbf8bd28,True,True,True,1,0.27384678034506826,8.496778213433652,6.6798143088401245,0.09307763594337436,0.852086716989835,5.348353450409558,6.6027604809016704,0.7623748758135369,0.6880986527861576,24.08329607548806,0.0,100.0,0.0,0.0,0.2534576654434204,0.25025632977485657,0.1351841539144516,0.3769160211086273,0.2534576654434204,0.25025632977485657,0.1351841539144516,0.3769160211086273,72.509765625,27.490234375,0.0,-0.4896465837955475,5,83873,73.65391380002256,128,2048,deterministic_evenly_spaced_full_fold,1280,1259,98.359375,1.425508144193831,20,0.99,1.425508144193831
38,COMPLETE,0,42,7411,7628,0b635fc68d95b6725e8cb8631c0afc750a22848a83c6a7d4d0d6c52e71d716ca,dab7ccd15b70d58d5849e1aae253e71366303eb268a524063b3ba4fe47d4f016,42752,15.612142800004221,0.029089927673339844,0.044921875,14269c18e6a56f09985dea654338c0b32f5e417a5600e334e252b0c1bbf8bd28,True,True,True,1,0.7602275382376183,5.006472338850603,3.579487303007193,0.0640926914259218,0.4896335655985885,-0.046064416838367386,5.006588598168484,0.8724552074235662,0.7345681752593136,18.21271612646445,0.0,100.0,0.0,0.0,0.44412410259246826,0.4521951377391815,0.33993732929229736,0.5226638913154602,0.44412410259246826,0.4521951377391815,0.33993732929229736,0.5226638913154602,91.064453125,8.935546875,0.0,-1.369446873664856,60,32961,15.611856500036083,256,2048,deterministic_evenly_spaced_full_fold,320,315,98.4375,1.4832095268464458,20,0.99,1.4832095268464458
38,COMPLETE,1,42,15039,7152,31859ee24a2323f137f4e1bd7bb091f135f0d0c7cc2377d4e74235f7e3443de0,633459e67fe1ae24844bbffd3ed05fe9d35993d6c1089e67f3abb6a8ef32d641,44448,35.51723880000645,0.02873086929321289,0.044921875,14269c18e6a56f09985dea654338c0b32f5e417a5600e334e252b0c1bbf8bd28,True,True,True,1,0.6419884913775746,7.208452850489434,5.300170554410691,0.09396773231433211,0.598298797495755,-1.4054380844636785,7.07061004686172,0.8132749834537076,0.5993809002001538,26.641063343746488,0.0,100.0,0.0,0.0,0.47030720114707947,0.46154844760894775,0.304036408662796,0.6707268357276917,0.47030720114707947,0.46154844760894775,0.304036408662796,0.6707268357276917,87.98828125,12.01171875,0.0,-0.7343670725822449,95,32961,35.51697009999771,256,2048,deterministic_evenly_spaced_full_fold,320,315,98.4375,1.598838673557433,20,0.99,1.598838673557433
38,COMPLETE,2,42,22191,7158,253e74b88bf1d5cb90464ade1e9a8dded9e64fe77e1fa6d7dc7b265785fec5f1,640b3d3af9a8eedaeecdab6c360d79d435ac5edf0b9973043bcfd7c57bb9a14a,40640,39.52284399996279,0.029059410095214844,0.046875,14269c18e6a56f09985dea654338c0b32f5e417a5600e334e252b0c1bbf8bd28,True,True,True,1,0.33914738271523615,8.105736017064274,5.989301715892398,0.08879397897624047,0.8128716341738476,4.3431029965938155,6.844483723305196,0.7513237816387875,0.7062808593777444,21.98589709351238,0.0,100.0,0.0,0.0,0.4833051860332489,0.4613666236400604,0.2886265218257904,0.7474815845489502,0.4833051860332489,0.4613666236400604,0.2886265218257904,0.7474815845489502,45.8984375,54.1015625,0.0,0.14644713699817657,60,32961,39.52257919998374,256,2048,deterministic_evenly_spaced_full_fold,320,319,99.6875,1.425508144193831,20,0.99,1.425508144193831
39,COMPLETE,0,42,7411,7628,0b635fc68d95b6725e8cb8631c0afc750a22848a83c6a7d4d0d6c52e71d716ca,dab7ccd15b70d58d5849e1aae253e71366303eb268a524063b3ba4fe47d4f016,42752,9.600939299969468,0.02886676788330078,0.044921875,14269c18e6a56f09985dea654338c0b32f5e417a5600e334e252b0c1bbf8bd28,True,True,True,1,0.7555522183617177,5.0550472586359305,3.5647634367200176,0.06471454592428394,0.49438419829230984,-0.9018865994401921,4.974268499155457,0.8736895664334261,0.7629770175092853,15.402679084215384,0.0,100.0,0.0,0.0,0.42713844776153564,0.4420781135559082,0.2080041766166687,0.6117041110992432,0.42713844776153564,0.4420781135559082,0.2080041766166687,0.6117041110992432,95.947265625,4.052734375,0.0,-2.0204811096191406,15,20545,9.600239599996712,256,2048,deterministic_evenly_spaced_full_fold,640,634,99.0625,1.4832095268464458,20,0.99,1.4832095268464458
39,COMPLETE,1,42,15039,7152,31859ee24a2323f137f4e1bd7bb091f135f0d0c7cc2377d4e74235f7e3443de0,633459e67fe1ae24844bbffd3ed05fe9d35993d6c1089e67f3abb6a8ef32d641,44448,18.94633619999513,0.028507709503173828,0.046875,14269c18e6a56f09985dea654338c0b32f5e417a5600e334e252b0c1bbf8bd28,True,True,True,1,0.6386006935870887,7.242478684073257,5.196849949941273,0.09441128524979449,0.6011229285179354,-1.6212139385658622,7.059187661084948,0.8149660136632609,0.5937801752705281,26.817382474172607,0.0,100.0,0.0,0.0,0.41967007517814636,0.42288458347320557,0.2824850380420685,0.5571495890617371,0.41967007517814636,0.42288458347320557,0.2824850380420685,0.5571495890617371,90.91796875,9.08203125,0.0,-0.8135132193565369,25,20545,18.94600429997081,256,2048,deterministic_evenly_spaced_full_fold,640,630,98.4375,1.598838673557433,20,0.99,1.598838673557433
39,COMPLETE,2,42,22191,7158,253e74b88bf1d5cb90464ade1e9a8dded9e64fe77e1fa6d7dc7b265785fec5f1,640b3d3af9a8eedaeecdab6c360d79d435ac5edf0b9973043bcfd7c57bb9a14a,40640,40.709091699973214,0.02883625030517578,0.046875,14269c18e6a56f09985dea654338c0b32f5e417a5600e334e252b0c1bbf8bd28,True,True,True,1,0.3388276279480408,8.107696767633719,5.913512375408726,0.08881545794427921,0.813068265117199,4.425971503895933,6.793524175976325,0.7482457875556809,0.6758186092250555,23.898538104009663,0.0,100.0,0.0,0.0,0.5646744966506958,0.5297000408172607,0.18654702603816986,1.0920166969299316,0.5646744966506958,0.5297000408172607,0.18654702603816986,1.0920166969299316,61.23046875,38.76953125,0.0,-0.7260403633117676,85,20545,40.708666799997445,256,2048,deterministic_evenly_spaced_full_fold,640,635,99.21875,1.425508144193831,20,0.99,1.425508144193831
40,COMPLETE,0,42,7411,7628,0b635fc68d95b6725e8cb8631c0afc750a22848a83c6a7d4d0d6c52e71d716ca,dab7ccd15b70d58d5849e1aae253e71366303eb268a524063b3ba4fe47d4f016,42752,14.02341249998426,0.02981710433959961,0.048828125,14269c18e6a56f09985dea654338c0b32f5e417a5600e334e252b0c1bbf8bd28,True,True,True,1,0.7427016466979537,5.18621686667335,3.665602796541563,0.06639377485902954,0.507212600914879,-0.2994409980233827,5.177904523140827,0.8624741723146464,0.7588574982970404,16.288502149181554,0.0,100.0,0.0,0.0,0.34507817029953003,0.34280258417129517,0.19379261136054993,0.48332664370536804,0.34507817029953003,0.34280258417129517,0.19379261136054993,0.48332664370536804,100.0,0.0,0.0,-1.7619547843933105,15,72001,14.023113400035072,256,2048,deterministic_evenly_spaced_full_fold,320,315,98.4375,1.4832095268464458,20,0.99,1.4832095268464458
40,COMPLETE,1,42,15039,7152,31859ee24a2323f137f4e1bd7bb091f135f0d0c7cc2377d4e74235f7e3443de0,633459e67fe1ae24844bbffd3ed05fe9d35993d6c1089e67f3abb6a8ef32d641,44448,38.28596660000039,0.029458045959472656,0.048828125,14269c18e6a56f09985dea654338c0b32f5e417a5600e334e252b0c1bbf8bd28,True,True,True,1,0.6236295176573237,7.3909684110429845,5.3889370508642,0.09634696315526517,0.6134475184027716,-1.2497902588556278,7.285043508712553,0.7965472963057237,0.6266740124172231,24.88597772913967,0.0,99.951171875,0.048828125,0.0,0.4694086015224457,0.43012291193008423,0.15884310007095337,0.9018670916557312,0.4694086015224457,0.43012291193008423,0.15884310007095337,0.9018670916557312,84.9609375,15.0390625,0.0,-1.19075608253479,60,72001,38.28565900004469,256,2048,deterministic_evenly_spaced_full_fold,320,315,98.4375,1.598838673557433,20,0.99,1.598838673557433
40,COMPLETE,2,42,22191,7158,253e74b88bf1d5cb90464ade1e9a8dded9e64fe77e1fa6d7dc7b265785fec5f1,640b3d3af9a8eedaeecdab6c360d79d435ac5edf0b9973043bcfd7c57bb9a14a,40640,56.56420249998337,0.02978658676147461,0.048828125,14269c18e6a56f09985dea654338c0b32f5e417a5600e334e252b0c1bbf8bd28,True,True,True,1,0.32741386271388584,8.177378583608894,6.329236009794428,0.08957878476490355,0.8200562019935909,4.43810114603397,6.8687240340403415,0.7297222623460121,0.5934043476301429,28.86103579124086,0.0,99.31640625,0.68359375,0.0,0.4814068078994751,0.413296103477478,0.0872897282242775,1.1007375717163086,0.4814068078994751,0.413296103477478,0.0872897282242775,1.1007375717163086,72.65625,27.34375,0.0,-1.5326268672943115,75,72001,56.56390820001252,256,2048,deterministic_evenly_spaced_full_fold,320,319,99.6875,1.425508144193831,20,0.99,1.425508144193831
41,COMPLETE,0,42,7411,7628,0b635fc68d95b6725e8cb8631c0afc750a22848a83c6a7d4d0d6c52e71d716ca,dab7ccd15b70d58d5849e1aae253e71366303eb268a524063b3ba4fe47d4f016,42752,15.684565700008534,0.029089927673339844,0.044921875,14269c18e6a56f09985dea654338c0b32f5e417a5600e334e252b0c1bbf8bd28,True,True,True,1,0.7577894580387989,5.03186163646875,3.5209499393137076,0.06441772436481033,0.4921166418006376,-0.6134915464388243,4.994650141939309,0.8726469658283521,0.7518404382637498,16.45714789889163,0.0,100.0,0.0,0.0,0.514296293258667,0.5381065011024475,0.2994575500488281,0.6493133306503296,0.514296293258667,0.5381065011024475,0.2994575500488281,0.6493133306503296,95.703125,4.296875,0.0,-1.5249100923538208,60,32961,15.68407209997531,256,2048,deterministic_evenly_spaced_full_fold,320,315,98.4375,1.4832095268464458,20,0.99,1.4832095268464458
41,COMPLETE,1,42,15039,7152,31859ee24a2323f137f4e1bd7bb091f135f0d0c7cc2377d4e74235f7e3443de0,633459e67fe1ae24844bbffd3ed05fe9d35993d6c1089e67f3abb6a8ef32d641,44448,35.31486769998446,0.02873086929321289,0.044921875,14269c18e6a56f09985dea654338c0b32f5e417a5600e334e252b0c1bbf8bd28,True,True,True,1,0.6491504069560425,7.135987109569001,5.176908567714478,0.09302308559387688,0.5922841690378065,-1.569405466118115,6.961756609114616,0.8206198891424803,0.6033198118265867,26.201341035251208,0.0,100.0,0.0,0.0,0.45221054553985596,0.44916394352912903,0.32269397377967834,0.5903436541557312,0.45221054553985596,0.44916394352912903,0.32269397377967834,0.5903436541557312,71.875,28.125,0.0,-0.4938623607158661,95,32961,35.31461170001421,256,2048,deterministic_evenly_spaced_full_fold,320,315,98.4375,1.598838673557433,20,0.99,1.598838673557433
41,COMPLETE,2,42,22191,7158,253e74b88bf1d5cb90464ade1e9a8dded9e64fe77e1fa6d7dc7b265785fec5f1,640b3d3af9a8eedaeecdab6c360d79d435ac5edf0b9973043bcfd7c57bb9a14a,40640,45.4094819999882,0.029059410095214844,0.046875,14269c18e6a56f09985dea654338c0b32f5e417a5600e334e252b0c1bbf8bd28,True,True,True,1,0.21509226340699206,8.833838465036182,6.7271725128868765,0.09676994973591765,0.8858883010728099,5.648943930905969,6.792096833067413,0.7675449950220508,0.7659451024904314,19.707892746391558,0.0,100.0,0.0,0.0,0.4733230769634247,0.46354520320892334,0.32550209760665894,0.6472640633583069,0.4733230769634247,0.46354520320892334,0.32550209760665894,0.6472640633583069,27.24609375,72.75390625,0.0,0.6847734451293945,85,32961,45.409215500054415,256,2048,deterministic_evenly_spaced_full_fold,320,319,99.6875,1.425508144193831,20,0.99,1.425508144193831
42,COMPLETE,0,42,7411,7628,0b635fc68d95b6725e8cb8631c0afc750a22848a83c6a7d4d0d6c52e71d716ca,dab7ccd15b70d58d5849e1aae253e71366303eb268a524063b3ba4fe47d4f016,42752,9.705998499994166,0.02686595916748047,0.044921875,14269c18e6a56f09985dea654338c0b32f5e417a5600e334e252b0c1bbf8bd28,True,True,True,1,0.7505777797212836,5.106222562993158,3.625557783453891,0.06536969045895812,0.49938914889366975,0.11127250333324927,5.10534467488055,0.8672395279465622,0.7846481392772192,14.925104146809325,0.0,82.51953125,17.48046875,0.0,0.22210785746574402,0.2533838748931885,-0.12083800882101059,0.43544164299964905,0.22210785746574402,0.2533838748931885,-0.12083800882101059,0.43544164299964905,77.34375,22.65625,0.0,-0.5934373140335083,5,11201,9.705744000035338,256,2048,deterministic_evenly_spaced_full_fold,320,315,98.4375,1.4832095268464458,20,0.99,1.4832095268464458
42,COMPLETE,1,42,15039,7152,31859ee24a2323f137f4e1bd7bb091f135f0d0c7cc2377d4e74235f7e3443de0,633459e67fe1ae24844bbffd3ed05fe9d35993d6c1089e67f3abb6a8ef32d641,44448,38.485082099970896,0.02662038803100586,0.044921875,14269c18e6a56f09985dea654338c0b32f5e417a5600e334e252b0c1bbf8bd28,True,True,True,1,0.670745860585106,6.912882738724247,5.013487453695379,0.09011474836361062,0.573766592581244,-1.1100578110756756,6.823652232808158,0.8243085602263899,0.6664821208738182,22.238828145483655,0.0,99.90234375,0.09765625,0.0,0.5190002918243408,0.5176008343696594,0.2291228324174881,0.8218417763710022,0.5190002918243408,0.5176008343696594,0.2291228324174881,0.8218417763710022,51.3671875,48.6328125,0.0,-0.10662183165550232,110,11201,38.48481679998804,256,2048,deterministic_evenly_spaced_full_fold,320,315,98.4375,1.598838673557433,20,0.99,1.598838673557433
42,COMPLETE,2,42,22191,7158,253e74b88bf1d5cb90464ade1e9a8dded9e64fe77e1fa6d7dc7b265785fec5f1,640b3d3af9a8eedaeecdab6c360d79d435ac5edf0b9973043bcfd7c57bb9a14a,40640,25.44223859999329,0.026947975158691406,0.044921875,14269c18e6a56f09985dea654338c0b32f5e417a5600e334e252b0c1bbf8bd28,True,True,True,1,0.0001231265280661198,9.970419017366227,8.488242023049136,0.10922057845808883,0.999868584787669,7.540266884608987,6.523770108339743,0.7752052104196828,0.7328544623551606,23.58686740438928,0.0,99.21875,0.78125,0.0,0.30638328194618225,0.35379719734191895,0.053734805434942245,0.4350073039531708,0.30638328194618225,0.35379719734191895,0.053734805434942245,0.4350073039531708,50.341796875,49.658203125,0.0,-0.019828936085104942,5,11201,25.441472599981353,256,2048,deterministic_evenly_spaced_full_fold,320,319,99.6875,1.425508144193831,20,0.99,1.425508144193831
43,COMPLETE,0,42,7411,7628,0b635fc68d95b6725e8cb8631c0afc750a22848a83c6a7d4d0d6c52e71d716ca,dab7ccd15b70d58d5849e1aae253e71366303eb268a524063b3ba4fe47d4f016,42752,5.260263999982271,0.028856277465820312,0.044921875,14269c18e6a56f09985dea654338c0b32f5e417a5600e334e252b0c1bbf8bd28,True,True,True,1,0.7425710795324287,5.187532583901133,3.652559610955929,0.06641061862697163,0.5073412782097797,-1.0359295908543347,5.083377991791455,0.8677256495812696,0.7438121520833891,16.586967352797025,0.0,100.0,0.0,0.0,0.4917609989643097,0.5413570404052734,0.19937831163406372,0.7010152339935303,0.4917609989643097,0.5413570404052734,0.19937831163406372,0.7010152339935303,94.873046875,5.126953125,0.0,-1.886319875717163,20,20545,5.260003899980802,512,2048,deterministic_evenly_spaced_full_fold,320,315,98.4375,1.4832095268464458,20,0.99,1.4832095268464458
43,COMPLETE,1,42,15039,7152,31859ee24a2323f137f4e1bd7bb091f135f0d0c7cc2377d4e74235f7e3443de0,633459e67fe1ae24844bbffd3ed05fe9d35993d6c1089e67f3abb6a8ef32d641,40640,9.867579900019336,0.02849721908569336,0.044921875,14269c18e6a56f09985dea654338c0b32f5e417a5600e334e252b0c1bbf8bd28,True,True,True,1,0.6733599911823975,6.885385452453778,4.94953953179737,0.08975630006836256,0.5714843284600462,-1.0982892427935163,6.797702150259034,0.8315275496226976,0.6092588758964237,26.256675861732433,0.0,100.0,0.0,0.0,0.37817248702049255,0.3867276906967163,0.21480748057365417,0.5151020884513855,0.37817248702049255,0.3867276906967163,0.21480748057365417,0.5151020884513855,98.73046875,1.26953125,0.0,-1.3949205875396729,20,20545,9.867310600006022,512,2048,deterministic_evenly_spaced_full_fold,320,315,98.4375,1.598838673557433,20,0.99,1.598838673557433
43,COMPLETE,2,42,22191,7158,253e74b88bf1d5cb90464ade1e9a8dded9e64fe77e1fa6d7dc7b265785fec5f1,640b3d3af9a8eedaeecdab6c360d79d435ac5edf0b9973043bcfd7c57bb9a14a,44448,17.893138799990993,0.028825759887695312,0.046875,14269c18e6a56f09985dea654338c0b32f5e417a5600e334e252b0c1bbf8bd28,True,True,True,1,0.3056273371216164,8.308764618416014,5.990500886069226,0.09101804811962853,0.8332320543278452,4.456928769314413,7.012718860463064,0.7485411095275721,0.7356841746656853,20.33355728269997,0.0,100.0,0.0,0.0,0.5288022756576538,0.5021084547042847,0.3007010817527771,0.8566796183586121,0.5288022756576538,0.5021084547042847,0.3007010817527771,0.8566796183586121,77.294921875,22.705078125,0.0,-1.9140913486480713,45,20545,17.892882200016174,512,2048,deterministic_evenly_spaced_full_fold,320,319,99.6875,1.425508144193831,20,0.99,1.425508144193831
44,COMPLETE,0,42,7411,7628,0b635fc68d95b6725e8cb8631c0afc750a22848a83c6a7d4d0d6c52e71d716ca,dab7ccd15b70d58d5849e1aae253e71366303eb268a524063b3ba4fe47d4f016,42752,10.884314299968537,0.029281139373779297,0.044921875,14269c18e6a56f09985dea654338c0b32f5e417a5600e334e252b0c1bbf8bd28,True,True,True,1,0.7155307966082004,5.453179559881379,3.938352390803401,0.06981142232813421,0.5333215827508315,-0.5274682197510789,5.427965276648389,0.8491181715287665,0.7660078293546633,15.568611053479291,0.0,100.0,0.0,0.0,0.4139057397842407,0.43442976474761963,0.19591189920902252,0.6022551655769348,0.4139057397842407,0.43442976474761963,0.19591189920902252,0.6022551655769348,93.798828125,6.201171875,0.0,-1.8483572006225586,5,43169,10.884049299987964,256,2048,deterministic_evenly_spaced_full_fold,320,315,98.4375,1.4832095268464458,20,0.99,1.4832095268464458
44,COMPLETE,1,42,15039,7152,31859ee24a2323f137f4e1bd7bb091f135f0d0c7cc2377d4e74235f7e3443de0,633459e67fe1ae24844bbffd3ed05fe9d35993d6c1089e67f3abb6a8ef32d641,40640,29.17632639996009,0.028922080993652344,0.046875,14269c18e6a56f09985dea654338c0b32f5e417a5600e334e252b0c1bbf8bd28,True,True,True,1,0.6541675999072281,7.084780632670432,5.213487908344141,0.09235556974633435,0.5880340512680373,-0.8233918914325552,7.037262732934207,0.8116976802111572,0.6619279757326437,22.844320197655268,0.0,100.0,0.0,0.0,0.4935462474822998,0.46429938077926636,0.24176433682441711,0.8338886499404907,0.4935462474822998,0.46429938077926636,0.24176433682441711,0.8338886499404907,60.302734375,39.697265625,0.0,-0.5840106010437012,55,43169,29.17605429998366,256,2048,deterministic_evenly_spaced_full_fold,320,315,98.4375,1.598838673557433,20,0.99,1.598838673557433
44,COMPLETE,2,42,22191,7158,253e74b88bf1d5cb90464ade1e9a8dded9e64fe77e1fa6d7dc7b265785fec5f1,640b3d3af9a8eedaeecdab6c360d79d435ac5edf0b9973043bcfd7c57bb9a14a,44448,28.528603399987333,0.029250621795654297,0.046875,14269c18e6a56f09985dea654338c0b32f5e417a5600e334e252b0c1bbf8bd28,True,True,True,1,0.31421840287691205,8.257204906485923,6.528735733725033,0.09045323920313983,0.8280614655983438,4.768811182191033,6.741381296696661,0.7427192377052697,0.6208069059081768,27.545759486827993,0.0,100.0,0.0,0.0,0.35059094429016113,0.3422788083553314,0.18529929220676422,0.522322952747345,0.35059094429016113,0.3422788083553314,0.18529929220676422,0.522322952747345,69.3359375,30.6640625,0.0,-0.5576035976409912,5,43169,28.528290699992795,256,2048,deterministic_evenly_spaced_full_fold,320,319,99.6875,1.425508144193831,20,0.99,1.425508144193831
45,COMPLETE,0,42,7411,7628,0b635fc68d95b6725e8cb8631c0afc750a22848a83c6a7d4d0d6c52e71d716ca,dab7ccd15b70d58d5849e1aae253e71366303eb268a524063b3ba4fe47d4f016,42752,6.771025199966971,0.02953195571899414,0.048828125,14269c18e6a56f09985dea654338c0b32f5e417a5600e334e252b0c1bbf8bd28,True,True,True,1,0.7260424457745827,5.35147880938643,3.812905011029536,0.06850945272197558,0.5233752377560789,-1.3485327662131394,5.179121668029221,0.8622359882340213,0.7464480098079412,16.093046252268564,0.0,100.0,0.0,0.0,0.512961745262146,0.517397403717041,0.31134045124053955,0.6920557618141174,0.512961745262146,0.517397403717041,0.31134045124053955,0.6920557618141174,94.62890625,5.37109375,0.0,-2.034213066101074,15,56193,6.7707454999908805,512,2048,deterministic_evenly_spaced_full_fold,640,634,99.0625,1.4832095268464458,20,0.99,1.4832095268464458
45,COMPLETE,1,42,15039,7152,31859ee24a2323f137f4e1bd7bb091f135f0d0c7cc2377d4e74235f7e3443de0,633459e67fe1ae24844bbffd3ed05fe9d35993d6c1089e67f3abb6a8ef32d641,44448,20.75304540002253,0.029172897338867188,0.048828125,14269c18e6a56f09985dea654338c0b32f5e417a5600e334e252b0c1bbf8bd28,True,True,True,1,0.6579395289530265,7.046038518830819,5.159106776751662,0.091850536466922,0.5848184708094497,-0.6610184222526465,7.015454010201107,0.8129909686707143,0.6626356094421788,22.957153717653917,0.0,100.0,0.0,0.0,0.5529496669769287,0.5189859867095947,0.27823325991630554,0.9773966073989868,0.5529496669769287,0.5189859867095947,0.27823325991630554,0.9773966073989868,51.025390625,48.974609375,0.0,-0.07796693593263626,75,56193,20.752738200011663,512,2048,deterministic_evenly_spaced_full_fold,640,630,98.4375,1.598838673557433,20,0.99,1.598838673557433
45,COMPLETE,2,42,22191,7158,253e74b88bf1d5cb90464ade1e9a8dded9e64fe77e1fa6d7dc7b265785fec5f1,640b3d3af9a8eedaeecdab6c360d79d435ac5edf0b9973043bcfd7c57bb9a14a,40640,17.68692569999257,0.02950143814086914,0.048828125,14269c18e6a56f09985dea654338c0b32f5e417a5600e334e252b0c1bbf8bd28,True,True,True,1,0.2259514068425873,8.77251786729212,6.877150840951131,0.0960982155645316,0.8797388564829791,5.496113049181256,6.837861004926259,0.7401776643721765,0.6473922788241747,26.676160793122474,0.0,100.0,0.0,0.0,0.3552306294441223,0.34388941526412964,0.20695854723453522,0.5418777465820312,0.3552306294441223,0.34388941526412964,0.20695854723453522,0.5418777465820312,59.9609375,40.0390625,0.0,-0.7597224712371826,10,56193,17.686646100017242,512,2048,deterministic_evenly_spaced_full_fold,640,635,99.21875,1.425508144193831,20,0.99,1.425508144193831
46,COMPLETE,0,42,7411,7628,0b635fc68d95b6725e8cb8631c0afc750a22848a83c6a7d4d0d6c52e71d716ca,dab7ccd15b70d58d5849e1aae253e71366303eb268a524063b3ba4fe47d4f016,42752,18.745672499993816,0.02908182144165039,0.044921875,14269c18e6a56f09985dea654338c0b32f5e417a5600e334e252b0c1bbf8bd28,True,True,True,1,0.7518544408236484,5.093137764732718,3.6372614972055053,0.06520217930928714,0.49810945413181507,-0.09332074853970108,5.092616564064994,0.8681864750687149,0.7906840206811542,14.305308859357103,0.0,87.744140625,12.255859375,0.0,0.2512977123260498,0.2705004811286926,-0.033195722848176956,0.4893471896648407,0.2512977123260498,0.2705004811286926,-0.033195722848176956,0.4893471896648407,98.046875,1.953125,0.0,-2.206407070159912,5,32961,18.745384500012733,128,2048,deterministic_evenly_spaced_full_fold,320,315,98.4375,1.4832095268464458,20,0.99,1.4832095268464458
46,COMPLETE,1,42,15039,7152,31859ee24a2323f137f4e1bd7bb091f135f0d0c7cc2377d4e74235f7e3443de0,633459e67fe1ae24844bbffd3ed05fe9d35993d6c1089e67f3abb6a8ef32d641,40640,70.73932900000364,0.028723716735839844,0.044921875,14269c18e6a56f09985dea654338c0b32f5e417a5600e334e252b0c1bbf8bd28,True,True,True,1,0.6557791298469196,7.068254321117709,5.070430099030736,0.09214013655250775,0.5866623738035224,-1.285411018119829,6.950877144116456,0.8181156121415257,0.6313789395184387,24.520974909135475,0.0,99.90234375,0.09765625,0.0,0.4243391752243042,0.4094691276550293,0.1582888662815094,0.7469963431358337,0.4243391752243042,0.4094691276550293,0.1582888662815094,0.7469963431358337,70.01953125,29.98046875,0.0,-0.5042082071304321,115,32961,70.73906220000936,128,2048,deterministic_evenly_spaced_full_fold,320,315,98.4375,1.598838673557433,20,0.99,1.598838673557433
46,COMPLETE,2,42,22191,7158,253e74b88bf1d5cb90464ade1e9a8dded9e64fe77e1fa6d7dc7b265785fec5f1,640b3d3af9a8eedaeecdab6c360d79d435ac5edf0b9973043bcfd7c57bb9a14a,44448,52.16163320001215,0.02905130386352539,0.044921875,14269c18e6a56f09985dea654338c0b32f5e417a5600e334e252b0c1bbf8bd28,True,True,True,1,0.3016669932731232,8.332425385055885,6.492474787259908,0.09127723909391632,0.8356048389835344,5.134745923458247,6.5627520220543705,0.7604936549431205,0.6598807495307812,25.564650122803492,0.0,100.0,0.0,0.0,0.2951425313949585,0.28759366273880005,0.14219152927398682,0.4967130720615387,0.2951425313949585,0.28759366273880005,0.14219152927398682,0.4967130720615387,49.169921875,50.830078125,0.0,0.021541867405176163,20,32961,52.16077240003506,128,2048,deterministic_evenly_spaced_full_fold,320,319,99.6875,1.425508144193831,20,0.99,1.425508144193831
47,COMPLETE,0,42,7411,7628,0b635fc68d95b6725e8cb8631c0afc750a22848a83c6a7d4d0d6c52e71d716ca,dab7ccd15b70d58d5849e1aae253e71366303eb268a524063b3ba4fe47d4f016,42752,16.652168300002813,0.029970645904541016,0.05078125,14269c18e6a56f09985dea654338c0b32f5e417a5600e334e252b0c1bbf8bd28,True,True,True,1,0.7496317511562558,5.115897043002139,3.618175695126258,0.06549354282844194,0.500335314141673,-0.10286263614408496,5.115198138055917,0.8683163238627307,0.8105157058721992,12.93156587016698,0.0,95.556640625,4.443359375,0.0,0.41030001640319824,0.43733906745910645,0.02082495018839836,0.6728971600532532,0.41030001640319824,0.43733906745910645,0.02082495018839836,0.6728971600532532,100.0,0.0,0.0,-1.8551502227783203,5,78433,16.65187020000303,256,2048,deterministic_evenly_spaced_full_fold,1280,1275,99.609375,1.4832095268464458,20,0.99,1.4832095268464458
47,COMPLETE,1,42,15039,7152,31859ee24a2323f137f4e1bd7bb091f135f0d0c7cc2377d4e74235f7e3443de0,633459e67fe1ae24844bbffd3ed05fe9d35993d6c1089e67f3abb6a8ef32d641,44448,43.435482600005344,0.02996349334716797,0.05078125,14269c18e6a56f09985dea654338c0b32f5e417a5600e334e252b0c1bbf8bd28,True,True,True,1,0.6539044189437133,7.08747590469816,5.063700973587548,0.09239070469216377,0.588257757803484,-0.9712695339382095,7.0210998274906,0.8128466752222346,0.6751603265312909,21.770073478492392,0.0,100.0,0.0,0.0,0.5335092544555664,0.5105852484703064,0.25988152623176575,0.91452556848526,0.5335092544555664,0.5105852484703064,0.25988152623176575,0.91452556848526,73.6328125,26.3671875,0.0,-0.8583556413650513,60,78433,43.43517770001199,256,2048,deterministic_evenly_spaced_full_fold,1280,1269,99.140625,1.598838673557433,20,0.99,1.598838673557433
47,COMPLETE,2,42,22191,7158,253e74b88bf1d5cb90464ade1e9a8dded9e64fe77e1fa6d7dc7b265785fec5f1,640b3d3af9a8eedaeecdab6c360d79d435ac5edf0b9973043bcfd7c57bb9a14a,40640,70.32747489999747,0.030282974243164062,0.052734375,14269c18e6a56f09985dea654338c0b32f5e417a5600e334e252b0c1bbf8bd28,True,True,True,1,0.1488847020668015,9.198867151700881,6.820084578766441,0.10076864269374347,0.922494657907625,4.487736482932002,8.03046620122255,0.6353201381634184,0.5487537569959073,31.592693059691303,0.0,99.365234375,0.634765625,0.0,0.7466952800750732,0.7261350750923157,0.1883709728717804,1.298009991645813,0.7466952800750732,0.7261350750923157,0.1883709728717804,1.298009991645813,33.0078125,66.9921875,0.0,1.5083905458450317,90,78433,70.3271874000202,256,2048,deterministic_evenly_spaced_full_fold,1280,1259,98.359375,1.425508144193831,20,0.99,1.425508144193831
48,COMPLETE,0,42,7411,7628,0b635fc68d95b6725e8cb8631c0afc750a22848a83c6a7d4d0d6c52e71d716ca,dab7ccd15b70d58d5849e1aae253e71366303eb268a524063b3ba4fe47d4f016,42752,13.097228400001768,0.029503345489501953,0.048828125,14269c18e6a56f09985dea654338c0b32f5e417a5600e334e252b0c1bbf8bd28,True,True,True,1,0.7625430155822992,4.9822399979677074,3.3544415732485247,0.06378246980846017,0.48726363989716803,-0.7248389999717708,4.92955469795678,0.8774479523216125,0.8124139852494804,12.179008832399692,0.0,92.96875,7.03125,0.0,0.29534900188446045,0.31981152296066284,-0.08155207335948944,0.5413332581520081,0.29534900188446045,0.31981152296066284,-0.08155207335948944,0.5413332581520081,100.0,0.0,0.0,-1.7338603734970093,5,53537,13.096951999992598,256,2048,deterministic_evenly_spaced_full_fold,1280,1275,99.609375,1.4832095268464458,20,0.99,1.4832095268464458
48,COMPLETE,1,42,15039,7152,31859ee24a2323f137f4e1bd7bb091f135f0d0c7cc2377d4e74235f7e3443de0,633459e67fe1ae24844bbffd3ed05fe9d35993d6c1089e67f3abb6a8ef32d641,44448,35.164427200041246,0.029144287109375,0.05078125,14269c18e6a56f09985dea654338c0b32f5e417a5600e334e252b0c1bbf8bd28,True,True,True,1,0.6641908252237874,6.981357004967416,5.070589027148765,0.09100736313882159,0.5794499301853612,-1.291548963627826,6.861328543067284,0.8225859169868397,0.6511111843630178,23.133423961871515,0.0,100.0,0.0,0.0,0.37120962142944336,0.3471109867095947,0.19255980849266052,0.652246356010437,0.37120962142944336,0.3471109867095947,0.19255980849266052,0.652246356010437,88.037109375,11.962890625,0.0,-1.0954620838165283,60,53537,35.164162200002465,256,2048,deterministic_evenly_spaced_full_fold,1280,1269,99.140625,1.598838673557433,20,0.99,1.598838673557433
48,COMPLETE,2,42,22191,7158,253e74b88bf1d5cb90464ade1e9a8dded9e64fe77e1fa6d7dc7b265785fec5f1,640b3d3af9a8eedaeecdab6c360d79d435ac5edf0b9973043bcfd7c57bb9a14a,40640,33.30817129998468,0.02947235107421875,0.05078125,14269c18e6a56f09985dea654338c0b32f5e417a5600e334e252b0c1bbf8bd28,True,True,True,1,0.024260674001794436,9.849338266239233,8.289715348558408,0.10789420394411944,0.9877261824409364,7.332632594283115,6.576321573035229,0.7758399620943726,0.750887705642929,22.296032347672405,0.0,99.90234375,0.09765625,0.0,0.2846164107322693,0.3004137873649597,0.10677791386842728,0.436333030462265,0.2846164107322693,0.3004137873649597,0.10677791386842728,0.436333030462265,95.8984375,4.1015625,0.0,-1.1237235069274902,5,53537,33.307502900017425,256,2048,deterministic_evenly_spaced_full_fold,1280,1259,98.359375,1.425508144193831,20,0.99,1.425508144193831
49,COMPLETE,0,42,7411,7628,0b635fc68d95b6725e8cb8631c0afc750a22848a83c6a7d4d0d6c52e71d716ca,dab7ccd15b70d58d5849e1aae253e71366303eb268a524063b3ba4fe47d4f016,42752,11.422636900038924,0.02706623077392578,0.046875,14269c18e6a56f09985dea654338c0b32f5e417a5600e334e252b0c1bbf8bd28,True,True,True,1,0.7649644460921262,4.956772098269494,3.422579662300994,0.06345643060837168,0.48477287640272587,0.07828938054613374,4.956478689529642,0.8771691626626409,0.8276281509333265,11.935570499818358,0.0,92.724609375,7.275390625,0.0,0.2813621163368225,0.32909804582595825,-0.05633954331278801,0.4966457486152649,0.2813621163368225,0.32909804582595825,-0.05633954331278801,0.4966457486152649,87.060546875,12.939453125,0.0,-0.6351697444915771,5,22081,11.422369099978823,256,2048,deterministic_evenly_spaced_full_fold,320,315,98.4375,1.4832095268464458,20,0.99,1.4832095268464458
49,COMPLETE,1,42,15039,7152,31859ee24a2323f137f4e1bd7bb091f135f0d0c7cc2377d4e74235f7e3443de0,633459e67fe1ae24844bbffd3ed05fe9d35993d6c1089e67f3abb6a8ef32d641,40640,43.811808600032236,0.026820659637451172,0.046875,14269c18e6a56f09985dea654338c0b32f5e417a5600e334e252b0c1bbf8bd28,True,True,True,1,0.66630493802984,6.959346469714102,5.03355689496802,0.09072043886704277,0.5776230642756534,-1.1036639837610642,6.8717560775759505,0.822529682232166,0.6411028863075765,24.02196885996518,0.0,100.0,0.0,0.0,0.40158382058143616,0.3640121817588806,0.21805018186569214,0.7352195978164673,0.40158382058143616,0.3640121817588806,0.21805018186569214,0.7352195978164673,81.298828125,18.701171875,0.0,-1.1102614402770996,125,22081,43.811551599996164,256,2048,deterministic_evenly_spaced_full_fold,320,315,98.4375,1.598838673557433,20,0.99,1.598838673557433
49,COMPLETE,2,42,22191,7158,253e74b88bf1d5cb90464ade1e9a8dded9e64fe77e1fa6d7dc7b265785fec5f1,640b3d3af9a8eedaeecdab6c360d79d435ac5edf0b9973043bcfd7c57bb9a14a,44448,29.20964360004291,0.02714824676513672,0.046875,14269c18e6a56f09985dea654338c0b32f5e417a5600e334e252b0c1bbf8bd28,True,True,True,1,-0.04862335961926045,10.210568250525412,8.719869774858124,0.11185128416024911,1.0239515920793874,7.876811808266098,6.497494722848478,0.7857126173141704,0.7782061423258307,21.199278143339264,0.0,99.755859375,0.244140625,0.0,0.24827700853347778,0.2714320719242096,0.032052647322416306,0.42258164286613464,0.24827700853347778,0.2714320719242096,0.032052647322416306,0.42258164286613464,98.291015625,1.708984375,0.0,-0.6955676078796387,5,22081,29.209359099972062,256,2048,deterministic_evenly_spaced_full_fold,320,319,99.6875,1.425508144193831,20,0.99,1.425508144193831
50,COMPLETE,0,42,7411,7628,0b635fc68d95b6725e8cb8631c0afc750a22848a83c6a7d4d0d6c52e71d716ca,dab7ccd15b70d58d5849e1aae253e71366303eb268a524063b3ba4fe47d4f016,42752,12.412079800036736,0.029666900634765625,0.046875,14269c18e6a56f09985dea654338c0b32f5e417a5600e334e252b0c1bbf8bd28,True,True,True,1,0.7339723633310793,5.2734586868507405,3.7412999127632545,0.06751064172288382,0.5157448608759064,-0.7638929854154461,5.218180113184401,0.8600812022128178,0.751443459111433,16.334054244991297,0.0,100.0,0.0,0.0,0.34777209162712097,0.3563172221183777,0.20836327970027924,0.44214779138565063,0.34777209162712097,0.3563172221183777,0.20836327970027924,0.44214779138565063,88.57421875,11.42578125,0.0,-0.9077682495117188,20,63905,12.411800100002438,256,2048,deterministic_evenly_spaced_full_fold,320,315,98.4375,1.4832095268464458,20,0.99,1.4832095268464458
50,COMPLETE,1,42,15039,7152,31859ee24a2323f137f4e1bd7bb091f135f0d0c7cc2377d4e74235f7e3443de0,633459e67fe1ae24844bbffd3ed05fe9d35993d6c1089e67f3abb6a8ef32d641,44448,26.545534899982158,0.029307842254638672,0.046875,14269c18e6a56f09985dea654338c0b32f5e417a5600e334e252b0c1bbf8bd28,True,True,True,1,0.6418382863347032,7.2099648583434774,5.241685380338289,0.09398744250072479,0.5984242935626144,-1.5243834558482672,7.047467119480909,0.8125206006246392,0.6208762212357889,25.017275710904624,0.0,99.609375,0.390625,0.0,0.4339947998523712,0.41239437460899353,0.24012655019760132,0.694412350654602,0.4339947998523712,0.41239437460899353,0.24012655019760132,0.694412350654602,77.880859375,22.119140625,0.0,-0.5982229113578796,40,63905,26.545247400004882,256,2048,deterministic_evenly_spaced_full_fold,320,315,98.4375,1.598838673557433,20,0.99,1.598838673557433
50,COMPLETE,2,42,22191,7158,253e74b88bf1d5cb90464ade1e9a8dded9e64fe77e1fa6d7dc7b265785fec5f1,640b3d3af9a8eedaeecdab6c360d79d435ac5edf0b9973043bcfd7c57bb9a14a,40640,40.44568760000402,0.029636383056640625,0.046875,14269c18e6a56f09985dea654338c0b32f5e417a5600e334e252b0c1bbf8bd28,True,True,True,1,0.25154798143176293,8.62625179166526,6.711347769944819,0.09449594936479266,0.8650707814718139,5.442362137832066,6.693218429862219,0.7586140966565095,0.6978907517925618,23.58912386948761,0.0,100.0,0.0,0.0,0.4141290783882141,0.37934789061546326,0.1504623293876648,0.7831664681434631,0.4141290783882141,0.37934789061546326,0.1504623293876648,0.7831664681434631,66.162109375,33.837890625,0.0,-1.1784332990646362,55,63905,40.44537520001177,256,2048,deterministic_evenly_spaced_full_fold,320,319,99.6875,1.425508144193831,20,0.99,1.425508144193831
51,COMPLETE,0,42,7411,7628,0b635fc68d95b6725e8cb8631c0afc750a22848a83c6a7d4d0d6c52e71d716ca,dab7ccd15b70d58d5849e1aae253e71366303eb268a524063b3ba4fe47d4f016,42752,10.571414400008507,0.02886676788330078,0.046875,14269c18e6a56f09985dea654338c0b32f5e417a5600e334e252b0c1bbf8bd28,True,True,True,1,0.752896966809705,5.082427685673002,3.5927036777490335,0.06506506923539443,0.4970620071785667,-0.08120516400469743,5.082112044215949,0.8706414873076851,0.8199274189482537,12.305801339462104,0.0,92.7734375,7.2265625,0.0,0.3402078151702881,0.373354434967041,-0.05494961142539978,0.646068811416626,0.3402078151702881,0.373354434967041,-0.05494961142539978,0.646068811416626,100.0,0.0,0.0,-1.3471558094024658,5,20545,10.571057100023609,256,2048,deterministic_evenly_spaced_full_fold,640,634,99.0625,1.4832095268464458,20,0.99,1.4832095268464458
51,COMPLETE,1,42,15039,7152,31859ee24a2323f137f4e1bd7bb091f135f0d0c7cc2377d4e74235f7e3443de0,633459e67fe1ae24844bbffd3ed05fe9d35993d6c1089e67f3abb6a8ef32d641,44448,55.170514500001445,0.028507709503173828,0.046875,14269c18e6a56f09985dea654338c0b32f5e417a5600e334e252b0c1bbf8bd28,True,True,True,1,0.6576306869526052,7.049218689942285,5.120315052518909,0.0918919924456062,0.5850824237812294,-0.5899766734249107,7.024977713476249,0.8124839457990309,0.6683072787524955,22.631133814923835,0.0,100.0,0.0,0.0,0.521415114402771,0.49042683839797974,0.230708047747612,0.9515946507453918,0.521415114402771,0.49042683839797974,0.230708047747612,0.9515946507453918,42.919921875,57.080078125,0.0,0.6789138317108154,200,20545,55.17025029996876,256,2048,deterministic_evenly_spaced_full_fold,640,630,98.4375,1.598838673557433,20,0.99,1.598838673557433
51,COMPLETE,2,42,22191,7158,253e74b88bf1d5cb90464ade1e9a8dded9e64fe77e1fa6d7dc7b265785fec5f1,640b3d3af9a8eedaeecdab6c360d79d435ac5edf0b9973043bcfd7c57bb9a14a,40640,28.279160399979446,0.02883625030517578,0.046875,14269c18e6a56f09985dea654338c0b32f5e417a5600e334e252b0c1bbf8bd28,True,True,True,1,-0.05815185595135186,10.2568533852386,8.813347845778315,0.11235831291988095,1.0285932277079175,7.663706290252251,6.817414487724603,0.7786410809430977,0.817654505997232,18.616632267007514,0.0,79.833984375,20.166015625,0.0,0.1228802353143692,0.14167478680610657,-0.18200545012950897,0.3372727036476135,0.1228802353143692,0.14167478680610657,-0.18200545012950897,0.3372727036476135,41.40625,58.59375,0.0,0.1562574952840805,1,20545,28.278896700008772,256,2048,deterministic_evenly_spaced_full_fold,640,635,99.21875,1.425508144193831,20,0.99,1.425508144193831
52,COMPLETE,0,42,7411,7628,0b635fc68d95b6725e8cb8631c0afc750a22848a83c6a7d4d0d6c52e71d716ca,dab7ccd15b70d58d5849e1aae253e71366303eb268a524063b3ba4fe47d4f016,42752,9.855308400001377,0.029215335845947266,0.044921875,14269c18e6a56f09985dea654338c0b32f5e417a5600e334e252b0c1bbf8bd28,True,True,True,1,0.7637029847492876,4.970056065078457,3.4309212010008037,0.06362649150713909,0.4860720498713361,-0.5581767622813169,4.938936507810141,0.8761447347014913,0.7945798389381514,13.572463539281939,0.0,91.064453125,8.935546875,0.0,0.3427354097366333,0.3970986604690552,-0.03450928255915642,0.6054883599281311,0.3427354097366333,0.3970986604690552,-0.03450928255915642,0.6054883599281311,100.0,0.0,0.0,-1.2057816982269287,5,39169,9.85505190002732,256,2048,deterministic_evenly_spaced_full_fold,640,634,99.0625,1.4832095268464458,20,0.99,1.4832095268464458
52,COMPLETE,1,42,15039,7152,31859ee24a2323f137f4e1bd7bb091f135f0d0c7cc2377d4e74235f7e3443de0,633459e67fe1ae24844bbffd3ed05fe9d35993d6c1089e67f3abb6a8ef32d641,40640,43.573842699988745,0.028856277465820312,0.046875,14269c18e6a56f09985dea654338c0b32f5e417a5600e334e252b0c1bbf8bd28,True,True,True,1,0.6598543487141273,7.026289337715578,5.158110348703611,0.09159309068723041,0.5831792964182386,-1.1551363110808985,6.931170111808793,0.8208481966774156,0.6172547676898462,25.640053209315198,0.0,99.072265625,0.927734375,0.0,0.39858147501945496,0.38430899381637573,0.10114199668169022,0.7403476238250732,0.39858147501945496,0.38430899381637573,0.10114199668169022,0.7403476238250732,64.404296875,35.595703125,0.0,-0.3719080090522766,150,39169,43.57359079999151,256,2048,deterministic_evenly_spaced_full_fold,640,630,98.4375,1.598838673557433,20,0.99,1.598838673557433
52,COMPLETE,2,42,22191,7158,253e74b88bf1d5cb90464ade1e9a8dded9e64fe77e1fa6d7dc7b265785fec5f1,640b3d3af9a8eedaeecdab6c360d79d435ac5edf0b9973043bcfd7c57bb9a14a,44448,32.27384619996883,0.029184818267822266,0.046875,14269c18e6a56f09985dea654338c0b32f5e417a5600e334e252b0c1bbf8bd28,True,True,True,1,0.22018960377603358,8.805107427915642,6.793053848179201,0.09645521667519669,0.8830070519121518,5.803329986045733,6.622492350886374,0.7723882632994655,0.7464507980336477,21.03324096240731,0.0,100.0,0.0,0.0,0.3663080036640167,0.33293813467025757,0.16274335980415344,0.6840445399284363,0.3663080036640167,0.33293813467025757,0.16274335980415344,0.6840445399284363,43.359375,56.640625,0.0,0.3656776547431946,35,39169,32.27334010001505,256,2048,deterministic_evenly_spaced_full_fold,640,635,99.21875,1.425508144193831,20,0.99,1.425508144193831
53,COMPLETE,0,42,7411,7628,0b635fc68d95b6725e8cb8631c0afc750a22848a83c6a7d4d0d6c52e71d716ca,dab7ccd15b70d58d5849e1aae253e71366303eb268a524063b3ba4fe47d4f016,42752,8.239466099999845,0.02886676788330078,0.044921875,14269c18e6a56f09985dea654338c0b32f5e417a5600e334e252b0c1bbf8bd28,True,True,True,1,0.7585754735208097,5.023690367168825,3.4660119850346724,0.06431311604854459,0.49131749073138253,-1.1558662273525004,4.889230201423759,0.8786470309383039,0.7493701783588474,16.084699840501827,0.0,100.0,0.0,0.0,0.5345237851142883,0.5624767541885376,0.3162098824977875,0.6911106705665588,0.5345237851142883,0.5624767541885376,0.3162098824977875,0.6911106705665588,93.115234375,6.884765625,0.0,-1.384779691696167,60,20545,8.23916639998788,512,2048,deterministic_evenly_spaced_full_fold,640,634,99.0625,1.4832095268464458,20,0.99,1.4832095268464458
53,COMPLETE,1,42,15039,7152,31859ee24a2323f137f4e1bd7bb091f135f0d0c7cc2377d4e74235f7e3443de0,633459e67fe1ae24844bbffd3ed05fe9d35993d6c1089e67f3abb6a8ef32d641,44448,14.593949800007977,0.028507709503173828,0.046875,14269c18e6a56f09985dea654338c0b32f5e417a5600e334e252b0c1bbf8bd28,True,True,True,1,0.6468840534330439,7.158997876224464,5.069266347010397,0.09332304865200818,0.5941940537668831,-1.756254903422106,6.940717180668318,0.8207736650318455,0.6126117072715356,25.363985521233094,0.0,100.0,0.0,0.0,0.4195803105831146,0.4102654457092285,0.2816395163536072,0.5908294916152954,0.4195803105831146,0.4102654457092285,0.2816395163536072,0.5908294916152954,74.90234375,25.09765625,0.0,-0.4910535216331482,60,20545,14.593689300003462,512,2048,deterministic_evenly_spaced_full_fold,640,630,98.4375,1.598838673557433,20,0.99,1.598838673557433
53,COMPLETE,2,42,22191,7158,253e74b88bf1d5cb90464ade1e9a8dded9e64fe77e1fa6d7dc7b265785fec5f1,640b3d3af9a8eedaeecdab6c360d79d435ac5edf0b9973043bcfd7c57bb9a14a,40640,17.680281899985857,0.02883625030517578,0.046875,14269c18e6a56f09985dea654338c0b32f5e417a5600e334e252b0c1bbf8bd28,True,True,True,1,0.1580934299683583,9.148967775820037,7.276867167314826,0.1002220218657812,0.9174905734998517,6.340732523035357,6.595816872945868,0.774331327405223,0.7487503963342538,21.432513790732806,0.0,100.0,0.0,0.0,0.4090426564216614,0.40784329175949097,0.248912051320076,0.5714619755744934,0.4090426564216614,0.40784329175949097,0.248912051320076,0.5714619755744934,35.986328125,64.013671875,0.0,0.49950507283210754,45,20545,17.680028899980243,512,2048,deterministic_evenly_spaced_full_fold,640,635,99.21875,1.425508144193831,20,0.99,1.425508144193831
54,COMPLETE,0,42,7411,7628,0b635fc68d95b6725e8cb8631c0afc750a22848a83c6a7d4d0d6c52e71d716ca,dab7ccd15b70d58d5849e1aae253e71366303eb268a524063b3ba4fe47d4f016,42752,11.235799100017175,0.024096965789794922,0.044921875,14269c18e6a56f09985dea654338c0b32f5e417a5600e334e252b0c1bbf8bd28,True,True,True,1,0.7653439018407806,4.952769224236758,3.4485835623978693,0.06340518594889238,0.4843813948658998,-0.37783086293645096,4.93866017314794,0.8756351347088452,0.7621562840238887,15.983192227848182,0.0,100.0,0.0,0.0,0.49402114748954773,0.5055136680603027,0.2713600695133209,0.674441397190094,0.49402114748954773,0.5055136680603027,0.2713600695133209,0.674441397190094,100.0,0.0,0.0,-2.6620383262634277,25,7233,11.23554130003322,256,2048,deterministic_evenly_spaced_full_fold,640,634,99.0625,1.4832095268464458,20,0.99,1.4832095268464458
54,COMPLETE,1,42,15039,7152,31859ee24a2323f137f4e1bd7bb091f135f0d0c7cc2377d4e74235f7e3443de0,633459e67fe1ae24844bbffd3ed05fe9d35993d6c1089e67f3abb6a8ef32d641,44448,41.16361200000392,0.023144245147705078,0.044921875,14269c18e6a56f09985dea654338c0b32f5e417a5600e334e252b0c1bbf8bd28,True,True,True,1,0.6545469633221274,7.080893715115338,5.035835848025294,0.0923049007836706,0.5877114386148908,-1.384860720943818,6.944635330334246,0.8178659068833729,0.6412423952658588,23.73100539373812,0.0,100.0,0.0,0.0,0.566712498664856,0.5385254621505737,0.31306666135787964,0.9568296074867249,0.566712498664856,0.5385254621505737,0.31306666135787964,0.9568296074867249,96.240234375,3.759765625,0.0,-1.0455329418182373,130,7233,41.16335220000474,256,2048,deterministic_evenly_spaced_full_fold,640,630,98.4375,1.598838673557433,20,0.99,1.598838673557433
54,COMPLETE,2,42,22191,7158,253e74b88bf1d5cb90464ade1e9a8dded9e64fe77e1fa6d7dc7b265785fec5f1,640b3d3af9a8eedaeecdab6c360d79d435ac5edf0b9973043bcfd7c57bb9a14a,40640,39.269405099970754,0.023468971252441406,0.044921875,14269c18e6a56f09985dea654338c0b32f5e417a5600e334e252b0c1bbf8bd28,True,True,True,1,0.22227245384178673,8.79334047708699,6.84024888465244,0.09632631605688217,0.8818270208169874,5.477292626821385,6.8795867774664465,0.7434779240976395,0.678787098474319,24.771551322000086,0.0,100.0,0.0,0.0,0.5179041028022766,0.5093729496002197,0.26640987396240234,0.7995462417602539,0.5179041028022766,0.5093729496002197,0.26640987396240234,0.7995462417602539,38.4765625,61.5234375,0.0,0.3883129954338074,60,7233,39.26913940004306,256,2048,deterministic_evenly_spaced_full_fold,640,635,99.21875,1.425508144193831,20,0.99,1.425508144193831
