source_relative_path,destination_relative_path,classification,transformation,source_size_bytes,destination_size_bytes,source_sha256,destination_sha256
models/interp/work_pinn_co_interp_final_r5f_std/configs/BEST_CONFIG_CO_INTERP_R5.json,configs/models/dense_pinn/interpolative/CO/final/configs/BEST_CONFIG_CO_INTERP_R5.json,FROZEN_CONFIG,verbatim copy,3127,3127,984c0a59463a596d8ac085858557e06ee95b6e63dd10fe6973d99b2347742292,984c0a59463a596d8ac085858557e06ee95b6e63dd10fe6973d99b2347742292
models/interp/work_pinn_co_interp_final_r5f_std/configs/FINAL_MODEL_MANIFEST_CO_R5F_STD.json,configs/models/dense_pinn/interpolative/CO/final/configs/FINAL_MODEL_MANIFEST_CO_R5F_STD.json,FROZEN_CONFIG,verbatim copy,1174,1174,0a703f92f6dc9459b5f5ebd83b8284e74376529a76b45b7a15b891e7fb8433a7,0a703f92f6dc9459b5f5ebd83b8284e74376529a76b45b7a15b891e7fb8433a7
models/interp/work_pinn_co_interp_final_r5f_std/configs/FINAL_REPRESENTATIVE_SEED_CO_R5.json,configs/models/dense_pinn/interpolative/CO/final/configs/FINAL_REPRESENTATIVE_SEED_CO_R5.json,FROZEN_CONFIG,verbatim copy,407,407,b84ee2e995d5f43c1a85f2bbf10afb523d698fa2d2be17e8bc640bafc2080f07,b84ee2e995d5f43c1a85f2bbf10afb523d698fa2d2be17e8bc640bafc2080f07
models/interp/work_pinn_co_interp_final_r5f_std/configs/FINAL_TRAINING_POLICY_CO_INTERP_R5.json,configs/models/dense_pinn/interpolative/CO/final/configs/FINAL_TRAINING_POLICY_CO_INTERP_R5.json,FROZEN_CONFIG,verbatim copy,651,651,5f74ab514e374ba2d44cb429d03c32bebc4e1803ed11b5e4dd750cfe5913bc7a,5f74ab514e374ba2d44cb429d03c32bebc4e1803ed11b5e4dd750cfe5913bc7a
models/interp/work_pinn_co_interp_final_r5f_std/configs/FROZEN_CONFIG_MANIFEST_CO_INTERP_R5.json,configs/models/dense_pinn/interpolative/CO/final/configs/FROZEN_CONFIG_MANIFEST_CO_INTERP_R5.json,FROZEN_CONFIG,verbatim copy,5352,5352,80178261d1f4e4306783989ed1ec3bf31b825cff080536c8b6036823c0820756,80178261d1f4e4306783989ed1ec3bf31b825cff080536c8b6036823c0820756
models/interp/work_pinn_co_interp_final_r5f_std/configs/MODEL_PROFILE_CO_PINN_INTERP_R5.json,configs/models/dense_pinn/interpolative/CO/final/configs/MODEL_PROFILE_CO_PINN_INTERP_R5.json,FROZEN_CONFIG,verbatim copy,1145,1145,47b14f711ec08d97b55721798119012042d0a0586f5870da6c9684bcb6c360fe,47b14f711ec08d97b55721798119012042d0a0586f5870da6c9684bcb6c360fe
models/interp/work_pinn_co_interp_opt_r5/configs/BEST_CONFIG_CO_INTERP_R5.json,configs/models/dense_pinn/interpolative/CO/optimization/configs/BEST_CONFIG_CO_INTERP_R5.json,FROZEN_CONFIG,verbatim copy,3127,3127,984c0a59463a596d8ac085858557e06ee95b6e63dd10fe6973d99b2347742292,984c0a59463a596d8ac085858557e06ee95b6e63dd10fe6973d99b2347742292
models/interp/work_pinn_co_interp_opt_r5/configs/CONFIG_MLP_CO_INTERP_R5_MATCHED_ABLATION.json,configs/models/dense_pinn/interpolative/CO/optimization/configs/CONFIG_MLP_CO_INTERP_R5_MATCHED_ABLATION.json,FROZEN_CONFIG,verbatim copy,3123,3123,9b1f39561470939f891eb1ef22eaff67635473bf0fc93bc115a354ba268972a9,9b1f39561470939f891eb1ef22eaff67635473bf0fc93bc115a354ba268972a9
models/interp/work_pinn_co_interp_opt_r5/configs/FINAL_REPRESENTATIVE_SEED_CO_R5.json,configs/models/dense_pinn/interpolative/CO/optimization/configs/FINAL_REPRESENTATIVE_SEED_CO_R5.json,FROZEN_CONFIG,verbatim copy,407,407,b84ee2e995d5f43c1a85f2bbf10afb523d698fa2d2be17e8bc640bafc2080f07,b84ee2e995d5f43c1a85f2bbf10afb523d698fa2d2be17e8bc640bafc2080f07
models/interp/work_pinn_co_interp_opt_r5/configs/FINAL_TRAINING_POLICY_CO_INTERP_R5.json,configs/models/dense_pinn/interpolative/CO/optimization/configs/FINAL_TRAINING_POLICY_CO_INTERP_R5.json,FROZEN_CONFIG,verbatim copy,651,651,5f74ab514e374ba2d44cb429d03c32bebc4e1803ed11b5e4dd750cfe5913bc7a,5f74ab514e374ba2d44cb429d03c32bebc4e1803ed11b5e4dd750cfe5913bc7a
models/interp/work_pinn_co_interp_opt_r5/configs/FROZEN_CONFIG_MANIFEST_CO_INTERP_R5.json,configs/models/dense_pinn/interpolative/CO/optimization/configs/FROZEN_CONFIG_MANIFEST_CO_INTERP_R5.json,FROZEN_CONFIG,verbatim copy,5352,5352,80178261d1f4e4306783989ed1ec3bf31b825cff080536c8b6036823c0820756,80178261d1f4e4306783989ed1ec3bf31b825cff080536c8b6036823c0820756
models/interp/work_pinn_co_interp_opt_r5/configs/SEARCH_SPACE_SIGNATURE_CO_R5.json,configs/models/dense_pinn/interpolative/CO/optimization/configs/SEARCH_SPACE_SIGNATURE_CO_R5.json,FROZEN_CONFIG,verbatim copy,4306,4306,3f55a9a358331e6f2f45664462ddb3f5ffc42b260814eb79db67539dca9f666f,3f55a9a358331e6f2f45664462ddb3f5ffc42b260814eb79db67539dca9f666f
models/interp/work_pinn_nox_interp_final_r6f_std/configs/BEST_CONFIG_NOX_INTERP_R6.json,configs/models/dense_pinn/interpolative/NOx/final/configs/BEST_CONFIG_NOX_INTERP_R6.json,FROZEN_CONFIG,verbatim copy,3152,3152,316b5f89c38693bd28de49339bc3b67aaa1cf2ad644158f069650961908c2600,316b5f89c38693bd28de49339bc3b67aaa1cf2ad644158f069650961908c2600
models/interp/work_pinn_nox_interp_final_r6f_std/configs/CAMPAIGN_POLICY_NOX_INTERP_R6.json,configs/models/dense_pinn/interpolative/NOx/final/configs/CAMPAIGN_POLICY_NOX_INTERP_R6.json,FROZEN_CONFIG,verbatim copy,3320,3320,d6c57c372241aa6ef453a5cc3688334f54c0bf1b74c716815ac7b067d08590c6,d6c57c372241aa6ef453a5cc3688334f54c0bf1b74c716815ac7b067d08590c6
models/interp/work_pinn_nox_interp_final_r6f_std/configs/FINAL_MODEL_MANIFEST_NOX_R6F_STD.json,configs/models/dense_pinn/interpolative/NOx/final/configs/FINAL_MODEL_MANIFEST_NOX_R6F_STD.json,FROZEN_CONFIG,verbatim copy,1958,1958,5798420d2daa2b11476a49430e358c2d8b1331b7e7ca090cdcd385b64476738a,5798420d2daa2b11476a49430e358c2d8b1331b7e7ca090cdcd385b64476738a
models/interp/work_pinn_nox_interp_final_r6f_std/configs/FINAL_REPRESENTATIVE_SEED_NOX_R6.json,configs/models/dense_pinn/interpolative/NOx/final/configs/FINAL_REPRESENTATIVE_SEED_NOX_R6.json,FROZEN_CONFIG,verbatim copy,443,443,8d57ad061a91546a76117fa2145d4b29225fdecfca63c73375e973866bd5b2ad,8d57ad061a91546a76117fa2145d4b29225fdecfca63c73375e973866bd5b2ad
models/interp/work_pinn_nox_interp_final_r6f_std/configs/FINAL_TRAINING_POLICY_NOX_INTERP_R6.json,configs/models/dense_pinn/interpolative/NOx/final/configs/FINAL_TRAINING_POLICY_NOX_INTERP_R6.json,FROZEN_CONFIG,verbatim copy,3773,3773,e5acd4961064bbf12226dbefadf0a7e1335f0b773c1530e568d1bc78943e397a,e5acd4961064bbf12226dbefadf0a7e1335f0b773c1530e568d1bc78943e397a
models/interp/work_pinn_nox_interp_final_r6f_std/configs/FROZEN_CONFIG_MANIFEST_NOX_INTERP_R6.json,configs/models/dense_pinn/interpolative/NOx/final/configs/FROZEN_CONFIG_MANIFEST_NOX_INTERP_R6.json,FROZEN_CONFIG,verbatim copy,10326,10326,b943c12d4ae7c2d949f6ad03b0e73d9b11f2df857458a1c856314d87cfcf4752,b943c12d4ae7c2d949f6ad03b0e73d9b11f2df857458a1c856314d87cfcf4752
models/interp/work_pinn_nox_interp_final_r6f_std/configs/MODEL_PROFILE_NOX_PINN_INTERP_R6.json,configs/models/dense_pinn/interpolative/NOx/final/configs/MODEL_PROFILE_NOX_PINN_INTERP_R6.json,FROZEN_CONFIG,verbatim copy,1218,1218,c4853b98f3509fc21ad1c156e3a54d5e677a22c10e85cd95ba4c4b21f28989ab,c4853b98f3509fc21ad1c156e3a54d5e677a22c10e85cd95ba4c4b21f28989ab
models/interp/work_pinn_nox_interp_final_r6f_std/configs/SEARCH_SPACE_SIGNATURE_NOX_R6.json,configs/models/dense_pinn/interpolative/NOx/final/configs/SEARCH_SPACE_SIGNATURE_NOX_R6.json,FROZEN_CONFIG,verbatim copy,4308,4308,77e83c43646e0fe8a668b0086164a2c316d1c4e6f06740f4d194986b134359af,77e83c43646e0fe8a668b0086164a2c316d1c4e6f06740f4d194986b134359af
models/interp/work_pinn_nox_interp_opt_r6/configs/BEST_CONFIG_NOX_INTERP_R6.json,configs/models/dense_pinn/interpolative/NOx/optimization/configs/BEST_CONFIG_NOX_INTERP_R6.json,FROZEN_CONFIG,verbatim copy,3152,3152,316b5f89c38693bd28de49339bc3b67aaa1cf2ad644158f069650961908c2600,316b5f89c38693bd28de49339bc3b67aaa1cf2ad644158f069650961908c2600
models/interp/work_pinn_nox_interp_opt_r6/configs/CAMPAIGN_POLICY_NOX_INTERP_R6.json,configs/models/dense_pinn/interpolative/NOx/optimization/configs/CAMPAIGN_POLICY_NOX_INTERP_R6.json,FROZEN_CONFIG,verbatim copy,3320,3320,d6c57c372241aa6ef453a5cc3688334f54c0bf1b74c716815ac7b067d08590c6,d6c57c372241aa6ef453a5cc3688334f54c0bf1b74c716815ac7b067d08590c6
models/interp/work_pinn_nox_interp_opt_r6/configs/CONFIG_MLP_NOX_INTERP_R6_MATCHED_ABLATION.json,configs/models/dense_pinn/interpolative/NOx/optimization/configs/CONFIG_MLP_NOX_INTERP_R6_MATCHED_ABLATION.json,FROZEN_CONFIG,verbatim copy,3210,3210,2fb4eca638b4cbfc2d032d70bde88ec78336d05400d3eabfa8efaaea35cf2538,2fb4eca638b4cbfc2d032d70bde88ec78336d05400d3eabfa8efaaea35cf2538
models/interp/work_pinn_nox_interp_opt_r6/configs/FINAL_REPRESENTATIVE_SEED_NOX_R6.json,configs/models/dense_pinn/interpolative/NOx/optimization/configs/FINAL_REPRESENTATIVE_SEED_NOX_R6.json,FROZEN_CONFIG,verbatim copy,443,443,8d57ad061a91546a76117fa2145d4b29225fdecfca63c73375e973866bd5b2ad,8d57ad061a91546a76117fa2145d4b29225fdecfca63c73375e973866bd5b2ad
models/interp/work_pinn_nox_interp_opt_r6/configs/FINAL_TRAINING_POLICY_NOX_INTERP_R6.json,configs/models/dense_pinn/interpolative/NOx/optimization/configs/FINAL_TRAINING_POLICY_NOX_INTERP_R6.json,FROZEN_CONFIG,verbatim copy,3773,3773,e5acd4961064bbf12226dbefadf0a7e1335f0b773c1530e568d1bc78943e397a,e5acd4961064bbf12226dbefadf0a7e1335f0b773c1530e568d1bc78943e397a
models/interp/work_pinn_nox_interp_opt_r6/configs/FROZEN_CONFIG_MANIFEST_NOX_INTERP_R6.json,configs/models/dense_pinn/interpolative/NOx/optimization/configs/FROZEN_CONFIG_MANIFEST_NOX_INTERP_R6.json,FROZEN_CONFIG,verbatim copy,10326,10326,b943c12d4ae7c2d949f6ad03b0e73d9b11f2df857458a1c856314d87cfcf4752,b943c12d4ae7c2d949f6ad03b0e73d9b11f2df857458a1c856314d87cfcf4752
models/interp/work_pinn_nox_interp_opt_r6/configs/SEARCH_SPACE_SIGNATURE_NOX_R6.json,configs/models/dense_pinn/interpolative/NOx/optimization/configs/SEARCH_SPACE_SIGNATURE_NOX_R6.json,FROZEN_CONFIG,verbatim copy,4308,4308,77e83c43646e0fe8a668b0086164a2c316d1c4e6f06740f4d194986b134359af,77e83c43646e0fe8a668b0086164a2c316d1c4e6f06740f4d194986b134359af
models/wf/work_pinn_co_wf_final_r3_std/configs/BEST_CONFIG_CO_WF_R3.json,configs/models/dense_pinn/walk_forward/CO/final/configs/BEST_CONFIG_CO_WF_R3.json,FROZEN_CONFIG,verbatim copy,2782,2782,473dfa77100af555471aaaa8dead43a10d2e13ea4eaf705c2b11f50988283141,473dfa77100af555471aaaa8dead43a10d2e13ea4eaf705c2b11f50988283141
models/wf/work_pinn_co_wf_final_r3_std/configs/FINAL_TRAINING_POLICY_CO_WF_R3.json,configs/models/dense_pinn/walk_forward/CO/final/configs/FINAL_TRAINING_POLICY_CO_WF_R3.json,FROZEN_CONFIG,verbatim copy,186,186,2f341f0ee1e9a6c08ed6a2f68681f520b49678eb4e84d8b3256dc6761e1e64e7,2f341f0ee1e9a6c08ed6a2f68681f520b49678eb4e84d8b3256dc6761e1e64e7
models/wf/work_pinn_co_wf_final_r3_std/configs/FROZEN_INPUT_SNAPSHOT_R3F_STD.json,configs/models/dense_pinn/walk_forward/CO/final/configs/FROZEN_INPUT_SNAPSHOT_R3F_STD.json,FROZEN_CONFIG,verbatim copy,2610,2610,12b5f615597dc67b975a4ffbc38a7430e0c4e14bf8562f012deb36af1ad59e38,12b5f615597dc67b975a4ffbc38a7430e0c4e14bf8562f012deb36af1ad59e38
models/wf/work_pinn_co_wf_opt_r3_poc_efficient/configs/BEST_CONFIG_CO_WF_R3.json,configs/models/dense_pinn/walk_forward/CO/optimization/configs/BEST_CONFIG_CO_WF_R3.json,FROZEN_CONFIG,verbatim copy,2782,2782,473dfa77100af555471aaaa8dead43a10d2e13ea4eaf705c2b11f50988283141,473dfa77100af555471aaaa8dead43a10d2e13ea4eaf705c2b11f50988283141
models/wf/work_pinn_co_wf_opt_r3_poc_efficient/configs/CONFIG_MLP_CO_WF_R3_MATCHED_ABLATION.json,configs/models/dense_pinn/walk_forward/CO/optimization/configs/CONFIG_MLP_CO_WF_R3_MATCHED_ABLATION.json,FROZEN_CONFIG,verbatim copy,2792,2792,d9500c294d7f8930cb730227d0f6d934148e01c5b022527267fa3f88cd597525,d9500c294d7f8930cb730227d0f6d934148e01c5b022527267fa3f88cd597525
models/wf/work_pinn_co_wf_opt_r3_poc_efficient/configs/FINAL_TRAINING_POLICY_CO_WF_R3.json,configs/models/dense_pinn/walk_forward/CO/optimization/configs/FINAL_TRAINING_POLICY_CO_WF_R3.json,FROZEN_CONFIG,verbatim copy,186,186,2f341f0ee1e9a6c08ed6a2f68681f520b49678eb4e84d8b3256dc6761e1e64e7,2f341f0ee1e9a6c08ed6a2f68681f520b49678eb4e84d8b3256dc6761e1e64e7
models/wf/work_pinn_co_wf_opt_r3_poc_efficient/configs/FROZEN_CONFIG_MANIFEST_CO_WF_R3.json,configs/models/dense_pinn/walk_forward/CO/optimization/configs/FROZEN_CONFIG_MANIFEST_CO_WF_R3.json,FROZEN_CONFIG,verbatim copy,7078,7078,7471d5ee98a0f499c04fd0ad0b158fbeffb037944fc9e869c6b1c5bcebafceec,7471d5ee98a0f499c04fd0ad0b158fbeffb037944fc9e869c6b1c5bcebafceec
models/wf/work_pinn_nox_wf_final_r3_std/configs/BEST_CONFIG_NOX_WF_R3.json,configs/models/dense_pinn/walk_forward/NOx/final/configs/BEST_CONFIG_NOX_WF_R3.json,FROZEN_CONFIG,verbatim copy,2815,2815,a05c97cc808b3cbcf2976dc6ce68b4fca6f5abeb190e2044c32937b9c274cab7,a05c97cc808b3cbcf2976dc6ce68b4fca6f5abeb190e2044c32937b9c274cab7
models/wf/work_pinn_nox_wf_final_r3_std/configs/FINAL_TRAINING_POLICY_NOX_WF_R3.json,configs/models/dense_pinn/walk_forward/NOx/final/configs/FINAL_TRAINING_POLICY_NOX_WF_R3.json,FROZEN_CONFIG,verbatim copy,187,187,1e3f65fe754cc2e3a77b3b1e5d67d9b124177d5571d65456298b4beffabf05f0,1e3f65fe754cc2e3a77b3b1e5d67d9b124177d5571d65456298b4beffabf05f0
models/wf/work_pinn_nox_wf_final_r3_std/configs/FROZEN_INPUT_SNAPSHOT_R3F_STD.json,configs/models/dense_pinn/walk_forward/NOx/final/configs/FROZEN_INPUT_SNAPSHOT_R3F_STD.json,FROZEN_CONFIG,verbatim copy,2507,2507,d8684c39950e123d0ede898fd9c2c99a4747c50f2fa41a26fdc63bc5164ff869,d8684c39950e123d0ede898fd9c2c99a4747c50f2fa41a26fdc63bc5164ff869
models/wf/work_pinn_nox_wf_opt_r3_poc_efficient/configs/BEST_CONFIG_NOX_WF_R3.json,configs/models/dense_pinn/walk_forward/NOx/optimization/configs/BEST_CONFIG_NOX_WF_R3.json,FROZEN_CONFIG,verbatim copy,2815,2815,a05c97cc808b3cbcf2976dc6ce68b4fca6f5abeb190e2044c32937b9c274cab7,a05c97cc808b3cbcf2976dc6ce68b4fca6f5abeb190e2044c32937b9c274cab7
models/wf/work_pinn_nox_wf_opt_r3_poc_efficient/configs/CONFIG_MLP_NOX_WF_R3_MATCHED_ABLATION.json,configs/models/dense_pinn/walk_forward/NOx/optimization/configs/CONFIG_MLP_NOX_WF_R3_MATCHED_ABLATION.json,FROZEN_CONFIG,verbatim copy,2825,2825,cb26aa09b273e6ba2304a015a76f56874984ad1bd426084d4911576c19e7e733,cb26aa09b273e6ba2304a015a76f56874984ad1bd426084d4911576c19e7e733
models/wf/work_pinn_nox_wf_opt_r3_poc_efficient/configs/FINAL_TRAINING_POLICY_NOX_WF_R3.json,configs/models/dense_pinn/walk_forward/NOx/optimization/configs/FINAL_TRAINING_POLICY_NOX_WF_R3.json,FROZEN_CONFIG,verbatim copy,187,187,1e3f65fe754cc2e3a77b3b1e5d67d9b124177d5571d65456298b4beffabf05f0,1e3f65fe754cc2e3a77b3b1e5d67d9b124177d5571d65456298b4beffabf05f0
models/wf/work_pinn_nox_wf_opt_r3_poc_efficient/configs/FROZEN_CONFIG_MANIFEST_NOX_WF_R3.json,configs/models/dense_pinn/walk_forward/NOx/optimization/configs/FROZEN_CONFIG_MANIFEST_NOX_WF_R3.json,FROZEN_CONFIG,verbatim copy,7312,7312,bfc7279497a8b0dd44dc87e7bbdb92db1dc9159666959376d751c8c05908a990,bfc7279497a8b0dd44dc87e7bbdb92db1dc9159666959376d751c8c05908a990
models/interp/work_tt_pinn_co_interp_final_r1f_std/configs/BEST_CONFIG_CO_INTERP_R5.json,configs/models/tt_pinn/interpolative/CO/final/configs/BEST_CONFIG_CO_INTERP_R5.json,FROZEN_CONFIG,verbatim copy,3127,3127,984c0a59463a596d8ac085858557e06ee95b6e63dd10fe6973d99b2347742292,984c0a59463a596d8ac085858557e06ee95b6e63dd10fe6973d99b2347742292
models/interp/work_tt_pinn_co_interp_final_r1f_std/configs/EXPERIMENT_SCOPE_CO_TT_R1F_STD.json,configs/models/tt_pinn/interpolative/CO/final/configs/EXPERIMENT_SCOPE_CO_TT_R1F_STD.json,FROZEN_CONFIG,verbatim copy,881,881,686e29b5c66b95ee95fa3164e55f9cb9fd946ea8e339228138075b03bf25c50e,686e29b5c66b95ee95fa3164e55f9cb9fd946ea8e339228138075b03bf25c50e
models/interp/work_tt_pinn_co_interp_final_r1f_std/configs/FINAL_MODEL_MANIFEST_CO_TT_R1F_STD.json,configs/models/tt_pinn/interpolative/CO/final/configs/FINAL_MODEL_MANIFEST_CO_TT_R1F_STD.json,FROZEN_CONFIG,verbatim copy,4650,4650,15dbf32ef07fe09026f3f1f7f29925b0db8b737d9584c6828246aca0ec980f1d,15dbf32ef07fe09026f3f1f7f29925b0db8b737d9584c6828246aca0ec980f1d
models/interp/work_tt_pinn_co_interp_final_r1f_std/configs/FINAL_REPRESENTATIVE_SEED_CO_R5.json,configs/models/tt_pinn/interpolative/CO/final/configs/FINAL_REPRESENTATIVE_SEED_CO_R5.json,FROZEN_CONFIG,verbatim copy,407,407,b84ee2e995d5f43c1a85f2bbf10afb523d698fa2d2be17e8bc640bafc2080f07,b84ee2e995d5f43c1a85f2bbf10afb523d698fa2d2be17e8bc640bafc2080f07
models/interp/work_tt_pinn_co_interp_final_r1f_std/configs/FINAL_TRAINING_POLICY_CO_INTERP_R5.json,configs/models/tt_pinn/interpolative/CO/final/configs/FINAL_TRAINING_POLICY_CO_INTERP_R5.json,FROZEN_CONFIG,verbatim copy,651,651,5f74ab514e374ba2d44cb429d03c32bebc4e1803ed11b5e4dd750cfe5913bc7a,5f74ab514e374ba2d44cb429d03c32bebc4e1803ed11b5e4dd750cfe5913bc7a
models/interp/work_tt_pinn_co_interp_final_r1f_std/configs/FROZEN_CONFIG_MANIFEST_CO_INTERP_R5.json,configs/models/tt_pinn/interpolative/CO/final/configs/FROZEN_CONFIG_MANIFEST_CO_INTERP_R5.json,FROZEN_CONFIG,verbatim copy,5352,5352,80178261d1f4e4306783989ed1ec3bf31b825cff080536c8b6036823c0820756,80178261d1f4e4306783989ed1ec3bf31b825cff080536c8b6036823c0820756
models/interp/work_tt_pinn_co_interp_final_r1f_std/configs/MODEL_PROFILE_CO_TT_PINN_INTERP_R1F_STD.json,configs/models/tt_pinn/interpolative/CO/final/configs/MODEL_PROFILE_CO_TT_PINN_INTERP_R1F_STD.json,FROZEN_CONFIG,verbatim copy,1810,1810,1667643d986168a2bbf5051ff382d2ca65e302d2d6558a9981e148b257ece846,1667643d986168a2bbf5051ff382d2ca65e302d2d6558a9981e148b257ece846
models/interp/work_tt_pinn_co_interp_final_r1f_std/configs/TT_ARCHITECTURE_CONTRACT_CO_TT_R1F_STD.json,configs/models/tt_pinn/interpolative/CO/final/configs/TT_ARCHITECTURE_CONTRACT_CO_TT_R1F_STD.json,FROZEN_CONFIG,verbatim copy,3352,3352,b16d094f604dfb6b287b4328389e54de002c353944c34712c76cddd6643a7f72,b16d094f604dfb6b287b4328389e54de002c353944c34712c76cddd6643a7f72
models/interp/work_tt_pinn_nox_interp_final_r1f_std/configs/BEST_CONFIG_NOX_INTERP_R6.json,configs/models/tt_pinn/interpolative/NOx/final/configs/BEST_CONFIG_NOX_INTERP_R6.json,FROZEN_CONFIG,verbatim copy,3152,3152,316b5f89c38693bd28de49339bc3b67aaa1cf2ad644158f069650961908c2600,316b5f89c38693bd28de49339bc3b67aaa1cf2ad644158f069650961908c2600
models/interp/work_tt_pinn_nox_interp_final_r1f_std/configs/EXPERIMENT_SCOPE_NOX_TT_R1F_STD.json,configs/models/tt_pinn/interpolative/NOx/final/configs/EXPERIMENT_SCOPE_NOX_TT_R1F_STD.json,FROZEN_CONFIG,verbatim copy,883,883,da289e86b50affe255129a0a62c341ac1bc3d09f99f17030da43e4c359c689f9,da289e86b50affe255129a0a62c341ac1bc3d09f99f17030da43e4c359c689f9
models/interp/work_tt_pinn_nox_interp_final_r1f_std/configs/FINAL_MODEL_MANIFEST_NOX_TT_R1F_STD.json,configs/models/tt_pinn/interpolative/NOx/final/configs/FINAL_MODEL_MANIFEST_NOX_TT_R1F_STD.json,FROZEN_CONFIG,verbatim copy,4608,4608,b22f5e66f20ea8e3f6e37786d9f89c08130ced9812f40071be8364e796ed5bba,b22f5e66f20ea8e3f6e37786d9f89c08130ced9812f40071be8364e796ed5bba
models/interp/work_tt_pinn_nox_interp_final_r1f_std/configs/FINAL_REPRESENTATIVE_SEED_NOX_R6.json,configs/models/tt_pinn/interpolative/NOx/final/configs/FINAL_REPRESENTATIVE_SEED_NOX_R6.json,FROZEN_CONFIG,verbatim copy,443,443,8d57ad061a91546a76117fa2145d4b29225fdecfca63c73375e973866bd5b2ad,8d57ad061a91546a76117fa2145d4b29225fdecfca63c73375e973866bd5b2ad
models/interp/work_tt_pinn_nox_interp_final_r1f_std/configs/FINAL_TRAINING_POLICY_NOX_INTERP_R6.json,configs/models/tt_pinn/interpolative/NOx/final/configs/FINAL_TRAINING_POLICY_NOX_INTERP_R6.json,FROZEN_CONFIG,verbatim copy,3773,3773,e5acd4961064bbf12226dbefadf0a7e1335f0b773c1530e568d1bc78943e397a,e5acd4961064bbf12226dbefadf0a7e1335f0b773c1530e568d1bc78943e397a
models/interp/work_tt_pinn_nox_interp_final_r1f_std/configs/FROZEN_CONFIG_MANIFEST_NOX_INTERP_R6.json,configs/models/tt_pinn/interpolative/NOx/final/configs/FROZEN_CONFIG_MANIFEST_NOX_INTERP_R6.json,FROZEN_CONFIG,verbatim copy,10326,10326,b943c12d4ae7c2d949f6ad03b0e73d9b11f2df857458a1c856314d87cfcf4752,b943c12d4ae7c2d949f6ad03b0e73d9b11f2df857458a1c856314d87cfcf4752
models/interp/work_tt_pinn_nox_interp_final_r1f_std/configs/MODEL_PROFILE_NOX_TT_PINN_INTERP_R1F_STD.json,configs/models/tt_pinn/interpolative/NOx/final/configs/MODEL_PROFILE_NOX_TT_PINN_INTERP_R1F_STD.json,FROZEN_CONFIG,verbatim copy,1810,1810,d8b37f49326356572f00f2a893d7b45d07331f76dab89f21867b3e99727d48b0,d8b37f49326356572f00f2a893d7b45d07331f76dab89f21867b3e99727d48b0
models/interp/work_tt_pinn_nox_interp_final_r1f_std/configs/TT_ARCHITECTURE_CONTRACT_NOX_TT_R1F_STD.json,configs/models/tt_pinn/interpolative/NOx/final/configs/TT_ARCHITECTURE_CONTRACT_NOX_TT_R1F_STD.json,FROZEN_CONFIG,verbatim copy,3351,3351,7eb393c1a623b5f3d5c2cf0b022d2c42c63069326847eed8fb142f07ad08342a,7eb393c1a623b5f3d5c2cf0b022d2c42c63069326847eed8fb142f07ad08342a
models/interp/work_xgboost_co_interp_final_r1f_std/configs/BEST_CONFIG_XGBOOST_CO_INTERP.json,configs/models/xgboost/interpolative/CO/final/configs/BEST_CONFIG_XGBOOST_CO_INTERP.json,FROZEN_CONFIG,verbatim copy,1612,1612,647c6a296fb3d5a2712fc52e32c4b4b8db17420ddfd0cc16705b3682e25a397f,647c6a296fb3d5a2712fc52e32c4b4b8db17420ddfd0cc16705b3682e25a397f
models/interp/work_xgboost_co_interp_final_r1f_std/configs/FINAL_TRAINING_POLICY_XGBOOST_CO_INTERP_R1.json,configs/models/xgboost/interpolative/CO/final/configs/FINAL_TRAINING_POLICY_XGBOOST_CO_INTERP_R1.json,FROZEN_CONFIG,verbatim copy,583,583,fd84fd2a0f736652ed4c4a3a1852db551032792ecf828a4c173cf628bae19502,fd84fd2a0f736652ed4c4a3a1852db551032792ecf828a4c173cf628bae19502
models/interp/work_xgboost_co_interp_final_r1f_std/configs/FROZEN_INPUT_SNAPSHOT_R1F_STD.json,configs/models/xgboost/interpolative/CO/final/configs/FROZEN_INPUT_SNAPSHOT_R1F_STD.json,FROZEN_CONFIG,verbatim copy,954,954,0dfea941d83d0f24ea1cd4c7b0189c90a1df69c26b94eb2bdbf6ca8666a60b65,0dfea941d83d0f24ea1cd4c7b0189c90a1df69c26b94eb2bdbf6ca8666a60b65
models/interp/work_xgboost_co_interp_opt_r1_poc_efficient/configs/BEST_CONFIG_XGBOOST_CO_INTERP.json,configs/models/xgboost/interpolative/CO/optimization/configs/BEST_CONFIG_XGBOOST_CO_INTERP.json,FROZEN_CONFIG,verbatim copy,1612,1612,647c6a296fb3d5a2712fc52e32c4b4b8db17420ddfd0cc16705b3682e25a397f,647c6a296fb3d5a2712fc52e32c4b4b8db17420ddfd0cc16705b3682e25a397f
models/interp/work_xgboost_co_interp_opt_r1_poc_efficient/configs/FINAL_TRAINING_POLICY_XGBOOST_CO_INTERP_R1.json,configs/models/xgboost/interpolative/CO/optimization/configs/FINAL_TRAINING_POLICY_XGBOOST_CO_INTERP_R1.json,FROZEN_CONFIG,verbatim copy,583,583,fd84fd2a0f736652ed4c4a3a1852db551032792ecf828a4c173cf628bae19502,fd84fd2a0f736652ed4c4a3a1852db551032792ecf828a4c173cf628bae19502
models/interp/work_xgboost_co_interp_opt_r1_poc_efficient/configs/FROZEN_CONFIG_MANIFEST_XGBOOST_CO_INTERP_R1.json,configs/models/xgboost/interpolative/CO/optimization/configs/FROZEN_CONFIG_MANIFEST_XGBOOST_CO_INTERP_R1.json,FROZEN_CONFIG,verbatim copy,1671,1671,1712a0ba45ffe0023167a8f55423c9b230cf1474812b8431d77906347da8c5e1,1712a0ba45ffe0023167a8f55423c9b230cf1474812b8431d77906347da8c5e1
models/interp/work_xgboost_nox_interp_final_r1f_std/configs/BEST_CONFIG_XGBOOST_NOX_INTERP.json,configs/models/xgboost/interpolative/NOx/final/configs/BEST_CONFIG_XGBOOST_NOX_INTERP.json,FROZEN_CONFIG,verbatim copy,1673,1673,1407e1ae3e802e970129a95712d77b53305fa7822d0995637bb098beb1459509,1407e1ae3e802e970129a95712d77b53305fa7822d0995637bb098beb1459509
models/interp/work_xgboost_nox_interp_final_r1f_std/configs/FINAL_TRAINING_POLICY_XGBOOST_NOX_INTERP_R1.json,configs/models/xgboost/interpolative/NOx/final/configs/FINAL_TRAINING_POLICY_XGBOOST_NOX_INTERP_R1.json,FROZEN_CONFIG,verbatim copy,586,586,3861fad4e3bb140d0ca56413abe817dfc3fd2daa4e99c1faad31757100059886,3861fad4e3bb140d0ca56413abe817dfc3fd2daa4e99c1faad31757100059886
models/interp/work_xgboost_nox_interp_final_r1f_std/configs/FROZEN_INPUT_SNAPSHOT_R1F_STD.json,configs/models/xgboost/interpolative/NOx/final/configs/FROZEN_INPUT_SNAPSHOT_R1F_STD.json,FROZEN_CONFIG,verbatim copy,957,957,780d91baa119fd998e02f01b068b6053beb38321286b2a9d2ede7efa02427f28,780d91baa119fd998e02f01b068b6053beb38321286b2a9d2ede7efa02427f28
models/interp/work_xgboost_nox_interp_opt_r1_poc_efficient/configs/BEST_CONFIG_XGBOOST_NOX_INTERP.json,configs/models/xgboost/interpolative/NOx/optimization/configs/BEST_CONFIG_XGBOOST_NOX_INTERP.json,FROZEN_CONFIG,verbatim copy,1673,1673,1407e1ae3e802e970129a95712d77b53305fa7822d0995637bb098beb1459509,1407e1ae3e802e970129a95712d77b53305fa7822d0995637bb098beb1459509
models/interp/work_xgboost_nox_interp_opt_r1_poc_efficient/configs/FINAL_TRAINING_POLICY_XGBOOST_NOX_INTERP_R1.json,configs/models/xgboost/interpolative/NOx/optimization/configs/FINAL_TRAINING_POLICY_XGBOOST_NOX_INTERP_R1.json,FROZEN_CONFIG,verbatim copy,586,586,3861fad4e3bb140d0ca56413abe817dfc3fd2daa4e99c1faad31757100059886,3861fad4e3bb140d0ca56413abe817dfc3fd2daa4e99c1faad31757100059886
models/interp/work_xgboost_nox_interp_opt_r1_poc_efficient/configs/FROZEN_CONFIG_MANIFEST_XGBOOST_NOX_INTERP_R1.json,configs/models/xgboost/interpolative/NOx/optimization/configs/FROZEN_CONFIG_MANIFEST_XGBOOST_NOX_INTERP_R1.json,FROZEN_CONFIG,verbatim copy,1666,1666,0bebb06d4dfc5b1c5285997a2f99832752ab3be53c264775cce2b64895dae422,0bebb06d4dfc5b1c5285997a2f99832752ab3be53c264775cce2b64895dae422
models/wf/work_xgboost_co_wf_final_r1f_std/configs/BEST_CONFIG_XGBOOST_CO_WF_R1.json,configs/models/xgboost/walk_forward/CO/final/configs/BEST_CONFIG_XGBOOST_CO_WF_R1.json,FROZEN_CONFIG,verbatim copy,1912,1912,05caa957dc601eefaa00bad009e6073c1dc4ad4b46d3c63703128660946263af,05caa957dc601eefaa00bad009e6073c1dc4ad4b46d3c63703128660946263af
models/wf/work_xgboost_co_wf_final_r1f_std/configs/FINAL_TRAINING_POLICY_XGBOOST_CO_WF_R1.json,configs/models/xgboost/walk_forward/CO/final/configs/FINAL_TRAINING_POLICY_XGBOOST_CO_WF_R1.json,FROZEN_CONFIG,verbatim copy,648,648,3e7ffba3aefd0c12987b513c4d55f5a4662743a31369a93a1d78188fafe4681d,3e7ffba3aefd0c12987b513c4d55f5a4662743a31369a93a1d78188fafe4681d
models/wf/work_xgboost_co_wf_final_r1f_std/configs/FROZEN_INPUT_SNAPSHOT_R1F_STD.json,configs/models/xgboost/walk_forward/CO/final/configs/FROZEN_INPUT_SNAPSHOT_R1F_STD.json,FROZEN_CONFIG,verbatim copy,931,931,4fd2a3c8e16896f4aefc1fe6857fbc87b4ccdbd59289dac060faa1d3ba1cbd24,4fd2a3c8e16896f4aefc1fe6857fbc87b4ccdbd59289dac060faa1d3ba1cbd24
models/wf/work_xgboost_co_wf_opt_r1_poc_efficient/configs/BEST_CONFIG_XGBOOST_CO_WF_R1.json,configs/models/xgboost/walk_forward/CO/optimization/configs/BEST_CONFIG_XGBOOST_CO_WF_R1.json,FROZEN_CONFIG,verbatim copy,1912,1912,05caa957dc601eefaa00bad009e6073c1dc4ad4b46d3c63703128660946263af,05caa957dc601eefaa00bad009e6073c1dc4ad4b46d3c63703128660946263af
models/wf/work_xgboost_co_wf_opt_r1_poc_efficient/configs/FINAL_TRAINING_POLICY_XGBOOST_CO_WF_R1.json,configs/models/xgboost/walk_forward/CO/optimization/configs/FINAL_TRAINING_POLICY_XGBOOST_CO_WF_R1.json,FROZEN_CONFIG,verbatim copy,648,648,3e7ffba3aefd0c12987b513c4d55f5a4662743a31369a93a1d78188fafe4681d,3e7ffba3aefd0c12987b513c4d55f5a4662743a31369a93a1d78188fafe4681d
models/wf/work_xgboost_co_wf_opt_r1_poc_efficient/configs/FROZEN_CONFIG_MANIFEST_XGBOOST_CO_WF_R1.json,configs/models/xgboost/walk_forward/CO/optimization/configs/FROZEN_CONFIG_MANIFEST_XGBOOST_CO_WF_R1.json,FROZEN_CONFIG,verbatim copy,5254,5254,872c86e88ef20688ff9c6e8184a97ee68435ba38a5563db476fef0f53df8ebe3,872c86e88ef20688ff9c6e8184a97ee68435ba38a5563db476fef0f53df8ebe3
models/wf/work_xgboost_nox_wf_final_r1f_std/configs/BEST_CONFIG_XGBOOST_NOX_WF_R1.json,configs/models/xgboost/walk_forward/NOx/final/configs/BEST_CONFIG_XGBOOST_NOX_WF_R1.json,FROZEN_CONFIG,verbatim copy,2163,2163,0b0030f3d719dea43c2c49e089e7e902549f54e30bc6a080ad7530a27f3e91e4,0b0030f3d719dea43c2c49e089e7e902549f54e30bc6a080ad7530a27f3e91e4
models/wf/work_xgboost_nox_wf_final_r1f_std/configs/FINAL_TRAINING_POLICY_XGBOOST_NOX_WF_R1.json,configs/models/xgboost/walk_forward/NOx/final/configs/FINAL_TRAINING_POLICY_XGBOOST_NOX_WF_R1.json,FROZEN_CONFIG,verbatim copy,677,677,d1d49628dde3ff7bb3ac020c53230533162fe96318ed806818da4991d040a38f,d1d49628dde3ff7bb3ac020c53230533162fe96318ed806818da4991d040a38f
models/wf/work_xgboost_nox_wf_final_r1f_std/configs/FROZEN_INPUT_SNAPSHOT_R1F_STD.json,configs/models/xgboost/walk_forward/NOx/final/configs/FROZEN_INPUT_SNAPSHOT_R1F_STD.json,FROZEN_CONFIG,verbatim copy,1373,1373,36baa08dfc1d235621e97e95499cda2d86e1d21c27aa64b5116faf4c9cdaff5f,36baa08dfc1d235621e97e95499cda2d86e1d21c27aa64b5116faf4c9cdaff5f
models/wf/work_xgboost_nox_wf_opt_r1_poc_efficient/configs/BEST_CONFIG_XGBOOST_NOX_WF_R1.json,configs/models/xgboost/walk_forward/NOx/optimization/configs/BEST_CONFIG_XGBOOST_NOX_WF_R1.json,FROZEN_CONFIG,verbatim copy,2163,2163,0b0030f3d719dea43c2c49e089e7e902549f54e30bc6a080ad7530a27f3e91e4,0b0030f3d719dea43c2c49e089e7e902549f54e30bc6a080ad7530a27f3e91e4
models/wf/work_xgboost_nox_wf_opt_r1_poc_efficient/configs/FINAL_TRAINING_POLICY_XGBOOST_NOX_WF_R1.json,configs/models/xgboost/walk_forward/NOx/optimization/configs/FINAL_TRAINING_POLICY_XGBOOST_NOX_WF_R1.json,FROZEN_CONFIG,verbatim copy,677,677,d1d49628dde3ff7bb3ac020c53230533162fe96318ed806818da4991d040a38f,d1d49628dde3ff7bb3ac020c53230533162fe96318ed806818da4991d040a38f
models/wf/work_xgboost_nox_wf_opt_r1_poc_efficient/configs/FROZEN_CONFIG_MANIFEST_XGBOOST_NOX_WF_R1.json,configs/models/xgboost/walk_forward/NOx/optimization/configs/FROZEN_CONFIG_MANIFEST_XGBOOST_NOX_WF_R1.json,FROZEN_CONFIG,verbatim copy,2730,2730,f3347c338447594862ba82669f88dc150b814919e70707d3085e16ffe3c2e077,f3347c338447594862ba82669f88dc150b814919e70707d3085e16ffe3c2e077
models/interp/work_pinn_interp_protocol/manifests/INTERP_DOMAIN_ENVELOPE.json,configs/protocols/interpolative/manifests/INTERP_DOMAIN_ENVELOPE.json,PROTOCOL_OR_CAMPAIGN_MANIFEST,verbatim copy,3516,3516,f6aba5767539a6d3a5812e298957f21cd7214fd89db894823bcd118609803094,f6aba5767539a6d3a5812e298957f21cd7214fd89db894823bcd118609803094
models/interp/work_pinn_interp_protocol/manifests/INTERP_FOLDS_MANIFEST.json,configs/protocols/interpolative/manifests/INTERP_FOLDS_MANIFEST.json,PROTOCOL_OR_CAMPAIGN_MANIFEST,verbatim copy,3044,3044,3e917c5a5c2c54de2369a6279f4afbb18f913e407bafa5953924ea33faba1399,3e917c5a5c2c54de2369a6279f4afbb18f913e407bafa5953924ea33faba1399
models/interp/work_pinn_interp_protocol/manifests/INTERP_SPLIT_MANIFEST.json,configs/protocols/interpolative/manifests/INTERP_SPLIT_MANIFEST.json,PROTOCOL_OR_CAMPAIGN_MANIFEST,verbatim copy,3328,3328,4e11c67c45e84ff049b65de0a29cb800678e6e505c58319f6b10417790a45193,4e11c67c45e84ff049b65de0a29cb800678e6e505c58319f6b10417790a45193
models/interp/work_pinn_interp_protocol/manifests/MANIFIESTO_ARTEFACTOS_INTERP_PROTOCOL.json,configs/protocols/interpolative/manifests/MANIFIESTO_ARTEFACTOS_INTERP_PROTOCOL.json,PROTOCOL_OR_CAMPAIGN_MANIFEST,verbatim copy,3098,3098,8471a0a22637104a6d73b5dfe9d894c7075bbafe56136bf3f7130476f29f443d,8471a0a22637104a6d73b5dfe9d894c7075bbafe56136bf3f7130476f29f443d
models/wf/work_pinn_wf_protocol/manifests/MANIFIESTO_ARTEFACTOS_WF_PROTOCOL.json,configs/protocols/walk_forward/manifests/MANIFIESTO_ARTEFACTOS_WF_PROTOCOL.json,PROTOCOL_OR_CAMPAIGN_MANIFEST,verbatim copy,3438,3438,c503451b56a194811082e4ee16729109529163150e4e6b93d8ce1f2228c0df68,c503451b56a194811082e4ee16729109529163150e4e6b93d8ce1f2228c0df68
models/wf/work_pinn_wf_protocol/manifests/WF_CAMPAIGN_POLICY.json,configs/protocols/walk_forward/manifests/WF_CAMPAIGN_POLICY.json,PROTOCOL_OR_CAMPAIGN_MANIFEST,verbatim copy,1720,1720,7b34dd8a44c9a639e04d2b9fe26c7ecff73a26472f1866816f946dc5abca415b,7b34dd8a44c9a639e04d2b9fe26c7ecff73a26472f1866816f946dc5abca415b
models/wf/work_pinn_wf_protocol/manifests/WF_CONSUMER_CONTRACT.json,configs/protocols/walk_forward/manifests/WF_CONSUMER_CONTRACT.json,PROTOCOL_OR_CAMPAIGN_MANIFEST,verbatim copy,2544,2544,b05062e99c96cf3594b201ce1e0070de56b5ec26c93e7a0c0dd48fb79151c1cd,b05062e99c96cf3594b201ce1e0070de56b5ec26c93e7a0c0dd48fb79151c1cd
models/wf/work_pinn_wf_protocol/manifests/WF_FOLDS_MANIFEST.json,configs/protocols/walk_forward/manifests/WF_FOLDS_MANIFEST.json,PROTOCOL_OR_CAMPAIGN_MANIFEST,verbatim copy,1960,1960,fe794df236ab76f925230aa5beb1e1e14e60306f79a97d3c5ac32aa4cb7a7bd8,fe794df236ab76f925230aa5beb1e1e14e60306f79a97d3c5ac32aa4cb7a7bd8
models/wf/work_pinn_wf_protocol/manifests/WF_PROTOCOL_MANIFEST.json,configs/protocols/walk_forward/manifests/WF_PROTOCOL_MANIFEST.json,PROTOCOL_OR_CAMPAIGN_MANIFEST,verbatim copy,3055,3055,21862701e5c9c39d1828838ce7d12640b81ee6a44365a8eae9fce1d3910747b2,21862701e5c9c39d1828838ce7d12640b81ee6a44365a8eae9fce1d3910747b2
data/raw/gt_2011.csv,data/raw/gt_2011.csv,RAW_DATA_CC_BY_4_0,verbatim copy,562921,562921,d87ceef9aa59533cc7d924d10de241b1b06ecd11f9b26bab59191ea0f8a76b9a,d87ceef9aa59533cc7d924d10de241b1b06ecd11f9b26bab59191ea0f8a76b9a
data/raw/gt_2012.csv,data/raw/gt_2012.csv,RAW_DATA_CC_BY_4_0,verbatim copy,577617,577617,be54b9d0e1a7de40c55d32fa489e75de892b000c066b5a09f09a19124ee29100,be54b9d0e1a7de40c55d32fa489e75de892b000c066b5a09f09a19124ee29100
data/raw/gt_2013.csv,data/raw/gt_2013.csv,RAW_DATA_CC_BY_4_0,verbatim copy,540334,540334,13c437bb440ec2045bd12057e6654c41dd4107a661eac16ba2e878e897a08f9e,13c437bb440ec2045bd12057e6654c41dd4107a661eac16ba2e878e897a08f9e
data/raw/gt_2014.csv,data/raw/gt_2014.csv,RAW_DATA_CC_BY_4_0,verbatim copy,541009,541009,c2a03c92c9c3207aad0c6be7de8d9b5b4bfa4720ad0efb2c1f21b6cec4d3f3fa,c2a03c92c9c3207aad0c6be7de8d9b5b4bfa4720ad0efb2c1f21b6cec4d3f3fa
data/raw/gt_2015.csv,data/raw/gt_2015.csv,RAW_DATA_CC_BY_4_0,verbatim copy,556928,556928,9b08f35fde0d4b138232a605db4093c2b8bf9d6757e6f1fbd9534ad616c13591,9b08f35fde0d4b138232a605db4093c2b8bf9d6757e6f1fbd9534ad616c13591
outputs/capitulo_10_figura_18_pinn_densa/FIG18_PINN_DENSA_DESEMPENO_PRUEBA.png,figures/dense_pinn/parity_residuals.png,BOOK_OR_SUPPLEMENTARY_FIGURE,verbatim copy,1063597,1063597,5d53b1420509b917f1321699c612e3711e5c7dc2ceff0702014a857572131416,5d53b1420509b917f1321699c612e3711e5c7dc2ceff0702014a857572131416
outputs/capitulo_10_figura_19_pinn_densa_entrenamiento/FIG19_PINN_DENSA_COMPORTAMIENTO_ENTRENAMIENTO_PRUEBA.png,figures/dense_pinn/train_test_segments.png,BOOK_OR_SUPPLEMENTARY_FIGURE,verbatim copy,874199,874199,a29d40924680bc38eefb955f1330ed3f1193546760318ca80c294a2d7ffd7e91,a29d40924680bc38eefb955f1330ed3f1193546760318ca80c294a2d7ffd7e91
outputs/capitulo_10_figura_22_pareto_r2_tamano/FIG22_PARETO_R2_TAMANO_FINAL_CO_NOX.png,figures/pareto/r2_vs_serialized_size.png,BOOK_OR_SUPPLEMENTARY_FIGURE,verbatim copy,169309,169309,cbc2383eca161da67362b18b5868dd854f884be17d184cfd686c46d20b5eb99d,cbc2383eca161da67362b18b5868dd854f884be17d184cfd686c46d20b5eb99d
outputs/capitulo_10_figura_20_consistencia_fisica/FIG20_CONSISTENCIA_FISICA_PINN_TT_PINN.png,figures/physical_consistency/dense_tt_gradients_pdp.png,BOOK_OR_SUPPLEMENTARY_FIGURE,verbatim copy,576746,576746,cf5a003f8bc4303d858941a3f023b84464a77a34b3e21f08db86fe3346959e49,cf5a003f8bc4303d858941a3f023b84464a77a34b3e21f08db86fe3346959e49
outputs/capitulo_10_figura_protocolo_interp/FIG_CAP10_PROTOCOLO_INTERPOLATIVO.png,figures/protocol/interpolative_protocol.png,BOOK_OR_SUPPLEMENTARY_FIGURE,verbatim copy,385924,385924,c6669ffae965925ee8d04a1987c5741d29f9b2c9b7c36cec00a13c1592dc1f86,c6669ffae965925ee8d04a1987c5741d29f9b2c9b7c36cec00a13c1592dc1f86
outputs/capitulo_10_figura_19_tt_pinn/FIG19_TT_PINN_DESEMPENO_PRUEBA.png,figures/tt_pinn/parity_residuals.png,BOOK_OR_SUPPLEMENTARY_FIGURE,verbatim copy,1090002,1090002,7a03fdf7323ded143e6268c35b2669c1196b7b91611987eba0f06c3f6b4dbfc5,7a03fdf7323ded143e6268c35b2669c1196b7b91611987eba0f06c3f6b4dbfc5
outputs/capitulo_10_figura_20_tt_pinn_entrenamiento_prueba/FIG20_TT_PINN_COMPORTAMIENTO_ENTRENAMIENTO_PRUEBA.png,figures/tt_pinn/train_test_segments.png,BOOK_OR_SUPPLEMENTARY_FIGURE,verbatim copy,878099,878099,7b29984ff09e9b0c05f3cb6cabc397cb629aad6900134f72e045c39d9960ea79,7b29984ff09e9b0c05f3cb6cabc397cb629aad6900134f72e045c39d9960ea79
outputs/capitulo_10_figura_21_xgboost_consistencia_fisica/FIG21_CONSISTENCIA_FISICA_XGBOOST.png,figures/xgboost/local_effects_supplementary.png,BOOK_OR_SUPPLEMENTARY_FIGURE,verbatim copy,471338,471338,fa2551ca7df3df5f34a66abdb56bb1b153d586ed773a64446ce0043c5e3b571f,fa2551ca7df3df5f34a66abdb56bb1b153d586ed773a64446ce0043c5e3b571f
outputs/capitulo_10_figura_22_xgboost_representativo_desempeno/FIG22_XGBOOST_REPRESENTATIVO_DESEMPENO.png,figures/xgboost/parity_residuals.png,BOOK_OR_SUPPLEMENTARY_FIGURE,verbatim copy,1250373,1250373,d4a7c519de469010760df3aa4a63f48f6a2ed1b7b8f4536b6fdd78ce749f53d4,d4a7c519de469010760df3aa4a63f48f6a2ed1b7b8f4536b6fdd78ce749f53d4
outputs/capitulo_10_figura_21_xgboost_entrenamiento_prueba/FIG21_XGBOOST_COMPORTAMIENTO_ENTRENAMIENTO_PRUEBA.png,figures/xgboost/train_test_segments.png,BOOK_OR_SUPPLEMENTARY_FIGURE,verbatim copy,916509,916509,de2e6145026f86575f7beebba0c06dc1c0940d5168b14d6a34b15526ff8edb4e,de2e6145026f86575f7beebba0c06dc1c0940d5168b14d6a34b15526ff8edb4e
models/interp/work_pinn_co_interp_final_r5f_std/model/final_model_seed_126.pt,models/dense_pinn/interpolative/CO/final_model_seed_126.pt,FINAL_MODEL,verbatim copy,261215,261215,f226546a9fc624be8b6012967212dfbaeb40d4e82da749b0593e9ab3b6962c81,f226546a9fc624be8b6012967212dfbaeb40d4e82da749b0593e9ab3b6962c81
models/interp/work_pinn_nox_interp_final_r6f_std/model/final_model_seed_84.pt,models/dense_pinn/interpolative/NOx/final_model_seed_84.pt,FINAL_MODEL,verbatim copy,286885,286885,aae35b5c02a41a28537bfd945aa660ba3ba8c7a9fa0647b2881ebac184e91e47,aae35b5c02a41a28537bfd945aa660ba3ba8c7a9fa0647b2881ebac184e91e47
models/wf/work_pinn_co_wf_final_r3_std/models/PINN_CO_WF_seed105.pt,models/dense_pinn/walk_forward/CO/PINN_CO_WF_seed105.pt,FINAL_MODEL,verbatim copy,209125,209125,29506ddb9dce4184c0f84487a8292edbed05727d4e32ec02f27272ddba65447a,29506ddb9dce4184c0f84487a8292edbed05727d4e32ec02f27272ddba65447a
models/wf/work_pinn_co_wf_final_r3_std/models/PINN_CO_WF_seed126.pt,models/dense_pinn/walk_forward/CO/PINN_CO_WF_seed126.pt,FINAL_MODEL,verbatim copy,209125,209125,c3f3bd3a0def1e959a0ff29de7680ae87611e7e4a95fe154d2ff2445e3e84301,c3f3bd3a0def1e959a0ff29de7680ae87611e7e4a95fe154d2ff2445e3e84301
models/wf/work_pinn_co_wf_final_r3_std/models/PINN_CO_WF_seed147.pt,models/dense_pinn/walk_forward/CO/PINN_CO_WF_seed147.pt,FINAL_MODEL,verbatim copy,209125,209125,5443d51382c4c812696cbe19818a3f138d2786a3d7af01a8371aa655c27978de,5443d51382c4c812696cbe19818a3f138d2786a3d7af01a8371aa655c27978de
models/wf/work_pinn_co_wf_final_r3_std/models/PINN_CO_WF_seed168.pt,models/dense_pinn/walk_forward/CO/PINN_CO_WF_seed168.pt,FINAL_MODEL,verbatim copy,209125,209125,3a58a1fc6fc695a8a3b9a77c88f842336b203c053616729ccab4c07c09158a0f,3a58a1fc6fc695a8a3b9a77c88f842336b203c053616729ccab4c07c09158a0f
models/wf/work_pinn_co_wf_final_r3_std/models/PINN_CO_WF_seed189.pt,models/dense_pinn/walk_forward/CO/PINN_CO_WF_seed189.pt,FINAL_MODEL,verbatim copy,209125,209125,587cb03350a7fec33fee5c1ac6a0fa0592a39d3d55a9168c3d7de6fc8f8adfcc,587cb03350a7fec33fee5c1ac6a0fa0592a39d3d55a9168c3d7de6fc8f8adfcc
models/wf/work_pinn_co_wf_final_r3_std/models/PINN_CO_WF_seed21.pt,models/dense_pinn/walk_forward/CO/PINN_CO_WF_seed21.pt,FINAL_MODEL,verbatim copy,209109,209109,5deeb04cdbc04e3a1f8c2cdaf427c21531c4c39d8eafcc6213b7ae4643b89c07,5deeb04cdbc04e3a1f8c2cdaf427c21531c4c39d8eafcc6213b7ae4643b89c07
models/wf/work_pinn_co_wf_final_r3_std/models/PINN_CO_WF_seed210.pt,models/dense_pinn/walk_forward/CO/PINN_CO_WF_seed210.pt,FINAL_MODEL,verbatim copy,209125,209125,6cbf4515d1873e77a7144f5eaf85a29971c50873737ed4357bf87f8cf635e2f3,6cbf4515d1873e77a7144f5eaf85a29971c50873737ed4357bf87f8cf635e2f3
models/wf/work_pinn_co_wf_final_r3_std/models/PINN_CO_WF_seed42.pt,models/dense_pinn/walk_forward/CO/PINN_CO_WF_seed42.pt,FINAL_MODEL,verbatim copy,209109,209109,ae4f8cdb1c187c9e816d49ea0e3f82260e6aa1eaa3186c09c7d2dd2818666b71,ae4f8cdb1c187c9e816d49ea0e3f82260e6aa1eaa3186c09c7d2dd2818666b71
models/wf/work_pinn_co_wf_final_r3_std/models/PINN_CO_WF_seed63.pt,models/dense_pinn/walk_forward/CO/PINN_CO_WF_seed63.pt,FINAL_MODEL,verbatim copy,209109,209109,0c6060aa26e5546fb3ac7f9864e9da2292ef640bfcb41269e4057a8de0cf2615,0c6060aa26e5546fb3ac7f9864e9da2292ef640bfcb41269e4057a8de0cf2615
models/wf/work_pinn_co_wf_final_r3_std/models/PINN_CO_WF_seed84.pt,models/dense_pinn/walk_forward/CO/PINN_CO_WF_seed84.pt,FINAL_MODEL,verbatim copy,209109,209109,b7ac18a72161399a3d0ca53b944687c7167d4d9f4cb8bbd919359becbe4d8317,b7ac18a72161399a3d0ca53b944687c7167d4d9f4cb8bbd919359becbe4d8317
models/wf/work_pinn_nox_wf_final_r3_std/models/PINN_NOX_WF_seed105.pt,models/dense_pinn/walk_forward/NOx/PINN_NOX_WF_seed105.pt,FINAL_MODEL,verbatim copy,318517,318517,2aba77016ca3b03950e8c1be22e246087f92af984db83d655944b6d1bff3328f,2aba77016ca3b03950e8c1be22e246087f92af984db83d655944b6d1bff3328f
models/wf/work_pinn_nox_wf_final_r3_std/models/PINN_NOX_WF_seed126.pt,models/dense_pinn/walk_forward/NOx/PINN_NOX_WF_seed126.pt,FINAL_MODEL,verbatim copy,318517,318517,c8d61a1b9394d40226e385aae8e8c9b4ff899fb1952c9d662aa25499d415fac3,c8d61a1b9394d40226e385aae8e8c9b4ff899fb1952c9d662aa25499d415fac3
models/wf/work_pinn_nox_wf_final_r3_std/models/PINN_NOX_WF_seed147.pt,models/dense_pinn/walk_forward/NOx/PINN_NOX_WF_seed147.pt,FINAL_MODEL,verbatim copy,318517,318517,5f9c8d51adb117cfe7a642b7288760691c8f62a98b193531c1f1ec8d4d725d36,5f9c8d51adb117cfe7a642b7288760691c8f62a98b193531c1f1ec8d4d725d36
models/wf/work_pinn_nox_wf_final_r3_std/models/PINN_NOX_WF_seed168.pt,models/dense_pinn/walk_forward/NOx/PINN_NOX_WF_seed168.pt,FINAL_MODEL,verbatim copy,318517,318517,2b0bb2fc986f5b8dd3c3e960673e7350bb2a3d5a27ad94ec67413a1a17f2f8b8,2b0bb2fc986f5b8dd3c3e960673e7350bb2a3d5a27ad94ec67413a1a17f2f8b8
models/wf/work_pinn_nox_wf_final_r3_std/models/PINN_NOX_WF_seed189.pt,models/dense_pinn/walk_forward/NOx/PINN_NOX_WF_seed189.pt,FINAL_MODEL,verbatim copy,318517,318517,ea5bf886e15e17c1cec577fea16a91572c15385139b8f8fc5dd03a12d501011c,ea5bf886e15e17c1cec577fea16a91572c15385139b8f8fc5dd03a12d501011c
models/wf/work_pinn_nox_wf_final_r3_std/models/PINN_NOX_WF_seed21.pt,models/dense_pinn/walk_forward/NOx/PINN_NOX_WF_seed21.pt,FINAL_MODEL,verbatim copy,318437,318437,c22a71feb75c85a2a865295f5c5d1e5aeaca58f28137a409849435487b625a84,c22a71feb75c85a2a865295f5c5d1e5aeaca58f28137a409849435487b625a84
models/wf/work_pinn_nox_wf_final_r3_std/models/PINN_NOX_WF_seed210.pt,models/dense_pinn/walk_forward/NOx/PINN_NOX_WF_seed210.pt,FINAL_MODEL,verbatim copy,318517,318517,7072f98f60e95ee845ab3a10f69752709a49f08e0ab95d192583e0474b09d291,7072f98f60e95ee845ab3a10f69752709a49f08e0ab95d192583e0474b09d291
models/wf/work_pinn_nox_wf_final_r3_std/models/PINN_NOX_WF_seed42.pt,models/dense_pinn/walk_forward/NOx/PINN_NOX_WF_seed42.pt,FINAL_MODEL,verbatim copy,318437,318437,65b11355b63b58a08196f46923c53f61f70c834b208b181e951c727ce802340f,65b11355b63b58a08196f46923c53f61f70c834b208b181e951c727ce802340f
models/wf/work_pinn_nox_wf_final_r3_std/models/PINN_NOX_WF_seed63.pt,models/dense_pinn/walk_forward/NOx/PINN_NOX_WF_seed63.pt,FINAL_MODEL,verbatim copy,318437,318437,731da8bf79845a95c7e177d8e8805cbeeb367154310037cd37b5ef6e127b649b,731da8bf79845a95c7e177d8e8805cbeeb367154310037cd37b5ef6e127b649b
models/wf/work_pinn_nox_wf_final_r3_std/models/PINN_NOX_WF_seed84.pt,models/dense_pinn/walk_forward/NOx/PINN_NOX_WF_seed84.pt,FINAL_MODEL,verbatim copy,318437,318437,a55e40662c5a11ed51b2490c600ffc3960b7f40c7b859e572a3b4f7a2bbe0680,a55e40662c5a11ed51b2490c600ffc3960b7f40c7b859e572a3b4f7a2bbe0680
models/interp/work_tt_pinn_co_interp_final_r1f_std/model/tt_final_model_seed_126.pt,models/tt_pinn/interpolative/CO/tt_final_model_seed_126.pt,FINAL_MODEL,verbatim copy,68373,68373,cf00d198b053777e48ffa80a9a671dba9e12a04a08ca2d894f3ce123f8558110,cf00d198b053777e48ffa80a9a671dba9e12a04a08ca2d894f3ce123f8558110
models/interp/work_tt_pinn_nox_interp_final_r1f_std/model/tt_final_model_seed_84.pt,models/tt_pinn/interpolative/NOx/tt_final_model_seed_84.pt,FINAL_MODEL,verbatim copy,74829,74829,e4724801a279d0f06184dcb952f3f8b65026ace8a028b6e0ab46b27ebf996ca1,e4724801a279d0f06184dcb952f3f8b65026ace8a028b6e0ab46b27ebf996ca1
models/interp/work_xgboost_co_interp_final_r1f_std/models/XGBOOST_CO_INTERP_seed105.metadata.json,models/xgboost/interpolative/CO/XGBOOST_CO_INTERP_seed105.metadata.json,FINAL_MODEL_METADATA,verbatim copy,565,565,8fc60bbb85662f961a3317cf113d5b606ccd8c75578862c2703e04f26749a216,8fc60bbb85662f961a3317cf113d5b606ccd8c75578862c2703e04f26749a216
models/interp/work_xgboost_co_interp_final_r1f_std/models/XGBOOST_CO_INTERP_seed105.ubj,models/xgboost/interpolative/CO/XGBOOST_CO_INTERP_seed105.ubj,FINAL_MODEL,verbatim copy,2097271,2097271,1bc48d7ddd281a99cee00b5d1b829f94bdbba3e9fa10b1c4dfe46b1671b09ef1,1bc48d7ddd281a99cee00b5d1b829f94bdbba3e9fa10b1c4dfe46b1671b09ef1
models/interp/work_xgboost_co_interp_final_r1f_std/models/XGBOOST_CO_INTERP_seed126.metadata.json,models/xgboost/interpolative/CO/XGBOOST_CO_INTERP_seed126.metadata.json,FINAL_MODEL_METADATA,verbatim copy,565,565,d420428360331eedf14d9b3252fa61f1549cf58d51b69647c154bd5f8f93a7c4,d420428360331eedf14d9b3252fa61f1549cf58d51b69647c154bd5f8f93a7c4
models/interp/work_xgboost_co_interp_final_r1f_std/models/XGBOOST_CO_INTERP_seed126.ubj,models/xgboost/interpolative/CO/XGBOOST_CO_INTERP_seed126.ubj,FINAL_MODEL,verbatim copy,2066462,2066462,3315a9e88d362f4996785dd78677da5d14a2b75342aca5eb282b5c1c59d6fbd9,3315a9e88d362f4996785dd78677da5d14a2b75342aca5eb282b5c1c59d6fbd9
models/interp/work_xgboost_co_interp_final_r1f_std/models/XGBOOST_CO_INTERP_seed147.metadata.json,models/xgboost/interpolative/CO/XGBOOST_CO_INTERP_seed147.metadata.json,FINAL_MODEL_METADATA,verbatim copy,565,565,e6319c2b764eb7ba677b96c97bf3ad1b3cd3948e850bc7e7cd192df34fec6360,e6319c2b764eb7ba677b96c97bf3ad1b3cd3948e850bc7e7cd192df34fec6360
models/interp/work_xgboost_co_interp_final_r1f_std/models/XGBOOST_CO_INTERP_seed147.ubj,models/xgboost/interpolative/CO/XGBOOST_CO_INTERP_seed147.ubj,FINAL_MODEL,verbatim copy,2040285,2040285,f8a5b6a549f9d38d3e2c765976f0e8820692003ebdabf4db588ed49fec2ed18e,f8a5b6a549f9d38d3e2c765976f0e8820692003ebdabf4db588ed49fec2ed18e
models/interp/work_xgboost_co_interp_final_r1f_std/models/XGBOOST_CO_INTERP_seed168.metadata.json,models/xgboost/interpolative/CO/XGBOOST_CO_INTERP_seed168.metadata.json,FINAL_MODEL_METADATA,verbatim copy,565,565,f2473dfbe6198ae5c62e3d2cbed6266f962bbc8e4af53b2ced852b2cb6f32eb1,f2473dfbe6198ae5c62e3d2cbed6266f962bbc8e4af53b2ced852b2cb6f32eb1
models/interp/work_xgboost_co_interp_final_r1f_std/models/XGBOOST_CO_INTERP_seed168.ubj,models/xgboost/interpolative/CO/XGBOOST_CO_INTERP_seed168.ubj,FINAL_MODEL,verbatim copy,2050687,2050687,2fc695abaeb1ef247ea1c635251fec17617fc0a66b5419fdbcebf0275ad6b2b2,2fc695abaeb1ef247ea1c635251fec17617fc0a66b5419fdbcebf0275ad6b2b2
models/interp/work_xgboost_co_interp_final_r1f_std/models/XGBOOST_CO_INTERP_seed189.metadata.json,models/xgboost/interpolative/CO/XGBOOST_CO_INTERP_seed189.metadata.json,FINAL_MODEL_METADATA,verbatim copy,565,565,f13a5b82152312bc54e5d87801e546e134dd33e9236abf852d45085341781b75,f13a5b82152312bc54e5d87801e546e134dd33e9236abf852d45085341781b75
models/interp/work_xgboost_co_interp_final_r1f_std/models/XGBOOST_CO_INTERP_seed189.ubj,models/xgboost/interpolative/CO/XGBOOST_CO_INTERP_seed189.ubj,FINAL_MODEL,verbatim copy,2064425,2064425,3dbed3a8aef0c3acfb499e7e01a59e45c1b64d74e4479a40cc4e3078b6ad45c2,3dbed3a8aef0c3acfb499e7e01a59e45c1b64d74e4479a40cc4e3078b6ad45c2
models/interp/work_xgboost_co_interp_final_r1f_std/models/XGBOOST_CO_INTERP_seed21.metadata.json,models/xgboost/interpolative/CO/XGBOOST_CO_INTERP_seed21.metadata.json,FINAL_MODEL_METADATA,verbatim copy,563,563,1e3dc9d9898b93eda429f23025a63647592575399278a4ec2ea978f842c64334,1e3dc9d9898b93eda429f23025a63647592575399278a4ec2ea978f842c64334
models/interp/work_xgboost_co_interp_final_r1f_std/models/XGBOOST_CO_INTERP_seed21.ubj,models/xgboost/interpolative/CO/XGBOOST_CO_INTERP_seed21.ubj,FINAL_MODEL,verbatim copy,2098287,2098287,a1ea34013cadadfab22be635c8d1eb5ad024da86d7d9ba5cfefd3bb2f2630811,a1ea34013cadadfab22be635c8d1eb5ad024da86d7d9ba5cfefd3bb2f2630811
models/interp/work_xgboost_co_interp_final_r1f_std/models/XGBOOST_CO_INTERP_seed210.metadata.json,models/xgboost/interpolative/CO/XGBOOST_CO_INTERP_seed210.metadata.json,FINAL_MODEL_METADATA,verbatim copy,565,565,9eb86f0faac3fc3734bbc46ab5e497a21913ceed87f0d2a499e7164fe782ce8f,9eb86f0faac3fc3734bbc46ab5e497a21913ceed87f0d2a499e7164fe782ce8f
models/interp/work_xgboost_co_interp_final_r1f_std/models/XGBOOST_CO_INTERP_seed210.ubj,models/xgboost/interpolative/CO/XGBOOST_CO_INTERP_seed210.ubj,FINAL_MODEL,verbatim copy,2087134,2087134,9b2d2d8314a8fafec74ccc34d1c64fe5b93fd0ff923fa22021fd28dc08be3379,9b2d2d8314a8fafec74ccc34d1c64fe5b93fd0ff923fa22021fd28dc08be3379
models/interp/work_xgboost_co_interp_final_r1f_std/models/XGBOOST_CO_INTERP_seed42.metadata.json,models/xgboost/interpolative/CO/XGBOOST_CO_INTERP_seed42.metadata.json,FINAL_MODEL_METADATA,verbatim copy,563,563,10879c4fda4537bd0f93aa51922f93cbf6d06d4370d7e1a5e8defb21d52624b5,10879c4fda4537bd0f93aa51922f93cbf6d06d4370d7e1a5e8defb21d52624b5
models/interp/work_xgboost_co_interp_final_r1f_std/models/XGBOOST_CO_INTERP_seed42.ubj,models/xgboost/interpolative/CO/XGBOOST_CO_INTERP_seed42.ubj,FINAL_MODEL,verbatim copy,2076456,2076456,30de869293e411dacbc7095da25c8fe55f637d610c65f4a6b03abe7d30efd6a4,30de869293e411dacbc7095da25c8fe55f637d610c65f4a6b03abe7d30efd6a4
models/interp/work_xgboost_co_interp_final_r1f_std/models/XGBOOST_CO_INTERP_seed63.metadata.json,models/xgboost/interpolative/CO/XGBOOST_CO_INTERP_seed63.metadata.json,FINAL_MODEL_METADATA,verbatim copy,563,563,75e59adfc478c1da52bf4935b0de8b00bd96a9a2ea704926296f56d8927b1053,75e59adfc478c1da52bf4935b0de8b00bd96a9a2ea704926296f56d8927b1053
models/interp/work_xgboost_co_interp_final_r1f_std/models/XGBOOST_CO_INTERP_seed63.ubj,models/xgboost/interpolative/CO/XGBOOST_CO_INTERP_seed63.ubj,FINAL_MODEL,verbatim copy,2075776,2075776,4e16783aa0f6450e6999f67021f0230a2570db92f1754bb18878f304b8d76fb0,4e16783aa0f6450e6999f67021f0230a2570db92f1754bb18878f304b8d76fb0
models/interp/work_xgboost_co_interp_final_r1f_std/models/XGBOOST_CO_INTERP_seed84.metadata.json,models/xgboost/interpolative/CO/XGBOOST_CO_INTERP_seed84.metadata.json,FINAL_MODEL_METADATA,verbatim copy,563,563,4bf11106d8e7924de264094b350915ce6e6d03352a6201f9671178f424140f51,4bf11106d8e7924de264094b350915ce6e6d03352a6201f9671178f424140f51
models/interp/work_xgboost_co_interp_final_r1f_std/models/XGBOOST_CO_INTERP_seed84.ubj,models/xgboost/interpolative/CO/XGBOOST_CO_INTERP_seed84.ubj,FINAL_MODEL,verbatim copy,2065986,2065986,ddc810457fce644fcc17349f3d60ee29c367dd12d51a534b23c678d7d3c7b9c8,ddc810457fce644fcc17349f3d60ee29c367dd12d51a534b23c678d7d3c7b9c8
models/interp/work_xgboost_nox_interp_final_r1f_std/models/XGBOOST_NOX_INTERP_seed105.metadata.json,models/xgboost/interpolative/NOx/XGBOOST_NOX_INTERP_seed105.metadata.json,FINAL_MODEL_METADATA,verbatim copy,569,569,6f0f4454d53fce0cda6a76127860fcf799923d8c356bef8e72a62d1de770d93f,6f0f4454d53fce0cda6a76127860fcf799923d8c356bef8e72a62d1de770d93f
models/interp/work_xgboost_nox_interp_final_r1f_std/models/XGBOOST_NOX_INTERP_seed126.metadata.json,models/xgboost/interpolative/NOx/XGBOOST_NOX_INTERP_seed126.metadata.json,FINAL_MODEL_METADATA,verbatim copy,569,569,9684d54844120fa6dae1398a2a8bc68c765472bf6252c4716406b10f67d1990a,9684d54844120fa6dae1398a2a8bc68c765472bf6252c4716406b10f67d1990a
models/interp/work_xgboost_nox_interp_final_r1f_std/models/XGBOOST_NOX_INTERP_seed147.metadata.json,models/xgboost/interpolative/NOx/XGBOOST_NOX_INTERP_seed147.metadata.json,FINAL_MODEL_METADATA,verbatim copy,569,569,4661747931d30b0fd86d9576820ca52a8bfdd61690a4aa758933b60f9421f3c6,4661747931d30b0fd86d9576820ca52a8bfdd61690a4aa758933b60f9421f3c6
models/interp/work_xgboost_nox_interp_final_r1f_std/models/XGBOOST_NOX_INTERP_seed168.metadata.json,models/xgboost/interpolative/NOx/XGBOOST_NOX_INTERP_seed168.metadata.json,FINAL_MODEL_METADATA,verbatim copy,569,569,7dfefdfb47f76227aa539631f709598119ea2010927cd4c9aafd619dfea0e1c4,7dfefdfb47f76227aa539631f709598119ea2010927cd4c9aafd619dfea0e1c4
models/interp/work_xgboost_nox_interp_final_r1f_std/models/XGBOOST_NOX_INTERP_seed189.metadata.json,models/xgboost/interpolative/NOx/XGBOOST_NOX_INTERP_seed189.metadata.json,FINAL_MODEL_METADATA,verbatim copy,569,569,2bbc77d0a545adc589afa83cf7dd752a82c46bc39444188af4277f681bff5399,2bbc77d0a545adc589afa83cf7dd752a82c46bc39444188af4277f681bff5399
models/interp/work_xgboost_nox_interp_final_r1f_std/models/XGBOOST_NOX_INTERP_seed21.metadata.json,models/xgboost/interpolative/NOx/XGBOOST_NOX_INTERP_seed21.metadata.json,FINAL_MODEL_METADATA,verbatim copy,567,567,6d5d51d9f75ea862a997cc49c647af60f02ce1c86278aa62f8f4bde47f533586,6d5d51d9f75ea862a997cc49c647af60f02ce1c86278aa62f8f4bde47f533586
models/interp/work_xgboost_nox_interp_final_r1f_std/models/XGBOOST_NOX_INTERP_seed210.metadata.json,models/xgboost/interpolative/NOx/XGBOOST_NOX_INTERP_seed210.metadata.json,FINAL_MODEL_METADATA,verbatim copy,569,569,51c522f94c1e315344c1ed98a0e209d056786fa2d99fbab4cef20e902af46637,51c522f94c1e315344c1ed98a0e209d056786fa2d99fbab4cef20e902af46637
models/interp/work_xgboost_nox_interp_final_r1f_std/models/XGBOOST_NOX_INTERP_seed42.metadata.json,models/xgboost/interpolative/NOx/XGBOOST_NOX_INTERP_seed42.metadata.json,FINAL_MODEL_METADATA,verbatim copy,567,567,2baf00664941d3d595139ba76f4534212d728399e1529aeccf7ed6864a2bd629,2baf00664941d3d595139ba76f4534212d728399e1529aeccf7ed6864a2bd629
models/interp/work_xgboost_nox_interp_final_r1f_std/models/XGBOOST_NOX_INTERP_seed42.ubj,models/xgboost/interpolative/NOx/XGBOOST_NOX_INTERP_seed42.ubj,FINAL_MODEL,verbatim copy,133653329,133653329,d4b11175fd623fb8089b70dd4650cbe25dd6bad31f0675e7e5d855ffb8eff68f,d4b11175fd623fb8089b70dd4650cbe25dd6bad31f0675e7e5d855ffb8eff68f
models/interp/work_xgboost_nox_interp_final_r1f_std/models/XGBOOST_NOX_INTERP_seed63.metadata.json,models/xgboost/interpolative/NOx/XGBOOST_NOX_INTERP_seed63.metadata.json,FINAL_MODEL_METADATA,verbatim copy,567,567,6e1aa22d333f4c718d916469902a83a4530e58cec72e4e54ee009b6a3e4a902b,6e1aa22d333f4c718d916469902a83a4530e58cec72e4e54ee009b6a3e4a902b
models/interp/work_xgboost_nox_interp_final_r1f_std/models/XGBOOST_NOX_INTERP_seed84.metadata.json,models/xgboost/interpolative/NOx/XGBOOST_NOX_INTERP_seed84.metadata.json,FINAL_MODEL_METADATA,verbatim copy,567,567,1715296c6eaed8a62c3368438ec78be137bb6e862b334f6d6590defc97e1dfab,1715296c6eaed8a62c3368438ec78be137bb6e862b334f6d6590defc97e1dfab
models/wf/work_xgboost_co_wf_final_r1f_std/models/XGBOOST_CO_WF_seed105.metadata.json,models/xgboost/walk_forward/CO/XGBOOST_CO_WF_seed105.metadata.json,FINAL_MODEL_METADATA,verbatim copy,919,919,1b1b87e9b5cbc2ff045aab8c20e9187c4b24c77bb53b045119db10753579fc2e,1b1b87e9b5cbc2ff045aab8c20e9187c4b24c77bb53b045119db10753579fc2e
models/wf/work_xgboost_co_wf_final_r1f_std/models/XGBOOST_CO_WF_seed105.ubj,models/xgboost/walk_forward/CO/XGBOOST_CO_WF_seed105.ubj,FINAL_MODEL,verbatim copy,475753,475753,f19ac2e597b0d3c1230ffa48a63ccbdd55761fcb63cce5c8096995f9e9abf22a,f19ac2e597b0d3c1230ffa48a63ccbdd55761fcb63cce5c8096995f9e9abf22a
models/wf/work_xgboost_co_wf_final_r1f_std/models/XGBOOST_CO_WF_seed126.metadata.json,models/xgboost/walk_forward/CO/XGBOOST_CO_WF_seed126.metadata.json,FINAL_MODEL_METADATA,verbatim copy,919,919,b7edf702d805d076dfc80a3a1e3ab7da377bf329198d1cd657d14bcc7abef0fe,b7edf702d805d076dfc80a3a1e3ab7da377bf329198d1cd657d14bcc7abef0fe
models/wf/work_xgboost_co_wf_final_r1f_std/models/XGBOOST_CO_WF_seed126.ubj,models/xgboost/walk_forward/CO/XGBOOST_CO_WF_seed126.ubj,FINAL_MODEL,verbatim copy,479151,479151,fea31ebb50228bc2d3e7a9dc406e7f1cd17d00b129b727a6e372a4e048a53c88,fea31ebb50228bc2d3e7a9dc406e7f1cd17d00b129b727a6e372a4e048a53c88
models/wf/work_xgboost_co_wf_final_r1f_std/models/XGBOOST_CO_WF_seed147.metadata.json,models/xgboost/walk_forward/CO/XGBOOST_CO_WF_seed147.metadata.json,FINAL_MODEL_METADATA,verbatim copy,919,919,3a1a3becb0b2457906d984edd96573e6f0fe7d5b46001785cb00f664f199bdf3,3a1a3becb0b2457906d984edd96573e6f0fe7d5b46001785cb00f664f199bdf3
models/wf/work_xgboost_co_wf_final_r1f_std/models/XGBOOST_CO_WF_seed147.ubj,models/xgboost/walk_forward/CO/XGBOOST_CO_WF_seed147.ubj,FINAL_MODEL,verbatim copy,479561,479561,539c3884db75fae3e56ea95a7401f0d1899abae2ff9aac24aa33a6b7f8a0003b,539c3884db75fae3e56ea95a7401f0d1899abae2ff9aac24aa33a6b7f8a0003b
models/wf/work_xgboost_co_wf_final_r1f_std/models/XGBOOST_CO_WF_seed168.metadata.json,models/xgboost/walk_forward/CO/XGBOOST_CO_WF_seed168.metadata.json,FINAL_MODEL_METADATA,verbatim copy,919,919,1aa16ec09c2586a07942ac6ea8c28e6055bb78a9d405edad47df122de2a3e02b,1aa16ec09c2586a07942ac6ea8c28e6055bb78a9d405edad47df122de2a3e02b
models/wf/work_xgboost_co_wf_final_r1f_std/models/XGBOOST_CO_WF_seed168.ubj,models/xgboost/walk_forward/CO/XGBOOST_CO_WF_seed168.ubj,FINAL_MODEL,verbatim copy,473366,473366,b904aca97a8a4618b6ccfe955d5c96b7f39aaa0dbbf7590f5843180d392bf581,b904aca97a8a4618b6ccfe955d5c96b7f39aaa0dbbf7590f5843180d392bf581
models/wf/work_xgboost_co_wf_final_r1f_std/models/XGBOOST_CO_WF_seed189.metadata.json,models/xgboost/walk_forward/CO/XGBOOST_CO_WF_seed189.metadata.json,FINAL_MODEL_METADATA,verbatim copy,919,919,3aceb633cce5352194a1b38c99dd7df4ef54668433261c79665eceda076c9166,3aceb633cce5352194a1b38c99dd7df4ef54668433261c79665eceda076c9166
models/wf/work_xgboost_co_wf_final_r1f_std/models/XGBOOST_CO_WF_seed189.ubj,models/xgboost/walk_forward/CO/XGBOOST_CO_WF_seed189.ubj,FINAL_MODEL,verbatim copy,477789,477789,47b311af8d93e9d82d6b5e4b2fcb5cab50a4f1a364b73fe1e2acd7a20f183936,47b311af8d93e9d82d6b5e4b2fcb5cab50a4f1a364b73fe1e2acd7a20f183936
models/wf/work_xgboost_co_wf_final_r1f_std/models/XGBOOST_CO_WF_seed21.metadata.json,models/xgboost/walk_forward/CO/XGBOOST_CO_WF_seed21.metadata.json,FINAL_MODEL_METADATA,verbatim copy,917,917,3bc67dacc7eac9139d54a4b23e506a7719e5706147a80a6681cbe645af4d5eef,3bc67dacc7eac9139d54a4b23e506a7719e5706147a80a6681cbe645af4d5eef
models/wf/work_xgboost_co_wf_final_r1f_std/models/XGBOOST_CO_WF_seed21.ubj,models/xgboost/walk_forward/CO/XGBOOST_CO_WF_seed21.ubj,FINAL_MODEL,verbatim copy,474115,474115,f32c33cb179b685b86aa77e30e194365426deac4213422568dcbbe631e9c1e21,f32c33cb179b685b86aa77e30e194365426deac4213422568dcbbe631e9c1e21
models/wf/work_xgboost_co_wf_final_r1f_std/models/XGBOOST_CO_WF_seed210.metadata.json,models/xgboost/walk_forward/CO/XGBOOST_CO_WF_seed210.metadata.json,FINAL_MODEL_METADATA,verbatim copy,919,919,b0da435294cc8383fff08bcd9a2e862ce7c24f54924577c6a140418a9460890b,b0da435294cc8383fff08bcd9a2e862ce7c24f54924577c6a140418a9460890b
models/wf/work_xgboost_co_wf_final_r1f_std/models/XGBOOST_CO_WF_seed210.ubj,models/xgboost/walk_forward/CO/XGBOOST_CO_WF_seed210.ubj,FINAL_MODEL,verbatim copy,475411,475411,32befc3f0c2117fe0a1d668946cdbad022ebc7c7a2d69b29294fdb4dc2ed519d,32befc3f0c2117fe0a1d668946cdbad022ebc7c7a2d69b29294fdb4dc2ed519d
models/wf/work_xgboost_co_wf_final_r1f_std/models/XGBOOST_CO_WF_seed42.metadata.json,models/xgboost/walk_forward/CO/XGBOOST_CO_WF_seed42.metadata.json,FINAL_MODEL_METADATA,verbatim copy,917,917,920c3723e4971a86c2d869658b9918c1608ca53d2a3fced6060b4c1d634b1b4d,920c3723e4971a86c2d869658b9918c1608ca53d2a3fced6060b4c1d634b1b4d
models/wf/work_xgboost_co_wf_final_r1f_std/models/XGBOOST_CO_WF_seed42.ubj,models/xgboost/walk_forward/CO/XGBOOST_CO_WF_seed42.ubj,FINAL_MODEL,verbatim copy,475136,475136,3c76b6ea69a0d28aa49d7b7742bb7fe60e9e056761dd5e24a3d702355450e9bc,3c76b6ea69a0d28aa49d7b7742bb7fe60e9e056761dd5e24a3d702355450e9bc
models/wf/work_xgboost_co_wf_final_r1f_std/models/XGBOOST_CO_WF_seed63.metadata.json,models/xgboost/walk_forward/CO/XGBOOST_CO_WF_seed63.metadata.json,FINAL_MODEL_METADATA,verbatim copy,917,917,8a84a54dd4248e62056f8c0e5e83217bf491a11620517aec72bbb93ebef51e10,8a84a54dd4248e62056f8c0e5e83217bf491a11620517aec72bbb93ebef51e10
models/wf/work_xgboost_co_wf_final_r1f_std/models/XGBOOST_CO_WF_seed63.ubj,models/xgboost/walk_forward/CO/XGBOOST_CO_WF_seed63.ubj,FINAL_MODEL,verbatim copy,481532,481532,c8d9cab7b273ab1beca43c328b4a5aa7446c7ac2ab0770f0b7f506293d08f420,c8d9cab7b273ab1beca43c328b4a5aa7446c7ac2ab0770f0b7f506293d08f420
models/wf/work_xgboost_co_wf_final_r1f_std/models/XGBOOST_CO_WF_seed84.metadata.json,models/xgboost/walk_forward/CO/XGBOOST_CO_WF_seed84.metadata.json,FINAL_MODEL_METADATA,verbatim copy,917,917,5a0235247f1f7a8e2671b8c853359e4126621a9591c3bcd910386d62de87ee78,5a0235247f1f7a8e2671b8c853359e4126621a9591c3bcd910386d62de87ee78
models/wf/work_xgboost_co_wf_final_r1f_std/models/XGBOOST_CO_WF_seed84.ubj,models/xgboost/walk_forward/CO/XGBOOST_CO_WF_seed84.ubj,FINAL_MODEL,verbatim copy,474930,474930,4c7818ac6810c5e7b1b4aa950796678089e599a4f3c260c237e3bb4e2a021431,4c7818ac6810c5e7b1b4aa950796678089e599a4f3c260c237e3bb4e2a021431
models/wf/work_xgboost_nox_wf_final_r1f_std/models/XGBOOST_NOX_WF_seed105.metadata.json,models/xgboost/walk_forward/NOx/XGBOOST_NOX_WF_seed105.metadata.json,FINAL_MODEL_METADATA,verbatim copy,1043,1043,80e07562f4a2618c9f609ed1d1cd5f420768d8f66d6ecc5fe86e2740bcfb29f8,80e07562f4a2618c9f609ed1d1cd5f420768d8f66d6ecc5fe86e2740bcfb29f8
models/wf/work_xgboost_nox_wf_final_r1f_std/models/XGBOOST_NOX_WF_seed126.metadata.json,models/xgboost/walk_forward/NOx/XGBOOST_NOX_WF_seed126.metadata.json,FINAL_MODEL_METADATA,verbatim copy,1043,1043,1cea6ce843be0e1d63915df59b44a40f28b9a25ddfb5eec06df034a227bd45c1,1cea6ce843be0e1d63915df59b44a40f28b9a25ddfb5eec06df034a227bd45c1
models/wf/work_xgboost_nox_wf_final_r1f_std/models/XGBOOST_NOX_WF_seed147.metadata.json,models/xgboost/walk_forward/NOx/XGBOOST_NOX_WF_seed147.metadata.json,FINAL_MODEL_METADATA,verbatim copy,1043,1043,a09ea23de18e734bf42efbef0e74a794faa50e55445453b814c0bd5091f26f2f,a09ea23de18e734bf42efbef0e74a794faa50e55445453b814c0bd5091f26f2f
models/wf/work_xgboost_nox_wf_final_r1f_std/models/XGBOOST_NOX_WF_seed168.metadata.json,models/xgboost/walk_forward/NOx/XGBOOST_NOX_WF_seed168.metadata.json,FINAL_MODEL_METADATA,verbatim copy,1043,1043,8d4ff5be14547df2c719c70619d07008f6e1c113b28ed3da7131541fc75001a1,8d4ff5be14547df2c719c70619d07008f6e1c113b28ed3da7131541fc75001a1
models/wf/work_xgboost_nox_wf_final_r1f_std/models/XGBOOST_NOX_WF_seed189.metadata.json,models/xgboost/walk_forward/NOx/XGBOOST_NOX_WF_seed189.metadata.json,FINAL_MODEL_METADATA,verbatim copy,1043,1043,b3060ecf700a5035a16008f5cb532aba64504cbea58dea3d056898ccb4896549,b3060ecf700a5035a16008f5cb532aba64504cbea58dea3d056898ccb4896549
models/wf/work_xgboost_nox_wf_final_r1f_std/models/XGBOOST_NOX_WF_seed21.metadata.json,models/xgboost/walk_forward/NOx/XGBOOST_NOX_WF_seed21.metadata.json,FINAL_MODEL_METADATA,verbatim copy,1041,1041,02512ec132fe24d2a4bc2ae5704ee5648e5200aa495f60db9693a7d4783a83ba,02512ec132fe24d2a4bc2ae5704ee5648e5200aa495f60db9693a7d4783a83ba
models/wf/work_xgboost_nox_wf_final_r1f_std/models/XGBOOST_NOX_WF_seed210.metadata.json,models/xgboost/walk_forward/NOx/XGBOOST_NOX_WF_seed210.metadata.json,FINAL_MODEL_METADATA,verbatim copy,1043,1043,0f6faf8cc53e354fb414be6431c6d873e4de319a7670a9614b07d3696155bc83,0f6faf8cc53e354fb414be6431c6d873e4de319a7670a9614b07d3696155bc83
models/wf/work_xgboost_nox_wf_final_r1f_std/models/XGBOOST_NOX_WF_seed42.metadata.json,models/xgboost/walk_forward/NOx/XGBOOST_NOX_WF_seed42.metadata.json,FINAL_MODEL_METADATA,verbatim copy,1041,1041,98df7f65d9d72b6275f2a0c4adc470359f0909ca0c7a2f4f4444115391972ff5,98df7f65d9d72b6275f2a0c4adc470359f0909ca0c7a2f4f4444115391972ff5
models/wf/work_xgboost_nox_wf_final_r1f_std/models/XGBOOST_NOX_WF_seed42.ubj,models/xgboost/walk_forward/NOx/XGBOOST_NOX_WF_seed42.ubj,FINAL_MODEL,verbatim copy,26596589,26596589,83f083e91475b6b8575eda9988864c5f294328c0ddd3c3f9dbc46249b7ff4060,83f083e91475b6b8575eda9988864c5f294328c0ddd3c3f9dbc46249b7ff4060
models/wf/work_xgboost_nox_wf_final_r1f_std/models/XGBOOST_NOX_WF_seed63.metadata.json,models/xgboost/walk_forward/NOx/XGBOOST_NOX_WF_seed63.metadata.json,FINAL_MODEL_METADATA,verbatim copy,1041,1041,46072ced8491bc6b5a2cda2867389865151893c1ba5fc2eb2ea2242786fe5858,46072ced8491bc6b5a2cda2867389865151893c1ba5fc2eb2ea2242786fe5858
models/wf/work_xgboost_nox_wf_final_r1f_std/models/XGBOOST_NOX_WF_seed84.metadata.json,models/xgboost/walk_forward/NOx/XGBOOST_NOX_WF_seed84.metadata.json,FINAL_MODEL_METADATA,verbatim copy,1041,1041,4bcbd7cf7954b6c1203c840a83ba439cee22ad4d9c99f9784f53bdb20f6ef110,4bcbd7cf7954b6c1203c840a83ba439cee22ad4d9c99f9784f53bdb20f6ef110
notebooks/00_PEMS_PINN_INTERP_PROTOCOL - R1 - LOCAL_EXECUTED.ipynb,notebooks/00_protocol/interpolative_protocol.ipynb,EXECUTED_CANONICAL_NOTEBOOK,executed outputs and execution counts preserved; personal home paths redacted where present,542784,542784,a8c1a0ee185f2193846fb1ca3f320ae40fe71836740766647ed4e1d93b6c8afa,a8c1a0ee185f2193846fb1ca3f320ae40fe71836740766647ed4e1d93b6c8afa
notebooks/00_PEMS_PINN_WF_PROTOCOL - R1 - LOCAL_EXECUTED.ipynb,notebooks/00_protocol/walk_forward_protocol.ipynb,EXECUTED_CANONICAL_NOTEBOOK,executed outputs and execution counts preserved; personal home paths redacted where present,164419,164419,78716419658ccacd0561472554c0a18fa6387f4749722b569efd95584276a405,78716419658ccacd0561472554c0a18fa6387f4749722b569efd95584276a405
notebooks/04_Gold_Standard_PINN_CO_INTERP_FINAL - R5F_STD - LOCAL_EXECUTED.ipynb,notebooks/01_dense_pinn/CO/final.ipynb,EXECUTED_CANONICAL_NOTEBOOK,executed outputs and execution counts preserved; personal home paths redacted where present,1323487,1323487,d57f855fb2c38899106785158e1dca9c19655e09a95cfd4dbb07d6dd0457de95,d57f855fb2c38899106785158e1dca9c19655e09a95cfd4dbb07d6dd0457de95
notebooks/04_Gold_Standard_PINN_CO_INTERP_OPT - R5 - LOCAL_EXECUTED.ipynb,notebooks/01_dense_pinn/CO/optimization.ipynb,EXECUTED_CANONICAL_NOTEBOOK,executed outputs and execution counts preserved; personal home paths redacted where present,617327,617322,e4ec3f21f04b866759f042e7530a72438e3b639595c3350f5c6e2933f100587f,bfa881c96008a6ff380b0ef050318662f81960b44c3ef5dfd5b8584d03d171cc
notebooks/04_Gold_Standard_PINN_NOX_INTERP_FINAL - R6F_STD - LOCAL_EXECUTED.ipynb,notebooks/01_dense_pinn/NOx/final.ipynb,EXECUTED_CANONICAL_NOTEBOOK,executed outputs and execution counts preserved; personal home paths redacted where present,3628336,3628336,f819a982a3851341726b174b13875013c302f53fd60e9d3f101edf1c069f43bb,f819a982a3851341726b174b13875013c302f53fd60e9d3f101edf1c069f43bb
notebooks/04_Gold_Standard_PINN_NOX_INTERP_OPT - R6 - LOCAL_EXECUTED.ipynb,notebooks/01_dense_pinn/NOx/optimization.ipynb,EXECUTED_CANONICAL_NOTEBOOK,executed outputs and execution counts preserved; personal home paths redacted where present,1062366,1062366,d80c2401013834c85432d7ad2ddc5c6068b37dab87682e50b47eb45ae7239d13,d80c2401013834c85432d7ad2ddc5c6068b37dab87682e50b47eb45ae7239d13
notebooks/05_TT_PINN_CO_INTERP_FINAL - R1F_STD - LOCAL_EXECUTED.ipynb,notebooks/02_tt_pinn/CO/final.ipynb,EXECUTED_CANONICAL_NOTEBOOK,executed outputs and execution counts preserved; personal home paths redacted where present,1639523,1639518,5419a09c2e8f90706c73588a757c3837af6115fcdcde91a973e58d332f0e2d20,30168463b22b37404993a966d4a05ecbb439156d5c460d6473c1820451ea73ee
notebooks/05_TT_PINN_NOX_INTERP_FINAL - R1F_STD - LOCAL_EXECUTED.ipynb,notebooks/02_tt_pinn/NOx/final.ipynb,EXECUTED_CANONICAL_NOTEBOOK,executed outputs and execution counts preserved; personal home paths redacted where present,2107702,2107697,e6ed06cd9d45a96e6c8ee023940181fa74e46b1b22525de70adc494e069abcb8,bc4d7b97b00714ee0af3e64ae9966c2713724ea43bda40008c3a00b4cc330090
notebooks/07_XGBoost_CO_INTERP_FINAL - R1F_STD - LOCAL_EXECUTED.ipynb,notebooks/03_xgboost/CO/final.ipynb,EXECUTED_CANONICAL_NOTEBOOK,executed outputs and execution counts preserved; personal home paths redacted where present,989626,989626,7d534fcb1efc59bacfdb63e68d6a263c8b4d6fa34411b8b19033b69f781e3905,7d534fcb1efc59bacfdb63e68d6a263c8b4d6fa34411b8b19033b69f781e3905
notebooks/07_XGBoost_CO_INTERP_OPT - R1_POC_EFFICIENT - LOCAL_EXECUTED.ipynb,notebooks/03_xgboost/CO/optimization.ipynb,EXECUTED_CANONICAL_NOTEBOOK,executed outputs and execution counts preserved; personal home paths redacted where present,306297,306287,3f54a51d13dddf945ecbf46190e3b6e56c89765b0debe2ab28b5cda6deb5aa73,cee5ef921d86b4273519e0ffd44dc341be6f65638214c36f234f758f627f90e2
notebooks/07_XGBoost_NOX_INTERP_FINAL - R1F_STD - LOCAL_EXECUTED.ipynb,notebooks/03_xgboost/NOx/final.ipynb,EXECUTED_CANONICAL_NOTEBOOK,executed outputs and execution counts preserved; personal home paths redacted where present,1237592,1237592,a414c4b878ba3bc70adc8573ee8eea54e3e7125ad7ab3c4e15e1621252d392cb,a414c4b878ba3bc70adc8573ee8eea54e3e7125ad7ab3c4e15e1621252d392cb
notebooks/07_XGBoost_NOX_INTERP_OPT - R1_POC_EFFICIENT - LOCAL_EXECUTED.ipynb,notebooks/03_xgboost/NOx/optimization.ipynb,EXECUTED_CANONICAL_NOTEBOOK,executed outputs and execution counts preserved; personal home paths redacted where present,284396,284386,fe329705fab141a2ba7669a3736405ede28f1981cb77d3d98ed507f203969057,9d746c0a30a2440e7343c61074f4d2c59440c5e549ab4e24cdcbfbc93eea807a
notebooks/04_Gold_Standard_PINN_CO_WF_FINAL - R3F_STD - LOCAL_EXECUTED.ipynb,notebooks/04_walk_forward/CO/dense_pinn_final.ipynb,EXECUTED_CANONICAL_NOTEBOOK,executed outputs and execution counts preserved; personal home paths redacted where present,1009620,1009620,b544c240058ca3b2a92c7436bd6dbf573627241806ee9133d1a05835fa4a8db9,b544c240058ca3b2a92c7436bd6dbf573627241806ee9133d1a05835fa4a8db9
notebooks/04_Gold_Standard_PINN_CO_WF_OPT - R3_POC_EFFICIENT - LOCAL_EXECUTED.ipynb,notebooks/04_walk_forward/CO/dense_pinn_optimization.ipynb,EXECUTED_CANONICAL_NOTEBOOK,executed outputs and execution counts preserved; personal home paths redacted where present,551263,551258,111899d5ab43cb4b8d90c377016f18e58f9d529ee713c333be3531c90154a6b3,09006d7c57a3ee1d8ec7fb73bd909d6ec55c9521533b41c85dafb5b439e615f3
notebooks/07_XGBoost_CO_WF_FINAL - R1F_STD - LOCAL_EXECUTED.ipynb,notebooks/04_walk_forward/CO/xgboost_final.ipynb,EXECUTED_CANONICAL_NOTEBOOK,executed outputs and execution counts preserved; personal home paths redacted where present,840237,840237,827d68c557850ccd7f0c2c835e8c3ad7552147dcfac93ae4e5232697731b9c4c,827d68c557850ccd7f0c2c835e8c3ad7552147dcfac93ae4e5232697731b9c4c
notebooks/07_XGBoost_CO_WF_OPT - R1_POC_EFFICIENT - LOCAL_EXECUTED.ipynb,notebooks/04_walk_forward/CO/xgboost_optimization.ipynb,EXECUTED_CANONICAL_NOTEBOOK,executed outputs and execution counts preserved; personal home paths redacted where present,328861,328831,bd87c8837c7d7a900e391d4d24da87b0737662d313c66f4b9580191ae13629cb,168bc58aa153a584409c9f68fc787ca247364ff457e6a71e4aad00fe882bace6
notebooks/04_Gold_Standard_PINN_NOX_WF_FINAL - R3F_STD - LOCAL_EXECUTED.ipynb,notebooks/04_walk_forward/NOx/dense_pinn_final.ipynb,EXECUTED_CANONICAL_NOTEBOOK,executed outputs and execution counts preserved; personal home paths redacted where present,1362617,1362617,36947a16d0d2ea63d3ea113b117b578b5f29e81ec82c73ad06d80f3323cdf694,36947a16d0d2ea63d3ea113b117b578b5f29e81ec82c73ad06d80f3323cdf694
notebooks/04_Gold_Standard_PINN_NOX_WF_OPT - R3_POC_EFFICIENT - LOCAL_EXECUTED.ipynb,notebooks/04_walk_forward/NOx/dense_pinn_optimization.ipynb,EXECUTED_CANONICAL_NOTEBOOK,executed outputs and execution counts preserved; personal home paths redacted where present,500880,500875,635eace60f2a5e14efa826e0640fa6e50edbeaf1529070f86b639cc7979ca342,5f22e9bdbc979147dcc8910f4ef9bd505ab65cde0a98f804ba9acce77df629eb
notebooks/07_XGBoost_NOX_WF_FINAL - R1F_STD - LOCAL_EXECUTED.ipynb,notebooks/04_walk_forward/NOx/xgboost_final.ipynb,EXECUTED_CANONICAL_NOTEBOOK,executed outputs and execution counts preserved; personal home paths redacted where present,1402880,1402880,97622edc0d9249c6b94a5df6d1dee1e24105931482d8a9095d801295cde61f12,97622edc0d9249c6b94a5df6d1dee1e24105931482d8a9095d801295cde61f12
notebooks/07_XGBoost_NOX_WF_OPT - R1_POC_EFFICIENT - LOCAL_EXECUTED.ipynb,notebooks/04_walk_forward/NOx/xgboost_optimization.ipynb,EXECUTED_CANONICAL_NOTEBOOK,executed outputs and execution counts preserved; personal home paths redacted where present,290087,290077,c19d63ef210055d0f2e9b18e5a73c58a5f8ec693a624da0250c8e9bb23eba402,20f60c242ca66fb0b4d97fe60ac151cda64ca10a2e70ae42b3e48f2637517805
notebooks/05_TT_PINN_CO_INTERP_FINAL - R1F_STD - COMPUTATIONAL_ADDENDUM_R1 - LOCAL_EXECUTED.ipynb,notebooks/05_comparison/computational_benchmark/CO/tt_addendum.ipynb,EXECUTED_CANONICAL_NOTEBOOK,executed outputs and execution counts preserved; personal home paths redacted where present,2162086,2162081,eba5289de59745654a3879842ae18455fb446bd651946d57b2b76baee770a899,261f7f7a25348ed9b0b482bc3ed3e88397d0d3b07dc3503b5e727350bd707399
notebooks/05_TT_PINN_NOX_INTERP_FINAL - R1F_STD - COMPUTATIONAL_ADDENDUM_R1 - LOCAL_EXECUTED.ipynb,notebooks/05_comparison/computational_benchmark/NOx/tt_addendum.ipynb,EXECUTED_CANONICAL_NOTEBOOK,executed outputs and execution counts preserved; personal home paths redacted where present,2654968,2654963,3c711e5659647f494eb81917dbf96be0ba8f68e0b309b64adbf33aef7bd86123,564dd31550921822fcab305aeec5f09a88e5003b8c38ca3e04c36c46889f9755
notebooks/08_PINN_XGBoost_INTERP_PARETO_LATENCY - R1 - LOCAL_EXECUTED.ipynb,notebooks/05_comparison/interpolative_latency.ipynb,EXECUTED_CANONICAL_NOTEBOOK,executed outputs and execution counts preserved; personal home paths redacted where present,568322,568322,632d805f03c438fbd22e69dcf2408e55e98230674acde94f59f0ec54f398d21e,632d805f03c438fbd22e69dcf2408e55e98230674acde94f59f0ec54f398d21e
notebooks/08_PINN_XGBoost_INTERP_OPT_ALL_MODELS_PARETO - R5 - LOCAL_EXECUTED.ipynb,notebooks/05_comparison/interpolative_pareto.ipynb,EXECUTED_CANONICAL_NOTEBOOK,executed outputs and execution counts preserved; personal home paths redacted where present,2100630,2100630,a7249b438f96c6372c6c8582ad186a0ac404c403e19a335f5fb4cbb73ef18944,a7249b438f96c6372c6c8582ad186a0ac404c403e19a335f5fb4cbb73ef18944
notebooks/00_PEMS_PINN_INTERP_PROTOCOL - R1 - LOCAL_EXECUTED.ipynb,reports/executed/v1.0.0/00_protocol/interpolative_protocol.ipynb,EXECUTED_EVIDENCE,verbatim copy,542784,542784,a8c1a0ee185f2193846fb1ca3f320ae40fe71836740766647ed4e1d93b6c8afa,a8c1a0ee185f2193846fb1ca3f320ae40fe71836740766647ed4e1d93b6c8afa
notebooks/00_PEMS_PINN_WF_PROTOCOL - R1 - LOCAL_EXECUTED.ipynb,reports/executed/v1.0.0/00_protocol/walk_forward_protocol.ipynb,EXECUTED_EVIDENCE,verbatim copy,164419,164419,78716419658ccacd0561472554c0a18fa6387f4749722b569efd95584276a405,78716419658ccacd0561472554c0a18fa6387f4749722b569efd95584276a405
notebooks/04_Gold_Standard_PINN_CO_INTERP_FINAL - R5F_STD - LOCAL_EXECUTED.ipynb,reports/executed/v1.0.0/01_dense_pinn/CO/final.ipynb,EXECUTED_EVIDENCE,verbatim copy,1323487,1323487,d57f855fb2c38899106785158e1dca9c19655e09a95cfd4dbb07d6dd0457de95,d57f855fb2c38899106785158e1dca9c19655e09a95cfd4dbb07d6dd0457de95
notebooks/04_Gold_Standard_PINN_CO_INTERP_OPT - R5 - LOCAL_EXECUTED.ipynb,reports/executed/v1.0.0/01_dense_pinn/CO/optimization.ipynb,EXECUTED_EVIDENCE,verbatim copy; personal home path redacted in public copy,617327,617322,e4ec3f21f04b866759f042e7530a72438e3b639595c3350f5c6e2933f100587f,bfa881c96008a6ff380b0ef050318662f81960b44c3ef5dfd5b8584d03d171cc
notebooks/04_Gold_Standard_PINN_NOX_INTERP_FINAL - R6F_STD - LOCAL_EXECUTED.ipynb,reports/executed/v1.0.0/01_dense_pinn/NOx/final.ipynb,EXECUTED_EVIDENCE,verbatim copy,3628336,3628336,f819a982a3851341726b174b13875013c302f53fd60e9d3f101edf1c069f43bb,f819a982a3851341726b174b13875013c302f53fd60e9d3f101edf1c069f43bb
notebooks/04_Gold_Standard_PINN_NOX_INTERP_OPT - R6 - LOCAL_EXECUTED.ipynb,reports/executed/v1.0.0/01_dense_pinn/NOx/optimization.ipynb,EXECUTED_EVIDENCE,verbatim copy,1062366,1062366,d80c2401013834c85432d7ad2ddc5c6068b37dab87682e50b47eb45ae7239d13,d80c2401013834c85432d7ad2ddc5c6068b37dab87682e50b47eb45ae7239d13
notebooks/05_TT_PINN_CO_INTERP_FINAL - R1F_STD - LOCAL_EXECUTED.ipynb,reports/executed/v1.0.0/02_tt_pinn/CO/final.ipynb,EXECUTED_EVIDENCE,verbatim copy; personal home path redacted in public copy,1639523,1639518,5419a09c2e8f90706c73588a757c3837af6115fcdcde91a973e58d332f0e2d20,30168463b22b37404993a966d4a05ecbb439156d5c460d6473c1820451ea73ee
notebooks/05_TT_PINN_NOX_INTERP_FINAL - R1F_STD - LOCAL_EXECUTED.ipynb,reports/executed/v1.0.0/02_tt_pinn/NOx/final.ipynb,EXECUTED_EVIDENCE,verbatim copy; personal home path redacted in public copy,2107702,2107697,e6ed06cd9d45a96e6c8ee023940181fa74e46b1b22525de70adc494e069abcb8,bc4d7b97b00714ee0af3e64ae9966c2713724ea43bda40008c3a00b4cc330090
notebooks/07_XGBoost_CO_INTERP_FINAL - R1F_STD - LOCAL_EXECUTED.ipynb,reports/executed/v1.0.0/03_xgboost/CO/final.ipynb,EXECUTED_EVIDENCE,verbatim copy,989626,989626,7d534fcb1efc59bacfdb63e68d6a263c8b4d6fa34411b8b19033b69f781e3905,7d534fcb1efc59bacfdb63e68d6a263c8b4d6fa34411b8b19033b69f781e3905
notebooks/07_XGBoost_CO_INTERP_OPT - R1_POC_EFFICIENT - LOCAL_EXECUTED.ipynb,reports/executed/v1.0.0/03_xgboost/CO/optimization.ipynb,EXECUTED_EVIDENCE,verbatim copy; personal home path redacted in public copy,306297,306287,3f54a51d13dddf945ecbf46190e3b6e56c89765b0debe2ab28b5cda6deb5aa73,cee5ef921d86b4273519e0ffd44dc341be6f65638214c36f234f758f627f90e2
notebooks/07_XGBoost_NOX_INTERP_FINAL - R1F_STD - LOCAL_EXECUTED.ipynb,reports/executed/v1.0.0/03_xgboost/NOx/final.ipynb,EXECUTED_EVIDENCE,verbatim copy,1237592,1237592,a414c4b878ba3bc70adc8573ee8eea54e3e7125ad7ab3c4e15e1621252d392cb,a414c4b878ba3bc70adc8573ee8eea54e3e7125ad7ab3c4e15e1621252d392cb
notebooks/07_XGBoost_NOX_INTERP_OPT - R1_POC_EFFICIENT - LOCAL_EXECUTED.ipynb,reports/executed/v1.0.0/03_xgboost/NOx/optimization.ipynb,EXECUTED_EVIDENCE,verbatim copy; personal home path redacted in public copy,284396,284386,fe329705fab141a2ba7669a3736405ede28f1981cb77d3d98ed507f203969057,9d746c0a30a2440e7343c61074f4d2c59440c5e549ab4e24cdcbfbc93eea807a
notebooks/04_Gold_Standard_PINN_CO_WF_FINAL - R3F_STD - LOCAL_EXECUTED.ipynb,reports/executed/v1.0.0/04_walk_forward/CO/dense_pinn_final.ipynb,EXECUTED_EVIDENCE,verbatim copy,1009620,1009620,b544c240058ca3b2a92c7436bd6dbf573627241806ee9133d1a05835fa4a8db9,b544c240058ca3b2a92c7436bd6dbf573627241806ee9133d1a05835fa4a8db9
notebooks/04_Gold_Standard_PINN_CO_WF_OPT - R3_POC_EFFICIENT - LOCAL_EXECUTED.ipynb,reports/executed/v1.0.0/04_walk_forward/CO/dense_pinn_optimization.ipynb,EXECUTED_EVIDENCE,verbatim copy; personal home path redacted in public copy,551263,551258,111899d5ab43cb4b8d90c377016f18e58f9d529ee713c333be3531c90154a6b3,09006d7c57a3ee1d8ec7fb73bd909d6ec55c9521533b41c85dafb5b439e615f3
notebooks/07_XGBoost_CO_WF_FINAL - R1F_STD - LOCAL_EXECUTED.ipynb,reports/executed/v1.0.0/04_walk_forward/CO/xgboost_final.ipynb,EXECUTED_EVIDENCE,verbatim copy,840237,840237,827d68c557850ccd7f0c2c835e8c3ad7552147dcfac93ae4e5232697731b9c4c,827d68c557850ccd7f0c2c835e8c3ad7552147dcfac93ae4e5232697731b9c4c
notebooks/07_XGBoost_CO_WF_OPT - R1_POC_EFFICIENT - LOCAL_EXECUTED.ipynb,reports/executed/v1.0.0/04_walk_forward/CO/xgboost_optimization.ipynb,EXECUTED_EVIDENCE,verbatim copy; personal home path redacted in public copy,328861,328831,bd87c8837c7d7a900e391d4d24da87b0737662d313c66f4b9580191ae13629cb,168bc58aa153a584409c9f68fc787ca247364ff457e6a71e4aad00fe882bace6
notebooks/04_Gold_Standard_PINN_NOX_WF_FINAL - R3F_STD - LOCAL_EXECUTED.ipynb,reports/executed/v1.0.0/04_walk_forward/NOx/dense_pinn_final.ipynb,EXECUTED_EVIDENCE,verbatim copy,1362617,1362617,36947a16d0d2ea63d3ea113b117b578b5f29e81ec82c73ad06d80f3323cdf694,36947a16d0d2ea63d3ea113b117b578b5f29e81ec82c73ad06d80f3323cdf694
notebooks/04_Gold_Standard_PINN_NOX_WF_OPT - R3_POC_EFFICIENT - LOCAL_EXECUTED.ipynb,reports/executed/v1.0.0/04_walk_forward/NOx/dense_pinn_optimization.ipynb,EXECUTED_EVIDENCE,verbatim copy; personal home path redacted in public copy,500880,500875,635eace60f2a5e14efa826e0640fa6e50edbeaf1529070f86b639cc7979ca342,5f22e9bdbc979147dcc8910f4ef9bd505ab65cde0a98f804ba9acce77df629eb
notebooks/07_XGBoost_NOX_WF_FINAL - R1F_STD - LOCAL_EXECUTED.ipynb,reports/executed/v1.0.0/04_walk_forward/NOx/xgboost_final.ipynb,EXECUTED_EVIDENCE,verbatim copy,1402880,1402880,97622edc0d9249c6b94a5df6d1dee1e24105931482d8a9095d801295cde61f12,97622edc0d9249c6b94a5df6d1dee1e24105931482d8a9095d801295cde61f12
notebooks/07_XGBoost_NOX_WF_OPT - R1_POC_EFFICIENT - LOCAL_EXECUTED.ipynb,reports/executed/v1.0.0/04_walk_forward/NOx/xgboost_optimization.ipynb,EXECUTED_EVIDENCE,verbatim copy; personal home path redacted in public copy,290087,290077,c19d63ef210055d0f2e9b18e5a73c58a5f8ec693a624da0250c8e9bb23eba402,20f60c242ca66fb0b4d97fe60ac151cda64ca10a2e70ae42b3e48f2637517805
notebooks/05_TT_PINN_CO_INTERP_FINAL - R1F_STD - COMPUTATIONAL_ADDENDUM_R1 - LOCAL_EXECUTED.ipynb,reports/executed/v1.0.0/05_comparison/computational_benchmark/CO/tt_addendum.ipynb,EXECUTED_EVIDENCE,verbatim copy; personal home path redacted in public copy,2162086,2162081,eba5289de59745654a3879842ae18455fb446bd651946d57b2b76baee770a899,261f7f7a25348ed9b0b482bc3ed3e88397d0d3b07dc3503b5e727350bd707399
notebooks/05_TT_PINN_NOX_INTERP_FINAL - R1F_STD - COMPUTATIONAL_ADDENDUM_R1 - LOCAL_EXECUTED.ipynb,reports/executed/v1.0.0/05_comparison/computational_benchmark/NOx/tt_addendum.ipynb,EXECUTED_EVIDENCE,verbatim copy; personal home path redacted in public copy,2654968,2654963,3c711e5659647f494eb81917dbf96be0ba8f68e0b309b64adbf33aef7bd86123,564dd31550921822fcab305aeec5f09a88e5003b8c38ca3e04c36c46889f9755
notebooks/08_PINN_XGBoost_INTERP_PARETO_LATENCY - R1 - LOCAL_EXECUTED.ipynb,reports/executed/v1.0.0/05_comparison/interpolative_latency.ipynb,EXECUTED_EVIDENCE,verbatim copy,568322,568322,632d805f03c438fbd22e69dcf2408e55e98230674acde94f59f0ec54f398d21e,632d805f03c438fbd22e69dcf2408e55e98230674acde94f59f0ec54f398d21e
notebooks/08_PINN_XGBoost_INTERP_OPT_ALL_MODELS_PARETO - R5 - LOCAL_EXECUTED.ipynb,reports/executed/v1.0.0/05_comparison/interpolative_pareto.ipynb,EXECUTED_EVIDENCE,verbatim copy,2100630,2100630,a7249b438f96c6372c6c8582ad186a0ac404c403e19a335f5fb4cbb73ef18944,a7249b438f96c6372c6c8582ad186a0ac404c403e19a335f5fb4cbb73ef18944
models/interp/work_pinn_xgboost_pareto_latency_r4_definitive/MANIFEST_R4_DEFINITIVE.json,results/frozen/computational_benchmark/pareto_r4/MANIFEST_R4_DEFINITIVE.json,PARETO_MANIFEST,verbatim copy,1998,1998,e4f0ecedff336f66f7d4693164478832c2f668850b8ceb4c5ca8063fb3e5876a,e4f0ecedff336f66f7d4693164478832c2f668850b8ceb4c5ca8063fb3e5876a
models/interp/work_pinn_xgboost_pareto_latency_r4_definitive/tables/definitive_pinn_cpu1_benchmark_raw.csv,results/frozen/computational_benchmark/pareto_r4/tables/definitive_pinn_cpu1_benchmark_raw.csv,PARETO_RESULT,verbatim copy,3147,3147,b2ed29e99707480abbc9ce2078b94f193c773b1ec9b83d1914c65146b855ad36,b2ed29e99707480abbc9ce2078b94f193c773b1ec9b83d1914c65146b855ad36
models/interp/work_pinn_xgboost_pareto_latency_r4_definitive/tables/definitive_pinn_cpu1_benchmark_summary.csv,results/frozen/computational_benchmark/pareto_r4/tables/definitive_pinn_cpu1_benchmark_summary.csv,PARETO_RESULT,verbatim copy,452,452,7db6d7e2b272ebdcb310707ee71862c010b5666e618ec766ec74c14f6d4d6c3c,7db6d7e2b272ebdcb310707ee71862c010b5666e618ec766ec74c14f6d4d6c3c
models/interp/work_pinn_xgboost_pareto_latency_r4_definitive/tables/frontera_pareto_3d_definitiva.csv,results/frozen/computational_benchmark/pareto_r4/tables/frontera_pareto_3d_definitiva.csv,PARETO_RESULT,verbatim copy,1839,1839,068c00312dee288b15c8d42831c1b561ea635c590d65e9dac489983908e1284e,068c00312dee288b15c8d42831c1b561ea635c590d65e9dac489983908e1284e
models/interp/work_pinn_xgboost_pareto_latency_r4_definitive/tables/modelos_individuales_definitivos.csv,results/frozen/computational_benchmark/pareto_r4/tables/modelos_individuales_definitivos.csv,PARETO_RESULT,verbatim copy,8281,8281,7b3df2c8944c076d9a95b66b7654be2c700b3f316af0d9176524f35444ba3ca6,7b3df2c8944c076d9a95b66b7654be2c700b3f316af0d9176524f35444ba3ca6
models/interp/work_pinn_xgboost_pareto_latency_r4_definitive/tables/resumen_modelos_individuales_definitivos.csv,results/frozen/computational_benchmark/pareto_r4/tables/resumen_modelos_individuales_definitivos.csv,PARETO_RESULT,verbatim copy,654,654,bc666a3fd4b6eca22c4799ef58cd1bd87b279f0630239fcbd7e17d300ade2bdd,bc666a3fd4b6eca22c4799ef58cd1bd87b279f0630239fcbd7e17d300ade2bdd
models/interp/posthoc_tt_pinn_computational_r1/co/APPEND_ONLY_NOTEBOOK_AUDIT_CO_COMPUTATIONAL_ADDENDUM_R1.json,results/frozen/computational_benchmark/tt_pinn_addendum/co/APPEND_ONLY_NOTEBOOK_AUDIT_CO_COMPUTATIONAL_ADDENDUM_R1.json,COMPUTATIONAL_BENCHMARK,verbatim copy,3774,3774,dd0bbf23a478e31f5cca6d25deb7f51b0745c42f0650439b1ef3ba1b16f02469,dd0bbf23a478e31f5cca6d25deb7f51b0745c42f0650439b1ef3ba1b16f02469
models/interp/posthoc_tt_pinn_computational_r1/co/figures/ADDENDUM-01_computational_cards_CO_TT_PINN_COMPUTATIONAL_ADDENDUM_R1.png,results/frozen/computational_benchmark/tt_pinn_addendum/co/figures/ADDENDUM-01_computational_cards_CO_TT_PINN_COMPUTATIONAL_ADDENDUM_R1.png,COMPUTATIONAL_BENCHMARK,verbatim copy,103296,103296,2e8ccfc848bb0c0db1dfde2de300b529a3afdc2c43f6823d843c4e0e5d8f7662,2e8ccfc848bb0c0db1dfde2de300b529a3afdc2c43f6823d843c4e0e5d8f7662
models/interp/posthoc_tt_pinn_computational_r1/co/figures/ADDENDUM-01_computational_cards_CO_TT_PINN_COMPUTATIONAL_ADDENDUM_R1.svg,results/frozen/computational_benchmark/tt_pinn_addendum/co/figures/ADDENDUM-01_computational_cards_CO_TT_PINN_COMPUTATIONAL_ADDENDUM_R1.svg,COMPUTATIONAL_BENCHMARK,verbatim copy,57868,57868,cd438b6431ab7900774b4f9eedcda35db3f62642663fca8a85114466ea43ff71,cd438b6431ab7900774b4f9eedcda35db3f62642663fca8a85114466ea43ff71
models/interp/posthoc_tt_pinn_computational_r1/co/figures/ADDENDUM-02_memory_compute_tradeoff_CO_TT_PINN_COMPUTATIONAL_ADDENDUM_R1.png,results/frozen/computational_benchmark/tt_pinn_addendum/co/figures/ADDENDUM-02_memory_compute_tradeoff_CO_TT_PINN_COMPUTATIONAL_ADDENDUM_R1.png,COMPUTATIONAL_BENCHMARK,verbatim copy,55252,55252,bb88ec26640cd0f6f1ba92437134e97e1129edfb85e695fcad71fe26ed1db5b5,bb88ec26640cd0f6f1ba92437134e97e1129edfb85e695fcad71fe26ed1db5b5
models/interp/posthoc_tt_pinn_computational_r1/co/figures/ADDENDUM-02_memory_compute_tradeoff_CO_TT_PINN_COMPUTATIONAL_ADDENDUM_R1.svg,results/frozen/computational_benchmark/tt_pinn_addendum/co/figures/ADDENDUM-02_memory_compute_tradeoff_CO_TT_PINN_COMPUTATIONAL_ADDENDUM_R1.svg,COMPUTATIONAL_BENCHMARK,verbatim copy,49309,49309,d85ca5d41b7cc216bdec5808d140491806cc6e26dee2144f73f77bd3400a406f,d85ca5d41b7cc216bdec5808d140491806cc6e26dee2144f73f77bd3400a406f
models/interp/posthoc_tt_pinn_computational_r1/co/figures/ADDENDUM-03_batch_sweep_CO_TT_PINN_COMPUTATIONAL_ADDENDUM_R1.png,results/frozen/computational_benchmark/tt_pinn_addendum/co/figures/ADDENDUM-03_batch_sweep_CO_TT_PINN_COMPUTATIONAL_ADDENDUM_R1.png,COMPUTATIONAL_BENCHMARK,verbatim copy,172123,172123,dc78c21d864d07f38511bb2e989e59253c102833edbfd938dc7144624f9c3608,dc78c21d864d07f38511bb2e989e59253c102833edbfd938dc7144624f9c3608
models/interp/posthoc_tt_pinn_computational_r1/co/figures/ADDENDUM-03_batch_sweep_CO_TT_PINN_COMPUTATIONAL_ADDENDUM_R1.svg,results/frozen/computational_benchmark/tt_pinn_addendum/co/figures/ADDENDUM-03_batch_sweep_CO_TT_PINN_COMPUTATIONAL_ADDENDUM_R1.svg,COMPUTATIONAL_BENCHMARK,verbatim copy,95781,95781,ad970e0070cc689e7b7d30e0d0fde2577e0871c6d2ac9dbf4eacd0da6b42368c,ad970e0070cc689e7b7d30e0d0fde2577e0871c6d2ac9dbf4eacd0da6b42368c
models/interp/posthoc_tt_pinn_computational_r1/co/manifests/ADDENDUM_MANIFEST_CO_TT_PINN_COMPUTATIONAL_ADDENDUM_R1.json,results/frozen/computational_benchmark/tt_pinn_addendum/co/manifests/ADDENDUM_MANIFEST_CO_TT_PINN_COMPUTATIONAL_ADDENDUM_R1.json,COMPUTATIONAL_BENCHMARK,verbatim copy,4284,4284,46c4713477e91b79f492ab647e8211bb662679468a550bf3a56c7e65ff355dac,46c4713477e91b79f492ab647e8211bb662679468a550bf3a56c7e65ff355dac
models/interp/posthoc_tt_pinn_computational_r1/co/manifests/ADDENDUM_MANIFEST_CO_TT_PINN_COMPUTATIONAL_ADDENDUM_R1.json.sha256,results/frozen/computational_benchmark/tt_pinn_addendum/co/manifests/ADDENDUM_MANIFEST_CO_TT_PINN_COMPUTATIONAL_ADDENDUM_R1.json.sha256,COMPUTATIONAL_BENCHMARK,verbatim copy,66,66,1481244523280a8b82728842596b1e636eceed92cf1c9b4d64dc508d379fdd4d,1481244523280a8b82728842596b1e636eceed92cf1c9b4d64dc508d379fdd4d
models/interp/posthoc_tt_pinn_computational_r1/co/manifests/APPEND_ONLY_NOTEBOOK_AUDIT_CO_TT_PINN_COMPUTATIONAL_ADDENDUM_R1.json,results/frozen/computational_benchmark/tt_pinn_addendum/co/manifests/APPEND_ONLY_NOTEBOOK_AUDIT_CO_TT_PINN_COMPUTATIONAL_ADDENDUM_R1.json,COMPUTATIONAL_BENCHMARK,verbatim copy,754,754,2078f89c1f25e9c303ceab2a072329b142325893e9fe6bc9c5c81384c4356650,2078f89c1f25e9c303ceab2a072329b142325893e9fe6bc9c5c81384c4356650
models/interp/posthoc_tt_pinn_computational_r1/co/manifests/CHECKPOINT_IMMUTABILITY_CO_TT_PINN_COMPUTATIONAL_ADDENDUM_R1.json,results/frozen/computational_benchmark/tt_pinn_addendum/co/manifests/CHECKPOINT_IMMUTABILITY_CO_TT_PINN_COMPUTATIONAL_ADDENDUM_R1.json,COMPUTATIONAL_BENCHMARK,verbatim copy,1363,1363,4325b8ad1df293e7908ab6ba5acd18ccfd6c6a26dc8cefb5977758a2b8189956,4325b8ad1df293e7908ab6ba5acd18ccfd6c6a26dc8cefb5977758a2b8189956
models/interp/posthoc_tt_pinn_computational_r1/co/manifests/FILE_ACCESS_LEDGER_CO_TT_PINN_COMPUTATIONAL_ADDENDUM_R1.json,results/frozen/computational_benchmark/tt_pinn_addendum/co/manifests/FILE_ACCESS_LEDGER_CO_TT_PINN_COMPUTATIONAL_ADDENDUM_R1.json,COMPUTATIONAL_BENCHMARK,verbatim copy,1007,1007,080817d9e9a45f5ee76eb840fc327bdac818fb29c6ff8a3b5b825fbad961f594,080817d9e9a45f5ee76eb840fc327bdac818fb29c6ff8a3b5b825fbad961f594
models/interp/posthoc_tt_pinn_computational_r1/co/manifests/POSTHOC_PROTOCOL_CO_TT_PINN_COMPUTATIONAL_ADDENDUM_R1.json,results/frozen/computational_benchmark/tt_pinn_addendum/co/manifests/POSTHOC_PROTOCOL_CO_TT_PINN_COMPUTATIONAL_ADDENDUM_R1.json,COMPUTATIONAL_BENCHMARK,verbatim copy,1481,1481,e4ee40edc32bb8fe3da93ab67a495d0a6c90dbad67c78ee06179d8592674581b,e4ee40edc32bb8fe3da93ab67a495d0a6c90dbad67c78ee06179d8592674581b
models/interp/posthoc_tt_pinn_computational_r1/co/manifests/PROTECTED_INVENTORY_AFTER_CO_TT_PINN_COMPUTATIONAL_ADDENDUM_R1.json,results/frozen/computational_benchmark/tt_pinn_addendum/co/manifests/PROTECTED_INVENTORY_AFTER_CO_TT_PINN_COMPUTATIONAL_ADDENDUM_R1.json,COMPUTATIONAL_BENCHMARK,verbatim copy,1644,1644,052448bd958503eeaf2b99cc8b6c1d874c2b6af564cce654c1f21dc057ece417,052448bd958503eeaf2b99cc8b6c1d874c2b6af564cce654c1f21dc057ece417
models/interp/posthoc_tt_pinn_computational_r1/co/manifests/PROTECTED_INVENTORY_BEFORE_CO_TT_PINN_COMPUTATIONAL_ADDENDUM_R1.json,results/frozen/computational_benchmark/tt_pinn_addendum/co/manifests/PROTECTED_INVENTORY_BEFORE_CO_TT_PINN_COMPUTATIONAL_ADDENDUM_R1.json,COMPUTATIONAL_BENCHMARK,verbatim copy,1644,1644,db6bebb9a9ca87888c98acf350dc63fc671f752df46865292be0548586e01abb,db6bebb9a9ca87888c98acf350dc63fc671f752df46865292be0548586e01abb
models/interp/posthoc_tt_pinn_computational_r1/co/raw/BENCHMARK_RAW_SAMPLES_CO_TT_PINN_COMPUTATIONAL_ADDENDUM_R1.csv,results/frozen/computational_benchmark/tt_pinn_addendum/co/raw/BENCHMARK_RAW_SAMPLES_CO_TT_PINN_COMPUTATIONAL_ADDENDUM_R1.csv,COMPUTATIONAL_BENCHMARK,verbatim copy,383835,383835,913e40734d8707a28900acba146d8d8ed36c2ee3c07fbc6312b08176a4afe1ea,913e40734d8707a28900acba146d8d8ed36c2ee3c07fbc6312b08176a4afe1ea
models/interp/posthoc_tt_pinn_computational_r1/co/reports/COMPUTATIONAL_ADDENDUM_CO_TT_PINN_COMPUTATIONAL_ADDENDUM_R1.md,results/frozen/computational_benchmark/tt_pinn_addendum/co/reports/COMPUTATIONAL_ADDENDUM_CO_TT_PINN_COMPUTATIONAL_ADDENDUM_R1.md,COMPUTATIONAL_BENCHMARK,verbatim copy,4320,4320,cad825edbed3cb0d04268460c416f76cf004db5772fea2c68efb0e07e4c9f7e6,cad825edbed3cb0d04268460c416f76cf004db5772fea2c68efb0e07e4c9f7e6
models/interp/posthoc_tt_pinn_computational_r1/co/tables/ARTIFACT_HASHES_CO_TT_PINN_COMPUTATIONAL_ADDENDUM_R1.csv,results/frozen/computational_benchmark/tt_pinn_addendum/co/tables/ARTIFACT_HASHES_CO_TT_PINN_COMPUTATIONAL_ADDENDUM_R1.csv,COMPUTATIONAL_BENCHMARK,verbatim copy,3373,3373,2dc76cbe0dbb26071df5c6d9d7d8264c3456a08218a347c39dff04425757cb27,2dc76cbe0dbb26071df5c6d9d7d8264c3456a08218a347c39dff04425757cb27
models/interp/posthoc_tt_pinn_computational_r1/co/tables/BATCH_SWEEP_CO_TT_PINN_COMPUTATIONAL_ADDENDUM_R1.csv,results/frozen/computational_benchmark/tt_pinn_addendum/co/tables/BATCH_SWEEP_CO_TT_PINN_COMPUTATIONAL_ADDENDUM_R1.csv,COMPUTATIONAL_BENCHMARK,verbatim copy,5421,5421,44f270a9099b6586bc9a1c165d78e8d44b33ef81d8c684dc50f5266d2018324d,44f270a9099b6586bc9a1c165d78e8d44b33ef81d8c684dc50f5266d2018324d
models/interp/posthoc_tt_pinn_computational_r1/co/tables/COMPUTATIONAL_COMPARISON_CO_TT_PINN_COMPUTATIONAL_ADDENDUM_R1.csv,results/frozen/computational_benchmark/tt_pinn_addendum/co/tables/COMPUTATIONAL_COMPARISON_CO_TT_PINN_COMPUTATIONAL_ADDENDUM_R1.csv,COMPUTATIONAL_BENCHMARK,verbatim copy,923,923,c2176d5fe5c999cde27a44aacb185d839c30e74c4379cab9e16e111a2d33b90d,c2176d5fe5c999cde27a44aacb185d839c30e74c4379cab9e16e111a2d33b90d
models/interp/posthoc_tt_pinn_computational_r1/co/tables/COMPUTATIONAL_COMPLEXITY_LAYERWISE_CO_TT_PINN_COMPUTATIONAL_ADDENDUM_R1.csv,results/frozen/computational_benchmark/tt_pinn_addendum/co/tables/COMPUTATIONAL_COMPLEXITY_LAYERWISE_CO_TT_PINN_COMPUTATIONAL_ADDENDUM_R1.csv,COMPUTATIONAL_BENCHMARK,verbatim copy,790,790,fce75f722e62b8bb90bd4cc2b5c04a5f15a62a45031b95d35329982a36c1ffed,fce75f722e62b8bb90bd4cc2b5c04a5f15a62a45031b95d35329982a36c1ffed
models/interp/posthoc_tt_pinn_computational_r1/co/tables/COMPUTATIONAL_COMPLEXITY_TOTAL_CO_TT_PINN_COMPUTATIONAL_ADDENDUM_R1.csv,results/frozen/computational_benchmark/tt_pinn_addendum/co/tables/COMPUTATIONAL_COMPLEXITY_TOTAL_CO_TT_PINN_COMPUTATIONAL_ADDENDUM_R1.csv,COMPUTATIONAL_BENCHMARK,verbatim copy,254,254,df51aeb9c481e0033d743488662494fa7a936a6147820e018cbbe7703d8309bb,df51aeb9c481e0033d743488662494fa7a936a6147820e018cbbe7703d8309bb
models/interp/posthoc_tt_pinn_computational_r1/co/tables/COMPUTATIONAL_PROFILE_CO_TT_PINN_COMPUTATIONAL_ADDENDUM_R1.csv,results/frozen/computational_benchmark/tt_pinn_addendum/co/tables/COMPUTATIONAL_PROFILE_CO_TT_PINN_COMPUTATIONAL_ADDENDUM_R1.csv,COMPUTATIONAL_BENCHMARK,verbatim copy,5100,5100,918f64b4f0c4299e3fcfa49cf5e11c8f3a5e7fe6b842d635032346fa519b7633,918f64b4f0c4299e3fcfa49cf5e11c8f3a5e7fe6b842d635032346fa519b7633
models/interp/posthoc_tt_pinn_computational_r1/co/tables/CUDA_MEMORY_PROFILE_CO_TT_PINN_COMPUTATIONAL_ADDENDUM_R1.csv,results/frozen/computational_benchmark/tt_pinn_addendum/co/tables/CUDA_MEMORY_PROFILE_CO_TT_PINN_COMPUTATIONAL_ADDENDUM_R1.csv,COMPUTATIONAL_BENCHMARK,verbatim copy,1488,1488,42193246384e5e73836f06304847fb6d535dfc6f1e2b4b903c24290721899e76,42193246384e5e73836f06304847fb6d535dfc6f1e2b4b903c24290721899e76
models/interp/posthoc_tt_pinn_computational_r1/co/tables/DISPOSABLE_TRAINING_STEP_PROFILE_CO_TT_PINN_COMPUTATIONAL_ADDENDUM_R1.csv,results/frozen/computational_benchmark/tt_pinn_addendum/co/tables/DISPOSABLE_TRAINING_STEP_PROFILE_CO_TT_PINN_COMPUTATIONAL_ADDENDUM_R1.csv,COMPUTATIONAL_BENCHMARK,verbatim copy,9247,9247,a85de6bd067219adb08f2620d5e309b555c7a573ebc4aa9343a6070b92f0d1c8,a85de6bd067219adb08f2620d5e309b555c7a573ebc4aa9343a6070b92f0d1c8
models/interp/posthoc_tt_pinn_computational_r1/co/tables/METHODOLOGY_CONFORMANCE_CO_TT_PINN_COMPUTATIONAL_ADDENDUM_R1.csv,results/frozen/computational_benchmark/tt_pinn_addendum/co/tables/METHODOLOGY_CONFORMANCE_CO_TT_PINN_COMPUTATIONAL_ADDENDUM_R1.csv,COMPUTATIONAL_BENCHMARK,verbatim copy,4187,4187,760a655d524d915b131f02671bfa09f8d85f0126a80983b68bda9774f4971028,760a655d524d915b131f02671bfa09f8d85f0126a80983b68bda9774f4971028
models/interp/posthoc_tt_pinn_computational_r1/common/CAMPAIGN_MANIFEST_CO_NOX_ADDENDUM_R1.json,results/frozen/computational_benchmark/tt_pinn_addendum/common/CAMPAIGN_MANIFEST_CO_NOX_ADDENDUM_R1.json,COMPUTATIONAL_BENCHMARK,verbatim copy,778,778,ecc9965dbd5e74b52c47a16b4556764cf5511b3f6a7e89204a44b0772697cf5f,ecc9965dbd5e74b52c47a16b4556764cf5511b3f6a7e89204a44b0772697cf5f
models/interp/posthoc_tt_pinn_computational_r1/common/COMPUTATIONAL_COMPARISON_CO_NOX_ADDENDUM_R1.csv,results/frozen/computational_benchmark/tt_pinn_addendum/common/COMPUTATIONAL_COMPARISON_CO_NOX_ADDENDUM_R1.csv,COMPUTATIONAL_BENCHMARK,verbatim copy,1332,1332,e4dbfaef53b828ba9e08814c00c826a21d882dda50a026de096ea5027966745c,e4dbfaef53b828ba9e08814c00c826a21d882dda50a026de096ea5027966745c
models/interp/posthoc_tt_pinn_computational_r1/common/COMPUTATIONAL_PROFILE_CO_NOX_ADDENDUM_R1.csv,results/frozen/computational_benchmark/tt_pinn_addendum/common/COMPUTATIONAL_PROFILE_CO_NOX_ADDENDUM_R1.csv,COMPUTATIONAL_BENCHMARK,verbatim copy,8454,8454,bb1b9c7b705761265f146e46b73d8ebbad5b22915119e077619fa6a8efb3c4e1,bb1b9c7b705761265f146e46b73d8ebbad5b22915119e077619fa6a8efb3c4e1
models/interp/posthoc_tt_pinn_computational_r1/nox/APPEND_ONLY_NOTEBOOK_AUDIT_NOX_COMPUTATIONAL_ADDENDUM_R1.json,results/frozen/computational_benchmark/tt_pinn_addendum/nox/APPEND_ONLY_NOTEBOOK_AUDIT_NOX_COMPUTATIONAL_ADDENDUM_R1.json,COMPUTATIONAL_BENCHMARK,verbatim copy,3784,3784,2087128283f9203a6ed5a11bd9d041651952d90aeef06d60c139f79df7168b0d,2087128283f9203a6ed5a11bd9d041651952d90aeef06d60c139f79df7168b0d
models/interp/posthoc_tt_pinn_computational_r1/nox/figures/ADDENDUM-01_computational_cards_NOX_TT_PINN_COMPUTATIONAL_ADDENDUM_R1.png,results/frozen/computational_benchmark/tt_pinn_addendum/nox/figures/ADDENDUM-01_computational_cards_NOX_TT_PINN_COMPUTATIONAL_ADDENDUM_R1.png,COMPUTATIONAL_BENCHMARK,verbatim copy,103054,103054,db92e07188e35fe24063117717d0562d4622b1b715abf4139ecbf915c19d445c,db92e07188e35fe24063117717d0562d4622b1b715abf4139ecbf915c19d445c
models/interp/posthoc_tt_pinn_computational_r1/nox/figures/ADDENDUM-01_computational_cards_NOX_TT_PINN_COMPUTATIONAL_ADDENDUM_R1.svg,results/frozen/computational_benchmark/tt_pinn_addendum/nox/figures/ADDENDUM-01_computational_cards_NOX_TT_PINN_COMPUTATIONAL_ADDENDUM_R1.svg,COMPUTATIONAL_BENCHMARK,verbatim copy,58208,58208,f34c627bf137c41497b3cf50c637da869cd365dbd4fdba1817ace6d7cf678199,f34c627bf137c41497b3cf50c637da869cd365dbd4fdba1817ace6d7cf678199
models/interp/posthoc_tt_pinn_computational_r1/nox/figures/ADDENDUM-02_memory_compute_tradeoff_NOX_TT_PINN_COMPUTATIONAL_ADDENDUM_R1.png,results/frozen/computational_benchmark/tt_pinn_addendum/nox/figures/ADDENDUM-02_memory_compute_tradeoff_NOX_TT_PINN_COMPUTATIONAL_ADDENDUM_R1.png,COMPUTATIONAL_BENCHMARK,verbatim copy,69969,69969,e9f3919b260c9e1d1e8fd3c5690b31bfb77fbcc799132e50ee1f8447cda275a2,e9f3919b260c9e1d1e8fd3c5690b31bfb77fbcc799132e50ee1f8447cda275a2
models/interp/posthoc_tt_pinn_computational_r1/nox/figures/ADDENDUM-02_memory_compute_tradeoff_NOX_TT_PINN_COMPUTATIONAL_ADDENDUM_R1.svg,results/frozen/computational_benchmark/tt_pinn_addendum/nox/figures/ADDENDUM-02_memory_compute_tradeoff_NOX_TT_PINN_COMPUTATIONAL_ADDENDUM_R1.svg,COMPUTATIONAL_BENCHMARK,verbatim copy,54144,54144,19ebcb5652d9dacb911362ecf70044fdf326a441eac98f5444762f556208f984,19ebcb5652d9dacb911362ecf70044fdf326a441eac98f5444762f556208f984
models/interp/posthoc_tt_pinn_computational_r1/nox/figures/ADDENDUM-03_batch_sweep_NOX_TT_PINN_COMPUTATIONAL_ADDENDUM_R1.png,results/frozen/computational_benchmark/tt_pinn_addendum/nox/figures/ADDENDUM-03_batch_sweep_NOX_TT_PINN_COMPUTATIONAL_ADDENDUM_R1.png,COMPUTATIONAL_BENCHMARK,verbatim copy,176186,176186,39867297dde7e83a52093f8530944c2f4bc5365a0b06e2a4051342bad8fc96cc,39867297dde7e83a52093f8530944c2f4bc5365a0b06e2a4051342bad8fc96cc
models/interp/posthoc_tt_pinn_computational_r1/nox/figures/ADDENDUM-03_batch_sweep_NOX_TT_PINN_COMPUTATIONAL_ADDENDUM_R1.svg,results/frozen/computational_benchmark/tt_pinn_addendum/nox/figures/ADDENDUM-03_batch_sweep_NOX_TT_PINN_COMPUTATIONAL_ADDENDUM_R1.svg,COMPUTATIONAL_BENCHMARK,verbatim copy,96092,96092,5f3e76fd2e6f043520075a54e8654ff84a9637c6401cbc534266740fb111b9d1,5f3e76fd2e6f043520075a54e8654ff84a9637c6401cbc534266740fb111b9d1
models/interp/posthoc_tt_pinn_computational_r1/nox/manifests/ADDENDUM_MANIFEST_NOX_TT_PINN_COMPUTATIONAL_ADDENDUM_R1.json,results/frozen/computational_benchmark/tt_pinn_addendum/nox/manifests/ADDENDUM_MANIFEST_NOX_TT_PINN_COMPUTATIONAL_ADDENDUM_R1.json,COMPUTATIONAL_BENCHMARK,verbatim copy,4303,4303,eed5d48bb8a5727878385d24b234955809faf418ffbbd3719cd603247303fd93,eed5d48bb8a5727878385d24b234955809faf418ffbbd3719cd603247303fd93
models/interp/posthoc_tt_pinn_computational_r1/nox/manifests/ADDENDUM_MANIFEST_NOX_TT_PINN_COMPUTATIONAL_ADDENDUM_R1.json.sha256,results/frozen/computational_benchmark/tt_pinn_addendum/nox/manifests/ADDENDUM_MANIFEST_NOX_TT_PINN_COMPUTATIONAL_ADDENDUM_R1.json.sha256,COMPUTATIONAL_BENCHMARK,verbatim copy,66,66,1d145ca294352de2a0c737b2cd3dd0c86d4591330a3ed54627022b1beb9ef45e,1d145ca294352de2a0c737b2cd3dd0c86d4591330a3ed54627022b1beb9ef45e
models/interp/posthoc_tt_pinn_computational_r1/nox/manifests/APPEND_ONLY_NOTEBOOK_AUDIT_NOX_TT_PINN_COMPUTATIONAL_ADDENDUM_R1.json,results/frozen/computational_benchmark/tt_pinn_addendum/nox/manifests/APPEND_ONLY_NOTEBOOK_AUDIT_NOX_TT_PINN_COMPUTATIONAL_ADDENDUM_R1.json,COMPUTATIONAL_BENCHMARK,verbatim copy,754,754,3881cbe6c03326abca4aa5f8170780ed65cc9386a12240e8a0103a40c1118ac2,3881cbe6c03326abca4aa5f8170780ed65cc9386a12240e8a0103a40c1118ac2
models/interp/posthoc_tt_pinn_computational_r1/nox/manifests/CHECKPOINT_IMMUTABILITY_NOX_TT_PINN_COMPUTATIONAL_ADDENDUM_R1.json,results/frozen/computational_benchmark/tt_pinn_addendum/nox/manifests/CHECKPOINT_IMMUTABILITY_NOX_TT_PINN_COMPUTATIONAL_ADDENDUM_R1.json,COMPUTATIONAL_BENCHMARK,verbatim copy,1363,1363,6848c63b9b1f1556aef19b73d8d4969b75eba594d3328feb9406b3f6e35721be,6848c63b9b1f1556aef19b73d8d4969b75eba594d3328feb9406b3f6e35721be
models/interp/posthoc_tt_pinn_computational_r1/nox/manifests/FILE_ACCESS_LEDGER_NOX_TT_PINN_COMPUTATIONAL_ADDENDUM_R1.json,results/frozen/computational_benchmark/tt_pinn_addendum/nox/manifests/FILE_ACCESS_LEDGER_NOX_TT_PINN_COMPUTATIONAL_ADDENDUM_R1.json,COMPUTATIONAL_BENCHMARK,verbatim copy,1015,1015,655a7a83940f0616b88e6ae3c23a26c16e1b871f32475a05aa3f024a8e15da89,655a7a83940f0616b88e6ae3c23a26c16e1b871f32475a05aa3f024a8e15da89
models/interp/posthoc_tt_pinn_computational_r1/nox/manifests/POSTHOC_PROTOCOL_NOX_TT_PINN_COMPUTATIONAL_ADDENDUM_R1.json,results/frozen/computational_benchmark/tt_pinn_addendum/nox/manifests/POSTHOC_PROTOCOL_NOX_TT_PINN_COMPUTATIONAL_ADDENDUM_R1.json,COMPUTATIONAL_BENCHMARK,verbatim copy,1482,1482,62d4cc5a5dc064ed38033cb5c90db5e8292fdeaae5ece2d36d1a575c0c20c696,62d4cc5a5dc064ed38033cb5c90db5e8292fdeaae5ece2d36d1a575c0c20c696
models/interp/posthoc_tt_pinn_computational_r1/nox/manifests/PROTECTED_INVENTORY_AFTER_NOX_TT_PINN_COMPUTATIONAL_ADDENDUM_R1.json,results/frozen/computational_benchmark/tt_pinn_addendum/nox/manifests/PROTECTED_INVENTORY_AFTER_NOX_TT_PINN_COMPUTATIONAL_ADDENDUM_R1.json,COMPUTATIONAL_BENCHMARK,verbatim copy,1652,1652,b710fb6ebaccbf56f2c4ec4c892551eb9daa7b61ff7ea180e66287abc130ccdf,b710fb6ebaccbf56f2c4ec4c892551eb9daa7b61ff7ea180e66287abc130ccdf
models/interp/posthoc_tt_pinn_computational_r1/nox/manifests/PROTECTED_INVENTORY_BEFORE_NOX_TT_PINN_COMPUTATIONAL_ADDENDUM_R1.json,results/frozen/computational_benchmark/tt_pinn_addendum/nox/manifests/PROTECTED_INVENTORY_BEFORE_NOX_TT_PINN_COMPUTATIONAL_ADDENDUM_R1.json,COMPUTATIONAL_BENCHMARK,verbatim copy,1652,1652,8f5a9eba8be16e2cac8e45075be76bbc96fdf3341c7e8b56874b695b18975910,8f5a9eba8be16e2cac8e45075be76bbc96fdf3341c7e8b56874b695b18975910
models/interp/posthoc_tt_pinn_computational_r1/nox/raw/BENCHMARK_RAW_SAMPLES_NOX_TT_PINN_COMPUTATIONAL_ADDENDUM_R1.csv,results/frozen/computational_benchmark/tt_pinn_addendum/nox/raw/BENCHMARK_RAW_SAMPLES_NOX_TT_PINN_COMPUTATIONAL_ADDENDUM_R1.csv,COMPUTATIONAL_BENCHMARK,verbatim copy,389802,389802,b22fe3bc9aa912ff98b660b15bb42cb77c703ddd3eda722167a1453b85a8fda4,b22fe3bc9aa912ff98b660b15bb42cb77c703ddd3eda722167a1453b85a8fda4
models/interp/posthoc_tt_pinn_computational_r1/nox/reports/COMPUTATIONAL_ADDENDUM_NOX_TT_PINN_COMPUTATIONAL_ADDENDUM_R1.md,results/frozen/computational_benchmark/tt_pinn_addendum/nox/reports/COMPUTATIONAL_ADDENDUM_NOX_TT_PINN_COMPUTATIONAL_ADDENDUM_R1.md,COMPUTATIONAL_BENCHMARK,verbatim copy,4324,4324,f36867e828c659cf9f2175e5c69c8cd86f3dde3b3e3b6418026baee1d9843b17,f36867e828c659cf9f2175e5c69c8cd86f3dde3b3e3b6418026baee1d9843b17
models/interp/posthoc_tt_pinn_computational_r1/nox/tables/ARTIFACT_HASHES_NOX_TT_PINN_COMPUTATIONAL_ADDENDUM_R1.csv,results/frozen/computational_benchmark/tt_pinn_addendum/nox/tables/ARTIFACT_HASHES_NOX_TT_PINN_COMPUTATIONAL_ADDENDUM_R1.csv,COMPUTATIONAL_BENCHMARK,verbatim copy,3396,3396,c65e035cfb25f55f3533c785a5698522246726e13277c95127614f0c434eb916,c65e035cfb25f55f3533c785a5698522246726e13277c95127614f0c434eb916
models/interp/posthoc_tt_pinn_computational_r1/nox/tables/BATCH_SWEEP_NOX_TT_PINN_COMPUTATIONAL_ADDENDUM_R1.csv,results/frozen/computational_benchmark/tt_pinn_addendum/nox/tables/BATCH_SWEEP_NOX_TT_PINN_COMPUTATIONAL_ADDENDUM_R1.csv,COMPUTATIONAL_BENCHMARK,verbatim copy,5416,5416,953937dd7a54e83075e79a87e10906174915916ccb2828a9fa3400a7635ab58e,953937dd7a54e83075e79a87e10906174915916ccb2828a9fa3400a7635ab58e
models/interp/posthoc_tt_pinn_computational_r1/nox/tables/COMPUTATIONAL_COMPARISON_NOX_TT_PINN_COMPUTATIONAL_ADDENDUM_R1.csv,results/frozen/computational_benchmark/tt_pinn_addendum/nox/tables/COMPUTATIONAL_COMPARISON_NOX_TT_PINN_COMPUTATIONAL_ADDENDUM_R1.csv,COMPUTATIONAL_BENCHMARK,verbatim copy,928,928,de6720b91b366d12a3a60e2a8a2055b5c68a7d140aa76863a4b6e91659de8838,de6720b91b366d12a3a60e2a8a2055b5c68a7d140aa76863a4b6e91659de8838
models/interp/posthoc_tt_pinn_computational_r1/nox/tables/COMPUTATIONAL_COMPLEXITY_LAYERWISE_NOX_TT_PINN_COMPUTATIONAL_ADDENDUM_R1.csv,results/frozen/computational_benchmark/tt_pinn_addendum/nox/tables/COMPUTATIONAL_COMPLEXITY_LAYERWISE_NOX_TT_PINN_COMPUTATIONAL_ADDENDUM_R1.csv,COMPUTATIONAL_BENCHMARK,verbatim copy,791,791,1643e11aeec3b834200b587ed84239464334312c92d999d7b73d914d543a4fb3,1643e11aeec3b834200b587ed84239464334312c92d999d7b73d914d543a4fb3
models/interp/posthoc_tt_pinn_computational_r1/nox/tables/COMPUTATIONAL_COMPLEXITY_TOTAL_NOX_TT_PINN_COMPUTATIONAL_ADDENDUM_R1.csv,results/frozen/computational_benchmark/tt_pinn_addendum/nox/tables/COMPUTATIONAL_COMPLEXITY_TOTAL_NOX_TT_PINN_COMPUTATIONAL_ADDENDUM_R1.csv,COMPUTATIONAL_BENCHMARK,verbatim copy,257,257,b81e40051232b9b96c998f2cc7ea51abc25f70064a0532debcb78491b478efd5,b81e40051232b9b96c998f2cc7ea51abc25f70064a0532debcb78491b478efd5
models/interp/posthoc_tt_pinn_computational_r1/nox/tables/COMPUTATIONAL_PROFILE_NOX_TT_PINN_COMPUTATIONAL_ADDENDUM_R1.csv,results/frozen/computational_benchmark/tt_pinn_addendum/nox/tables/COMPUTATIONAL_PROFILE_NOX_TT_PINN_COMPUTATIONAL_ADDENDUM_R1.csv,COMPUTATIONAL_BENCHMARK,verbatim copy,5096,5096,50f92f3dd7c7374107a3065d29b2e01a673d4677b2fdbb882e58eb31ac13d062,50f92f3dd7c7374107a3065d29b2e01a673d4677b2fdbb882e58eb31ac13d062
models/interp/posthoc_tt_pinn_computational_r1/nox/tables/CUDA_MEMORY_PROFILE_NOX_TT_PINN_COMPUTATIONAL_ADDENDUM_R1.csv,results/frozen/computational_benchmark/tt_pinn_addendum/nox/tables/CUDA_MEMORY_PROFILE_NOX_TT_PINN_COMPUTATIONAL_ADDENDUM_R1.csv,COMPUTATIONAL_BENCHMARK,verbatim copy,1494,1494,61e842a5462c3f4b7547a4ee24bf2ae53b80b2669689c09cded82d9032fc2d8b,61e842a5462c3f4b7547a4ee24bf2ae53b80b2669689c09cded82d9032fc2d8b
models/interp/posthoc_tt_pinn_computational_r1/nox/tables/DISPOSABLE_TRAINING_STEP_PROFILE_NOX_TT_PINN_COMPUTATIONAL_ADDENDUM_R1.csv,results/frozen/computational_benchmark/tt_pinn_addendum/nox/tables/DISPOSABLE_TRAINING_STEP_PROFILE_NOX_TT_PINN_COMPUTATIONAL_ADDENDUM_R1.csv,COMPUTATIONAL_BENCHMARK,verbatim copy,9225,9225,e39c38b4749126c0a95323ba13e1ca69901f6fd712b93323b6d557b04b5ecfd1,e39c38b4749126c0a95323ba13e1ca69901f6fd712b93323b6d557b04b5ecfd1
models/interp/posthoc_tt_pinn_computational_r1/nox/tables/METHODOLOGY_CONFORMANCE_NOX_TT_PINN_COMPUTATIONAL_ADDENDUM_R1.csv,results/frozen/computational_benchmark/tt_pinn_addendum/nox/tables/METHODOLOGY_CONFORMANCE_NOX_TT_PINN_COMPUTATIONAL_ADDENDUM_R1.csv,COMPUTATIONAL_BENCHMARK,verbatim copy,4221,4221,bc2380b4d583102f279c25d80a42a56340d5a7e9242b20493a572bbcd09fffee,bc2380b4d583102f279c25d80a42a56340d5a7e9242b20493a572bbcd09fffee
outputs/capitulo_10_figura_22_pareto_r2_tamano/FIG22_ALT_CONFIGURACIONES_CAMPANAS.csv,results/frozen/figure_data/pareto_campaign_configurations.csv,FIGURE_SOURCE_DATA,verbatim copy,38693,38693,6619fb73446ff6f281c71378e0dd4c01e96ef71ff70634f184efff43af3b9163,6619fb73446ff6f281c71378e0dd4c01e96ef71ff70634f184efff43af3b9163
outputs/capitulo_10_figura_22_pareto_r2_tamano/FIG22_PARETO_DATA.csv,results/frozen/figure_data/pareto_r2_size.csv,FIGURE_SOURCE_DATA,verbatim copy,1002,1002,d40008e627ff0901a81e212dbeac6b1d95e3e334c3a20616c714e37fc7010728,d40008e627ff0901a81e212dbeac6b1d95e3e334c3a20616c714e37fc7010728
outputs/capitulo_10_figura_20_consistencia_fisica/FIG20_PDP_1D.csv,results/frozen/figure_data/physical_consistency_pdp.csv,FIGURE_SOURCE_DATA,verbatim copy,16937,16937,72283675c751a310225ad87e2529360ca0f6f50b7ae175983094c1afeda0e57d,72283675c751a310225ad87e2529360ca0f6f50b7ae175983094c1afeda0e57d
outputs/capitulo_10_figura_20_consistencia_fisica/FIG20_PHYSICAL_GRADIENTS_TEST.csv,results/frozen/figure_data/physical_gradients_test.csv,FIGURE_SOURCE_DATA,verbatim copy,1362145,1362145,3b645f6295c4ef73bcd5d7017dd2c3af2778bb65162c1d7df56487b79566327f,3b645f6295c4ef73bcd5d7017dd2c3af2778bb65162c1d7df56487b79566327f
models/interp/work_pinn_co_interp_final_r5f_std/audit/ARTIFACT_HASHES_CO_R5F_STD.csv,results/frozen/interpolative/CO/dense_pinn/final/audit/ARTIFACT_HASHES_CO_R5F_STD.csv,REPRODUCIBILITY_ARTIFACT,verbatim copy,5672,5672,0b18de6dbacda6f9fbfbb7704feb195a14be1d330a6ecb1eba22a0a9d73ce1f6,0b18de6dbacda6f9fbfbb7704feb195a14be1d330a6ecb1eba22a0a9d73ce1f6
models/interp/work_pinn_co_interp_final_r5f_std/audit/ENVIRONMENT_CO_INTERP_FINAL_R5F_STD.json,results/frozen/interpolative/CO/dense_pinn/final/audit/ENVIRONMENT_CO_INTERP_FINAL_R5F_STD.json,REPRODUCIBILITY_ARTIFACT,verbatim copy,515,515,4b674a35d1d68eae92d2516405823e878960678c3ea846f65d266fed8b8430a1,4b674a35d1d68eae92d2516405823e878960678c3ea846f65d266fed8b8430a1
models/interp/work_pinn_co_interp_final_r5f_std/audit/EVALUATION_DECISION_AUDIT_CO_R5F_STD.json,results/frozen/interpolative/CO/dense_pinn/final/audit/EVALUATION_DECISION_AUDIT_CO_R5F_STD.json,REPRODUCIBILITY_ARTIFACT,verbatim copy,475,475,eb44c323a5cbae231406ddf5adfc03326496c9faf9398bbfb0f7f716a93009a1,eb44c323a5cbae231406ddf5adfc03326496c9faf9398bbfb0f7f716a93009a1
models/interp/work_pinn_co_interp_final_r5f_std/audit/HANDOFF_HASH_CHECK_CO_R5F_STD.csv,results/frozen/interpolative/CO/dense_pinn/final/audit/HANDOFF_HASH_CHECK_CO_R5F_STD.csv,REPRODUCIBILITY_ARTIFACT,verbatim copy,3206,3206,2beee4f18c6906906ca0e2515e15b597bd66b065d6f19501c23b103270b04edb,2beee4f18c6906906ca0e2515e15b597bd66b065d6f19501c23b103270b04edb
models/interp/work_pinn_co_interp_final_r5f_std/audit/MODEL_RELOAD_EQUIVALENCE_CO_R5F_STD.json,results/frozen/interpolative/CO/dense_pinn/final/audit/MODEL_RELOAD_EQUIVALENCE_CO_R5F_STD.json,REPRODUCIBILITY_ARTIFACT,verbatim copy,257,257,ade24274e2fa4d75c1b787ca7657a262e0bcbf981ab0a13c381033607008e2bb,ade24274e2fa4d75c1b787ca7657a262e0bcbf981ab0a13c381033607008e2bb
models/interp/work_pinn_co_interp_final_r5f_std/audit/PRE_TEST_GATE_CO_R5F_STD.json,results/frozen/interpolative/CO/dense_pinn/final/audit/PRE_TEST_GATE_CO_R5F_STD.json,REPRODUCIBILITY_ARTIFACT,verbatim copy,1059,1059,116d82d00c319a6f7811a15f886c70e01789ef68366ca1805909645794351fb6,116d82d00c319a6f7811a15f886c70e01789ef68366ca1805909645794351fb6
models/interp/work_pinn_co_interp_final_r5f_std/audit/PRETRAINING_CHECKS_CO_R5F_STD.csv,results/frozen/interpolative/CO/dense_pinn/final/audit/PRETRAINING_CHECKS_CO_R5F_STD.csv,REPRODUCIBILITY_ARTIFACT,verbatim copy,360,360,e0cf28caa005f2cb7c071fc98c1609fc5ccbb283a6bb710805b1328389d3289e,e0cf28caa005f2cb7c071fc98c1609fc5ccbb283a6bb710805b1328389d3289e
models/interp/work_pinn_co_interp_final_r5f_std/audit/TARGET_ACCESS_AUDIT_PRE_TEST_R5F_STD.json,results/frozen/interpolative/CO/dense_pinn/final/audit/TARGET_ACCESS_AUDIT_PRE_TEST_R5F_STD.json,REPRODUCIBILITY_ARTIFACT,verbatim copy,1586,1586,29f90fa02e702027c66e87a39e1090828647055f1d75532a5d9bdb0eb7027a9f,29f90fa02e702027c66e87a39e1090828647055f1d75532a5d9bdb0eb7027a9f
models/interp/work_pinn_co_interp_final_r5f_std/audit/TEST_ACCESS_AUDIT_CO_R5F_STD.json,results/frozen/interpolative/CO/dense_pinn/final/audit/TEST_ACCESS_AUDIT_CO_R5F_STD.json,REPRODUCIBILITY_ARTIFACT,verbatim copy,1049,1049,f6334c9ea15526f9aa3c675d938274240f975aa9f6418e6c53c038af0b13ac25,f6334c9ea15526f9aa3c675d938274240f975aa9f6418e6c53c038af0b13ac25
models/interp/work_pinn_co_interp_final_r5f_std/audit/UPSTREAM_INPUT_CONTRACT_R5F_STD.json,results/frozen/interpolative/CO/dense_pinn/final/audit/UPSTREAM_INPUT_CONTRACT_R5F_STD.json,REPRODUCIBILITY_ARTIFACT,verbatim copy,525,525,2c686bc7818cfab63f01eab3372aa6b81c1c40c4d7ed1c6a606f30ae122dec8c,2c686bc7818cfab63f01eab3372aa6b81c1c40c4d7ed1c6a606f30ae122dec8c
models/interp/work_pinn_co_interp_final_r5f_std/figures/FINAL-01_training_history.png,results/frozen/interpolative/CO/dense_pinn/final/figures/FINAL-01_training_history.png,CAMPAIGN_FIGURES,verbatim copy,151899,151899,5fed414d4e9aaef18d07e0750dac5a0f74d4ae75f2a96be8608fec204733a791,5fed414d4e9aaef18d07e0750dac5a0f74d4ae75f2a96be8608fec204733a791
models/interp/work_pinn_co_interp_final_r5f_std/figures/FINAL-01_training_history.svg,results/frozen/interpolative/CO/dense_pinn/final/figures/FINAL-01_training_history.svg,CAMPAIGN_FIGURES,verbatim copy,50003,50003,fa9d3af52d14d8a81e0f74e217c0f013902088e6231e108ca52392b111cc8aca,fa9d3af52d14d8a81e0f74e217c0f013902088e6231e108ca52392b111cc8aca
models/interp/work_pinn_co_interp_final_r5f_std/figures/FINAL-02_dev_parity.png,results/frozen/interpolative/CO/dense_pinn/final/figures/FINAL-02_dev_parity.png,CAMPAIGN_FIGURES,verbatim copy,401141,401141,13e852b8afdbf7b3fb6115c11637f13832794f4c0ae5f2c722c6cd5c3e454370,13e852b8afdbf7b3fb6115c11637f13832794f4c0ae5f2c722c6cd5c3e454370
models/interp/work_pinn_co_interp_final_r5f_std/figures/FINAL-02_dev_parity.svg,results/frozen/interpolative/CO/dense_pinn/final/figures/FINAL-02_dev_parity.svg,CAMPAIGN_FIGURES,verbatim copy,4489998,4489998,d10009589d17fc3ce87876c1db3946d7a1dc50a4ca93006d53a669b5af9cae4b,d10009589d17fc3ce87876c1db3946d7a1dc50a4ca93006d53a669b5af9cae4b
models/interp/work_pinn_co_interp_final_r5f_std/figures/FINAL-03_test_parity.png,results/frozen/interpolative/CO/dense_pinn/final/figures/FINAL-03_test_parity.png,CAMPAIGN_FIGURES,verbatim copy,364953,364953,5af6f86474b78703f57785b2b59d8db7d05aff396c279ab8fc8c112eed5350df,5af6f86474b78703f57785b2b59d8db7d05aff396c279ab8fc8c112eed5350df
models/interp/work_pinn_co_interp_final_r5f_std/figures/FINAL-03_test_parity.svg,results/frozen/interpolative/CO/dense_pinn/final/figures/FINAL-03_test_parity.svg,CAMPAIGN_FIGURES,verbatim copy,967766,967766,722561be183e7bc9c4d5e1d4ef3db4804a4324ec2f141120d8cb4af8289cf28b,722561be183e7bc9c4d5e1d4ef3db4804a4324ec2f141120d8cb4af8289cf28b
models/interp/work_pinn_co_interp_final_r5f_std/figures/FINAL-04_test_residual_vs_predicted.png,results/frozen/interpolative/CO/dense_pinn/final/figures/FINAL-04_test_residual_vs_predicted.png,CAMPAIGN_FIGURES,verbatim copy,327510,327510,819a59bd78dc4b57d43e6a48e426a4ca949b8ed376b6271528c209752a675268,819a59bd78dc4b57d43e6a48e426a4ca949b8ed376b6271528c209752a675268
models/interp/work_pinn_co_interp_final_r5f_std/figures/FINAL-04_test_residual_vs_predicted.svg,results/frozen/interpolative/CO/dense_pinn/final/figures/FINAL-04_test_residual_vs_predicted.svg,CAMPAIGN_FIGURES,verbatim copy,1062469,1062469,4463b65bbc6f8efbc5b69c52d6f7847646eaabed6204e2c4dd8ff5ad8f905e6f,4463b65bbc6f8efbc5b69c52d6f7847646eaabed6204e2c4dd8ff5ad8f905e6f
models/interp/work_pinn_co_interp_final_r5f_std/figures/FINAL-05_test_residual_distribution.png,results/frozen/interpolative/CO/dense_pinn/final/figures/FINAL-05_test_residual_distribution.png,CAMPAIGN_FIGURES,verbatim copy,76582,76582,1c80aeacacb2664debc2af3bf8cb16faa545c441ff4d92f0a67142589904d2d0,1c80aeacacb2664debc2af3bf8cb16faa545c441ff4d92f0a67142589904d2d0
models/interp/work_pinn_co_interp_final_r5f_std/figures/FINAL-05_test_residual_distribution.svg,results/frozen/interpolative/CO/dense_pinn/final/figures/FINAL-05_test_residual_distribution.svg,CAMPAIGN_FIGURES,verbatim copy,43538,43538,2b131253653c27048f63cee30117bc1d9348567aa9422d837d863c7d2ad45fac,2b131253653c27048f63cee30117bc1d9348567aa9422d837d863c7d2ad45fac
models/interp/work_pinn_co_interp_final_r5f_std/figures/FINAL-06_physical_gradient_distribution.png,results/frozen/interpolative/CO/dense_pinn/final/figures/FINAL-06_physical_gradient_distribution.png,CAMPAIGN_FIGURES,verbatim copy,89704,89704,b149209b4e09c9af70f676ec119f5f5c38a05685a5499aa6208917f727a22292,b149209b4e09c9af70f676ec119f5f5c38a05685a5499aa6208917f727a22292
models/interp/work_pinn_co_interp_final_r5f_std/figures/FINAL-06_physical_gradient_distribution.svg,results/frozen/interpolative/CO/dense_pinn/final/figures/FINAL-06_physical_gradient_distribution.svg,CAMPAIGN_FIGURES,verbatim copy,53605,53605,0a737ca74349d246a73ad731c638d4b74e451006983755df3024911dcbaaad36,0a737ca74349d246a73ad731c638d4b74e451006983755df3024911dcbaaad36
models/interp/work_pinn_co_interp_final_r5f_std/figures/FINAL-07_physical_PDP_CDP.png,results/frozen/interpolative/CO/dense_pinn/final/figures/FINAL-07_physical_PDP_CDP.png,CAMPAIGN_FIGURES,verbatim copy,110451,110451,ebeab8d4f783811dc54e10817d41fb734aa474d1615809605da63085df31576a,ebeab8d4f783811dc54e10817d41fb734aa474d1615809605da63085df31576a
models/interp/work_pinn_co_interp_final_r5f_std/figures/FINAL-07_physical_PDP_CDP.svg,results/frozen/interpolative/CO/dense_pinn/final/figures/FINAL-07_physical_PDP_CDP.svg,CAMPAIGN_FIGURES,verbatim copy,40467,40467,6f19659f0211376aa2ca6f49935ff33b0b51418fbe2b42df3b7a3c17eb7fa07f,6f19659f0211376aa2ca6f49935ff33b0b51418fbe2b42df3b7a3c17eb7fa07f
models/interp/work_pinn_co_interp_final_r5f_std/figures/FINAL-08_computational_profile.png,results/frozen/interpolative/CO/dense_pinn/final/figures/FINAL-08_computational_profile.png,CAMPAIGN_FIGURES,verbatim copy,83294,83294,e45c867fc8c8bd47789697797a62f58ec58976012339c062fd2fc4ca75dfb64c,e45c867fc8c8bd47789697797a62f58ec58976012339c062fd2fc4ca75dfb64c
models/interp/work_pinn_co_interp_final_r5f_std/figures/FINAL-08_computational_profile.svg,results/frozen/interpolative/CO/dense_pinn/final/figures/FINAL-08_computational_profile.svg,CAMPAIGN_FIGURES,verbatim copy,31749,31749,15b8f76db28d5ecdecbb3e1475eda6caf65e67c3d020314e65d41283fa820ecb,15b8f76db28d5ecdecbb3e1475eda6caf65e67c3d020314e65d41283fa820ecb
models/interp/work_pinn_co_interp_final_r5f_std/figures/FINAL-09_combined_parity_dev_test.png,results/frozen/interpolative/CO/dense_pinn/final/figures/FINAL-09_combined_parity_dev_test.png,CAMPAIGN_FIGURES,verbatim copy,488990,488990,8302c7ad235cc25852e0eef74c5166d6ba81cc9591f46bae622af451dd2d771e,8302c7ad235cc25852e0eef74c5166d6ba81cc9591f46bae622af451dd2d771e
models/interp/work_pinn_co_interp_final_r5f_std/figures/FINAL-09_combined_parity_dev_test.svg,results/frozen/interpolative/CO/dense_pinn/final/figures/FINAL-09_combined_parity_dev_test.svg,CAMPAIGN_FIGURES,verbatim copy,5413386,5413386,70ee377450042813fe99b4ec147e8aad1c5932c2b235d62b3b8272e48440eff1,70ee377450042813fe99b4ec147e8aad1c5932c2b235d62b3b8272e48440eff1
models/interp/work_pinn_co_interp_final_r5f_std/figures/FINAL-10_dev_operational_series.png,results/frozen/interpolative/CO/dense_pinn/final/figures/FINAL-10_dev_operational_series.png,CAMPAIGN_FIGURES,verbatim copy,445351,445351,f531c4027046ffad4d8b39a72c1ff60064ee0be90b526fd2a1929afb7ca19667,f531c4027046ffad4d8b39a72c1ff60064ee0be90b526fd2a1929afb7ca19667
models/interp/work_pinn_co_interp_final_r5f_std/figures/FINAL-10_dev_operational_series.svg,results/frozen/interpolative/CO/dense_pinn/final/figures/FINAL-10_dev_operational_series.svg,CAMPAIGN_FIGURES,verbatim copy,58401,58401,e1572316dc253ea2b746754e4fdb93f5c5401f9dc76d63a70b5793738a6a7e3b,e1572316dc253ea2b746754e4fdb93f5c5401f9dc76d63a70b5793738a6a7e3b
models/interp/work_pinn_co_interp_final_r5f_std/figures/FINAL-11_test_operational_series.png,results/frozen/interpolative/CO/dense_pinn/final/figures/FINAL-11_test_operational_series.png,CAMPAIGN_FIGURES,verbatim copy,405815,405815,221fe974162c82d7ba9141e4b86f0c5f4fd93a1aec524d972a81de62402bd105,221fe974162c82d7ba9141e4b86f0c5f4fd93a1aec524d972a81de62402bd105
models/interp/work_pinn_co_interp_final_r5f_std/figures/FINAL-11_test_operational_series.svg,results/frozen/interpolative/CO/dense_pinn/final/figures/FINAL-11_test_operational_series.svg,CAMPAIGN_FIGURES,verbatim copy,57588,57588,ec377ec15cab72777349a123ee98aba9fd0237f996af4dd063196cd52d4dcde2,ec377ec15cab72777349a123ee98aba9fd0237f996af4dd063196cd52d4dcde2
models/interp/work_pinn_co_interp_final_r5f_std/figures/FINAL-12_test_residual_vs_CDP.png,results/frozen/interpolative/CO/dense_pinn/final/figures/FINAL-12_test_residual_vs_CDP.png,CAMPAIGN_FIGURES,verbatim copy,460697,460697,50fe6b2e0997df40e1675fc70e71f6ee2ec0548eca54128538bed6ae029f577e,50fe6b2e0997df40e1675fc70e71f6ee2ec0548eca54128538bed6ae029f577e
models/interp/work_pinn_co_interp_final_r5f_std/figures/FINAL-12_test_residual_vs_CDP.svg,results/frozen/interpolative/CO/dense_pinn/final/figures/FINAL-12_test_residual_vs_CDP.svg,CAMPAIGN_FIGURES,verbatim copy,1062588,1062588,377c7ea0175715252e74c9ac74d1f63a0cab950688df2332aa239856369508e2,377c7ea0175715252e74c9ac74d1f63a0cab950688df2332aa239856369508e2
models/interp/work_pinn_co_interp_final_r5f_std/figures/FINAL-13_test_residual_diagnostics.png,results/frozen/interpolative/CO/dense_pinn/final/figures/FINAL-13_test_residual_diagnostics.png,CAMPAIGN_FIGURES,verbatim copy,371450,371450,ad04da961ee33fb3ecc20fc3e1c36979465d005ee22bb563c2fe77819b479456,ad04da961ee33fb3ecc20fc3e1c36979465d005ee22bb563c2fe77819b479456
models/interp/work_pinn_co_interp_final_r5f_std/figures/FINAL-13_test_residual_diagnostics.svg,results/frozen/interpolative/CO/dense_pinn/final/figures/FINAL-13_test_residual_diagnostics.svg,CAMPAIGN_FIGURES,verbatim copy,1085827,1085827,2fd121980468d0b745392ab9a4f1f9ef1f32efa93939b0a816db3789d031c19e,2fd121980468d0b745392ab9a4f1f9ef1f32efa93939b0a816db3789d031c19e
models/interp/work_pinn_co_interp_final_r5f_std/reports/FINAL_TECHNICAL_REPORT_CO_R5F_STD.md,results/frozen/interpolative/CO/dense_pinn/final/reports/FINAL_TECHNICAL_REPORT_CO_R5F_STD.md,CAMPAIGN_REPORTS,verbatim copy,660,660,1479eadac0849b01c1a4ddca9ff57b327b9009062de2db8a3123fc9eba60faed,1479eadac0849b01c1a4ddca9ff57b327b9009062de2db8a3123fc9eba60faed
models/interp/work_pinn_co_interp_final_r5f_std/tables/DEV_PREDICTIONS_CO_R5F_STD.csv,results/frozen/interpolative/CO/dense_pinn/final/tables/DEV_PREDICTIONS_CO_R5F_STD.csv,SUPPORTING_RESULT,verbatim copy,2110424,2110424,9c4fdbf79edfff53c439bf9252bc49d2e79f985a3ebef2346c594d9ae8341951,9c4fdbf79edfff53c439bf9252bc49d2e79f985a3ebef2346c594d9ae8341951
models/interp/work_pinn_co_interp_final_r5f_std/tables/FINAL_METRICS_CO_R5F_STD.csv,results/frozen/interpolative/CO/dense_pinn/final/tables/FINAL_METRICS_CO_R5F_STD.csv,SUPPORTING_RESULT,verbatim copy,602,602,d9e1455ee3efd7b4fe5fecc08a7c68df819b1765e4654144aba67e504f9aee6f,d9e1455ee3efd7b4fe5fecc08a7c68df819b1765e4654144aba67e504f9aee6f
models/interp/work_pinn_co_interp_final_r5f_std/tables/FINAL_TRAINING_SUMMARY_CO_R5F_STD.csv,results/frozen/interpolative/CO/dense_pinn/final/tables/FINAL_TRAINING_SUMMARY_CO_R5F_STD.csv,SUPPORTING_RESULT,verbatim copy,321,321,e0d0eed9161f90857002981dc1c1c0f17d8069acc180360fb25dfe547db90b0e,e0d0eed9161f90857002981dc1c1c0f17d8069acc180360fb25dfe547db90b0e
models/interp/work_pinn_co_interp_final_r5f_std/tables/PHYSICAL_PDP_CDP_CO_R5F_STD.csv,results/frozen/interpolative/CO/dense_pinn/final/tables/PHYSICAL_PDP_CDP_CO_R5F_STD.csv,SUPPORTING_RESULT,verbatim copy,3383,3383,1efaaeae989cb04f8d3a6c1cb3d9d8e4d9dc804ea61b73b50096708f0095e1a2,1efaaeae989cb04f8d3a6c1cb3d9d8e4d9dc804ea61b73b50096708f0095e1a2
models/interp/work_pinn_co_interp_final_r5f_std/tables/PHYSICS_AUDIT_CO_R5F_STD.csv,results/frozen/interpolative/CO/dense_pinn/final/tables/PHYSICS_AUDIT_CO_R5F_STD.csv,SUPPORTING_RESULT,verbatim copy,700,700,6b8a9a6e3c26d709d6ebc9de95bc679d37ab1c72d0175d074705a335c832dcfb,6b8a9a6e3c26d709d6ebc9de95bc679d37ab1c72d0175d074705a335c832dcfb
models/interp/work_pinn_co_interp_final_r5f_std/tables/RESOURCE_PROFILE_CO_R5F_STD.csv,results/frozen/interpolative/CO/dense_pinn/final/tables/RESOURCE_PROFILE_CO_R5F_STD.csv,SUPPORTING_RESULT,verbatim copy,401,401,2debfe410e1ea97391f9c037f1696c6d898449b1b55f3678c294d0c60fe026f3,2debfe410e1ea97391f9c037f1696c6d898449b1b55f3678c294d0c60fe026f3
models/interp/work_pinn_co_interp_final_r5f_std/tables/TEST_PREDICTIONS_CO_R5F_STD.csv,results/frozen/interpolative/CO/dense_pinn/final/tables/TEST_PREDICTIONS_CO_R5F_STD.csv,SUPPORTING_RESULT,verbatim copy,535161,535161,6842048699175cbdcbfc322ea68cbd6a12f933a01ecdcb4fb4433c0b4ae2ba93,6842048699175cbdcbfc322ea68cbd6a12f933a01ecdcb4fb4433c0b4ae2ba93
models/interp/work_pinn_co_interp_final_r5f_std/tables/TRAINING_HISTORY_CO_R5F_STD.csv,results/frozen/interpolative/CO/dense_pinn/final/tables/TRAINING_HISTORY_CO_R5F_STD.csv,SUPPORTING_RESULT,verbatim copy,8104,8104,b23455ca73a95cc2b306c820d3bddd3a7ddeab70812d73f0af06da5d76eb8fe6,b23455ca73a95cc2b306c820d3bddd3a7ddeab70812d73f0af06da5d76eb8fe6
models/interp/work_pinn_co_interp_opt_r5/audit/ARTIFACT_HASHES_CO_R5.csv,results/frozen/interpolative/CO/dense_pinn/optimization/audit/ARTIFACT_HASHES_CO_R5.csv,REPRODUCIBILITY_ARTIFACT,verbatim copy,9361,9361,4fa89ccfc6a3f5529c656382a5ad191f1dcbcb09e5067dfe48937eade184157a,4fa89ccfc6a3f5529c656382a5ad191f1dcbcb09e5067dfe48937eade184157a
models/interp/work_pinn_co_interp_opt_r5/audit/ENVIRONMENT_CO_INTERP_R5.json,results/frozen/interpolative/CO/dense_pinn/optimization/audit/ENVIRONMENT_CO_INTERP_R5.json,REPRODUCIBILITY_ARTIFACT,verbatim copy,854,854,1aa349ad522c6e2fe00d8699154f64573f0ea3bb605457b2398bbd8e2a759ff1,1aa349ad522c6e2fe00d8699154f64573f0ea3bb605457b2398bbd8e2a759ff1
models/interp/work_pinn_co_interp_opt_r5/audit/FULL_AUTO_LOCAL_EXECUTION_CO_R5.json,results/frozen/interpolative/CO/dense_pinn/optimization/audit/FULL_AUTO_LOCAL_EXECUTION_CO_R5.json,REPRODUCIBILITY_ARTIFACT,verbatim copy,750,750,1068f3eab7d8ab54afedd54575e85bc9ea7224ff8c4a6336f6ce866f183ee493,1068f3eab7d8ab54afedd54575e85bc9ea7224ff8c4a6336f6ce866f183ee493
models/interp/work_pinn_co_interp_opt_r5/audit/LOCAL_EXECUTED_CONSOLIDATION_CO_R5.json,results/frozen/interpolative/CO/dense_pinn/optimization/audit/LOCAL_EXECUTED_CONSOLIDATION_CO_R5.json,REPRODUCIBILITY_ARTIFACT,verbatim copy,934,934,a3b53f5200f162dba1198246020214217b19dec6972750605e5d5308df284596,a3b53f5200f162dba1198246020214217b19dec6972750605e5d5308df284596
models/interp/work_pinn_co_interp_opt_r5/audit/LOCAL_SERIAL_SMOKE_EXECUTION_CO_R5.json,results/frozen/interpolative/CO/dense_pinn/optimization/audit/LOCAL_SERIAL_SMOKE_EXECUTION_CO_R5.json,REPRODUCIBILITY_ARTIFACT,verbatim copy,169,169,1875d03f130a975a64de8a3a19b4b687f1612634e83b82dd63b2bfa2da5f8e93,1875d03f130a975a64de8a3a19b4b687f1612634e83b82dd63b2bfa2da5f8e93
models/interp/work_pinn_co_interp_opt_r5/audit/LOCAL_SMOKE_EXECUTION_CO_R5.json,results/frozen/interpolative/CO/dense_pinn/optimization/audit/LOCAL_SMOKE_EXECUTION_CO_R5.json,REPRODUCIBILITY_ARTIFACT,verbatim copy,2013,2013,9be081d32f37da6db5ce76f3685fde4967016914a6ee2c9899f54e38ef995c2b,9be081d32f37da6db5ce76f3685fde4967016914a6ee2c9899f54e38ef995c2b
models/interp/work_pinn_co_interp_opt_r5/audit/OPTUNA_TRIAL_COUNTS_CO_R5.json,results/frozen/interpolative/CO/dense_pinn/optimization/audit/OPTUNA_TRIAL_COUNTS_CO_R5.json,REPRODUCIBILITY_ARTIFACT,verbatim copy,110,110,8c7211768c8f5d5dfea50c900c65437892032bdf4f83b825e38e254eff2301f9,8c7211768c8f5d5dfea50c900c65437892032bdf4f83b825e38e254eff2301f9
models/interp/work_pinn_co_interp_opt_r5/audit/PARALLEL_EQUIVALENCE_CO_INTERP_R5.csv,results/frozen/interpolative/CO/dense_pinn/optimization/audit/PARALLEL_EQUIVALENCE_CO_INTERP_R5.csv,REPRODUCIBILITY_ARTIFACT,verbatim copy,66,66,31c246f5b04e4c9240ce4131df5a6d9934c22288ec4c2b9d8f0516dc902d4602,31c246f5b04e4c9240ce4131df5a6d9934c22288ec4c2b9d8f0516dc902d4602
models/interp/work_pinn_co_interp_opt_r5/audit/PARALLEL_PREFLIGHT_BENCHMARK_CO_INTERP_R5.csv,results/frozen/interpolative/CO/dense_pinn/optimization/audit/PARALLEL_PREFLIGHT_BENCHMARK_CO_INTERP_R5.csv,REPRODUCIBILITY_ARTIFACT,verbatim copy,148,148,30a0ec6b03aa29b1b4e9a6f28905160f512e8f25a13e489eb52176c8f7d66e1a,30a0ec6b03aa29b1b4e9a6f28905160f512e8f25a13e489eb52176c8f7d66e1a
models/interp/work_pinn_co_interp_opt_r5/audit/PARALLEL_PROFILE_CO_INTERP_R5.json,results/frozen/interpolative/CO/dense_pinn/optimization/audit/PARALLEL_PROFILE_CO_INTERP_R5.json,REPRODUCIBILITY_ARTIFACT,verbatim copy,1436,1436,6569fd5730456fef60a4cde19ee7794a71e9392b81877d7bab8150ed9f5c04f6,6569fd5730456fef60a4cde19ee7794a71e9392b81877d7bab8150ed9f5c04f6
models/interp/work_pinn_co_interp_opt_r5/audit/PROTOCOL_INPUT_HASHES_CO_INTERP_R5.csv,results/frozen/interpolative/CO/dense_pinn/optimization/audit/PROTOCOL_INPUT_HASHES_CO_INTERP_R5.csv,REPRODUCIBILITY_ARTIFACT,verbatim copy,788,788,fb4135c5da162689f3cf23a126caa71a06ac9d13e38f4e2bfc849967bf221a20,fb4135c5da162689f3cf23a126caa71a06ac9d13e38f4e2bfc849967bf221a20
models/interp/work_pinn_co_interp_opt_r5/audit/REPRODUCIBILITY_CHECKS_CO_INTERP_R5.csv,results/frozen/interpolative/CO/dense_pinn/optimization/audit/REPRODUCIBILITY_CHECKS_CO_INTERP_R5.csv,REPRODUCIBILITY_ARTIFACT,verbatim copy,597,597,12c57594bb0d012663af92a7652535e5d766e7f78c149bf12f4271df469f06fd,12c57594bb0d012663af92a7652535e5d766e7f78c149bf12f4271df469f06fd
models/interp/work_pinn_co_interp_opt_r5/audit/RESUME_CONFIRMATION_5_WORKERS_CO_R5.json,results/frozen/interpolative/CO/dense_pinn/optimization/audit/RESUME_CONFIRMATION_5_WORKERS_CO_R5.json,REPRODUCIBILITY_ARTIFACT,verbatim copy; personal home path redacted in public copy,20080,20055,4d3fb2f9faa37a3ae57e089b3acb8023c5abb4896d1aada03d0058dd6f151813,175d06518be2bc13b70dbf13f47e2d6007dbba1ad9b55a2591f3b971d9c62c16
models/interp/work_pinn_co_interp_opt_r5/audit/RESUME_FROM_140_5_WORKERS_CO_R5.json,results/frozen/interpolative/CO/dense_pinn/optimization/audit/RESUME_FROM_140_5_WORKERS_CO_R5.json,REPRODUCIBILITY_ARTIFACT,verbatim copy,910,910,2fc0dc4e5feefead95304bb3fe8c661fa1ad843d75d0fd1c9c0ddd26953db0eb,2fc0dc4e5feefead95304bb3fe8c661fa1ad843d75d0fd1c9c0ddd26953db0eb
models/interp/work_pinn_co_interp_opt_r5/audit/RESUME_FROM_235_SERIAL_FOLD_CHECKPOINT_CO_R5.json,results/frozen/interpolative/CO/dense_pinn/optimization/audit/RESUME_FROM_235_SERIAL_FOLD_CHECKPOINT_CO_R5.json,REPRODUCIBILITY_ARTIFACT,verbatim copy,999,999,2351ac3af4017a571dea73f20f4cbe545266222bd343366af53f465b69d4a321,2351ac3af4017a571dea73f20f4cbe545266222bd343366af53f465b69d4a321
models/interp/work_pinn_co_interp_opt_r5/audit/RESUME_LBFGS_FROM_10_SERIAL_FINALIZE_CO_R5.json,results/frozen/interpolative/CO/dense_pinn/optimization/audit/RESUME_LBFGS_FROM_10_SERIAL_FINALIZE_CO_R5.json,REPRODUCIBILITY_ARTIFACT,verbatim copy; personal home path redacted in public copy,26782,26757,a7b21d16cdb5cee828bb360d7728c2369f871d99f2073b592ffc222d711bb6d5,2e072404b6e968a3ec6cbe05dd947ac4f551080b35128f50c65c4957a248498c
models/interp/work_pinn_co_interp_opt_r5/audit/RESUME_TRIAL97_LBFGS_FALLBACK_FINALIZE_CO_R5.json,results/frozen/interpolative/CO/dense_pinn/optimization/audit/RESUME_TRIAL97_LBFGS_FALLBACK_FINALIZE_CO_R5.json,REPRODUCIBILITY_ARTIFACT,verbatim copy,2264,2264,f09a8075aa93d790b211408cb7874b118332d476d169790ea8df55f38530620d,f09a8075aa93d790b211408cb7874b118332d476d169790ea8df55f38530620d
models/interp/work_pinn_co_interp_opt_r5/audit/RESUME_TRIAL97_LBFGS_FALLBACK_SCIENTIFIC_EVIDENCE_CO_R5.json,results/frozen/interpolative/CO/dense_pinn/optimization/audit/RESUME_TRIAL97_LBFGS_FALLBACK_SCIENTIFIC_EVIDENCE_CO_R5.json,REPRODUCIBILITY_ARTIFACT,verbatim copy,669,669,89b7fc81e6df92bec69119c0450af14353f52c02011d54349dd25b3176a2fe6d,89b7fc81e6df92bec69119c0450af14353f52c02011d54349dd25b3176a2fe6d
models/interp/work_pinn_co_interp_opt_r5/audit/RUNTIME_LINEAGE_CONTRACT_CO_INTERP_R5.json,results/frozen/interpolative/CO/dense_pinn/optimization/audit/RUNTIME_LINEAGE_CONTRACT_CO_INTERP_R5.json,REPRODUCIBILITY_ARTIFACT,verbatim copy,542,542,41dd2d35ba3c59a9383e4afa09992855d498d021ec22cc8a4d64da499b78c6da,41dd2d35ba3c59a9383e4afa09992855d498d021ec22cc8a4d64da499b78c6da
models/interp/work_pinn_co_interp_opt_r5/audit/SOURCE_HASHES_AFTER_CO_INTERP_R5.csv,results/frozen/interpolative/CO/dense_pinn/optimization/audit/SOURCE_HASHES_AFTER_CO_INTERP_R5.csv,REPRODUCIBILITY_ARTIFACT,verbatim copy; personal home path redacted in public copy,2456,2450,489e42ec13ec6bf99f7a78fb1bcf2b7b6c31b30f8999bc030e2162bcdc6b89e0,d7ede43b36f1780e979424ada3b0f589cd8538443ae529bd9aba7bc5f099a1b5
models/interp/work_pinn_co_interp_opt_r5/audit/SOURCE_HASHES_BEFORE_CO_INTERP_R5.csv,results/frozen/interpolative/CO/dense_pinn/optimization/audit/SOURCE_HASHES_BEFORE_CO_INTERP_R5.csv,REPRODUCIBILITY_ARTIFACT,verbatim copy,2370,2370,af6014ad2aebfe12cddf71606bffa43d85bfbbee8d9bd6cc3853491e7e42015d,af6014ad2aebfe12cddf71606bffa43d85bfbbee8d9bd6cc3853491e7e42015d
models/interp/work_pinn_co_interp_opt_r5/audit/STATIC_VALIDATION_CO_INTERP_R5.json,results/frozen/interpolative/CO/dense_pinn/optimization/audit/STATIC_VALIDATION_CO_INTERP_R5.json,REPRODUCIBILITY_ARTIFACT,verbatim copy,1312,1312,3ca10829aa5e0f29d0c00ed575721dd1477d436ca4dca091616d51a04ff43f9e,3ca10829aa5e0f29d0c00ed575721dd1477d436ca4dca091616d51a04ff43f9e
models/interp/work_pinn_co_interp_opt_r5/audit/TARGET_ACCESS_AUDIT_CO_INTERP_R5.json,results/frozen/interpolative/CO/dense_pinn/optimization/audit/TARGET_ACCESS_AUDIT_CO_INTERP_R5.json,REPRODUCIBILITY_ARTIFACT,verbatim copy,2140,2140,7b6fbacbaf3f9ba3acb9da2f39e18ba84cc0bc4e6d2863717ec373667065ab71,7b6fbacbaf3f9ba3acb9da2f39e18ba84cc0bc4e6d2863717ec373667065ab71
models/interp/work_pinn_co_interp_opt_r5/figures/OPT-01_optimization_history.png,results/frozen/interpolative/CO/dense_pinn/optimization/figures/OPT-01_optimization_history.png,CAMPAIGN_FIGURES,verbatim copy,92346,92346,bb7659649494cb5f5bced66596dd569a9e11f7b45bd76e7284c76a875b969461,bb7659649494cb5f5bced66596dd569a9e11f7b45bd76e7284c76a875b969461
models/interp/work_pinn_co_interp_opt_r5/figures/OPT-01_optimization_history.svg,results/frozen/interpolative/CO/dense_pinn/optimization/figures/OPT-01_optimization_history.svg,CAMPAIGN_FIGURES,verbatim copy,48149,48149,093a966ba6f50fe4502e21e2ef9f90688dbc4b2594852f99a7d717e2ae01829f,093a966ba6f50fe4502e21e2ef9f90688dbc4b2594852f99a7d717e2ae01829f
models/interp/work_pinn_co_interp_opt_r5/figures/OPT-02_adaptive_convergence.png,results/frozen/interpolative/CO/dense_pinn/optimization/figures/OPT-02_adaptive_convergence.png,CAMPAIGN_FIGURES,verbatim copy,74415,74415,1c80d120bcdef7a1d5dd5e18d53ddedfcedcbd2a6521620142cd6ed90c05a7e6,1c80d120bcdef7a1d5dd5e18d53ddedfcedcbd2a6521620142cd6ed90c05a7e6
models/interp/work_pinn_co_interp_opt_r5/figures/OPT-02_adaptive_convergence.svg,results/frozen/interpolative/CO/dense_pinn/optimization/figures/OPT-02_adaptive_convergence.svg,CAMPAIGN_FIGURES,verbatim copy,33520,33520,64c5027aaadc1a9f80bf952efff717fbf61144793b97b11603fd1dcc6cd74d52,64c5027aaadc1a9f80bf952efff717fbf61144793b97b11603fd1dcc6cd74d52
models/interp/work_pinn_co_interp_opt_r5/figures/OPT-03_hyperparameter_importance.png,results/frozen/interpolative/CO/dense_pinn/optimization/figures/OPT-03_hyperparameter_importance.png,CAMPAIGN_FIGURES,verbatim copy,63780,63780,3d8d8c01b66e9e989275604109b905568ac0a71d8ee9cda212c872c4b81ac332,3d8d8c01b66e9e989275604109b905568ac0a71d8ee9cda212c872c4b81ac332
models/interp/work_pinn_co_interp_opt_r5/figures/OPT-03_hyperparameter_importance.svg,results/frozen/interpolative/CO/dense_pinn/optimization/figures/OPT-03_hyperparameter_importance.svg,CAMPAIGN_FIGURES,verbatim copy,38468,38468,c2f81d8ceafbd56b4a5cad5decb3d649c5f881c672beacc4a03d82f22e1e9176,c2f81d8ceafbd56b4a5cad5decb3d649c5f881c672beacc4a03d82f22e1e9176
models/interp/work_pinn_co_interp_opt_r5/figures/OPT-04_pruning_status_efficiency.png,results/frozen/interpolative/CO/dense_pinn/optimization/figures/OPT-04_pruning_status_efficiency.png,CAMPAIGN_FIGURES,verbatim copy,33761,33761,eb0cdb36ec4575a561c281b3ba600652c8fae649ff4ae72ddff014b893891b5e,eb0cdb36ec4575a561c281b3ba600652c8fae649ff4ae72ddff014b893891b5e
models/interp/work_pinn_co_interp_opt_r5/figures/OPT-04_pruning_status_efficiency.svg,results/frozen/interpolative/CO/dense_pinn/optimization/figures/OPT-04_pruning_status_efficiency.svg,CAMPAIGN_FIGURES,verbatim copy,26399,26399,98d30a2349aaa78990cd62d9a044dde659a0bb3690a8ae52670b374cd918990f,98d30a2349aaa78990cd62d9a044dde659a0bb3690a8ae52670b374cd918990f
models/interp/work_pinn_co_interp_opt_r5/figures/OPT-05_top10_multiseed_R2.png,results/frozen/interpolative/CO/dense_pinn/optimization/figures/OPT-05_top10_multiseed_R2.png,CAMPAIGN_FIGURES,verbatim copy,146908,146908,b378ca5b2743a7fda86e97034dc264f8d00647d8839f6f85899a0996646ac9c1,b378ca5b2743a7fda86e97034dc264f8d00647d8839f6f85899a0996646ac9c1
models/interp/work_pinn_co_interp_opt_r5/figures/OPT-05_top10_multiseed_R2.svg,results/frozen/interpolative/CO/dense_pinn/optimization/figures/OPT-05_top10_multiseed_R2.svg,CAMPAIGN_FIGURES,verbatim copy,65049,65049,24e8cbb4e6bf47b76140b6131c34eb4fe612e3c6bc27f9863eec09647b286f00,24e8cbb4e6bf47b76140b6131c34eb4fe612e3c6bc27f9863eec09647b286f00
models/interp/work_pinn_co_interp_opt_r5/figures/OPT-06_precision_vs_PCD.png,results/frozen/interpolative/CO/dense_pinn/optimization/figures/OPT-06_precision_vs_PCD.png,CAMPAIGN_FIGURES,verbatim copy,60827,60827,e19695b9c25ca29614c9e438e2d603de26de84eac1b6d1d77ed1ebf4ee2ddc5a,e19695b9c25ca29614c9e438e2d603de26de84eac1b6d1d77ed1ebf4ee2ddc5a
models/interp/work_pinn_co_interp_opt_r5/figures/OPT-06_precision_vs_PCD.svg,results/frozen/interpolative/CO/dense_pinn/optimization/figures/OPT-06_precision_vs_PCD.svg,CAMPAIGN_FIGURES,verbatim copy,34696,34696,1a76db134afd13cdd11b0027625f59b95e1f6b06f535e3e05cee6020f7d62e42,1a76db134afd13cdd11b0027625f59b95e1f6b06f535e3e05cee6020f7d62e42
models/interp/work_pinn_co_interp_opt_r5/figures/OPT-07_lbfgs_paired.png,results/frozen/interpolative/CO/dense_pinn/optimization/figures/OPT-07_lbfgs_paired.png,CAMPAIGN_FIGURES,verbatim copy,60589,60589,84bfd6f5373e7072f83e32b15b4b8d9eafa645bfbf0abdaf6a4432d854d42860,84bfd6f5373e7072f83e32b15b4b8d9eafa645bfbf0abdaf6a4432d854d42860
models/interp/work_pinn_co_interp_opt_r5/figures/OPT-07_lbfgs_paired.svg,results/frozen/interpolative/CO/dense_pinn/optimization/figures/OPT-07_lbfgs_paired.svg,CAMPAIGN_FIGURES,verbatim copy,34120,34120,204e58fff380c9e13bcd26a2f408b5f7d171309f540f043a3778f427d9481839,204e58fff380c9e13bcd26a2f408b5f7d171309f540f043a3778f427d9481839
models/interp/work_pinn_co_interp_opt_r5/figures/OPT-08_matched_ablation.png,results/frozen/interpolative/CO/dense_pinn/optimization/figures/OPT-08_matched_ablation.png,CAMPAIGN_FIGURES,verbatim copy,55915,55915,da735f9c6c8419599b965136df00148d5b17360950f19e6c6a8edd2fa76469d9,da735f9c6c8419599b965136df00148d5b17360950f19e6c6a8edd2fa76469d9
models/interp/work_pinn_co_interp_opt_r5/figures/OPT-08_matched_ablation.svg,results/frozen/interpolative/CO/dense_pinn/optimization/figures/OPT-08_matched_ablation.svg,CAMPAIGN_FIGURES,verbatim copy,35704,35704,b3d04ac6680cf56fd14c979f16113d03b2ad6cb16f3973f69bf27304b601faf1,b3d04ac6680cf56fd14c979f16113d03b2ad6cb16f3973f69bf27304b601faf1
models/interp/work_pinn_co_interp_opt_r5/figures/OPT-09_precision_vs_parameters.png,results/frozen/interpolative/CO/dense_pinn/optimization/figures/OPT-09_precision_vs_parameters.png,CAMPAIGN_FIGURES,verbatim copy,58946,58946,e42faf8301a79e674b1da492d41765cb5f0e23d667b1acab1e559b3ec7cceca9,e42faf8301a79e674b1da492d41765cb5f0e23d667b1acab1e559b3ec7cceca9
models/interp/work_pinn_co_interp_opt_r5/figures/OPT-09_precision_vs_parameters.svg,results/frozen/interpolative/CO/dense_pinn/optimization/figures/OPT-09_precision_vs_parameters.svg,CAMPAIGN_FIGURES,verbatim copy,35045,35045,bb6e00cecffa36ffeac1a6301834cb83ea90ca2824d8bf9559e37b83fa8d8f41,bb6e00cecffa36ffeac1a6301834cb83ea90ca2824d8bf9559e37b83fa8d8f41
models/interp/work_pinn_co_interp_opt_r5/reports/HANDOFF_CO_INTERP_R5_TO_FINAL.md,results/frozen/interpolative/CO/dense_pinn/optimization/reports/HANDOFF_CO_INTERP_R5_TO_FINAL.md,CAMPAIGN_REPORTS,verbatim copy,1417,1417,bebba22c0f1ad0c0b7c78ee2cc617e39e458e689bd4181a03e120a1b20411e9b,bebba22c0f1ad0c0b7c78ee2cc617e39e458e689bd4181a03e120a1b20411e9b
models/interp/work_pinn_co_interp_opt_r5/reports/INFORME_TECNICO_OPTIMIZACION_CO_INTERP_R5.md,results/frozen/interpolative/CO/dense_pinn/optimization/reports/INFORME_TECNICO_OPTIMIZACION_CO_INTERP_R5.md,CAMPAIGN_REPORTS,verbatim copy,439,439,be6feb7c46d1dba7fc67565ab4b9df6e28246da20320e304714f9b70e251c445,be6feb7c46d1dba7fc67565ab4b9df6e28246da20320e304714f9b70e251c445
models/interp/work_pinn_co_interp_opt_r5/reports/README_EJECUCION_COLAB_CO_INTERP_OPT_R5.md,results/frozen/interpolative/CO/dense_pinn/optimization/reports/README_EJECUCION_COLAB_CO_INTERP_OPT_R5.md,CAMPAIGN_REPORTS,verbatim copy,711,711,1b009f5726170713d9088f1af5da04e37b820f1b534e532eff377346d8ea83b9,1b009f5726170713d9088f1af5da04e37b820f1b534e532eff377346d8ea83b9
models/interp/work_pinn_co_interp_opt_r5/reports/STATIC_VALIDATION_CO_INTERP_R5.md,results/frozen/interpolative/CO/dense_pinn/optimization/reports/STATIC_VALIDATION_CO_INTERP_R5.md,CAMPAIGN_REPORTS,verbatim copy,1468,1468,67acd2298880dc54e4a4e107459080d53a012e87c12a7d4a61c6cc54552788e8,67acd2298880dc54e4a4e107459080d53a012e87c12a7d4a61c6cc54552788e8
models/interp/work_pinn_co_interp_opt_r5/campaign_phase_state.json,results/frozen/interpolative/CO/dense_pinn/optimization/state/campaign_phase_state.json,CAMPAIGN_STATE_OR_MANIFEST,verbatim copy,334,334,a41dbe9c45fbbc85c9a7adf23684255da3b328a64d396c83f4318af9912ab0e2,a41dbe9c45fbbc85c9a7adf23684255da3b328a64d396c83f4318af9912ab0e2
models/interp/work_pinn_co_interp_opt_r5/campaign_state.json,results/frozen/interpolative/CO/dense_pinn/optimization/state/campaign_state.json,CAMPAIGN_STATE_OR_MANIFEST,verbatim copy,1807,1807,e3cac4c39de415fadb22308c4eb011cb33b1be2591c7607bae671949614b400a,e3cac4c39de415fadb22308c4eb011cb33b1be2591c7607bae671949614b400a
models/interp/work_pinn_co_interp_opt_r5/tables/ADAPTIVE_CONVERGENCE_AUDIT_CO_R5.csv,results/frozen/interpolative/CO/dense_pinn/optimization/tables/ADAPTIVE_CONVERGENCE_AUDIT_CO_R5.csv,SUPPORTING_RESULT,verbatim copy,1240,1240,cc1fdf4caadf00655931823763045ff462f98fa7dafcbc70bc97b504ed8bca26,cc1fdf4caadf00655931823763045ff462f98fa7dafcbc70bc97b504ed8bca26
models/interp/work_pinn_co_interp_opt_r5/tables/BEST_EPOCH_SUMMARY_CO_R5.csv,results/frozen/interpolative/CO/dense_pinn/optimization/tables/BEST_EPOCH_SUMMARY_CO_R5.csv,SUPPORTING_RESULT,verbatim copy,517,517,06100a51bc43fef113c632ef912eae1c4423edea8014db9dfd47212e8da87fe4,06100a51bc43fef113c632ef912eae1c4423edea8014db9dfd47212e8da87fe4
models/interp/work_pinn_co_interp_opt_r5/tables/CONFIRMATION_RUNS_CO_R5.csv,results/frozen/interpolative/CO/dense_pinn/optimization/tables/CONFIRMATION_RUNS_CO_R5.csv,SUPPORTING_RESULT,verbatim copy,276115,276115,7d92ed2d8b2787c9e8aa93819890ac1a57d5af81a0b82bf53b7a4269da12ec00,7d92ed2d8b2787c9e8aa93819890ac1a57d5af81a0b82bf53b7a4269da12ec00
models/interp/work_pinn_co_interp_opt_r5/tables/CONFIRMATION_SUMMARY_CO_R5.csv,results/frozen/interpolative/CO/dense_pinn/optimization/tables/CONFIRMATION_SUMMARY_CO_R5.csv,SUPPORTING_RESULT,verbatim copy,2880,2880,59874874c74b0527d4446f544395c6d209a8f6c6af64ab30229717d96b42155e,59874874c74b0527d4446f544395c6d209a8f6c6af64ab30229717d96b42155e
models/interp/work_pinn_co_interp_opt_r5/tables/FOLD_RECONSTRUCTION_CO_INTERP_R5.csv,results/frozen/interpolative/CO/dense_pinn/optimization/tables/FOLD_RECONSTRUCTION_CO_INTERP_R5.csv,SUPPORTING_RESULT,verbatim copy,163,163,c85704da133133e5776d3e653e92f36e744939ca49d80de402bb3c9648f3b496,c85704da133133e5776d3e653e92f36e744939ca49d80de402bb3c9648f3b496
models/interp/work_pinn_co_interp_opt_r5/tables/FOLDS_CO_R5.csv,results/frozen/interpolative/CO/dense_pinn/optimization/tables/FOLDS_CO_R5.csv,SUPPORTING_RESULT,verbatim copy,542086,542086,c476109d8973c648ea6123ac6677d91471f43f28a81a68bab135743a342d0208,c476109d8973c648ea6123ac6677d91471f43f28a81a68bab135743a342d0208
models/interp/work_pinn_co_interp_opt_r5/tables/LBFGS_FAILURE_AUDIT_CO_R5.csv,results/frozen/interpolative/CO/dense_pinn/optimization/tables/LBFGS_FAILURE_AUDIT_CO_R5.csv,SUPPORTING_RESULT,verbatim copy,327,327,3d2f750b721ec38496ef279aebabde86f28be7429679d3f58742f0f0efd5c0f7,3d2f750b721ec38496ef279aebabde86f28be7429679d3f58742f0f0efd5c0f7
models/interp/work_pinn_co_interp_opt_r5/tables/LBFGS_PAIRED_CO_R5.csv,results/frozen/interpolative/CO/dense_pinn/optimization/tables/LBFGS_PAIRED_CO_R5.csv,SUPPORTING_RESULT,verbatim copy,5981,5981,c9cd74995ac3a2aa0b550f0cc8fae6596cb4bc11477dbc44b9ac27552a290a60,c9cd74995ac3a2aa0b550f0cc8fae6596cb4bc11477dbc44b9ac27552a290a60
models/interp/work_pinn_co_interp_opt_r5/tables/LBFGS_RUNS_CO_R5_TRIAL_0081.csv,results/frozen/interpolative/CO/dense_pinn/optimization/tables/LBFGS_RUNS_CO_R5_TRIAL_0081.csv,SUPPORTING_RESULT,verbatim copy,29897,29897,f8c343c381d129b08a213c5e247d28555c17e55687aad3ca999ea75e1d1dcf34,f8c343c381d129b08a213c5e247d28555c17e55687aad3ca999ea75e1d1dcf34
models/interp/work_pinn_co_interp_opt_r5/tables/LBFGS_RUNS_CO_R5_TRIAL_0089.csv,results/frozen/interpolative/CO/dense_pinn/optimization/tables/LBFGS_RUNS_CO_R5_TRIAL_0089.csv,SUPPORTING_RESULT,verbatim copy,29625,29625,fe14f69621f5fce22623b40b86761ad153290b6e20f4d71b05a038e6665d256b,fe14f69621f5fce22623b40b86761ad153290b6e20f4d71b05a038e6665d256b
models/interp/work_pinn_co_interp_opt_r5/tables/LBFGS_SELECTED_STRATEGY_SUMMARY_CO_R5.csv,results/frozen/interpolative/CO/dense_pinn/optimization/tables/LBFGS_SELECTED_STRATEGY_SUMMARY_CO_R5.csv,SUPPORTING_RESULT,verbatim copy,1054,1054,b1f96c638e280016c0bedafe849c112080d81fc4e1bcbd5e6a821d1de3ee97ec,b1f96c638e280016c0bedafe849c112080d81fc4e1bcbd5e6a821d1de3ee97ec
models/interp/work_pinn_co_interp_opt_r5/tables/MATCHED_ABLATION_DELTAS_CO_R5.csv,results/frozen/interpolative/CO/dense_pinn/optimization/tables/MATCHED_ABLATION_DELTAS_CO_R5.csv,SUPPORTING_RESULT,verbatim copy,3168,3168,da314b15604e80c53ed0692cd25ba8535382d7710abaff6fcb6208609b27a2e2,da314b15604e80c53ed0692cd25ba8535382d7710abaff6fcb6208609b27a2e2
models/interp/work_pinn_co_interp_opt_r5/tables/MATCHED_ABLATION_RUNS_CO_R5.csv,results/frozen/interpolative/CO/dense_pinn/optimization/tables/MATCHED_ABLATION_RUNS_CO_R5.csv,SUPPORTING_RESULT,verbatim copy,27790,27790,2b368e9a2e879a7f79dd9acbfc2bace137b1d8985e6f5f7e4c427dd3059dff09,2b368e9a2e879a7f79dd9acbfc2bace137b1d8985e6f5f7e4c427dd3059dff09
models/interp/work_pinn_co_interp_opt_r5/tables/MATCHED_ABLATION_SUMMARY_CO_R5.csv,results/frozen/interpolative/CO/dense_pinn/optimization/tables/MATCHED_ABLATION_SUMMARY_CO_R5.csv,SUPPORTING_RESULT,verbatim copy,750,750,33ea046d49aaeaa156f0823008dabaae05faf48be0bde09483bf68d36576b962,33ea046d49aaeaa156f0823008dabaae05faf48be0bde09483bf68d36576b962
models/interp/work_pinn_co_interp_opt_r5/tables/PRUNING_AUDIT_CO_INTERP_R5.csv,results/frozen/interpolative/CO/dense_pinn/optimization/tables/PRUNING_AUDIT_CO_INTERP_R5.csv,SUPPORTING_RESULT,verbatim copy,17839,17839,ddfd0058dd364d800f3c9092abd3aac93e3bec475aeba761a94a76a846de8461,ddfd0058dd364d800f3c9092abd3aac93e3bec475aeba761a94a76a846de8461
models/interp/work_pinn_co_interp_opt_r5/tables/PRUNING_AUDIT_CO_INTERP_R5_SMOKE.csv,results/frozen/interpolative/CO/dense_pinn/optimization/tables/PRUNING_AUDIT_CO_INTERP_R5_SMOKE.csv,SUPPORTING_RESULT,verbatim copy,433,433,b4f7cb50eeb77dea6a16e6e9a65de557a725fe8d3922342cba93c7fca3984c17,b4f7cb50eeb77dea6a16e6e9a65de557a725fe8d3922342cba93c7fca3984c17
models/interp/work_pinn_co_interp_opt_r5/tables/RANKING_CO_R5.csv,results/frozen/interpolative/CO/dense_pinn/optimization/tables/RANKING_CO_R5.csv,SUPPORTING_RESULT,verbatim copy,28594,28594,350b784edaf8951456085a587eae17cccbce6ce85744a82dc7e2b8dde7be0db6,350b784edaf8951456085a587eae17cccbce6ce85744a82dc7e2b8dde7be0db6
models/interp/work_pinn_co_interp_opt_r5/tables/SMOKE_FOLDS_CO_INTERP_R5.csv,results/frozen/interpolative/CO/dense_pinn/optimization/tables/SMOKE_FOLDS_CO_INTERP_R5.csv,SUPPORTING_RESULT,verbatim copy,11198,11198,9e910c014feac37ca70d1e1cd25d137b7f50158c12ba356147de5decb714973f,9e910c014feac37ca70d1e1cd25d137b7f50158c12ba356147de5decb714973f
models/interp/work_pinn_co_interp_opt_r5/tables/SMOKE_TRIALS_CO_INTERP_R5.csv,results/frozen/interpolative/CO/dense_pinn/optimization/tables/SMOKE_TRIALS_CO_INTERP_R5.csv,SUPPORTING_RESULT,verbatim copy,3963,3963,c5a3f4ee656e232fb5b8664fb9f1d195ddfa9962c177175fdf222ad59bd1bed8,c5a3f4ee656e232fb5b8664fb9f1d195ddfa9962c177175fdf222ad59bd1bed8
models/interp/work_pinn_co_interp_opt_r5/tables/TRIALS_CO_R5.csv,results/frozen/interpolative/CO/dense_pinn/optimization/tables/TRIALS_CO_R5.csv,SUPPORTING_RESULT,verbatim copy,164496,164496,fb35061fa95e9e407253e9471fe73709b45b1be6703ca6add6e354afcd8fa0c5,fb35061fa95e9e407253e9471fe73709b45b1be6703ca6add6e354afcd8fa0c5
models/interp/work_tt_pinn_co_interp_final_r1f_std/audit/ENVIRONMENT_CO_TT_R1F_STD.json,results/frozen/interpolative/CO/tt_pinn/final/audit/ENVIRONMENT_CO_TT_R1F_STD.json,REPRODUCIBILITY_ARTIFACT,verbatim copy,498,498,235a5f3759d0b7e304fcbea70da460feb1c0b6a8d1a43d02d9454accc359c143,235a5f3759d0b7e304fcbea70da460feb1c0b6a8d1a43d02d9454accc359c143
models/interp/work_tt_pinn_co_interp_final_r1f_std/audit/EVALUATION_DECISION_AUDIT_CO_TT_R1F_STD.json,results/frozen/interpolative/CO/tt_pinn/final/audit/EVALUATION_DECISION_AUDIT_CO_TT_R1F_STD.json,REPRODUCIBILITY_ARTIFACT,verbatim copy,2097,2097,29e8e8709c19e1bf33dd57b43cc37cebb382bbb3592dfdcec213bf9bace82dec,29e8e8709c19e1bf33dd57b43cc37cebb382bbb3592dfdcec213bf9bace82dec
models/interp/work_tt_pinn_co_interp_final_r1f_std/audit/MODEL_RELOAD_EQUIVALENCE_CO_TT_R1F_STD.json,results/frozen/interpolative/CO/tt_pinn/final/audit/MODEL_RELOAD_EQUIVALENCE_CO_TT_R1F_STD.json,REPRODUCIBILITY_ARTIFACT,verbatim copy,347,347,f2c16166ecbaf172382d74c1794b259cedbb4d3e7563f05f652fa25152687ded,f2c16166ecbaf172382d74c1794b259cedbb4d3e7563f05f652fa25152687ded
models/interp/work_tt_pinn_co_interp_final_r1f_std/audit/PRE_POST_TEST_HASH_AUDIT_CO_TT_R1F_STD.json,results/frozen/interpolative/CO/tt_pinn/final/audit/PRE_POST_TEST_HASH_AUDIT_CO_TT_R1F_STD.json,REPRODUCIBILITY_ARTIFACT,verbatim copy,1466,1466,b77f867d92aff2194a6998facb4371397ff7cd2cd99d81a12e0147c9eb61bd7c,b77f867d92aff2194a6998facb4371397ff7cd2cd99d81a12e0147c9eb61bd7c
models/interp/work_tt_pinn_co_interp_final_r1f_std/audit/PRE_TEST_GATE_CO_TT_R1F_STD.json,results/frozen/interpolative/CO/tt_pinn/final/audit/PRE_TEST_GATE_CO_TT_R1F_STD.json,REPRODUCIBILITY_ARTIFACT,verbatim copy,1677,1677,6da514d87aef31fd8c837d757f6336afbf5fe4731a5f24e9c958211d012553a9,6da514d87aef31fd8c837d757f6336afbf5fe4731a5f24e9c958211d012553a9
models/interp/work_tt_pinn_co_interp_final_r1f_std/audit/PRETRAINING_CHECKS_CO_TT_R1F_STD.csv,results/frozen/interpolative/CO/tt_pinn/final/audit/PRETRAINING_CHECKS_CO_TT_R1F_STD.csv,REPRODUCIBILITY_ARTIFACT,verbatim copy,508,508,20863ace419d6457f8cf0f38beb6e68bc60026f431422f629c69b25947ad9c26,20863ace419d6457f8cf0f38beb6e68bc60026f431422f629c69b25947ad9c26
models/interp/work_tt_pinn_co_interp_final_r1f_std/audit/TARGET_ACCESS_AUDIT_PRE_TEST_CO_TT_R1F_STD.json,results/frozen/interpolative/CO/tt_pinn/final/audit/TARGET_ACCESS_AUDIT_PRE_TEST_CO_TT_R1F_STD.json,REPRODUCIBILITY_ARTIFACT,verbatim copy,2208,2208,bf7d32380faa6bcf298be8fb45c4e69c75d37165a010597a2be133eb5c2cb1b3,bf7d32380faa6bcf298be8fb45c4e69c75d37165a010597a2be133eb5c2cb1b3
models/interp/work_tt_pinn_co_interp_final_r1f_std/audit/TEST_ACCESS_AUDIT_CO_TT_R1F_STD.json,results/frozen/interpolative/CO/tt_pinn/final/audit/TEST_ACCESS_AUDIT_CO_TT_R1F_STD.json,REPRODUCIBILITY_ARTIFACT,verbatim copy,2070,2070,9f731a7f2a9ec2b29d5b83b8ad93ae67fdc0d040cd69f87b78d545884c0b7495,9f731a7f2a9ec2b29d5b83b8ad93ae67fdc0d040cd69f87b78d545884c0b7495
models/interp/work_tt_pinn_co_interp_final_r1f_std/audit/TEST_ACCESS_LEDGER_CO_TT_R1F_STD.json,results/frozen/interpolative/CO/tt_pinn/final/audit/TEST_ACCESS_LEDGER_CO_TT_R1F_STD.json,REPRODUCIBILITY_ARTIFACT,verbatim copy,3575,3575,ecb423fb88d36fb91412b4989f733e29809cccfcb0d6bc8cf7b756a282615627,ecb423fb88d36fb91412b4989f733e29809cccfcb0d6bc8cf7b756a282615627
models/interp/work_tt_pinn_co_interp_final_r1f_std/audit/TT_LINEAR_UNIT_TESTS_CO_TT_R1F_STD.csv,results/frozen/interpolative/CO/tt_pinn/final/audit/TT_LINEAR_UNIT_TESTS_CO_TT_R1F_STD.csv,REPRODUCIBILITY_ARTIFACT,verbatim copy,432,432,f91207728f2f39ae4199fe69e569eeebea1bc40aa81ed96ac9c58b8fb81658db,f91207728f2f39ae4199fe69e569eeebea1bc40aa81ed96ac9c58b8fb81658db
models/interp/work_tt_pinn_co_interp_final_r1f_std/audit/UPSTREAM_DERIVATION_CONTRACT_CO_TT_R1F_STD.json,results/frozen/interpolative/CO/tt_pinn/final/audit/UPSTREAM_DERIVATION_CONTRACT_CO_TT_R1F_STD.json,REPRODUCIBILITY_ARTIFACT,verbatim copy,934,934,2749c77a8a6339f39c9c6195382e23e048deb6e47cf29b8fa31ce2d6eab1afd4,2749c77a8a6339f39c9c6195382e23e048deb6e47cf29b8fa31ce2d6eab1afd4
models/interp/work_tt_pinn_co_interp_final_r1f_std/figures/FINAL-01_training_history.png,results/frozen/interpolative/CO/tt_pinn/final/figures/FINAL-01_training_history.png,CAMPAIGN_FIGURES,verbatim copy,81818,81818,668b61a068fd8f5bffe28c33bb719b082f64ab7b9b4898fb0f55c09f420056af,668b61a068fd8f5bffe28c33bb719b082f64ab7b9b4898fb0f55c09f420056af
models/interp/work_tt_pinn_co_interp_final_r1f_std/figures/FINAL-01_training_history.svg,results/frozen/interpolative/CO/tt_pinn/final/figures/FINAL-01_training_history.svg,CAMPAIGN_FIGURES,verbatim copy,42431,42431,df948d5110f3fd5e503abf7ecf6029746872f43f6895d278b3b77e467a712283,df948d5110f3fd5e503abf7ecf6029746872f43f6895d278b3b77e467a712283
models/interp/work_tt_pinn_co_interp_final_r1f_std/figures/FINAL-02_dev_parity.png,results/frozen/interpolative/CO/tt_pinn/final/figures/FINAL-02_dev_parity.png,CAMPAIGN_FIGURES,verbatim copy,266638,266638,6f462c6cb5e723620ab4f90872d74c24e64edd03527b0fd6a34c42fbbeb39f8c,6f462c6cb5e723620ab4f90872d74c24e64edd03527b0fd6a34c42fbbeb39f8c
models/interp/work_tt_pinn_co_interp_final_r1f_std/figures/FINAL-02_dev_parity.svg,results/frozen/interpolative/CO/tt_pinn/final/figures/FINAL-02_dev_parity.svg,CAMPAIGN_FIGURES,verbatim copy,4422708,4422708,8e9c5f827f4f7eb3835d42facf74e14997fc1f7abcc045276d9dfcfdecb9f868,8e9c5f827f4f7eb3835d42facf74e14997fc1f7abcc045276d9dfcfdecb9f868
models/interp/work_tt_pinn_co_interp_final_r1f_std/figures/FINAL-03_test_parity.png,results/frozen/interpolative/CO/tt_pinn/final/figures/FINAL-03_test_parity.png,CAMPAIGN_FIGURES,verbatim copy,260547,260547,df6e5e1864318dd512998e149aeebc7cd06d26fbd72019aab011cfb8b9267a5d,df6e5e1864318dd512998e149aeebc7cd06d26fbd72019aab011cfb8b9267a5d
models/interp/work_tt_pinn_co_interp_final_r1f_std/figures/FINAL-03_test_parity.svg,results/frozen/interpolative/CO/tt_pinn/final/figures/FINAL-03_test_parity.svg,CAMPAIGN_FIGURES,verbatim copy,1049168,1049168,3643b152031735dc91d67a90d84e07eea766457a726ce99a1adf60649d36783c,3643b152031735dc91d67a90d84e07eea766457a726ce99a1adf60649d36783c
models/interp/work_tt_pinn_co_interp_final_r1f_std/figures/FINAL-04_test_residual_vs_predicted.png,results/frozen/interpolative/CO/tt_pinn/final/figures/FINAL-04_test_residual_vs_predicted.png,CAMPAIGN_FIGURES,verbatim copy,198961,198961,03715abd042a7e5191549169f047724795633926650f62b4a1bbe469807170a6,03715abd042a7e5191549169f047724795633926650f62b4a1bbe469807170a6
models/interp/work_tt_pinn_co_interp_final_r1f_std/figures/FINAL-04_test_residual_vs_predicted.svg,results/frozen/interpolative/CO/tt_pinn/final/figures/FINAL-04_test_residual_vs_predicted.svg,CAMPAIGN_FIGURES,verbatim copy,1068256,1068256,50e231f8fa22ce9eda855f20f88804cb2e409262315180a2beba1aed650b090b,50e231f8fa22ce9eda855f20f88804cb2e409262315180a2beba1aed650b090b
models/interp/work_tt_pinn_co_interp_final_r1f_std/figures/FINAL-05_test_residual_distribution.png,results/frozen/interpolative/CO/tt_pinn/final/figures/FINAL-05_test_residual_distribution.png,CAMPAIGN_FIGURES,verbatim copy,45329,45329,d7dba9bd5afc47359e9c4749d650c3e5133c5dad9481c274836aa057bfc1be1a,d7dba9bd5afc47359e9c4749d650c3e5133c5dad9481c274836aa057bfc1be1a
models/interp/work_tt_pinn_co_interp_final_r1f_std/figures/FINAL-05_test_residual_distribution.svg,results/frozen/interpolative/CO/tt_pinn/final/figures/FINAL-05_test_residual_distribution.svg,CAMPAIGN_FIGURES,verbatim copy,42107,42107,2f6c86e72bb88d0563a7b5ee78b5649b4556e202399d22790e7bdd04c73cd6b6,2f6c86e72bb88d0563a7b5ee78b5649b4556e202399d22790e7bdd04c73cd6b6
models/interp/work_tt_pinn_co_interp_final_r1f_std/figures/FINAL-06_physical_gradient_distribution.png,results/frozen/interpolative/CO/tt_pinn/final/figures/FINAL-06_physical_gradient_distribution.png,CAMPAIGN_FIGURES,verbatim copy,55136,55136,6e69af129ca8279d2b662a1f74041183e94231c3eac22fcecf38825b4c92100f,6e69af129ca8279d2b662a1f74041183e94231c3eac22fcecf38825b4c92100f
models/interp/work_tt_pinn_co_interp_final_r1f_std/figures/FINAL-06_physical_gradient_distribution.svg,results/frozen/interpolative/CO/tt_pinn/final/figures/FINAL-06_physical_gradient_distribution.svg,CAMPAIGN_FIGURES,verbatim copy,51707,51707,852068ce8fc604a32911fe734d87661f7fd8e70b37b0df45c395c9d7a4fa381d,852068ce8fc604a32911fe734d87661f7fd8e70b37b0df45c395c9d7a4fa381d
models/interp/work_tt_pinn_co_interp_final_r1f_std/figures/FINAL-07_physical_PDP_CDP.png,results/frozen/interpolative/CO/tt_pinn/final/figures/FINAL-07_physical_PDP_CDP.png,CAMPAIGN_FIGURES,verbatim copy,80005,80005,22d4250e409043ac19c0c8ddafc131168c79d52aac515c6a1af68a67c3ee91ac,22d4250e409043ac19c0c8ddafc131168c79d52aac515c6a1af68a67c3ee91ac
models/interp/work_tt_pinn_co_interp_final_r1f_std/figures/FINAL-07_physical_PDP_CDP.svg,results/frozen/interpolative/CO/tt_pinn/final/figures/FINAL-07_physical_PDP_CDP.svg,CAMPAIGN_FIGURES,verbatim copy,38551,38551,d6f3ff380227d64ee8735aeae47e6a4680d1e57c9a03e5644a6dca8f42cff62c,d6f3ff380227d64ee8735aeae47e6a4680d1e57c9a03e5644a6dca8f42cff62c
models/interp/work_tt_pinn_co_interp_final_r1f_std/figures/FINAL-08_computational_profile.png,results/frozen/interpolative/CO/tt_pinn/final/figures/FINAL-08_computational_profile.png,CAMPAIGN_FIGURES,verbatim copy,161122,161122,3b55d2f6123a56fe61a8df42175db9b3eea6d5ab1a966408969eb83eed1e6b59,3b55d2f6123a56fe61a8df42175db9b3eea6d5ab1a966408969eb83eed1e6b59
models/interp/work_tt_pinn_co_interp_final_r1f_std/figures/FINAL-08_computational_profile.svg,results/frozen/interpolative/CO/tt_pinn/final/figures/FINAL-08_computational_profile.svg,CAMPAIGN_FIGURES,verbatim copy,81897,81897,44bade79ad6973ca3fdf9094648c965dcfd389009ff7bfec25390d1d54aaa268,44bade79ad6973ca3fdf9094648c965dcfd389009ff7bfec25390d1d54aaa268
models/interp/work_tt_pinn_co_interp_final_r1f_std/figures/FINAL-09_combined_parity_dev_test.png,results/frozen/interpolative/CO/tt_pinn/final/figures/FINAL-09_combined_parity_dev_test.png,CAMPAIGN_FIGURES,verbatim copy,323390,323390,b72deaa4b87c52cbe0421e091788606856d5ec5a210e75988a2ae784d3d50f36,b72deaa4b87c52cbe0421e091788606856d5ec5a210e75988a2ae784d3d50f36
models/interp/work_tt_pinn_co_interp_final_r1f_std/figures/FINAL-09_combined_parity_dev_test.svg,results/frozen/interpolative/CO/tt_pinn/final/figures/FINAL-09_combined_parity_dev_test.svg,CAMPAIGN_FIGURES,verbatim copy,5511312,5511312,f4562ea98493edcd625ab6e5b54e5659e7d90026fa0acbc0dd851eb8251a8209,f4562ea98493edcd625ab6e5b54e5659e7d90026fa0acbc0dd851eb8251a8209
models/interp/work_tt_pinn_co_interp_final_r1f_std/figures/FINAL-10_dev_operational_series.png,results/frozen/interpolative/CO/tt_pinn/final/figures/FINAL-10_dev_operational_series.png,CAMPAIGN_FIGURES,verbatim copy,322077,322077,37a17a1e8e579a630a65f5ed12aa70580ac47c063ac6c04891bf2bbabacc19b7,37a17a1e8e579a630a65f5ed12aa70580ac47c063ac6c04891bf2bbabacc19b7
models/interp/work_tt_pinn_co_interp_final_r1f_std/figures/FINAL-10_dev_operational_series.svg,results/frozen/interpolative/CO/tt_pinn/final/figures/FINAL-10_dev_operational_series.svg,CAMPAIGN_FIGURES,verbatim copy,53593,53593,33f4b52592468bb93144da68d25a87c7add17ab76e010f21a1f8f2a357bd59c2,33f4b52592468bb93144da68d25a87c7add17ab76e010f21a1f8f2a357bd59c2
models/interp/work_tt_pinn_co_interp_final_r1f_std/figures/FINAL-11_test_operational_series.png,results/frozen/interpolative/CO/tt_pinn/final/figures/FINAL-11_test_operational_series.png,CAMPAIGN_FIGURES,verbatim copy,247507,247507,932db04f8711b21ebf73dfa8e756665d37a86c2bec3d4e3362ca2a71a8d6feec,932db04f8711b21ebf73dfa8e756665d37a86c2bec3d4e3362ca2a71a8d6feec
models/interp/work_tt_pinn_co_interp_final_r1f_std/figures/FINAL-11_test_operational_series.svg,results/frozen/interpolative/CO/tt_pinn/final/figures/FINAL-11_test_operational_series.svg,CAMPAIGN_FIGURES,verbatim copy,49255,49255,c16c7a9d77de54a556b9d2cdc387515eda689b7dd1b8f70892f46448b7c0ddb3,c16c7a9d77de54a556b9d2cdc387515eda689b7dd1b8f70892f46448b7c0ddb3
models/interp/work_tt_pinn_co_interp_final_r1f_std/figures/FINAL-12_test_residual_vs_CDP.png,results/frozen/interpolative/CO/tt_pinn/final/figures/FINAL-12_test_residual_vs_CDP.png,CAMPAIGN_FIGURES,verbatim copy,264275,264275,8c17024f7e93c1a9444e24e9b4f6b5dd7d14b128a53810d2af62ff0f51eac2d0,8c17024f7e93c1a9444e24e9b4f6b5dd7d14b128a53810d2af62ff0f51eac2d0
models/interp/work_tt_pinn_co_interp_final_r1f_std/figures/FINAL-12_test_residual_vs_CDP.svg,results/frozen/interpolative/CO/tt_pinn/final/figures/FINAL-12_test_residual_vs_CDP.svg,CAMPAIGN_FIGURES,verbatim copy,1068285,1068285,db9a80a8bf52b43d92d6c0547dfa582610e4a1a0800b0b34fcf60fa179bb19ae,db9a80a8bf52b43d92d6c0547dfa582610e4a1a0800b0b34fcf60fa179bb19ae
models/interp/work_tt_pinn_co_interp_final_r1f_std/figures/FINAL-13_test_residual_diagnostics.png,results/frozen/interpolative/CO/tt_pinn/final/figures/FINAL-13_test_residual_diagnostics.png,CAMPAIGN_FIGURES,verbatim copy,215500,215500,64841b8f1436d77b575c011534b26960fcc922f2f18dab8d04b2a0214ffc6629,64841b8f1436d77b575c011534b26960fcc922f2f18dab8d04b2a0214ffc6629
models/interp/work_tt_pinn_co_interp_final_r1f_std/figures/FINAL-13_test_residual_diagnostics.svg,results/frozen/interpolative/CO/tt_pinn/final/figures/FINAL-13_test_residual_diagnostics.svg,CAMPAIGN_FIGURES,verbatim copy,1088427,1088427,1722abd9077b93888646104bd2da14d777866d5b5a199085b55316132722b9e9,1722abd9077b93888646104bd2da14d777866d5b5a199085b55316132722b9e9
models/interp/work_tt_pinn_co_interp_final_r1f_std/figures/SUPPLEMENTAL-01_dense_vs_tt_parity_CO_TT_R1F_STD.png,results/frozen/interpolative/CO/tt_pinn/final/figures/SUPPLEMENTAL-01_dense_vs_tt_parity_CO_TT_R1F_STD.png,CAMPAIGN_FIGURES,verbatim copy,242577,242577,b98b604f91a663dc7602bab4a0df520289c3bd925bbb7d5d7db3791ab29a77d2,b98b604f91a663dc7602bab4a0df520289c3bd925bbb7d5d7db3791ab29a77d2
models/interp/work_tt_pinn_co_interp_final_r1f_std/figures/SUPPLEMENTAL-01_dense_vs_tt_parity_CO_TT_R1F_STD.svg,results/frozen/interpolative/CO/tt_pinn/final/figures/SUPPLEMENTAL-01_dense_vs_tt_parity_CO_TT_R1F_STD.svg,CAMPAIGN_FIGURES,verbatim copy,140330,140330,d5d0b2136ec39f654387dd81aef1d8aaa19eac7f6862bbf9b2a06d434e489014,d5d0b2136ec39f654387dd81aef1d8aaa19eac7f6862bbf9b2a06d434e489014
models/interp/work_tt_pinn_co_interp_final_r1f_std/figures/SUPPLEMENTAL-02_paired_absolute_error_CO_TT_R1F_STD.png,results/frozen/interpolative/CO/tt_pinn/final/figures/SUPPLEMENTAL-02_paired_absolute_error_CO_TT_R1F_STD.png,CAMPAIGN_FIGURES,verbatim copy,127875,127875,faa6bfd1659a70f7a5b552b9d3526500cb106e1d921d36bebb56ce5f49cffd26,faa6bfd1659a70f7a5b552b9d3526500cb106e1d921d36bebb56ce5f49cffd26
models/interp/work_tt_pinn_co_interp_final_r1f_std/figures/SUPPLEMENTAL-02_paired_absolute_error_CO_TT_R1F_STD.svg,results/frozen/interpolative/CO/tt_pinn/final/figures/SUPPLEMENTAL-02_paired_absolute_error_CO_TT_R1F_STD.svg,CAMPAIGN_FIGURES,verbatim copy,81454,81454,6cae962af35a9395d09780a4304a895a2f0550ed3c49884f0bbc920551651509,6cae962af35a9395d09780a4304a895a2f0550ed3c49884f0bbc920551651509
models/interp/work_tt_pinn_co_interp_final_r1f_std/reports/TECHNICAL_REPORT_CO_TT_R1F_STD.md,results/frozen/interpolative/CO/tt_pinn/final/reports/TECHNICAL_REPORT_CO_TT_R1F_STD.md,CAMPAIGN_REPORTS,verbatim copy,3094,3094,8b5f909ac7d9b783412f1460b4bf3bbb4551471255930dc05a39e5afcac89a52,8b5f909ac7d9b783412f1460b4bf3bbb4551471255930dc05a39e5afcac89a52
models/interp/work_tt_pinn_co_interp_final_r1f_std/tables/ARTIFACT_HASHES_CO_TT_R1F_STD.csv,results/frozen/interpolative/CO/tt_pinn/final/tables/ARTIFACT_HASHES_CO_TT_R1F_STD.csv,SUPPORTING_RESULT,verbatim copy,7223,7223,3e73657778dd4c4d05b5ef0b66b6d08a08524ed93d1b22f72756c19a746dbe31,3e73657778dd4c4d05b5ef0b66b6d08a08524ed93d1b22f72756c19a746dbe31
models/interp/work_tt_pinn_co_interp_final_r1f_std/tables/DENSE_VS_TT_COMPARISON_CO_TT_R1F_STD.csv,results/frozen/interpolative/CO/tt_pinn/final/tables/DENSE_VS_TT_COMPARISON_CO_TT_R1F_STD.csv,SUPPORTING_RESULT,verbatim copy,405,405,e1d5cc41dcb656bda5c9002ab066e6f853095c7ee2c2f8c8664bfb659bd4ae2b,e1d5cc41dcb656bda5c9002ab066e6f853095c7ee2c2f8c8664bfb659bd4ae2b
models/interp/work_tt_pinn_co_interp_final_r1f_std/tables/DEV_PREDICTIONS_CO_TT_R1F_STD.csv,results/frozen/interpolative/CO/tt_pinn/final/tables/DEV_PREDICTIONS_CO_TT_R1F_STD.csv,SUPPORTING_RESULT,verbatim copy,2110817,2110817,55548db8c4b9c1842bd5214ef50821d3be4282cc26d3748a1d77b8759668cfc0,55548db8c4b9c1842bd5214ef50821d3be4282cc26d3748a1d77b8759668cfc0
models/interp/work_tt_pinn_co_interp_final_r1f_std/tables/FINAL_METRICS_CO_TT_R1F_STD.csv,results/frozen/interpolative/CO/tt_pinn/final/tables/FINAL_METRICS_CO_TT_R1F_STD.csv,SUPPORTING_RESULT,verbatim copy,598,598,7a9b20cbc2004f589ac67b3248f296969e4e104b669df489c5e48d8a064aea59,7a9b20cbc2004f589ac67b3248f296969e4e104b669df489c5e48d8a064aea59
models/interp/work_tt_pinn_co_interp_final_r1f_std/tables/FINAL_TRAINING_SUMMARY_CO_TT_R1F_STD.csv,results/frozen/interpolative/CO/tt_pinn/final/tables/FINAL_TRAINING_SUMMARY_CO_TT_R1F_STD.csv,SUPPORTING_RESULT,verbatim copy,503,503,2a8c66865df6989c7d7e5648ba75ff75b85704659141ac77a9e5c96ef8f87315,2a8c66865df6989c7d7e5648ba75ff75b85704659141ac77a9e5c96ef8f87315
models/interp/work_tt_pinn_co_interp_final_r1f_std/tables/NON_INFERIORITY_AUDIT_CO_TT_R1F_STD.csv,results/frozen/interpolative/CO/tt_pinn/final/tables/NON_INFERIORITY_AUDIT_CO_TT_R1F_STD.csv,SUPPORTING_RESULT,verbatim copy,262,262,624920fb0819dc13731156608bebc7e5b46edb7d55c7cdfed2747a6e827fc63a,624920fb0819dc13731156608bebc7e5b46edb7d55c7cdfed2747a6e827fc63a
models/interp/work_tt_pinn_co_interp_final_r1f_std/tables/PAIRED_TEST_PREDICTIONS_CO_TT_R1F_STD.csv,results/frozen/interpolative/CO/tt_pinn/final/tables/PAIRED_TEST_PREDICTIONS_CO_TT_R1F_STD.csv,SUPPORTING_RESULT,verbatim copy,710745,710745,35a77cecdffb6e64443fed7fea565cc21708a185b19aad71268814472f4f0721,35a77cecdffb6e64443fed7fea565cc21708a185b19aad71268814472f4f0721
models/interp/work_tt_pinn_co_interp_final_r1f_std/tables/PHYSICAL_PDP_CDP_CO_TT_R1F_STD.csv,results/frozen/interpolative/CO/tt_pinn/final/tables/PHYSICAL_PDP_CDP_CO_TT_R1F_STD.csv,SUPPORTING_RESULT,verbatim copy,3387,3387,c08d32f014b6b4c6a14ab2ed9da648165a7e8f6522723cdc706e6a7cf0cd8e53,c08d32f014b6b4c6a14ab2ed9da648165a7e8f6522723cdc706e6a7cf0cd8e53
models/interp/work_tt_pinn_co_interp_final_r1f_std/tables/PHYSICS_AUDIT_CO_TT_R1F_STD.csv,results/frozen/interpolative/CO/tt_pinn/final/tables/PHYSICS_AUDIT_CO_TT_R1F_STD.csv,SUPPORTING_RESULT,verbatim copy,762,762,e4047782d98bc82bfb03111316916a8c35c2de069654a62f6fe4ca5b9a2a9822,e4047782d98bc82bfb03111316916a8c35c2de069654a62f6fe4ca5b9a2a9822
models/interp/work_tt_pinn_co_interp_final_r1f_std/tables/RESOURCE_PROFILE_CO_TT_R1F_STD.csv,results/frozen/interpolative/CO/tt_pinn/final/tables/RESOURCE_PROFILE_CO_TT_R1F_STD.csv,SUPPORTING_RESULT,verbatim copy,435,435,7093cf82cd90b001acb39891a684e85218662d3381f010c40fb755502838acd8,7093cf82cd90b001acb39891a684e85218662d3381f010c40fb755502838acd8
models/interp/work_tt_pinn_co_interp_final_r1f_std/tables/TEST_PREDICTIONS_CO_TT_R1F_STD.csv,results/frozen/interpolative/CO/tt_pinn/final/tables/TEST_PREDICTIONS_CO_TT_R1F_STD.csv,SUPPORTING_RESULT,verbatim copy,583897,583897,40497616e6a3fdb842079d3b7f25846b8381ed039df1f5c6be09c3b28a108a6a,40497616e6a3fdb842079d3b7f25846b8381ed039df1f5c6be09c3b28a108a6a
models/interp/work_tt_pinn_co_interp_final_r1f_std/tables/TRAINING_HISTORY_CO_TT_R1F_STD.csv,results/frozen/interpolative/CO/tt_pinn/final/tables/TRAINING_HISTORY_CO_TT_R1F_STD.csv,SUPPORTING_RESULT,verbatim copy,8111,8111,65a7c0be1f714a304315936490a755fe1e822ba36ff4d42ec2c78cddab1a3f4d,65a7c0be1f714a304315936490a755fe1e822ba36ff4d42ec2c78cddab1a3f4d
models/interp/work_tt_pinn_co_interp_final_r1f_std/tables/TT_RANK_STORAGE_BUDGET_CO_TT_R1F_STD.csv,results/frozen/interpolative/CO/tt_pinn/final/tables/TT_RANK_STORAGE_BUDGET_CO_TT_R1F_STD.csv,SUPPORTING_RESULT,verbatim copy,4793,4793,57815f2c5fc5eef3944a25688bc0a08efd75e1b11a0e363545cfd2e19c08940a,57815f2c5fc5eef3944a25688bc0a08efd75e1b11a0e363545cfd2e19c08940a
models/interp/work_xgboost_co_interp_final_r1f_std/audit/ENVIRONMENT_XGBOOST_CO_FINAL_R1F_STD.json,results/frozen/interpolative/CO/xgboost/final/audit/ENVIRONMENT_XGBOOST_CO_FINAL_R1F_STD.json,REPRODUCIBILITY_ARTIFACT,verbatim copy,453,453,7799e493a5400bc6b00c0fda2f949fd4aca173fdaadbe2188a1a9fb4b540f904,7799e493a5400bc6b00c0fda2f949fd4aca173fdaadbe2188a1a9fb4b540f904
models/interp/work_xgboost_co_interp_final_r1f_std/audit/HASHES_XGBOOST_CO_INTERP_FINAL_R1F_STD.csv,results/frozen/interpolative/CO/xgboost/final/audit/HASHES_XGBOOST_CO_INTERP_FINAL_R1F_STD.csv,REPRODUCIBILITY_ARTIFACT,verbatim copy,5195,5195,0b88141cc21c08d7fbd0492c7afa2cfb222431ccb696379af27728b46e5c30ab,0b88141cc21c08d7fbd0492c7afa2cfb222431ccb696379af27728b46e5c30ab
models/interp/work_xgboost_co_interp_final_r1f_std/audit/PRE_TEST_GATE_R1F_STD.json,results/frozen/interpolative/CO/xgboost/final/audit/PRE_TEST_GATE_R1F_STD.json,REPRODUCIBILITY_ARTIFACT,verbatim copy,2935,2935,eda96fda840715d3c63176b38690eb8799bf4490dca3a259c44023331474c8e2,eda96fda840715d3c63176b38690eb8799bf4490dca3a259c44023331474c8e2
models/interp/work_xgboost_co_interp_final_r1f_std/audit/TARGET_ACCESS_AUDIT_PRE_TEST_R1F_STD.json,results/frozen/interpolative/CO/xgboost/final/audit/TARGET_ACCESS_AUDIT_PRE_TEST_R1F_STD.json,REPRODUCIBILITY_ARTIFACT,verbatim copy,252,252,c5f549571012f22507f65eefef324b2820a92398c1347e195aef260399511ced,c5f549571012f22507f65eefef324b2820a92398c1347e195aef260399511ced
models/interp/work_xgboost_co_interp_final_r1f_std/audit/TEST_ACCESS_AUDIT_R1F_STD.json,results/frozen/interpolative/CO/xgboost/final/audit/TEST_ACCESS_AUDIT_R1F_STD.json,REPRODUCIBILITY_ARTIFACT,verbatim copy,358,358,1dd37e0781edf675f47f3b8a03f99b21237d88278128c5094eb21dc801ee803c,1dd37e0781edf675f47f3b8a03f99b21237d88278128c5094eb21dc801ee803c
models/interp/work_xgboost_co_interp_final_r1f_std/figures/summary/05_r2_por_semilla.png,results/frozen/interpolative/CO/xgboost/final/figures/summary/05_r2_por_semilla.png,CAMPAIGN_FIGURES,verbatim copy,35015,35015,c79a792b3d3deed2b6a409fd800e723784cee7d609969937362ab1a6fe29a221,c79a792b3d3deed2b6a409fd800e723784cee7d609969937362ab1a6fe29a221
models/interp/work_xgboost_co_interp_final_r1f_std/figures/summary/06_rmse_por_decil.png,results/frozen/interpolative/CO/xgboost/final/figures/summary/06_rmse_por_decil.png,CAMPAIGN_FIGURES,verbatim copy,30923,30923,f039954a19547b8ac86209c1d4ab0430eee79291eb87a9e4229c0553b5685333,f039954a19547b8ac86209c1d4ab0430eee79291eb87a9e4229c0553b5685333
models/interp/work_xgboost_co_interp_final_r1f_std/figures/summary/07_importancia_gain_seed42.png,results/frozen/interpolative/CO/xgboost/final/figures/summary/07_importancia_gain_seed42.png,CAMPAIGN_FIGURES,verbatim copy,27074,27074,82e7cd271766a20647a5598b25507c45b926f6b11235ae4d613c6732a4dc56fc,82e7cd271766a20647a5598b25507c45b926f6b11235ae4d613c6732a4dc56fc
models/interp/work_xgboost_co_interp_final_r1f_std/figures/test/01_paridad_ensamble_test.png,results/frozen/interpolative/CO/xgboost/final/figures/test/01_paridad_ensamble_test.png,CAMPAIGN_FIGURES,verbatim copy,197942,197942,7d0f2ae112f997e21eb7877dcb647b092a2b9ffa0e69a1873cb751adebb21fcb,7d0f2ae112f997e21eb7877dcb647b092a2b9ffa0e69a1873cb751adebb21fcb
models/interp/work_xgboost_co_interp_final_r1f_std/figures/test/02_serie_ensamble_DEV.png,results/frozen/interpolative/CO/xgboost/final/figures/test/02_serie_ensamble_DEV.png,CAMPAIGN_FIGURES,verbatim copy,215621,215621,c268e1fa7593bf2b7ad424f38fefd729b37b5a7ff5233dd8a32636998dfe0c53,c268e1fa7593bf2b7ad424f38fefd729b37b5a7ff5233dd8a32636998dfe0c53
models/interp/work_xgboost_co_interp_final_r1f_std/figures/test/02_serie_ensamble_test.png,results/frozen/interpolative/CO/xgboost/final/figures/test/02_serie_ensamble_test.png,CAMPAIGN_FIGURES,verbatim copy,192737,192737,893b40d784541f1af1a736f62c167cdc5bcbd048a8d14d7d70cdcff126b6d287,893b40d784541f1af1a736f62c167cdc5bcbd048a8d14d7d70cdcff126b6d287
models/interp/work_xgboost_co_interp_final_r1f_std/figures/test/03_diagnostico_residuales_test.png,results/frozen/interpolative/CO/xgboost/final/figures/test/03_diagnostico_residuales_test.png,CAMPAIGN_FIGURES,verbatim copy,135054,135054,cca5e6836068f4d65a48088d37e14886fdc655578e7851f9bcd1d91a5c32bfd3,cca5e6836068f4d65a48088d37e14886fdc655578e7851f9bcd1d91a5c32bfd3
models/interp/work_xgboost_co_interp_final_r1f_std/figures/test/04_residuales_variables_operativas.png,results/frozen/interpolative/CO/xgboost/final/figures/test/04_residuales_variables_operativas.png,CAMPAIGN_FIGURES,verbatim copy,489489,489489,490f007d0724f25c68bd750c264ab7ac678e8413a169ca054def775f4148fdc7,490f007d0724f25c68bd750c264ab7ac678e8413a169ca054def775f4148fdc7
models/interp/work_xgboost_co_interp_final_r1f_std/reports/INFORME_TECNICO_XGBOOST_CO_INTERP_FINAL_R1F_STD.md,results/frozen/interpolative/CO/xgboost/final/reports/INFORME_TECNICO_XGBOOST_CO_INTERP_FINAL_R1F_STD.md,CAMPAIGN_REPORTS,verbatim copy,1340,1340,6c6cc03e4b6caff9343a79409c4f7d088b21d5744bfc9175b9ca66aba21f81c0,6c6cc03e4b6caff9343a79409c4f7d088b21d5744bfc9175b9ca66aba21f81c0
models/interp/work_xgboost_co_interp_final_r1f_std/MANIFEST_XGBOOST_CO_INTERP_FINAL_R1F_STD.json,results/frozen/interpolative/CO/xgboost/final/state/MANIFEST_XGBOOST_CO_INTERP_FINAL_R1F_STD.json,CAMPAIGN_STATE_OR_MANIFEST,verbatim copy,12020,12020,e60221c15936b7befb0a98e77ad83cb81a25e8fd720a04fa1ea4aa46c214dbe0,e60221c15936b7befb0a98e77ad83cb81a25e8fd720a04fa1ea4aa46c214dbe0
models/interp/work_xgboost_co_interp_final_r1f_std/tables/computational_footprint.csv,results/frozen/interpolative/CO/xgboost/final/tables/computational_footprint.csv,SUPPORTING_RESULT,verbatim copy,1272,1272,f3c87c501d65fceaddedac37361af8202d496102e641610539bd79e7dda40f3b,f3c87c501d65fceaddedac37361af8202d496102e641610539bd79e7dda40f3b
models/interp/work_xgboost_co_interp_final_r1f_std/tables/computational_footprint.json,results/frozen/interpolative/CO/xgboost/final/tables/computational_footprint.json,SUPPORTING_RESULT,verbatim copy,1537,1537,a6b89b327f7b6473a1c022a408d90b5be5458514a962c20b2418b5be24379402,a6b89b327f7b6473a1c022a408d90b5be5458514a962c20b2418b5be24379402
models/interp/work_xgboost_co_interp_final_r1f_std/tables/feature_importance_gain_seed42.csv,results/frozen/interpolative/CO/xgboost/final/tables/feature_importance_gain_seed42.csv,SUPPORTING_RESULT,verbatim copy,227,227,96a662430e5efb8af22e9632ed57475dee8a6a71437baa84c215750322da9e6a,96a662430e5efb8af22e9632ed57475dee8a6a71437baa84c215750322da9e6a
models/interp/work_xgboost_co_interp_final_r1f_std/tables/model_complexity.csv,results/frozen/interpolative/CO/xgboost/final/tables/model_complexity.csv,SUPPORTING_RESULT,verbatim copy,1272,1272,f3c87c501d65fceaddedac37361af8202d496102e641610539bd79e7dda40f3b,f3c87c501d65fceaddedac37361af8202d496102e641610539bd79e7dda40f3b
models/interp/work_xgboost_co_interp_final_r1f_std/tables/test_metrics_by_decile.csv,results/frozen/interpolative/CO/xgboost/final/tables/test_metrics_by_decile.csv,SUPPORTING_RESULT,verbatim copy,1822,1822,1ccbbe870f97f76e0dfd70d461e016d4c11cfe283cdd104f1c13c55939298a0b,1ccbbe870f97f76e0dfd70d461e016d4c11cfe283cdd104f1c13c55939298a0b
models/interp/work_xgboost_co_interp_final_r1f_std/tables/test_metrics_by_seed.csv,results/frozen/interpolative/CO/xgboost/final/tables/test_metrics_by_seed.csv,SUPPORTING_RESULT,verbatim copy,1590,1590,cb71ce2d87abbd88efda8e88d7f3278a4b2ae67b412ebcc929f5523cdf7a96f5,cb71ce2d87abbd88efda8e88d7f3278a4b2ae67b412ebcc929f5523cdf7a96f5
models/interp/work_xgboost_co_interp_final_r1f_std/tables/test_metrics_ensemble.json,results/frozen/interpolative/CO/xgboost/final/tables/test_metrics_ensemble.json,SUPPORTING_RESULT,verbatim copy,299,299,0c5087871b86a23188ad3871691c0a20d2e0ebbf2ed2363ec861c4152b8c3ecf,0c5087871b86a23188ad3871691c0a20d2e0ebbf2ed2363ec861c4152b8c3ecf
models/interp/work_xgboost_co_interp_final_r1f_std/tables/test_predictions.csv,results/frozen/interpolative/CO/xgboost/final/tables/test_predictions.csv,SUPPORTING_RESULT,verbatim copy,1723961,1723961,4d5a44f93c1b5f151231081e0ba54725486d1fa934707b23b47fa19b2a7282ee,4d5a44f93c1b5f151231081e0ba54725486d1fa934707b23b47fa19b2a7282ee
models/interp/work_xgboost_co_interp_final_r1f_std/tables/test_summary_multiseed.csv,results/frozen/interpolative/CO/xgboost/final/tables/test_summary_multiseed.csv,SUPPORTING_RESULT,verbatim copy,969,969,c2ccf11db914585db48ae65be13b22fe1c9c78b17d0c921fa4050f5dbef1f7b1,c2ccf11db914585db48ae65be13b22fe1c9c78b17d0c921fa4050f5dbef1f7b1
models/interp/work_xgboost_co_interp_final_r1f_std/tables/training_summary_by_seed.csv,results/frozen/interpolative/CO/xgboost/final/tables/training_summary_by_seed.csv,SUPPORTING_RESULT,verbatim copy,1130,1130,0afae3171baf4fc42767efd302dbcdecad53d0141538696b72fc2ce4581c2d6c,0afae3171baf4fc42767efd302dbcdecad53d0141538696b72fc2ce4581c2d6c
models/interp/work_xgboost_co_interp_opt_r1_poc_efficient/audit/ENVIRONMENT_XGBOOST_CO_INTERP_R1.json,results/frozen/interpolative/CO/xgboost/optimization/audit/ENVIRONMENT_XGBOOST_CO_INTERP_R1.json,REPRODUCIBILITY_ARTIFACT,verbatim copy,545,545,3541bca1cdc5790aed3e37eaf927ef79f69d9b5c23507e4b0d8c6884bdd96386,3541bca1cdc5790aed3e37eaf927ef79f69d9b5c23507e4b0d8c6884bdd96386
models/interp/work_xgboost_co_interp_opt_r1_poc_efficient/audit/HASHES_XGBOOST_CO_INTERP_OPT_R1.csv,results/frozen/interpolative/CO/xgboost/optimization/audit/HASHES_XGBOOST_CO_INTERP_OPT_R1.csv,REPRODUCIBILITY_ARTIFACT,verbatim copy,2945,2945,f5b96a4564b3959cef6343556ac55a48b5e3886a89b9714039fdb1afd8b9090f,f5b96a4564b3959cef6343556ac55a48b5e3886a89b9714039fdb1afd8b9090f
models/interp/work_xgboost_co_interp_opt_r1_poc_efficient/audit/PROTOCOL_INPUT_HASHES_XGBOOST_CO_R1.csv,results/frozen/interpolative/CO/xgboost/optimization/audit/PROTOCOL_INPUT_HASHES_XGBOOST_CO_R1.csv,REPRODUCIBILITY_ARTIFACT,verbatim copy,788,788,68532cbb2a36ad1f77b552e50bb3d22306b60eec867c95c69bb1ef7886221d26,68532cbb2a36ad1f77b552e50bb3d22306b60eec867c95c69bb1ef7886221d26
models/interp/work_xgboost_co_interp_opt_r1_poc_efficient/audit/TARGET_ACCESS_AUDIT_XGBOOST_CO_R1.json,results/frozen/interpolative/CO/xgboost/optimization/audit/TARGET_ACCESS_AUDIT_XGBOOST_CO_R1.json,REPRODUCIBILITY_ARTIFACT,verbatim copy,1064,1064,83405c20337d724f2e3ac8c9b72891870c2a5bc26a4fc0f0949c29c6ca2fb77e,83405c20337d724f2e3ac8c9b72891870c2a5bc26a4fc0f0949c29c6ca2fb77e
models/interp/work_xgboost_co_interp_opt_r1_poc_efficient/figures/01_historia_optuna_dev.png,results/frozen/interpolative/CO/xgboost/optimization/figures/01_historia_optuna_dev.png,CAMPAIGN_FIGURES,verbatim copy,94676,94676,36eb7e96f23a68f0e066ecd86145fcd179b305a1ff8701905d11d489027b923d,36eb7e96f23a68f0e066ecd86145fcd179b305a1ff8701905d11d489027b923d
models/interp/work_xgboost_co_interp_opt_r1_poc_efficient/figures/02_robustez_candidatos_dev.png,results/frozen/interpolative/CO/xgboost/optimization/figures/02_robustez_candidatos_dev.png,CAMPAIGN_FIGURES,verbatim copy,63034,63034,ccfc7b837efea66f5cc9e72f2ab8f5449a94e968ad057164cffe75f500de2265,ccfc7b837efea66f5cc9e72f2ab8f5449a94e968ad057164cffe75f500de2265
models/interp/work_xgboost_co_interp_opt_r1_poc_efficient/figures/03_rondas_finales_dev.png,results/frozen/interpolative/CO/xgboost/optimization/figures/03_rondas_finales_dev.png,CAMPAIGN_FIGURES,verbatim copy,30362,30362,9f1b247f68d03c7f09a2d50a0ca7a9b63ca912c130ef158adc3bf958ab863072,9f1b247f68d03c7f09a2d50a0ca7a9b63ca912c130ef158adc3bf958ab863072
models/interp/work_xgboost_co_interp_opt_r1_poc_efficient/reports/HANDOFF_XGBOOST_CO_OPT_TO_FINAL_R1.json,results/frozen/interpolative/CO/xgboost/optimization/reports/HANDOFF_XGBOOST_CO_OPT_TO_FINAL_R1.json,CAMPAIGN_REPORTS,verbatim copy,601,601,0ed3ed166212e946e1d36226d784fc0d9c6382cdb0fa480fd47f8ce5b55ac9d5,0ed3ed166212e946e1d36226d784fc0d9c6382cdb0fa480fd47f8ce5b55ac9d5
models/interp/work_xgboost_co_interp_opt_r1_poc_efficient/reports/INFORME_TECNICO_XGBOOST_CO_INTERP_OPT_R1.md,results/frozen/interpolative/CO/xgboost/optimization/reports/INFORME_TECNICO_XGBOOST_CO_INTERP_OPT_R1.md,CAMPAIGN_REPORTS,verbatim copy,507,507,27907e1fde5e88a789a7f3123b23b7dcffb30299d4f30cb786fc185812995899,27907e1fde5e88a789a7f3123b23b7dcffb30299d4f30cb786fc185812995899
models/interp/work_xgboost_co_interp_opt_r1_poc_efficient/tables/ANCHOR_FOLDS_XGBOOST_CO_R1.csv,results/frozen/interpolative/CO/xgboost/optimization/tables/ANCHOR_FOLDS_XGBOOST_CO_R1.csv,SUPPORTING_RESULT,verbatim copy,9867,9867,9af05da7c6636391b6e9427682fd5bcd6b1992be4a8c8becc42d782a3ccece00,9af05da7c6636391b6e9427682fd5bcd6b1992be4a8c8becc42d782a3ccece00
models/interp/work_xgboost_co_interp_opt_r1_poc_efficient/tables/ANCHOR_SUMMARY_XGBOOST_CO_R1.csv,results/frozen/interpolative/CO/xgboost/optimization/tables/ANCHOR_SUMMARY_XGBOOST_CO_R1.csv,SUPPORTING_RESULT,verbatim copy,2508,2508,73d8ea2aa6141ea4bab0e5c747ccac990e786881fbce8309b905607f5f873dad,73d8ea2aa6141ea4bab0e5c747ccac990e786881fbce8309b905607f5f873dad
models/interp/work_xgboost_co_interp_opt_r1_poc_efficient/tables/CONFIRMATION_EXTENSION_FOLDS_XGBOOST_CO_R1.csv,results/frozen/interpolative/CO/xgboost/optimization/tables/CONFIRMATION_EXTENSION_FOLDS_XGBOOST_CO_R1.csv,SUPPORTING_RESULT,verbatim copy,4949,4949,9e9b0ca4b14e349166656d4eafb423b7a7ab26823cd32805504f66b3fa793626,9e9b0ca4b14e349166656d4eafb423b7a7ab26823cd32805504f66b3fa793626
models/interp/work_xgboost_co_interp_opt_r1_poc_efficient/tables/CONFIRMATION_EXTENSION_SUMMARY_XGBOOST_CO_R1.csv,results/frozen/interpolative/CO/xgboost/optimization/tables/CONFIRMATION_EXTENSION_SUMMARY_XGBOOST_CO_R1.csv,SUPPORTING_RESULT,verbatim copy,1081,1081,0841b9a9b4ccc85a3c9d3a44f086b970bff64a4b5c389942bd8772c650ba015c,0841b9a9b4ccc85a3c9d3a44f086b970bff64a4b5c389942bd8772c650ba015c
models/interp/work_xgboost_co_interp_opt_r1_poc_efficient/tables/CONFIRMATION_FINAL_FOLDS_XGBOOST_CO_R1.csv,results/frozen/interpolative/CO/xgboost/optimization/tables/CONFIRMATION_FINAL_FOLDS_XGBOOST_CO_R1.csv,SUPPORTING_RESULT,verbatim copy,12052,12052,18f746b7a5a309b1d27442d2f40f17e40ab6c80cff21d486cc47b58b6b9ddb35,18f746b7a5a309b1d27442d2f40f17e40ab6c80cff21d486cc47b58b6b9ddb35
models/interp/work_xgboost_co_interp_opt_r1_poc_efficient/tables/CONFIRMATION_FINAL_RANKING_XGBOOST_CO_R1.csv,results/frozen/interpolative/CO/xgboost/optimization/tables/CONFIRMATION_FINAL_RANKING_XGBOOST_CO_R1.csv,SUPPORTING_RESULT,verbatim copy,522,522,6a883e3f69d819f29e2917add18c01b6227ce6dc2d1282705bf43102ba792d2d,6a883e3f69d819f29e2917add18c01b6227ce6dc2d1282705bf43102ba792d2d
models/interp/work_xgboost_co_interp_opt_r1_poc_efficient/tables/CONFIRMATION_SCREENING_FOLDS_XGBOOST_CO_R1.csv,results/frozen/interpolative/CO/xgboost/optimization/tables/CONFIRMATION_SCREENING_FOLDS_XGBOOST_CO_R1.csv,SUPPORTING_RESULT,verbatim copy,10789,10789,93b600d38c8fc9c0c8ac12347589106e35a738fd75ddaff86db5d6282cfea75d,93b600d38c8fc9c0c8ac12347589106e35a738fd75ddaff86db5d6282cfea75d
models/interp/work_xgboost_co_interp_opt_r1_poc_efficient/tables/CONFIRMATION_SCREENING_SUMMARY_XGBOOST_CO_R1.csv,results/frozen/interpolative/CO/xgboost/optimization/tables/CONFIRMATION_SCREENING_SUMMARY_XGBOOST_CO_R1.csv,SUPPORTING_RESULT,verbatim copy,2149,2149,654b1c13baeefcd363804832e739559d0dde3d144723c1ac207d53e741d27a80,654b1c13baeefcd363804832e739559d0dde3d144723c1ac207d53e741d27a80
models/interp/work_xgboost_co_interp_opt_r1_poc_efficient/tables/DEVELOPMENT_RANKING_XGBOOST_CO_R1.csv,results/frozen/interpolative/CO/xgboost/optimization/tables/DEVELOPMENT_RANKING_XGBOOST_CO_R1.csv,SUPPORTING_RESULT,verbatim copy,16380,16380,91fc15c6c59f6e7782257c6dc0f6ce0445ac4e3dd03a497b8433571e158840a4,91fc15c6c59f6e7782257c6dc0f6ce0445ac4e3dd03a497b8433571e158840a4
models/interp/work_xgboost_co_interp_opt_r1_poc_efficient/tables/FOLD_RECONSTRUCTION_XGBOOST_CO_R1.csv,results/frozen/interpolative/CO/xgboost/optimization/tables/FOLD_RECONSTRUCTION_XGBOOST_CO_R1.csv,SUPPORTING_RESULT,verbatim copy,163,163,c85704da133133e5776d3e653e92f36e744939ca49d80de402bb3c9648f3b496,c85704da133133e5776d3e653e92f36e744939ca49d80de402bb3c9648f3b496
models/interp/work_xgboost_co_interp_opt_r1_poc_efficient/tables/OPTUNA_FOLDS_XGBOOST_CO_R1.csv,results/frozen/interpolative/CO/xgboost/optimization/tables/OPTUNA_FOLDS_XGBOOST_CO_R1.csv,SUPPORTING_RESULT,verbatim copy,34780,34780,a319faa83c4c4484cdf25f85cd2a1f493ca618b19035ff588f490334d9edd57a,a319faa83c4c4484cdf25f85cd2a1f493ca618b19035ff588f490334d9edd57a
models/interp/work_xgboost_co_interp_opt_r1_poc_efficient/tables/OPTUNA_TRIALS_XGBOOST_CO_R1.csv,results/frozen/interpolative/CO/xgboost/optimization/tables/OPTUNA_TRIALS_XGBOOST_CO_R1.csv,SUPPORTING_RESULT,verbatim copy,15138,15138,8e813e838bf9706c1c31cc471ecfa3311d4d67437bc89ff39c3acc6fe66abc43,8e813e838bf9706c1c31cc471ecfa3311d4d67437bc89ff39c3acc6fe66abc43
models/interp/work_xgboost_co_interp_opt_r1_poc_efficient/tables/STOP_HISTORY_XGBOOST_CO_R1.csv,results/frozen/interpolative/CO/xgboost/optimization/tables/STOP_HISTORY_XGBOOST_CO_R1.csv,SUPPORTING_RESULT,verbatim copy,181,181,3970025590378166ebe223078cddb0a2a25b2035c1bd145aa1172575cbbb339e,3970025590378166ebe223078cddb0a2a25b2035c1bd145aa1172575cbbb339e
models/interp/work_pinn_nox_interp_final_r6f_std/audit/ARTIFACT_HASHES_NOX_R6F_STD.csv,results/frozen/interpolative/NOx/dense_pinn/final/audit/ARTIFACT_HASHES_NOX_R6F_STD.csv,REPRODUCIBILITY_ARTIFACT,verbatim copy,6439,6439,72b9284a38f3b4e3731d09fcf2e31c46526b10fd232970e0ccd57d5a84840e32,72b9284a38f3b4e3731d09fcf2e31c46526b10fd232970e0ccd57d5a84840e32
models/interp/work_pinn_nox_interp_final_r6f_std/audit/ENVIRONMENT_NOX_INTERP_FINAL_R6F_STD.json,results/frozen/interpolative/NOx/dense_pinn/final/audit/ENVIRONMENT_NOX_INTERP_FINAL_R6F_STD.json,REPRODUCIBILITY_ARTIFACT,verbatim copy,515,515,cb03bcfff4f1166bb76e7072075b6d200d42dc97c0dc061b02b812d526183485,cb03bcfff4f1166bb76e7072075b6d200d42dc97c0dc061b02b812d526183485
models/interp/work_pinn_nox_interp_final_r6f_std/audit/EVALUATION_DECISION_AUDIT_NOX_R6F_STD.json,results/frozen/interpolative/NOx/dense_pinn/final/audit/EVALUATION_DECISION_AUDIT_NOX_R6F_STD.json,REPRODUCIBILITY_ARTIFACT,verbatim copy,1577,1577,2b8014b4b2b6f0fcdf95c3de11e7a812998f089084b803c3c0139ddce7d1442c,2b8014b4b2b6f0fcdf95c3de11e7a812998f089084b803c3c0139ddce7d1442c
models/interp/work_pinn_nox_interp_final_r6f_std/audit/HANDOFF_HASH_CHECK_NOX_R6F_STD.csv,results/frozen/interpolative/NOx/dense_pinn/final/audit/HANDOFF_HASH_CHECK_NOX_R6F_STD.csv,REPRODUCIBILITY_ARTIFACT,verbatim copy,9091,9091,39345fea0f644e0886e6be1fec4a3c518380a1c356106dd225ed60233ee67df4,39345fea0f644e0886e6be1fec4a3c518380a1c356106dd225ed60233ee67df4
models/interp/work_pinn_nox_interp_final_r6f_std/audit/MODEL_RELOAD_EQUIVALENCE_NOX_R6F_STD.json,results/frozen/interpolative/NOx/dense_pinn/final/audit/MODEL_RELOAD_EQUIVALENCE_NOX_R6F_STD.json,REPRODUCIBILITY_ARTIFACT,verbatim copy,256,256,958e5c026fc966159622137df862e2265e9bf55f6eb11c94bb40aef365543252,958e5c026fc966159622137df862e2265e9bf55f6eb11c94bb40aef365543252
models/interp/work_pinn_nox_interp_final_r6f_std/audit/PRE_POST_TEST_HASH_AUDIT_NOX_R6F_STD.json,results/frozen/interpolative/NOx/dense_pinn/final/audit/PRE_POST_TEST_HASH_AUDIT_NOX_R6F_STD.json,REPRODUCIBILITY_ARTIFACT,verbatim copy,1017,1017,9bce458b51fa38913b80931411580e284e4f6b8b806c1ad3b896550e2bf1132b,9bce458b51fa38913b80931411580e284e4f6b8b806c1ad3b896550e2bf1132b
models/interp/work_pinn_nox_interp_final_r6f_std/audit/PRE_TEST_GATE_NOX_R6F_STD.json,results/frozen/interpolative/NOx/dense_pinn/final/audit/PRE_TEST_GATE_NOX_R6F_STD.json,REPRODUCIBILITY_ARTIFACT,verbatim copy,1386,1386,7888ff8b486c428f2d9c869b6629f434c2084ddf0fc1e6aa737a33bf58af4e6a,7888ff8b486c428f2d9c869b6629f434c2084ddf0fc1e6aa737a33bf58af4e6a
models/interp/work_pinn_nox_interp_final_r6f_std/audit/PRETRAINING_CHECKS_NOX_R6F_STD.csv,results/frozen/interpolative/NOx/dense_pinn/final/audit/PRETRAINING_CHECKS_NOX_R6F_STD.csv,REPRODUCIBILITY_ARTIFACT,verbatim copy,440,440,168d5a10fa8dedc4084b9d106697b19ed877a1e7621a07686b0c5d4387790be5,168d5a10fa8dedc4084b9d106697b19ed877a1e7621a07686b0c5d4387790be5
models/interp/work_pinn_nox_interp_final_r6f_std/audit/TARGET_ACCESS_AUDIT_PRE_TEST_NOX_R6F_STD.json,results/frozen/interpolative/NOx/dense_pinn/final/audit/TARGET_ACCESS_AUDIT_PRE_TEST_NOX_R6F_STD.json,REPRODUCIBILITY_ARTIFACT,verbatim copy,2226,2226,5be319a82ba143989a97f6ceb40bea26f71d2aa3bf6c964838f4d9119cd79ac1,5be319a82ba143989a97f6ceb40bea26f71d2aa3bf6c964838f4d9119cd79ac1
models/interp/work_pinn_nox_interp_final_r6f_std/audit/TEST_ACCESS_AUDIT_NOX_R6F_STD.json,results/frozen/interpolative/NOx/dense_pinn/final/audit/TEST_ACCESS_AUDIT_NOX_R6F_STD.json,REPRODUCIBILITY_ARTIFACT,verbatim copy,1913,1913,6459e1fb8ab4a153f3b9c6220562b1c7f566e5cde526858215508e7a3aff27be,6459e1fb8ab4a153f3b9c6220562b1c7f566e5cde526858215508e7a3aff27be
models/interp/work_pinn_nox_interp_final_r6f_std/audit/TEST_ACCESS_LEDGER_NOX_R6F_STD.json,results/frozen/interpolative/NOx/dense_pinn/final/audit/TEST_ACCESS_LEDGER_NOX_R6F_STD.json,REPRODUCIBILITY_ARTIFACT,verbatim copy,3155,3155,7454df855810715c8d6afcb6780c56c9ba72c58263678abd2d0f355aa5cd5809,7454df855810715c8d6afcb6780c56c9ba72c58263678abd2d0f355aa5cd5809
models/interp/work_pinn_nox_interp_final_r6f_std/audit/UPSTREAM_INPUT_CONTRACT_NOX_R6F_STD.json,results/frozen/interpolative/NOx/dense_pinn/final/audit/UPSTREAM_INPUT_CONTRACT_NOX_R6F_STD.json,REPRODUCIBILITY_ARTIFACT,verbatim copy,625,625,7a1d67f86f57382acff83251eb62a738a8e01ca85026aee98f531f9e6406cae7,7a1d67f86f57382acff83251eb62a738a8e01ca85026aee98f531f9e6406cae7
models/interp/work_pinn_nox_interp_final_r6f_std/audit/VISUAL_STYLE_UPDATE_NOX_R6F_STD.json,results/frozen/interpolative/NOx/dense_pinn/final/audit/VISUAL_STYLE_UPDATE_NOX_R6F_STD.json,REPRODUCIBILITY_ARTIFACT,verbatim copy,4094,4094,0192cd5b9098ba96c6c46ef7b5d326e848f19a647adf83c9cd136d26300896a3,0192cd5b9098ba96c6c46ef7b5d326e848f19a647adf83c9cd136d26300896a3
models/interp/work_pinn_nox_interp_final_r6f_std/figures/FINAL-01_training_history.png,results/frozen/interpolative/NOx/dense_pinn/final/figures/FINAL-01_training_history.png,CAMPAIGN_FIGURES,verbatim copy,70419,70419,12f8f958389520fb533eacac42ca3bc4db687d4746448d45463da3a404dda2d5,12f8f958389520fb533eacac42ca3bc4db687d4746448d45463da3a404dda2d5
models/interp/work_pinn_nox_interp_final_r6f_std/figures/FINAL-01_training_history.svg,results/frozen/interpolative/NOx/dense_pinn/final/figures/FINAL-01_training_history.svg,CAMPAIGN_FIGURES,verbatim copy,45837,45837,85a5fa7e42544db48a21aad861d8bb835bdcfcbf31b45a63e6b3603f7f1d6fea,85a5fa7e42544db48a21aad861d8bb835bdcfcbf31b45a63e6b3603f7f1d6fea
models/interp/work_pinn_nox_interp_final_r6f_std/figures/FINAL-02_dev_parity.png,results/frozen/interpolative/NOx/dense_pinn/final/figures/FINAL-02_dev_parity.png,CAMPAIGN_FIGURES,verbatim copy,393762,393762,2f817079b8492e25861ce03a4dac503658228751e42e95e43a241d1c36b4154b,2f817079b8492e25861ce03a4dac503658228751e42e95e43a241d1c36b4154b
models/interp/work_pinn_nox_interp_final_r6f_std/figures/FINAL-02_dev_parity.svg,results/frozen/interpolative/NOx/dense_pinn/final/figures/FINAL-02_dev_parity.svg,CAMPAIGN_FIGURES,verbatim copy,4448664,4448664,43df660995f24bd1fc15caf95bebe5e81e4593d8299deaba06a13b759c25c4ff,43df660995f24bd1fc15caf95bebe5e81e4593d8299deaba06a13b759c25c4ff
models/interp/work_pinn_nox_interp_final_r6f_std/figures/FINAL-03_test_parity.png,results/frozen/interpolative/NOx/dense_pinn/final/figures/FINAL-03_test_parity.png,CAMPAIGN_FIGURES,verbatim copy,264175,264175,f3742a1392819c4498d49884766084136de9df7a22191db2d99d5c03c643b9b8,f3742a1392819c4498d49884766084136de9df7a22191db2d99d5c03c643b9b8
models/interp/work_pinn_nox_interp_final_r6f_std/figures/FINAL-03_test_parity.svg,results/frozen/interpolative/NOx/dense_pinn/final/figures/FINAL-03_test_parity.svg,CAMPAIGN_FIGURES,verbatim copy,1055286,1055286,ca9415b0374c0f4903f9640e62ab24626f4ceb488a35a416aceb40695107e08a,ca9415b0374c0f4903f9640e62ab24626f4ceb488a35a416aceb40695107e08a
models/interp/work_pinn_nox_interp_final_r6f_std/figures/FINAL-04_test_residual_vs_predicted.png,results/frozen/interpolative/NOx/dense_pinn/final/figures/FINAL-04_test_residual_vs_predicted.png,CAMPAIGN_FIGURES,verbatim copy,194276,194276,cc311c97ecbf4d7e988493f86ddcffb57a4d5ee6d627a830b5b4b8f65c9c03a8,cc311c97ecbf4d7e988493f86ddcffb57a4d5ee6d627a830b5b4b8f65c9c03a8
models/interp/work_pinn_nox_interp_final_r6f_std/figures/FINAL-04_test_residual_vs_predicted.svg,results/frozen/interpolative/NOx/dense_pinn/final/figures/FINAL-04_test_residual_vs_predicted.svg,CAMPAIGN_FIGURES,verbatim copy,1071855,1071855,a1c1916bff3e68d74017b05a6e91060492ded247f7e0781edc07844fce82f685,a1c1916bff3e68d74017b05a6e91060492ded247f7e0781edc07844fce82f685
models/interp/work_pinn_nox_interp_final_r6f_std/figures/FINAL-05_test_residual_distribution.png,results/frozen/interpolative/NOx/dense_pinn/final/figures/FINAL-05_test_residual_distribution.png,CAMPAIGN_FIGURES,verbatim copy,36522,36522,60c1b55c91fb590f3fec004293b430449c4261d462bec3484090813032a70cda,60c1b55c91fb590f3fec004293b430449c4261d462bec3484090813032a70cda
models/interp/work_pinn_nox_interp_final_r6f_std/figures/FINAL-05_test_residual_distribution.svg,results/frozen/interpolative/NOx/dense_pinn/final/figures/FINAL-05_test_residual_distribution.svg,CAMPAIGN_FIGURES,verbatim copy,44857,44857,2d6dc02318feec3fd1d43a59331ee73d3717e66102165ae19d4662c36b2b9585,2d6dc02318feec3fd1d43a59331ee73d3717e66102165ae19d4662c36b2b9585
models/interp/work_pinn_nox_interp_final_r6f_std/figures/FINAL-06_physical_gradient_distribution.png,results/frozen/interpolative/NOx/dense_pinn/final/figures/FINAL-06_physical_gradient_distribution.png,CAMPAIGN_FIGURES,verbatim copy,37305,37305,effa32a6d168d8d3c7291b59b8097980a18b11dc9897976e55d0721e27d35390,effa32a6d168d8d3c7291b59b8097980a18b11dc9897976e55d0721e27d35390
models/interp/work_pinn_nox_interp_final_r6f_std/figures/FINAL-06_physical_gradient_distribution.svg,results/frozen/interpolative/NOx/dense_pinn/final/figures/FINAL-06_physical_gradient_distribution.svg,CAMPAIGN_FIGURES,verbatim copy,48790,48790,cc5fee329ce3424ad3313906116fbcf1be1abf51662e7753f52d0385f24e721a,cc5fee329ce3424ad3313906116fbcf1be1abf51662e7753f52d0385f24e721a
models/interp/work_pinn_nox_interp_final_r6f_std/figures/FINAL-07_physical_PDP_TIT.png,results/frozen/interpolative/NOx/dense_pinn/final/figures/FINAL-07_physical_PDP_TIT.png,CAMPAIGN_FIGURES,verbatim copy,72617,72617,90121961d09a56c5f76b712dea82bf4f41f4edf115f0ac0fef986caa8267652a,90121961d09a56c5f76b712dea82bf4f41f4edf115f0ac0fef986caa8267652a
models/interp/work_pinn_nox_interp_final_r6f_std/figures/FINAL-07_physical_PDP_TIT.svg,results/frozen/interpolative/NOx/dense_pinn/final/figures/FINAL-07_physical_PDP_TIT.svg,CAMPAIGN_FIGURES,verbatim copy,58197,58197,b169e5c99744ef1a7df893b17361cd9cb2f4f8639b6742ed10c65c37ce85125e,b169e5c99744ef1a7df893b17361cd9cb2f4f8639b6742ed10c65c37ce85125e
models/interp/work_pinn_nox_interp_final_r6f_std/figures/FINAL-08_computational_profile.png,results/frozen/interpolative/NOx/dense_pinn/final/figures/FINAL-08_computational_profile.png,CAMPAIGN_FIGURES,verbatim copy,43973,43973,3b915e6c36456da54170c845532e46ee44bd77f8f7fea3af15f9ed52a61585d6,3b915e6c36456da54170c845532e46ee44bd77f8f7fea3af15f9ed52a61585d6
models/interp/work_pinn_nox_interp_final_r6f_std/figures/FINAL-08_computational_profile.svg,results/frozen/interpolative/NOx/dense_pinn/final/figures/FINAL-08_computational_profile.svg,CAMPAIGN_FIGURES,verbatim copy,31844,31844,faf5a8d3ff35557bfbdde42f2801bd93ba4a1ec0c4eb94ca7abdf3e56c352f2e,faf5a8d3ff35557bfbdde42f2801bd93ba4a1ec0c4eb94ca7abdf3e56c352f2e
models/interp/work_pinn_nox_interp_final_r6f_std/figures/FINAL-09_combined_parity_dev_test.png,results/frozen/interpolative/NOx/dense_pinn/final/figures/FINAL-09_combined_parity_dev_test.png,CAMPAIGN_FIGURES,verbatim copy,490358,490358,4e8c02ec13d543e9c4f3196c6d6095ba6b9f16c1d95b8eea9aec9ed19eb39f52,4e8c02ec13d543e9c4f3196c6d6095ba6b9f16c1d95b8eea9aec9ed19eb39f52
models/interp/work_pinn_nox_interp_final_r6f_std/figures/FINAL-09_combined_parity_dev_test.svg,results/frozen/interpolative/NOx/dense_pinn/final/figures/FINAL-09_combined_parity_dev_test.svg,CAMPAIGN_FIGURES,verbatim copy,5542240,5542240,4765159437f4722789438b7f9a1f0ba5668cbcaf522df1317e91184b92eaf1f3,4765159437f4722789438b7f9a1f0ba5668cbcaf522df1317e91184b92eaf1f3
models/interp/work_pinn_nox_interp_final_r6f_std/figures/FINAL-10_dev_operational_series.png,results/frozen/interpolative/NOx/dense_pinn/final/figures/FINAL-10_dev_operational_series.png,CAMPAIGN_FIGURES,verbatim copy,273463,273463,6e03dbf2890e262f7ba5ec03f31062086cabd065a0488ffc60dacaf3202ed0ba,6e03dbf2890e262f7ba5ec03f31062086cabd065a0488ffc60dacaf3202ed0ba
models/interp/work_pinn_nox_interp_final_r6f_std/figures/FINAL-10_dev_operational_series.svg,results/frozen/interpolative/NOx/dense_pinn/final/figures/FINAL-10_dev_operational_series.svg,CAMPAIGN_FIGURES,verbatim copy,50606,50606,66d08b52a769cb85e1fd6402e30fff0df73bdb2228047a0b3c8bd36acb8ece9e,66d08b52a769cb85e1fd6402e30fff0df73bdb2228047a0b3c8bd36acb8ece9e
models/interp/work_pinn_nox_interp_final_r6f_std/figures/FINAL-11_test_operational_series.png,results/frozen/interpolative/NOx/dense_pinn/final/figures/FINAL-11_test_operational_series.png,CAMPAIGN_FIGURES,verbatim copy,242475,242475,8c21aa7b1c0370bb16ac653bcec3d24044679cd3949326a33b66def2e7683232,8c21aa7b1c0370bb16ac653bcec3d24044679cd3949326a33b66def2e7683232
models/interp/work_pinn_nox_interp_final_r6f_std/figures/FINAL-11_test_operational_series.svg,results/frozen/interpolative/NOx/dense_pinn/final/figures/FINAL-11_test_operational_series.svg,CAMPAIGN_FIGURES,verbatim copy,52341,52341,a7ca5a18af7a451e0143e6fb08421c36891c2eaeb5336dca35e65c8583d594d4,a7ca5a18af7a451e0143e6fb08421c36891c2eaeb5336dca35e65c8583d594d4
models/interp/work_pinn_nox_interp_final_r6f_std/figures/FINAL-12_test_residual_vs_CDP.png,results/frozen/interpolative/NOx/dense_pinn/final/figures/FINAL-12_test_residual_vs_CDP.png,CAMPAIGN_FIGURES,verbatim copy,246735,246735,3ef8a129dc5f5769b921dd7bf6855c617ffe617208cc5eb6d770658e885edbb3,3ef8a129dc5f5769b921dd7bf6855c617ffe617208cc5eb6d770658e885edbb3
models/interp/work_pinn_nox_interp_final_r6f_std/figures/FINAL-12_test_residual_vs_CDP.svg,results/frozen/interpolative/NOx/dense_pinn/final/figures/FINAL-12_test_residual_vs_CDP.svg,CAMPAIGN_FIGURES,verbatim copy,1068900,1068900,0cbb9953ae0287fc0b1ef84835fb386fbb7c831ffdd77a71288e023391ad73f8,0cbb9953ae0287fc0b1ef84835fb386fbb7c831ffdd77a71288e023391ad73f8
models/interp/work_pinn_nox_interp_final_r6f_std/figures/FINAL-13_test_residual_diagnostics.png,results/frozen/interpolative/NOx/dense_pinn/final/figures/FINAL-13_test_residual_diagnostics.png,CAMPAIGN_FIGURES,verbatim copy,206165,206165,04e6b5b576e9ac7eb14336c4c031d67a70510c77620352a259de6ae15347141f,04e6b5b576e9ac7eb14336c4c031d67a70510c77620352a259de6ae15347141f
models/interp/work_pinn_nox_interp_final_r6f_std/figures/FINAL-13_test_residual_diagnostics.svg,results/frozen/interpolative/NOx/dense_pinn/final/figures/FINAL-13_test_residual_diagnostics.svg,CAMPAIGN_FIGURES,verbatim copy,1095250,1095250,f5dac82a2dfb94df82fc4ec64477112b13c2a8da8359e6c0d87312194c5e5f96,f5dac82a2dfb94df82fc4ec64477112b13c2a8da8359e6c0d87312194c5e5f96
models/interp/work_pinn_nox_interp_final_r6f_std/reports/FINAL_TECHNICAL_REPORT_NOX_R6F_STD.md,results/frozen/interpolative/NOx/dense_pinn/final/reports/FINAL_TECHNICAL_REPORT_NOX_R6F_STD.md,CAMPAIGN_REPORTS,verbatim copy,760,760,0be7d9c29099f5a17f63d30e719626ca7c4b07c44569626941e57da53425a3a6,0be7d9c29099f5a17f63d30e719626ca7c4b07c44569626941e57da53425a3a6
models/interp/work_pinn_nox_interp_final_r6f_std/tables/DEV_PREDICTIONS_NOX_R6F_STD.csv,results/frozen/interpolative/NOx/dense_pinn/final/tables/DEV_PREDICTIONS_NOX_R6F_STD.csv,SUPPORTING_RESULT,verbatim copy,2066781,2066781,e436d9040f73a4a74155b7d0d97674254f50f5a551fc7f97568ae7b990d1d2ee,e436d9040f73a4a74155b7d0d97674254f50f5a551fc7f97568ae7b990d1d2ee
models/interp/work_pinn_nox_interp_final_r6f_std/tables/FINAL_METRICS_NOX_R6F_STD.csv,results/frozen/interpolative/NOx/dense_pinn/final/tables/FINAL_METRICS_NOX_R6F_STD.csv,SUPPORTING_RESULT,verbatim copy,591,591,ab24ab882627a9bba14fbc3fbb44fc0ff568570a66710867ef761d810f687702,ab24ab882627a9bba14fbc3fbb44fc0ff568570a66710867ef761d810f687702
models/interp/work_pinn_nox_interp_final_r6f_std/tables/FINAL_TRAINING_SUMMARY_NOX_R6F_STD.csv,results/frozen/interpolative/NOx/dense_pinn/final/tables/FINAL_TRAINING_SUMMARY_NOX_R6F_STD.csv,SUPPORTING_RESULT,verbatim copy,385,385,83fb57d838e4c70f59d7df29f3f6c37d0b9faa48fdf883557791b10ddbcbd84b,83fb57d838e4c70f59d7df29f3f6c37d0b9faa48fdf883557791b10ddbcbd84b
models/interp/work_pinn_nox_interp_final_r6f_std/tables/PHYSICAL_PDP_TIT_NOX_R6F_STD.csv,results/frozen/interpolative/NOx/dense_pinn/final/tables/PHYSICAL_PDP_TIT_NOX_R6F_STD.csv,SUPPORTING_RESULT,verbatim copy,8651,8651,7558b19a2ba6dbde70fa981cc1a97922b4a26c1a88e77240a31e6a679e2cd874,7558b19a2ba6dbde70fa981cc1a97922b4a26c1a88e77240a31e6a679e2cd874
models/interp/work_pinn_nox_interp_final_r6f_std/tables/PHYSICS_AUDIT_NOX_R6F_STD.csv,results/frozen/interpolative/NOx/dense_pinn/final/tables/PHYSICS_AUDIT_NOX_R6F_STD.csv,SUPPORTING_RESULT,verbatim copy,657,657,94766270213ee55d987ddd73aeca7444ee68dbcd41b5645dcf2755e32b89f9f2,94766270213ee55d987ddd73aeca7444ee68dbcd41b5645dcf2755e32b89f9f2
models/interp/work_pinn_nox_interp_final_r6f_std/tables/RESOURCE_PROFILE_NOX_R6F_STD.csv,results/frozen/interpolative/NOx/dense_pinn/final/tables/RESOURCE_PROFILE_NOX_R6F_STD.csv,SUPPORTING_RESULT,verbatim copy,401,401,14c6d00ef76f8a9049d34272a1cd4a970bef0a2e942f51b02effad02e15266ca,14c6d00ef76f8a9049d34272a1cd4a970bef0a2e942f51b02effad02e15266ca
models/interp/work_pinn_nox_interp_final_r6f_std/tables/TEST_PREDICTIONS_NOX_R6F_STD.csv,results/frozen/interpolative/NOx/dense_pinn/final/tables/TEST_PREDICTIONS_NOX_R6F_STD.csv,SUPPORTING_RESULT,verbatim copy,573323,573323,b4af6595194642d3b7adb2b5ee079f7a549ba9536fbc0dea3471503eadf1b30b,b4af6595194642d3b7adb2b5ee079f7a549ba9536fbc0dea3471503eadf1b30b
models/interp/work_pinn_nox_interp_final_r6f_std/tables/TRAINING_HISTORY_NOX_R6F_STD.csv,results/frozen/interpolative/NOx/dense_pinn/final/tables/TRAINING_HISTORY_NOX_R6F_STD.csv,SUPPORTING_RESULT,verbatim copy,9023,9023,f404f5101fb820f7d8c254835799a0408c333de75f29ab7b5844669b3fefe438,f404f5101fb820f7d8c254835799a0408c333de75f29ab7b5844669b3fefe438
models/interp/work_pinn_nox_interp_opt_r6/audit/ARTIFACT_HASHES_NOX_R6.csv,results/frozen/interpolative/NOx/dense_pinn/optimization/audit/ARTIFACT_HASHES_NOX_R6.csv,REPRODUCIBILITY_ARTIFACT,verbatim copy,7120,7120,f14a4aa8d3418e47a1d8f01cdbd717fc62832feb23f7b91eeb281cec3eaab270,f14a4aa8d3418e47a1d8f01cdbd717fc62832feb23f7b91eeb281cec3eaab270
models/interp/work_pinn_nox_interp_opt_r6/audit/ENVIRONMENT_NOX_INTERP_R6.json,results/frozen/interpolative/NOx/dense_pinn/optimization/audit/ENVIRONMENT_NOX_INTERP_R6.json,REPRODUCIBILITY_ARTIFACT,verbatim copy,873,873,e25bd5731652211bf1bf567f822a6a3fe97aa952b7d07efeedc4f0a876501770,e25bd5731652211bf1bf567f822a6a3fe97aa952b7d07efeedc4f0a876501770
models/interp/work_pinn_nox_interp_opt_r6/audit/OPTUNA_TRIAL_COUNTS_NOX_R6.json,results/frozen/interpolative/NOx/dense_pinn/optimization/audit/OPTUNA_TRIAL_COUNTS_NOX_R6.json,REPRODUCIBILITY_ARTIFACT,verbatim copy,110,110,9e37762e097bbf5c0311c8f5d5dd5df4c181380e7e40f8d627967f78e3bf11b7,9e37762e097bbf5c0311c8f5d5dd5df4c181380e7e40f8d627967f78e3bf11b7
models/interp/work_pinn_nox_interp_opt_r6/audit/PARALLEL_EQUIVALENCE_NOX_INTERP_R6.csv,results/frozen/interpolative/NOx/dense_pinn/optimization/audit/PARALLEL_EQUIVALENCE_NOX_INTERP_R6.csv,REPRODUCIBILITY_ARTIFACT,verbatim copy,4976,4976,ebdd6705e5f4327362e070ff2733ea8dff61e15d41dcf2c1f8a0130d6af80c17,ebdd6705e5f4327362e070ff2733ea8dff61e15d41dcf2c1f8a0130d6af80c17
models/interp/work_pinn_nox_interp_opt_r6/audit/PARALLEL_PREFLIGHT_BENCHMARK_NOX_INTERP_R6.csv,results/frozen/interpolative/NOx/dense_pinn/optimization/audit/PARALLEL_PREFLIGHT_BENCHMARK_NOX_INTERP_R6.csv,REPRODUCIBILITY_ARTIFACT,verbatim copy,289,289,5e282ae3138f5704bac0353c959ef03ff41a25864598b3dcfe918cdceb187d02,5e282ae3138f5704bac0353c959ef03ff41a25864598b3dcfe918cdceb187d02
models/interp/work_pinn_nox_interp_opt_r6/audit/PARALLEL_PROFILE_NOX_INTERP_R6.json,results/frozen/interpolative/NOx/dense_pinn/optimization/audit/PARALLEL_PROFILE_NOX_INTERP_R6.json,REPRODUCIBILITY_ARTIFACT,verbatim copy,1978,1978,05f9afed1ec568150d99f9a6302017b31233b0cca44a31f5df9e476926628cbd,05f9afed1ec568150d99f9a6302017b31233b0cca44a31f5df9e476926628cbd
models/interp/work_pinn_nox_interp_opt_r6/audit/PROTOCOL_INPUT_HASHES_NOX_INTERP_R6.csv,results/frozen/interpolative/NOx/dense_pinn/optimization/audit/PROTOCOL_INPUT_HASHES_NOX_INTERP_R6.csv,REPRODUCIBILITY_ARTIFACT,verbatim copy,788,788,fb4135c5da162689f3cf23a126caa71a06ac9d13e38f4e2bfc849967bf221a20,fb4135c5da162689f3cf23a126caa71a06ac9d13e38f4e2bfc849967bf221a20
models/interp/work_pinn_nox_interp_opt_r6/audit/REPRODUCIBILITY_CHECKS_NOX_INTERP_R6.csv,results/frozen/interpolative/NOx/dense_pinn/optimization/audit/REPRODUCIBILITY_CHECKS_NOX_INTERP_R6.csv,REPRODUCIBILITY_ARTIFACT,verbatim copy,689,689,339bbf8f5796c960eae3416c9a2572de183828e1877756c98676a23e20673e52,339bbf8f5796c960eae3416c9a2572de183828e1877756c98676a23e20673e52
models/interp/work_pinn_nox_interp_opt_r6/audit/RUNTIME_LINEAGE_CONTRACT_NOX_INTERP_R6.json,results/frozen/interpolative/NOx/dense_pinn/optimization/audit/RUNTIME_LINEAGE_CONTRACT_NOX_INTERP_R6.json,REPRODUCIBILITY_ARTIFACT,verbatim copy,704,704,32172cdf1717a4af956c0c94439a118551deaed1bd6ac98c47d95798953e84a3,32172cdf1717a4af956c0c94439a118551deaed1bd6ac98c47d95798953e84a3
models/interp/work_pinn_nox_interp_opt_r6/audit/TARGET_ACCESS_AUDIT_NOX_INTERP_R6.json,results/frozen/interpolative/NOx/dense_pinn/optimization/audit/TARGET_ACCESS_AUDIT_NOX_INTERP_R6.json,REPRODUCIBILITY_ARTIFACT,verbatim copy,2146,2146,54c8065fc506b25c57c3e2b096a4abb98793b4c78faf2b5441cce4f2589c2876,54c8065fc506b25c57c3e2b096a4abb98793b4c78faf2b5441cce4f2589c2876
models/interp/work_pinn_nox_interp_opt_r6/figures/OPT-01_optimization_history.png,results/frozen/interpolative/NOx/dense_pinn/optimization/figures/OPT-01_optimization_history.png,CAMPAIGN_FIGURES,verbatim copy,97574,97574,2842f401118f90bd6f8d5d8b0ea3955ac583bae146fc915dc246bbbf3b57ed5f,2842f401118f90bd6f8d5d8b0ea3955ac583bae146fc915dc246bbbf3b57ed5f
models/interp/work_pinn_nox_interp_opt_r6/figures/OPT-01_optimization_history.svg,results/frozen/interpolative/NOx/dense_pinn/optimization/figures/OPT-01_optimization_history.svg,CAMPAIGN_FIGURES,verbatim copy,44046,44046,2945f4130303be805f47c94853fe0ced2c62c164443239a83fde7524e548196e,2945f4130303be805f47c94853fe0ced2c62c164443239a83fde7524e548196e
models/interp/work_pinn_nox_interp_opt_r6/figures/OPT-02_adaptive_convergence.png,results/frozen/interpolative/NOx/dense_pinn/optimization/figures/OPT-02_adaptive_convergence.png,CAMPAIGN_FIGURES,verbatim copy,77704,77704,40e55f71ca4df05baeeea3a752b3ae3384ec24ee5a8037cf0e51519ba0b5a97b,40e55f71ca4df05baeeea3a752b3ae3384ec24ee5a8037cf0e51519ba0b5a97b
models/interp/work_pinn_nox_interp_opt_r6/figures/OPT-02_adaptive_convergence.svg,results/frozen/interpolative/NOx/dense_pinn/optimization/figures/OPT-02_adaptive_convergence.svg,CAMPAIGN_FIGURES,verbatim copy,35971,35971,9159adc0d60996b118f71af3f56d8b5539bb7ec8445cdaf90c677990fb085dcc,9159adc0d60996b118f71af3f56d8b5539bb7ec8445cdaf90c677990fb085dcc
models/interp/work_pinn_nox_interp_opt_r6/figures/OPT-03_hyperparameter_importance.png,results/frozen/interpolative/NOx/dense_pinn/optimization/figures/OPT-03_hyperparameter_importance.png,CAMPAIGN_FIGURES,verbatim copy,60786,60786,d9488a02b72adcfcc8c04a3368505b230c4fb2a58d3ee640c5e5d840bdac6164,d9488a02b72adcfcc8c04a3368505b230c4fb2a58d3ee640c5e5d840bdac6164
models/interp/work_pinn_nox_interp_opt_r6/figures/OPT-03_hyperparameter_importance.svg,results/frozen/interpolative/NOx/dense_pinn/optimization/figures/OPT-03_hyperparameter_importance.svg,CAMPAIGN_FIGURES,verbatim copy,35820,35820,7959ec7c0c8258cf86e6b9875822ba417d5c635f17b9acedd00c018c4ac2f947,7959ec7c0c8258cf86e6b9875822ba417d5c635f17b9acedd00c018c4ac2f947
models/interp/work_pinn_nox_interp_opt_r6/figures/OPT-04_pruning_status_efficiency.png,results/frozen/interpolative/NOx/dense_pinn/optimization/figures/OPT-04_pruning_status_efficiency.png,CAMPAIGN_FIGURES,verbatim copy,35415,35415,908d7cd9bb9b893f680e9df676386793cb270ce0712c09efb36bc900f15aea9c,908d7cd9bb9b893f680e9df676386793cb270ce0712c09efb36bc900f15aea9c
models/interp/work_pinn_nox_interp_opt_r6/figures/OPT-04_pruning_status_efficiency.svg,results/frozen/interpolative/NOx/dense_pinn/optimization/figures/OPT-04_pruning_status_efficiency.svg,CAMPAIGN_FIGURES,verbatim copy,26467,26467,5186f883b07167c1b3d7cc50f0356a224c84e41aace93540a2befc6060009b7d,5186f883b07167c1b3d7cc50f0356a224c84e41aace93540a2befc6060009b7d
models/interp/work_pinn_nox_interp_opt_r6/figures/OPT-05_top10_multiseed_R2.png,results/frozen/interpolative/NOx/dense_pinn/optimization/figures/OPT-05_top10_multiseed_R2.png,CAMPAIGN_FIGURES,verbatim copy,81087,81087,cf2e12319fa8599890e2266486f0714176c80e33ad090eaf346bbb6919962f82,cf2e12319fa8599890e2266486f0714176c80e33ad090eaf346bbb6919962f82
models/interp/work_pinn_nox_interp_opt_r6/figures/OPT-05_top10_multiseed_R2.svg,results/frozen/interpolative/NOx/dense_pinn/optimization/figures/OPT-05_top10_multiseed_R2.svg,CAMPAIGN_FIGURES,verbatim copy,42881,42881,a440430460e7f161cb6b361d57e772f341ab0d2c9226115951988a2287c7f189,a440430460e7f161cb6b361d57e772f341ab0d2c9226115951988a2287c7f189
models/interp/work_pinn_nox_interp_opt_r6/figures/OPT-06_precision_vs_PCD.png,results/frozen/interpolative/NOx/dense_pinn/optimization/figures/OPT-06_precision_vs_PCD.png,CAMPAIGN_FIGURES,verbatim copy,47690,47690,81b0866f545a243e3bfd43f140a0fcfd4d9695aee3b41a9b3535547de383fb81,81b0866f545a243e3bfd43f140a0fcfd4d9695aee3b41a9b3535547de383fb81
models/interp/work_pinn_nox_interp_opt_r6/figures/OPT-06_precision_vs_PCD.svg,results/frozen/interpolative/NOx/dense_pinn/optimization/figures/OPT-06_precision_vs_PCD.svg,CAMPAIGN_FIGURES,verbatim copy,32270,32270,0cb256b6ce589903e50439e658ee85defd8aeb023b08d672334fb2b4b24d8acc,0cb256b6ce589903e50439e658ee85defd8aeb023b08d672334fb2b4b24d8acc
models/interp/work_pinn_nox_interp_opt_r6/figures/OPT-07_lbfgs_paired.png,results/frozen/interpolative/NOx/dense_pinn/optimization/figures/OPT-07_lbfgs_paired.png,CAMPAIGN_FIGURES,verbatim copy,51139,51139,c5388cf15d708c5bb98cbee261014dc5077d9c3fc0fa578fda432c9025bf647b,c5388cf15d708c5bb98cbee261014dc5077d9c3fc0fa578fda432c9025bf647b
models/interp/work_pinn_nox_interp_opt_r6/figures/OPT-07_lbfgs_paired.svg,results/frozen/interpolative/NOx/dense_pinn/optimization/figures/OPT-07_lbfgs_paired.svg,CAMPAIGN_FIGURES,verbatim copy,28744,28744,fae64fc9b42e5ce0e574b8a570b4f8a5d10a19e9070c9e1d5b6e1e6aae3ad77c,fae64fc9b42e5ce0e574b8a570b4f8a5d10a19e9070c9e1d5b6e1e6aae3ad77c
models/interp/work_pinn_nox_interp_opt_r6/figures/OPT-08_matched_ablation.png,results/frozen/interpolative/NOx/dense_pinn/optimization/figures/OPT-08_matched_ablation.png,CAMPAIGN_FIGURES,verbatim copy,54406,54406,ae16d0b3ebda38bfa2e78cddfc7ad96b6116dcab33be7c87a3b42fe08f687d8e,ae16d0b3ebda38bfa2e78cddfc7ad96b6116dcab33be7c87a3b42fe08f687d8e
models/interp/work_pinn_nox_interp_opt_r6/figures/OPT-08_matched_ablation.svg,results/frozen/interpolative/NOx/dense_pinn/optimization/figures/OPT-08_matched_ablation.svg,CAMPAIGN_FIGURES,verbatim copy,31787,31787,fa0e3e4f40926377fc99ec6b4c7c4635d1cc607dee3b913e7ab3f49fbc0839c8,fa0e3e4f40926377fc99ec6b4c7c4635d1cc607dee3b913e7ab3f49fbc0839c8
models/interp/work_pinn_nox_interp_opt_r6/figures/OPT-09_precision_vs_parameters.png,results/frozen/interpolative/NOx/dense_pinn/optimization/figures/OPT-09_precision_vs_parameters.png,CAMPAIGN_FIGURES,verbatim copy,51764,51764,fbf77c27c7acf41b6ccf742fd12f68af1e8af3c018ba29a250696cd7c6691d6e,fbf77c27c7acf41b6ccf742fd12f68af1e8af3c018ba29a250696cd7c6691d6e
models/interp/work_pinn_nox_interp_opt_r6/figures/OPT-09_precision_vs_parameters.svg,results/frozen/interpolative/NOx/dense_pinn/optimization/figures/OPT-09_precision_vs_parameters.svg,CAMPAIGN_FIGURES,verbatim copy,30990,30990,566a14ac5f5838566458fdaab15f4b5e88d635a94928f382756efdc61b4e952c,566a14ac5f5838566458fdaab15f4b5e88d635a94928f382756efdc61b4e952c
models/interp/work_pinn_nox_interp_opt_r6/reports/HANDOFF_NOX_INTERP_R6_TO_FINAL.md,results/frozen/interpolative/NOx/dense_pinn/optimization/reports/HANDOFF_NOX_INTERP_R6_TO_FINAL.md,CAMPAIGN_REPORTS,verbatim copy,1212,1212,65120c027a0a20df1bff65fafc05e1237df30cba41b9364429e19f7633e8e867,65120c027a0a20df1bff65fafc05e1237df30cba41b9364429e19f7633e8e867
models/interp/work_pinn_nox_interp_opt_r6/reports/INFORME_TECNICO_OPTIMIZACION_NOX_INTERP_R6.md,results/frozen/interpolative/NOx/dense_pinn/optimization/reports/INFORME_TECNICO_OPTIMIZACION_NOX_INTERP_R6.md,CAMPAIGN_REPORTS,verbatim copy,450,450,eec1b3abb2be5faad1440770a135bd5fa143527bd34b7194a11b9e5a10706050,eec1b3abb2be5faad1440770a135bd5fa143527bd34b7194a11b9e5a10706050
models/interp/work_pinn_nox_interp_opt_r6/reports/README_EJECUCION_COLAB_NOX_INTERP_OPT_R6.md,results/frozen/interpolative/NOx/dense_pinn/optimization/reports/README_EJECUCION_COLAB_NOX_INTERP_OPT_R6.md,CAMPAIGN_REPORTS,verbatim copy,545,545,b5349206ff71755525af347c16d03133b3de0e6d0d29f78ba7bbe28d12017055,b5349206ff71755525af347c16d03133b3de0e6d0d29f78ba7bbe28d12017055
models/interp/work_pinn_nox_interp_opt_r6/campaign_state.json,results/frozen/interpolative/NOx/dense_pinn/optimization/state/campaign_state.json,CAMPAIGN_STATE_OR_MANIFEST,verbatim copy,2084,2084,0a4becf9d3be12a37ae05bcf9ef6a95b60d6212de4fa1c85e73861ed4e6f21f4,0a4becf9d3be12a37ae05bcf9ef6a95b60d6212de4fa1c85e73861ed4e6f21f4
models/interp/work_pinn_nox_interp_opt_r6/RUN_STATE.json,results/frozen/interpolative/NOx/dense_pinn/optimization/state/RUN_STATE.json,CAMPAIGN_STATE_OR_MANIFEST,verbatim copy,3265,3265,f9a494b81d1f5623dacfecf0fa43e4b6ade7bf317f4c7701efc2a165ec188886,f9a494b81d1f5623dacfecf0fa43e4b6ade7bf317f4c7701efc2a165ec188886
models/interp/work_pinn_nox_interp_opt_r6/tables/ADAPTIVE_CONVERGENCE_AUDIT_NOX_R6.csv,results/frozen/interpolative/NOx/dense_pinn/optimization/tables/ADAPTIVE_CONVERGENCE_AUDIT_NOX_R6.csv,SUPPORTING_RESULT,verbatim copy,1129,1129,9b0a7756cb0b12f81d1000ca524719e50a2b4cedb27b9a4b2dcd7c695fc54402,9b0a7756cb0b12f81d1000ca524719e50a2b4cedb27b9a4b2dcd7c695fc54402
models/interp/work_pinn_nox_interp_opt_r6/tables/BEST_EPOCH_SUMMARY_NOX_R6.csv,results/frozen/interpolative/NOx/dense_pinn/optimization/tables/BEST_EPOCH_SUMMARY_NOX_R6.csv,SUPPORTING_RESULT,verbatim copy,97,97,f3a735867bd312c29b29a312df613b1b06fee6eda67c5cdf18f6433922faa745,f3a735867bd312c29b29a312df613b1b06fee6eda67c5cdf18f6433922faa745
models/interp/work_pinn_nox_interp_opt_r6/tables/CONFIRMATION_RUNS_NOX_R6.csv,results/frozen/interpolative/NOx/dense_pinn/optimization/tables/CONFIRMATION_RUNS_NOX_R6.csv,SUPPORTING_RESULT,verbatim copy,87777,87777,e7d55e8748aa2fb8351920c97cca9b9d8dca19caea86f01533151ccb39cd8f4d,e7d55e8748aa2fb8351920c97cca9b9d8dca19caea86f01533151ccb39cd8f4d
models/interp/work_pinn_nox_interp_opt_r6/tables/CONFIRMATION_STABILITY_AUDIT_NOX_R6.csv,results/frozen/interpolative/NOx/dense_pinn/optimization/tables/CONFIRMATION_STABILITY_AUDIT_NOX_R6.csv,SUPPORTING_RESULT,verbatim copy,573,573,020f1d2720ef240898fdcbf8e7dfca3c29ca1d055a419d56774ab0ebe1e36f46,020f1d2720ef240898fdcbf8e7dfca3c29ca1d055a419d56774ab0ebe1e36f46
models/interp/work_pinn_nox_interp_opt_r6/tables/CONFIRMATION_SUMMARY_NOX_R6.csv,results/frozen/interpolative/NOx/dense_pinn/optimization/tables/CONFIRMATION_SUMMARY_NOX_R6.csv,SUPPORTING_RESULT,verbatim copy,1681,1681,1adec6f745e070fd8bf37bdeeff35fa476a1cf5c98f901fd1f33386b941f70f8,1adec6f745e070fd8bf37bdeeff35fa476a1cf5c98f901fd1f33386b941f70f8
models/interp/work_pinn_nox_interp_opt_r6/tables/FOLD_RECONSTRUCTION_NOX_INTERP_R6.csv,results/frozen/interpolative/NOx/dense_pinn/optimization/tables/FOLD_RECONSTRUCTION_NOX_INTERP_R6.csv,SUPPORTING_RESULT,verbatim copy,163,163,c85704da133133e5776d3e653e92f36e744939ca49d80de402bb3c9648f3b496,c85704da133133e5776d3e653e92f36e744939ca49d80de402bb3c9648f3b496
models/interp/work_pinn_nox_interp_opt_r6/tables/FOLDS_NOX_R6.csv,results/frozen/interpolative/NOx/dense_pinn/optimization/tables/FOLDS_NOX_R6.csv,SUPPORTING_RESULT,verbatim copy,507495,507495,4782010cc0f0850ccdd7c463da51d416cfb1c11c8f8cccce67c43f7616239e74,4782010cc0f0850ccdd7c463da51d416cfb1c11c8f8cccce67c43f7616239e74
models/interp/work_pinn_nox_interp_opt_r6/tables/LBFGS_DECISION_AUDIT_NOX_R6.csv,results/frozen/interpolative/NOx/dense_pinn/optimization/tables/LBFGS_DECISION_AUDIT_NOX_R6.csv,SUPPORTING_RESULT,verbatim copy,502,502,80e19b96781b0899982ec46b60f387915675e07998adf000033da8e6ce67bf06,80e19b96781b0899982ec46b60f387915675e07998adf000033da8e6ce67bf06
models/interp/work_pinn_nox_interp_opt_r6/tables/LBFGS_FAILURE_AUDIT_NOX_R6.csv,results/frozen/interpolative/NOx/dense_pinn/optimization/tables/LBFGS_FAILURE_AUDIT_NOX_R6.csv,SUPPORTING_RESULT,verbatim copy,1090,1090,f95a3e841a201091536b2df890fe84afe2007906d180b59c7c9be22047b7e6ea,f95a3e841a201091536b2df890fe84afe2007906d180b59c7c9be22047b7e6ea
models/interp/work_pinn_nox_interp_opt_r6/tables/LBFGS_PAIRED_NOX_R6.csv,results/frozen/interpolative/NOx/dense_pinn/optimization/tables/LBFGS_PAIRED_NOX_R6.csv,SUPPORTING_RESULT,verbatim copy,208,208,bda9850a14eeb393a1156c8951a375eb34959301896af54ead8a892ad52e6bc8,bda9850a14eeb393a1156c8951a375eb34959301896af54ead8a892ad52e6bc8
models/interp/work_pinn_nox_interp_opt_r6/tables/LBFGS_RUNS_NOX_R6.csv,results/frozen/interpolative/NOx/dense_pinn/optimization/tables/LBFGS_RUNS_NOX_R6.csv,SUPPORTING_RESULT,verbatim copy,2539,2539,32b95ad2b5ed19dadfae7f7cfda1a7be83111b7958cb392db6258ae407399c48,32b95ad2b5ed19dadfae7f7cfda1a7be83111b7958cb392db6258ae407399c48
models/interp/work_pinn_nox_interp_opt_r6/tables/LBFGS_SELECTED_STRATEGY_SUMMARY_NOX_R6.csv,results/frozen/interpolative/NOx/dense_pinn/optimization/tables/LBFGS_SELECTED_STRATEGY_SUMMARY_NOX_R6.csv,SUPPORTING_RESULT,verbatim copy,1228,1228,a8058bf0285dadbe7a56c5ae6fa37dbb987777e0a372f90e7549d57531dac13d,a8058bf0285dadbe7a56c5ae6fa37dbb987777e0a372f90e7549d57531dac13d
models/interp/work_pinn_nox_interp_opt_r6/tables/MATCHED_ABLATION_DELTAS_NOX_R6.csv,results/frozen/interpolative/NOx/dense_pinn/optimization/tables/MATCHED_ABLATION_DELTAS_NOX_R6.csv,SUPPORTING_RESULT,verbatim copy,1884,1884,c3cf699062797e29ad41f90c37fad8e71ce332d5dacce0a009e47b2ff7032f98,c3cf699062797e29ad41f90c37fad8e71ce332d5dacce0a009e47b2ff7032f98
models/interp/work_pinn_nox_interp_opt_r6/tables/MATCHED_ABLATION_PINN_BASELINE_RUNS_NOX_R6.csv,results/frozen/interpolative/NOx/dense_pinn/optimization/tables/MATCHED_ABLATION_PINN_BASELINE_RUNS_NOX_R6.csv,SUPPORTING_RESULT,verbatim copy,89,89,99cbbe688d8e53a7e4e8b3204065abaf9b973625ceda4639bb5572a9b0bd57c6,99cbbe688d8e53a7e4e8b3204065abaf9b973625ceda4639bb5572a9b0bd57c6
models/interp/work_pinn_nox_interp_opt_r6/tables/MATCHED_ABLATION_RUNS_NOX_R6.csv,results/frozen/interpolative/NOx/dense_pinn/optimization/tables/MATCHED_ABLATION_RUNS_NOX_R6.csv,SUPPORTING_RESULT,verbatim copy,18113,18113,48cc5bd6878d7915c4c0241596076a5987f8494bbee96b73a51ad399e05fc2f9,48cc5bd6878d7915c4c0241596076a5987f8494bbee96b73a51ad399e05fc2f9
models/interp/work_pinn_nox_interp_opt_r6/tables/MATCHED_ABLATION_STABILITY_AUDIT_NOX_R6.csv,results/frozen/interpolative/NOx/dense_pinn/optimization/tables/MATCHED_ABLATION_STABILITY_AUDIT_NOX_R6.csv,SUPPORTING_RESULT,verbatim copy,321,321,6b9e59d0bdb63c4fc40b431bc5c4c0d65123886e5a298f69cb8f050658c04bdf,6b9e59d0bdb63c4fc40b431bc5c4c0d65123886e5a298f69cb8f050658c04bdf
models/interp/work_pinn_nox_interp_opt_r6/tables/MATCHED_ABLATION_SUMMARY_NOX_R6.csv,results/frozen/interpolative/NOx/dense_pinn/optimization/tables/MATCHED_ABLATION_SUMMARY_NOX_R6.csv,SUPPORTING_RESULT,verbatim copy,1028,1028,0e3258ad186244430952e7bd5b68ec7d25e4ba18236874220a039394a93f2a06,0e3258ad186244430952e7bd5b68ec7d25e4ba18236874220a039394a93f2a06
models/interp/work_pinn_nox_interp_opt_r6/tables/PRUNING_AUDIT_NOX_INTERP_R6.csv,results/frozen/interpolative/NOx/dense_pinn/optimization/tables/PRUNING_AUDIT_NOX_INTERP_R6.csv,SUPPORTING_RESULT,verbatim copy,17333,17333,67e5ce1a6b240ec30652ba56ea79fd3dc66678fa2f72a9063050938d288288db,67e5ce1a6b240ec30652ba56ea79fd3dc66678fa2f72a9063050938d288288db
models/interp/work_pinn_nox_interp_opt_r6/tables/RANKING_NOX_R6.csv,results/frozen/interpolative/NOx/dense_pinn/optimization/tables/RANKING_NOX_R6.csv,SUPPORTING_RESULT,verbatim copy,26135,26135,d916d7fea0f698aacf606794e3f463fcabe7639db314d058d9ec3e66e513e132,d916d7fea0f698aacf606794e3f463fcabe7639db314d058d9ec3e66e513e132
models/interp/work_pinn_nox_interp_opt_r6/tables/TRIALS_NOX_R6.csv,results/frozen/interpolative/NOx/dense_pinn/optimization/tables/TRIALS_NOX_R6.csv,SUPPORTING_RESULT,verbatim copy,167290,167290,9f9fe3fa0b12d928eb4756e461658c00ea44bc8f46f75b1e6d17e61036fda85b,9f9fe3fa0b12d928eb4756e461658c00ea44bc8f46f75b1e6d17e61036fda85b
models/interp/work_tt_pinn_nox_interp_final_r1f_std/audit/ENVIRONMENT_NOX_TT_R1F_STD.json,results/frozen/interpolative/NOx/tt_pinn/final/audit/ENVIRONMENT_NOX_TT_R1F_STD.json,REPRODUCIBILITY_ARTIFACT,verbatim copy,498,498,72f2031560a5d20002cf10bff728b8412e1b35bd1a9b4b8a89ca1ae04b476c4b,72f2031560a5d20002cf10bff728b8412e1b35bd1a9b4b8a89ca1ae04b476c4b
models/interp/work_tt_pinn_nox_interp_final_r1f_std/audit/EVALUATION_DECISION_AUDIT_NOX_TT_R1F_STD.json,results/frozen/interpolative/NOx/tt_pinn/final/audit/EVALUATION_DECISION_AUDIT_NOX_TT_R1F_STD.json,REPRODUCIBILITY_ARTIFACT,verbatim copy,2080,2080,9f7c94f2e4b4037d4cb3a37fed707e0a25c9608d2882781bc1d34b5c6c919e0e,9f7c94f2e4b4037d4cb3a37fed707e0a25c9608d2882781bc1d34b5c6c919e0e
models/interp/work_tt_pinn_nox_interp_final_r1f_std/audit/MODEL_RELOAD_EQUIVALENCE_NOX_TT_R1F_STD.json,results/frozen/interpolative/NOx/tt_pinn/final/audit/MODEL_RELOAD_EQUIVALENCE_NOX_TT_R1F_STD.json,REPRODUCIBILITY_ARTIFACT,verbatim copy,346,346,7908d24cb606a90dda9c98a9e8535eba6ea55fd28f900bcfb1e7879f221a948f,7908d24cb606a90dda9c98a9e8535eba6ea55fd28f900bcfb1e7879f221a948f
models/interp/work_tt_pinn_nox_interp_final_r1f_std/audit/PRE_POST_TEST_HASH_AUDIT_NOX_TT_R1F_STD.json,results/frozen/interpolative/NOx/tt_pinn/final/audit/PRE_POST_TEST_HASH_AUDIT_NOX_TT_R1F_STD.json,REPRODUCIBILITY_ARTIFACT,verbatim copy,1466,1466,ff17ae4cfc159c0ac35afbac1139e1e0cff12a748483e936a08cc94e40a3b1ad,ff17ae4cfc159c0ac35afbac1139e1e0cff12a748483e936a08cc94e40a3b1ad
models/interp/work_tt_pinn_nox_interp_final_r1f_std/audit/PRE_TEST_GATE_NOX_TT_R1F_STD.json,results/frozen/interpolative/NOx/tt_pinn/final/audit/PRE_TEST_GATE_NOX_TT_R1F_STD.json,REPRODUCIBILITY_ARTIFACT,verbatim copy,1677,1677,b9f331658974996a563c5a2c12cd0ea7a9bff19c73b9d9e18753232598594384,b9f331658974996a563c5a2c12cd0ea7a9bff19c73b9d9e18753232598594384
models/interp/work_tt_pinn_nox_interp_final_r1f_std/audit/PRETRAINING_CHECKS_NOX_TT_R1F_STD.csv,results/frozen/interpolative/NOx/tt_pinn/final/audit/PRETRAINING_CHECKS_NOX_TT_R1F_STD.csv,REPRODUCIBILITY_ARTIFACT,verbatim copy,508,508,5d5e197ba364cf23206c5442ad8c93c9f1036b19ba238ffe2ea0d34e14224ea3,5d5e197ba364cf23206c5442ad8c93c9f1036b19ba238ffe2ea0d34e14224ea3
models/interp/work_tt_pinn_nox_interp_final_r1f_std/audit/TARGET_ACCESS_AUDIT_PRE_TEST_NOX_TT_R1F_STD.json,results/frozen/interpolative/NOx/tt_pinn/final/audit/TARGET_ACCESS_AUDIT_PRE_TEST_NOX_TT_R1F_STD.json,REPRODUCIBILITY_ARTIFACT,verbatim copy,2214,2214,b64ebb830e5d4be18d28376a0a7cb4b64f289265ff7c61e47cd8127d4ffcb27f,b64ebb830e5d4be18d28376a0a7cb4b64f289265ff7c61e47cd8127d4ffcb27f
models/interp/work_tt_pinn_nox_interp_final_r1f_std/audit/TEST_ACCESS_AUDIT_NOX_TT_R1F_STD.json,results/frozen/interpolative/NOx/tt_pinn/final/audit/TEST_ACCESS_AUDIT_NOX_TT_R1F_STD.json,REPRODUCIBILITY_ARTIFACT,verbatim copy,2075,2075,3cb75e2deed016809f8fbc183cf1a8cda3394712e926e9cc33ac857cc0232ca4,3cb75e2deed016809f8fbc183cf1a8cda3394712e926e9cc33ac857cc0232ca4
models/interp/work_tt_pinn_nox_interp_final_r1f_std/audit/TEST_ACCESS_LEDGER_NOX_TT_R1F_STD.json,results/frozen/interpolative/NOx/tt_pinn/final/audit/TEST_ACCESS_LEDGER_NOX_TT_R1F_STD.json,REPRODUCIBILITY_ARTIFACT,verbatim copy,3564,3564,7468bbbb4c9a7bb3737ca96f906a29b2c9c4f9570f905c543b8537eab90b7f90,7468bbbb4c9a7bb3737ca96f906a29b2c9c4f9570f905c543b8537eab90b7f90
models/interp/work_tt_pinn_nox_interp_final_r1f_std/audit/TT_LINEAR_UNIT_TESTS_NOX_TT_R1F_STD.csv,results/frozen/interpolative/NOx/tt_pinn/final/audit/TT_LINEAR_UNIT_TESTS_NOX_TT_R1F_STD.csv,REPRODUCIBILITY_ARTIFACT,verbatim copy,432,432,6ac8b0afaac9d3fbdafb076950f20ae56669ed03c4ed3db2c7324a28895b0e5a,6ac8b0afaac9d3fbdafb076950f20ae56669ed03c4ed3db2c7324a28895b0e5a
models/interp/work_tt_pinn_nox_interp_final_r1f_std/audit/UPSTREAM_DERIVATION_CONTRACT_NOX_TT_R1F_STD.json,results/frozen/interpolative/NOx/tt_pinn/final/audit/UPSTREAM_DERIVATION_CONTRACT_NOX_TT_R1F_STD.json,REPRODUCIBILITY_ARTIFACT,verbatim copy,936,936,80d52a7dbb9abec351778e3c3efb7ae80db4a46099bc89104af5473217376d9f,80d52a7dbb9abec351778e3c3efb7ae80db4a46099bc89104af5473217376d9f
models/interp/work_tt_pinn_nox_interp_final_r1f_std/figures/FINAL-01_training_history.png,results/frozen/interpolative/NOx/tt_pinn/final/figures/FINAL-01_training_history.png,CAMPAIGN_FIGURES,verbatim copy,82680,82680,ed5a874e6550df734117053eba3dffd4a217cd9ac2b2a76824293e6c40e08688,ed5a874e6550df734117053eba3dffd4a217cd9ac2b2a76824293e6c40e08688
models/interp/work_tt_pinn_nox_interp_final_r1f_std/figures/FINAL-01_training_history.svg,results/frozen/interpolative/NOx/tt_pinn/final/figures/FINAL-01_training_history.svg,CAMPAIGN_FIGURES,verbatim copy,41119,41119,5b43f62ae01d202a86900ee6374044d56fead80e586a4ba9c91fdacfb6a88010,5b43f62ae01d202a86900ee6374044d56fead80e586a4ba9c91fdacfb6a88010
models/interp/work_tt_pinn_nox_interp_final_r1f_std/figures/FINAL-02_dev_parity.png,results/frozen/interpolative/NOx/tt_pinn/final/figures/FINAL-02_dev_parity.png,CAMPAIGN_FIGURES,verbatim copy,581164,581164,05f705781ee6da5c6d54823289b5b80fd4dce5ab8faa53f72ad2d6aa16cd610b,05f705781ee6da5c6d54823289b5b80fd4dce5ab8faa53f72ad2d6aa16cd610b
models/interp/work_tt_pinn_nox_interp_final_r1f_std/figures/FINAL-02_dev_parity.svg,results/frozen/interpolative/NOx/tt_pinn/final/figures/FINAL-02_dev_parity.svg,CAMPAIGN_FIGURES,verbatim copy,4447448,4447448,fe1fccedaf5bd69409c8600fa9da16dc7db02a49b689503b694651c5086457b2,fe1fccedaf5bd69409c8600fa9da16dc7db02a49b689503b694651c5086457b2
models/interp/work_tt_pinn_nox_interp_final_r1f_std/figures/FINAL-03_test_parity.png,results/frozen/interpolative/NOx/tt_pinn/final/figures/FINAL-03_test_parity.png,CAMPAIGN_FIGURES,verbatim copy,384582,384582,96fb1b0765467e5061215ff9bdc54d05e3e71c1b3625d739ee6e3a022c6c852e,96fb1b0765467e5061215ff9bdc54d05e3e71c1b3625d739ee6e3a022c6c852e
models/interp/work_tt_pinn_nox_interp_final_r1f_std/figures/FINAL-03_test_parity.svg,results/frozen/interpolative/NOx/tt_pinn/final/figures/FINAL-03_test_parity.svg,CAMPAIGN_FIGURES,verbatim copy,1054736,1054736,2afc496d0812c0df6e2196c2169b197f8ed2b89bde328e34e1de184ef3a85613,2afc496d0812c0df6e2196c2169b197f8ed2b89bde328e34e1de184ef3a85613
models/interp/work_tt_pinn_nox_interp_final_r1f_std/figures/FINAL-04_test_residual_vs_predicted.png,results/frozen/interpolative/NOx/tt_pinn/final/figures/FINAL-04_test_residual_vs_predicted.png,CAMPAIGN_FIGURES,verbatim copy,298345,298345,145c41c40634ea9762c3f0106fcbfc9173e47276f96760ddba3758f41c9b9882,145c41c40634ea9762c3f0106fcbfc9173e47276f96760ddba3758f41c9b9882
models/interp/work_tt_pinn_nox_interp_final_r1f_std/figures/FINAL-04_test_residual_vs_predicted.svg,results/frozen/interpolative/NOx/tt_pinn/final/figures/FINAL-04_test_residual_vs_predicted.svg,CAMPAIGN_FIGURES,verbatim copy,1070098,1070098,5dcb6bea74912347ca6f7f296dcb8fdb7aadba6a6c44e24fa802ad475a470754,5dcb6bea74912347ca6f7f296dcb8fdb7aadba6a6c44e24fa802ad475a470754
models/interp/work_tt_pinn_nox_interp_final_r1f_std/figures/FINAL-05_test_residual_distribution.png,results/frozen/interpolative/NOx/tt_pinn/final/figures/FINAL-05_test_residual_distribution.png,CAMPAIGN_FIGURES,verbatim copy,46889,46889,eb253d19f8a36006ec8772d29b6dd2a95d98568aaa05365ffe93213cc1892d2a,eb253d19f8a36006ec8772d29b6dd2a95d98568aaa05365ffe93213cc1892d2a
models/interp/work_tt_pinn_nox_interp_final_r1f_std/figures/FINAL-05_test_residual_distribution.svg,results/frozen/interpolative/NOx/tt_pinn/final/figures/FINAL-05_test_residual_distribution.svg,CAMPAIGN_FIGURES,verbatim copy,43569,43569,1d2a7e530f6e347a30f1ed71b8fbebd50c7aed1b732c71491264d817ffd3bbef,1d2a7e530f6e347a30f1ed71b8fbebd50c7aed1b732c71491264d817ffd3bbef
models/interp/work_tt_pinn_nox_interp_final_r1f_std/figures/FINAL-06_physical_gradient_distribution.png,results/frozen/interpolative/NOx/tt_pinn/final/figures/FINAL-06_physical_gradient_distribution.png,CAMPAIGN_FIGURES,verbatim copy,56286,56286,4298d21a3f61aa97484adb33e46c7a94b657c4e941c2336957e822b5e1a0f894,4298d21a3f61aa97484adb33e46c7a94b657c4e941c2336957e822b5e1a0f894
models/interp/work_tt_pinn_nox_interp_final_r1f_std/figures/FINAL-06_physical_gradient_distribution.svg,results/frozen/interpolative/NOx/tt_pinn/final/figures/FINAL-06_physical_gradient_distribution.svg,CAMPAIGN_FIGURES,verbatim copy,52254,52254,ac86bc057aed03829fa261c00fc5fdc5329cf09b5c089d725b25b61386fbe105,ac86bc057aed03829fa261c00fc5fdc5329cf09b5c089d725b25b61386fbe105
models/interp/work_tt_pinn_nox_interp_final_r1f_std/figures/FINAL-07_physical_PDP_TIT.png,results/frozen/interpolative/NOx/tt_pinn/final/figures/FINAL-07_physical_PDP_TIT.png,CAMPAIGN_FIGURES,verbatim copy,96665,96665,ebdc5609d5d9e46c084ca424c97b46269a00e20641fd7b4e13fc64c00a645f5f,ebdc5609d5d9e46c084ca424c97b46269a00e20641fd7b4e13fc64c00a645f5f
models/interp/work_tt_pinn_nox_interp_final_r1f_std/figures/FINAL-07_physical_PDP_TIT.svg,results/frozen/interpolative/NOx/tt_pinn/final/figures/FINAL-07_physical_PDP_TIT.svg,CAMPAIGN_FIGURES,verbatim copy,56483,56483,b25fbacb354b063f615f59f9524fb7ea386bee373df32f61e3991138e0ec0c79,b25fbacb354b063f615f59f9524fb7ea386bee373df32f61e3991138e0ec0c79
models/interp/work_tt_pinn_nox_interp_final_r1f_std/figures/FINAL-08_computational_profile.png,results/frozen/interpolative/NOx/tt_pinn/final/figures/FINAL-08_computational_profile.png,CAMPAIGN_FIGURES,verbatim copy,164290,164290,0e23f83bb0da147e21c867d5e33ff837d288ffc9cfd76b4193c1096aeba7cdf1,0e23f83bb0da147e21c867d5e33ff837d288ffc9cfd76b4193c1096aeba7cdf1
models/interp/work_tt_pinn_nox_interp_final_r1f_std/figures/FINAL-08_computational_profile.svg,results/frozen/interpolative/NOx/tt_pinn/final/figures/FINAL-08_computational_profile.svg,CAMPAIGN_FIGURES,verbatim copy,82984,82984,bb64455ee23195688b4e8791b9fa46819a21ca2a33bde43b554ca78a5a70e013,bb64455ee23195688b4e8791b9fa46819a21ca2a33bde43b554ca78a5a70e013
models/interp/work_tt_pinn_nox_interp_final_r1f_std/figures/FINAL-09_combined_parity_dev_test.png,results/frozen/interpolative/NOx/tt_pinn/final/figures/FINAL-09_combined_parity_dev_test.png,CAMPAIGN_FIGURES,verbatim copy,741551,741551,ce3360a4ccddca650563b2747cbc082397b793a2080a2a229f152518485631b5,ce3360a4ccddca650563b2747cbc082397b793a2080a2a229f152518485631b5
models/interp/work_tt_pinn_nox_interp_final_r1f_std/figures/FINAL-09_combined_parity_dev_test.svg,results/frozen/interpolative/NOx/tt_pinn/final/figures/FINAL-09_combined_parity_dev_test.svg,CAMPAIGN_FIGURES,verbatim copy,5542433,5542433,cce57c8f5e3e8df8ab6e1b560135778a93d60e6fb29855b0f1f6bb3bb12ed181,cce57c8f5e3e8df8ab6e1b560135778a93d60e6fb29855b0f1f6bb3bb12ed181
models/interp/work_tt_pinn_nox_interp_final_r1f_std/figures/FINAL-10_dev_operational_series.png,results/frozen/interpolative/NOx/tt_pinn/final/figures/FINAL-10_dev_operational_series.png,CAMPAIGN_FIGURES,verbatim copy,293872,293872,3bd556200169be6c244fe0e7d5791108f480249c871b11da603352e1f7f5dbd4,3bd556200169be6c244fe0e7d5791108f480249c871b11da603352e1f7f5dbd4
models/interp/work_tt_pinn_nox_interp_final_r1f_std/figures/FINAL-10_dev_operational_series.svg,results/frozen/interpolative/NOx/tt_pinn/final/figures/FINAL-10_dev_operational_series.svg,CAMPAIGN_FIGURES,verbatim copy,53635,53635,1513efddd8b70e69b2bdce1fb28a93b7113c4a96f196299fb6d5fa66947463ec,1513efddd8b70e69b2bdce1fb28a93b7113c4a96f196299fb6d5fa66947463ec
models/interp/work_tt_pinn_nox_interp_final_r1f_std/figures/FINAL-11_test_operational_series.png,results/frozen/interpolative/NOx/tt_pinn/final/figures/FINAL-11_test_operational_series.png,CAMPAIGN_FIGURES,verbatim copy,277896,277896,53277c37fd833c8b2eceff8d00286c83f0a5271e9759b458a588918dd1036254,53277c37fd833c8b2eceff8d00286c83f0a5271e9759b458a588918dd1036254
models/interp/work_tt_pinn_nox_interp_final_r1f_std/figures/FINAL-11_test_operational_series.svg,results/frozen/interpolative/NOx/tt_pinn/final/figures/FINAL-11_test_operational_series.svg,CAMPAIGN_FIGURES,verbatim copy,54204,54204,1936b4579f463cb3a860046a7289d968fab892c323a2fd7706cf1b1291f03693,1936b4579f463cb3a860046a7289d968fab892c323a2fd7706cf1b1291f03693
models/interp/work_tt_pinn_nox_interp_final_r1f_std/figures/FINAL-12_test_residual_vs_CDP.png,results/frozen/interpolative/NOx/tt_pinn/final/figures/FINAL-12_test_residual_vs_CDP.png,CAMPAIGN_FIGURES,verbatim copy,344123,344123,eb653e35435e0c151fd3995cb10ee5cbd282b25c88dfd891c4ecc4633a19df18,eb653e35435e0c151fd3995cb10ee5cbd282b25c88dfd891c4ecc4633a19df18
models/interp/work_tt_pinn_nox_interp_final_r1f_std/figures/FINAL-12_test_residual_vs_CDP.svg,results/frozen/interpolative/NOx/tt_pinn/final/figures/FINAL-12_test_residual_vs_CDP.svg,CAMPAIGN_FIGURES,verbatim copy,1066929,1066929,b459ecdd8a239d09b52daf0b5fa07fc77d7a235b999c84f3447a9582cc08b1de,b459ecdd8a239d09b52daf0b5fa07fc77d7a235b999c84f3447a9582cc08b1de
models/interp/work_tt_pinn_nox_interp_final_r1f_std/figures/FINAL-13_test_residual_diagnostics.png,results/frozen/interpolative/NOx/tt_pinn/final/figures/FINAL-13_test_residual_diagnostics.png,CAMPAIGN_FIGURES,verbatim copy,304547,304547,408303e4a34839efcc95ac169e844cc9484f3508c00c476176eed7e1291e62c6,408303e4a34839efcc95ac169e844cc9484f3508c00c476176eed7e1291e62c6
models/interp/work_tt_pinn_nox_interp_final_r1f_std/figures/FINAL-13_test_residual_diagnostics.svg,results/frozen/interpolative/NOx/tt_pinn/final/figures/FINAL-13_test_residual_diagnostics.svg,CAMPAIGN_FIGURES,verbatim copy,1091559,1091559,fb9136af7087db9e090c3903e0bc4b0ccdc7bd28ae1d41b22fc810c6d052b2a0,fb9136af7087db9e090c3903e0bc4b0ccdc7bd28ae1d41b22fc810c6d052b2a0
models/interp/work_tt_pinn_nox_interp_final_r1f_std/figures/SUPPLEMENTAL-01_dense_vs_tt_parity_NOX_TT_R1F_STD.png,results/frozen/interpolative/NOx/tt_pinn/final/figures/SUPPLEMENTAL-01_dense_vs_tt_parity_NOX_TT_R1F_STD.png,CAMPAIGN_FIGURES,verbatim copy,289177,289177,eff27e1249aa0e8881f03dde3c97eb6ceca3fa645f146c8fd7535b72ee0609e7,eff27e1249aa0e8881f03dde3c97eb6ceca3fa645f146c8fd7535b72ee0609e7
models/interp/work_tt_pinn_nox_interp_final_r1f_std/figures/SUPPLEMENTAL-01_dense_vs_tt_parity_NOX_TT_R1F_STD.svg,results/frozen/interpolative/NOx/tt_pinn/final/figures/SUPPLEMENTAL-01_dense_vs_tt_parity_NOX_TT_R1F_STD.svg,CAMPAIGN_FIGURES,verbatim copy,184619,184619,0838aa466a92a44d9a88846de0a0d312f81102b95e20a564ee5bf13ea2804ec5,0838aa466a92a44d9a88846de0a0d312f81102b95e20a564ee5bf13ea2804ec5
models/interp/work_tt_pinn_nox_interp_final_r1f_std/figures/SUPPLEMENTAL-02_paired_absolute_error_NOX_TT_R1F_STD.png,results/frozen/interpolative/NOx/tt_pinn/final/figures/SUPPLEMENTAL-02_paired_absolute_error_NOX_TT_R1F_STD.png,CAMPAIGN_FIGURES,verbatim copy,171562,171562,f7a77934094f39355a5c20330f2e253ff6974a20637946fa4629b695288f50f8,f7a77934094f39355a5c20330f2e253ff6974a20637946fa4629b695288f50f8
models/interp/work_tt_pinn_nox_interp_final_r1f_std/figures/SUPPLEMENTAL-02_paired_absolute_error_NOX_TT_R1F_STD.svg,results/frozen/interpolative/NOx/tt_pinn/final/figures/SUPPLEMENTAL-02_paired_absolute_error_NOX_TT_R1F_STD.svg,CAMPAIGN_FIGURES,verbatim copy,119364,119364,dbe1eebe63ba99deaac6ce6dd9bd70cc80f581487274b78cb8858eac0d6ea70a,dbe1eebe63ba99deaac6ce6dd9bd70cc80f581487274b78cb8858eac0d6ea70a
models/interp/work_tt_pinn_nox_interp_final_r1f_std/reports/TECHNICAL_REPORT_NOX_TT_R1F_STD.md,results/frozen/interpolative/NOx/tt_pinn/final/reports/TECHNICAL_REPORT_NOX_TT_R1F_STD.md,CAMPAIGN_REPORTS,verbatim copy,3017,3017,bf348f6268e8a8603cd00cbf05a70b4394d7cfac60e5a215e7944ad39e70dace,bf348f6268e8a8603cd00cbf05a70b4394d7cfac60e5a215e7944ad39e70dace
models/interp/work_tt_pinn_nox_interp_final_r1f_std/tables/ARTIFACT_HASHES_NOX_TT_R1F_STD.csv,results/frozen/interpolative/NOx/tt_pinn/final/tables/ARTIFACT_HASHES_NOX_TT_R1F_STD.csv,SUPPORTING_RESULT,verbatim copy,7260,7260,441285ffe4ce531f5ee359f2bb99b8341e5eb36c3bb96f4f4a98c654acecf77d,441285ffe4ce531f5ee359f2bb99b8341e5eb36c3bb96f4f4a98c654acecf77d
models/interp/work_tt_pinn_nox_interp_final_r1f_std/tables/DENSE_VS_TT_COMPARISON_NOX_TT_R1F_STD.csv,results/frozen/interpolative/NOx/tt_pinn/final/tables/DENSE_VS_TT_COMPARISON_NOX_TT_R1F_STD.csv,SUPPORTING_RESULT,verbatim copy,373,373,caffc919793909fd34501746be4dbda33abd838cce670dfb26fbc0bd2cec06f2,caffc919793909fd34501746be4dbda33abd838cce670dfb26fbc0bd2cec06f2
models/interp/work_tt_pinn_nox_interp_final_r1f_std/tables/DEV_PREDICTIONS_NOX_TT_R1F_STD.csv,results/frozen/interpolative/NOx/tt_pinn/final/tables/DEV_PREDICTIONS_NOX_TT_R1F_STD.csv,SUPPORTING_RESULT,verbatim copy,2067482,2067482,d436d749198fc83768de4819656345789f649ad7e67cf2770610c106dcd70a61,d436d749198fc83768de4819656345789f649ad7e67cf2770610c106dcd70a61
models/interp/work_tt_pinn_nox_interp_final_r1f_std/tables/FINAL_METRICS_NOX_TT_R1F_STD.csv,results/frozen/interpolative/NOx/tt_pinn/final/tables/FINAL_METRICS_NOX_TT_R1F_STD.csv,SUPPORTING_RESULT,verbatim copy,596,596,0ab61138bdd909d02e6f383dc87e13fe481bc8a9b7a2a08a3b442518170acb27,0ab61138bdd909d02e6f383dc87e13fe481bc8a9b7a2a08a3b442518170acb27
models/interp/work_tt_pinn_nox_interp_final_r1f_std/tables/FINAL_TRAINING_SUMMARY_NOX_TT_R1F_STD.csv,results/frozen/interpolative/NOx/tt_pinn/final/tables/FINAL_TRAINING_SUMMARY_NOX_TT_R1F_STD.csv,SUPPORTING_RESULT,verbatim copy,505,505,6cbf7e0887be5a8969f7da11594a55c53c8376c571db1fe8736089e1943472a1,6cbf7e0887be5a8969f7da11594a55c53c8376c571db1fe8736089e1943472a1
models/interp/work_tt_pinn_nox_interp_final_r1f_std/tables/NON_INFERIORITY_AUDIT_NOX_TT_R1F_STD.csv,results/frozen/interpolative/NOx/tt_pinn/final/tables/NON_INFERIORITY_AUDIT_NOX_TT_R1F_STD.csv,SUPPORTING_RESULT,verbatim copy,251,251,70365701c1d1fff8247a2118a5c9fb808febe75ff1822fe83fbf42f63775b47a,70365701c1d1fff8247a2118a5c9fb808febe75ff1822fe83fbf42f63775b47a
models/interp/work_tt_pinn_nox_interp_final_r1f_std/tables/PAIRED_TEST_PREDICTIONS_NOX_TT_R1F_STD.csv,results/frozen/interpolative/NOx/tt_pinn/final/tables/PAIRED_TEST_PREDICTIONS_NOX_TT_R1F_STD.csv,SUPPORTING_RESULT,verbatim copy,697824,697824,59c66627d3f17869d5459364b5f1a1bfaedd8f706a7d2ab8616f51da4251173f,59c66627d3f17869d5459364b5f1a1bfaedd8f706a7d2ab8616f51da4251173f
models/interp/work_tt_pinn_nox_interp_final_r1f_std/tables/PHYSICAL_PDP_TIT_NOX_TT_R1F_STD.csv,results/frozen/interpolative/NOx/tt_pinn/final/tables/PHYSICAL_PDP_TIT_NOX_TT_R1F_STD.csv,SUPPORTING_RESULT,verbatim copy,8622,8622,6fb42f938f9c68926617ce9547438daf44f5630923aaee5461fe8cbaad9bd8be,6fb42f938f9c68926617ce9547438daf44f5630923aaee5461fe8cbaad9bd8be
models/interp/work_tt_pinn_nox_interp_final_r1f_std/tables/PHYSICS_AUDIT_NOX_TT_R1F_STD.csv,results/frozen/interpolative/NOx/tt_pinn/final/tables/PHYSICS_AUDIT_NOX_TT_R1F_STD.csv,SUPPORTING_RESULT,verbatim copy,708,708,798bea74f4992a7bb6f2738d68655b2673c3178eea40beaa805372918b02f0cd,798bea74f4992a7bb6f2738d68655b2673c3178eea40beaa805372918b02f0cd
models/interp/work_tt_pinn_nox_interp_final_r1f_std/tables/RESOURCE_PROFILE_NOX_TT_R1F_STD.csv,results/frozen/interpolative/NOx/tt_pinn/final/tables/RESOURCE_PROFILE_NOX_TT_R1F_STD.csv,SUPPORTING_RESULT,verbatim copy,433,433,78367cf4ebbf2da4aa08d27214427a7f01fa7b5525bf87208ac2f39d7e5882ba,78367cf4ebbf2da4aa08d27214427a7f01fa7b5525bf87208ac2f39d7e5882ba
models/interp/work_tt_pinn_nox_interp_final_r1f_std/tables/TEST_PREDICTIONS_NOX_TT_R1F_STD.csv,results/frozen/interpolative/NOx/tt_pinn/final/tables/TEST_PREDICTIONS_NOX_TT_R1F_STD.csv,SUPPORTING_RESULT,verbatim copy,573830,573830,bdd91445618a836527aadcd9b32d967562c60c37703970927b2aa21ed90ef9ea,bdd91445618a836527aadcd9b32d967562c60c37703970927b2aa21ed90ef9ea
models/interp/work_tt_pinn_nox_interp_final_r1f_std/tables/TRAINING_HISTORY_NOX_TT_R1F_STD.csv,results/frozen/interpolative/NOx/tt_pinn/final/tables/TRAINING_HISTORY_NOX_TT_R1F_STD.csv,SUPPORTING_RESULT,verbatim copy,9093,9093,51cc3739fe314216f67b5f05c86aceba446031ccc03bb7d295247c3d216067fe,51cc3739fe314216f67b5f05c86aceba446031ccc03bb7d295247c3d216067fe
models/interp/work_tt_pinn_nox_interp_final_r1f_std/tables/TT_RANK_STORAGE_BUDGET_NOX_TT_R1F_STD.csv,results/frozen/interpolative/NOx/tt_pinn/final/tables/TT_RANK_STORAGE_BUDGET_NOX_TT_R1F_STD.csv,SUPPORTING_RESULT,verbatim copy,4794,4794,5fbb5bb8b4ce8fc518d8dc6e471b1d2478460ce4de53c2ec7b9d81d60fc62f77,5fbb5bb8b4ce8fc518d8dc6e471b1d2478460ce4de53c2ec7b9d81d60fc62f77
models/interp/work_xgboost_nox_interp_final_r1f_std/audit/ENVIRONMENT_XGBOOST_NOX_FINAL_R1F_STD.json,results/frozen/interpolative/NOx/xgboost/final/audit/ENVIRONMENT_XGBOOST_NOX_FINAL_R1F_STD.json,REPRODUCIBILITY_ARTIFACT,verbatim copy,454,454,0ef182d25fb948256552b9e2b3adee500e19b6ee98ff10b35288a11b1d7fadec,0ef182d25fb948256552b9e2b3adee500e19b6ee98ff10b35288a11b1d7fadec
models/interp/work_xgboost_nox_interp_final_r1f_std/audit/HASHES_XGBOOST_NOX_INTERP_FINAL_R1F_STD.csv,results/frozen/interpolative/NOx/xgboost/final/audit/HASHES_XGBOOST_NOX_INTERP_FINAL_R1F_STD.csv,REPRODUCIBILITY_ARTIFACT,verbatim copy,5239,5239,3e169b0adb1817c5f350a94e72f92e577e4c05da7583d5cca5850adff4a00fd0,3e169b0adb1817c5f350a94e72f92e577e4c05da7583d5cca5850adff4a00fd0
models/interp/work_xgboost_nox_interp_final_r1f_std/audit/PRE_TEST_GATE_R1F_STD.json,results/frozen/interpolative/NOx/xgboost/final/audit/PRE_TEST_GATE_R1F_STD.json,REPRODUCIBILITY_ARTIFACT,verbatim copy,2955,2955,5f3fc62ed532d90c3b76957ba3f5e3e93a96387a5cb3c59602c8f78d9e218a39,5f3fc62ed532d90c3b76957ba3f5e3e93a96387a5cb3c59602c8f78d9e218a39
models/interp/work_xgboost_nox_interp_final_r1f_std/audit/TARGET_ACCESS_AUDIT_PRE_TEST_R1F_STD.json,results/frozen/interpolative/NOx/xgboost/final/audit/TARGET_ACCESS_AUDIT_PRE_TEST_R1F_STD.json,REPRODUCIBILITY_ARTIFACT,verbatim copy,253,253,cd004e1a4d4f85b202c55b12a38394eda425dda8aa8852bab27ab03a4a517146,cd004e1a4d4f85b202c55b12a38394eda425dda8aa8852bab27ab03a4a517146
models/interp/work_xgboost_nox_interp_final_r1f_std/audit/TEST_ACCESS_AUDIT_R1F_STD.json,results/frozen/interpolative/NOx/xgboost/final/audit/TEST_ACCESS_AUDIT_R1F_STD.json,REPRODUCIBILITY_ARTIFACT,verbatim copy,359,359,9a696f3b8548dfa5bf842d23e2089ebb6f9031b99d019215733b32921150c631,9a696f3b8548dfa5bf842d23e2089ebb6f9031b99d019215733b32921150c631
models/interp/work_xgboost_nox_interp_final_r1f_std/figures/summary/05_r2_por_semilla.png,results/frozen/interpolative/NOx/xgboost/final/figures/summary/05_r2_por_semilla.png,CAMPAIGN_FIGURES,verbatim copy,36025,36025,4d8210cbe785341cf41ce3162f978d893d56b8d2b9d3b91f213e88fc24a2768f,4d8210cbe785341cf41ce3162f978d893d56b8d2b9d3b91f213e88fc24a2768f
models/interp/work_xgboost_nox_interp_final_r1f_std/figures/summary/06_rmse_por_decil.png,results/frozen/interpolative/NOx/xgboost/final/figures/summary/06_rmse_por_decil.png,CAMPAIGN_FIGURES,verbatim copy,27634,27634,7d8938815b7f2bd1043f26652e5a3fc7cb895ee9f5c0e6f61def621996c54f40,7d8938815b7f2bd1043f26652e5a3fc7cb895ee9f5c0e6f61def621996c54f40
models/interp/work_xgboost_nox_interp_final_r1f_std/figures/summary/07_importancia_gain_seed42.png,results/frozen/interpolative/NOx/xgboost/final/figures/summary/07_importancia_gain_seed42.png,CAMPAIGN_FIGURES,verbatim copy,26431,26431,c47a94100b42ae4b2fa5c6b74db67b224ad2bb3e63e3bf14fe74504e9cca385a,c47a94100b42ae4b2fa5c6b74db67b224ad2bb3e63e3bf14fe74504e9cca385a
models/interp/work_xgboost_nox_interp_final_r1f_std/figures/test/01_paridad_ensamble_test.png,results/frozen/interpolative/NOx/xgboost/final/figures/test/01_paridad_ensamble_test.png,CAMPAIGN_FIGURES,verbatim copy,282145,282145,b4a7a8ee58414643a3d30e6e435ecc1a82f89df610129c5145e7cf1de515933d,b4a7a8ee58414643a3d30e6e435ecc1a82f89df610129c5145e7cf1de515933d
models/interp/work_xgboost_nox_interp_final_r1f_std/figures/test/02_serie_ensamble_DEV.png,results/frozen/interpolative/NOx/xgboost/final/figures/test/02_serie_ensamble_DEV.png,CAMPAIGN_FIGURES,verbatim copy,255113,255113,75043c85cca98a412a63d1a311a072879bb69c69ccbe64170b6325c09637a991,75043c85cca98a412a63d1a311a072879bb69c69ccbe64170b6325c09637a991
models/interp/work_xgboost_nox_interp_final_r1f_std/figures/test/02_serie_ensamble_test.png,results/frozen/interpolative/NOx/xgboost/final/figures/test/02_serie_ensamble_test.png,CAMPAIGN_FIGURES,verbatim copy,231681,231681,97f04008763c9b7bc34687e341c1931f5be091ffb455c8ff6f5bd09cf9a74917,97f04008763c9b7bc34687e341c1931f5be091ffb455c8ff6f5bd09cf9a74917
models/interp/work_xgboost_nox_interp_final_r1f_std/figures/test/03_diagnostico_residuales_test.png,results/frozen/interpolative/NOx/xgboost/final/figures/test/03_diagnostico_residuales_test.png,CAMPAIGN_FIGURES,verbatim copy,205431,205431,ac8ecd5424160938a3d219877a20542e295795300588609c919f5c3451415c67,ac8ecd5424160938a3d219877a20542e295795300588609c919f5c3451415c67
models/interp/work_xgboost_nox_interp_final_r1f_std/figures/test/04_residuales_variables_operativas.png,results/frozen/interpolative/NOx/xgboost/final/figures/test/04_residuales_variables_operativas.png,CAMPAIGN_FIGURES,verbatim copy,685783,685783,abf211461254044467e4e1f6158bf443eacf38759ffa944d4309f5da72c0cc1a,abf211461254044467e4e1f6158bf443eacf38759ffa944d4309f5da72c0cc1a
models/interp/work_xgboost_nox_interp_final_r1f_std/reports/INFORME_TECNICO_XGBOOST_NOX_INTERP_FINAL_R1F_STD.md,results/frozen/interpolative/NOx/xgboost/final/reports/INFORME_TECNICO_XGBOOST_NOX_INTERP_FINAL_R1F_STD.md,CAMPAIGN_REPORTS,verbatim copy,1349,1349,3fe01feb5dba56676713cb055dfd5acacf1f2c805c16b7cd5b4b6fd23f254519,3fe01feb5dba56676713cb055dfd5acacf1f2c805c16b7cd5b4b6fd23f254519
models/interp/work_xgboost_nox_interp_final_r1f_std/MANIFEST_XGBOOST_NOX_INTERP_FINAL_R1F_STD.json,results/frozen/interpolative/NOx/xgboost/final/state/MANIFEST_XGBOOST_NOX_INTERP_FINAL_R1F_STD.json,CAMPAIGN_STATE_OR_MANIFEST,verbatim copy,12076,12076,8bd31b5ab9c597b98560f8c447d9760b2f68fbb639ce2c68650386f6b1e668e0,8bd31b5ab9c597b98560f8c447d9760b2f68fbb639ce2c68650386f6b1e668e0
models/interp/work_xgboost_nox_interp_final_r1f_std/tables/computational_footprint.csv,results/frozen/interpolative/NOx/xgboost/final/tables/computational_footprint.csv,SUPPORTING_RESULT,verbatim copy,1276,1276,fb7b63778601747b7e2b9429f3dd27741da260558ef6cd4bae203099d45c132c,fb7b63778601747b7e2b9429f3dd27741da260558ef6cd4bae203099d45c132c
models/interp/work_xgboost_nox_interp_final_r1f_std/tables/computational_footprint.json,results/frozen/interpolative/NOx/xgboost/final/tables/computational_footprint.json,SUPPORTING_RESULT,verbatim copy,1541,1541,9d747b9c64b6af069404d0f61257f01a88e977ce1fa5e10d4afe9e41ac119c53,9d747b9c64b6af069404d0f61257f01a88e977ce1fa5e10d4afe9e41ac119c53
models/interp/work_xgboost_nox_interp_final_r1f_std/tables/feature_importance_gain_seed42.csv,results/frozen/interpolative/NOx/xgboost/final/tables/feature_importance_gain_seed42.csv,SUPPORTING_RESULT,verbatim copy,221,221,9a0e5283eae6da039eaddbd9ba1e0b9382c56356e5f4a10cb2f5e8143404cc74,9a0e5283eae6da039eaddbd9ba1e0b9382c56356e5f4a10cb2f5e8143404cc74
models/interp/work_xgboost_nox_interp_final_r1f_std/tables/model_complexity.csv,results/frozen/interpolative/NOx/xgboost/final/tables/model_complexity.csv,SUPPORTING_RESULT,verbatim copy,1276,1276,fb7b63778601747b7e2b9429f3dd27741da260558ef6cd4bae203099d45c132c,fb7b63778601747b7e2b9429f3dd27741da260558ef6cd4bae203099d45c132c
models/interp/work_xgboost_nox_interp_final_r1f_std/tables/test_metrics_by_decile.csv,results/frozen/interpolative/NOx/xgboost/final/tables/test_metrics_by_decile.csv,SUPPORTING_RESULT,verbatim copy,1779,1779,23abba47790f7c9a5b2fab7ced8aaf58a630709a24dc29ff922fda524f51e14e,23abba47790f7c9a5b2fab7ced8aaf58a630709a24dc29ff922fda524f51e14e
models/interp/work_xgboost_nox_interp_final_r1f_std/tables/test_metrics_by_seed.csv,results/frozen/interpolative/NOx/xgboost/final/tables/test_metrics_by_seed.csv,SUPPORTING_RESULT,verbatim copy,1659,1659,60975965fd46ed8b6871b482344f8f2125c90346375e43125c01051c28522d27,60975965fd46ed8b6871b482344f8f2125c90346375e43125c01051c28522d27
models/interp/work_xgboost_nox_interp_final_r1f_std/tables/test_metrics_ensemble.json,results/frozen/interpolative/NOx/xgboost/final/tables/test_metrics_ensemble.json,SUPPORTING_RESULT,verbatim copy,300,300,a61f74e3e2d0aa3563c6aee194af15435fada60b0525e94c464ea7cc2b856a62,a61f74e3e2d0aa3563c6aee194af15435fada60b0525e94c464ea7cc2b856a62
models/interp/work_xgboost_nox_interp_final_r1f_std/tables/test_predictions.csv,results/frozen/interpolative/NOx/xgboost/final/tables/test_predictions.csv,SUPPORTING_RESULT,verbatim copy,1672050,1672050,20233dc07b803d320a23a51667ff088b44cc329bddf1cc10c475798303a96774,20233dc07b803d320a23a51667ff088b44cc329bddf1cc10c475798303a96774
models/interp/work_xgboost_nox_interp_final_r1f_std/tables/test_summary_multiseed.csv,results/frozen/interpolative/NOx/xgboost/final/tables/test_summary_multiseed.csv,SUPPORTING_RESULT,verbatim copy,935,935,c480e4d82522216d6df7607d1c941fb83e35b45cc387efe3541e97708773f28f,c480e4d82522216d6df7607d1c941fb83e35b45cc387efe3541e97708773f28f
models/interp/work_xgboost_nox_interp_final_r1f_std/tables/training_summary_by_seed.csv,results/frozen/interpolative/NOx/xgboost/final/tables/training_summary_by_seed.csv,SUPPORTING_RESULT,verbatim copy,1159,1159,6184e2116449c196bc6630ba4a57c76bcdb89de060a50a845b473f14165c1659,6184e2116449c196bc6630ba4a57c76bcdb89de060a50a845b473f14165c1659
models/interp/work_xgboost_nox_interp_opt_r1_poc_efficient/audit/ENVIRONMENT_XGBOOST_NOX_INTERP_R1.json,results/frozen/interpolative/NOx/xgboost/optimization/audit/ENVIRONMENT_XGBOOST_NOX_INTERP_R1.json,REPRODUCIBILITY_ARTIFACT,verbatim copy,546,546,9eb504c555d652930a08955c80e4490a9bdd418e54281fe752697fcc7f209e4e,9eb504c555d652930a08955c80e4490a9bdd418e54281fe752697fcc7f209e4e
models/interp/work_xgboost_nox_interp_opt_r1_poc_efficient/audit/HASHES_XGBOOST_NOX_INTERP_OPT_R1.csv,results/frozen/interpolative/NOx/xgboost/optimization/audit/HASHES_XGBOOST_NOX_INTERP_OPT_R1.csv,REPRODUCIBILITY_ARTIFACT,verbatim copy,2967,2967,69017a76935f516ab6431835ffec278360f629aceea77a07710497295a4b29c0,69017a76935f516ab6431835ffec278360f629aceea77a07710497295a4b29c0
models/interp/work_xgboost_nox_interp_opt_r1_poc_efficient/audit/PROTOCOL_INPUT_HASHES_XGBOOST_NOX_R1.csv,results/frozen/interpolative/NOx/xgboost/optimization/audit/PROTOCOL_INPUT_HASHES_XGBOOST_NOX_R1.csv,REPRODUCIBILITY_ARTIFACT,verbatim copy,788,788,68532cbb2a36ad1f77b552e50bb3d22306b60eec867c95c69bb1ef7886221d26,68532cbb2a36ad1f77b552e50bb3d22306b60eec867c95c69bb1ef7886221d26
models/interp/work_xgboost_nox_interp_opt_r1_poc_efficient/audit/TARGET_ACCESS_AUDIT_XGBOOST_NOX_R1.json,results/frozen/interpolative/NOx/xgboost/optimization/audit/TARGET_ACCESS_AUDIT_XGBOOST_NOX_R1.json,REPRODUCIBILITY_ARTIFACT,verbatim copy,1065,1065,488535415ea583dcee12df26f58d3a8bb4b51cb99f0089f854f50753ad9f11b3,488535415ea583dcee12df26f58d3a8bb4b51cb99f0089f854f50753ad9f11b3
models/interp/work_xgboost_nox_interp_opt_r1_poc_efficient/figures/01_historia_optuna_dev.png,results/frozen/interpolative/NOx/xgboost/optimization/figures/01_historia_optuna_dev.png,CAMPAIGN_FIGURES,verbatim copy,67949,67949,3662a48dc377d6f785595708526fac66c23a7f0b87022651d3a09074974ed92d,3662a48dc377d6f785595708526fac66c23a7f0b87022651d3a09074974ed92d
models/interp/work_xgboost_nox_interp_opt_r1_poc_efficient/figures/02_robustez_candidatos_dev.png,results/frozen/interpolative/NOx/xgboost/optimization/figures/02_robustez_candidatos_dev.png,CAMPAIGN_FIGURES,verbatim copy,65448,65448,3a0a224c907b5beb8f37fb8593c84ca1cb2ca6a341235f7c5c34614faaccae55,3a0a224c907b5beb8f37fb8593c84ca1cb2ca6a341235f7c5c34614faaccae55
models/interp/work_xgboost_nox_interp_opt_r1_poc_efficient/figures/03_rondas_finales_dev.png,results/frozen/interpolative/NOx/xgboost/optimization/figures/03_rondas_finales_dev.png,CAMPAIGN_FIGURES,verbatim copy,32247,32247,136f90b3976773747d1cb2c56e56a663e35236e5ed052e1829654cb6dd4f517d,136f90b3976773747d1cb2c56e56a663e35236e5ed052e1829654cb6dd4f517d
models/interp/work_xgboost_nox_interp_opt_r1_poc_efficient/reports/HANDOFF_XGBOOST_NOX_OPT_TO_FINAL_R1.json,results/frozen/interpolative/NOx/xgboost/optimization/reports/HANDOFF_XGBOOST_NOX_OPT_TO_FINAL_R1.json,CAMPAIGN_REPORTS,verbatim copy,607,607,f39b6fef5ae6c611d3e1e98c5b1a01ae24c542b8b215e1c67084749e54c257e3,f39b6fef5ae6c611d3e1e98c5b1a01ae24c542b8b215e1c67084749e54c257e3
models/interp/work_xgboost_nox_interp_opt_r1_poc_efficient/reports/INFORME_TECNICO_XGBOOST_NOX_INTERP_OPT_R1.md,results/frozen/interpolative/NOx/xgboost/optimization/reports/INFORME_TECNICO_XGBOOST_NOX_INTERP_OPT_R1.md,CAMPAIGN_REPORTS,verbatim copy,508,508,15a819b2c1767ea0a683e1c5116c445633b7eb1441ad650e482354e1b3223aca,15a819b2c1767ea0a683e1c5116c445633b7eb1441ad650e482354e1b3223aca
models/interp/work_xgboost_nox_interp_opt_r1_poc_efficient/tables/ANCHOR_FOLDS_XGBOOST_NOX_R1.csv,results/frozen/interpolative/NOx/xgboost/optimization/tables/ANCHOR_FOLDS_XGBOOST_NOX_R1.csv,SUPPORTING_RESULT,verbatim copy,4929,4929,07e11cc4b52550be3f2dbd4a40fc66287af5efe8e8a2104c3bf03052997f5edd,07e11cc4b52550be3f2dbd4a40fc66287af5efe8e8a2104c3bf03052997f5edd
models/interp/work_xgboost_nox_interp_opt_r1_poc_efficient/tables/ANCHOR_SUMMARY_XGBOOST_NOX_R1.csv,results/frozen/interpolative/NOx/xgboost/optimization/tables/ANCHOR_SUMMARY_XGBOOST_NOX_R1.csv,SUPPORTING_RESULT,verbatim copy,1410,1410,03029b864e8bd280c410190e487377a251634b1699975cf4bd7ebe88f7d4f4ce,03029b864e8bd280c410190e487377a251634b1699975cf4bd7ebe88f7d4f4ce
models/interp/work_xgboost_nox_interp_opt_r1_poc_efficient/tables/CONFIRMATION_EXTENSION_FOLDS_XGBOOST_NOX_R1.csv,results/frozen/interpolative/NOx/xgboost/optimization/tables/CONFIRMATION_EXTENSION_FOLDS_XGBOOST_NOX_R1.csv,SUPPORTING_RESULT,verbatim copy,4738,4738,e522cbea70d4c8b51b9cdc32d6882a978380068ba0fe5b67fac25a4bdff129fa,e522cbea70d4c8b51b9cdc32d6882a978380068ba0fe5b67fac25a4bdff129fa
models/interp/work_xgboost_nox_interp_opt_r1_poc_efficient/tables/CONFIRMATION_EXTENSION_SUMMARY_XGBOOST_NOX_R1.csv,results/frozen/interpolative/NOx/xgboost/optimization/tables/CONFIRMATION_EXTENSION_SUMMARY_XGBOOST_NOX_R1.csv,SUPPORTING_RESULT,verbatim copy,1051,1051,838f472732541e8aee05289044cb9f5c29339734e0693885595a51d4519281bc,838f472732541e8aee05289044cb9f5c29339734e0693885595a51d4519281bc
models/interp/work_xgboost_nox_interp_opt_r1_poc_efficient/tables/CONFIRMATION_FINAL_FOLDS_XGBOOST_NOX_R1.csv,results/frozen/interpolative/NOx/xgboost/optimization/tables/CONFIRMATION_FINAL_FOLDS_XGBOOST_NOX_R1.csv,SUPPORTING_RESULT,verbatim copy,11525,11525,047c7462da978863b39fa85ae6579f66cf48a3e699889ee52a8c34869647b91a,047c7462da978863b39fa85ae6579f66cf48a3e699889ee52a8c34869647b91a
models/interp/work_xgboost_nox_interp_opt_r1_poc_efficient/tables/CONFIRMATION_FINAL_RANKING_XGBOOST_NOX_R1.csv,results/frozen/interpolative/NOx/xgboost/optimization/tables/CONFIRMATION_FINAL_RANKING_XGBOOST_NOX_R1.csv,SUPPORTING_RESULT,verbatim copy,504,504,4d333dc9a8967aa8e3a923a83ed7c31e1aa0386241eae3a0cc041007cb6acdc2,4d333dc9a8967aa8e3a923a83ed7c31e1aa0386241eae3a0cc041007cb6acdc2
models/interp/work_xgboost_nox_interp_opt_r1_poc_efficient/tables/CONFIRMATION_SCREENING_FOLDS_XGBOOST_NOX_R1.csv,results/frozen/interpolative/NOx/xgboost/optimization/tables/CONFIRMATION_SCREENING_FOLDS_XGBOOST_NOX_R1.csv,SUPPORTING_RESULT,verbatim copy,10390,10390,69dbfe40d13eda6e868c66827fb18e6a9ad27b29bb65cd9c76161b23d51555ef,69dbfe40d13eda6e868c66827fb18e6a9ad27b29bb65cd9c76161b23d51555ef
models/interp/work_xgboost_nox_interp_opt_r1_poc_efficient/tables/CONFIRMATION_SCREENING_SUMMARY_XGBOOST_NOX_R1.csv,results/frozen/interpolative/NOx/xgboost/optimization/tables/CONFIRMATION_SCREENING_SUMMARY_XGBOOST_NOX_R1.csv,SUPPORTING_RESULT,verbatim copy,2094,2094,634c449efd68ff20869ffe02a095f6fadf30c1fc61e009cdfd0a00dbe6ef0981,634c449efd68ff20869ffe02a095f6fadf30c1fc61e009cdfd0a00dbe6ef0981
models/interp/work_xgboost_nox_interp_opt_r1_poc_efficient/tables/DEVELOPMENT_RANKING_XGBOOST_NOX_R1.csv,results/frozen/interpolative/NOx/xgboost/optimization/tables/DEVELOPMENT_RANKING_XGBOOST_NOX_R1.csv,SUPPORTING_RESULT,verbatim copy,11497,11497,31719c6b16fa46629f378e695fdc385fac923636bd9429cc12b6c7cec583609b,31719c6b16fa46629f378e695fdc385fac923636bd9429cc12b6c7cec583609b
models/interp/work_xgboost_nox_interp_opt_r1_poc_efficient/tables/FOLD_RECONSTRUCTION_XGBOOST_NOX_R1.csv,results/frozen/interpolative/NOx/xgboost/optimization/tables/FOLD_RECONSTRUCTION_XGBOOST_NOX_R1.csv,SUPPORTING_RESULT,verbatim copy,163,163,c85704da133133e5776d3e653e92f36e744939ca49d80de402bb3c9648f3b496,c85704da133133e5776d3e653e92f36e744939ca49d80de402bb3c9648f3b496
models/interp/work_xgboost_nox_interp_opt_r1_poc_efficient/tables/OPTUNA_FOLDS_XGBOOST_NOX_R1.csv,results/frozen/interpolative/NOx/xgboost/optimization/tables/OPTUNA_FOLDS_XGBOOST_NOX_R1.csv,SUPPORTING_RESULT,verbatim copy,33699,33699,17b4569ac5c6aa50c5081b993a2fe7fe2cc4a42623c4bf93f212bc7ffaaae299,17b4569ac5c6aa50c5081b993a2fe7fe2cc4a42623c4bf93f212bc7ffaaae299
models/interp/work_xgboost_nox_interp_opt_r1_poc_efficient/tables/OPTUNA_TRIALS_XGBOOST_NOX_R1.csv,results/frozen/interpolative/NOx/xgboost/optimization/tables/OPTUNA_TRIALS_XGBOOST_NOX_R1.csv,SUPPORTING_RESULT,verbatim copy,14777,14777,8c867468624ea04eedab176af83f61dc84068374d62f5307d990c58980be095e,8c867468624ea04eedab176af83f61dc84068374d62f5307d990c58980be095e
models/interp/work_xgboost_nox_interp_opt_r1_poc_efficient/tables/STOP_HISTORY_XGBOOST_NOX_R1.csv,results/frozen/interpolative/NOx/xgboost/optimization/tables/STOP_HISTORY_XGBOOST_NOX_R1.csv,SUPPORTING_RESULT,verbatim copy,295,295,ebc84c5cbc9d1787c8efed80feb016fccb0ad1f5601688da5be6f7616ba01495,ebc84c5cbc9d1787c8efed80feb016fccb0ad1f5601688da5be6f7616ba01495
models/interp/work_pinn_interp_protocol/audit/HASHES_ARTEFACTOS_INTERP_PROTOCOL.csv,results/frozen/protocol/interpolative/audit/HASHES_ARTEFACTOS_INTERP_PROTOCOL.csv,REPRODUCIBILITY_ARTIFACT,verbatim copy,1851,1851,363a59146b3e3b528c33cfc6a3b10b3f30b1ad3e6a9246327cffb0e11b30553d,363a59146b3e3b528c33cfc6a3b10b3f30b1ad3e6a9246327cffb0e11b30553d
models/interp/work_pinn_interp_protocol/audit/INTERP_DATA_HASHES_AFTER.csv,results/frozen/protocol/interpolative/audit/INTERP_DATA_HASHES_AFTER.csv,REPRODUCIBILITY_ARTIFACT,verbatim copy,513,513,3891bf7ff54860844c131585f323b0e4ab3ee769c51617d4006f041fff2d57e4,3891bf7ff54860844c131585f323b0e4ab3ee769c51617d4006f041fff2d57e4
models/interp/work_pinn_interp_protocol/audit/INTERP_DATA_HASHES_BEFORE.csv,results/frozen/protocol/interpolative/audit/INTERP_DATA_HASHES_BEFORE.csv,REPRODUCIBILITY_ARTIFACT,verbatim copy,513,513,3891bf7ff54860844c131585f323b0e4ab3ee769c51617d4006f041fff2d57e4,3891bf7ff54860844c131585f323b0e4ab3ee769c51617d4006f041fff2d57e4
models/interp/work_pinn_interp_protocol/audit/INTERP_DATA_PREFLIGHT.csv,results/frozen/protocol/interpolative/audit/INTERP_DATA_PREFLIGHT.csv,REPRODUCIBILITY_ARTIFACT,verbatim copy,716,716,a8bb4447cc82b15f61dd3cdd3ac39af63752f8ba4510bb2cd259f7b2059d7ddd,a8bb4447cc82b15f61dd3cdd3ac39af63752f8ba4510bb2cd259f7b2059d7ddd
models/interp/work_pinn_interp_protocol/audit/INTERP_ENVIRONMENT_MANIFEST.json,results/frozen/protocol/interpolative/audit/INTERP_ENVIRONMENT_MANIFEST.json,REPRODUCIBILITY_ARTIFACT,verbatim copy,499,499,2d8c7ebb95cdb8d196474e67383b7238ab1ce32a502edd25cf85a4c265b84703,2d8c7ebb95cdb8d196474e67383b7238ab1ce32a502edd25cf85a4c265b84703
models/interp/work_pinn_interp_protocol/audit/INTERP_EXACT_X_DUPLICATES_AUDIT.json,results/frozen/protocol/interpolative/audit/INTERP_EXACT_X_DUPLICATES_AUDIT.json,REPRODUCIBILITY_ARTIFACT,verbatim copy,300,300,220e2a3e2e06eb1e39f8c1acddc23d92fc3391580301a7b4273cad88b3cd7855,220e2a3e2e06eb1e39f8c1acddc23d92fc3391580301a7b4273cad88b3cd7855
models/interp/work_pinn_interp_protocol/audit/INTERP_TARGET_ACCESS_AUDIT.json,results/frozen/protocol/interpolative/audit/INTERP_TARGET_ACCESS_AUDIT.json,REPRODUCIBILITY_ARTIFACT,verbatim copy,3668,3668,70c39af40a878e4f566192fad7d1ff3ec75c643446226cbdff9cd63b75936f5e,70c39af40a878e4f566192fad7d1ff3ec75c643446226cbdff9cd63b75936f5e
models/interp/work_pinn_interp_protocol/audit/LAST_RUN_RUNTIME.json,results/frozen/protocol/interpolative/audit/LAST_RUN_RUNTIME.json,REPRODUCIBILITY_ARTIFACT,verbatim copy,109,109,0037fe4693dd65a4b66be04b41f32e3f4f99fed6017b334c017a4c815a365e20,0037fe4693dd65a4b66be04b41f32e3f4f99fed6017b334c017a4c815a365e20
models/interp/work_pinn_interp_protocol/reports/INFORME_TECNICO_INTERP_PROTOCOL.md,results/frozen/protocol/interpolative/reports/INFORME_TECNICO_INTERP_PROTOCOL.md,CAMPAIGN_REPORTS,verbatim copy,517,517,7ba5b2c3e07c1f3b6c0c6d701b8cdfa49b6d10674b17286477d96dc2d8937e49,7ba5b2c3e07c1f3b6c0c6d701b8cdfa49b6d10674b17286477d96dc2d8937e49
models/interp/work_pinn_interp_protocol/reports/README_EJECUCION_COLAB_INTERP_PROTOCOL.md,results/frozen/protocol/interpolative/reports/README_EJECUCION_COLAB_INTERP_PROTOCOL.md,CAMPAIGN_REPORTS,verbatim copy,425,425,5c23770ff26234543ae83934748ff3b5067453d32e8982eb8772b5461a99e723,5c23770ff26234543ae83934748ff3b5067453d32e8982eb8772b5461a99e723
models/interp/work_pinn_interp_protocol/tables/INTERP_BLOCK_SIZE_DIAGNOSTICS.csv,results/frozen/protocol/interpolative/tables/INTERP_BLOCK_SIZE_DIAGNOSTICS.csv,SUPPORTING_RESULT,verbatim copy,13983,13983,81f0f31bb61ae520bf330788c1722e478b393bc802a01d8d1de237d5c579ea6f,81f0f31bb61ae520bf330788c1722e478b393bc802a01d8d1de237d5c579ea6f
models/interp/work_pinn_interp_protocol/tables/INTERP_FOLD_DIAGNOSTICS.csv,results/frozen/protocol/interpolative/tables/INTERP_FOLD_DIAGNOSTICS.csv,SUPPORTING_RESULT,verbatim copy,1249,1249,5b0c92710e245109d3b7741c980aa40d84db7f826caca964650508f9654a73e1,5b0c92710e245109d3b7741c980aa40d84db7f826caca964650508f9654a73e1
models/interp/work_pinn_interp_protocol/tables/INTERP_KNN_SENSITIVITY.csv,results/frozen/protocol/interpolative/tables/INTERP_KNN_SENSITIVITY.csv,SUPPORTING_RESULT,verbatim copy,409,409,a5c7fa9ef08c79eea18f5d06464bf275cfc4fa2cbeafc979afd2980c8fba0074,a5c7fa9ef08c79eea18f5d06464bf275cfc4fa2cbeafc979afd2980c8fba0074
models/interp/work_pinn_interp_protocol/tables/INTERP_ROW_ASSIGNMENT.csv,results/frozen/protocol/interpolative/tables/INTERP_ROW_ASSIGNMENT.csv,SUPPORTING_RESULT,verbatim copy,5938733,5938733,1a1706f37198468e010c066361444072daddf979543bd40d78dba776223c4f07,1a1706f37198468e010c066361444072daddf979543bd40d78dba776223c4f07
models/interp/work_pinn_interp_protocol/tables/INTERP_SPLIT_CANDIDATES_LOG.csv,results/frozen/protocol/interpolative/tables/INTERP_SPLIT_CANDIDATES_LOG.csv,SUPPORTING_RESULT,verbatim copy,12339,12339,a9101a7be0738096eb1a4a6bef4001d31f5f51d3abbe5414551aad2a4cd37af3,a9101a7be0738096eb1a4a6bef4001d31f5f51d3abbe5414551aad2a4cd37af3
models/interp/work_pinn_interp_protocol/tables/INTERP_SPLIT_DIAGNOSTICS.csv,results/frozen/protocol/interpolative/tables/INTERP_SPLIT_DIAGNOSTICS.csv,SUPPORTING_RESULT,verbatim copy,4211,4211,21cef3ca036e076c77a894a0362a9285ba0d9d13583105d48d55d4e5d5f3d122,21cef3ca036e076c77a894a0362a9285ba0d9d13583105d48d55d4e5d5f3d122
models/wf/work_pinn_wf_protocol/audit/execution_metadata.json,results/frozen/protocol/walk_forward/audit/execution_metadata.json,REPRODUCIBILITY_ARTIFACT,verbatim copy,940,940,9ff10eb9c8039f8323afc48224dd87818b3f69f6f914618af3b11c58921b4981,9ff10eb9c8039f8323afc48224dd87818b3f69f6f914618af3b11c58921b4981
models/wf/work_pinn_wf_protocol/audit/HASHES_ARTEFACTOS_WF_PROTOCOL.csv,results/frozen/protocol/walk_forward/audit/HASHES_ARTEFACTOS_WF_PROTOCOL.csv,REPRODUCIBILITY_ARTIFACT,verbatim copy,1997,1997,02076b806b82a27b29f6e3e8b86d6fe3bc51b51dadcbb8fb3c3203568d53d9c8,02076b806b82a27b29f6e3e8b86d6fe3bc51b51dadcbb8fb3c3203568d53d9c8
models/wf/work_pinn_wf_protocol/audit/LAST_RUN_RUNTIME.json,results/frozen/protocol/walk_forward/audit/LAST_RUN_RUNTIME.json,REPRODUCIBILITY_ARTIFACT,verbatim copy,110,110,cf64a1600dd34788f482dae41ccb995c6deb8cdc014827bb9563255f5fbeccc3,cf64a1600dd34788f482dae41ccb995c6deb8cdc014827bb9563255f5fbeccc3
models/wf/work_pinn_wf_protocol/audit/WF_DATA_HASHES_AFTER.csv,results/frozen/protocol/walk_forward/audit/WF_DATA_HASHES_AFTER.csv,REPRODUCIBILITY_ARTIFACT,verbatim copy,468,468,1294e11b36ce7436e41c661ca4981048e8e4f9d49c8e3dd7b0af658ee27211f4,1294e11b36ce7436e41c661ca4981048e8e4f9d49c8e3dd7b0af658ee27211f4
models/wf/work_pinn_wf_protocol/audit/WF_DATA_HASHES_BEFORE.csv,results/frozen/protocol/walk_forward/audit/WF_DATA_HASHES_BEFORE.csv,REPRODUCIBILITY_ARTIFACT,verbatim copy,468,468,1294e11b36ce7436e41c661ca4981048e8e4f9d49c8e3dd7b0af658ee27211f4,1294e11b36ce7436e41c661ca4981048e8e4f9d49c8e3dd7b0af658ee27211f4
models/wf/work_pinn_wf_protocol/audit/WF_DATA_PREFLIGHT.csv,results/frozen/protocol/walk_forward/audit/WF_DATA_PREFLIGHT.csv,REPRODUCIBILITY_ARTIFACT,verbatim copy,669,669,36b3cec17d0dcff1cd995feb47385142dcee745c5454397318e45a8c73aba973,36b3cec17d0dcff1cd995feb47385142dcee745c5454397318e45a8c73aba973
models/wf/work_pinn_wf_protocol/audit/WF_ENVIRONMENT_MANIFEST.json,results/frozen/protocol/walk_forward/audit/WF_ENVIRONMENT_MANIFEST.json,REPRODUCIBILITY_ARTIFACT,verbatim copy,443,443,186670c38fcfc27c40883dfee046eeffedfd739837a6bd4d9a016f8f8e886c1a,186670c38fcfc27c40883dfee046eeffedfd739837a6bd4d9a016f8f8e886c1a
models/wf/work_pinn_wf_protocol/audit/WF_HOLDOUT_ACCESS_AUDIT.json,results/frozen/protocol/walk_forward/audit/WF_HOLDOUT_ACCESS_AUDIT.json,REPRODUCIBILITY_ARTIFACT,verbatim copy,333,333,86ae794d9b598922a99ca233b8b03575e863bf1b6532bd7ae4426a3b88d5b823,86ae794d9b598922a99ca233b8b03575e863bf1b6532bd7ae4426a3b88d5b823
models/wf/work_pinn_wf_protocol/audit/WF_INTEGRITY_CHECKS.csv,results/frozen/protocol/walk_forward/audit/WF_INTEGRITY_CHECKS.csv,REPRODUCIBILITY_ARTIFACT,verbatim copy,563,563,dc391cb5ff67d27f4162768014a0975d8e1ef25216e452c764243aaf3595a244,dc391cb5ff67d27f4162768014a0975d8e1ef25216e452c764243aaf3595a244
models/wf/work_pinn_wf_protocol/audit/WF_REFERENCE_TRACEABILITY.csv,results/frozen/protocol/walk_forward/audit/WF_REFERENCE_TRACEABILITY.csv,REPRODUCIBILITY_ARTIFACT,verbatim copy,751,751,96d31b2027923f7395084c67e51b5cf934351ceddd25eaecad088f7e38df12d4,96d31b2027923f7395084c67e51b5cf934351ceddd25eaecad088f7e38df12d4
models/wf/work_pinn_wf_protocol/audit/WF_TARGET_ACCESS_AUDIT.json,results/frozen/protocol/walk_forward/audit/WF_TARGET_ACCESS_AUDIT.json,REPRODUCIBILITY_ARTIFACT,verbatim copy,487,487,705cc4b97bf86cbdf673bb8cf054c98e888a482e9e570927e627534be23c4d2f,705cc4b97bf86cbdf673bb8cf054c98e888a482e9e570927e627534be23c4d2f
models/wf/work_pinn_wf_protocol/figures/FIG-01_WF_ANNUAL_DESIGN.png,results/frozen/protocol/walk_forward/figures/FIG-01_WF_ANNUAL_DESIGN.png,CAMPAIGN_FIGURES,verbatim copy,83811,83811,b0c5f1c370d1f06bfdbf60bd4fa53213f7a04bfd683e5f9e62d0c9fc94adf607,b0c5f1c370d1f06bfdbf60bd4fa53213f7a04bfd683e5f9e62d0c9fc94adf607
models/wf/work_pinn_wf_protocol/reports/INFORME_TECNICO_WF_PROTOCOL.md,results/frozen/protocol/walk_forward/reports/INFORME_TECNICO_WF_PROTOCOL.md,CAMPAIGN_REPORTS,verbatim copy,950,950,a3cfe0574e9a7e1f60c51ed38d78e423b0c81ef5bb5ed809f3c71cf3393cf69a,a3cfe0574e9a7e1f60c51ed38d78e423b0c81ef5bb5ed809f3c71cf3393cf69a
models/wf/work_pinn_wf_protocol/reports/README_EJECUCION_COLAB_WF_PROTOCOL.md,results/frozen/protocol/walk_forward/reports/README_EJECUCION_COLAB_WF_PROTOCOL.md,CAMPAIGN_REPORTS,verbatim copy,522,522,b0cd47b3d52c656700f7c7b7ef6ed6028c3cc5269ad99b21b670a65994e1bb61,b0cd47b3d52c656700f7c7b7ef6ed6028c3cc5269ad99b21b670a65994e1bb61
models/wf/work_pinn_wf_protocol/tables/WF_DEVELOPMENT_ROW_ASSIGNMENT.csv,results/frozen/protocol/walk_forward/tables/WF_DEVELOPMENT_ROW_ASSIGNMENT.csv,SUPPORTING_RESULT,verbatim copy,1684779,1684779,54b1229774a57cb5e708340040e8171839cd320b72cd90058879a7f9e638f89b,54b1229774a57cb5e708340040e8171839cd320b72cd90058879a7f9e638f89b
models/wf/work_pinn_wf_protocol/tables/WF_FOLD_ROLE_COUNTS.csv,results/frozen/protocol/walk_forward/tables/WF_FOLD_ROLE_COUNTS.csv,SUPPORTING_RESULT,verbatim copy,234,234,bb2300c6a313819b45c55f23bf64df7347abb0a9569867f14ff9e5c0199d4e7e,bb2300c6a313819b45c55f23bf64df7347abb0a9569867f14ff9e5c0199d4e7e
models/wf/work_pinn_wf_protocol/tables/WF_FOLDS_SUMMARY.csv,results/frozen/protocol/walk_forward/tables/WF_FOLDS_SUMMARY.csv,SUPPORTING_RESULT,verbatim copy,477,477,2b4f6970215ab0ea6c2d3f3d8bb3288ba5c22c8c54af0a9f853f9a649c3b2dcd,2b4f6970215ab0ea6c2d3f3d8bb3288ba5c22c8c54af0a9f853f9a649c3b2dcd
models/wf/work_pinn_wf_protocol/tables/WF_PROTOCOL_DESIGN_MATRIX.csv,results/frozen/protocol/walk_forward/tables/WF_PROTOCOL_DESIGN_MATRIX.csv,SUPPORTING_RESULT,verbatim copy,202,202,092f29ad95561b52b7f3816234ac45e2a68b7e1ef4ab90694d7b5de6744f9b5e,092f29ad95561b52b7f3816234ac45e2a68b7e1ef4ab90694d7b5de6744f9b5e
models/wf/work_pinn_co_wf_final_r3_std/audit/ENVIRONMENT_CO_WF_FINAL_R3F_STD.json,results/frozen/walk_forward/CO/dense_pinn/final/audit/ENVIRONMENT_CO_WF_FINAL_R3F_STD.json,REPRODUCIBILITY_ARTIFACT,verbatim copy,515,515,73b03192ba04f1878f60a947a066fe3dc8b36bdb92ef7a6c3b217668273d8496,73b03192ba04f1878f60a947a066fe3dc8b36bdb92ef7a6c3b217668273d8496
models/wf/work_pinn_co_wf_final_r3_std/audit/execution_metadata.json,results/frozen/walk_forward/CO/dense_pinn/final/audit/execution_metadata.json,REPRODUCIBILITY_ARTIFACT,verbatim copy,995,995,4a5db0e7971d212bfecbe04f75cabee3dfb3d05b8410bcbfe8ffe3ac6f6c1d43,4a5db0e7971d212bfecbe04f75cabee3dfb3d05b8410bcbfe8ffe3ac6f6c1d43
models/wf/work_pinn_co_wf_final_r3_std/audit/FROZEN_INPUT_AUDIT_CO_WF_FINAL_R3.csv,results/frozen/walk_forward/CO/dense_pinn/final/audit/FROZEN_INPUT_AUDIT_CO_WF_FINAL_R3.csv,REPRODUCIBILITY_ARTIFACT,verbatim copy,1769,1769,b906c2c740bb26bec9f5baa7d602a60f6e5fdd5301750ad05ea376976cceea01,b906c2c740bb26bec9f5baa7d602a60f6e5fdd5301750ad05ea376976cceea01
models/wf/work_pinn_co_wf_final_r3_std/audit/HASHES_CO_WF_FINAL_R3F_STD.csv,results/frozen/walk_forward/CO/dense_pinn/final/audit/HASHES_CO_WF_FINAL_R3F_STD.csv,REPRODUCIBILITY_ARTIFACT,verbatim copy,4226,4226,340c5e4ab6481d98b6d9ce7fd8b77090c824a0ed44750841f8d6077359b8bccb,340c5e4ab6481d98b6d9ce7fd8b77090c824a0ed44750841f8d6077359b8bccb
models/wf/work_pinn_co_wf_final_r3_std/audit/PRE_TEST_GATE_R3F_STD.json,results/frozen/walk_forward/CO/dense_pinn/final/audit/PRE_TEST_GATE_R3F_STD.json,REPRODUCIBILITY_ARTIFACT,verbatim copy,6351,6351,f32856d62352fbc44c78313e90ce17a303ee717f8076289cdf13119ce88ad43b,f32856d62352fbc44c78313e90ce17a303ee717f8076289cdf13119ce88ad43b
models/wf/work_pinn_co_wf_final_r3_std/audit/PRETRAINING_CHECKS_R3F_STD.csv,results/frozen/walk_forward/CO/dense_pinn/final/audit/PRETRAINING_CHECKS_R3F_STD.csv,REPRODUCIBILITY_ARTIFACT,verbatim copy,390,390,a1b4ba0132b305bd987f0bb8187471acb5bd126b011ddd3ad32bef6e6cd4a282,a1b4ba0132b305bd987f0bb8187471acb5bd126b011ddd3ad32bef6e6cd4a282
models/wf/work_pinn_co_wf_final_r3_std/audit/TARGET_ACCESS_AUDIT_PRE_TEST_R3F_STD.json,results/frozen/walk_forward/CO/dense_pinn/final/audit/TARGET_ACCESS_AUDIT_PRE_TEST_R3F_STD.json,REPRODUCIBILITY_ARTIFACT,verbatim copy,986,986,c26e402dcf85c26b53c04543757258a7729891807932e8c246c716668aea7dc3,c26e402dcf85c26b53c04543757258a7729891807932e8c246c716668aea7dc3
models/wf/work_pinn_co_wf_final_r3_std/audit/TEST_ACCESS_AUDIT_R3F_STD.json,results/frozen/walk_forward/CO/dense_pinn/final/audit/TEST_ACCESS_AUDIT_R3F_STD.json,REPRODUCIBILITY_ARTIFACT,verbatim copy,540,540,a5904cad9cedbc8666caff4e112e88a092103cb6369b626dbee07e19d0d5d838,a5904cad9cedbc8666caff4e112e88a092103cb6369b626dbee07e19d0d5d838
models/wf/work_pinn_co_wf_final_r3_std/audit/UPSTREAM_INPUT_CONTRACT_R3F_STD.json,results/frozen/walk_forward/CO/dense_pinn/final/audit/UPSTREAM_INPUT_CONTRACT_R3F_STD.json,REPRODUCIBILITY_ARTIFACT,verbatim copy,583,583,cae9f636f45b2505d7c2be36e6f2ab9531179ed176ee7f3257bd830e93aae17b,cae9f636f45b2505d7c2be36e6f2ab9531179ed176ee7f3257bd830e93aae17b
models/wf/work_pinn_co_wf_final_r3_std/figures/summary/06_metricas_por_semilla.png,results/frozen/walk_forward/CO/dense_pinn/final/figures/summary/06_metricas_por_semilla.png,CAMPAIGN_FIGURES,verbatim copy,409236,409236,35ef598a56c64419e5275320b6792ede56732b6dc78a1850396339e992062f53,35ef598a56c64419e5275320b6792ede56732b6dc78a1850396339e992062f53
models/wf/work_pinn_co_wf_final_r3_std/figures/summary/07_perdidas_entrenamiento_seed42.png,results/frozen/walk_forward/CO/dense_pinn/final/figures/summary/07_perdidas_entrenamiento_seed42.png,CAMPAIGN_FIGURES,verbatim copy,108030,108030,edd318daa1b93762d94c8d4da14cb7b3bff4a00e13420fdb08fec0d0c1462596,edd318daa1b93762d94c8d4da14cb7b3bff4a00e13420fdb08fec0d0c1462596
models/wf/work_pinn_co_wf_final_r3_std/figures/test/01_paridad_ensamble_TEST.png,results/frozen/walk_forward/CO/dense_pinn/final/figures/test/01_paridad_ensamble_TEST.png,CAMPAIGN_FIGURES,verbatim copy,508130,508130,84114a4ac0dec97deaf9fd12dcb8ef0b0ebb711a5f12ae58602c2abbf723af5f,84114a4ac0dec97deaf9fd12dcb8ef0b0ebb711a5f12ae58602c2abbf723af5f
models/wf/work_pinn_co_wf_final_r3_std/figures/test/02_serie_ensamble_DEV.png,results/frozen/walk_forward/CO/dense_pinn/final/figures/test/02_serie_ensamble_DEV.png,CAMPAIGN_FIGURES,verbatim copy,346029,346029,4f25422d8f9ee3cfbf651ec10c8faa3b16bfd23c25819fe4dfd6b6065b143f43,4f25422d8f9ee3cfbf651ec10c8faa3b16bfd23c25819fe4dfd6b6065b143f43
models/wf/work_pinn_co_wf_final_r3_std/figures/test/02_serie_ensamble_TEST.png,results/frozen/walk_forward/CO/dense_pinn/final/figures/test/02_serie_ensamble_TEST.png,CAMPAIGN_FIGURES,verbatim copy,343687,343687,5dcce971be3d150b36456427056d07f12ffe87484bfdf31a1b0b1a78c9cd2de7,5dcce971be3d150b36456427056d07f12ffe87484bfdf31a1b0b1a78c9cd2de7
models/wf/work_pinn_co_wf_final_r3_std/figures/test/03_diagnostico_residuales_TEST.png,results/frozen/walk_forward/CO/dense_pinn/final/figures/test/03_diagnostico_residuales_TEST.png,CAMPAIGN_FIGURES,verbatim copy,267260,267260,6147a8bb45a938a0b02975ab469d509b56f9fe45bf5e5be4a109fe12fd7074af,6147a8bb45a938a0b02975ab469d509b56f9fe45bf5e5be4a109fe12fd7074af
models/wf/work_pinn_co_wf_final_r3_std/figures/test/04_residuales_vs_CDP_TEST.png,results/frozen/walk_forward/CO/dense_pinn/final/figures/test/04_residuales_vs_CDP_TEST.png,CAMPAIGN_FIGURES,verbatim copy,255845,255845,4d0cebc3d318425fa495dd5ea3071db6ac379459c884b93a3e986a39b70ed717,4d0cebc3d318425fa495dd5ea3071db6ac379459c884b93a3e986a39b70ed717
models/wf/work_pinn_co_wf_final_r3_std/figures/test/05_gradiente_CDP_TEST_seed42.png,results/frozen/walk_forward/CO/dense_pinn/final/figures/test/05_gradiente_CDP_TEST_seed42.png,CAMPAIGN_FIGURES,verbatim copy,76517,76517,27f0f211795591f4a6e9c5d01008dd088673533132426c6c81a25d287ece985c,27f0f211795591f4a6e9c5d01008dd088673533132426c6c81a25d287ece985c
models/wf/work_pinn_co_wf_final_r3_std/reports/INFORME_TECNICO_CO_WF_FINAL_R3F_STD.md,results/frozen/walk_forward/CO/dense_pinn/final/reports/INFORME_TECNICO_CO_WF_FINAL_R3F_STD.md,CAMPAIGN_REPORTS,verbatim copy,1561,1561,23444e5b4f538742433107c071b3dc869e1f10a90d5516a7c0c949c7e5bda4f5,23444e5b4f538742433107c071b3dc869e1f10a90d5516a7c0c949c7e5bda4f5
models/wf/work_pinn_co_wf_final_r3_std/reports/README_EJECUCION_COLAB_CO_WF_FINAL_R3F_STD.md,results/frozen/walk_forward/CO/dense_pinn/final/reports/README_EJECUCION_COLAB_CO_WF_FINAL_R3F_STD.md,CAMPAIGN_REPORTS,verbatim copy,487,487,17da6b719f3d6b17d7b5efed1f9fb461688bccfe5c596fee8468cd3572587e8f,17da6b719f3d6b17d7b5efed1f9fb461688bccfe5c596fee8468cd3572587e8f
models/wf/work_pinn_co_wf_final_r3_std/MANIFEST_CO_WF_FINAL_R3F_STD.json,results/frozen/walk_forward/CO/dense_pinn/final/state/MANIFEST_CO_WF_FINAL_R3F_STD.json,CAMPAIGN_STATE_OR_MANIFEST,verbatim copy,13338,13338,a97cded6ae70a01b0b74c72c9171f9cacaafc420b40d45185c4a43652174add9,a97cded6ae70a01b0b74c72c9171f9cacaafc420b40d45185c4a43652174add9
models/wf/work_pinn_co_wf_final_r3_std/tables/computational_footprint.csv,results/frozen/walk_forward/CO/dense_pinn/final/tables/computational_footprint.csv,SUPPORTING_RESULT,verbatim copy,1512,1512,c1bc93f80e1f63c363a1df0f1e0a071bb922ee4f6d160a065590a02dda84b164,c1bc93f80e1f63c363a1df0f1e0a071bb922ee4f6d160a065590a02dda84b164
models/wf/work_pinn_co_wf_final_r3_std/tables/computational_footprint.json,results/frozen/walk_forward/CO/dense_pinn/final/tables/computational_footprint.json,SUPPORTING_RESULT,verbatim copy,1803,1803,2c59db91679c7293864443225034347f3ea0b364997a3562246b7f52d44867be,2c59db91679c7293864443225034347f3ea0b364997a3562246b7f52d44867be
models/wf/work_pinn_co_wf_final_r3_std/tables/model_complexity.csv,results/frozen/walk_forward/CO/dense_pinn/final/tables/model_complexity.csv,SUPPORTING_RESULT,verbatim copy,1512,1512,c1bc93f80e1f63c363a1df0f1e0a071bb922ee4f6d160a065590a02dda84b164,c1bc93f80e1f63c363a1df0f1e0a071bb922ee4f6d160a065590a02dda84b164
models/wf/work_pinn_co_wf_final_r3_std/tables/test_metrics_by_seed.csv,results/frozen/walk_forward/CO/dense_pinn/final/tables/test_metrics_by_seed.csv,SUPPORTING_RESULT,verbatim copy,6551,6551,8c45a96944999682527ffc79137c293286a3a2a20d2d2e5b0b29992fe1a4797b,8c45a96944999682527ffc79137c293286a3a2a20d2d2e5b0b29992fe1a4797b
models/wf/work_pinn_co_wf_final_r3_std/tables/test_metrics_ensemble.json,results/frozen/walk_forward/CO/dense_pinn/final/tables/test_metrics_ensemble.json,SUPPORTING_RESULT,verbatim copy,614,614,bbd66bbd51a54f80b86252af5bdd8899e8d43bd8b21ce16c64a6fdfe2727a8b8,bbd66bbd51a54f80b86252af5bdd8899e8d43bd8b21ce16c64a6fdfe2727a8b8
models/wf/work_pinn_co_wf_final_r3_std/tables/test_predictions.csv,results/frozen/walk_forward/CO/dense_pinn/final/tables/test_predictions.csv,SUPPORTING_RESULT,verbatim copy,1363924,1363924,a411b7bc4ab824febe3656ea183fde73367d08d2b98c046fc506ac60640e8183,a411b7bc4ab824febe3656ea183fde73367d08d2b98c046fc506ac60640e8183
models/wf/work_pinn_co_wf_final_r3_std/tables/test_summary_multiseed.csv,results/frozen/walk_forward/CO/dense_pinn/final/tables/test_summary_multiseed.csv,SUPPORTING_RESULT,verbatim copy,1469,1469,abbe637933b64bbd05ca09c462fe0f97f63f04ae1c9a6a620e998e1eb240cf29,abbe637933b64bbd05ca09c462fe0f97f63f04ae1c9a6a620e998e1eb240cf29
models/wf/work_pinn_co_wf_final_r3_std/tables/training_history_by_seed.csv,results/frozen/walk_forward/CO/dense_pinn/final/tables/training_history_by_seed.csv,SUPPORTING_RESULT,verbatim copy,28208,28208,3cdbb7f17bc7edcb51833b99cc91e64bffb52c94775a275df5796d28f0928be5,3cdbb7f17bc7edcb51833b99cc91e64bffb52c94775a275df5796d28f0928be5
models/wf/work_pinn_co_wf_final_r3_std/tables/training_summary_by_seed.csv,results/frozen/walk_forward/CO/dense_pinn/final/tables/training_summary_by_seed.csv,SUPPORTING_RESULT,verbatim copy,2062,2062,9ff60cca2a1fa37d4f9ddc62e61a8781b3762ad4b11b56a91af31768814e750c,9ff60cca2a1fa37d4f9ddc62e61a8781b3762ad4b11b56a91af31768814e750c
models/wf/work_pinn_co_wf_opt_r3_poc_efficient/audit/ENVIRONMENT_CO_WF_R3.json,results/frozen/walk_forward/CO/dense_pinn/optimization/audit/ENVIRONMENT_CO_WF_R3.json,REPRODUCIBILITY_ARTIFACT,verbatim copy,853,853,eba5621a184a16fc47e592baef68716b5512e229547fb6f9a0f055006057fa97,eba5621a184a16fc47e592baef68716b5512e229547fb6f9a0f055006057fa97
models/wf/work_pinn_co_wf_opt_r3_poc_efficient/audit/execution_metadata.json,results/frozen/walk_forward/CO/dense_pinn/optimization/audit/execution_metadata.json,REPRODUCIBILITY_ARTIFACT,verbatim copy,1028,1028,5962e25862dd35d7ace9c758b5cb96c6f0d23b68921209e1c4556f78e8e3a138,5962e25862dd35d7ace9c758b5cb96c6f0d23b68921209e1c4556f78e8e3a138
models/wf/work_pinn_co_wf_opt_r3_poc_efficient/audit/HASHES_ARTEFACTOS_CO_WF_R3.csv,results/frozen/walk_forward/CO/dense_pinn/optimization/audit/HASHES_ARTEFACTOS_CO_WF_R3.csv,REPRODUCIBILITY_ARTIFACT,verbatim copy,3987,3987,e35cfe78100a2beb7790064a0829962032c2f58e7a92a737b3876e8db9af319f,e35cfe78100a2beb7790064a0829962032c2f58e7a92a737b3876e8db9af319f
models/wf/work_pinn_co_wf_opt_r3_poc_efficient/audit/OPTUNA_TRIAL_COUNTS_CO_WF_R3.json,results/frozen/walk_forward/CO/dense_pinn/optimization/audit/OPTUNA_TRIAL_COUNTS_CO_WF_R3.json,REPRODUCIBILITY_ARTIFACT,verbatim copy,110,110,cd0bae29d7bb3b470674a32a363d5c4ab0f66665ece1687a9ff194222d3cd92a,cd0bae29d7bb3b470674a32a363d5c4ab0f66665ece1687a9ff194222d3cd92a
models/wf/work_pinn_co_wf_opt_r3_poc_efficient/audit/PARALLEL_EQUIVALENCE_CO_WF_R3.csv,results/frozen/walk_forward/CO/dense_pinn/optimization/audit/PARALLEL_EQUIVALENCE_CO_WF_R3.csv,REPRODUCIBILITY_ARTIFACT,verbatim copy,5012,5012,3c79b7c238a8a615d75a093db81cf550621e437c609b7d1ff64a7bb127498412,3c79b7c238a8a615d75a093db81cf550621e437c609b7d1ff64a7bb127498412
models/wf/work_pinn_co_wf_opt_r3_poc_efficient/audit/PARALLEL_PREFLIGHT_BENCHMARK_CO_WF_R3.csv,results/frozen/walk_forward/CO/dense_pinn/optimization/audit/PARALLEL_PREFLIGHT_BENCHMARK_CO_WF_R3.csv,REPRODUCIBILITY_ARTIFACT,verbatim copy,281,281,3f17249695b0247cbcbcdf7e0670e294218a089a753f8c07a232e51fe7c38948,3f17249695b0247cbcbcdf7e0670e294218a089a753f8c07a232e51fe7c38948
models/wf/work_pinn_co_wf_opt_r3_poc_efficient/audit/PARALLEL_PROFILE_CO_WF_R3.json,results/frozen/walk_forward/CO/dense_pinn/optimization/audit/PARALLEL_PROFILE_CO_WF_R3.json,REPRODUCIBILITY_ARTIFACT,verbatim copy,1932,1932,1e814c4a868fb02f2f4206f109edc9b5a109a3ecce4328c57d605223ab3237f2,1e814c4a868fb02f2f4206f109edc9b5a109a3ecce4328c57d605223ab3237f2
models/wf/work_pinn_co_wf_opt_r3_poc_efficient/audit/PROTOCOL_INPUT_HASHES_CO_WF_R3.csv,results/frozen/walk_forward/CO/dense_pinn/optimization/audit/PROTOCOL_INPUT_HASHES_CO_WF_R3.csv,REPRODUCIBILITY_ARTIFACT,verbatim copy,890,890,4abddc420b1d835441846f4e0186a9b49acde7d744e0aaee11cd0837761f7bb7,4abddc420b1d835441846f4e0186a9b49acde7d744e0aaee11cd0837761f7bb7
models/wf/work_pinn_co_wf_opt_r3_poc_efficient/audit/REPRODUCIBILITY_CHECKS_CO_WF_R3.csv,results/frozen/walk_forward/CO/dense_pinn/optimization/audit/REPRODUCIBILITY_CHECKS_CO_WF_R3.csv,REPRODUCIBILITY_ARTIFACT,verbatim copy,484,484,ce9baf5434c4a27c771ead8f3d46120b8924bd2f072836353b1ce525dd425ede,ce9baf5434c4a27c771ead8f3d46120b8924bd2f072836353b1ce525dd425ede
models/wf/work_pinn_co_wf_opt_r3_poc_efficient/audit/RUNTIME_LINEAGE_CONTRACT_CO_WF_R3.json,results/frozen/walk_forward/CO/dense_pinn/optimization/audit/RUNTIME_LINEAGE_CONTRACT_CO_WF_R3.json,REPRODUCIBILITY_ARTIFACT,verbatim copy,542,542,07f95345573118034f0a8fe82bf3d97e734fdc5e1170f05e200b058b8b30c60c,07f95345573118034f0a8fe82bf3d97e734fdc5e1170f05e200b058b8b30c60c
models/wf/work_pinn_co_wf_opt_r3_poc_efficient/audit/TARGET_ACCESS_AUDIT_CO_WF_R3.json,results/frozen/walk_forward/CO/dense_pinn/optimization/audit/TARGET_ACCESS_AUDIT_CO_WF_R3.json,REPRODUCIBILITY_ARTIFACT,verbatim copy,1137,1137,8af4ea18d6d58a2fe9ed5de2a4ceae5e39baab32de6c293cc543e41b0748fcc8,8af4ea18d6d58a2fe9ed5de2a4ceae5e39baab32de6c293cc543e41b0748fcc8
models/wf/work_pinn_co_wf_opt_r3_poc_efficient/reports/HANDOFF_CO_WF_R3_A_FINAL_STD.md,results/frozen/walk_forward/CO/dense_pinn/optimization/reports/HANDOFF_CO_WF_R3_A_FINAL_STD.md,CAMPAIGN_REPORTS,verbatim copy,2647,2647,8b2340cfa04468c168676568f3487edcbae99ccc6a017be74d4286bb6c69c815,8b2340cfa04468c168676568f3487edcbae99ccc6a017be74d4286bb6c69c815
models/wf/work_pinn_co_wf_opt_r3_poc_efficient/reports/INFORME_TECNICO_OPTIMIZACION_CO_WF_R3.md,results/frozen/walk_forward/CO/dense_pinn/optimization/reports/INFORME_TECNICO_OPTIMIZACION_CO_WF_R3.md,CAMPAIGN_REPORTS,verbatim copy,390,390,8d4df5af1927d0ed6b2233085b02da92454386ab7d1f8e27170d2c5d4a81949a,8d4df5af1927d0ed6b2233085b02da92454386ab7d1f8e27170d2c5d4a81949a
models/wf/work_pinn_co_wf_opt_r3_poc_efficient/reports/README_EJECUCION_COLAB_CO_WF_OPT_R3_POC_EFFICIENT.md,results/frozen/walk_forward/CO/dense_pinn/optimization/reports/README_EJECUCION_COLAB_CO_WF_OPT_R3_POC_EFFICIENT.md,CAMPAIGN_REPORTS,verbatim copy,713,713,701b003c98aeb20cfaefd7a21e3255e887815d2be8c298fbbd3c299043e959dd,701b003c98aeb20cfaefd7a21e3255e887815d2be8c298fbbd3c299043e959dd
models/wf/work_pinn_co_wf_opt_r3_poc_efficient/campaign_phase_state.json,results/frozen/walk_forward/CO/dense_pinn/optimization/state/campaign_phase_state.json,CAMPAIGN_STATE_OR_MANIFEST,verbatim copy,430,430,377e3644dd674d0dcebe9b8e5927865eebb28c7564aa02b63261c3a1cc4da716,377e3644dd674d0dcebe9b8e5927865eebb28c7564aa02b63261c3a1cc4da716
models/wf/work_pinn_co_wf_opt_r3_poc_efficient/campaign_state.json,results/frozen/walk_forward/CO/dense_pinn/optimization/state/campaign_state.json,CAMPAIGN_STATE_OR_MANIFEST,verbatim copy,3380,3380,6b9e2cb8d47dea609aa487f3f0d6a6279a035d9e048992c358c6ec4fcddd4607,6b9e2cb8d47dea609aa487f3f0d6a6279a035d9e048992c358c6ec4fcddd4607
models/wf/work_pinn_co_wf_opt_r3_poc_efficient/tables/BEST_EPOCH_SUMMARY_CO_WF_R3.csv,results/frozen/walk_forward/CO/dense_pinn/optimization/tables/BEST_EPOCH_SUMMARY_CO_WF_R3.csv,SUPPORTING_RESULT,verbatim copy,123,123,d32ee0f61f88e9ee38a9394ca56fe84ab996a2705d473c4e619d404ff7b9884b,d32ee0f61f88e9ee38a9394ca56fe84ab996a2705d473c4e619d404ff7b9884b
models/wf/work_pinn_co_wf_opt_r3_poc_efficient/tables/FOLD_RECONSTRUCTION_CO_WF_R3.csv,results/frozen/walk_forward/CO/dense_pinn/optimization/tables/FOLD_RECONSTRUCTION_CO_WF_R3.csv,SUPPORTING_RESULT,verbatim copy,170,170,4f9079ef815e70bbdd5af0eef1faecdf3310ae89b987022dcf827fef6357b538,4f9079ef815e70bbdd5af0eef1faecdf3310ae89b987022dcf827fef6357b538
models/wf/work_pinn_co_wf_opt_r3_poc_efficient/tables/HISTORIA_PARADA_ADAPTATIVA_CO_WF_R3.csv,results/frozen/walk_forward/CO/dense_pinn/optimization/tables/HISTORIA_PARADA_ADAPTATIVA_CO_WF_R3.csv,SUPPORTING_RESULT,verbatim copy,3703,3703,8f76dfd4839b0a82bff6a44a77f7a1bdab5a3bc267375a310eda8fb5a7baa887,8f76dfd4839b0a82bff6a44a77f7a1bdab5a3bc267375a310eda8fb5a7baa887
models/wf/work_pinn_co_wf_opt_r3_poc_efficient/tables/MATCHED_ABLATION_PAIRED_DELTAS_CO_WF_R3.csv,results/frozen/walk_forward/CO/dense_pinn/optimization/tables/MATCHED_ABLATION_PAIRED_DELTAS_CO_WF_R3.csv,SUPPORTING_RESULT,verbatim copy,1141,1141,2724e5e200653b11fe0add3da4a4c48b023387726b768e624f0644731af16a10,2724e5e200653b11fe0add3da4a4c48b023387726b768e624f0644731af16a10
models/wf/work_pinn_co_wf_opt_r3_poc_efficient/tables/RANKING_FINAL_CANDIDATOS_CO_WF_R3.csv,results/frozen/walk_forward/CO/dense_pinn/optimization/tables/RANKING_FINAL_CANDIDATOS_CO_WF_R3.csv,SUPPORTING_RESULT,verbatim copy,16287,16287,57adc4c68c65ba2b3e989a2e6296ee629511baf47b438b5ba8f7dce3ca49fa92,57adc4c68c65ba2b3e989a2e6296ee629511baf47b438b5ba8f7dce3ca49fa92
models/wf/work_pinn_co_wf_opt_r3_poc_efficient/tables/resultados_ablacion_mlp_CO_WF_R3.csv,results/frozen/walk_forward/CO/dense_pinn/optimization/tables/resultados_ablacion_mlp_CO_WF_R3.csv,SUPPORTING_RESULT,verbatim copy,10256,10256,bcc597bb527e5f64799b879df967a9e7a742cbd8df01f5a8c6580eefcbafec89,bcc597bb527e5f64799b879df967a9e7a742cbd8df01f5a8c6580eefcbafec89
models/wf/work_pinn_co_wf_opt_r3_poc_efficient/tables/resultados_confirmacion_finalistas_5_semillas_CO_WF_R3.csv,results/frozen/walk_forward/CO/dense_pinn/optimization/tables/resultados_confirmacion_finalistas_5_semillas_CO_WF_R3.csv,SUPPORTING_RESULT,verbatim copy,31049,31049,a3ed0ac459973afe9e35a7efecb538a066cb2903105f4eaef72a82c2b94d6af2,a3ed0ac459973afe9e35a7efecb538a066cb2903105f4eaef72a82c2b94d6af2
models/wf/work_pinn_co_wf_opt_r3_poc_efficient/tables/resultados_confirmacion_screening_CO_WF_R3.csv,results/frozen/walk_forward/CO/dense_pinn/optimization/tables/resultados_confirmacion_screening_CO_WF_R3.csv,SUPPORTING_RESULT,verbatim copy,28085,28085,5d865c858d9b0df6a28e5f4ae711655cd0bcdc32a838119584a6cf5aca21c81e,5d865c858d9b0df6a28e5f4ae711655cd0bcdc32a838119584a6cf5aca21c81e
models/wf/work_pinn_co_wf_opt_r3_poc_efficient/tables/resultados_folds_CO_WF_R3.csv,results/frozen/walk_forward/CO/dense_pinn/optimization/tables/resultados_folds_CO_WF_R3.csv,SUPPORTING_RESULT,verbatim copy,152058,152058,b90335327c280e28ba8fa216c18645b26beaa6641ef4a856d5ff8971c0911fbe,b90335327c280e28ba8fa216c18645b26beaa6641ef4a856d5ff8971c0911fbe
models/wf/work_pinn_co_wf_opt_r3_poc_efficient/tables/resultados_trials_CO_WF_R3.csv,results/frozen/walk_forward/CO/dense_pinn/optimization/tables/resultados_trials_CO_WF_R3.csv,SUPPORTING_RESULT,verbatim copy,132442,132442,f380a36b6fcf57fdf31a6b645f0c176c07d8e5cfe36cccf342f894cfa0324024,f380a36b6fcf57fdf31a6b645f0c176c07d8e5cfe36cccf342f894cfa0324024
models/wf/work_pinn_co_wf_opt_r3_poc_efficient/tables/RESUMEN_ABLATION_CO_WF_R3.csv,results/frozen/walk_forward/CO/dense_pinn/optimization/tables/RESUMEN_ABLATION_CO_WF_R3.csv,SUPPORTING_RESULT,verbatim copy,735,735,0ee8db1725b7af239716eeb30a44b3c087da5f2b2cd8ea265760ac49bb1dbc59,0ee8db1725b7af239716eeb30a44b3c087da5f2b2cd8ea265760ac49bb1dbc59
models/wf/work_pinn_co_wf_opt_r3_poc_efficient/tables/RESUMEN_CONFIRMACION_FINALISTAS_CO_WF_R3.csv,results/frozen/walk_forward/CO/dense_pinn/optimization/tables/RESUMEN_CONFIRMACION_FINALISTAS_CO_WF_R3.csv,SUPPORTING_RESULT,verbatim copy,770,770,d994ee31d28a02436d8a18b797ae055a5d665f5c7e42977150bc3c3a876a4a98,d994ee31d28a02436d8a18b797ae055a5d665f5c7e42977150bc3c3a876a4a98
models/wf/work_pinn_co_wf_opt_r3_poc_efficient/tables/RESUMEN_CONFIRMACION_SCREENING_CO_WF_R3.csv,results/frozen/walk_forward/CO/dense_pinn/optimization/tables/RESUMEN_CONFIRMACION_SCREENING_CO_WF_R3.csv,SUPPORTING_RESULT,verbatim copy,1046,1046,5b6e4d6a4b2d4611d164fc18ef7dafda5b5e93fe71f1cfbedddb1a034f306730,5b6e4d6a4b2d4611d164fc18ef7dafda5b5e93fe71f1cfbedddb1a034f306730
models/wf/work_xgboost_co_wf_final_r1f_std/audit/ENVIRONMENT_XGBOOST_CO_WF_FINAL_R1F_STD.json,results/frozen/walk_forward/CO/xgboost/final/audit/ENVIRONMENT_XGBOOST_CO_WF_FINAL_R1F_STD.json,REPRODUCIBILITY_ARTIFACT,verbatim copy,537,537,84a18298d9234d8e29735ee4f5cf69765821c275a195475356aea59d32bdf8e3,84a18298d9234d8e29735ee4f5cf69765821c275a195475356aea59d32bdf8e3
models/wf/work_xgboost_co_wf_final_r1f_std/audit/FROZEN_INPUT_AUDIT_XGBOOST_CO_WF_R1F.csv,results/frozen/walk_forward/CO/xgboost/final/audit/FROZEN_INPUT_AUDIT_XGBOOST_CO_WF_R1F.csv,REPRODUCIBILITY_ARTIFACT,verbatim copy,1639,1639,1b12ee990679adc8619f9c9b20cb1343845846ec2f66b3990572980a960dbf02,1b12ee990679adc8619f9c9b20cb1343845846ec2f66b3990572980a960dbf02
models/wf/work_xgboost_co_wf_final_r1f_std/audit/HASHES_XGBOOST_CO_WF_FINAL_R1F_STD.csv,results/frozen/walk_forward/CO/xgboost/final/audit/HASHES_XGBOOST_CO_WF_FINAL_R1F_STD.csv,REPRODUCIBILITY_ARTIFACT,verbatim copy,5339,5339,60c2f344a886e9b97973d252e75b79e8c66332f0c3411404d1472231452035f7,60c2f344a886e9b97973d252e75b79e8c66332f0c3411404d1472231452035f7
models/wf/work_xgboost_co_wf_final_r1f_std/audit/MODEL_RELOAD_AUDIT_XGBOOST_CO_WF_R1F_STD.csv,results/frozen/walk_forward/CO/xgboost/final/audit/MODEL_RELOAD_AUDIT_XGBOOST_CO_WF_R1F_STD.csv,REPRODUCIBILITY_ARTIFACT,verbatim copy,1474,1474,e9c43832d0bda054d57733c7b7e33d1b4b43067d7d04030188c75cd5b7d9533b,e9c43832d0bda054d57733c7b7e33d1b4b43067d7d04030188c75cd5b7d9533b
models/wf/work_xgboost_co_wf_final_r1f_std/audit/PRE_TEST_GATE_R1F_STD.json,results/frozen/walk_forward/CO/xgboost/final/audit/PRE_TEST_GATE_R1F_STD.json,REPRODUCIBILITY_ARTIFACT,verbatim copy,3055,3055,8a856b1eff0f34c78bedf6e2b42a162e7532926298ab3f170800f4a00e154394,8a856b1eff0f34c78bedf6e2b42a162e7532926298ab3f170800f4a00e154394
models/wf/work_xgboost_co_wf_final_r1f_std/audit/TARGET_ACCESS_AUDIT_PRE_TEST_R1F_STD.json,results/frozen/walk_forward/CO/xgboost/final/audit/TARGET_ACCESS_AUDIT_PRE_TEST_R1F_STD.json,REPRODUCIBILITY_ARTIFACT,verbatim copy,409,409,379f06af4ece3b7af988bfa492d9794a6515bd213ac9febe67fe1fff0f56abaf,379f06af4ece3b7af988bfa492d9794a6515bd213ac9febe67fe1fff0f56abaf
models/wf/work_xgboost_co_wf_final_r1f_std/audit/TEST_ACCESS_AUDIT_R1F_STD.json,results/frozen/walk_forward/CO/xgboost/final/audit/TEST_ACCESS_AUDIT_R1F_STD.json,REPRODUCIBILITY_ARTIFACT,verbatim copy,596,596,cc013b3f5a95cecc6293861254739ba515de2fe5eb06814e4cfd00af729d1beb,cc013b3f5a95cecc6293861254739ba515de2fe5eb06814e4cfd00af729d1beb
models/wf/work_xgboost_co_wf_final_r1f_std/figures/summary/05_r2_por_semilla.png,results/frozen/walk_forward/CO/xgboost/final/figures/summary/05_r2_por_semilla.png,CAMPAIGN_FIGURES,verbatim copy,37070,37070,fcf0da2896b7b2cc8fa75bd41ecd7c1806683a888c357b6c5bd1345de0841fe8,fcf0da2896b7b2cc8fa75bd41ecd7c1806683a888c357b6c5bd1345de0841fe8
models/wf/work_xgboost_co_wf_final_r1f_std/figures/summary/06_rmse_por_decil.png,results/frozen/walk_forward/CO/xgboost/final/figures/summary/06_rmse_por_decil.png,CAMPAIGN_FIGURES,verbatim copy,32200,32200,7e7bf3ace4f5a5202c8582fadac8c6468f09c1752ed4ec6521f72c6e48660788,7e7bf3ace4f5a5202c8582fadac8c6468f09c1752ed4ec6521f72c6e48660788
models/wf/work_xgboost_co_wf_final_r1f_std/figures/summary/07_importancia_gain_seed42.png,results/frozen/walk_forward/CO/xgboost/final/figures/summary/07_importancia_gain_seed42.png,CAMPAIGN_FIGURES,verbatim copy,26544,26544,7645718877038522a61afd7645f46082d1c26ab8f3a62f64ea3e351b15a9fdc2,7645718877038522a61afd7645f46082d1c26ab8f3a62f64ea3e351b15a9fdc2
models/wf/work_xgboost_co_wf_final_r1f_std/figures/test/01_paridad_ensamble_test.png,results/frozen/walk_forward/CO/xgboost/final/figures/test/01_paridad_ensamble_test.png,CAMPAIGN_FIGURES,verbatim copy,211088,211088,1b4ad9031428fb4320f1531f17e3dc15b19e4ab647d59a6790090d7f7b280a3c,1b4ad9031428fb4320f1531f17e3dc15b19e4ab647d59a6790090d7f7b280a3c
models/wf/work_xgboost_co_wf_final_r1f_std/figures/test/02_serie_ensamble_DEV.png,results/frozen/walk_forward/CO/xgboost/final/figures/test/02_serie_ensamble_DEV.png,CAMPAIGN_FIGURES,verbatim copy,196710,196710,5ec82e39a4393c5c6b22b63b17a51b763d173c999251cdb39a9ec0703ca78b87,5ec82e39a4393c5c6b22b63b17a51b763d173c999251cdb39a9ec0703ca78b87
models/wf/work_xgboost_co_wf_final_r1f_std/figures/test/02_serie_ensamble_test.png,results/frozen/walk_forward/CO/xgboost/final/figures/test/02_serie_ensamble_test.png,CAMPAIGN_FIGURES,verbatim copy,172231,172231,729be6026d6e58d68441de179d6343aee363f7fab7bdb464970963948fe50d05,729be6026d6e58d68441de179d6343aee363f7fab7bdb464970963948fe50d05
models/wf/work_xgboost_co_wf_final_r1f_std/figures/test/03_diagnostico_residuales_test.png,results/frozen/walk_forward/CO/xgboost/final/figures/test/03_diagnostico_residuales_test.png,CAMPAIGN_FIGURES,verbatim copy,100927,100927,a053720234c1b675ae9c8448d2661917c2967385403b8cebc1f5bf0ae1efdbfa,a053720234c1b675ae9c8448d2661917c2967385403b8cebc1f5bf0ae1efdbfa
models/wf/work_xgboost_co_wf_final_r1f_std/figures/test/04_residuales_variables_operativas.png,results/frozen/walk_forward/CO/xgboost/final/figures/test/04_residuales_variables_operativas.png,CAMPAIGN_FIGURES,verbatim copy,271899,271899,b76a440e6bc090ef6c949ff9b207af26dd8dfe7cf79bce9a1049b8766240fabd,b76a440e6bc090ef6c949ff9b207af26dd8dfe7cf79bce9a1049b8766240fabd
models/wf/work_xgboost_co_wf_final_r1f_std/reports/INFORME_TECNICO_XGBOOST_CO_WF_FINAL_R1F_STD.md,results/frozen/walk_forward/CO/xgboost/final/reports/INFORME_TECNICO_XGBOOST_CO_WF_FINAL_R1F_STD.md,CAMPAIGN_REPORTS,verbatim copy,1332,1332,437788454fe8209721b0406bbdd5672148eb6abdb06c44a9208d3cdb11b1d5e7,437788454fe8209721b0406bbdd5672148eb6abdb06c44a9208d3cdb11b1d5e7
models/wf/work_xgboost_co_wf_final_r1f_std/MANIFEST_XGBOOST_CO_WF_FINAL_R1F_STD.json,results/frozen/walk_forward/CO/xgboost/final/state/MANIFEST_XGBOOST_CO_WF_FINAL_R1F_STD.json,CAMPAIGN_STATE_OR_MANIFEST,verbatim copy,12373,12373,5635c429260a020681dc9b71af160cfe8d54e099d777cc81c797b6b7b9ebeb23,5635c429260a020681dc9b71af160cfe8d54e099d777cc81c797b6b7b9ebeb23
models/wf/work_xgboost_co_wf_final_r1f_std/tables/computational_footprint.csv,results/frozen/walk_forward/CO/xgboost/final/tables/computational_footprint.csv,SUPPORTING_RESULT,verbatim copy,1255,1255,37d717fb10b6b77401a10cd31be49cd82f628d64ecf7b0f4c89a8b3d9f6f737a,37d717fb10b6b77401a10cd31be49cd82f628d64ecf7b0f4c89a8b3d9f6f737a
models/wf/work_xgboost_co_wf_final_r1f_std/tables/computational_footprint.json,results/frozen/walk_forward/CO/xgboost/final/tables/computational_footprint.json,SUPPORTING_RESULT,verbatim copy,1520,1520,8809e86b471e3f52580ae028f0efefc61e848dbb7947a12fcfde57281aa78125,8809e86b471e3f52580ae028f0efefc61e848dbb7947a12fcfde57281aa78125
models/wf/work_xgboost_co_wf_final_r1f_std/tables/feature_importance_gain_seed42.csv,results/frozen/walk_forward/CO/xgboost/final/tables/feature_importance_gain_seed42.csv,SUPPORTING_RESULT,verbatim copy,223,223,492bcb78d2545ad73c908230d65fa2488fb211b6a8fed558b5a309ba8d75244e,492bcb78d2545ad73c908230d65fa2488fb211b6a8fed558b5a309ba8d75244e
models/wf/work_xgboost_co_wf_final_r1f_std/tables/model_complexity.csv,results/frozen/walk_forward/CO/xgboost/final/tables/model_complexity.csv,SUPPORTING_RESULT,verbatim copy,1255,1255,37d717fb10b6b77401a10cd31be49cd82f628d64ecf7b0f4c89a8b3d9f6f737a,37d717fb10b6b77401a10cd31be49cd82f628d64ecf7b0f4c89a8b3d9f6f737a
models/wf/work_xgboost_co_wf_final_r1f_std/tables/test_metrics_by_decile.csv,results/frozen/walk_forward/CO/xgboost/final/tables/test_metrics_by_decile.csv,SUPPORTING_RESULT,verbatim copy,1801,1801,6bc821edfc09a503938e6bfa046cd606f8a9c58921c3049c4efe8a7bc7f78ae4,6bc821edfc09a503938e6bfa046cd606f8a9c58921c3049c4efe8a7bc7f78ae4
models/wf/work_xgboost_co_wf_final_r1f_std/tables/test_metrics_by_seed.csv,results/frozen/walk_forward/CO/xgboost/final/tables/test_metrics_by_seed.csv,SUPPORTING_RESULT,verbatim copy,1689,1689,9ee0194fcd5b52e8bff40ef8c3e95845b6c1800e4252e5e87c20c66a40863563,9ee0194fcd5b52e8bff40ef8c3e95845b6c1800e4252e5e87c20c66a40863563
models/wf/work_xgboost_co_wf_final_r1f_std/tables/test_metrics_ensemble.json,results/frozen/walk_forward/CO/xgboost/final/tables/test_metrics_ensemble.json,SUPPORTING_RESULT,verbatim copy,306,306,2e40551cb22311982ac169e4de716805148416f38e5ff8e27df258af99ac4f4f,2e40551cb22311982ac169e4de716805148416f38e5ff8e27df258af99ac4f4f
models/wf/work_xgboost_co_wf_final_r1f_std/tables/test_predictions.csv,results/frozen/walk_forward/CO/xgboost/final/tables/test_predictions.csv,SUPPORTING_RESULT,verbatim copy,1840957,1840957,ac7854eae6f0cfa9fc43479198882480d7cd37709cb4a921468d5a0326c52558,ac7854eae6f0cfa9fc43479198882480d7cd37709cb4a921468d5a0326c52558
models/wf/work_xgboost_co_wf_final_r1f_std/tables/test_summary_multiseed.csv,results/frozen/walk_forward/CO/xgboost/final/tables/test_summary_multiseed.csv,SUPPORTING_RESULT,verbatim copy,952,952,d9a64ee3a36c8ea939d2af9f88c41a04cac2a02bf6326e08b09021c08ab6ebe4,d9a64ee3a36c8ea939d2af9f88c41a04cac2a02bf6326e08b09021c08ab6ebe4
models/wf/work_xgboost_co_wf_final_r1f_std/tables/training_summary_by_seed.csv,results/frozen/walk_forward/CO/xgboost/final/tables/training_summary_by_seed.csv,SUPPORTING_RESULT,verbatim copy,1127,1127,cefe78ca9595f8824d6d884ac3e23eeffbf6fed92567e19bfbf63715835b41a0,cefe78ca9595f8824d6d884ac3e23eeffbf6fed92567e19bfbf63715835b41a0
models/wf/work_xgboost_co_wf_opt_r1_poc_efficient/audit/ENVIRONMENT_XGBOOST_CO_WF_R1.json,results/frozen/walk_forward/CO/xgboost/optimization/audit/ENVIRONMENT_XGBOOST_CO_WF_R1.json,REPRODUCIBILITY_ARTIFACT,verbatim copy,632,632,0e2f75f89676a93b8feeaa20b90eb4eab1db6d2ad8812602d199c59bd0d93cca,0e2f75f89676a93b8feeaa20b90eb4eab1db6d2ad8812602d199c59bd0d93cca
models/wf/work_xgboost_co_wf_opt_r1_poc_efficient/audit/HASHES_XGBOOST_CO_WF_OPT_R1.csv,results/frozen/walk_forward/CO/xgboost/optimization/audit/HASHES_XGBOOST_CO_WF_OPT_R1.csv,REPRODUCIBILITY_ARTIFACT,verbatim copy,3094,3094,0cecf255d2c93b9dcf8af7d7e23c4ff1e19712c1eaecd910768ad763e7840f97,0cecf255d2c93b9dcf8af7d7e23c4ff1e19712c1eaecd910768ad763e7840f97
models/wf/work_xgboost_co_wf_opt_r1_poc_efficient/audit/PROTOCOL_INPUT_HASHES_XGBOOST_CO_WF_R1.csv,results/frozen/walk_forward/CO/xgboost/optimization/audit/PROTOCOL_INPUT_HASHES_XGBOOST_CO_WF_R1.csv,REPRODUCIBILITY_ARTIFACT,verbatim copy,890,890,4abddc420b1d835441846f4e0186a9b49acde7d744e0aaee11cd0837761f7bb7,4abddc420b1d835441846f4e0186a9b49acde7d744e0aaee11cd0837761f7bb7
models/wf/work_xgboost_co_wf_opt_r1_poc_efficient/audit/STUDY_FINGERPRINT_XGBOOST_CO_WF_FULL_AUTO_R1.json,results/frozen/walk_forward/CO/xgboost/optimization/audit/STUDY_FINGERPRINT_XGBOOST_CO_WF_FULL_AUTO_R1.json,REPRODUCIBILITY_ARTIFACT,verbatim copy,3098,3098,e1ba921794d4ae8bc29803a5da4aad33ad760b7b140492e26ee046a65f5529da,e1ba921794d4ae8bc29803a5da4aad33ad760b7b140492e26ee046a65f5529da
models/wf/work_xgboost_co_wf_opt_r1_poc_efficient/audit/TARGET_ACCESS_AUDIT_XGBOOST_CO_WF_R1.json,results/frozen/walk_forward/CO/xgboost/optimization/audit/TARGET_ACCESS_AUDIT_XGBOOST_CO_WF_R1.json,REPRODUCIBILITY_ARTIFACT,verbatim copy,1206,1206,a98b0d3247ef992515e7e688e211d4f51dc2d5c0271f63b534c3785ca49a1aa4,a98b0d3247ef992515e7e688e211d4f51dc2d5c0271f63b534c3785ca49a1aa4
models/wf/work_xgboost_co_wf_opt_r1_poc_efficient/figures/01_historia_optuna_dev.png,results/frozen/walk_forward/CO/xgboost/optimization/figures/01_historia_optuna_dev.png,CAMPAIGN_FIGURES,verbatim copy,103627,103627,a46c8a66cd775c0e20cd7509d5cfeba9802bcd4cb6ddaa5996519850bc1a1268,a46c8a66cd775c0e20cd7509d5cfeba9802bcd4cb6ddaa5996519850bc1a1268
models/wf/work_xgboost_co_wf_opt_r1_poc_efficient/figures/02_robustez_candidatos_dev.png,results/frozen/walk_forward/CO/xgboost/optimization/figures/02_robustez_candidatos_dev.png,CAMPAIGN_FIGURES,verbatim copy,65098,65098,e37c82cd8582d894d22ba4f5e0e65521b9bc548c64a63ee2d3073138a6779ec1,e37c82cd8582d894d22ba4f5e0e65521b9bc548c64a63ee2d3073138a6779ec1
models/wf/work_xgboost_co_wf_opt_r1_poc_efficient/figures/03_rondas_finales_dev.png,results/frozen/walk_forward/CO/xgboost/optimization/figures/03_rondas_finales_dev.png,CAMPAIGN_FIGURES,verbatim copy,32710,32710,cd37b211e139c1cc7dd2aab15259d249fd55795d12244da2b0e7e4c91698d385,cd37b211e139c1cc7dd2aab15259d249fd55795d12244da2b0e7e4c91698d385
models/wf/work_xgboost_co_wf_opt_r1_poc_efficient/reports/HANDOFF_XGBOOST_CO_WF_R1_TO_FINAL.json,results/frozen/walk_forward/CO/xgboost/optimization/reports/HANDOFF_XGBOOST_CO_WF_R1_TO_FINAL.json,CAMPAIGN_REPORTS,verbatim copy,911,911,2445fa20830201cd40af88a59e591044a512589895d5fb128d04aa7664fdca46,2445fa20830201cd40af88a59e591044a512589895d5fb128d04aa7664fdca46
models/wf/work_xgboost_co_wf_opt_r1_poc_efficient/reports/INFORME_TECNICO_XGBOOST_CO_WF_OPT_R1.md,results/frozen/walk_forward/CO/xgboost/optimization/reports/INFORME_TECNICO_XGBOOST_CO_WF_OPT_R1.md,CAMPAIGN_REPORTS,verbatim copy,737,737,730f381cde78a783a00de57d012b1a6785555663daa7ebfb99eac91f904bab78,730f381cde78a783a00de57d012b1a6785555663daa7ebfb99eac91f904bab78
models/wf/work_xgboost_co_wf_opt_r1_poc_efficient/tables/ANCHOR_FOLDS_XGBOOST_CO_WF_R1.csv,results/frozen/walk_forward/CO/xgboost/optimization/tables/ANCHOR_FOLDS_XGBOOST_CO_WF_R1.csv,SUPPORTING_RESULT,verbatim copy,5955,5955,f1cd3b20f35247bda890a669cbc08aa1972615d2f9659594eb2193b5650fe21a,f1cd3b20f35247bda890a669cbc08aa1972615d2f9659594eb2193b5650fe21a
models/wf/work_xgboost_co_wf_opt_r1_poc_efficient/tables/ANCHOR_SUMMARY_XGBOOST_CO_WF_R1.csv,results/frozen/walk_forward/CO/xgboost/optimization/tables/ANCHOR_SUMMARY_XGBOOST_CO_WF_R1.csv,SUPPORTING_RESULT,verbatim copy,2491,2491,e652f51dabf2d851c44af304013ab914ffa323021df838fa248c7f466b59dd7a,e652f51dabf2d851c44af304013ab914ffa323021df838fa248c7f466b59dd7a
models/wf/work_xgboost_co_wf_opt_r1_poc_efficient/tables/CONFIRMATION_EXTENSION_FOLDS_XGBOOST_CO_WF_R1.csv,results/frozen/walk_forward/CO/xgboost/optimization/tables/CONFIRMATION_EXTENSION_FOLDS_XGBOOST_CO_WF_R1.csv,SUPPORTING_RESULT,verbatim copy,2968,2968,3539ff4bcfd4388655c32c0a64574c69edb908a9edd03f4e0d8a116b91890e72,3539ff4bcfd4388655c32c0a64574c69edb908a9edd03f4e0d8a116b91890e72
models/wf/work_xgboost_co_wf_opt_r1_poc_efficient/tables/CONFIRMATION_EXTENSION_SUMMARY_XGBOOST_CO_WF_R1.csv,results/frozen/walk_forward/CO/xgboost/optimization/tables/CONFIRMATION_EXTENSION_SUMMARY_XGBOOST_CO_WF_R1.csv,SUPPORTING_RESULT,verbatim copy,1067,1067,13d3d4aa2c1e4cd16aecc35a91def0fb271c8084a9cf98edeadd7e324ebc6e9d,13d3d4aa2c1e4cd16aecc35a91def0fb271c8084a9cf98edeadd7e324ebc6e9d
models/wf/work_xgboost_co_wf_opt_r1_poc_efficient/tables/CONFIRMATION_FINAL_FOLDS_XGBOOST_CO_WF_R1.csv,results/frozen/walk_forward/CO/xgboost/optimization/tables/CONFIRMATION_FINAL_FOLDS_XGBOOST_CO_WF_R1.csv,SUPPORTING_RESULT,verbatim copy,7081,7081,ed777c2c20e44a6e123ea48509e393b558879787e0442c9f3096b4f64a2155ac,ed777c2c20e44a6e123ea48509e393b558879787e0442c9f3096b4f64a2155ac
models/wf/work_xgboost_co_wf_opt_r1_poc_efficient/tables/CONFIRMATION_FINAL_RANKING_XGBOOST_CO_WF_R1.csv,results/frozen/walk_forward/CO/xgboost/optimization/tables/CONFIRMATION_FINAL_RANKING_XGBOOST_CO_WF_R1.csv,SUPPORTING_RESULT,verbatim copy,880,880,d0402e5831f9d1124a3ff0e45663d347cfb76821ed19eb76dd84c5a342769d17,d0402e5831f9d1124a3ff0e45663d347cfb76821ed19eb76dd84c5a342769d17
models/wf/work_xgboost_co_wf_opt_r1_poc_efficient/tables/CONFIRMATION_SCREENING_FOLDS_XGBOOST_CO_WF_R1.csv,results/frozen/walk_forward/CO/xgboost/optimization/tables/CONFIRMATION_SCREENING_FOLDS_XGBOOST_CO_WF_R1.csv,SUPPORTING_RESULT,verbatim copy,6392,6392,22038bd21ccae2dc9671c7cedce43332282ca2d8394a47f60460fd45b6130c00,22038bd21ccae2dc9671c7cedce43332282ca2d8394a47f60460fd45b6130c00
models/wf/work_xgboost_co_wf_opt_r1_poc_efficient/tables/CONFIRMATION_SCREENING_SUMMARY_XGBOOST_CO_WF_R1.csv,results/frozen/walk_forward/CO/xgboost/optimization/tables/CONFIRMATION_SCREENING_SUMMARY_XGBOOST_CO_WF_R1.csv,SUPPORTING_RESULT,verbatim copy,2161,2161,646c9b44b3b377fdfad6ee1e0ddb79e04e584be9f0d00338f6599c455542e922,646c9b44b3b377fdfad6ee1e0ddb79e04e584be9f0d00338f6599c455542e922
models/wf/work_xgboost_co_wf_opt_r1_poc_efficient/tables/DEVELOPMENT_RANKING_XGBOOST_CO_WF_R1.csv,results/frozen/walk_forward/CO/xgboost/optimization/tables/DEVELOPMENT_RANKING_XGBOOST_CO_WF_R1.csv,SUPPORTING_RESULT,verbatim copy,16459,16459,39fe64c343495dd2d14e30dad7bf43f409825bde4f6c11092722a333e44c6edb,39fe64c343495dd2d14e30dad7bf43f409825bde4f6c11092722a333e44c6edb
models/wf/work_xgboost_co_wf_opt_r1_poc_efficient/tables/FOLD_RECONSTRUCTION_XGBOOST_CO_WF_R1.csv,results/frozen/walk_forward/CO/xgboost/optimization/tables/FOLD_RECONSTRUCTION_XGBOOST_CO_WF_R1.csv,SUPPORTING_RESULT,verbatim copy,170,170,4f9079ef815e70bbdd5af0eef1faecdf3310ae89b987022dcf827fef6357b538,4f9079ef815e70bbdd5af0eef1faecdf3310ae89b987022dcf827fef6357b538
models/wf/work_xgboost_co_wf_opt_r1_poc_efficient/tables/OPTUNA_FOLDS_XGBOOST_CO_WF_R1.csv,results/frozen/walk_forward/CO/xgboost/optimization/tables/OPTUNA_FOLDS_XGBOOST_CO_WF_R1.csv,SUPPORTING_RESULT,verbatim copy,20576,20576,2750ca7eefb1c73f8d86d67dbea3880ab9fa0da5ff38580dc39ab42946d636ac,2750ca7eefb1c73f8d86d67dbea3880ab9fa0da5ff38580dc39ab42946d636ac
models/wf/work_xgboost_co_wf_opt_r1_poc_efficient/tables/OPTUNA_TRIALS_XGBOOST_CO_WF_R1.csv,results/frozen/walk_forward/CO/xgboost/optimization/tables/OPTUNA_TRIALS_XGBOOST_CO_WF_R1.csv,SUPPORTING_RESULT,verbatim copy,14983,14983,34dd42d830b800fa6db9b9840efe86d213b28aeb3ccc42e9b0c73f082191e31a,34dd42d830b800fa6db9b9840efe86d213b28aeb3ccc42e9b0c73f082191e31a
models/wf/work_xgboost_co_wf_opt_r1_poc_efficient/tables/STOP_HISTORY_XGBOOST_CO_WF_R1.csv,results/frozen/walk_forward/CO/xgboost/optimization/tables/STOP_HISTORY_XGBOOST_CO_WF_R1.csv,SUPPORTING_RESULT,verbatim copy,162,162,c727d1e796f391a79ff474d69108f7bd8c62608f2730dcc5818c7ee450134288,c727d1e796f391a79ff474d69108f7bd8c62608f2730dcc5818c7ee450134288
models/wf/work_pinn_nox_wf_final_r3_std/audit/ENVIRONMENT_NOX_WF_FINAL_R3F_STD.json,results/frozen/walk_forward/NOx/dense_pinn/final/audit/ENVIRONMENT_NOX_WF_FINAL_R3F_STD.json,REPRODUCIBILITY_ARTIFACT,verbatim copy,515,515,ce80e1878af41a4bc3d81bae8d99e9d131ad0d22eab933f31d4fc71874a853d2,ce80e1878af41a4bc3d81bae8d99e9d131ad0d22eab933f31d4fc71874a853d2
models/wf/work_pinn_nox_wf_final_r3_std/audit/execution_metadata.json,results/frozen/walk_forward/NOx/dense_pinn/final/audit/execution_metadata.json,REPRODUCIBILITY_ARTIFACT,verbatim copy,998,998,bef2b5de357f8ab4bae9d66afcd125916055570a078b712c3036ac3bd1420e3e,bef2b5de357f8ab4bae9d66afcd125916055570a078b712c3036ac3bd1420e3e
models/wf/work_pinn_nox_wf_final_r3_std/audit/FROZEN_INPUT_AUDIT_NOX_WF_FINAL_R3.csv,results/frozen/walk_forward/NOx/dense_pinn/final/audit/FROZEN_INPUT_AUDIT_NOX_WF_FINAL_R3.csv,REPRODUCIBILITY_ARTIFACT,verbatim copy,1778,1778,3c551abd3e9f62dd4a9c6541fedad4adc8249c91b69b56328f156d85103e210e,3c551abd3e9f62dd4a9c6541fedad4adc8249c91b69b56328f156d85103e210e
models/wf/work_pinn_nox_wf_final_r3_std/audit/HASHES_NOX_WF_FINAL_R3F_STD.csv,results/frozen/walk_forward/NOx/dense_pinn/final/audit/HASHES_NOX_WF_FINAL_R3F_STD.csv,REPRODUCIBILITY_ARTIFACT,verbatim copy,4243,4243,031243fd30ba92385bd6bebb3079419f4d505158ec739718888343a0810bb0f1,031243fd30ba92385bd6bebb3079419f4d505158ec739718888343a0810bb0f1
models/wf/work_pinn_nox_wf_final_r3_std/audit/PRE_TEST_GATE_R3F_STD.json,results/frozen/walk_forward/NOx/dense_pinn/final/audit/PRE_TEST_GATE_R3F_STD.json,REPRODUCIBILITY_ARTIFACT,verbatim copy,5452,5452,7e27d1050197f93647cb8ca6c78e34850633e1ef437f13f8ca3d8c7aff0b0c9a,7e27d1050197f93647cb8ca6c78e34850633e1ef437f13f8ca3d8c7aff0b0c9a
models/wf/work_pinn_nox_wf_final_r3_std/audit/PRETRAINING_CHECKS_R3F_STD.csv,results/frozen/walk_forward/NOx/dense_pinn/final/audit/PRETRAINING_CHECKS_R3F_STD.csv,REPRODUCIBILITY_ARTIFACT,verbatim copy,284,284,d679760bbf477edda0c8b4704e816d18e313cd6cbf462e3a884a7ad89df67c71,d679760bbf477edda0c8b4704e816d18e313cd6cbf462e3a884a7ad89df67c71
models/wf/work_pinn_nox_wf_final_r3_std/audit/TARGET_ACCESS_AUDIT_PRE_TEST_R3F_STD.json,results/frozen/walk_forward/NOx/dense_pinn/final/audit/TARGET_ACCESS_AUDIT_PRE_TEST_R3F_STD.json,REPRODUCIBILITY_ARTIFACT,verbatim copy,987,987,ef097ceac183e6899e0809ec5280f8dd860517722f2d983ae1412604a41b5164,ef097ceac183e6899e0809ec5280f8dd860517722f2d983ae1412604a41b5164
models/wf/work_pinn_nox_wf_final_r3_std/audit/TEST_ACCESS_AUDIT_R3F_STD.json,results/frozen/walk_forward/NOx/dense_pinn/final/audit/TEST_ACCESS_AUDIT_R3F_STD.json,REPRODUCIBILITY_ARTIFACT,verbatim copy,540,540,b6aaabde8317dd9af0c8526af362302ffdb95ebbc021bd00617e01bec6323c91,b6aaabde8317dd9af0c8526af362302ffdb95ebbc021bd00617e01bec6323c91
models/wf/work_pinn_nox_wf_final_r3_std/audit/UPSTREAM_INPUT_CONTRACT_R3F_STD.json,results/frozen/walk_forward/NOx/dense_pinn/final/audit/UPSTREAM_INPUT_CONTRACT_R3F_STD.json,REPRODUCIBILITY_ARTIFACT,verbatim copy,585,585,5ca7b81e0a6dacad6b4826da689c22c4a53c68f19a12deec2de990b1144f7b67,5ca7b81e0a6dacad6b4826da689c22c4a53c68f19a12deec2de990b1144f7b67
models/wf/work_pinn_nox_wf_final_r3_std/figures/summary/06_metricas_por_semilla.png,results/frozen/walk_forward/NOx/dense_pinn/final/figures/summary/06_metricas_por_semilla.png,CAMPAIGN_FIGURES,verbatim copy,446191,446191,3036990bedbdd6042c2eb314d070231ff6b29baed350a017ab1010cd7a717e30,3036990bedbdd6042c2eb314d070231ff6b29baed350a017ab1010cd7a717e30
models/wf/work_pinn_nox_wf_final_r3_std/figures/summary/07_perdidas_entrenamiento_seed42.png,results/frozen/walk_forward/NOx/dense_pinn/final/figures/summary/07_perdidas_entrenamiento_seed42.png,CAMPAIGN_FIGURES,verbatim copy,106564,106564,908f9b63b11daeb90976d54a9326e82816e93db5fe5c5482520b26f6b8aa8cf1,908f9b63b11daeb90976d54a9326e82816e93db5fe5c5482520b26f6b8aa8cf1
models/wf/work_pinn_nox_wf_final_r3_std/figures/test/01_paridad_ensamble_TEST.png,results/frozen/walk_forward/NOx/dense_pinn/final/figures/test/01_paridad_ensamble_TEST.png,CAMPAIGN_FIGURES,verbatim copy,1165265,1165265,a04c6be0e8eb2272daef93645cbe4303485bdc619eb186120fd58dab5fe2d289,a04c6be0e8eb2272daef93645cbe4303485bdc619eb186120fd58dab5fe2d289
models/wf/work_pinn_nox_wf_final_r3_std/figures/test/02_serie_ensamble_DEV.png,results/frozen/walk_forward/NOx/dense_pinn/final/figures/test/02_serie_ensamble_DEV.png,CAMPAIGN_FIGURES,verbatim copy,460528,460528,58223749b641fbebfb73b299c81f0a177dc67838f418fd17e47e2b015876c62e,58223749b641fbebfb73b299c81f0a177dc67838f418fd17e47e2b015876c62e
models/wf/work_pinn_nox_wf_final_r3_std/figures/test/02_serie_ensamble_TEST.png,results/frozen/walk_forward/NOx/dense_pinn/final/figures/test/02_serie_ensamble_TEST.png,CAMPAIGN_FIGURES,verbatim copy,413453,413453,08c42f212d361e01eaef0c01fae6b58573b22264cecfe2355919ee6ffd61e5dd,08c42f212d361e01eaef0c01fae6b58573b22264cecfe2355919ee6ffd61e5dd
models/wf/work_pinn_nox_wf_final_r3_std/figures/test/03_diagnostico_residuales_TEST.png,results/frozen/walk_forward/NOx/dense_pinn/final/figures/test/03_diagnostico_residuales_TEST.png,CAMPAIGN_FIGURES,verbatim copy,574882,574882,ff7d011a6b72b757e3fbf6930a1ab1d85ebf4ba2c6934ec18e84e44788a3ec76,ff7d011a6b72b757e3fbf6930a1ab1d85ebf4ba2c6934ec18e84e44788a3ec76
models/wf/work_pinn_nox_wf_final_r3_std/figures/test/04_residuales_vs_TIT_TEST.png,results/frozen/walk_forward/NOx/dense_pinn/final/figures/test/04_residuales_vs_TIT_TEST.png,CAMPAIGN_FIGURES,verbatim copy,614083,614083,82ff8f958866d7c6e937043577c07a0b74acd4626c891833eda5c7b3516a18ea,82ff8f958866d7c6e937043577c07a0b74acd4626c891833eda5c7b3516a18ea
models/wf/work_pinn_nox_wf_final_r3_std/figures/test/05_gradiente_TIT_TEST_seed42.png,results/frozen/walk_forward/NOx/dense_pinn/final/figures/test/05_gradiente_TIT_TEST_seed42.png,CAMPAIGN_FIGURES,verbatim copy,75492,75492,bf82c3aa1269b8db57e7e6734468c46f6b1b4a69a9bb70e2afdaee4b68470951,bf82c3aa1269b8db57e7e6734468c46f6b1b4a69a9bb70e2afdaee4b68470951
models/wf/work_pinn_nox_wf_final_r3_std/reports/INFORME_TECNICO_NOX_WF_FINAL_R3F_STD.md,results/frozen/walk_forward/NOx/dense_pinn/final/reports/INFORME_TECNICO_NOX_WF_FINAL_R3F_STD.md,CAMPAIGN_REPORTS,verbatim copy,1891,1891,25369989a1176538984affd8521adcdce3bc02858b063ea45c8af4cf06903403,25369989a1176538984affd8521adcdce3bc02858b063ea45c8af4cf06903403
models/wf/work_pinn_nox_wf_final_r3_std/reports/README_EJECUCION_COLAB_NOX_WF_FINAL_R3F_STD.md,results/frozen/walk_forward/NOx/dense_pinn/final/reports/README_EJECUCION_COLAB_NOX_WF_FINAL_R3F_STD.md,CAMPAIGN_REPORTS,verbatim copy,517,517,b26b83d675a7ac37e65d7c184d45e7870441c8abaa29961cee6ffa581b823621,b26b83d675a7ac37e65d7c184d45e7870441c8abaa29961cee6ffa581b823621
models/wf/work_pinn_nox_wf_final_r3_std/MANIFEST_NOX_WF_FINAL_R3F_STD.json,results/frozen/walk_forward/NOx/dense_pinn/final/state/MANIFEST_NOX_WF_FINAL_R3F_STD.json,CAMPAIGN_STATE_OR_MANIFEST,verbatim copy,13052,13052,60c4a6c6553d6c2061e4c68a5d42ecaf1b64b2fa588de04f770b637ea262d6ab,60c4a6c6553d6c2061e4c68a5d42ecaf1b64b2fa588de04f770b637ea262d6ab
models/wf/work_pinn_nox_wf_final_r3_std/tables/computational_footprint.csv,results/frozen/walk_forward/NOx/dense_pinn/final/tables/computational_footprint.csv,SUPPORTING_RESULT,verbatim copy,1509,1509,f8e0d5e8bf26a9dd42c73920b976cf6a683b2efccf1d9715ddb4e8f6082ef6c2,f8e0d5e8bf26a9dd42c73920b976cf6a683b2efccf1d9715ddb4e8f6082ef6c2
models/wf/work_pinn_nox_wf_final_r3_std/tables/computational_footprint.json,results/frozen/walk_forward/NOx/dense_pinn/final/tables/computational_footprint.json,SUPPORTING_RESULT,verbatim copy,1800,1800,e2737d69301e8a912b5e73e8b4eed71848685a8617d613c19bee0f2d3029b651,e2737d69301e8a912b5e73e8b4eed71848685a8617d613c19bee0f2d3029b651
models/wf/work_pinn_nox_wf_final_r3_std/tables/model_complexity.csv,results/frozen/walk_forward/NOx/dense_pinn/final/tables/model_complexity.csv,SUPPORTING_RESULT,verbatim copy,1509,1509,f8e0d5e8bf26a9dd42c73920b976cf6a683b2efccf1d9715ddb4e8f6082ef6c2,f8e0d5e8bf26a9dd42c73920b976cf6a683b2efccf1d9715ddb4e8f6082ef6c2
models/wf/work_pinn_nox_wf_final_r3_std/tables/test_metrics_by_seed.csv,results/frozen/walk_forward/NOx/dense_pinn/final/tables/test_metrics_by_seed.csv,SUPPORTING_RESULT,verbatim copy,6274,6274,3e33a4f5fe21b3cf72849f4e455b1031362e4760ccd6c40be73c5913bc08b7e2,3e33a4f5fe21b3cf72849f4e455b1031362e4760ccd6c40be73c5913bc08b7e2
models/wf/work_pinn_nox_wf_final_r3_std/tables/test_metrics_ensemble.json,results/frozen/walk_forward/NOx/dense_pinn/final/tables/test_metrics_ensemble.json,SUPPORTING_RESULT,verbatim copy,550,550,573a8f3055882ea132f112f85aefbedf2fd1508c665c7352009f2aec8ae36af4,573a8f3055882ea132f112f85aefbedf2fd1508c665c7352009f2aec8ae36af4
models/wf/work_pinn_nox_wf_final_r3_std/tables/test_predictions.csv,results/frozen/walk_forward/NOx/dense_pinn/final/tables/test_predictions.csv,SUPPORTING_RESULT,verbatim copy,1308649,1308649,e39c2d51e08ef653f2784f42d7a9fbb491f952afa18dfa8e591fabfd8a33095b,e39c2d51e08ef653f2784f42d7a9fbb491f952afa18dfa8e591fabfd8a33095b
models/wf/work_pinn_nox_wf_final_r3_std/tables/test_summary_multiseed.csv,results/frozen/walk_forward/NOx/dense_pinn/final/tables/test_summary_multiseed.csv,SUPPORTING_RESULT,verbatim copy,1453,1453,0313899630bb7950276171cac1e8c47c9b1613f6900944036be36480d0a9b6e6,0313899630bb7950276171cac1e8c47c9b1613f6900944036be36480d0a9b6e6
models/wf/work_pinn_nox_wf_final_r3_std/tables/training_history_by_seed.csv,results/frozen/walk_forward/NOx/dense_pinn/final/tables/training_history_by_seed.csv,SUPPORTING_RESULT,verbatim copy,42416,42416,2aa8b4dd56d80dcf9925c09b6a03024345532364c70531e334eb8924005bb71e,2aa8b4dd56d80dcf9925c09b6a03024345532364c70531e334eb8924005bb71e
models/wf/work_pinn_nox_wf_final_r3_std/tables/training_summary_by_seed.csv,results/frozen/walk_forward/NOx/dense_pinn/final/tables/training_summary_by_seed.csv,SUPPORTING_RESULT,verbatim copy,1898,1898,a6134ba10b51ce950a4af479332043d6232e9c37cf531f995eebdf5162e20b97,a6134ba10b51ce950a4af479332043d6232e9c37cf531f995eebdf5162e20b97
models/wf/work_pinn_nox_wf_opt_r3_poc_efficient/audit/ENVIRONMENT_NOX_WF_R3.json,results/frozen/walk_forward/NOx/dense_pinn/optimization/audit/ENVIRONMENT_NOX_WF_R3.json,REPRODUCIBILITY_ARTIFACT,verbatim copy,853,853,fe5a7eabc65d2cb35d00a2a51a2bcfbd70769c95b4f734c66c1a17431aca9563,fe5a7eabc65d2cb35d00a2a51a2bcfbd70769c95b4f734c66c1a17431aca9563
models/wf/work_pinn_nox_wf_opt_r3_poc_efficient/audit/execution_metadata.json,results/frozen/walk_forward/NOx/dense_pinn/optimization/audit/execution_metadata.json,REPRODUCIBILITY_ARTIFACT,verbatim copy,1039,1039,df117268b548cd950e4a9fef1e22a3c7e7ceae55d50c8f7942ea34897db27a0b,df117268b548cd950e4a9fef1e22a3c7e7ceae55d50c8f7942ea34897db27a0b
models/wf/work_pinn_nox_wf_opt_r3_poc_efficient/audit/HASHES_ARTEFACTOS_NOX_WF_R3.csv,results/frozen/walk_forward/NOx/dense_pinn/optimization/audit/HASHES_ARTEFACTOS_NOX_WF_R3.csv,REPRODUCIBILITY_ARTIFACT,verbatim copy,4149,4149,a59868c34adcc78de4984db2b375ee83f5b779b6280466b3304dc461bce9a2ee,a59868c34adcc78de4984db2b375ee83f5b779b6280466b3304dc461bce9a2ee
models/wf/work_pinn_nox_wf_opt_r3_poc_efficient/audit/OPTUNA_TRIAL_COUNTS_NOX_WF_R3.json,results/frozen/walk_forward/NOx/dense_pinn/optimization/audit/OPTUNA_TRIAL_COUNTS_NOX_WF_R3.json,REPRODUCIBILITY_ARTIFACT,verbatim copy,110,110,cd0bae29d7bb3b470674a32a363d5c4ab0f66665ece1687a9ff194222d3cd92a,cd0bae29d7bb3b470674a32a363d5c4ab0f66665ece1687a9ff194222d3cd92a
models/wf/work_pinn_nox_wf_opt_r3_poc_efficient/audit/PARALLEL_EQUIVALENCE_NOX_WF_R3.csv,results/frozen/walk_forward/NOx/dense_pinn/optimization/audit/PARALLEL_EQUIVALENCE_NOX_WF_R3.csv,REPRODUCIBILITY_ARTIFACT,verbatim copy,4996,4996,3ac2885dcfa7108c8e6be5ae74e4e4dfb3fa66aa8c133ac313269087af57cf89,3ac2885dcfa7108c8e6be5ae74e4e4dfb3fa66aa8c133ac313269087af57cf89
models/wf/work_pinn_nox_wf_opt_r3_poc_efficient/audit/PARALLEL_PREFLIGHT_BENCHMARK_NOX_WF_R3.csv,results/frozen/walk_forward/NOx/dense_pinn/optimization/audit/PARALLEL_PREFLIGHT_BENCHMARK_NOX_WF_R3.csv,REPRODUCIBILITY_ARTIFACT,verbatim copy,279,279,6889a94dd044d5d290ad751f2c26c9a0cc167e5ae0e21f78535c1bdd9361fd3f,6889a94dd044d5d290ad751f2c26c9a0cc167e5ae0e21f78535c1bdd9361fd3f
models/wf/work_pinn_nox_wf_opt_r3_poc_efficient/audit/PARALLEL_PROFILE_NOX_WF_R3.json,results/frozen/walk_forward/NOx/dense_pinn/optimization/audit/PARALLEL_PROFILE_NOX_WF_R3.json,REPRODUCIBILITY_ARTIFACT,verbatim copy,1930,1930,5042cb69ca0bb7b23cd3c138ec7fac2f0d3b59c4c07c2f160f908d7f37a08a5a,5042cb69ca0bb7b23cd3c138ec7fac2f0d3b59c4c07c2f160f908d7f37a08a5a
models/wf/work_pinn_nox_wf_opt_r3_poc_efficient/audit/PROTOCOL_INPUT_HASHES_NOX_WF_R3.csv,results/frozen/walk_forward/NOx/dense_pinn/optimization/audit/PROTOCOL_INPUT_HASHES_NOX_WF_R3.csv,REPRODUCIBILITY_ARTIFACT,verbatim copy,890,890,4abddc420b1d835441846f4e0186a9b49acde7d744e0aaee11cd0837761f7bb7,4abddc420b1d835441846f4e0186a9b49acde7d744e0aaee11cd0837761f7bb7
models/wf/work_pinn_nox_wf_opt_r3_poc_efficient/audit/R2_DEVELOPMENT_EVIDENCE_IMPORT_MANIFEST_NOX_WF_R3.json,results/frozen/walk_forward/NOx/dense_pinn/optimization/audit/R2_DEVELOPMENT_EVIDENCE_IMPORT_MANIFEST_NOX_WF_R3.json,REPRODUCIBILITY_ARTIFACT,verbatim copy,1662,1662,7c51520fce6ad15a33cce04a74aad16f71bc03e93b700179383335ac0305a3ef,7c51520fce6ad15a33cce04a74aad16f71bc03e93b700179383335ac0305a3ef
models/wf/work_pinn_nox_wf_opt_r3_poc_efficient/audit/REPRODUCIBILITY_CHECKS_NOX_WF_R3.csv,results/frozen/walk_forward/NOx/dense_pinn/optimization/audit/REPRODUCIBILITY_CHECKS_NOX_WF_R3.csv,REPRODUCIBILITY_ARTIFACT,verbatim copy,274,274,cb7ec94c0ad88e13ef0e501a2e241fec457acc2fdd43ef8369c02377eba344a4,cb7ec94c0ad88e13ef0e501a2e241fec457acc2fdd43ef8369c02377eba344a4
models/wf/work_pinn_nox_wf_opt_r3_poc_efficient/audit/RUNTIME_LINEAGE_CONTRACT_NOX_WF_R3.json,results/frozen/walk_forward/NOx/dense_pinn/optimization/audit/RUNTIME_LINEAGE_CONTRACT_NOX_WF_R3.json,REPRODUCIBILITY_ARTIFACT,verbatim copy,545,545,e770d3db09349ad5aa4192ded74a24cf0508a1f8a4a036f2f358e8bdb9dde720,e770d3db09349ad5aa4192ded74a24cf0508a1f8a4a036f2f358e8bdb9dde720
models/wf/work_pinn_nox_wf_opt_r3_poc_efficient/audit/TARGET_ACCESS_AUDIT_NOX_WF_R3.json,results/frozen/walk_forward/NOx/dense_pinn/optimization/audit/TARGET_ACCESS_AUDIT_NOX_WF_R3.json,REPRODUCIBILITY_ARTIFACT,verbatim copy,1138,1138,17a30b129a7e900545ca5bf24fe0e20a0ef9253ad23d282fcd9f152fb091d8c5,17a30b129a7e900545ca5bf24fe0e20a0ef9253ad23d282fcd9f152fb091d8c5
models/wf/work_pinn_nox_wf_opt_r3_poc_efficient/reports/HANDOFF_NOX_WF_R3_A_FINAL_STD.md,results/frozen/walk_forward/NOx/dense_pinn/optimization/reports/HANDOFF_NOX_WF_R3_A_FINAL_STD.md,CAMPAIGN_REPORTS,verbatim copy,2546,2546,f71d4eb26abec1a1f69e4e627610ee22e0108264f70aaff2d3fa30dcb2824880,f71d4eb26abec1a1f69e4e627610ee22e0108264f70aaff2d3fa30dcb2824880
models/wf/work_pinn_nox_wf_opt_r3_poc_efficient/reports/INFORME_TECNICO_OPTIMIZACION_NOX_WF_R3.md,results/frozen/walk_forward/NOx/dense_pinn/optimization/reports/INFORME_TECNICO_OPTIMIZACION_NOX_WF_R3.md,CAMPAIGN_REPORTS,verbatim copy,392,392,8a7fa8918e4c7d836e60aacf4da316d30cf9537a2175c247bf080e62dd8949d0,8a7fa8918e4c7d836e60aacf4da316d30cf9537a2175c247bf080e62dd8949d0
models/wf/work_pinn_nox_wf_opt_r3_poc_efficient/reports/README_EJECUCION_COLAB_NOX_WF_OPT_R3_POC_EFFICIENT.md,results/frozen/walk_forward/NOx/dense_pinn/optimization/reports/README_EJECUCION_COLAB_NOX_WF_OPT_R3_POC_EFFICIENT.md,CAMPAIGN_REPORTS,verbatim copy,715,715,4288c2654aafbecb9dbfd3a4a53206717c60cf751d76b4aff6c01c88b3954ad3,4288c2654aafbecb9dbfd3a4a53206717c60cf751d76b4aff6c01c88b3954ad3
models/wf/work_pinn_nox_wf_opt_r3_poc_efficient/campaign_phase_state.json,results/frozen/walk_forward/NOx/dense_pinn/optimization/state/campaign_phase_state.json,CAMPAIGN_STATE_OR_MANIFEST,verbatim copy,446,446,ee94b5795f2e8581b3b7368bc5aff59c3152b3ceec738118b32b67f825eb5513,ee94b5795f2e8581b3b7368bc5aff59c3152b3ceec738118b32b67f825eb5513
models/wf/work_pinn_nox_wf_opt_r3_poc_efficient/campaign_state.json,results/frozen/walk_forward/NOx/dense_pinn/optimization/state/campaign_state.json,CAMPAIGN_STATE_OR_MANIFEST,verbatim copy,3244,3244,fe54306054da781dca182cefb70da6ec7fc85c3159a28f6eddabf15bc9740646,fe54306054da781dca182cefb70da6ec7fc85c3159a28f6eddabf15bc9740646
models/wf/work_pinn_nox_wf_opt_r3_poc_efficient/tables/BEST_EPOCH_SUMMARY_NOX_WF_R3.csv,results/frozen/walk_forward/NOx/dense_pinn/optimization/tables/BEST_EPOCH_SUMMARY_NOX_WF_R3.csv,SUPPORTING_RESULT,verbatim copy,124,124,16744b254d54ab13c1f54814be602784e01c4f3fed9c121893f9f55e70db9460,16744b254d54ab13c1f54814be602784e01c4f3fed9c121893f9f55e70db9460
models/wf/work_pinn_nox_wf_opt_r3_poc_efficient/tables/FOLD_RECONSTRUCTION_NOX_WF_R3.csv,results/frozen/walk_forward/NOx/dense_pinn/optimization/tables/FOLD_RECONSTRUCTION_NOX_WF_R3.csv,SUPPORTING_RESULT,verbatim copy,170,170,4f9079ef815e70bbdd5af0eef1faecdf3310ae89b987022dcf827fef6357b538,4f9079ef815e70bbdd5af0eef1faecdf3310ae89b987022dcf827fef6357b538
models/wf/work_pinn_nox_wf_opt_r3_poc_efficient/tables/HISTORIA_PARADA_ADAPTATIVA_NOX_WF_R3.csv,results/frozen/walk_forward/NOx/dense_pinn/optimization/tables/HISTORIA_PARADA_ADAPTATIVA_NOX_WF_R3.csv,SUPPORTING_RESULT,verbatim copy,1080,1080,e4a8147bac4cd7f82ecacca68ade39f6600f982c8bf0c4c0c0cb2a8d4be10205,e4a8147bac4cd7f82ecacca68ade39f6600f982c8bf0c4c0c0cb2a8d4be10205
models/wf/work_pinn_nox_wf_opt_r3_poc_efficient/tables/MATCHED_ABLATION_PAIRED_DELTAS_NOX_WF_R3.csv,results/frozen/walk_forward/NOx/dense_pinn/optimization/tables/MATCHED_ABLATION_PAIRED_DELTAS_NOX_WF_R3.csv,SUPPORTING_RESULT,verbatim copy,1149,1149,15daa4d077da943fad9ed617d51c2a52c8d1a36438b5c415cfe071fc3a2c4dba,15daa4d077da943fad9ed617d51c2a52c8d1a36438b5c415cfe071fc3a2c4dba
models/wf/work_pinn_nox_wf_opt_r3_poc_efficient/tables/RANKING_FINAL_CANDIDATOS_NOX_WF_R3.csv,results/frozen/walk_forward/NOx/dense_pinn/optimization/tables/RANKING_FINAL_CANDIDATOS_NOX_WF_R3.csv,SUPPORTING_RESULT,verbatim copy,16084,16084,9346a2dd405ad873a671b2bd4270b277f50b29b6606cb410ebf09ce89c1c0ffe,9346a2dd405ad873a671b2bd4270b277f50b29b6606cb410ebf09ce89c1c0ffe
models/wf/work_pinn_nox_wf_opt_r3_poc_efficient/tables/resultados_ablacion_mlp_NOX_WF_R3.csv,results/frozen/walk_forward/NOx/dense_pinn/optimization/tables/resultados_ablacion_mlp_NOX_WF_R3.csv,SUPPORTING_RESULT,verbatim copy,9750,9750,f6e42c797f178fa8927c01249e0aa1a0b2792bdbd2d6ae2cee2837e0864fc728,f6e42c797f178fa8927c01249e0aa1a0b2792bdbd2d6ae2cee2837e0864fc728
models/wf/work_pinn_nox_wf_opt_r3_poc_efficient/tables/resultados_confirmacion_finalistas_5_semillas_NOX_WF_R3.csv,results/frozen/walk_forward/NOx/dense_pinn/optimization/tables/resultados_confirmacion_finalistas_5_semillas_NOX_WF_R3.csv,SUPPORTING_RESULT,verbatim copy,28725,28725,e1e6a04529c72777f20ee15beacf02fd765b57bf7ea27e0962db4d0ddd12ae7e,e1e6a04529c72777f20ee15beacf02fd765b57bf7ea27e0962db4d0ddd12ae7e
models/wf/work_pinn_nox_wf_opt_r3_poc_efficient/tables/resultados_confirmacion_screening_NOX_WF_R3.csv,results/frozen/walk_forward/NOx/dense_pinn/optimization/tables/resultados_confirmacion_screening_NOX_WF_R3.csv,SUPPORTING_RESULT,verbatim copy,26074,26074,2568b1e59516568858f1bf44438cc623f0a19974bfd7337f6465d718be501c18,2568b1e59516568858f1bf44438cc623f0a19974bfd7337f6465d718be501c18
models/wf/work_pinn_nox_wf_opt_r3_poc_efficient/tables/resultados_folds_NOX_WF_R3.csv,results/frozen/walk_forward/NOx/dense_pinn/optimization/tables/resultados_folds_NOX_WF_R3.csv,SUPPORTING_RESULT,verbatim copy,140553,140553,cd5e96263dfb3bb8b35e7af307fcfc211509e7ad1d7ecf97ce82346dc975e4e6,cd5e96263dfb3bb8b35e7af307fcfc211509e7ad1d7ecf97ce82346dc975e4e6
models/wf/work_pinn_nox_wf_opt_r3_poc_efficient/tables/resultados_trials_NOX_WF_R3.csv,results/frozen/walk_forward/NOx/dense_pinn/optimization/tables/resultados_trials_NOX_WF_R3.csv,SUPPORTING_RESULT,verbatim copy,132902,132902,cefdf0f45e72c67056a338bd5b6514fc3081102eb07de9ecaca32b0ba882c027,cefdf0f45e72c67056a338bd5b6514fc3081102eb07de9ecaca32b0ba882c027
models/wf/work_pinn_nox_wf_opt_r3_poc_efficient/tables/RESUMEN_ABLATION_NOX_WF_R3.csv,results/frozen/walk_forward/NOx/dense_pinn/optimization/tables/RESUMEN_ABLATION_NOX_WF_R3.csv,SUPPORTING_RESULT,verbatim copy,742,742,758bdc94ea75758dc11529e37456b0fa6d3ca23d2adafd7f01dee63563e0f568,758bdc94ea75758dc11529e37456b0fa6d3ca23d2adafd7f01dee63563e0f568
models/wf/work_pinn_nox_wf_opt_r3_poc_efficient/tables/RESUMEN_CONFIRMACION_FINALISTAS_NOX_WF_R3.csv,results/frozen/walk_forward/NOx/dense_pinn/optimization/tables/RESUMEN_CONFIRMACION_FINALISTAS_NOX_WF_R3.csv,SUPPORTING_RESULT,verbatim copy,720,720,0f9869ce5f8d68aca1c81c29eb151014f49d09314200e881a49bb0337b82d06e,0f9869ce5f8d68aca1c81c29eb151014f49d09314200e881a49bb0337b82d06e
models/wf/work_pinn_nox_wf_opt_r3_poc_efficient/tables/RESUMEN_CONFIRMACION_SCREENING_NOX_WF_R3.csv,results/frozen/walk_forward/NOx/dense_pinn/optimization/tables/RESUMEN_CONFIRMACION_SCREENING_NOX_WF_R3.csv,SUPPORTING_RESULT,verbatim copy,1006,1006,be080cb6ee5203edbefdaf7b686a8e4888742c9035b0cffbc31aa67e6a21232a,be080cb6ee5203edbefdaf7b686a8e4888742c9035b0cffbc31aa67e6a21232a
models/wf/work_xgboost_nox_wf_final_r1f_std/audit/ENVIRONMENT_XGBOOST_NOX_FINAL_R1F_STD.json,results/frozen/walk_forward/NOx/xgboost/final/audit/ENVIRONMENT_XGBOOST_NOX_FINAL_R1F_STD.json,REPRODUCIBILITY_ARTIFACT,verbatim copy,450,450,e1fabb0aee682613310ef236af4e9d00d34dada147cf998d0191920667fe88eb,e1fabb0aee682613310ef236af4e9d00d34dada147cf998d0191920667fe88eb
models/wf/work_xgboost_nox_wf_final_r1f_std/audit/FROZEN_INPUT_AUDIT_XGBOOST_NOX_WF_R1F.csv,results/frozen/walk_forward/NOx/xgboost/final/audit/FROZEN_INPUT_AUDIT_XGBOOST_NOX_WF_R1F.csv,REPRODUCIBILITY_ARTIFACT,verbatim copy,2081,2081,49df50998036473c3b703552841a58df0e57630eaefb66269726b487a860ab46,49df50998036473c3b703552841a58df0e57630eaefb66269726b487a860ab46
models/wf/work_xgboost_nox_wf_final_r1f_std/audit/HASHES_XGBOOST_NOX_WF_FINAL_R1F_STD.csv,results/frozen/walk_forward/NOx/xgboost/final/audit/HASHES_XGBOOST_NOX_WF_FINAL_R1F_STD.csv,REPRODUCIBILITY_ARTIFACT,verbatim copy,5371,5371,75deb955e7588ad478ff6724dcb3a7d5e54d65ce1260456d192047e1ffc0b984,75deb955e7588ad478ff6724dcb3a7d5e54d65ce1260456d192047e1ffc0b984
models/wf/work_xgboost_nox_wf_final_r1f_std/audit/PRE_TEST_GATE_R1F_STD.json,results/frozen/walk_forward/NOx/xgboost/final/audit/PRE_TEST_GATE_R1F_STD.json,REPRODUCIBILITY_ARTIFACT,verbatim copy,3483,3483,539c50bddd8c0b0cc1adde05b633e6b51def626291ecad415982cf8d3e31550a,539c50bddd8c0b0cc1adde05b633e6b51def626291ecad415982cf8d3e31550a
models/wf/work_xgboost_nox_wf_final_r1f_std/audit/TARGET_ACCESS_AUDIT_PRE_TEST_R1F_STD.json,results/frozen/walk_forward/NOx/xgboost/final/audit/TARGET_ACCESS_AUDIT_PRE_TEST_R1F_STD.json,REPRODUCIBILITY_ARTIFACT,verbatim copy,327,327,417cbcfff4ec43cb00d60c5f1e6dee6f32ac7fbe357de6397d565e8470a0c83b,417cbcfff4ec43cb00d60c5f1e6dee6f32ac7fbe357de6397d565e8470a0c83b
models/wf/work_xgboost_nox_wf_final_r1f_std/audit/TEST_ACCESS_AUDIT_R1F_STD.json,results/frozen/walk_forward/NOx/xgboost/final/audit/TEST_ACCESS_AUDIT_R1F_STD.json,REPRODUCIBILITY_ARTIFACT,verbatim copy,470,470,a6b10fb00e1abfbc2e017dbe7426d082bee91b313ea3d9a2a2075635913456d9,a6b10fb00e1abfbc2e017dbe7426d082bee91b313ea3d9a2a2075635913456d9
models/wf/work_xgboost_nox_wf_final_r1f_std/figures/summary/05_r2_por_semilla.png,results/frozen/walk_forward/NOx/xgboost/final/figures/summary/05_r2_por_semilla.png,CAMPAIGN_FIGURES,verbatim copy,41528,41528,1ebc420e5cf4b0cf23321c3d90b786696ea30442f46cc0ac674acac4cd55e900,1ebc420e5cf4b0cf23321c3d90b786696ea30442f46cc0ac674acac4cd55e900
models/wf/work_xgboost_nox_wf_final_r1f_std/figures/summary/06_rmse_por_decil.png,results/frozen/walk_forward/NOx/xgboost/final/figures/summary/06_rmse_por_decil.png,CAMPAIGN_FIGURES,verbatim copy,29732,29732,0aaa205479257a45fb24dcd0a838247a89ee2949297bb80eb511f2edb3fa6175,0aaa205479257a45fb24dcd0a838247a89ee2949297bb80eb511f2edb3fa6175
models/wf/work_xgboost_nox_wf_final_r1f_std/figures/summary/07_importancia_gain_seed42.png,results/frozen/walk_forward/NOx/xgboost/final/figures/summary/07_importancia_gain_seed42.png,CAMPAIGN_FIGURES,verbatim copy,27354,27354,0dc59d3847cdde893867976d136290a10f4c58d3efb37a5c4cff3f5930e96673,0dc59d3847cdde893867976d136290a10f4c58d3efb37a5c4cff3f5930e96673
models/wf/work_xgboost_nox_wf_final_r1f_std/figures/test/01_paridad_ensamble_TEST.png,results/frozen/walk_forward/NOx/xgboost/final/figures/test/01_paridad_ensamble_TEST.png,CAMPAIGN_FIGURES,verbatim copy,453691,453691,97e7c877ac2ddae64d099ba79c26521d3deaf019dbd28be12c92ef84165e8169,97e7c877ac2ddae64d099ba79c26521d3deaf019dbd28be12c92ef84165e8169
models/wf/work_xgboost_nox_wf_final_r1f_std/figures/test/02_serie_ensamble_DEV.png,results/frozen/walk_forward/NOx/xgboost/final/figures/test/02_serie_ensamble_DEV.png,CAMPAIGN_FIGURES,verbatim copy,265654,265654,685003be2f7e7561d0057ea2994a2aac5059f5b89c00ab45b93312c785260c18,685003be2f7e7561d0057ea2994a2aac5059f5b89c00ab45b93312c785260c18
models/wf/work_xgboost_nox_wf_final_r1f_std/figures/test/02_serie_ensamble_TEST.png,results/frozen/walk_forward/NOx/xgboost/final/figures/test/02_serie_ensamble_TEST.png,CAMPAIGN_FIGURES,verbatim copy,213789,213789,4200be5e1ae9c612fbd79c257eeb2cce46b06b8c504ba30f93a641813d2f0f5a,4200be5e1ae9c612fbd79c257eeb2cce46b06b8c504ba30f93a641813d2f0f5a
models/wf/work_xgboost_nox_wf_final_r1f_std/figures/test/03_diagnostico_residuales_TEST.png,results/frozen/walk_forward/NOx/xgboost/final/figures/test/03_diagnostico_residuales_TEST.png,CAMPAIGN_FIGURES,verbatim copy,220058,220058,5f1454c4c65c026796758c8122efd341d86d598c076afa1d8e4f661465656b69,5f1454c4c65c026796758c8122efd341d86d598c076afa1d8e4f661465656b69
models/wf/work_xgboost_nox_wf_final_r1f_std/figures/test/04_residuales_variables_operativas.png,results/frozen/walk_forward/NOx/xgboost/final/figures/test/04_residuales_variables_operativas.png,CAMPAIGN_FIGURES,verbatim copy,775248,775248,73585ec98490e2660b82dbbadadf2feb01d00a40e92d3c2a83b9606940a07caf,73585ec98490e2660b82dbbadadf2feb01d00a40e92d3c2a83b9606940a07caf
models/wf/work_xgboost_nox_wf_final_r1f_std/reports/INFORME_TECNICO_XGBOOST_NOX_WF_FINAL_R1F_STD.md,results/frozen/walk_forward/NOx/xgboost/final/reports/INFORME_TECNICO_XGBOOST_NOX_WF_FINAL_R1F_STD.md,CAMPAIGN_REPORTS,verbatim copy,1402,1402,fa8b0e3f4c4f1a575c9d9c0e87810190710b82d5421478e5bee4f4dd934d16d6,fa8b0e3f4c4f1a575c9d9c0e87810190710b82d5421478e5bee4f4dd934d16d6
models/wf/work_xgboost_nox_wf_final_r1f_std/MANIFEST_XGBOOST_NOX_WF_FINAL_R1F_STD.json,results/frozen/walk_forward/NOx/xgboost/final/state/MANIFEST_XGBOOST_NOX_WF_FINAL_R1F_STD.json,CAMPAIGN_STATE_OR_MANIFEST,verbatim copy,12972,12972,8bdee676f3b4b7bb72f9ef47efb4061f4f112150097aa0837d04046fa874f6ba,8bdee676f3b4b7bb72f9ef47efb4061f4f112150097aa0837d04046fa874f6ba
models/wf/work_xgboost_nox_wf_final_r1f_std/tables/computational_footprint.csv,results/frozen/walk_forward/NOx/xgboost/final/tables/computational_footprint.csv,SUPPORTING_RESULT,verbatim copy,1271,1271,dedf6576abbe3f5089770af0e350c580c5f8c1083ed7aafc015b138d62bfbcb0,dedf6576abbe3f5089770af0e350c580c5f8c1083ed7aafc015b138d62bfbcb0
models/wf/work_xgboost_nox_wf_final_r1f_std/tables/computational_footprint.json,results/frozen/walk_forward/NOx/xgboost/final/tables/computational_footprint.json,SUPPORTING_RESULT,verbatim copy,1536,1536,c4039f815c117386158c56c01b68d8f2bc75ff945ebc69039d3b958eaa10bb80,c4039f815c117386158c56c01b68d8f2bc75ff945ebc69039d3b958eaa10bb80
models/wf/work_xgboost_nox_wf_final_r1f_std/tables/feature_importance_gain_seed42.csv,results/frozen/walk_forward/NOx/xgboost/final/tables/feature_importance_gain_seed42.csv,SUPPORTING_RESULT,verbatim copy,223,223,f8004f12dfd00edad9072d85b06e4d25fcf15351cb7e899901f355e814442d72,f8004f12dfd00edad9072d85b06e4d25fcf15351cb7e899901f355e814442d72
models/wf/work_xgboost_nox_wf_final_r1f_std/tables/model_complexity.csv,results/frozen/walk_forward/NOx/xgboost/final/tables/model_complexity.csv,SUPPORTING_RESULT,verbatim copy,1271,1271,dedf6576abbe3f5089770af0e350c580c5f8c1083ed7aafc015b138d62bfbcb0,dedf6576abbe3f5089770af0e350c580c5f8c1083ed7aafc015b138d62bfbcb0
models/wf/work_xgboost_nox_wf_final_r1f_std/tables/model_reload_audit.csv,results/frozen/walk_forward/NOx/xgboost/final/tables/model_reload_audit.csv,SUPPORTING_RESULT,verbatim copy,1543,1543,ca082230abf7952f3544b2152e8ba644fc34cea0c19d0d1af315015a7391a588,ca082230abf7952f3544b2152e8ba644fc34cea0c19d0d1af315015a7391a588
models/wf/work_xgboost_nox_wf_final_r1f_std/tables/test_metrics_by_decile.csv,results/frozen/walk_forward/NOx/xgboost/final/tables/test_metrics_by_decile.csv,SUPPORTING_RESULT,verbatim copy,1757,1757,e9f2603fe78d8aa770dbc5bb4cfef9121e7b2a26d3576b50078ab071c89108aa,e9f2603fe78d8aa770dbc5bb4cfef9121e7b2a26d3576b50078ab071c89108aa
models/wf/work_xgboost_nox_wf_final_r1f_std/tables/test_metrics_by_seed.csv,results/frozen/walk_forward/NOx/xgboost/final/tables/test_metrics_by_seed.csv,SUPPORTING_RESULT,verbatim copy,1547,1547,c88d66c1c5c1b44aea27ac0553d2c83020c3ff26b9e22953770a13d7feb982b4,c88d66c1c5c1b44aea27ac0553d2c83020c3ff26b9e22953770a13d7feb982b4
models/wf/work_xgboost_nox_wf_final_r1f_std/tables/test_metrics_ensemble.json,results/frozen/walk_forward/NOx/xgboost/final/tables/test_metrics_ensemble.json,SUPPORTING_RESULT,verbatim copy,291,291,fa069a6b2c584d5db0d3182e136fb7bad6df886e03f2acd5e896024886e53a34,fa069a6b2c584d5db0d3182e136fb7bad6df886e03f2acd5e896024886e53a34
models/wf/work_xgboost_nox_wf_final_r1f_std/tables/test_predictions.csv,results/frozen/walk_forward/NOx/xgboost/final/tables/test_predictions.csv,SUPPORTING_RESULT,verbatim copy,1778707,1778707,cb5b2536b618987d3f9cdac0950b1aeb221f02f5aa7c62fde2b8622a0577d506,cb5b2536b618987d3f9cdac0950b1aeb221f02f5aa7c62fde2b8622a0577d506
models/wf/work_xgboost_nox_wf_final_r1f_std/tables/test_summary_multiseed.csv,results/frozen/walk_forward/NOx/xgboost/final/tables/test_summary_multiseed.csv,SUPPORTING_RESULT,verbatim copy,927,927,2c961a06de9bd7785e2382b5ba266c35dd3e73bd5a0887a58e033ece60bd05f5,2c961a06de9bd7785e2382b5ba266c35dd3e73bd5a0887a58e033ece60bd05f5
models/wf/work_xgboost_nox_wf_final_r1f_std/tables/training_summary_by_seed.csv,results/frozen/walk_forward/NOx/xgboost/final/tables/training_summary_by_seed.csv,SUPPORTING_RESULT,verbatim copy,1152,1152,47be1302f9079bed2227a987131903a2b241378767aa9c2467aa33063eb81a34,47be1302f9079bed2227a987131903a2b241378767aa9c2467aa33063eb81a34
models/wf/work_xgboost_nox_wf_opt_r1_poc_efficient/audit/ENVIRONMENT_XGBOOST_NOX_WF_OPT_R1.json,results/frozen/walk_forward/NOx/xgboost/optimization/audit/ENVIRONMENT_XGBOOST_NOX_WF_OPT_R1.json,REPRODUCIBILITY_ARTIFACT,verbatim copy,542,542,0d83aa852f4e7db604486e4d49987adade8a6a0b3d88d9c40d13e40f7853e932,0d83aa852f4e7db604486e4d49987adade8a6a0b3d88d9c40d13e40f7853e932
models/wf/work_xgboost_nox_wf_opt_r1_poc_efficient/audit/HASHES_XGBOOST_NOX_WF_OPT_R1.csv,results/frozen/walk_forward/NOx/xgboost/optimization/audit/HASHES_XGBOOST_NOX_WF_OPT_R1.csv,REPRODUCIBILITY_ARTIFACT,verbatim copy,3119,3119,88ad2dc7c88d0fad006ddb44cac92cbac0e4b357e84b28bcdac900d6c21fed9e,88ad2dc7c88d0fad006ddb44cac92cbac0e4b357e84b28bcdac900d6c21fed9e
models/wf/work_xgboost_nox_wf_opt_r1_poc_efficient/audit/PROTOCOL_INPUT_HASHES_XGBOOST_NOX_WF_R1.csv,results/frozen/walk_forward/NOx/xgboost/optimization/audit/PROTOCOL_INPUT_HASHES_XGBOOST_NOX_WF_R1.csv,REPRODUCIBILITY_ARTIFACT,verbatim copy,890,890,4abddc420b1d835441846f4e0186a9b49acde7d744e0aaee11cd0837761f7bb7,4abddc420b1d835441846f4e0186a9b49acde7d744e0aaee11cd0837761f7bb7
models/wf/work_xgboost_nox_wf_opt_r1_poc_efficient/audit/TARGET_ACCESS_AUDIT_XGBOOST_NOX_WF_R1.json,results/frozen/walk_forward/NOx/xgboost/optimization/audit/TARGET_ACCESS_AUDIT_XGBOOST_NOX_WF_R1.json,REPRODUCIBILITY_ARTIFACT,verbatim copy,1129,1129,ee6a5d5621d289a542f5ca02fe1ccd31b3ee950f06c9745ea78325c844685941,ee6a5d5621d289a542f5ca02fe1ccd31b3ee950f06c9745ea78325c844685941
models/wf/work_xgboost_nox_wf_opt_r1_poc_efficient/figures/01_historia_optuna_dev.png,results/frozen/walk_forward/NOx/xgboost/optimization/figures/01_historia_optuna_dev.png,CAMPAIGN_FIGURES,verbatim copy,70385,70385,a981b631f64132e9c1b21b0a00cdedf5ee8aa3f42c5748423516df6f925e1d95,a981b631f64132e9c1b21b0a00cdedf5ee8aa3f42c5748423516df6f925e1d95
models/wf/work_xgboost_nox_wf_opt_r1_poc_efficient/figures/02_robustez_candidatos_dev.png,results/frozen/walk_forward/NOx/xgboost/optimization/figures/02_robustez_candidatos_dev.png,CAMPAIGN_FIGURES,verbatim copy,61679,61679,c6d635ddc778377743a77844ddd8316b0274bb216819e5e86d180c03f6492ebe,c6d635ddc778377743a77844ddd8316b0274bb216819e5e86d180c03f6492ebe
models/wf/work_xgboost_nox_wf_opt_r1_poc_efficient/figures/03_rondas_finales_dev.png,results/frozen/walk_forward/NOx/xgboost/optimization/figures/03_rondas_finales_dev.png,CAMPAIGN_FIGURES,verbatim copy,31456,31456,bac7b8a424c6e5a087a4c724101c988cfbdd11740ca932afe656ac52b13f40e5,bac7b8a424c6e5a087a4c724101c988cfbdd11740ca932afe656ac52b13f40e5
models/wf/work_xgboost_nox_wf_opt_r1_poc_efficient/reports/HANDOFF_XGBOOST_NOX_WF_OPT_TO_FINAL_R1.json,results/frozen/walk_forward/NOx/xgboost/optimization/reports/HANDOFF_XGBOOST_NOX_WF_OPT_TO_FINAL_R1.json,CAMPAIGN_REPORTS,verbatim copy,807,807,b59eff82aee6f25769ebd1822bf5277397bb9c8b32633a9e2577aacbb95776bd,b59eff82aee6f25769ebd1822bf5277397bb9c8b32633a9e2577aacbb95776bd
models/wf/work_xgboost_nox_wf_opt_r1_poc_efficient/reports/INFORME_TECNICO_XGBOOST_NOX_WF_OPT_R1.md,results/frozen/walk_forward/NOx/xgboost/optimization/reports/INFORME_TECNICO_XGBOOST_NOX_WF_OPT_R1.md,CAMPAIGN_REPORTS,verbatim copy,680,680,c8a4fbc3561099f88e28d8226da3a29c7af26efd614a53827c38df25781139aa,c8a4fbc3561099f88e28d8226da3a29c7af26efd614a53827c38df25781139aa
models/wf/work_xgboost_nox_wf_opt_r1_poc_efficient/tables/ANCHOR_FOLDS_XGBOOST_NOX_WF_R1.csv,results/frozen/walk_forward/NOx/xgboost/optimization/tables/ANCHOR_FOLDS_XGBOOST_NOX_WF_R1.csv,SUPPORTING_RESULT,verbatim copy,3103,3103,8ac972e486351bc8d97f76c59d304bad665dbff0963130945d0088a9d68e6023,8ac972e486351bc8d97f76c59d304bad665dbff0963130945d0088a9d68e6023
models/wf/work_xgboost_nox_wf_opt_r1_poc_efficient/tables/ANCHOR_SUMMARY_XGBOOST_NOX_WF_R1.csv,results/frozen/walk_forward/NOx/xgboost/optimization/tables/ANCHOR_SUMMARY_XGBOOST_NOX_WF_R1.csv,SUPPORTING_RESULT,verbatim copy,1477,1477,c59fc465dbab72a4ea9db9f21ebbf9a6ba05dea91e21ba220e33fc4d29d34bf2,c59fc465dbab72a4ea9db9f21ebbf9a6ba05dea91e21ba220e33fc4d29d34bf2
models/wf/work_xgboost_nox_wf_opt_r1_poc_efficient/tables/CONFIRMATION_EXTENSION_FOLDS_XGBOOST_NOX_WF_R1.csv,results/frozen/walk_forward/NOx/xgboost/optimization/tables/CONFIRMATION_EXTENSION_FOLDS_XGBOOST_NOX_WF_R1.csv,SUPPORTING_RESULT,verbatim copy,2951,2951,4920cd2817bce34f8d3bf7677265246fe28937cbf934d6129c0832aa2242eca2,4920cd2817bce34f8d3bf7677265246fe28937cbf934d6129c0832aa2242eca2
models/wf/work_xgboost_nox_wf_opt_r1_poc_efficient/tables/CONFIRMATION_EXTENSION_SUMMARY_XGBOOST_NOX_WF_R1.csv,results/frozen/walk_forward/NOx/xgboost/optimization/tables/CONFIRMATION_EXTENSION_SUMMARY_XGBOOST_NOX_WF_R1.csv,SUPPORTING_RESULT,verbatim copy,1062,1062,2fa3762adceec4a6363a6485ad849ac1b4b3516a50ad21c5ad95785f3204efa6,2fa3762adceec4a6363a6485ad849ac1b4b3516a50ad21c5ad95785f3204efa6
models/wf/work_xgboost_nox_wf_opt_r1_poc_efficient/tables/CONFIRMATION_FINAL_FOLDS_XGBOOST_NOX_WF_R1.csv,results/frozen/walk_forward/NOx/xgboost/optimization/tables/CONFIRMATION_FINAL_FOLDS_XGBOOST_NOX_WF_R1.csv,SUPPORTING_RESULT,verbatim copy,7047,7047,e33dfa7984be7c877b78e2c4e1e0b969b6c18b0cea91e67e679715bc743e4a30,e33dfa7984be7c877b78e2c4e1e0b969b6c18b0cea91e67e679715bc743e4a30
models/wf/work_xgboost_nox_wf_opt_r1_poc_efficient/tables/CONFIRMATION_FINAL_RANKING_XGBOOST_NOX_WF_R1.csv,results/frozen/walk_forward/NOx/xgboost/optimization/tables/CONFIRMATION_FINAL_RANKING_XGBOOST_NOX_WF_R1.csv,SUPPORTING_RESULT,verbatim copy,594,594,e982ebb20b6f9c65baba008259cf0e913447e78313f07e6ccb7ca571d44ca633,e982ebb20b6f9c65baba008259cf0e913447e78313f07e6ccb7ca571d44ca633
models/wf/work_xgboost_nox_wf_opt_r1_poc_efficient/tables/CONFIRMATION_SCREENING_FOLDS_XGBOOST_NOX_WF_R1.csv,results/frozen/walk_forward/NOx/xgboost/optimization/tables/CONFIRMATION_SCREENING_FOLDS_XGBOOST_NOX_WF_R1.csv,SUPPORTING_RESULT,verbatim copy,6362,6362,9bf9f3491c1812b274f3e1ae27a6d01d4afc89d0eee9af9dd281934ec8bfcb42,9bf9f3491c1812b274f3e1ae27a6d01d4afc89d0eee9af9dd281934ec8bfcb42
models/wf/work_xgboost_nox_wf_opt_r1_poc_efficient/tables/CONFIRMATION_SCREENING_SUMMARY_XGBOOST_NOX_WF_R1.csv,results/frozen/walk_forward/NOx/xgboost/optimization/tables/CONFIRMATION_SCREENING_SUMMARY_XGBOOST_NOX_WF_R1.csv,SUPPORTING_RESULT,verbatim copy,2120,2120,75f7e20c4ab82d39c6101308d4eb55f538692ea4e71022b9e9a4967893b00e6d,75f7e20c4ab82d39c6101308d4eb55f538692ea4e71022b9e9a4967893b00e6d
models/wf/work_xgboost_nox_wf_opt_r1_poc_efficient/tables/DEVELOPMENT_RANKING_XGBOOST_NOX_R1.csv,results/frozen/walk_forward/NOx/xgboost/optimization/tables/DEVELOPMENT_RANKING_XGBOOST_NOX_R1.csv,SUPPORTING_RESULT,verbatim copy,15357,15357,6fe3b3069eca7ba5e7dcfa2ef54c6bc77263e88b77215701b674d5987d822366,6fe3b3069eca7ba5e7dcfa2ef54c6bc77263e88b77215701b674d5987d822366
models/wf/work_xgboost_nox_wf_opt_r1_poc_efficient/tables/FOLD_RECONSTRUCTION_XGBOOST_NOX_WF_R1.csv,results/frozen/walk_forward/NOx/xgboost/optimization/tables/FOLD_RECONSTRUCTION_XGBOOST_NOX_WF_R1.csv,SUPPORTING_RESULT,verbatim copy,186,186,e073abab7626e481e385abbe9c3b66ccbb81c137f00f96688c7df3d1cc2e8f5a,e073abab7626e481e385abbe9c3b66ccbb81c137f00f96688c7df3d1cc2e8f5a
models/wf/work_xgboost_nox_wf_opt_r1_poc_efficient/tables/OPTUNA_FOLDS_XGBOOST_NOX_R1.csv,results/frozen/walk_forward/NOx/xgboost/optimization/tables/OPTUNA_FOLDS_XGBOOST_NOX_R1.csv,SUPPORTING_RESULT,verbatim copy,21770,21770,26ab3f97c638f044284f332a2af555b67e4243a2b6e8a6ad5bc5a3d2d07f0dd2,26ab3f97c638f044284f332a2af555b67e4243a2b6e8a6ad5bc5a3d2d07f0dd2
models/wf/work_xgboost_nox_wf_opt_r1_poc_efficient/tables/OPTUNA_TRIALS_XGBOOST_NOX_R1.csv,results/frozen/walk_forward/NOx/xgboost/optimization/tables/OPTUNA_TRIALS_XGBOOST_NOX_R1.csv,SUPPORTING_RESULT,verbatim copy,14945,14945,b0b6e9af4923bbb71959f23dc4f9ed3e60599c46560563bfb261ebbd4e2edc35,b0b6e9af4923bbb71959f23dc4f9ed3e60599c46560563bfb261ebbd4e2edc35
models/wf/work_xgboost_nox_wf_opt_r1_poc_efficient/tables/STOP_HISTORY_XGBOOST_NOX_WF_R1.csv,results/frozen/walk_forward/NOx/xgboost/optimization/tables/STOP_HISTORY_XGBOOST_NOX_WF_R1.csv,SUPPORTING_RESULT,verbatim copy,165,165,abae0e1edf010bd51ec8c5d1bef89e2a742d3d42e0f1467fb67a89fa2c240849,abae0e1edf010bd51ec8c5d1bef89e2a742d3d42e0f1467fb67a89fa2c240849
