trial_number,status,fold,seed,N_train,N_validation,train_signature,validation_signature,worker_pid,worker_wall_time_s,worker_peak_gpu_allocated_gb,worker_peak_gpu_reserved_gb,worker_runtime_signature,worker_tf32_matmul,worker_tf32_cudnn,worker_deterministic_algorithms,worker_inner_threads,R2,RMSE,MAE,NRMSE_range,NRMSE_std,bias,residual_std,pearson_r,slope,intercept,negative_prediction_pct,active_cdp_pcd_pct,active_cdp_violation_pct,active_cdp_near_zero_pct,dCO_dCDP_phys_mean,dCO_dCDP_phys_median,dCO_dCDP_phys_q05,dCO_dCDP_phys_q95,g_star_cdp_mean,g_star_cdp_median,g_star_cdp_q05,g_star_cdp_q95,diagnostic_only_tit_negative_gradient_pct,diagnostic_only_tit_positive_gradient_pct,diagnostic_only_tit_near_zero_pct,diagnostic_only_dCO_dTIT_median,physics_mode,best_epoch,parameter_count,training_time_s,effective_batch_size,physics_evaluation_rows,physics_evaluation_sampling,physical_scale_cdp_delta_x,physical_scale_co_delta_y,synthetic_attempted,synthetic_accepted,synthetic_acceptance_pct,synthetic_feature,knn_threshold,knn_k,knn_quantile,train_kth_at_protocol_quantile
0,COMPLETE,0,42,7411,7628,0b635fc68d95b6725e8cb8631c0afc750a22848a83c6a7d4d0d6c52e71d716ca,dab7ccd15b70d58d5849e1aae253e71366303eb268a524063b3ba4fe47d4f016,15000,55.26912870001979,0.03336620330810547,0.046875,14269c18e6a56f09985dea654338c0b32f5e417a5600e334e252b0c1bbf8bd28,True,True,True,1,0.549399567202552,1.660685778591059,0.7763509176747568,0.037661120585200325,0.6712237785568407,-0.47791499001803983,1.5905364393512424,0.7854098868034392,0.4804894244386435,0.748718549285263,0.0,100.0,0.0,0.0,-0.3439439535140991,-0.3060606122016907,-0.6787384748458862,-0.13505007326602936,-0.3342950940132141,-0.29747456312179565,-0.6596974730491638,-0.1312614381313324,97.94921875,2.05078125,0.0,-0.019907327368855476,CDP_NEG,20,67841,55.268814800016116,64,2048,deterministic_evenly_spaced_full_fold,3.606499671936035,3.710594952106476,320,315,98.4375,CDP,1.4832095268464458,20,0.99,1.4832095268464458
0,COMPLETE,1,42,15039,7152,31859ee24a2323f137f4e1bd7bb091f135f0d0c7cc2377d4e74235f7e3443de0,633459e67fe1ae24844bbffd3ed05fe9d35993d6c1089e67f3abb6a8ef32d641,47312,109.32853749999776,0.032784461975097656,0.048828125,14269c18e6a56f09985dea654338c0b32f5e417a5600e334e252b0c1bbf8bd28,True,True,True,1,0.7173576203344496,1.2566658259094272,0.745117217179917,0.035863786798665066,0.5316040446772046,-0.44474591112849815,1.1754162027687325,0.8676609611458842,0.7452501591706645,0.24894573694630254,0.0,100.0,0.0,0.0,-0.580339789390564,-0.5463249683380127,-0.9271019101142883,-0.27045392990112305,-0.4108990728855133,-0.38681548833847046,-0.656417727470398,-0.19149000942707062,89.111328125,10.888671875,0.0,-0.01982375979423523,CDP_NEG,30,67841,109.32822549995035,64,2048,deterministic_evenly_spaced_full_fold,3.628999710083008,5.125474974513044,320,315,98.4375,CDP,1.598838673557433,20,0.99,1.598838673557433
0,COMPLETE,2,42,22191,7158,253e74b88bf1d5cb90464ade1e9a8dded9e64fe77e1fa6d7dc7b265785fec5f1,640b3d3af9a8eedaeecdab6c360d79d435ac5edf0b9973043bcfd7c57bb9a14a,36968,177.3584283000091,0.03311491012573242,0.048828125,14269c18e6a56f09985dea654338c0b32f5e417a5600e334e252b0c1bbf8bd28,True,True,True,1,0.7254729760996881,1.0514685999329278,0.6046484653576882,0.030198682623477902,0.523916664579602,0.14297116012593833,1.0417759280066927,0.8647657229637897,0.8614670694301205,0.43127240627050195,0.0,100.0,0.0,0.0,-0.6167947053909302,-0.589237630367279,-0.9427510499954224,-0.300495982170105,-0.3865419030189514,-0.36927205324172974,-0.5908170342445374,-0.18831920623779297,79.931640625,20.068359375,0.0,-0.019868209958076477,CDP_NEG,55,67841,177.35812350001652,64,2048,deterministic_evenly_spaced_full_fold,3.630000114440918,5.792295008897781,320,319,99.6875,CDP,1.425508144193831,20,0.99,1.425508144193831
1,COMPLETE,0,42,7411,7628,0b635fc68d95b6725e8cb8631c0afc750a22848a83c6a7d4d0d6c52e71d716ca,dab7ccd15b70d58d5849e1aae253e71366303eb268a524063b3ba4fe47d4f016,15000,37.46610239997972,0.02737569808959961,0.048828125,14269c18e6a56f09985dea654338c0b32f5e417a5600e334e252b0c1bbf8bd28,True,True,True,1,0.5145555607040956,1.7236989998632133,0.7931281229982047,0.039090137775198736,0.6966927583160447,-0.38249169429135377,1.6808357205221396,0.776538536757204,0.40571463346528686,1.0206950680203606,0.0,99.609375,0.390625,0.0,-0.3341105580329895,-0.3206195831298828,-0.5684072971343994,-0.14260050654411316,-0.324737548828125,-0.31162509322166443,-0.5524614453315735,-0.13860006630420685,97.8515625,2.1484375,0.0,-0.022691331803798676,CDP_NEG,150,38593,37.46582349995151,256,2048,deterministic_evenly_spaced_full_fold,3.606499671936035,3.710594952106476,320,315,98.4375,CDP,1.4832095268464458,20,0.99,1.4832095268464458
1,COMPLETE,1,42,15039,7152,31859ee24a2323f137f4e1bd7bb091f135f0d0c7cc2377d4e74235f7e3443de0,633459e67fe1ae24844bbffd3ed05fe9d35993d6c1089e67f3abb6a8ef32d641,47312,32.82220370002324,0.027130126953125,0.048828125,14269c18e6a56f09985dea654338c0b32f5e417a5600e334e252b0c1bbf8bd28,True,True,True,1,0.6972627507360754,1.3005710862431148,0.7658935446626562,0.037116792063455924,0.5501771716730811,-0.5006465102359444,1.2004331342541912,0.8645545647364132,0.6843257514778085,0.3589441729191228,0.0,100.0,0.0,0.0,-0.4593551754951477,-0.39337867498397827,-0.9044530987739563,-0.20842215418815613,-0.32523810863494873,-0.2785246670246124,-0.6403816342353821,-0.14756953716278076,99.70703125,0.29296875,0.0,-0.034485891461372375,CDP_NEG,25,38593,32.82189550000476,256,2048,deterministic_evenly_spaced_full_fold,3.628999710083008,5.125474974513044,320,315,98.4375,CDP,1.598838673557433,20,0.99,1.598838673557433
1,COMPLETE,2,42,22191,7158,253e74b88bf1d5cb90464ade1e9a8dded9e64fe77e1fa6d7dc7b265785fec5f1,640b3d3af9a8eedaeecdab6c360d79d435ac5edf0b9973043bcfd7c57bb9a14a,36968,40.44989400001941,0.027457714080810547,0.048828125,14269c18e6a56f09985dea654338c0b32f5e417a5600e334e252b0c1bbf8bd28,True,True,True,1,0.6793838697126668,1.1363089853889816,0.5664392693534908,0.03263533919525221,0.5661901968302263,-0.01196059467634691,1.1363254133324177,0.8251956750079646,0.6486859139845698,0.7191600736711458,0.0,100.0,0.0,0.0,-0.3422435224056244,-0.2690756320953369,-0.8029327988624573,-0.142093688249588,-0.21448218822479248,-0.1686282604932785,-0.5031936168670654,-0.08904934674501419,100.0,0.0,0.0,-0.029345449060201645,CDP_NEG,1,38593,40.449634499964304,256,2048,deterministic_evenly_spaced_full_fold,3.630000114440918,5.792295008897781,320,319,99.6875,CDP,1.425508144193831,20,0.99,1.425508144193831
2,COMPLETE,0,42,7411,7628,0b635fc68d95b6725e8cb8631c0afc750a22848a83c6a7d4d0d6c52e71d716ca,dab7ccd15b70d58d5849e1aae253e71366303eb268a524063b3ba4fe47d4f016,47312,6.2612728999811225,0.021328449249267578,0.025390625,14269c18e6a56f09985dea654338c0b32f5e417a5600e334e252b0c1bbf8bd28,True,True,True,1,0.4650432089645249,1.8094684571294257,0.8694363664554268,0.04103522209775524,0.7313594604298185,-0.6471990883567331,1.68987686119225,0.7385003975187436,0.4648138600033959,0.6164465426888934,0.0,100.0,0.0,0.0,-0.2786128520965576,-0.24527323246002197,-0.4475982189178467,-0.1636524647474289,-0.2707967758178711,-0.23839245736598969,-0.43504151701927185,-0.15906143188476562,100.0,0.0,0.0,-0.026009971275925636,CDP_NEG,25,4865,6.261005600041244,512,2048,deterministic_evenly_spaced_full_fold,3.606499671936035,3.710594952106476,640,634,99.0625,CDP,1.4832095268464458,20,0.99,1.4832095268464458
2,COMPLETE,1,42,15039,7152,31859ee24a2323f137f4e1bd7bb091f135f0d0c7cc2377d4e74235f7e3443de0,633459e67fe1ae24844bbffd3ed05fe9d35993d6c1089e67f3abb6a8ef32d641,15000,24.518519600038417,0.021650314331054688,0.025390625,14269c18e6a56f09985dea654338c0b32f5e417a5600e334e252b0c1bbf8bd28,True,True,True,1,0.6810391336977089,1.334964957014883,0.7912959950966698,0.03809835328928688,0.5647267205168601,-0.5413119606689344,1.220377415431146,0.8613054105991398,0.6630753411081498,0.37614424320090195,0.0,100.0,0.0,0.0,-0.38405323028564453,-0.3555530309677124,-0.6798979043960571,-0.19756026566028595,-0.27192193269729614,-0.2517428994178772,-0.4813894033432007,-0.13987895846366882,98.974609375,1.025390625,0.0,-0.03486928343772888,CDP_NEG,140,4865,24.518247200001497,512,2048,deterministic_evenly_spaced_full_fold,3.628999710083008,5.125474974513044,640,630,98.4375,CDP,1.598838673557433,20,0.99,1.598838673557433
2,COMPLETE,2,42,22191,7158,253e74b88bf1d5cb90464ade1e9a8dded9e64fe77e1fa6d7dc7b265785fec5f1,640b3d3af9a8eedaeecdab6c360d79d435ac5edf0b9973043bcfd7c57bb9a14a,36968,26.229341900034342,0.021970272064208984,0.025390625,14269c18e6a56f09985dea654338c0b32f5e417a5600e334e252b0c1bbf8bd28,True,True,True,1,0.6081025865356875,1.2562901521595091,0.6641051835330175,0.036081255864878724,0.6259733731521759,0.13725836530886812,1.2488566673800212,0.7847687859649212,0.6594245203601831,0.8460308916860043,0.0,99.951171875,0.048828125,0.0,-0.4161767363548279,-0.379023015499115,-0.7576780915260315,-0.19889333844184875,-0.26081570982933044,-0.23753169178962708,-0.47483277320861816,-0.12464538216590881,88.28125,11.71875,0.0,-0.029859693720936775,CDP_NEG,80,4865,26.229049500019755,512,2048,deterministic_evenly_spaced_full_fold,3.630000114440918,5.792295008897781,640,635,99.21875,CDP,1.425508144193831,20,0.99,1.425508144193831
3,COMPLETE,0,42,7411,7628,0b635fc68d95b6725e8cb8631c0afc750a22848a83c6a7d4d0d6c52e71d716ca,dab7ccd15b70d58d5849e1aae253e71366303eb268a524063b3ba4fe47d4f016,47312,6.926271900010761,0.024156570434570312,0.046875,14269c18e6a56f09985dea654338c0b32f5e417a5600e334e252b0c1bbf8bd28,True,True,True,1,0.45914590686831247,1.81941480641954,0.910667199654347,0.041260785936999604,0.7353796226058448,-0.6884820323189482,1.68423116000598,0.7350656356756057,0.4954339212792454,0.5028655630304963,0.0,100.0,0.0,0.0,-0.3272995948791504,-0.24547706544399261,-0.753261148929596,-0.155483216047287,-0.31811773777008057,-0.2385905683040619,-0.7321295142173767,-0.1511213630437851,100.0,0.0,0.0,-0.027472861111164093,CDP_NEG,25,10369,6.9260021999944,512,2048,deterministic_evenly_spaced_full_fold,3.606499671936035,3.710594952106476,640,634,99.0625,CDP,1.4832095268464458,20,0.99,1.4832095268464458
3,COMPLETE,1,42,15039,7152,31859ee24a2323f137f4e1bd7bb091f135f0d0c7cc2377d4e74235f7e3443de0,633459e67fe1ae24844bbffd3ed05fe9d35993d6c1089e67f3abb6a8ef32d641,15000,16.37441700004274,0.02320384979248047,0.046875,14269c18e6a56f09985dea654338c0b32f5e417a5600e334e252b0c1bbf8bd28,True,True,True,1,0.6829234468254533,1.331015854720852,0.837711372524729,0.037985650484930154,0.5630561421426676,-0.49387326600786374,1.2360849631135014,0.8530340279180286,0.7558189498994118,0.17103924000775006,0.0,100.0,0.0,0.0,-0.44771701097488403,-0.3328596353530884,-1.0497236251831055,-0.22132013738155365,-0.3169978857040405,-0.23567523062229156,-0.7432377934455872,-0.1567017138004303,100.0,0.0,0.0,-0.048486094921827316,CDP_NEG,55,10369,16.37415049999254,512,2048,deterministic_evenly_spaced_full_fold,3.628999710083008,5.125474974513044,640,630,98.4375,CDP,1.598838673557433,20,0.99,1.598838673557433
3,COMPLETE,2,42,22191,7158,253e74b88bf1d5cb90464ade1e9a8dded9e64fe77e1fa6d7dc7b265785fec5f1,640b3d3af9a8eedaeecdab6c360d79d435ac5edf0b9973043bcfd7c57bb9a14a,36968,16.373505499970634,0.023528575897216797,0.046875,14269c18e6a56f09985dea654338c0b32f5e417a5600e334e252b0c1bbf8bd28,True,True,True,1,0.641979437280642,1.2007642305684454,0.6179611237979256,0.03448652475867963,0.5983063979904315,0.102066148581355,1.1965020857211457,0.8073658399602437,0.7206951902567055,0.6833281226976383,0.0,100.0,0.0,0.0,-0.29549044370651245,-0.27551260590553284,-0.44505274295806885,-0.18105988204479218,-0.18518227338790894,-0.17266227304935455,-0.27891215682029724,-0.11346925050020218,100.0,0.0,0.0,-0.035899028182029724,CDP_NEG,5,10369,16.37318969995249,512,2048,deterministic_evenly_spaced_full_fold,3.630000114440918,5.792295008897781,640,635,99.21875,CDP,1.425508144193831,20,0.99,1.425508144193831
4,COMPLETE,0,42,7411,7628,0b635fc68d95b6725e8cb8631c0afc750a22848a83c6a7d4d0d6c52e71d716ca,dab7ccd15b70d58d5849e1aae253e71366303eb268a524063b3ba4fe47d4f016,47312,44.75730450003175,0.025112152099609375,0.046875,14269c18e6a56f09985dea654338c0b32f5e417a5600e334e252b0c1bbf8bd28,True,True,True,1,0.5755981854021412,1.6116854320780847,0.7986172639110364,0.036549888115739795,0.6514185883390154,-0.3647002847045429,1.5699830463312945,0.7728781228625811,0.5947832145342445,0.5920704204998256,0.0,97.75390625,2.24609375,0.0,-0.4220116138458252,-0.3279317319393158,-1.1671791076660156,-0.049006249755620956,-0.4101726710796356,-0.3187320828437805,-1.1344355344772339,-0.04763144999742508,85.986328125,14.013671875,0.0,-0.017182212322950363,CDP_NEG,70,13249,44.75699650001479,128,2048,deterministic_evenly_spaced_full_fold,3.606499671936035,3.710594952106476,640,634,99.0625,CDP,1.4832095268464458,20,0.99,1.4832095268464458
4,COMPLETE,1,42,15039,7152,31859ee24a2323f137f4e1bd7bb091f135f0d0c7cc2377d4e74235f7e3443de0,633459e67fe1ae24844bbffd3ed05fe9d35993d6c1089e67f3abb6a8ef32d641,15000,65.34898030001204,0.025207996368408203,0.048828125,14269c18e6a56f09985dea654338c0b32f5e417a5600e334e252b0c1bbf8bd28,True,True,True,1,0.7256353952399898,1.2381270331645065,0.7169482866474021,0.035334711131291587,0.5237616278600684,-0.3456464635528066,1.1889847498352009,0.8656268467079697,0.7907495369649468,0.2241489800504148,0.0,95.3125,4.6875,0.0,-0.44890424609184265,-0.36358243227005005,-1.1834748983383179,-0.00999440997838974,-0.31783854961395264,-0.2574279308319092,-0.8379380106925964,-0.007076360750943422,87.109375,12.841796875,0.048828125,-0.018913883715867996,CDP_NEG,45,13249,65.34868629998527,128,2048,deterministic_evenly_spaced_full_fold,3.628999710083008,5.125474974513044,640,630,98.4375,CDP,1.598838673557433,20,0.99,1.598838673557433
4,COMPLETE,2,42,22191,7158,253e74b88bf1d5cb90464ade1e9a8dded9e64fe77e1fa6d7dc7b265785fec5f1,640b3d3af9a8eedaeecdab6c360d79d435ac5edf0b9973043bcfd7c57bb9a14a,36968,75.5434289999539,0.025529861450195312,0.048828125,14269c18e6a56f09985dea654338c0b32f5e417a5600e334e252b0c1bbf8bd28,True,True,True,1,0.7098730890982372,1.0809304815073872,0.6301639282350862,0.031044841996391504,0.5385966756876034,0.07149056776343267,1.0786391169968808,0.8491415388159376,0.8055263743972885,0.476210141462421,0.0,99.4140625,0.5859375,0.0,-0.4423640966415405,-0.4210147261619568,-0.8114383816719055,-0.15035957098007202,-0.2772271931171417,-0.263847678899765,-0.5085240602493286,-0.09422954171895981,85.25390625,14.74609375,0.0,-0.01903315633535385,CDP_NEG,20,13249,75.5431491000345,128,2048,deterministic_evenly_spaced_full_fold,3.630000114440918,5.792295008897781,640,635,99.21875,CDP,1.425508144193831,20,0.99,1.425508144193831
5,COMPLETE,0,42,7411,7628,0b635fc68d95b6725e8cb8631c0afc750a22848a83c6a7d4d0d6c52e71d716ca,dab7ccd15b70d58d5849e1aae253e71366303eb268a524063b3ba4fe47d4f016,47312,11.774438399996143,0.025031089782714844,0.046875,14269c18e6a56f09985dea654338c0b32f5e417a5600e334e252b0c1bbf8bd28,True,True,True,1,0.49182939491405775,1.763585153964161,0.8687213951325353,0.039994678103442,0.7128141314336327,-0.5531772826975905,1.6746925569463036,0.7397631104419228,0.4927730327763704,0.6444530241798067,0.2884111169375983,100.0,0.0,0.0,-0.4673396348953247,-0.3964974284172058,-0.9216822385787964,-0.2054525464773178,-0.45422905683517456,-0.3853743076324463,-0.8958257436752319,-0.1996888667345047,100.0,0.0,0.0,-0.03584948927164078,CDP_NEG,1,9089,11.774118100001942,256,2048,deterministic_evenly_spaced_full_fold,3.606499671936035,3.710594952106476,320,315,98.4375,CDP,1.4832095268464458,20,0.99,1.4832095268464458
5,COMPLETE,1,42,15039,7152,31859ee24a2323f137f4e1bd7bb091f135f0d0c7cc2377d4e74235f7e3443de0,633459e67fe1ae24844bbffd3ed05fe9d35993d6c1089e67f3abb6a8ef32d641,15000,46.195104100042954,0.025125980377197266,0.046875,14269c18e6a56f09985dea654338c0b32f5e417a5600e334e252b0c1bbf8bd28,True,True,True,1,0.7052596781832008,1.2832785679042598,0.761009322815331,0.03662328362379744,0.5428619630455708,-0.4860441061356615,1.187755136366386,0.8664382323325961,0.701900323684619,0.3256904766243548,0.0,100.0,0.0,0.0,-0.7052819728851318,-0.6912262439727783,-0.9494384527206421,-0.5047509670257568,-0.49936211109161377,-0.48941025137901306,-0.6722326874732971,-0.3573797941207886,99.8046875,0.1953125,0.0,-0.04141154885292053,CDP_NEG,120,9089,46.19481389998691,256,2048,deterministic_evenly_spaced_full_fold,3.628999710083008,5.125474974513044,320,315,98.4375,CDP,1.598838673557433,20,0.99,1.598838673557433
5,COMPLETE,2,42,22191,7158,253e74b88bf1d5cb90464ade1e9a8dded9e64fe77e1fa6d7dc7b265785fec5f1,640b3d3af9a8eedaeecdab6c360d79d435ac5edf0b9973043bcfd7c57bb9a14a,36968,29.91064690001076,0.02544879913330078,0.046875,14269c18e6a56f09985dea654338c0b32f5e417a5600e334e252b0c1bbf8bd28,True,True,True,1,0.6336049098903596,1.2147267055802027,0.6061772874618576,0.034887533739399734,0.6052634990754306,0.15209424607683747,1.2052515288129115,0.8022332048064205,0.6957489203010963,0.7852719682053451,0.0,100.0,0.0,0.0,-0.517966628074646,-0.4764527678489685,-0.8188735246658325,-0.3685401380062103,-0.32460689544677734,-0.29859036207199097,-0.5131836533546448,-0.2309621274471283,100.0,0.0,0.0,-0.04047239199280739,CDP_NEG,1,9089,29.910364699957427,256,2048,deterministic_evenly_spaced_full_fold,3.630000114440918,5.792295008897781,320,319,99.6875,CDP,1.425508144193831,20,0.99,1.425508144193831
6,COMPLETE,0,42,7411,7628,0b635fc68d95b6725e8cb8631c0afc750a22848a83c6a7d4d0d6c52e71d716ca,dab7ccd15b70d58d5849e1aae253e71366303eb268a524063b3ba4fe47d4f016,47312,35.36285550001776,0.027094364166259766,0.046875,14269c18e6a56f09985dea654338c0b32f5e417a5600e334e252b0c1bbf8bd28,True,True,True,1,0.5168333087380015,1.7196503714426417,0.7943138523868153,0.03899832276412471,0.6950563646638186,-0.43123459737040015,1.6648115410671953,0.772126191749179,0.425328382172517,0.9256414965400827,0.0,89.599609375,10.400390625,0.0,-0.17748810350894928,-0.17448186874389648,-0.41338735818862915,0.04860866069793701,-0.17250892519950867,-0.16958704590797424,-0.40179041028022766,0.04724501818418503,94.23828125,5.76171875,0.0,-0.021778441965579987,CDP_NEG,135,23329,35.3625726000173,256,2048,deterministic_evenly_spaced_full_fold,3.606499671936035,3.710594952106476,320,315,98.4375,CDP,1.4832095268464458,20,0.99,1.4832095268464458
6,COMPLETE,1,42,15039,7152,31859ee24a2323f137f4e1bd7bb091f135f0d0c7cc2377d4e74235f7e3443de0,633459e67fe1ae24844bbffd3ed05fe9d35993d6c1089e67f3abb6a8ef32d641,36968,41.03760539996438,0.026848793029785156,0.046875,14269c18e6a56f09985dea654338c0b32f5e417a5600e334e252b0c1bbf8bd28,True,True,True,1,0.696759850034556,1.3016508785576477,0.767247726216233,0.03714760808515144,0.5506339533806617,-0.4604619491248448,1.217570155896405,0.8573191214841989,0.7495591897299069,0.22149607626931156,0.0,95.361328125,4.638671875,0.0,-0.2509515583515167,-0.20858263969421387,-0.6293926239013672,-0.0032487954013049603,-0.17768171429634094,-0.14768315851688385,-0.4456300139427185,-0.002300251042470336,99.951171875,0.048828125,0.0,-0.0407993346452713,CDP_NEG,55,23329,41.03731849999167,256,2048,deterministic_evenly_spaced_full_fold,3.628999710083008,5.125474974513044,320,315,98.4375,CDP,1.598838673557433,20,0.99,1.598838673557433
6,COMPLETE,2,42,22191,7158,253e74b88bf1d5cb90464ade1e9a8dded9e64fe77e1fa6d7dc7b265785fec5f1,640b3d3af9a8eedaeecdab6c360d79d435ac5edf0b9973043bcfd7c57bb9a14a,15000,69.88492650003172,0.027176380157470703,0.046875,14269c18e6a56f09985dea654338c0b32f5e417a5600e334e252b0c1bbf8bd28,True,True,True,1,0.6684996655586644,1.1554355944005155,0.6813691238819265,0.033184664581896665,0.5757204378651751,0.24671189675159186,1.1288678768393612,0.8311713255714409,0.7615312213793175,0.7429898991016196,0.0,84.912109375,15.087890625,0.0,-0.2142336666584015,-0.21775507926940918,-0.5606337785720825,0.12374047935009003,-0.13425907492637634,-0.13646593689918518,-0.3513461649417877,0.07754749059677124,83.30078125,16.69921875,0.0,-0.02557206153869629,CDP_NEG,90,23329,69.88459780003177,256,2048,deterministic_evenly_spaced_full_fold,3.630000114440918,5.792295008897781,320,319,99.6875,CDP,1.425508144193831,20,0.99,1.425508144193831
7,COMPLETE,0,42,7411,7628,0b635fc68d95b6725e8cb8631c0afc750a22848a83c6a7d4d0d6c52e71d716ca,dab7ccd15b70d58d5849e1aae253e71366303eb268a524063b3ba4fe47d4f016,47312,18.75888149999082,0.02709054946899414,0.046875,14269c18e6a56f09985dea654338c0b32f5e417a5600e334e252b0c1bbf8bd28,True,True,True,1,0.546303078077546,1.6663820573190284,0.7760843268130341,0.03779030109774917,0.6735261272496467,-0.36730366063800673,1.6255040977869548,0.7782085457695256,0.45538679231305623,0.9186005305798713,0.23597273203985317,99.462890625,0.537109375,0.0,-0.3019765615463257,-0.28758764266967773,-0.5775393843650818,-0.09211454540491104,-0.29350507259368896,-0.27951979637145996,-0.5613373517990112,-0.08953040838241577,90.52734375,9.47265625,0.0,-0.03317748382687569,CDP_NEG,165,22465,18.758587099961005,512,2048,deterministic_evenly_spaced_full_fold,3.606499671936035,3.710594952106476,640,634,99.0625,CDP,1.4832095268464458,20,0.99,1.4832095268464458
7,COMPLETE,1,42,15039,7152,31859ee24a2323f137f4e1bd7bb091f135f0d0c7cc2377d4e74235f7e3443de0,633459e67fe1ae24844bbffd3ed05fe9d35993d6c1089e67f3abb6a8ef32d641,36968,19.18054229998961,0.02684497833251953,0.046875,14269c18e6a56f09985dea654338c0b32f5e417a5600e334e252b0c1bbf8bd28,True,True,True,1,0.7170098350782715,1.2574387381038017,0.7411091302066283,0.035885844817258095,0.5319310076933369,-0.4273942702567576,1.1826588193456353,0.865909217208019,0.7582791895398368,0.2308189275855152,0.0,99.31640625,0.68359375,0.0,-0.28525298833847046,-0.2624136805534363,-0.55587238073349,-0.08534759283065796,-0.20196819305419922,-0.18579724431037903,-0.3935753405094147,-0.060428816825151443,97.705078125,2.294921875,0.0,-0.039722226560115814,CDP_NEG,55,22465,19.18026730004931,512,2048,deterministic_evenly_spaced_full_fold,3.628999710083008,5.125474974513044,640,630,98.4375,CDP,1.598838673557433,20,0.99,1.598838673557433
7,COMPLETE,2,42,22191,7158,253e74b88bf1d5cb90464ade1e9a8dded9e64fe77e1fa6d7dc7b265785fec5f1,640b3d3af9a8eedaeecdab6c360d79d435ac5edf0b9973043bcfd7c57bb9a14a,15000,23.771468300023116,0.027172565460205078,0.046875,14269c18e6a56f09985dea654338c0b32f5e417a5600e334e252b0c1bbf8bd28,True,True,True,1,0.6521191598622342,1.1836383066045517,0.6870744592251669,0.03399466000641558,0.589773040968092,0.33375923857227197,1.1356868403635874,0.8490414839072497,0.8929816831381978,0.5564753392468905,0.0,98.828125,1.171875,0.0,-0.3029910922050476,-0.32229238748550415,-0.5435336828231812,-0.05855489894747734,-0.18988290429115295,-0.2019789218902588,-0.3406296372413635,-0.03669603914022446,86.279296875,13.720703125,0.0,-0.03149154782295227,CDP_NEG,45,22465,23.77119350002613,512,2048,deterministic_evenly_spaced_full_fold,3.630000114440918,5.792295008897781,640,635,99.21875,CDP,1.425508144193831,20,0.99,1.425508144193831
8,COMPLETE,0,42,7411,7628,0b635fc68d95b6725e8cb8631c0afc750a22848a83c6a7d4d0d6c52e71d716ca,dab7ccd15b70d58d5849e1aae253e71366303eb268a524063b3ba4fe47d4f016,47312,5.8269567000097595,0.025051116943359375,0.044921875,14269c18e6a56f09985dea654338c0b32f5e417a5600e334e252b0c1bbf8bd28,True,True,True,1,0.48266465461937935,1.7794170187704341,0.8338276354405432,0.040353713977202235,0.7192131289163977,-0.5812252804275683,1.681925371086278,0.7343797663438919,0.5113181293693725,0.5726175877706164,0.0,100.0,0.0,0.0,-0.21059131622314453,-0.2037034034729004,-0.34747639298439026,-0.0932840034365654,-0.20468349754810333,-0.19798880815505981,-0.33772847056388855,-0.09066705405712128,100.0,0.0,0.0,-0.04060237482190132,CDP_NEG,1,9601,5.826693399983924,512,2048,deterministic_evenly_spaced_full_fold,3.606499671936035,3.710594952106476,640,634,99.0625,CDP,1.4832095268464458,20,0.99,1.4832095268464458
8,COMPLETE,1,42,15039,7152,31859ee24a2323f137f4e1bd7bb091f135f0d0c7cc2377d4e74235f7e3443de0,633459e67fe1ae24844bbffd3ed05fe9d35993d6c1089e67f3abb6a8ef32d641,36968,20.342484099965077,0.025146007537841797,0.044921875,14269c18e6a56f09985dea654338c0b32f5e417a5600e334e252b0c1bbf8bd28,True,True,True,1,0.6377320412416736,1.4227091560176695,0.82289076075885,0.04060247107539622,0.6018449186289847,-0.596087755770287,1.29190328326285,0.8422513117374627,0.6337676051605087,0.40117431406073917,0.0,100.0,0.0,0.0,-0.2622007727622986,-0.23602379858493805,-0.5397868156433105,-0.08435036242008209,-0.18564651906490326,-0.16711238026618958,-0.38218629360198975,-0.059722743928432465,99.8046875,0.1953125,0.0,-0.037284933030605316,CDP_NEG,95,9601,20.342221599945333,512,2048,deterministic_evenly_spaced_full_fold,3.628999710083008,5.125474974513044,640,630,98.4375,CDP,1.598838673557433,20,0.99,1.598838673557433
8,COMPLETE,2,42,22191,7158,253e74b88bf1d5cb90464ade1e9a8dded9e64fe77e1fa6d7dc7b265785fec5f1,640b3d3af9a8eedaeecdab6c360d79d435ac5edf0b9973043bcfd7c57bb9a14a,15000,14.60146590002114,0.025468826293945312,0.046875,14269c18e6a56f09985dea654338c0b32f5e417a5600e334e252b0c1bbf8bd28,True,True,True,1,0.5772707371899567,1.3047728552984978,0.5961560240026219,0.03747370235820816,0.6501309144425219,0.008696466621775107,1.304835021890471,0.7635772017792939,0.5250955557933614,0.9970213544382637,0.0,97.55859375,2.44140625,0.0,-0.1108560562133789,-0.11310255527496338,-0.20470929145812988,-0.019136587157845497,-0.06947289407253265,-0.07088076323270798,-0.12829022109508514,-0.011992796324193478,100.0,0.0,0.0,-0.03076234459877014,CDP_NEG,5,9601,14.60116720001679,512,2048,deterministic_evenly_spaced_full_fold,3.630000114440918,5.792295008897781,640,635,99.21875,CDP,1.425508144193831,20,0.99,1.425508144193831
9,COMPLETE,0,42,7411,7628,0b635fc68d95b6725e8cb8631c0afc750a22848a83c6a7d4d0d6c52e71d716ca,dab7ccd15b70d58d5849e1aae253e71366303eb268a524063b3ba4fe47d4f016,47312,11.381333799974527,0.028743743896484375,0.044921875,14269c18e6a56f09985dea654338c0b32f5e417a5600e334e252b0c1bbf8bd28,True,True,True,1,0.4954316979912369,1.7573232146428752,0.8759991493005639,0.03985266950981375,0.7102831513852017,-0.6315954879401096,1.640007505855995,0.7532277628619486,0.505498746279345,0.5359877174370995,0.0,100.0,0.0,0.0,-0.4269237518310547,-0.3771952986717224,-0.7085708379745483,-0.2845652401447296,-0.4149470031261444,-0.36661362648010254,-0.6886929273605347,-0.27658218145370483,100.0,0.0,0.0,-0.019976411014795303,CDP_NEG,20,14337,11.380835699965246,256,2048,deterministic_evenly_spaced_full_fold,3.606499671936035,3.710594952106476,320,315,98.4375,CDP,1.4832095268464458,20,0.99,1.4832095268464458
9,COMPLETE,1,42,15039,7152,31859ee24a2323f137f4e1bd7bb091f135f0d0c7cc2377d4e74235f7e3443de0,633459e67fe1ae24844bbffd3ed05fe9d35993d6c1089e67f3abb6a8ef32d641,15000,22.08660989999771,0.028384685516357422,0.044921875,14269c18e6a56f09985dea654338c0b32f5e417a5600e334e252b0c1bbf8bd28,True,True,True,1,0.6915229929387273,1.3128423073975908,0.798884644009922,0.03746699849874663,0.5553682341372227,-0.5078812762098731,1.2107090836934726,0.8616421863074095,0.6831159588836997,0.3550037093702853,0.16778523489932887,100.0,0.0,0.0,-0.5750493407249451,-0.5670627355575562,-0.7707768082618713,-0.3836829364299774,-0.40715327858924866,-0.4014984965324402,-0.5457345843315125,-0.2716597616672516,100.0,0.0,0.0,-0.05298200994729996,CDP_NEG,30,14337,22.08564830000978,256,2048,deterministic_evenly_spaced_full_fold,3.628999710083008,5.125474974513044,320,315,98.4375,CDP,1.598838673557433,20,0.99,1.598838673557433
9,COMPLETE,2,42,22191,7158,253e74b88bf1d5cb90464ade1e9a8dded9e64fe77e1fa6d7dc7b265785fec5f1,640b3d3af9a8eedaeecdab6c360d79d435ac5edf0b9973043bcfd7c57bb9a14a,36968,27.792877300002147,0.028713226318359375,0.046875,14269c18e6a56f09985dea654338c0b32f5e417a5600e334e252b0c1bbf8bd28,True,True,True,1,0.591885949930014,1.2820192020040067,0.663908359068107,0.03682020651971254,0.6387934212051481,0.23814401604051003,1.2597945798483254,0.7824538741620944,0.6741709723884015,0.9162276623191922,0.0,100.0,0.0,0.0,-0.45754367113113403,-0.4489208459854126,-0.547713577747345,-0.39555758237838745,-0.28674012422561646,-0.28133624792099,-0.3432491421699524,-0.2478937953710556,100.0,0.0,0.0,-0.04260538890957832,CDP_NEG,5,14337,27.792235200002324,256,2048,deterministic_evenly_spaced_full_fold,3.630000114440918,5.792295008897781,320,319,99.6875,CDP,1.425508144193831,20,0.99,1.425508144193831
10,COMPLETE,0,42,7411,7628,0b635fc68d95b6725e8cb8631c0afc750a22848a83c6a7d4d0d6c52e71d716ca,dab7ccd15b70d58d5849e1aae253e71366303eb268a524063b3ba4fe47d4f016,47312,46.75243990001036,0.027482986450195312,0.048828125,14269c18e6a56f09985dea654338c0b32f5e417a5600e334e252b0c1bbf8bd28,True,True,True,1,0.526210791830712,1.7028807906059724,0.8756700782508843,0.03861802131625605,0.6882783567112526,-0.447753031509484,1.643068509273489,0.7484077288796144,0.5854620663154414,0.5310261439125445,1.140534871525957,98.73046875,1.26953125,0.0,-0.5060940980911255,-0.434467077255249,-1.0554500818252563,-0.23576757311820984,-0.4918963611125946,-0.4222787618637085,-1.0258409976959229,-0.22915346920490265,93.505859375,6.494140625,0.0,-0.020637180656194687,CDP_NEG,70,44129,46.75214350002352,128,2048,deterministic_evenly_spaced_full_fold,3.606499671936035,3.710594952106476,640,634,99.0625,CDP,1.4832095268464458,20,0.99,1.4832095268464458
10,COMPLETE,1,42,15039,7152,31859ee24a2323f137f4e1bd7bb091f135f0d0c7cc2377d4e74235f7e3443de0,633459e67fe1ae24844bbffd3ed05fe9d35993d6c1089e67f3abb6a8ef32d641,15000,61.53314539999701,0.02723836898803711,0.048828125,14269c18e6a56f09985dea654338c0b32f5e417a5600e334e252b0c1bbf8bd28,True,True,True,1,0.7061253498657694,1.2813926453990814,0.7957882641046881,0.036569461580379034,0.5420641662001165,-0.4733418506196173,1.1908454501478971,0.8696319998579375,0.6691481287809915,0.4275779657279838,0.0,99.951171875,0.048828125,0.0,-0.5394240021705627,-0.4808417558670044,-1.167926549911499,-0.2464941293001175,-0.3819293975830078,-0.34045130014419556,-0.8269292712211609,-0.17452570796012878,99.8046875,0.1953125,0.0,-0.043025098741054535,CDP_NEG,30,44129,61.5325795999961,128,2048,deterministic_evenly_spaced_full_fold,3.628999710083008,5.125474974513044,640,630,98.4375,CDP,1.598838673557433,20,0.99,1.598838673557433
10,COMPLETE,2,42,22191,7158,253e74b88bf1d5cb90464ade1e9a8dded9e64fe77e1fa6d7dc7b265785fec5f1,640b3d3af9a8eedaeecdab6c360d79d435ac5edf0b9973043bcfd7c57bb9a14a,36968,106.5146218999871,0.02756500244140625,0.05078125,14269c18e6a56f09985dea654338c0b32f5e417a5600e334e252b0c1bbf8bd28,True,True,True,1,0.6328514434917996,1.2159750652386556,0.7048141286923518,0.03492338722768077,0.6058855209108844,0.31517034342678574,1.1745023325443653,0.8303153654943689,0.8377390492156469,0.6528520348433522,0.041911148365465216,99.267578125,0.732421875,0.0,-0.6637934446334839,-0.5811883211135864,-1.2558834552764893,-0.28825217485427856,-0.4159957766532898,-0.3642275929450989,-0.7870553731918335,-0.18064607679843903,95.01953125,4.98046875,0.0,-0.035441428422927856,CDP_NEG,50,44129,106.51429500000086,128,2048,deterministic_evenly_spaced_full_fold,3.630000114440918,5.792295008897781,640,635,99.21875,CDP,1.425508144193831,20,0.99,1.425508144193831
11,COMPLETE,0,42,7411,7628,0b635fc68d95b6725e8cb8631c0afc750a22848a83c6a7d4d0d6c52e71d716ca,dab7ccd15b70d58d5849e1aae253e71366303eb268a524063b3ba4fe47d4f016,47312,41.592258699995,0.029036998748779297,0.048828125,14269c18e6a56f09985dea654338c0b32f5e417a5600e334e252b0c1bbf8bd28,True,True,True,1,0.5033149885519264,1.7435411087423638,0.8979020818413417,0.03954011817775048,0.704712635085086,-0.6299373272415831,1.625872414643899,0.7543923332671253,0.5457639047543021,0.4425744856093505,0.0,91.89453125,8.10546875,0.0,-0.10082164406776428,-0.09169159829616547,-0.23231351375579834,0.03359607234597206,-0.09799323976039886,-0.0891193300485611,-0.22579629719257355,0.03265358507633209,94.384765625,5.615234375,0.0,-0.021653564646840096,CDP_NEG,30,29857,41.591955800016876,128,2048,deterministic_evenly_spaced_full_fold,3.606499671936035,3.710594952106476,640,634,99.0625,CDP,1.4832095268464458,20,0.99,1.4832095268464458
11,COMPLETE,1,42,15039,7152,31859ee24a2323f137f4e1bd7bb091f135f0d0c7cc2377d4e74235f7e3443de0,633459e67fe1ae24844bbffd3ed05fe9d35993d6c1089e67f3abb6a8ef32d641,15000,76.5687070999993,0.02867889404296875,0.048828125,14269c18e6a56f09985dea654338c0b32f5e417a5600e334e252b0c1bbf8bd28,True,True,True,1,0.7074341705166147,1.2785360113677664,0.776576658630102,0.036487936554593633,0.5408557318065812,-0.4606406428852229,1.1927545635016155,0.8641210122788772,0.7777873067989818,0.14445135194362504,0.0,83.69140625,16.30859375,0.0,-0.11604130268096924,-0.06533461809158325,-0.5270073413848877,0.06356090307235718,-0.08216094970703125,-0.046258989721536636,-0.3731379806995392,0.045003145933151245,99.365234375,0.634765625,0.0,-0.04424875229597092,CDP_NEG,35,29857,76.56837729999097,128,2048,deterministic_evenly_spaced_full_fold,3.628999710083008,5.125474974513044,640,630,98.4375,CDP,1.598838673557433,20,0.99,1.598838673557433
11,COMPLETE,2,42,22191,7158,253e74b88bf1d5cb90464ade1e9a8dded9e64fe77e1fa6d7dc7b265785fec5f1,640b3d3af9a8eedaeecdab6c360d79d435ac5edf0b9973043bcfd7c57bb9a14a,36968,91.0489549000049,0.029006481170654297,0.048828125,14269c18e6a56f09985dea654338c0b32f5e417a5600e334e252b0c1bbf8bd28,True,True,True,1,0.6477123946436367,1.191111557369625,0.5793207539554008,0.03420929535361901,0.5934967476148277,0.08053393453789551,1.1884689113838978,0.8059378908233092,0.6612989281845889,0.7854056258620491,0.0,100.0,0.0,0.0,-0.233393132686615,-0.1937549114227295,-0.5077157616615295,-0.10602771490812302,-0.14626622200012207,-0.12142515927553177,-0.31818273663520813,-0.06644699722528458,100.0,0.0,0.0,-0.03201323747634888,CDP_NEG,1,29857,91.04860879998887,128,2048,deterministic_evenly_spaced_full_fold,3.630000114440918,5.792295008897781,640,635,99.21875,CDP,1.425508144193831,20,0.99,1.425508144193831
12,COMPLETE,0,42,7411,7628,0b635fc68d95b6725e8cb8631c0afc750a22848a83c6a7d4d0d6c52e71d716ca,dab7ccd15b70d58d5849e1aae253e71366303eb268a524063b3ba4fe47d4f016,47312,24.82087880000472,0.021319866180419922,0.025390625,14269c18e6a56f09985dea654338c0b32f5e417a5600e334e252b0c1bbf8bd28,True,True,True,1,0.5371817410423894,1.6830495669759382,0.8300819346332907,0.038168287769963845,0.6802628795933292,-0.4352894982203522,1.6258922021923734,0.7670887818134211,0.4791710538764952,0.7944568892612839,0.3801782905086523,100.0,0.0,0.0,-0.35738468170166016,-0.33693423867225647,-0.5653994083404541,-0.24332773685455322,-0.347358763217926,-0.32748204469680786,-0.5495380163192749,-0.2365015298128128,79.98046875,19.970703125,0.048828125,-0.010320931673049927,CDP_NEG,20,4865,24.820238499960396,128,2048,deterministic_evenly_spaced_full_fold,3.606499671936035,3.710594952106476,640,634,99.0625,CDP,1.4832095268464458,20,0.99,1.4832095268464458
12,COMPLETE,1,42,15039,7152,31859ee24a2323f137f4e1bd7bb091f135f0d0c7cc2377d4e74235f7e3443de0,633459e67fe1ae24844bbffd3ed05fe9d35993d6c1089e67f3abb6a8ef32d641,15000,40.78030599997146,0.021642684936523438,0.025390625,14269c18e6a56f09985dea654338c0b32f5e417a5600e334e252b0c1bbf8bd28,True,True,True,1,0.7351331686738958,1.2165079528756493,0.7356123973946906,0.03471772762598961,0.514616165091205,-0.27973498457052626,1.1839915303587778,0.875346191006905,0.880672294998145,0.045198024511017294,0.6711409395973155,100.0,0.0,0.0,-0.49959737062454224,-0.48759782314300537,-0.7388618588447571,-0.3045782446861267,-0.35373085737228394,-0.34523481130599976,-0.5231378078460693,-0.21565110981464386,100.0,0.0,0.0,-0.06255804002285004,CDP_NEG,1,4865,40.78003379999427,128,2048,deterministic_evenly_spaced_full_fold,3.628999710083008,5.125474974513044,640,630,98.4375,CDP,1.598838673557433,20,0.99,1.598838673557433
12,COMPLETE,2,42,22191,7158,253e74b88bf1d5cb90464ade1e9a8dded9e64fe77e1fa6d7dc7b265785fec5f1,640b3d3af9a8eedaeecdab6c360d79d435ac5edf0b9973043bcfd7c57bb9a14a,36968,89.92975690000458,0.021961688995361328,0.025390625,14269c18e6a56f09985dea654338c0b32f5e417a5600e334e252b0c1bbf8bd28,True,True,True,1,0.6689026942346101,1.1547330079267435,0.6700582498817139,0.03316448596130986,0.5753703591638798,0.3189484095873724,1.1098884295741513,0.8420247718519365,0.8115912254782743,0.7110464057514252,0.0,99.951171875,0.048828125,0.0,-0.7075059413909912,-0.68131422996521,-0.9775682091712952,-0.4486117660999298,-0.4433901607990265,-0.42697593569755554,-0.6126367449760437,-0.28114259243011475,75.1953125,24.8046875,0.0,-0.009846314787864685,CDP_NEG,55,4865,89.92948999995133,128,2048,deterministic_evenly_spaced_full_fold,3.630000114440918,5.792295008897781,640,635,99.21875,CDP,1.425508144193831,20,0.99,1.425508144193831
13,COMPLETE,0,42,7411,7628,0b635fc68d95b6725e8cb8631c0afc750a22848a83c6a7d4d0d6c52e71d716ca,dab7ccd15b70d58d5849e1aae253e71366303eb268a524063b3ba4fe47d4f016,47312,39.87761849997332,0.02409076690673828,0.044921875,14269c18e6a56f09985dea654338c0b32f5e417a5600e334e252b0c1bbf8bd28,True,True,True,1,0.5059552984085203,1.7389007201022055,0.8631750460760863,0.03943488319688163,0.7028370610076938,-0.359807842370383,1.7013798851439095,0.7506568239732543,0.4203126546302727,1.0089110511225265,0.0,82.12890625,17.87109375,0.0,-0.12506483495235443,-0.13100269436836243,-0.43366649746894836,0.27708330750465393,-0.12155632674694061,-0.12732762098312378,-0.42150065302848816,0.2693101465702057,94.62890625,5.37109375,0.0,-0.03373449668288231,CDP_NEG,75,7233,39.87733540002955,128,2048,deterministic_evenly_spaced_full_fold,3.606499671936035,3.710594952106476,640,634,99.0625,CDP,1.4832095268464458,20,0.99,1.4832095268464458
13,COMPLETE,1,42,15039,7152,31859ee24a2323f137f4e1bd7bb091f135f0d0c7cc2377d4e74235f7e3443de0,633459e67fe1ae24844bbffd3ed05fe9d35993d6c1089e67f3abb6a8ef32d641,15000,58.591400300036184,0.023138999938964844,0.044921875,14269c18e6a56f09985dea654338c0b32f5e417a5600e334e252b0c1bbf8bd28,True,True,True,1,0.7037541797727476,1.2865518103299591,0.7411252563794287,0.03671669817050931,0.5442466341942841,-0.3995787637856199,1.2230132914684928,0.8576566182284742,0.7844283925398133,0.18742935041128797,0.0,74.853515625,25.146484375,0.0,-0.12650556862354279,-0.09455252438783646,-0.6502439975738525,0.2543051242828369,-0.08956997096538544,-0.06694620847702026,-0.460393488407135,0.1800561249256134,99.365234375,0.634765625,0.0,-0.051245637238025665,CDP_NEG,50,7233,58.5910889999941,128,2048,deterministic_evenly_spaced_full_fold,3.628999710083008,5.125474974513044,640,630,98.4375,CDP,1.598838673557433,20,0.99,1.598838673557433
13,COMPLETE,2,42,22191,7158,253e74b88bf1d5cb90464ade1e9a8dded9e64fe77e1fa6d7dc7b265785fec5f1,640b3d3af9a8eedaeecdab6c360d79d435ac5edf0b9973043bcfd7c57bb9a14a,36968,60.68067879998125,0.023462772369384766,0.046875,14269c18e6a56f09985dea654338c0b32f5e417a5600e334e252b0c1bbf8bd28,True,True,True,1,0.6604681136891387,1.1693487075729054,0.6035445196920876,0.033584255866909205,0.5826529433605006,0.1525931111149357,1.1594306979464712,0.8183687897630072,0.7179874544732583,0.7394901612913777,0.0,96.97265625,3.02734375,0.0,-0.09292073547840118,-0.09900528192520142,-0.14609667658805847,-0.031780779361724854,-0.058232925832271576,-0.062046077102422714,-0.09155800193548203,-0.019916843622922897,100.0,0.0,0.0,-0.04216773435473442,CDP_NEG,1,7233,60.680414900009055,128,2048,deterministic_evenly_spaced_full_fold,3.630000114440918,5.792295008897781,640,635,99.21875,CDP,1.425508144193831,20,0.99,1.425508144193831
14,COMPLETE,0,42,7411,7628,0b635fc68d95b6725e8cb8631c0afc750a22848a83c6a7d4d0d6c52e71d716ca,dab7ccd15b70d58d5849e1aae253e71366303eb268a524063b3ba4fe47d4f016,47312,29.992248099995777,0.029206275939941406,0.046875,14269c18e6a56f09985dea654338c0b32f5e417a5600e334e252b0c1bbf8bd28,True,True,True,1,0.5681853691573643,1.6256997571707497,0.7883046652221765,0.03686770572701774,0.6570829640829947,-0.42805701773925026,1.568435330099623,0.8002771863296043,0.4758111644390441,0.8096225154110283,0.23597273203985317,98.046875,1.953125,0.0,-0.21997012197971344,-0.21771875023841858,-0.40494194626808167,-0.0460086353123188,-0.21379917860031128,-0.21161097288131714,-0.39358189702033997,-0.044717930257320404,83.10546875,16.89453125,0.0,-0.019375968724489212,CDP_NEG,35,37953,29.99195910000708,128,2048,deterministic_evenly_spaced_full_fold,3.606499671936035,3.710594952106476,1280,1275,99.609375,CDP,1.4832095268464458,20,0.99,1.4832095268464458
14,COMPLETE,1,42,15039,7152,31859ee24a2323f137f4e1bd7bb091f135f0d0c7cc2377d4e74235f7e3443de0,633459e67fe1ae24844bbffd3ed05fe9d35993d6c1089e67f3abb6a8ef32d641,15000,57.44360080000479,0.02884817123413086,0.046875,14269c18e6a56f09985dea654338c0b32f5e417a5600e334e252b0c1bbf8bd28,True,True,True,1,0.7041808937578098,1.2856248985444516,0.7957550289462372,0.03669024518199698,0.5438545251354752,-0.3926855918075092,1.2242707931467305,0.8554429293339998,0.7332830455999785,0.33359287441218977,0.37751677852348997,81.298828125,18.701171875,0.0,-0.36149847507476807,-0.2637258768081665,-1.3374172449111938,0.2171511948108673,-0.2559524476528168,-0.18672631680965424,-0.9469341039657593,0.1537499725818634,61.62109375,38.37890625,0.0,-0.005582456476986408,CDP_NEG,45,37953,57.44331100001,128,2048,deterministic_evenly_spaced_full_fold,3.628999710083008,5.125474974513044,1280,1269,99.140625,CDP,1.598838673557433,20,0.99,1.598838673557433
14,COMPLETE,2,42,22191,7158,253e74b88bf1d5cb90464ade1e9a8dded9e64fe77e1fa6d7dc7b265785fec5f1,640b3d3af9a8eedaeecdab6c360d79d435ac5edf0b9973043bcfd7c57bb9a14a,36968,103.33401839999715,0.029175281524658203,0.048828125,14269c18e6a56f09985dea654338c0b32f5e417a5600e334e252b0c1bbf8bd28,True,True,True,1,0.6644403155567564,1.1624884470746357,0.6902713699681006,0.033387225894245406,0.5792346721932684,0.2100929264743101,1.1434259940309899,0.8362747231747755,0.8287889561623952,0.5664006800823551,0.4191114836546521,84.619140625,15.380859375,0.0,-0.4544031620025635,-0.32962268590927124,-1.7049928903579712,0.2643507421016693,-0.28477203845977783,-0.2065727710723877,-1.0685099363327026,0.16566717624664307,60.693359375,39.306640625,0.0,-0.018034812062978745,CDP_NEG,80,37953,103.33374999999069,128,2048,deterministic_evenly_spaced_full_fold,3.630000114440918,5.792295008897781,1280,1259,98.359375,CDP,1.425508144193831,20,0.99,1.425508144193831
15,COMPLETE,0,42,7411,7628,0b635fc68d95b6725e8cb8631c0afc750a22848a83c6a7d4d0d6c52e71d716ca,dab7ccd15b70d58d5849e1aae253e71366303eb268a524063b3ba4fe47d4f016,47312,10.110240000009071,0.028900146484375,0.046875,14269c18e6a56f09985dea654338c0b32f5e417a5600e334e252b0c1bbf8bd28,True,True,True,1,0.4841639713448068,1.7768366368865798,0.8353485197190115,0.04029519593933106,0.718170178046023,-0.5603228233123783,1.6862857252057475,0.7651287364256818,0.41440098237249584,0.8223543143547184,0.0,100.0,0.0,0.0,-0.2875562906265259,-0.28247418999671936,-0.48028504848480225,-0.14821253716945648,-0.27948933839797974,-0.27454978227615356,-0.4668113589286804,-0.14405465126037598,97.75390625,2.24609375,0.0,-0.02846098691225052,CDP_NEG,55,22209,10.109951799968258,512,2048,deterministic_evenly_spaced_full_fold,3.606499671936035,3.710594952106476,640,634,99.0625,CDP,1.4832095268464458,20,0.99,1.4832095268464458
15,COMPLETE,1,42,15039,7152,31859ee24a2323f137f4e1bd7bb091f135f0d0c7cc2377d4e74235f7e3443de0,633459e67fe1ae24844bbffd3ed05fe9d35993d6c1089e67f3abb6a8ef32d641,15000,14.204485800000839,0.028541088104248047,0.046875,14269c18e6a56f09985dea654338c0b32f5e417a5600e334e252b0c1bbf8bd28,True,True,True,1,0.7151997466887268,1.2614538020953319,0.7434615760117611,0.036000430092043484,0.5336294896712251,-0.43906053962129726,1.1826610263462491,0.8658658695631998,0.7456826508430844,0.2534534203338835,0.0,100.0,0.0,0.0,-0.4101628065109253,-0.39182278513908386,-0.6911436915397644,-0.2184838205575943,-0.2904083728790283,-0.27742302417755127,-0.489351749420166,-0.15469351410865784,100.0,0.0,0.0,-0.04397779703140259,CDP_NEG,30,22209,14.204177800042089,512,2048,deterministic_evenly_spaced_full_fold,3.628999710083008,5.125474974513044,640,630,98.4375,CDP,1.598838673557433,20,0.99,1.598838673557433
15,COMPLETE,2,42,22191,7158,253e74b88bf1d5cb90464ade1e9a8dded9e64fe77e1fa6d7dc7b265785fec5f1,640b3d3af9a8eedaeecdab6c360d79d435ac5edf0b9973043bcfd7c57bb9a14a,36968,38.601575699984096,0.02886962890625,0.046875,14269c18e6a56f09985dea654338c0b32f5e417a5600e334e252b0c1bbf8bd28,True,True,True,1,0.6322322691112712,1.2169999684163808,0.6647062887855195,0.0349528229386339,0.6063962007870358,0.09480655887789026,1.213386305489235,0.7966949475971834,0.6475369681257328,0.8283183014738864,0.0,99.90234375,0.09765625,0.0,-0.5450757145881653,-0.5305330753326416,-0.9250246286392212,-0.19906383752822876,-0.3415960371494293,-0.3324822187423706,-0.5797079205513,-0.1247522309422493,77.880859375,22.119140625,0.0,-0.026277493685483932,CDP_NEG,140,22209,38.601280500006396,512,2048,deterministic_evenly_spaced_full_fold,3.630000114440918,5.792295008897781,640,635,99.21875,CDP,1.425508144193831,20,0.99,1.425508144193831
16,COMPLETE,0,42,7411,7628,0b635fc68d95b6725e8cb8631c0afc750a22848a83c6a7d4d0d6c52e71d716ca,dab7ccd15b70d58d5849e1aae253e71366303eb268a524063b3ba4fe47d4f016,47312,35.24692070001038,0.025248050689697266,0.048828125,14269c18e6a56f09985dea654338c0b32f5e417a5600e334e252b0c1bbf8bd28,True,True,True,1,0.5303014676070459,1.6955135540436346,0.9472042490840158,0.03845094673289369,0.6853006324321358,-0.6045301318706214,1.584183870352431,0.7689481015040291,0.5638893743988347,0.42518503731702667,6.056633455689565,99.21875,0.78125,0.0,-0.43832987546920776,-0.4122872054576874,-0.7155153751373291,-0.23793932795524597,-0.4260331988334656,-0.40072110295295715,-0.6954426765441895,-0.23126429319381714,88.76953125,11.23046875,0.0,-0.02093275636434555,CDP_NEG,50,19425,35.24624349997612,128,2048,deterministic_evenly_spaced_full_fold,3.606499671936035,3.710594952106476,1280,1275,99.609375,CDP,1.4832095268464458,20,0.99,1.4832095268464458
16,COMPLETE,1,42,15039,7152,31859ee24a2323f137f4e1bd7bb091f135f0d0c7cc2377d4e74235f7e3443de0,633459e67fe1ae24844bbffd3ed05fe9d35993d6c1089e67f3abb6a8ef32d641,15000,44.57530339999357,0.025343894958496094,0.048828125,14269c18e6a56f09985dea654338c0b32f5e417a5600e334e252b0c1bbf8bd28,True,True,True,1,0.7084570034359958,1.2762991238507582,0.7800893373938457,0.03642409837633768,0.5399094671537098,-0.33231640443095406,1.23236261284873,0.8539065711448504,0.7030566557126842,0.47626945066878623,0.0,100.0,0.0,0.0,-0.5293782949447632,-0.4839356541633606,-0.9078806638717651,-0.2812412679195404,-0.37481674551963806,-0.3426418900489807,-0.6428084969520569,-0.19912777841091156,97.0703125,2.9296875,0.0,-0.05556570738554001,CDP_NEG,10,19425,44.574981899990235,128,2048,deterministic_evenly_spaced_full_fold,3.628999710083008,5.125474974513044,1280,1269,99.140625,CDP,1.598838673557433,20,0.99,1.598838673557433
16,COMPLETE,2,42,22191,7158,253e74b88bf1d5cb90464ade1e9a8dded9e64fe77e1fa6d7dc7b265785fec5f1,640b3d3af9a8eedaeecdab6c360d79d435ac5edf0b9973043bcfd7c57bb9a14a,36968,63.37073680001777,0.025665283203125,0.048828125,14269c18e6a56f09985dea654338c0b32f5e417a5600e334e252b0c1bbf8bd28,True,True,True,1,0.6137743898866075,1.2471660807544869,0.7267629734319221,0.03581920815692835,0.621427109898846,0.3174558589121916,1.2061709076650513,0.8032994476893405,0.7100115739236847,0.9209515350765707,0.0,100.0,0.0,0.0,-0.397739052772522,-0.35673850774765015,-0.6188098192214966,-0.26654037833213806,-0.24926091730594635,-0.22356610000133514,-0.38780477643013,-0.1670394390821457,100.0,0.0,0.0,-0.04294130206108093,CDP_NEG,1,19425,63.370365699985996,128,2048,deterministic_evenly_spaced_full_fold,3.630000114440918,5.792295008897781,1280,1259,98.359375,CDP,1.425508144193831,20,0.99,1.425508144193831
17,COMPLETE,0,42,7411,7628,0b635fc68d95b6725e8cb8631c0afc750a22848a83c6a7d4d0d6c52e71d716ca,dab7ccd15b70d58d5849e1aae253e71366303eb268a524063b3ba4fe47d4f016,47312,32.10776659997646,0.029273033142089844,0.048828125,14269c18e6a56f09985dea654338c0b32f5e417a5600e334e252b0c1bbf8bd28,True,True,True,1,0.5278903142040813,1.6998598633166482,0.9111028909018433,0.03854951256620288,0.6870573441295671,-0.5576043977555621,1.6059075250479318,0.7642406557700641,0.5280451946564015,0.5567436453892246,0.026219192448872573,90.52734375,9.47265625,0.0,-0.10668240487575531,-0.11070886254310608,-0.3838018774986267,0.01422673650085926,-0.10368959605693817,-0.10760308802127838,-0.37303486466407776,0.013827626593410969,90.4296875,9.5703125,0.0,-0.014415450394153595,CDP_NEG,35,42753,32.107476800039876,128,2048,deterministic_evenly_spaced_full_fold,3.606499671936035,3.710594952106476,640,634,99.0625,CDP,1.4832095268464458,20,0.99,1.4832095268464458
17,COMPLETE,1,42,15039,7152,31859ee24a2323f137f4e1bd7bb091f135f0d0c7cc2377d4e74235f7e3443de0,633459e67fe1ae24844bbffd3ed05fe9d35993d6c1089e67f3abb6a8ef32d641,15000,55.674257799983025,0.028914928436279297,0.048828125,14269c18e6a56f09985dea654338c0b32f5e417a5600e334e252b0c1bbf8bd28,True,True,True,1,0.7091259506514278,1.2748340448286075,0.7635818974618118,0.03638228671836919,0.539289698621862,-0.3757759370675448,1.2182782151870981,0.8573141207571194,0.7141877740248482,0.40249954067634197,0.0,76.611328125,23.388671875,0.0,-0.18059054017066956,-0.15403519570827484,-0.9800351858139038,0.60198575258255,-0.12786386907100677,-0.1090618297457695,-0.6938961744308472,0.4262251555919647,96.38671875,3.61328125,0.0,-0.031265728175640106,CDP_NEG,35,42753,55.67396759998519,128,2048,deterministic_evenly_spaced_full_fold,3.628999710083008,5.125474974513044,640,630,98.4375,CDP,1.598838673557433,20,0.99,1.598838673557433
17,COMPLETE,2,42,22191,7158,253e74b88bf1d5cb90464ade1e9a8dded9e64fe77e1fa6d7dc7b265785fec5f1,640b3d3af9a8eedaeecdab6c360d79d435ac5edf0b9973043bcfd7c57bb9a14a,36968,66.43440120003652,0.029242515563964844,0.05078125,14269c18e6a56f09985dea654338c0b32f5e417a5600e334e252b0c1bbf8bd28,True,True,True,1,0.6535240046485529,1.1812459497155101,0.6115255086497103,0.03392595036884878,0.5885809981035969,0.12616092963775538,1.1745714756833732,0.8108829627393546,0.6635418011243366,0.8263649721883415,0.0,89.404296875,10.595703125,0.0,-0.09283015131950378,-0.10682028532028198,-0.20192359387874603,0.08588795363903046,-0.058176152408123016,-0.0669437050819397,-0.12654443085193634,0.05382551625370979,99.853515625,0.146484375,0.0,-0.04603472724556923,CDP_NEG,1,42753,66.43411179998657,128,2048,deterministic_evenly_spaced_full_fold,3.630000114440918,5.792295008897781,640,635,99.21875,CDP,1.425508144193831,20,0.99,1.425508144193831
18,COMPLETE,0,42,7411,7628,0b635fc68d95b6725e8cb8631c0afc750a22848a83c6a7d4d0d6c52e71d716ca,dab7ccd15b70d58d5849e1aae253e71366303eb268a524063b3ba4fe47d4f016,47312,24.778561900020577,0.028727054595947266,0.044921875,14269c18e6a56f09985dea654338c0b32f5e417a5600e334e252b0c1bbf8bd28,True,True,True,1,0.552395966477397,1.6551549608303873,0.8774810064070411,0.037535692405285315,0.6689883066549996,-0.47012075390192165,1.587089988873967,0.7747419512095799,0.5163578639512116,0.6718226309015491,2.149973780807551,97.998046875,2.001953125,0.0,-0.2715819776058197,-0.2645410895347595,-0.4773731529712677,-0.0781644955277443,-0.26396316289901733,-0.2571197748184204,-0.46398115158081055,-0.07597170770168304,81.4453125,18.5546875,0.0,-0.014089833945035934,CDP_NEG,30,13313,24.77829390001716,128,2048,deterministic_evenly_spaced_full_fold,3.606499671936035,3.710594952106476,640,634,99.0625,CDP,1.4832095268464458,20,0.99,1.4832095268464458
18,COMPLETE,1,42,15039,7152,31859ee24a2323f137f4e1bd7bb091f135f0d0c7cc2377d4e74235f7e3443de0,633459e67fe1ae24844bbffd3ed05fe9d35993d6c1089e67f3abb6a8ef32d641,15000,37.582998700032476,0.02836894989013672,0.044921875,14269c18e6a56f09985dea654338c0b32f5e417a5600e334e252b0c1bbf8bd28,True,True,True,1,0.7130067494797394,1.2663011638906467,0.7590779667197762,0.03613876818191503,0.5356800564036643,-0.24835384471401348,1.2417949175085419,0.851956809335001,0.6898418231753509,0.5962164056340685,0.0,95.60546875,4.39453125,0.0,-0.30933722853660583,-0.3306775689125061,-0.5336249470710754,-0.008940448053181171,-0.21902063488960266,-0.23413026332855225,-0.37782350182533264,-0.006330122239887714,100.0,0.0,0.0,-0.053257059305906296,CDP_NEG,1,13313,37.582735600008164,128,2048,deterministic_evenly_spaced_full_fold,3.628999710083008,5.125474974513044,640,630,98.4375,CDP,1.598838673557433,20,0.99,1.598838673557433
18,COMPLETE,2,42,22191,7158,253e74b88bf1d5cb90464ade1e9a8dded9e64fe77e1fa6d7dc7b265785fec5f1,640b3d3af9a8eedaeecdab6c360d79d435ac5edf0b9973043bcfd7c57bb9a14a,36968,55.88657259999309,0.028696537017822266,0.044921875,14269c18e6a56f09985dea654338c0b32f5e417a5600e334e252b0c1bbf8bd28,True,True,True,1,0.664572557197717,1.1622593603638947,0.6884895376391563,0.03338064641401046,0.5791205248517324,0.3566612961463331,1.1062596944649945,0.8357233959039955,0.7382891274442602,0.9013084813103056,0.0,97.216796875,2.783203125,0.0,-0.2751644253730774,-0.2634001076221466,-0.5330988764762878,-0.09058733284473419,-0.17244407534599304,-0.16507142782211304,-0.3340902030467987,-0.05677059292793274,99.560546875,0.439453125,0.0,-0.03379237651824951,CDP_NEG,10,13313,55.88632179994602,128,2048,deterministic_evenly_spaced_full_fold,3.630000114440918,5.792295008897781,640,635,99.21875,CDP,1.425508144193831,20,0.99,1.425508144193831
19,COMPLETE,0,42,7411,7628,0b635fc68d95b6725e8cb8631c0afc750a22848a83c6a7d4d0d6c52e71d716ca,dab7ccd15b70d58d5849e1aae253e71366303eb268a524063b3ba4fe47d4f016,47312,16.375902900006622,0.021396636962890625,0.025390625,14269c18e6a56f09985dea654338c0b32f5e417a5600e334e252b0c1bbf8bd28,True,True,True,1,0.5469654056404077,1.6651652826261123,0.869548611273379,0.037762707016421024,0.6730343255388351,-0.46957436320817947,1.5976889474304894,0.7639146177464339,0.5652736687482091,0.5568723029747408,0.7210277923439958,98.193359375,1.806640625,0.0,-0.29207441210746765,-0.24355018138885498,-0.7430980801582336,-0.061155859380960464,-0.28388068079948425,-0.23671773076057434,-0.7222515344619751,-0.05944022536277771,92.822265625,7.177734375,0.0,-0.020270662382245064,CDP_NEG,35,9025,16.375572799996007,256,2048,deterministic_evenly_spaced_full_fold,3.606499671936035,3.710594952106476,320,315,98.4375,CDP,1.4832095268464458,20,0.99,1.4832095268464458
19,COMPLETE,1,42,15039,7152,31859ee24a2323f137f4e1bd7bb091f135f0d0c7cc2377d4e74235f7e3443de0,633459e67fe1ae24844bbffd3ed05fe9d35993d6c1089e67f3abb6a8ef32d641,15000,24.62410960003035,0.021718502044677734,0.02734375,14269c18e6a56f09985dea654338c0b32f5e417a5600e334e252b0c1bbf8bd28,True,True,True,1,0.7146896623288155,1.262582944358456,0.7537444418059741,0.036032654504098885,0.534107147757979,-0.442751852459518,1.1824897453070817,0.8659193865433222,0.755425972730957,0.22323074246666635,0.0,95.947265625,4.052734375,0.0,-0.356755793094635,-0.2708524465560913,-0.9053487181663513,-0.01989750564098358,-0.2525944709777832,-0.19177217781543732,-0.6410157084465027,-0.014088069088757038,94.775390625,5.224609375,0.0,-0.023203596472740173,CDP_NEG,20,9025,24.623844999994617,256,2048,deterministic_evenly_spaced_full_fold,3.628999710083008,5.125474974513044,320,315,98.4375,CDP,1.598838673557433,20,0.99,1.598838673557433
19,COMPLETE,2,42,22191,7158,253e74b88bf1d5cb90464ade1e9a8dded9e64fe77e1fa6d7dc7b265785fec5f1,640b3d3af9a8eedaeecdab6c360d79d435ac5edf0b9973043bcfd7c57bb9a14a,36968,34.14046490000328,0.02203845977783203,0.02734375,14269c18e6a56f09985dea654338c0b32f5e417a5600e334e252b0c1bbf8bd28,True,True,True,1,0.6959118020806896,1.1066328025276388,0.6178929484457296,0.031783024986570034,0.5514034055335953,0.2686144081688747,1.073612354652148,0.8670824693147644,0.9208659327095435,0.43330052372620176,0.0,96.826171875,3.173828125,0.0,-0.3016253113746643,-0.3053634464740753,-0.6699389815330505,-0.04681118205189705,-0.18902695178985596,-0.19136962294578552,-0.41984713077545166,-0.029336316511034966,99.8046875,0.1953125,0.0,-0.03371556103229523,CDP_NEG,5,9025,34.140211799996905,256,2048,deterministic_evenly_spaced_full_fold,3.630000114440918,5.792295008897781,320,319,99.6875,CDP,1.425508144193831,20,0.99,1.425508144193831
20,COMPLETE,0,42,7411,7628,0b635fc68d95b6725e8cb8631c0afc750a22848a83c6a7d4d0d6c52e71d716ca,dab7ccd15b70d58d5849e1aae253e71366303eb268a524063b3ba4fe47d4f016,47312,48.70246529998258,0.025276660919189453,0.048828125,14269c18e6a56f09985dea654338c0b32f5e417a5600e334e252b0c1bbf8bd28,True,True,True,1,0.5103499347346574,1.7311494921196753,0.8851901519796129,0.039259100435629156,0.6997041332726809,-0.5113353844266019,1.6540173329012233,0.7684182507081823,0.44186763754058067,0.8064893286190215,0.34084950183534346,98.92578125,1.07421875,0.0,-0.4144313931465149,-0.41352492570877075,-0.6666856408119202,-0.1187928095459938,-0.4028051495552063,-0.4019240736961365,-0.6479827165603638,-0.11546025425195694,93.017578125,6.982421875,0.0,-0.021806906908750534,CDP_NEG,50,22049,48.7021628000075,128,2048,deterministic_evenly_spaced_full_fold,3.606499671936035,3.710594952106476,640,634,99.0625,CDP,1.4832095268464458,20,0.99,1.4832095268464458
20,COMPLETE,1,42,15039,7152,31859ee24a2323f137f4e1bd7bb091f135f0d0c7cc2377d4e74235f7e3443de0,633459e67fe1ae24844bbffd3ed05fe9d35993d6c1089e67f3abb6a8ef32d641,15000,75.36580729996786,0.02537250518798828,0.048828125,14269c18e6a56f09985dea654338c0b32f5e417a5600e334e252b0c1bbf8bd28,True,True,True,1,0.7334084945357511,1.220462157843416,0.7005603897059232,0.034830576054743205,0.5162889020360696,-0.3265132684801274,1.1760571211242266,0.8707861381292308,0.8244659019593569,0.1514714767378782,0.0,100.0,0.0,0.0,-0.6334502696990967,-0.6353354454040527,-0.9564663767814636,-0.3317026197910309,-0.44850295782089233,-0.4498377740383148,-0.6772087216377258,-0.2348560243844986,94.62890625,5.37109375,0.0,-0.025866461917757988,CDP_NEG,35,22049,75.36546600004658,128,2048,deterministic_evenly_spaced_full_fold,3.628999710083008,5.125474974513044,640,630,98.4375,CDP,1.598838673557433,20,0.99,1.598838673557433
20,COMPLETE,2,42,22191,7158,253e74b88bf1d5cb90464ade1e9a8dded9e64fe77e1fa6d7dc7b265785fec5f1,640b3d3af9a8eedaeecdab6c360d79d435ac5edf0b9973043bcfd7c57bb9a14a,36968,103.48910040000919,0.02569437026977539,0.05078125,14269c18e6a56f09985dea654338c0b32f5e417a5600e334e252b0c1bbf8bd28,True,True,True,1,0.650360229456397,1.186626847741433,0.7017623598130125,0.03408049234159481,0.5912621453545603,0.22090669699495225,1.1659645923636446,0.8315041830898385,0.8328076216066561,0.5688511953780301,0.0,99.90234375,0.09765625,0.0,-0.6843842267990112,-0.6750566959381104,-1.0121158361434937,-0.3953612744808197,-0.42889994382858276,-0.42305439710617065,-0.6342875957489014,-0.2477707862854004,83.0078125,16.9921875,0.0,-0.019122593104839325,CDP_NEG,30,22049,103.4888198999688,128,2048,deterministic_evenly_spaced_full_fold,3.630000114440918,5.792295008897781,640,635,99.21875,CDP,1.425508144193831,20,0.99,1.425508144193831
21,COMPLETE,0,42,7411,7628,0b635fc68d95b6725e8cb8631c0afc750a22848a83c6a7d4d0d6c52e71d716ca,dab7ccd15b70d58d5849e1aae253e71366303eb268a524063b3ba4fe47d4f016,47312,9.185256999975536,0.02960348129272461,0.048828125,14269c18e6a56f09985dea654338c0b32f5e417a5600e334e252b0c1bbf8bd28,True,True,True,1,0.5505219078441461,1.6586162985580741,0.8188934740311904,0.037614188806729246,0.6703873263963565,-0.36887286472158465,1.6171838759542105,0.7711533370082126,0.48049469875730144,0.8577482212141304,0.05243838489774515,89.2578125,10.7421875,0.0,-0.08568526804447174,-0.0802946537733078,-0.24247774481773376,0.03686975687742233,-0.0832814946770668,-0.07804210484027863,-0.2356753945350647,0.03583543002605438,80.419921875,19.580078125,0.0,-0.018639111891388893,CDP_NEG,35,58625,9.184965899970848,512,2048,deterministic_evenly_spaced_full_fold,3.606499671936035,3.710594952106476,1280,1275,99.609375,CDP,1.4832095268464458,20,0.99,1.4832095268464458
21,COMPLETE,1,42,15039,7152,31859ee24a2323f137f4e1bd7bb091f135f0d0c7cc2377d4e74235f7e3443de0,633459e67fe1ae24844bbffd3ed05fe9d35993d6c1089e67f3abb6a8ef32d641,15000,14.70280400000047,0.029244422912597656,0.048828125,14269c18e6a56f09985dea654338c0b32f5e417a5600e334e252b0c1bbf8bd28,True,True,True,1,0.7080798509297795,1.277124394638839,0.7584702151101416,0.0364476506485366,0.5402585792882586,-0.20177375441219167,1.2611726545773707,0.8482854997372844,0.6644705965571573,0.7118831259771817,0.0,64.2578125,35.7421875,0.0,-0.11558518558740616,-0.07443755865097046,-1.0119620561599731,0.6201360821723938,-0.08183798938989639,-0.052704162895679474,-0.7165014147758484,0.43907612562179565,90.576171875,9.423828125,0.0,-0.030138883739709854,CDP_NEG,25,58625,14.70248520001769,512,2048,deterministic_evenly_spaced_full_fold,3.628999710083008,5.125474974513044,1280,1269,99.140625,CDP,1.598838673557433,20,0.99,1.598838673557433
21,COMPLETE,2,42,22191,7158,253e74b88bf1d5cb90464ade1e9a8dded9e64fe77e1fa6d7dc7b265785fec5f1,640b3d3af9a8eedaeecdab6c360d79d435ac5edf0b9973043bcfd7c57bb9a14a,36968,20.658190999994986,0.029572486877441406,0.048828125,14269c18e6a56f09985dea654338c0b32f5e417a5600e334e252b0c1bbf8bd28,True,True,True,1,0.6428109320204561,1.1993690460078508,0.6829623656868514,0.034446454388771044,0.5976112175147555,0.07478611229614246,1.1971187721177705,0.8047980308604746,0.6953134212446315,0.7088701526564027,0.4191114836546521,64.111328125,35.888671875,0.0,-0.09981965273618698,-0.12303107976913452,-1.113667368888855,1.1173592805862427,-0.0625564306974411,-0.0771029144525528,-0.697929322719574,0.7002430558204651,73.046875,26.953125,0.0,-0.02144068479537964,CDP_NEG,25,58625,20.65787380002439,512,2048,deterministic_evenly_spaced_full_fold,3.630000114440918,5.792295008897781,1280,1259,98.359375,CDP,1.425508144193831,20,0.99,1.425508144193831
22,COMPLETE,0,42,7411,7628,0b635fc68d95b6725e8cb8631c0afc750a22848a83c6a7d4d0d6c52e71d716ca,dab7ccd15b70d58d5849e1aae253e71366303eb268a524063b3ba4fe47d4f016,47312,61.119987099955324,0.028716564178466797,0.044921875,14269c18e6a56f09985dea654338c0b32f5e417a5600e334e252b0c1bbf8bd28,True,True,True,1,0.5760104457531829,1.6109024530544864,0.8207518012896176,0.03653213167571751,0.6511021201994519,-0.250460864004008,1.5914170049214094,0.7842972856551615,0.48187837692697116,0.9728931738091837,0.06554798112218144,73.486328125,26.513671875,0.0,-0.20714235305786133,-0.1230040043592453,-1.049697756767273,0.44007182121276855,-0.2013312727212906,-0.11955331265926361,-1.0202500820159912,0.42772623896598816,85.400390625,14.599609375,0.0,-0.02390117570757866,CDP_NEG,185,13313,61.11968210001942,128,2048,deterministic_evenly_spaced_full_fold,3.606499671936035,3.710594952106476,320,315,98.4375,CDP,1.4832095268464458,20,0.99,1.4832095268464458
22,COMPLETE,1,42,15039,7152,31859ee24a2323f137f4e1bd7bb091f135f0d0c7cc2377d4e74235f7e3443de0,633459e67fe1ae24844bbffd3ed05fe9d35993d6c1089e67f3abb6a8ef32d641,15000,40.75744219997432,0.02835845947265625,0.044921875,14269c18e6a56f09985dea654338c0b32f5e417a5600e334e252b0c1bbf8bd28,True,True,True,1,0.7141228049812742,1.2638365780075504,0.7760732810279813,0.03606843175608409,0.5346374691088598,-0.4884618044958082,1.1657092095258847,0.8699679899330877,0.7531075905971814,0.18383381625214196,0.16778523489932887,23.583984375,76.416015625,0.0,0.5408288836479187,0.6720021963119507,-0.300912082195282,1.2194329500198364,0.38292407989501953,0.47579896450042725,-0.21305535733699799,0.863397479057312,100.0,0.0,0.0,-0.09200707077980042,CDP_NEG,5,13313,40.75716300000204,128,2048,deterministic_evenly_spaced_full_fold,3.628999710083008,5.125474974513044,320,315,98.4375,CDP,1.598838673557433,20,0.99,1.598838673557433
22,COMPLETE,2,42,22191,7158,253e74b88bf1d5cb90464ade1e9a8dded9e64fe77e1fa6d7dc7b265785fec5f1,640b3d3af9a8eedaeecdab6c360d79d435ac5edf0b9973043bcfd7c57bb9a14a,36968,105.78237999998964,0.028686046600341797,0.044921875,14269c18e6a56f09985dea654338c0b32f5e417a5600e334e252b0c1bbf8bd28,True,True,True,1,0.6622152595058257,1.166336239834965,0.7175879346508606,0.03349773634826896,0.5811519170345446,0.16514763144056915,1.1546656419474457,0.8333598094610801,0.8275680632131075,0.5239961885762716,0.39117071807767534,45.01953125,54.98046875,0.0,0.1628904938697815,0.059835635125637054,-1.0897712707519531,1.7581392526626587,0.10208259522914886,0.03749866783618927,-0.6829537749290466,1.1018164157867432,77.587890625,22.412109375,0.0,-0.022929251194000244,CDP_NEG,90,13313,105.78208969999105,128,2048,deterministic_evenly_spaced_full_fold,3.630000114440918,5.792295008897781,320,319,99.6875,CDP,1.425508144193831,20,0.99,1.425508144193831
23,COMPLETE,0,42,7411,7628,0b635fc68d95b6725e8cb8631c0afc750a22848a83c6a7d4d0d6c52e71d716ca,dab7ccd15b70d58d5849e1aae253e71366303eb268a524063b3ba4fe47d4f016,15000,46.61385500000324,0.02502298355102539,0.046875,14269c18e6a56f09985dea654338c0b32f5e417a5600e334e252b0c1bbf8bd28,True,True,True,1,0.5275751966503697,1.7004270687189227,0.8652858895021474,0.03856237568054215,0.6872865998733332,-0.5589771932667985,1.6060307761136499,0.7661804976929224,0.5167846726712692,0.5819584394031874,0.2097535395909806,82.177734375,17.822265625,0.0,-0.062208957970142365,-0.07587604969739914,-0.18592281639575958,0.08909574896097183,-0.06046377867460251,-0.07374745607376099,-0.18070703744888306,0.0865962952375412,94.482421875,5.517578125,0.0,-0.014324333518743515,CDP_NEG,120,9089,46.61358669999754,128,2048,deterministic_evenly_spaced_full_fold,3.606499671936035,3.710594952106476,320,315,98.4375,CDP,1.4832095268464458,20,0.99,1.4832095268464458
23,COMPLETE,1,42,15039,7152,31859ee24a2323f137f4e1bd7bb091f135f0d0c7cc2377d4e74235f7e3443de0,633459e67fe1ae24844bbffd3ed05fe9d35993d6c1089e67f3abb6a8ef32d641,47312,57.034400500007905,0.02511882781982422,0.046875,14269c18e6a56f09985dea654338c0b32f5e417a5600e334e252b0c1bbf8bd28,True,True,True,1,0.7067482948864541,1.2800337996543807,0.7869864721877304,0.036530681697075566,0.5414893372526893,-0.5149079613169859,1.1719847996355097,0.8705958372525004,0.7047198536542926,0.2891489546578733,0.013982102908277404,56.15234375,43.84765625,0.0,0.00828624702990055,-0.029229432344436646,-0.3179377615451813,0.5471091866493225,0.005866927094757557,-0.020695369690656662,-0.22511008381843567,0.387370765209198,100.0,0.0,0.0,-0.036658719182014465,CDP_NEG,50,9089,57.03410750004696,128,2048,deterministic_evenly_spaced_full_fold,3.628999710083008,5.125474974513044,320,315,98.4375,CDP,1.598838673557433,20,0.99,1.598838673557433
23,COMPLETE,2,42,22191,7158,253e74b88bf1d5cb90464ade1e9a8dded9e64fe77e1fa6d7dc7b265785fec5f1,640b3d3af9a8eedaeecdab6c360d79d435ac5edf0b9973043bcfd7c57bb9a14a,36968,108.40839230001438,0.025440692901611328,0.046875,14269c18e6a56f09985dea654338c0b32f5e417a5600e334e252b0c1bbf8bd28,True,True,True,1,0.6347732146522771,1.212788491683295,0.6951023342711772,0.034831867306438384,0.6042977426465895,0.18704681083981609,1.1983613981582841,0.8049305851403714,0.7016242965725453,0.807997271957826,0.4749930148086058,37.744140625,62.255859375,0.0,0.1262771487236023,0.08081407099962234,-0.4442540109157562,0.800810694694519,0.07913720607757568,0.05064574256539345,-0.2784115970134735,0.5018637180328369,95.751953125,4.248046875,0.0,-0.029148109257221222,CDP_NEG,90,9089,108.40810850000707,128,2048,deterministic_evenly_spaced_full_fold,3.630000114440918,5.792295008897781,320,319,99.6875,CDP,1.425508144193831,20,0.99,1.425508144193831
24,COMPLETE,0,42,7411,7628,0b635fc68d95b6725e8cb8631c0afc750a22848a83c6a7d4d0d6c52e71d716ca,dab7ccd15b70d58d5849e1aae253e71366303eb268a524063b3ba4fe47d4f016,15000,11.412346299970523,0.028725147247314453,0.044921875,14269c18e6a56f09985dea654338c0b32f5e417a5600e334e252b0c1bbf8bd28,True,True,True,1,0.5129326590190693,1.726577866809942,0.8782902713776525,0.039155424873232106,0.6978563522811747,-0.5610230562488236,1.6329953615027961,0.755698198526741,0.5091233011948372,0.5980020930780632,0.07865757734661773,58.349609375,41.650390625,0.0,0.003480485174804926,-0.017487509176135063,-0.17081771790981293,0.2439713329076767,0.003382845316082239,-0.016996923834085464,-0.16602568328380585,0.23712708055973053,99.31640625,0.68359375,0.0,-0.03754653409123421,CDP_NEG,20,13313,11.412063000025228,256,2048,deterministic_evenly_spaced_full_fold,3.606499671936035,3.710594952106476,320,315,98.4375,CDP,1.4832095268464458,20,0.99,1.4832095268464458
24,COMPLETE,1,42,15039,7152,31859ee24a2323f137f4e1bd7bb091f135f0d0c7cc2377d4e74235f7e3443de0,633459e67fe1ae24844bbffd3ed05fe9d35993d6c1089e67f3abb6a8ef32d641,47312,49.141965300019365,0.0283660888671875,0.044921875,14269c18e6a56f09985dea654338c0b32f5e417a5600e334e252b0c1bbf8bd28,True,True,True,1,0.7209418020218568,1.2486725287551017,0.736519241816483,0.035635667358277126,0.5282226611702001,-0.4175517581985593,1.176871815123059,0.8673094355398215,0.7445033091304949,0.2781735854952185,0.013982102908277404,49.0234375,50.9765625,0.0,0.00826241821050644,0.003421129658818245,-0.666292667388916,0.6759153008460999,0.005850058048963547,0.002422268968075514,-0.4717564880847931,0.4785695970058441,85.44921875,14.55078125,0.0,-0.029377691447734833,CDP_NEG,140,13313,49.14167429995723,256,2048,deterministic_evenly_spaced_full_fold,3.628999710083008,5.125474974513044,320,315,98.4375,CDP,1.598838673557433,20,0.99,1.598838673557433
24,COMPLETE,2,42,22191,7158,253e74b88bf1d5cb90464ade1e9a8dded9e64fe77e1fa6d7dc7b265785fec5f1,640b3d3af9a8eedaeecdab6c360d79d435ac5edf0b9973043bcfd7c57bb9a14a,36968,38.68736229999922,0.028694629669189453,0.046875,14269c18e6a56f09985dea654338c0b32f5e417a5600e334e252b0c1bbf8bd28,True,True,True,1,0.6075127549495496,1.257235196683769,0.7455584575348368,0.0361083979969928,0.6264442617503339,0.4837204179230727,1.160535676399185,0.8411617158324282,0.8798158511471648,0.7338359661797969,0.0,33.3984375,66.6015625,0.0,0.12328850477933884,0.06188584864139557,-0.31256815791130066,0.6376025080680847,0.07726423442363739,0.03878352791070938,-0.19588477909564972,0.39958205819129944,92.236328125,7.763671875,0.0,-0.03912118077278137,CDP_NEG,45,13313,38.6869158000336,256,2048,deterministic_evenly_spaced_full_fold,3.630000114440918,5.792295008897781,320,319,99.6875,CDP,1.425508144193831,20,0.99,1.425508144193831
25,COMPLETE,0,42,7411,7628,0b635fc68d95b6725e8cb8631c0afc750a22848a83c6a7d4d0d6c52e71d716ca,dab7ccd15b70d58d5849e1aae253e71366303eb268a524063b3ba4fe47d4f016,15000,35.7992187999771,0.028835773468017578,0.044921875,14269c18e6a56f09985dea654338c0b32f5e417a5600e334e252b0c1bbf8bd28,True,True,True,1,0.5750769830683511,1.6126747733524014,0.8491837690105393,0.03657232444988097,0.6518184649423983,-0.29188962684675424,1.586143180216641,0.7683424472974089,0.562091611351343,0.7420702999137126,1.101206082852648,65.91796875,34.08203125,0.0,-0.16120299696922302,-0.14626407623291016,-0.7847555875778198,0.38451144099235535,-0.15668070316314697,-0.14216086268424988,-0.762740433216095,0.3737245202064514,78.369140625,21.630859375,0.0,-0.020524632185697556,CDP_NEG,90,19777,35.798934899969026,128,2048,deterministic_evenly_spaced_full_fold,3.606499671936035,3.710594952106476,320,315,98.4375,CDP,1.4832095268464458,20,0.99,1.4832095268464458
25,COMPLETE,1,42,15039,7152,31859ee24a2323f137f4e1bd7bb091f135f0d0c7cc2377d4e74235f7e3443de0,633459e67fe1ae24844bbffd3ed05fe9d35993d6c1089e67f3abb6a8ef32d641,36968,43.30932609998854,0.02847766876220703,0.046875,14269c18e6a56f09985dea654338c0b32f5e417a5600e334e252b0c1bbf8bd28,True,True,True,1,0.728553479086274,1.2315252038340292,0.7882781690200145,0.035146302570552644,0.5209688733329765,-0.2734871526458144,1.200858332790409,0.8620150338235361,0.7140954259745232,0.5050397916780619,0.15380313199105144,40.576171875,59.423828125,0.0,0.18607312440872192,0.16967898607254028,-1.034523844718933,1.3414397239685059,0.13174569606781006,0.12013813853263855,-0.7324759364128113,0.949782133102417,92.236328125,7.763671875,0.0,-0.06738151609897614,CDP_NEG,30,19777,43.30865860002814,128,2048,deterministic_evenly_spaced_full_fold,3.628999710083008,5.125474974513044,320,315,98.4375,CDP,1.598838673557433,20,0.99,1.598838673557433
25,COMPLETE,2,42,22191,7158,253e74b88bf1d5cb90464ade1e9a8dded9e64fe77e1fa6d7dc7b265785fec5f1,640b3d3af9a8eedaeecdab6c360d79d435ac5edf0b9973043bcfd7c57bb9a14a,47312,63.54262370005017,0.028805255889892578,0.046875,14269c18e6a56f09985dea654338c0b32f5e417a5600e334e252b0c1bbf8bd28,True,True,True,1,0.6039772199535618,1.2628851047506204,0.8010815186796164,0.03627066606716965,0.6292594489939235,0.40285421083318035,1.1969909934935457,0.8215345212728914,0.8187304671640142,0.7800947123491452,1.1176306230790725,45.458984375,54.541015625,0.0,0.10185015946626663,0.094073586165905,-1.4183175563812256,1.5901408195495605,0.06382894515991211,0.05895540863275528,-0.8888520002365112,0.9965327382087708,84.130859375,15.869140625,0.0,-0.04645383730530739,CDP_NEG,35,19777,63.542339999985415,128,2048,deterministic_evenly_spaced_full_fold,3.630000114440918,5.792295008897781,320,319,99.6875,CDP,1.425508144193831,20,0.99,1.425508144193831
26,COMPLETE,0,42,7411,7628,0b635fc68d95b6725e8cb8631c0afc750a22848a83c6a7d4d0d6c52e71d716ca,dab7ccd15b70d58d5849e1aae253e71366303eb268a524063b3ba4fe47d4f016,15000,36.73677570000291,0.026859760284423828,0.04296875,14269c18e6a56f09985dea654338c0b32f5e417a5600e334e252b0c1bbf8bd28,True,True,True,1,0.4818007691478181,1.780902101242635,0.8360141419856744,0.04038739275664718,0.7198133765257346,-0.5968061848324429,1.6780357005935433,0.7802541655774116,0.4041361608560557,0.8101075611720729,0.0,83.59375,16.40625,0.0,-0.08377397060394287,-0.08838086575269699,-0.21798233687877655,0.05560418963432312,-0.081423819065094,-0.08590146899223328,-0.21186716854572296,0.054044295102357864,99.560546875,0.439453125,0.0,-0.03323879465460777,CDP_NEG,75,11201,36.736492399999406,128,2048,deterministic_evenly_spaced_full_fold,3.606499671936035,3.710594952106476,320,315,98.4375,CDP,1.4832095268464458,20,0.99,1.4832095268464458
26,COMPLETE,1,42,15039,7152,31859ee24a2323f137f4e1bd7bb091f135f0d0c7cc2377d4e74235f7e3443de0,633459e67fe1ae24844bbffd3ed05fe9d35993d6c1089e67f3abb6a8ef32d641,36968,58.211632499995176,0.026615142822265625,0.044921875,14269c18e6a56f09985dea654338c0b32f5e417a5600e334e252b0c1bbf8bd28,True,True,True,1,0.7087956067437431,1.2755577500870678,0.7508308570483029,0.03640294042801846,0.5395958457570985,-0.4516184395882332,1.193016078825023,0.863787202187493,0.721262689965534,0.3073918245527408,0.0,57.666015625,42.333984375,0.0,0.007118299603462219,-0.019271455705165863,-0.4510039687156677,0.5827453136444092,0.005039988085627556,-0.013644805178046227,-0.31932520866394043,0.4126022458076477,99.12109375,0.87890625,0.0,-0.05896957218647003,CDP_NEG,50,11201,58.211355399980675,128,2048,deterministic_evenly_spaced_full_fold,3.628999710083008,5.125474974513044,320,315,98.4375,CDP,1.598838673557433,20,0.99,1.598838673557433
26,COMPLETE,2,42,22191,7158,253e74b88bf1d5cb90464ade1e9a8dded9e64fe77e1fa6d7dc7b265785fec5f1,640b3d3af9a8eedaeecdab6c360d79d435ac5edf0b9973043bcfd7c57bb9a14a,47312,58.30962630000431,0.026941776275634766,0.044921875,14269c18e6a56f09985dea654338c0b32f5e417a5600e334e252b0c1bbf8bd28,True,True,True,1,0.5807393602032282,1.2994087988457506,0.6490033876756538,0.03731964408352334,0.6474581588647336,0.13388965993100693,1.2925827627171724,0.7649786425117676,0.5861798243104556,0.9950919158875984,0.0,99.70703125,0.29296875,0.0,-0.14387375116348267,-0.1377587914466858,-0.2810373604297638,-0.05021952837705612,-0.0901648998260498,-0.08633269369602203,-0.17612460255622864,-0.031472306698560715,100.0,0.0,0.0,-0.04954563081264496,CDP_NEG,1,11201,58.30935480003245,128,2048,deterministic_evenly_spaced_full_fold,3.630000114440918,5.792295008897781,320,319,99.6875,CDP,1.425508144193831,20,0.99,1.425508144193831
27,COMPLETE,0,42,7411,7628,0b635fc68d95b6725e8cb8631c0afc750a22848a83c6a7d4d0d6c52e71d716ca,dab7ccd15b70d58d5849e1aae253e71366303eb268a524063b3ba4fe47d4f016,15000,14.602996899979189,0.029540538787841797,0.046875,14269c18e6a56f09985dea654338c0b32f5e417a5600e334e252b0c1bbf8bd28,True,True,True,1,0.5675919526165225,1.626816423729747,0.8156752404377823,0.036893029550750085,0.6575343036180116,-0.32606773965280506,1.5939085798151598,0.7678416555358445,0.5374039776023493,0.7661829726798898,0.17042475091767173,82.470703125,17.529296875,0.0,-0.10129305720329285,-0.11982987821102142,-0.2513750493526459,0.10864311456680298,-0.09845143556594849,-0.11646822839975357,-0.24432310461997986,0.10559529066085815,99.31640625,0.68359375,0.0,-0.05460921302437782,CDP_NEG,35,57089,14.60272659995826,256,2048,deterministic_evenly_spaced_full_fold,3.606499671936035,3.710594952106476,320,315,98.4375,CDP,1.4832095268464458,20,0.99,1.4832095268464458
27,COMPLETE,1,42,15039,7152,31859ee24a2323f137f4e1bd7bb091f135f0d0c7cc2377d4e74235f7e3443de0,633459e67fe1ae24844bbffd3ed05fe9d35993d6c1089e67f3abb6a8ef32d641,36968,29.530014000018127,0.029181480407714844,0.046875,14269c18e6a56f09985dea654338c0b32f5e417a5600e334e252b0c1bbf8bd28,True,True,True,1,0.7141255368730468,1.2638305392729852,0.7724475877914762,0.03606825941759559,0.5346349145588326,-0.422146976362368,1.1913261536883477,0.8659977127648786,0.6956537530641128,0.4065972102287941,0.0,52.9296875,47.0703125,0.0,0.06380507349967957,-0.027454789727926254,-1.0784130096435547,1.3715261220932007,0.045176029205322266,-0.019438866525888443,-0.7635508179664612,0.9710841774940491,83.544921875,16.455078125,0.0,-0.04048566147685051,CDP_NEG,45,57089,29.529726499982644,256,2048,deterministic_evenly_spaced_full_fold,3.628999710083008,5.125474974513044,320,315,98.4375,CDP,1.598838673557433,20,0.99,1.598838673557433
27,COMPLETE,2,42,22191,7158,253e74b88bf1d5cb90464ade1e9a8dded9e64fe77e1fa6d7dc7b265785fec5f1,640b3d3af9a8eedaeecdab6c360d79d435ac5edf0b9973043bcfd7c57bb9a14a,47312,64.4776106000063,0.029510021209716797,0.048828125,14269c18e6a56f09985dea654338c0b32f5e417a5600e334e252b0c1bbf8bd28,True,True,True,1,0.6649947987369611,1.1615275944760965,0.7211860346186089,0.03335962974665424,0.5787559068848118,0.21029908757110088,1.1424110356511332,0.8384033957139908,0.8405405734923372,0.5421505194475605,0.9220452640402346,65.625,34.375,0.0,-0.08790963143110275,-0.125758096575737,-1.2527308464050293,1.2332717180252075,-0.05509248375892639,-0.07881192117929459,-0.7850796580314636,0.772884726524353,82.177734375,17.822265625,0.0,-0.03167980909347534,CDP_NEG,105,57089,64.47731679998105,256,2048,deterministic_evenly_spaced_full_fold,3.630000114440918,5.792295008897781,320,319,99.6875,CDP,1.425508144193831,20,0.99,1.425508144193831
28,COMPLETE,0,42,7411,7628,0b635fc68d95b6725e8cb8631c0afc750a22848a83c6a7d4d0d6c52e71d716ca,dab7ccd15b70d58d5849e1aae253e71366303eb268a524063b3ba4fe47d4f016,15000,55.15508219995536,0.02557229995727539,0.05078125,14269c18e6a56f09985dea654338c0b32f5e417a5600e334e252b0c1bbf8bd28,True,True,True,1,0.5525913884809337,1.6547936046017615,0.8392726987144067,0.037527497549475784,0.6688422519971527,-0.5026365325559203,1.5767131310795015,0.7733192141870775,0.5481891807585568,0.5641488812016516,0.026219192448872573,99.267578125,0.732421875,0.0,-0.3499573767185211,-0.2777690887451172,-0.98810213804245,-0.07715212553739548,-0.34013983607292175,-0.2699766755104065,-0.9603824019432068,-0.0749877393245697,89.111328125,10.888671875,0.0,-0.015882370993494987,CDP_NEG,80,32129,55.154779500036966,128,2048,deterministic_evenly_spaced_full_fold,3.606499671936035,3.710594952106476,640,634,99.0625,CDP,1.4832095268464458,20,0.99,1.4832095268464458
28,COMPLETE,1,42,15039,7152,31859ee24a2323f137f4e1bd7bb091f135f0d0c7cc2377d4e74235f7e3443de0,633459e67fe1ae24844bbffd3ed05fe9d35993d6c1089e67f3abb6a8ef32d641,36968,72.95772559999023,0.025895118713378906,0.05078125,14269c18e6a56f09985dea654338c0b32f5e417a5600e334e252b0c1bbf8bd28,True,True,True,1,0.7177787396892696,1.2557293004484127,0.764348790231338,0.035837059446991414,0.5312078687704886,-0.39379112530964316,1.1924694750060387,0.86408588057256,0.7178375717162753,0.374545841118737,0.0,99.4140625,0.5859375,0.0,-0.4336945414543152,-0.3323943018913269,-1.118927240371704,-0.127904012799263,-0.3070695400238037,-0.2353457808494568,-0.7922362089157104,-0.09056012332439423,97.94921875,2.05078125,0.0,-0.025413861498236656,CDP_NEG,35,32129,72.9574195999885,128,2048,deterministic_evenly_spaced_full_fold,3.628999710083008,5.125474974513044,640,630,98.4375,CDP,1.598838673557433,20,0.99,1.598838673557433
28,COMPLETE,2,42,22191,7158,253e74b88bf1d5cb90464ade1e9a8dded9e64fe77e1fa6d7dc7b265785fec5f1,640b3d3af9a8eedaeecdab6c360d79d435ac5edf0b9973043bcfd7c57bb9a14a,47312,83.71275129995774,0.026214122772216797,0.05078125,14269c18e6a56f09985dea654338c0b32f5e417a5600e334e252b0c1bbf8bd28,True,True,True,1,0.6729684744304336,1.1476212122852034,0.565912750058468,0.03296023177865942,0.5718267552446329,0.13310550742795468,1.13995566394144,0.8315150298627271,0.5928574181666261,0.9804110052486879,0.0,85.83984375,14.16015625,0.0,-0.07931584864854813,-0.08468177914619446,-0.19447298347949982,0.07369793206453323,-0.04970681667327881,-0.05306961387395859,-0.12187517434358597,0.04618609696626663,94.7265625,5.2734375,0.0,-0.03843514621257782,CDP_NEG,1,32129,83.71238069998799,128,2048,deterministic_evenly_spaced_full_fold,3.630000114440918,5.792295008897781,640,635,99.21875,CDP,1.425508144193831,20,0.99,1.425508144193831
29,COMPLETE,0,42,7411,7628,0b635fc68d95b6725e8cb8631c0afc750a22848a83c6a7d4d0d6c52e71d716ca,dab7ccd15b70d58d5849e1aae253e71366303eb268a524063b3ba4fe47d4f016,15000,43.30937370000174,0.02914905548095703,0.048828125,14269c18e6a56f09985dea654338c0b32f5e417a5600e334e252b0c1bbf8bd28,True,True,True,1,0.5895697116115057,1.584934670407709,0.8412961372155154,0.03594323291702501,0.6406063398335234,-0.46293676611336165,1.5159184409806656,0.7904577601609442,0.6126216013164584,0.4517151362341363,0.0,98.828125,1.171875,0.0,-0.32681387662887573,-0.2590574026107788,-0.7589678168296814,-0.09210038930177689,-0.3176456093788147,-0.251789927482605,-0.7376760840415955,-0.08951664716005325,93.65234375,6.34765625,0.0,-0.017550725489854813,CDP_NEG,50,35905,43.309084600012284,128,2048,deterministic_evenly_spaced_full_fold,3.606499671936035,3.710594952106476,640,634,99.0625,CDP,1.4832095268464458,20,0.99,1.4832095268464458
29,COMPLETE,1,42,15039,7152,31859ee24a2323f137f4e1bd7bb091f135f0d0c7cc2377d4e74235f7e3443de0,633459e67fe1ae24844bbffd3ed05fe9d35993d6c1089e67f3abb6a8ef32d641,36968,69.25191479997011,0.028790950775146484,0.048828125,14269c18e6a56f09985dea654338c0b32f5e417a5600e334e252b0c1bbf8bd28,True,True,True,1,0.7296591359899605,1.2290145182415424,0.7035332140257536,0.03507465051242314,0.5199067845991535,-0.24063683191358093,1.2053106360988308,0.8605529520273866,0.7207702817929712,0.5197142748188495,0.0,98.73046875,1.26953125,0.0,-0.3411143720149994,-0.262390673160553,-0.7797381281852722,-0.09910114854574203,-0.24151983857154846,-0.18578097224235535,-0.5520794987678528,-0.07016677409410477,98.974609375,1.025390625,0.0,-0.034855954349040985,CDP_NEG,35,35905,69.25162509997608,128,2048,deterministic_evenly_spaced_full_fold,3.628999710083008,5.125474974513044,640,630,98.4375,CDP,1.598838673557433,20,0.99,1.598838673557433
29,COMPLETE,2,42,22191,7158,253e74b88bf1d5cb90464ade1e9a8dded9e64fe77e1fa6d7dc7b265785fec5f1,640b3d3af9a8eedaeecdab6c360d79d435ac5edf0b9973043bcfd7c57bb9a14a,47312,77.19098559999838,0.02911853790283203,0.048828125,14269c18e6a56f09985dea654338c0b32f5e417a5600e334e252b0c1bbf8bd28,True,True,True,1,0.6379952501573725,1.207427022736465,0.5970793655419484,0.03467788334616484,0.6016262763488328,0.06337421102014798,1.2058469485463834,0.7996673056302708,0.6569010672866592,0.7773983022251661,0.0,93.1640625,6.8359375,0.0,-0.10938367992639542,-0.0887904018163681,-0.2557021379470825,0.008931132033467293,-0.06855016201734543,-0.05564446747303009,-0.16024716198444366,0.0055970922112464905,99.90234375,0.09765625,0.0,-0.05656299740076065,CDP_NEG,1,35905,77.19068649999099,128,2048,deterministic_evenly_spaced_full_fold,3.630000114440918,5.792295008897781,640,635,99.21875,CDP,1.425508144193831,20,0.99,1.425508144193831
30,COMPLETE,0,42,7411,7628,0b635fc68d95b6725e8cb8631c0afc750a22848a83c6a7d4d0d6c52e71d716ca,dab7ccd15b70d58d5849e1aae253e71366303eb268a524063b3ba4fe47d4f016,15000,43.89265489997342,0.02914905548095703,0.048828125,14269c18e6a56f09985dea654338c0b32f5e417a5600e334e252b0c1bbf8bd28,True,True,True,1,0.541675681612495,1.6748584740115244,0.8419684841332119,0.037982529727211715,0.6769521651638067,-0.4273682286053643,1.6195218894298107,0.7566277740289732,0.548940317694444,0.6376436509807945,0.0,92.1875,7.8125,0.0,-0.2097022533416748,-0.1787942349910736,-0.5621869564056396,0.034780289977788925,-0.2038193643093109,-0.17377841472625732,-0.5464156866073608,0.03380458056926727,91.455078125,8.544921875,0.0,-0.015133552253246307,CDP_NEG,55,35905,43.89236509997863,128,2048,deterministic_evenly_spaced_full_fold,3.606499671936035,3.710594952106476,640,634,99.0625,CDP,1.4832095268464458,20,0.99,1.4832095268464458
30,COMPLETE,1,42,15039,7152,31859ee24a2323f137f4e1bd7bb091f135f0d0c7cc2377d4e74235f7e3443de0,633459e67fe1ae24844bbffd3ed05fe9d35993d6c1089e67f3abb6a8ef32d641,36968,67.8667424999876,0.028790950775146484,0.048828125,14269c18e6a56f09985dea654338c0b32f5e417a5600e334e252b0c1bbf8bd28,True,True,True,1,0.749407592892293,1.1832734455102731,0.6823856989760368,0.03376925328863112,0.5005570587050641,-0.1911000256552684,1.167821697013148,0.8694892556172942,0.7488486620048345,0.49279278857723946,0.0,93.26171875,6.73828125,0.0,-0.22862105071544647,-0.15986615419387817,-0.8436357975006104,0.06042008846998215,-0.16187098622322083,-0.11319033801555634,-0.5973210334777832,0.0427793487906456,98.6328125,1.3671875,0.0,-0.01658458262681961,CDP_NEG,35,35905,67.866458399978,128,2048,deterministic_evenly_spaced_full_fold,3.628999710083008,5.125474974513044,640,630,98.4375,CDP,1.598838673557433,20,0.99,1.598838673557433
30,COMPLETE,2,42,22191,7158,253e74b88bf1d5cb90464ade1e9a8dded9e64fe77e1fa6d7dc7b265785fec5f1,640b3d3af9a8eedaeecdab6c360d79d435ac5edf0b9973043bcfd7c57bb9a14a,47312,75.57494439999573,0.02911853790283203,0.048828125,14269c18e6a56f09985dea654338c0b32f5e417a5600e334e252b0c1bbf8bd28,True,True,True,1,0.6282045402199111,1.2236460084918304,0.6146746708938277,0.035143700397983826,0.6097077320578832,0.10487375266632516,1.2192287408256994,0.7943836622666349,0.639370716760787,0.8553803024547956,0.0,96.6796875,3.3203125,0.0,-0.13071393966674805,-0.1107693463563919,-0.27897632122039795,-0.006857177708297968,-0.08191771805286407,-0.06941854953765869,-0.17483296990394592,-0.004297356586903334,100.0,0.0,0.0,-0.05764978379011154,CDP_NEG,1,35905,75.57462489994941,128,2048,deterministic_evenly_spaced_full_fold,3.630000114440918,5.792295008897781,640,635,99.21875,CDP,1.425508144193831,20,0.99,1.425508144193831
31,COMPLETE,0,42,7411,7628,0b635fc68d95b6725e8cb8631c0afc750a22848a83c6a7d4d0d6c52e71d716ca,dab7ccd15b70d58d5849e1aae253e71366303eb268a524063b3ba4fe47d4f016,15000,45.094908600032795,0.025108814239501953,0.046875,14269c18e6a56f09985dea654338c0b32f5e417a5600e334e252b0c1bbf8bd28,True,True,True,1,0.5610185334678124,1.6391351248013333,0.8294926011866138,0.037172393710117824,0.6625133340804735,-0.2823068792896939,1.6147472260397608,0.7704854772122541,0.48575822299866933,0.9318863261116914,0.11798636601992658,86.71875,13.28125,0.0,-0.2712903916835785,-0.18976789712905884,-0.9062246680259705,0.09138602763414383,-0.26367974281311035,-0.18444424867630005,-0.8808019161224365,0.08882232755422592,84.326171875,15.673828125,0.0,-0.033050816506147385,CDP_NEG,120,13761,45.094612499990035,128,2048,deterministic_evenly_spaced_full_fold,3.606499671936035,3.710594952106476,320,315,98.4375,CDP,1.4832095268464458,20,0.99,1.4832095268464458
31,COMPLETE,1,42,15039,7152,31859ee24a2323f137f4e1bd7bb091f135f0d0c7cc2377d4e74235f7e3443de0,633459e67fe1ae24844bbffd3ed05fe9d35993d6c1089e67f3abb6a8ef32d641,36968,65.27067399997031,0.02520465850830078,0.046875,14269c18e6a56f09985dea654338c0b32f5e417a5600e334e252b0c1bbf8bd28,True,True,True,1,0.7030322558377164,1.2881184609372769,0.8035985234694715,0.03676140856384572,0.5449093702871061,-0.42479872881827857,1.2161422634643309,0.8575136747039873,0.7348562537281206,0.2971958433050687,0.4893736017897092,75.927734375,24.072265625,0.0,-0.36097508668899536,-0.33978545665740967,-1.3371286392211914,0.5731626749038696,-0.25558188557624817,-0.24057894945144653,-0.9467297792434692,0.405817449092865,83.056640625,16.943359375,0.0,-0.03296807408332825,CDP_NEG,75,13761,65.27038499998162,128,2048,deterministic_evenly_spaced_full_fold,3.628999710083008,5.125474974513044,320,315,98.4375,CDP,1.598838673557433,20,0.99,1.598838673557433
31,COMPLETE,2,42,22191,7158,253e74b88bf1d5cb90464ade1e9a8dded9e64fe77e1fa6d7dc7b265785fec5f1,640b3d3af9a8eedaeecdab6c360d79d435ac5edf0b9973043bcfd7c57bb9a14a,47312,88.4098643999896,0.02552652359008789,0.046875,14269c18e6a56f09985dea654338c0b32f5e417a5600e334e252b0c1bbf8bd28,True,True,True,1,0.6488586216872267,1.1891722376005733,0.713577032441602,0.03415359715947915,0.5925304401615955,0.24488619291053143,1.1637656856776752,0.8165770795362081,0.7118847216479279,0.8444836564196911,0.2514668901927913,72.412109375,27.587890625,0.0,-0.2527617812156677,-0.22594374418258667,-1.2029800415039062,0.547789454460144,-0.15840445458889008,-0.141597718000412,-0.7539011240005493,0.34329673647880554,74.462890625,25.537109375,0.0,-0.033417172729969025,CDP_NEG,75,13761,88.40956260001985,128,2048,deterministic_evenly_spaced_full_fold,3.630000114440918,5.792295008897781,320,319,99.6875,CDP,1.425508144193831,20,0.99,1.425508144193831
32,COMPLETE,0,42,7411,7628,0b635fc68d95b6725e8cb8631c0afc750a22848a83c6a7d4d0d6c52e71d716ca,dab7ccd15b70d58d5849e1aae253e71366303eb268a524063b3ba4fe47d4f016,15000,62.791831300011836,0.028716564178466797,0.044921875,14269c18e6a56f09985dea654338c0b32f5e417a5600e334e252b0c1bbf8bd28,True,True,True,1,0.5385013195781074,1.6806485149871024,0.7966164216224234,0.038113836585008436,0.6792924111222708,-0.3220969197095758,1.649602904407501,0.7641330040841794,0.45501842845288454,0.9646770275571863,0.2097535395909806,93.994140625,6.005859375,0.0,-0.17001578211784363,-0.14520640671253204,-0.4049520194530487,0.009419790469110012,-0.16524624824523926,-0.14113286137580872,-0.3935917019844055,0.009155532345175743,95.361328125,4.638671875,0.0,-0.04322955757379532,CDP_NEG,180,13313,62.79155720002018,128,2048,deterministic_evenly_spaced_full_fold,3.606499671936035,3.710594952106476,320,315,98.4375,CDP,1.4832095268464458,20,0.99,1.4832095268464458
32,COMPLETE,1,42,15039,7152,31859ee24a2323f137f4e1bd7bb091f135f0d0c7cc2377d4e74235f7e3443de0,633459e67fe1ae24844bbffd3ed05fe9d35993d6c1089e67f3abb6a8ef32d641,36968,61.52199479995761,0.02835845947265625,0.044921875,14269c18e6a56f09985dea654338c0b32f5e417a5600e334e252b0c1bbf8bd28,True,True,True,1,0.7138225127500155,1.2645001858443776,0.7551936980412952,0.036087370354944026,0.5349181933896219,-0.3927511560685841,1.2020437920930556,0.8611308728865074,0.7322710903018617,0.3362828955373247,0.0,51.611328125,48.388671875,0.0,0.004027415066957474,-0.004784548655152321,-0.6203381419181824,0.5393238067626953,0.0028515346348285675,-0.003387613222002983,-0.4392191767692566,0.3818584382534027,96.142578125,3.857421875,0.0,-0.02602750062942505,CDP_NEG,50,13313,61.52172620000783,128,2048,deterministic_evenly_spaced_full_fold,3.628999710083008,5.125474974513044,320,315,98.4375,CDP,1.598838673557433,20,0.99,1.598838673557433
32,COMPLETE,2,42,22191,7158,253e74b88bf1d5cb90464ade1e9a8dded9e64fe77e1fa6d7dc7b265785fec5f1,640b3d3af9a8eedaeecdab6c360d79d435ac5edf0b9973043bcfd7c57bb9a14a,47312,96.8011414000066,0.028686046600341797,0.044921875,14269c18e6a56f09985dea654338c0b32f5e417a5600e334e252b0c1bbf8bd28,True,True,True,1,0.6838546823633614,1.128358575390088,0.6232188235458225,0.03240699960594024,0.5622287354143302,0.28560051593015706,1.091692226705743,0.8453695306598706,0.8014431079283267,0.6988177862165142,0.0,75.68359375,24.31640625,0.0,-0.08325079083442688,-0.0922178328037262,-0.43670520186424255,0.3183598220348358,-0.05217282101511955,-0.05779241770505905,-0.27368080615997314,0.19951438903808594,83.3984375,16.6015625,0.0,-0.017910338938236237,CDP_NEG,75,13313,96.80085929995403,128,2048,deterministic_evenly_spaced_full_fold,3.630000114440918,5.792295008897781,320,319,99.6875,CDP,1.425508144193831,20,0.99,1.425508144193831
33,COMPLETE,0,42,7411,7628,0b635fc68d95b6725e8cb8631c0afc750a22848a83c6a7d4d0d6c52e71d716ca,dab7ccd15b70d58d5849e1aae253e71366303eb268a524063b3ba4fe47d4f016,36968,65.92355740000494,0.029554367065429688,0.048828125,14269c18e6a56f09985dea654338c0b32f5e417a5600e334e252b0c1bbf8bd28,True,True,True,1,0.5850125475520039,1.593709447350043,0.8581813680108537,0.036142227776133067,0.6441529703949195,-0.31430554576688186,1.5625114046453388,0.7754014087050732,0.6087714062873376,0.6094371789387072,0.03932878867330886,95.556640625,4.443359375,0.0,-0.36115604639053345,-0.2877975106239319,-0.8648486137390137,-0.02036074921488762,-0.3510243594646454,-0.27972376346588135,-0.8405865430831909,-0.01978955790400505,75.732421875,24.21875,0.048828125,-0.007989184930920601,CDP_NEG,95,57697,65.92324490001192,128,2048,deterministic_evenly_spaced_full_fold,3.606499671936035,3.710594952106476,640,634,99.0625,CDP,1.4832095268464458,20,0.99,1.4832095268464458
33,COMPLETE,1,42,15039,7152,31859ee24a2323f137f4e1bd7bb091f135f0d0c7cc2377d4e74235f7e3443de0,633459e67fe1ae24844bbffd3ed05fe9d35993d6c1089e67f3abb6a8ef32d641,15000,76.05379219999304,0.029304027557373047,0.048828125,14269c18e6a56f09985dea654338c0b32f5e417a5600e334e252b0c1bbf8bd28,True,True,True,1,0.7513436844582273,1.1786935623889863,0.6857007549814171,0.03363854873023687,0.4986196427737738,-0.25096176742363546,1.1517474467109938,0.8735961449916042,0.7426038840916054,0.44993576904299093,0.0,98.876953125,1.123046875,0.0,-0.4056849479675293,-0.24362246692180634,-1.2164390087127686,-0.058450181037187576,-0.28723788261413574,-0.17249247431755066,-0.8612776398658752,-0.04138459265232086,86.572265625,13.427734375,0.0,-0.0089043490588665,CDP_NEG,35,57697,76.05349600000773,128,2048,deterministic_evenly_spaced_full_fold,3.628999710083008,5.125474974513044,640,630,98.4375,CDP,1.598838673557433,20,0.99,1.598838673557433
33,COMPLETE,2,42,22191,7158,253e74b88bf1d5cb90464ade1e9a8dded9e64fe77e1fa6d7dc7b265785fec5f1,640b3d3af9a8eedaeecdab6c360d79d435ac5edf0b9973043bcfd7c57bb9a14a,47312,85.88004689995432,0.029623031616210938,0.05078125,14269c18e6a56f09985dea654338c0b32f5e417a5600e334e252b0c1bbf8bd28,True,True,True,1,0.6857590177978211,1.1249550474517627,0.6211895183556165,0.03230924865073703,0.5605328549996752,0.2922621422944965,1.0864030501739843,0.8427260403868493,0.7579951586784006,0.7958990540310935,0.0,99.0234375,0.9765625,0.0,-0.26893651485443115,-0.2825572192668915,-0.4472101926803589,-0.08867549896240234,-0.1685410737991333,-0.17707708477973938,-0.2802642285823822,-0.05557245761156082,98.681640625,1.318359375,0.0,-0.034621573984622955,CDP_NEG,5,57697,85.87976390001131,128,2048,deterministic_evenly_spaced_full_fold,3.630000114440918,5.792295008897781,640,635,99.21875,CDP,1.425508144193831,20,0.99,1.425508144193831
34,COMPLETE,0,42,7411,7628,0b635fc68d95b6725e8cb8631c0afc750a22848a83c6a7d4d0d6c52e71d716ca,dab7ccd15b70d58d5849e1aae253e71366303eb268a524063b3ba4fe47d4f016,36968,33.005682300019544,0.029554367065429688,0.048828125,14269c18e6a56f09985dea654338c0b32f5e417a5600e334e252b0c1bbf8bd28,True,True,True,1,0.5320525299758104,1.6923501182990837,0.8786871533747005,0.038379206168498575,0.6840220201136268,-0.49799702849023497,1.6175261607782252,0.7566935980339717,0.5752714664249736,0.5048435081423156,0.0,100.0,0.0,0.0,-0.2238987535238266,-0.21580681204795837,-0.31621241569519043,-0.16292381286621094,-0.21761760115623474,-0.2097526639699936,-0.3073415458202362,-0.15835322439670563,100.0,0.0,0.0,-0.03488051891326904,CDP_NEG,5,57697,33.00537130003795,128,2048,deterministic_evenly_spaced_full_fold,3.606499671936035,3.710594952106476,640,634,99.0625,CDP,1.4832095268464458,20,0.99,1.4832095268464458
34,COMPLETE,1,42,15039,7152,31859ee24a2323f137f4e1bd7bb091f135f0d0c7cc2377d4e74235f7e3443de0,633459e67fe1ae24844bbffd3ed05fe9d35993d6c1089e67f3abb6a8ef32d641,15000,69.1688302999828,0.029304027557373047,0.048828125,14269c18e6a56f09985dea654338c0b32f5e417a5600e334e252b0c1bbf8bd28,True,True,True,1,0.7551246885527043,1.169697778652526,0.6752493928943946,0.033381819484195795,0.4948141800001817,-0.24884030587244071,1.1430022157939264,0.8755397191942154,0.7832413271842489,0.3414002237803244,0.0,99.951171875,0.048828125,0.0,-0.45347127318382263,-0.3725206255912781,-0.936447262763977,-0.19732137024402618,-0.3210721015930176,-0.26375648379325867,-0.6630345582962036,-0.13970981538295746,93.896484375,6.103515625,0.0,-0.014295967295765877,CDP_NEG,35,57697,69.16853859997354,128,2048,deterministic_evenly_spaced_full_fold,3.628999710083008,5.125474974513044,640,630,98.4375,CDP,1.598838673557433,20,0.99,1.598838673557433
34,COMPLETE,2,42,22191,7158,253e74b88bf1d5cb90464ade1e9a8dded9e64fe77e1fa6d7dc7b265785fec5f1,640b3d3af9a8eedaeecdab6c360d79d435ac5edf0b9973043bcfd7c57bb9a14a,47312,80.17760690004798,0.029623031616210938,0.05078125,14269c18e6a56f09985dea654338c0b32f5e417a5600e334e252b0c1bbf8bd28,True,True,True,1,0.6855297443659645,1.1253653619722843,0.6334569104499737,0.032321033080611426,0.5607373029642022,0.30206073153587126,1.084145154570761,0.8424297858069194,0.7423402762698874,0.8382770602244856,0.0,99.4140625,0.5859375,0.0,-0.32412075996398926,-0.35168808698654175,-0.5086382627487183,-0.12451734393835068,-0.2031247317790985,-0.22040101885795593,-0.31876087188720703,-0.07803434878587723,79.541015625,20.458984375,0.0,-0.041320327669382095,CDP_NEG,5,57697,80.17730959999608,128,2048,deterministic_evenly_spaced_full_fold,3.630000114440918,5.792295008897781,640,635,99.21875,CDP,1.425508144193831,20,0.99,1.425508144193831
35,COMPLETE,0,42,7411,7628,0b635fc68d95b6725e8cb8631c0afc750a22848a83c6a7d4d0d6c52e71d716ca,dab7ccd15b70d58d5849e1aae253e71366303eb268a524063b3ba4fe47d4f016,36968,41.48739830002887,0.031156539916992188,0.05078125,14269c18e6a56f09985dea654338c0b32f5e417a5600e334e252b0c1bbf8bd28,True,True,True,1,0.5554952136123592,1.6494147926947305,0.8026660724191286,0.03740551656641006,0.6666682185352375,-0.37123234544930256,1.6072007769068946,0.760507523373146,0.5639501857972123,0.6583392399417283,0.36706869428421607,99.70703125,0.29296875,0.0,-0.283413290977478,-0.23399129509925842,-0.7133285999298096,-0.03798787295818329,-0.2754625380039215,-0.22742700576782227,-0.6933172345161438,-0.03692217916250229,98.388671875,1.611328125,0.0,-0.026656556874513626,CDP_NEG,35,94657,41.487106500018854,128,2048,deterministic_evenly_spaced_full_fold,3.606499671936035,3.710594952106476,1280,1275,99.609375,CDP,1.4832095268464458,20,0.99,1.4832095268464458
35,COMPLETE,1,42,15039,7152,31859ee24a2323f137f4e1bd7bb091f135f0d0c7cc2377d4e74235f7e3443de0,633459e67fe1ae24844bbffd3ed05fe9d35993d6c1089e67f3abb6a8ef32d641,15000,70.8175981999957,0.0314793586730957,0.05078125,14269c18e6a56f09985dea654338c0b32f5e417a5600e334e252b0c1bbf8bd28,True,True,True,1,0.7184221130561237,1.2542971550601463,0.7281235623797423,0.0357961876767797,0.5306020320673084,-0.1139487326327478,1.2491978344410641,0.8526350513086716,0.7943421189669351,0.44606399973622946,0.0,97.36328125,2.63671875,0.0,-0.4111822247505188,-0.28401631116867065,-1.176997423171997,-0.07252520322799683,-0.2911301255226135,-0.20109260082244873,-0.833351731300354,-0.05135016143321991,93.75,6.25,0.0,-0.018665805459022522,CDP_NEG,35,94657,70.81731259997468,128,2048,deterministic_evenly_spaced_full_fold,3.628999710083008,5.125474974513044,1280,1269,99.140625,CDP,1.598838673557433,20,0.99,1.598838673557433
35,COMPLETE,2,42,22191,7158,253e74b88bf1d5cb90464ade1e9a8dded9e64fe77e1fa6d7dc7b265785fec5f1,640b3d3af9a8eedaeecdab6c360d79d435ac5edf0b9973043bcfd7c57bb9a14a,47312,81.26266920001945,0.03179788589477539,0.05078125,14269c18e6a56f09985dea654338c0b32f5e417a5600e334e252b0c1bbf8bd28,True,True,True,1,0.6913816193727376,1.1148454120280602,0.632427365974115,0.032018895071353935,0.5554955134455482,0.3384009367985838,1.0623195176795701,0.8500690887043948,0.7676043552190694,0.8220401243426259,0.0,90.966796875,9.033203125,0.0,-0.283012330532074,-0.29884105920791626,-0.6549808382987976,0.022486411035060883,-0.17736229300498962,-0.18728208541870117,-0.41047295928001404,0.014092112891376019,89.74609375,10.25390625,0.0,-0.02933063916862011,CDP_NEG,5,94657,81.26238139998168,128,2048,deterministic_evenly_spaced_full_fold,3.630000114440918,5.792295008897781,1280,1259,98.359375,CDP,1.425508144193831,20,0.99,1.425508144193831
36,COMPLETE,0,42,7411,7628,0b635fc68d95b6725e8cb8631c0afc750a22848a83c6a7d4d0d6c52e71d716ca,dab7ccd15b70d58d5849e1aae253e71366303eb268a524063b3ba4fe47d4f016,36968,11.081103400036227,0.02967977523803711,0.052734375,14269c18e6a56f09985dea654338c0b32f5e417a5600e334e252b0c1bbf8bd28,True,True,True,1,0.5500628345337801,1.6594630941717676,0.8619999572215102,0.03763339248278252,0.6707295882250637,-0.46652956216787644,1.5926394612432762,0.7708088210185291,0.5229879393946417,0.6597593330263403,4.0901940220241215,97.4609375,2.5390625,0.0,-0.22749416530132294,-0.18040546774864197,-0.5368726849555969,-0.034840770065784454,-0.22111214697360992,-0.17534445226192474,-0.5218114852905273,-0.033863365650177,88.623046875,11.376953125,0.0,-0.018639057874679565,CDP_NEG,55,63905,11.080797600036021,512,2048,deterministic_evenly_spaced_full_fold,3.606499671936035,3.710594952106476,640,634,99.0625,CDP,1.4832095268464458,20,0.99,1.4832095268464458
36,COMPLETE,1,42,15039,7152,31859ee24a2323f137f4e1bd7bb091f135f0d0c7cc2377d4e74235f7e3443de0,633459e67fe1ae24844bbffd3ed05fe9d35993d6c1089e67f3abb6a8ef32d641,15000,13.343463500030339,0.029672622680664062,0.052734375,14269c18e6a56f09985dea654338c0b32f5e417a5600e334e252b0c1bbf8bd28,True,True,True,1,0.716294961309426,1.2590259716955774,0.7763694303732165,0.03593114262512514,0.5326024509520288,-0.40403211682824464,1.1925197213967489,0.8737921883372413,0.8807483576283659,-0.07930622862710246,0.08389261744966443,100.0,0.0,0.0,-0.4592743515968323,-0.4430899918079376,-0.679185688495636,-0.29798755049705505,-0.32518088817596436,-0.31372183561325073,-0.4808851480484009,-0.21098469197750092,100.0,0.0,0.0,-0.07393577694892883,CDP_NEG,1,63905,13.343164700025227,512,2048,deterministic_evenly_spaced_full_fold,3.628999710083008,5.125474974513044,640,630,98.4375,CDP,1.598838673557433,20,0.99,1.598838673557433
36,COMPLETE,2,42,22191,7158,253e74b88bf1d5cb90464ade1e9a8dded9e64fe77e1fa6d7dc7b265785fec5f1,640b3d3af9a8eedaeecdab6c360d79d435ac5edf0b9973043bcfd7c57bb9a14a,47312,20.744356999988668,0.02999258041381836,0.0546875,14269c18e6a56f09985dea654338c0b32f5e417a5600e334e252b0c1bbf8bd28,True,True,True,1,0.6495324610421843,1.1880306805230398,0.6854301594918979,0.03412081109255978,0.5919616349908784,0.3747899633032006,1.1274426648719755,0.8512304444520051,0.8952250777319606,0.5928373295887103,0.0,99.31640625,0.68359375,0.0,-0.3244410753250122,-0.2950913906097412,-0.6990387439727783,-0.11326181143522263,-0.20332548022270203,-0.1849321871995926,-0.43808379769325256,-0.07098056375980377,97.4609375,2.5390625,0.0,-0.026215992867946625,CDP_NEG,30,63905,20.7440880999784,512,2048,deterministic_evenly_spaced_full_fold,3.630000114440918,5.792295008897781,640,635,99.21875,CDP,1.425508144193831,20,0.99,1.425508144193831
37,COMPLETE,0,42,7411,7628,0b635fc68d95b6725e8cb8631c0afc750a22848a83c6a7d4d0d6c52e71d716ca,dab7ccd15b70d58d5849e1aae253e71366303eb268a524063b3ba4fe47d4f016,36968,30.440776800038293,0.029554367065429688,0.048828125,14269c18e6a56f09985dea654338c0b32f5e417a5600e334e252b0c1bbf8bd28,True,True,True,1,0.5165541746628675,1.7201470361720712,0.8121608078489412,0.03900958615332609,0.6952571089470908,-0.4524826116713524,1.659676600870821,0.7819168369962354,0.4176616908321498,0.9224955598020731,0.0,97.705078125,2.294921875,0.0,-0.2514052093029022,-0.2381090372800827,-0.5111246109008789,-0.02836380898952484,-0.24435240030288696,-0.23142924904823303,-0.4967857599258423,-0.02756810560822487,93.603515625,6.396484375,0.0,-0.02450154908001423,CDP_NEG,20,57697,30.440498400013894,128,2048,deterministic_evenly_spaced_full_fold,3.606499671936035,3.710594952106476,640,634,99.0625,CDP,1.4832095268464458,20,0.99,1.4832095268464458
37,COMPLETE,1,42,15039,7152,31859ee24a2323f137f4e1bd7bb091f135f0d0c7cc2377d4e74235f7e3443de0,633459e67fe1ae24844bbffd3ed05fe9d35993d6c1089e67f3abb6a8ef32d641,15000,51.19476459996076,0.029304027557373047,0.048828125,14269c18e6a56f09985dea654338c0b32f5e417a5600e334e252b0c1bbf8bd28,True,True,True,1,0.7249650254482727,1.2396387015205503,0.7055817826341637,0.0353778523948747,0.5244011049555022,-0.2778665097758499,1.2081797919127444,0.8597319525318602,0.7553424723172716,0.38834345934376224,0.0,99.658203125,0.341796875,0.0,-0.40140828490257263,-0.39248791337013245,-0.7317646741867065,-0.09085778146982193,-0.28420984745025635,-0.27789396047592163,-0.5181127190589905,-0.06433020532131195,94.62890625,5.37109375,0.0,-0.028324753046035767,CDP_NEG,15,57697,51.19423330004793,128,2048,deterministic_evenly_spaced_full_fold,3.628999710083008,5.125474974513044,640,630,98.4375,CDP,1.598838673557433,20,0.99,1.598838673557433
37,COMPLETE,2,42,22191,7158,253e74b88bf1d5cb90464ade1e9a8dded9e64fe77e1fa6d7dc7b265785fec5f1,640b3d3af9a8eedaeecdab6c360d79d435ac5edf0b9973043bcfd7c57bb9a14a,47312,74.20949570002267,0.029623031616210938,0.048828125,14269c18e6a56f09985dea654338c0b32f5e417a5600e334e252b0c1bbf8bd28,True,True,True,1,0.6237201392888194,1.2310033765120085,0.6612042663157197,0.035355007537160074,0.6133736976544424,0.17139609929940333,1.2190981576568574,0.8077653074838299,0.7708442486390823,0.6482927361262777,0.0,98.779296875,1.220703125,0.0,-0.39344269037246704,-0.3939034640789032,-0.7029860615730286,-0.11443798243999481,-0.24656842648983002,-0.2468571811914444,-0.4405575692653656,-0.07171766459941864,90.283203125,9.716796875,0.0,-0.022669658064842224,CDP_NEG,10,57697,74.20916149998084,128,2048,deterministic_evenly_spaced_full_fold,3.630000114440918,5.792295008897781,640,635,99.21875,CDP,1.425508144193831,20,0.99,1.425508144193831
38,COMPLETE,0,42,7411,7628,0b635fc68d95b6725e8cb8631c0afc750a22848a83c6a7d4d0d6c52e71d716ca,dab7ccd15b70d58d5849e1aae253e71366303eb268a524063b3ba4fe47d4f016,36968,36.10029790003318,0.028716564178466797,0.044921875,14269c18e6a56f09985dea654338c0b32f5e417a5600e334e252b0c1bbf8bd28,True,True,True,1,0.5631863500350967,1.6350828557708637,0.8329536134449035,0.03708049613709852,0.6608754689494382,-0.42565162520479377,1.5788107596172825,0.7796222080714265,0.512256483083192,0.7259756651182778,0.48505506030414264,69.140625,30.859375,0.0,-0.1108957827091217,-0.10645914077758789,-0.573405921459198,0.3828268349170685,-0.10778475552797318,-0.10347259044647217,-0.5573198795318604,0.3720872104167938,94.189453125,5.810546875,0.0,-0.033317744731903076,CDP_NEG,75,13313,36.099633699981496,128,2048,deterministic_evenly_spaced_full_fold,3.606499671936035,3.710594952106476,320,315,98.4375,CDP,1.4832095268464458,20,0.99,1.4832095268464458
38,COMPLETE,1,42,15039,7152,31859ee24a2323f137f4e1bd7bb091f135f0d0c7cc2377d4e74235f7e3443de0,633459e67fe1ae24844bbffd3ed05fe9d35993d6c1089e67f3abb6a8ef32d641,15000,38.952459699998144,0.02835845947265625,0.044921875,14269c18e6a56f09985dea654338c0b32f5e417a5600e334e252b0c1bbf8bd28,True,True,True,1,0.7275347476478428,1.2338339800305673,0.747365445645864,0.035212192368437895,0.5219455488651896,-0.43845843291255204,1.1533804640762013,0.8730237036940366,0.7489872066455828,0.2450571200040705,0.06991051454138703,23.53515625,76.46484375,0.0,0.4448998272418976,0.5894067287445068,-0.33982035517692566,1.0156166553497314,0.31500327587127686,0.41731876134872437,-0.24060365557670593,0.7190890312194824,100.0,0.0,0.0,-0.08800826966762543,CDP_NEG,5,13313,38.952167799987365,128,2048,deterministic_evenly_spaced_full_fold,3.628999710083008,5.125474974513044,320,315,98.4375,CDP,1.598838673557433,20,0.99,1.598838673557433
38,COMPLETE,2,42,22191,7158,253e74b88bf1d5cb90464ade1e9a8dded9e64fe77e1fa6d7dc7b265785fec5f1,640b3d3af9a8eedaeecdab6c360d79d435ac5edf0b9973043bcfd7c57bb9a14a,47312,101.35155700001633,0.028686046600341797,0.044921875,14269c18e6a56f09985dea654338c0b32f5e417a5600e334e252b0c1bbf8bd28,True,True,True,1,0.6560716049186726,1.1768951507937617,0.723265661638544,0.03380099333655621,0.5864131197100012,0.1839787970850426,1.1625071170203052,0.8334397017507288,0.8393269324993771,0.5183559404237743,0.726459905001397,58.544921875,41.455078125,0.0,0.011128652840852737,-0.12320233881473541,-1.0679471492767334,1.5386375188827515,0.006974266842007637,-0.07721024006605148,-0.6692767143249512,0.9642558097839355,90.4296875,9.5703125,0.0,-0.027168355882167816,CDP_NEG,90,13313,101.35127280000597,128,2048,deterministic_evenly_spaced_full_fold,3.630000114440918,5.792295008897781,320,319,99.6875,CDP,1.425508144193831,20,0.99,1.425508144193831
39,COMPLETE,0,42,7411,7628,0b635fc68d95b6725e8cb8631c0afc750a22848a83c6a7d4d0d6c52e71d716ca,dab7ccd15b70d58d5849e1aae253e71366303eb268a524063b3ba4fe47d4f016,36968,47.20848540001316,0.029439926147460938,0.048828125,14269c18e6a56f09985dea654338c0b32f5e417a5600e334e252b0c1bbf8bd28,True,True,True,1,0.5466446569103218,1.6657546472730695,0.8810391973590675,0.037776072659292094,0.6732725377102033,-0.6229209062227868,1.5449987114297878,0.7887192730516343,0.5355543884809748,0.4736969319335876,0.3801782905086523,95.5078125,4.4921875,0.0,-0.2032606154680252,-0.17785696685314178,-0.43193319439888,-0.009317895397543907,-0.1975584328174591,-0.17286744713783264,-0.41981595754623413,-0.009056495502591133,93.701171875,6.298828125,0.0,-0.023037295788526535,CDP_NEG,50,51489,47.20816149999155,128,2048,deterministic_evenly_spaced_full_fold,3.606499671936035,3.710594952106476,640,634,99.0625,CDP,1.4832095268464458,20,0.99,1.4832095268464458
39,COMPLETE,1,42,15039,7152,31859ee24a2323f137f4e1bd7bb091f135f0d0c7cc2377d4e74235f7e3443de0,633459e67fe1ae24844bbffd3ed05fe9d35993d6c1089e67f3abb6a8ef32d641,15000,73.40621469996404,0.02908182144165039,0.048828125,14269c18e6a56f09985dea654338c0b32f5e417a5600e334e252b0c1bbf8bd28,True,True,True,1,0.7182363319490996,1.2547108705912289,0.762058549727807,0.03580799463873899,0.5307770450621196,-0.3241242932408873,1.212208014773183,0.859266393389015,0.7073613050867863,0.47273986928003237,0.0,93.798828125,6.201171875,0.0,-0.30547207593917847,-0.13343025743961334,-1.2577964067459106,0.010875294916331768,-0.21628397703170776,-0.09447287768125534,-0.89055997133255,0.007700055371969938,95.458984375,4.541015625,0.0,-0.012838183902204037,CDP_NEG,35,51489,73.40589160000673,128,2048,deterministic_evenly_spaced_full_fold,3.628999710083008,5.125474974513044,640,630,98.4375,CDP,1.598838673557433,20,0.99,1.598838673557433
39,COMPLETE,2,42,22191,7158,253e74b88bf1d5cb90464ade1e9a8dded9e64fe77e1fa6d7dc7b265785fec5f1,640b3d3af9a8eedaeecdab6c360d79d435ac5edf0b9973043bcfd7c57bb9a14a,47312,86.52981760003604,0.029409408569335938,0.048828125,14269c18e6a56f09985dea654338c0b32f5e417a5600e334e252b0c1bbf8bd28,True,True,True,1,0.6691916634788737,1.1542289942169643,0.6682066257212336,0.033150010445768575,0.5751192235790923,0.27910176249686824,1.1200544802790766,0.8314385106566958,0.7349354436286305,0.8307283078695904,0.0,90.33203125,9.66796875,0.0,-0.13849283754825592,-0.19170111417770386,-0.3281834125518799,0.16119526326656342,-0.0867927074432373,-0.12013804912567139,-0.2056707739830017,0.1010202020406723,96.6796875,3.3203125,0.0,-0.038028329610824585,CDP_NEG,5,51489,86.52949600003194,128,2048,deterministic_evenly_spaced_full_fold,3.630000114440918,5.792295008897781,640,635,99.21875,CDP,1.425508144193831,20,0.99,1.425508144193831
40,COMPLETE,0,42,7411,7628,0b635fc68d95b6725e8cb8631c0afc750a22848a83c6a7d4d0d6c52e71d716ca,dab7ccd15b70d58d5849e1aae253e71366303eb268a524063b3ba4fe47d4f016,36968,30.894439900002908,0.021420001983642578,0.02734375,14269c18e6a56f09985dea654338c0b32f5e417a5600e334e252b0c1bbf8bd28,True,True,True,1,0.5205923183876928,1.7129479182853131,0.8377087009815142,0.038846324174247604,0.6923473356639561,-0.4064954482776532,1.6641259169038398,0.778341611064687,0.41800203328564406,0.9676791294135794,0.03932878867330886,100.0,0.0,0.0,-0.44672513008117676,-0.41523951292037964,-0.7236076593399048,-0.26580512523651123,-0.4341929256916046,-0.403590589761734,-0.7033079266548157,-0.25834837555885315,94.189453125,5.810546875,0.0,-0.01989544928073883,CDP_NEG,30,9025,30.894142600009218,128,2048,deterministic_evenly_spaced_full_fold,3.606499671936035,3.710594952106476,1280,1275,99.609375,CDP,1.4832095268464458,20,0.99,1.4832095268464458
40,COMPLETE,1,42,15039,7152,31859ee24a2323f137f4e1bd7bb091f135f0d0c7cc2377d4e74235f7e3443de0,633459e67fe1ae24844bbffd3ed05fe9d35993d6c1089e67f3abb6a8ef32d641,15000,46.71242009999696,0.021742820739746094,0.02734375,14269c18e6a56f09985dea654338c0b32f5e417a5600e334e252b0c1bbf8bd28,True,True,True,1,0.6966405150884292,1.3019069745238152,0.8186943509685755,0.037154916767333505,0.5507422889847923,-0.44797126340608984,1.2224943676567468,0.8562124838040165,0.7131577166365114,0.3331090922721686,0.0,100.0,0.0,0.0,-0.5725246667861938,-0.5121158361434937,-1.081027865409851,-0.3028971254825592,-0.4053657650947571,-0.3625943064689636,-0.7654021978378296,-0.2144608348608017,98.6328125,1.3671875,0.0,-0.019964704290032387,CDP_NEG,15,9025,46.71215470001334,128,2048,deterministic_evenly_spaced_full_fold,3.628999710083008,5.125474974513044,1280,1269,99.140625,CDP,1.598838673557433,20,0.99,1.598838673557433
40,COMPLETE,2,42,22191,7158,253e74b88bf1d5cb90464ade1e9a8dded9e64fe77e1fa6d7dc7b265785fec5f1,640b3d3af9a8eedaeecdab6c360d79d435ac5edf0b9973043bcfd7c57bb9a14a,47312,118.22053200000664,0.02206134796142578,0.02734375,14269c18e6a56f09985dea654338c0b32f5e417a5600e334e252b0c1bbf8bd28,True,True,True,1,0.7075067268041337,1.085329726294937,0.5850210369764604,0.031171190417191404,0.5407886932675,0.155923136321703,1.0741460697632208,0.845117132703949,0.7362503321283481,0.7048132637795635,0.02794076557697681,99.31640625,0.68359375,0.0,-0.8923580050468445,-0.7768527269363403,-1.924507975578308,-0.26367607712745667,-0.5592359304428101,-0.48684942722320557,-1.2060787677764893,-0.16524437069892883,63.8671875,36.1328125,0.0,-0.008741986006498337,CDP_NEG,80,9025,118.2200752000208,128,2048,deterministic_evenly_spaced_full_fold,3.630000114440918,5.792295008897781,1280,1259,98.359375,CDP,1.425508144193831,20,0.99,1.425508144193831
41,COMPLETE,0,42,7411,7628,0b635fc68d95b6725e8cb8631c0afc750a22848a83c6a7d4d0d6c52e71d716ca,dab7ccd15b70d58d5849e1aae253e71366303eb268a524063b3ba4fe47d4f016,36968,47.3885094000143,0.029540061950683594,0.048828125,14269c18e6a56f09985dea654338c0b32f5e417a5600e334e252b0c1bbf8bd28,True,True,True,1,0.5110672416300512,1.7298810142142407,0.846239243712856,0.03923033382609224,0.6991914339145735,-0.29533581373932044,1.7045955528863714,0.7505080401557461,0.41706928566168133,1.0810411051035267,0.0,95.947265625,4.052734375,0.0,-0.2587384581565857,-0.2503640055656433,-0.5170816779136658,-0.03581731393933296,-0.25147995352745056,-0.2433404177427292,-0.502575695514679,-0.03481251373887062,93.06640625,6.93359375,0.0,-0.014700550585985184,CDP_NEG,50,56897,47.38817679998465,128,2048,deterministic_evenly_spaced_full_fold,3.606499671936035,3.710594952106476,640,634,99.0625,CDP,1.4832095268464458,20,0.99,1.4832095268464458
41,COMPLETE,1,42,15039,7152,31859ee24a2323f137f4e1bd7bb091f135f0d0c7cc2377d4e74235f7e3443de0,633459e67fe1ae24844bbffd3ed05fe9d35993d6c1089e67f3abb6a8ef32d641,15000,60.28696249995846,0.029181957244873047,0.048828125,14269c18e6a56f09985dea654338c0b32f5e417a5600e334e252b0c1bbf8bd28,True,True,True,1,0.7129269816780254,1.2664771315173777,0.772200142184126,0.03614379009411988,0.535754495526758,-0.43081888548947267,1.191032223228011,0.8670623123046909,0.8169770012847768,0.0675583664885199,0.013982102908277404,100.0,0.0,0.0,-0.4138529896736145,-0.3685435354709625,-0.6309419870376587,-0.2853119671344757,-0.29302114248275757,-0.2609405815601349,-0.44672703742980957,-0.20200997591018677,100.0,0.0,0.0,-0.0414956733584404,CDP_NEG,1,56897,60.28666240000166,128,2048,deterministic_evenly_spaced_full_fold,3.628999710083008,5.125474974513044,640,630,98.4375,CDP,1.598838673557433,20,0.99,1.598838673557433
41,COMPLETE,2,42,22191,7158,253e74b88bf1d5cb90464ade1e9a8dded9e64fe77e1fa6d7dc7b265785fec5f1,640b3d3af9a8eedaeecdab6c360d79d435ac5edf0b9973043bcfd7c57bb9a14a,47312,89.7920662999968,0.029509544372558594,0.048828125,14269c18e6a56f09985dea654338c0b32f5e417a5600e334e252b0c1bbf8bd28,True,True,True,1,0.6884036993188173,1.120211181666767,0.6317802372341345,0.0321730025495614,0.5581691226547942,0.22828467719434933,1.0967804024649557,0.8441301558531743,0.8019365924668644,0.6404749555097119,0.0,98.681640625,1.318359375,0.0,-0.35127270221710205,-0.3502562642097473,-0.6171765923500061,-0.11400541663169861,-0.2201407253742218,-0.21950370073318481,-0.386781245470047,-0.07144658267498016,95.361328125,4.638671875,0.0,-0.01971753127872944,CDP_NEG,20,56897,89.7917291999911,128,2048,deterministic_evenly_spaced_full_fold,3.630000114440918,5.792295008897781,640,635,99.21875,CDP,1.425508144193831,20,0.99,1.425508144193831
42,COMPLETE,0,42,7411,7628,0b635fc68d95b6725e8cb8631c0afc750a22848a83c6a7d4d0d6c52e71d716ca,dab7ccd15b70d58d5849e1aae253e71366303eb268a524063b3ba4fe47d4f016,36968,45.53628390002996,0.028852462768554688,0.046875,14269c18e6a56f09985dea654338c0b32f5e417a5600e334e252b0c1bbf8bd28,True,True,True,1,0.5289924738312559,1.6978745072664119,0.9203561101838049,0.038504488555895555,0.686254893595577,-0.5772356578640568,1.5968441128574276,0.7649148737025824,0.5539139840211961,0.47603273426160986,0.026219192448872573,97.65625,2.34375,0.0,-0.3816663920879364,-0.3060465455055237,-0.9499366879463196,-0.053480882197618484,-0.3709593415260315,-0.2974608540534973,-0.923287570476532,-0.051980555057525635,87.3046875,12.6953125,0.0,-0.010097202844917774,CDP_NEG,70,20609,45.535610599967185,128,2048,deterministic_evenly_spaced_full_fold,3.606499671936035,3.710594952106476,320,315,98.4375,CDP,1.4832095268464458,20,0.99,1.4832095268464458
42,COMPLETE,1,42,15039,7152,31859ee24a2323f137f4e1bd7bb091f135f0d0c7cc2377d4e74235f7e3443de0,633459e67fe1ae24844bbffd3ed05fe9d35993d6c1089e67f3abb6a8ef32d641,15000,51.06554770004004,0.02849435806274414,0.046875,14269c18e6a56f09985dea654338c0b32f5e417a5600e334e252b0c1bbf8bd28,True,True,True,1,0.7064836703949862,1.2806112079122596,0.7913693056928339,0.03654716025981628,0.5417335967519054,-0.4340935661837717,1.2048779291389367,0.8610016714523333,0.7125833887699141,0.3485507019311664,0.0,98.73046875,1.26953125,0.0,-0.5102381706237793,-0.4250110387802124,-1.281065583229065,-0.09564001113176346,-0.3612648844718933,-0.30092138051986694,-0.9070352911949158,-0.06771617382764816,99.560546875,0.439453125,0.0,-0.018575210124254227,CDP_NEG,15,20609,51.06527700001607,128,2048,deterministic_evenly_spaced_full_fold,3.628999710083008,5.125474974513044,320,315,98.4375,CDP,1.598838673557433,20,0.99,1.598838673557433
42,COMPLETE,2,42,22191,7158,253e74b88bf1d5cb90464ade1e9a8dded9e64fe77e1fa6d7dc7b265785fec5f1,640b3d3af9a8eedaeecdab6c360d79d435ac5edf0b9973043bcfd7c57bb9a14a,47312,75.49302590003936,0.028821945190429688,0.046875,14269c18e6a56f09985dea654338c0b32f5e417a5600e334e252b0c1bbf8bd28,True,True,True,1,0.6598347914983616,1.1704387811301125,0.6637394393153743,0.03361556330242601,0.5831960957687368,0.3080211332278527,1.1292599683429987,0.8347941941445955,0.7938316003404344,0.7370787319733069,0.0,99.072265625,0.927734375,0.0,-0.6211869716644287,-0.5257757902145386,-1.3955906629562378,-0.20724265277385712,-0.3892945647239685,-0.32950085401535034,-0.874609112739563,-0.12987785041332245,97.65625,2.34375,0.0,-0.023702312260866165,CDP_NEG,20,20609,75.49272290000226,128,2048,deterministic_evenly_spaced_full_fold,3.630000114440918,5.792295008897781,320,319,99.6875,CDP,1.425508144193831,20,0.99,1.425508144193831
43,COMPLETE,0,42,7411,7628,0b635fc68d95b6725e8cb8631c0afc750a22848a83c6a7d4d0d6c52e71d716ca,dab7ccd15b70d58d5849e1aae253e71366303eb268a524063b3ba4fe47d4f016,36968,31.09104779997142,0.026859760284423828,0.044921875,14269c18e6a56f09985dea654338c0b32f5e417a5600e334e252b0c1bbf8bd28,True,True,True,1,0.5442526667268064,1.6701432873743285,0.9382783680231788,0.03787559847338005,0.675046358880631,-0.574281479953905,1.568407429638596,0.7740042143442566,0.5752882838555469,0.42851934848913803,5.440482433141059,57.71484375,42.28515625,0.0,-0.011350095272064209,-0.035844217985868454,-0.4149315655231476,0.3087332248687744,-0.011031698435544968,-0.034838661551475525,-0.4032912850379944,0.30007219314575195,83.251953125,16.748046875,0.0,-0.020137310028076172,CDP_NEG,50,11201,31.090781200036872,128,2048,deterministic_evenly_spaced_full_fold,3.606499671936035,3.710594952106476,320,315,98.4375,CDP,1.4832095268464458,20,0.99,1.4832095268464458
43,COMPLETE,1,42,15039,7152,31859ee24a2323f137f4e1bd7bb091f135f0d0c7cc2377d4e74235f7e3443de0,633459e67fe1ae24844bbffd3ed05fe9d35993d6c1089e67f3abb6a8ef32d641,15000,39.99797540000873,0.026615142822265625,0.044921875,14269c18e6a56f09985dea654338c0b32f5e417a5600e334e252b0c1bbf8bd28,True,True,True,1,0.721736084164356,1.2468942168428065,0.7471660352576371,0.03558491639651056,0.5274703865512976,-0.3536269242745841,1.195781382841792,0.8677968220758128,0.6709565338804432,0.5423685493933834,0.0,70.41015625,29.58984375,0.0,-0.05693434551358223,-0.12422461062669754,-0.3364695608615875,0.3997468948364258,-0.040311332792043686,-0.08795498311519623,-0.23823118209838867,0.283033549785614,100.0,0.0,0.0,-0.06105749309062958,CDP_NEG,1,11201,39.997700900014024,128,2048,deterministic_evenly_spaced_full_fold,3.628999710083008,5.125474974513044,320,315,98.4375,CDP,1.598838673557433,20,0.99,1.598838673557433
43,COMPLETE,2,42,22191,7158,253e74b88bf1d5cb90464ade1e9a8dded9e64fe77e1fa6d7dc7b265785fec5f1,640b3d3af9a8eedaeecdab6c360d79d435ac5edf0b9973043bcfd7c57bb9a14a,47312,57.43015919998288,0.026941776275634766,0.044921875,14269c18e6a56f09985dea654338c0b32f5e417a5600e334e252b0c1bbf8bd28,True,True,True,1,0.6285079310840416,1.2231466495350827,0.725901432749531,0.03512935856918268,0.6094589158031097,0.2565223783061964,1.196028360769582,0.805047340259575,0.6940215994089619,0.8932948324861036,0.0,46.19140625,53.80859375,0.0,0.04797022417187691,0.012308867648243904,-0.33709365129470825,0.5953229665756226,0.030062679201364517,0.007713900879025459,-0.2112547755241394,0.37308570742607117,100.0,0.0,0.0,-0.05951162427663803,CDP_NEG,1,11201,57.42990029999055,128,2048,deterministic_evenly_spaced_full_fold,3.630000114440918,5.792295008897781,320,319,99.6875,CDP,1.425508144193831,20,0.99,1.425508144193831
44,COMPLETE,0,42,7411,7628,0b635fc68d95b6725e8cb8631c0afc750a22848a83c6a7d4d0d6c52e71d716ca,dab7ccd15b70d58d5849e1aae253e71366303eb268a524063b3ba4fe47d4f016,36968,60.45498159999261,0.02811288833618164,0.048828125,14269c18e6a56f09985dea654338c0b32f5e417a5600e334e252b0c1bbf8bd28,True,True,True,1,0.596799246142567,1.570913717384315,0.7686260010507842,0.0356252649971808,0.6349392851813694,-0.2659633943763321,1.5483370637289322,0.7862322981772204,0.540310040138193,0.8194257179399886,0.026219192448872573,99.462890625,0.537109375,0.0,-0.4966133236885071,-0.3646366000175476,-1.3754135370254517,-0.14484456181526184,-0.4826815724372864,-0.35440725088119507,-1.336828351020813,-0.14078116416931152,83.984375,16.015625,0.0,-0.012982250191271305,CDP_NEG,80,50273,60.454198299965356,128,2048,deterministic_evenly_spaced_full_fold,3.606499671936035,3.710594952106476,640,634,99.0625,CDP,1.4832095268464458,20,0.99,1.4832095268464458
44,COMPLETE,1,42,15039,7152,31859ee24a2323f137f4e1bd7bb091f135f0d0c7cc2377d4e74235f7e3443de0,633459e67fe1ae24844bbffd3ed05fe9d35993d6c1089e67f3abb6a8ef32d641,15000,112.9899150999845,0.028435707092285156,0.048828125,14269c18e6a56f09985dea654338c0b32f5e417a5600e334e252b0c1bbf8bd28,True,True,True,1,0.723917693557611,1.241996727990215,0.7468240941531948,0.035445147738497544,0.5253986147014384,-0.3998975767884237,1.1759384122017142,0.8684806770051934,0.7902698222617947,0.17120414469882583,0.0,99.951171875,0.048828125,0.0,-0.7174580097198486,-0.5637780427932739,-1.3578214645385742,-0.3750840127468109,-0.5079832077026367,-0.399172842502594,-0.9613808393478394,-0.2655714452266693,93.06640625,6.93359375,0.0,-0.019649986177682877,CDP_NEG,90,50273,112.98960420000367,128,2048,deterministic_evenly_spaced_full_fold,3.628999710083008,5.125474974513044,640,630,98.4375,CDP,1.598838673557433,20,0.99,1.598838673557433
44,COMPLETE,2,42,22191,7158,253e74b88bf1d5cb90464ade1e9a8dded9e64fe77e1fa6d7dc7b265785fec5f1,640b3d3af9a8eedaeecdab6c360d79d435ac5edf0b9973043bcfd7c57bb9a14a,47312,88.61455440003192,0.028754711151123047,0.048828125,14269c18e6a56f09985dea654338c0b32f5e417a5600e334e252b0c1bbf8bd28,True,True,True,1,0.6829937290272592,1.1298939509462997,0.5892328136198939,0.03245109632849842,0.562993769044758,0.2151995959619525,1.1092886832697464,0.8335430844504017,0.7092540422732698,0.8202717732362854,0.0,99.609375,0.390625,0.0,-0.44199371337890625,-0.41212889552116394,-0.7034138441085815,-0.22302864491939545,-0.27699509263038635,-0.2582789659500122,-0.4408257007598877,-0.13977085053920746,97.705078125,2.294921875,0.0,-0.027381092309951782,CDP_NEG,5,50273,88.61423690000083,128,2048,deterministic_evenly_spaced_full_fold,3.630000114440918,5.792295008897781,640,635,99.21875,CDP,1.425508144193831,20,0.99,1.425508144193831
45,COMPLETE,0,42,7411,7628,0b635fc68d95b6725e8cb8631c0afc750a22848a83c6a7d4d0d6c52e71d716ca,dab7ccd15b70d58d5849e1aae253e71366303eb268a524063b3ba4fe47d4f016,36968,54.61243800004013,0.028102397918701172,0.048828125,14269c18e6a56f09985dea654338c0b32f5e417a5600e334e252b0c1bbf8bd28,True,True,True,1,0.5610082402571992,1.6391543418588257,0.8424763475406419,0.037172829515571715,0.6625211013210371,-0.35089887755962773,1.6012598379227465,0.7624897462394684,0.5937928840891181,0.6082101294929234,0.0,98.92578125,1.07421875,0.0,-0.4085093140602112,-0.34415653347969055,-0.9027595520019531,-0.17109081149101257,-0.3970491886138916,-0.3345017433166504,-0.8774339556694031,-0.16629111766815186,87.98828125,12.01171875,0.0,-0.012920636683702469,CDP_NEG,65,50273,54.61153529997682,128,2048,deterministic_evenly_spaced_full_fold,3.606499671936035,3.710594952106476,320,315,98.4375,CDP,1.4832095268464458,20,0.99,1.4832095268464458
45,COMPLETE,1,42,15039,7152,31859ee24a2323f137f4e1bd7bb091f135f0d0c7cc2377d4e74235f7e3443de0,633459e67fe1ae24844bbffd3ed05fe9d35993d6c1089e67f3abb6a8ef32d641,47312,84.22397430002457,0.028425216674804688,0.048828125,14269c18e6a56f09985dea654338c0b32f5e417a5600e334e252b0c1bbf8bd28,True,True,True,1,0.7260400072857451,1.2372137485529975,0.7406890068845969,0.03530864704653783,0.5233752834688948,-0.4404245960631385,1.1562486596999055,0.8722160276151989,0.7624838563058053,0.20633916491591758,0.0,99.755859375,0.244140625,0.0,-0.6602354645729065,-0.45529264211654663,-1.6876442432403564,-0.2675347626209259,-0.467467725276947,-0.32236170768737793,-1.1949059963226318,-0.18942314386367798,98.095703125,1.904296875,0.0,-0.022914953529834747,CDP_NEG,45,50273,84.22331820003456,128,2048,deterministic_evenly_spaced_full_fold,3.628999710083008,5.125474974513044,320,315,98.4375,CDP,1.598838673557433,20,0.99,1.598838673557433
45,COMPLETE,2,42,22191,7158,253e74b88bf1d5cb90464ade1e9a8dded9e64fe77e1fa6d7dc7b265785fec5f1,640b3d3af9a8eedaeecdab6c360d79d435ac5edf0b9973043bcfd7c57bb9a14a,15000,145.40721730003133,0.028744220733642578,0.048828125,14269c18e6a56f09985dea654338c0b32f5e417a5600e334e252b0c1bbf8bd28,True,True,True,1,0.6418907589368708,1.2009129303939512,0.6599348189943555,0.034490795489005674,0.598380490851224,0.27035261598591903,1.1701677763629204,0.8281165807825132,0.8186304938205201,0.6478011722899547,0.0,99.609375,0.390625,0.0,-0.6906124949455261,-0.5619961023330688,-1.4357963800430298,-0.40973636507987976,-0.4328031539916992,-0.3521999716758728,-0.8998059034347534,-0.25677958130836487,93.5546875,6.4453125,0.0,-0.02248847857117653,CDP_NEG,75,50273,145.4068959999713,128,2048,deterministic_evenly_spaced_full_fold,3.630000114440918,5.792295008897781,320,319,99.6875,CDP,1.425508144193831,20,0.99,1.425508144193831
46,COMPLETE,0,42,7411,7628,0b635fc68d95b6725e8cb8631c0afc750a22848a83c6a7d4d0d6c52e71d716ca,dab7ccd15b70d58d5849e1aae253e71366303eb268a524063b3ba4fe47d4f016,36968,20.168458500003908,0.028121471405029297,0.05078125,14269c18e6a56f09985dea654338c0b32f5e417a5600e334e252b0c1bbf8bd28,True,True,True,1,0.5506042895373484,1.6584642935071758,0.8453647378749933,0.037610741628084594,0.6703258882808869,-0.4628371160239197,1.592676413232484,0.775681326575052,0.5033294436410555,0.7098681012972226,0.0,100.0,0.0,0.0,-0.26116037368774414,-0.2353145182132721,-0.43871229887008667,-0.15749090909957886,-0.25383391976356506,-0.22871311008930206,-0.4264048635959625,-0.15307274460792542,87.6953125,12.3046875,0.0,-0.013821722008287907,CDP_NEG,30,50273,20.16813710000133,256,2048,deterministic_evenly_spaced_full_fold,3.606499671936035,3.710594952106476,640,634,99.0625,CDP,1.4832095268464458,20,0.99,1.4832095268464458
46,COMPLETE,1,42,15039,7152,31859ee24a2323f137f4e1bd7bb091f135f0d0c7cc2377d4e74235f7e3443de0,633459e67fe1ae24844bbffd3ed05fe9d35993d6c1089e67f3abb6a8ef32d641,47312,33.941705200006254,0.028443336486816406,0.05078125,14269c18e6a56f09985dea654338c0b32f5e417a5600e334e252b0c1bbf8bd28,True,True,True,1,0.7420886096988398,1.200428853993388,0.6978376964612404,0.03425884877185132,0.5078142661103133,-0.1938143471559047,1.1847622942003662,0.8699109201890562,0.8342271704968726,0.25759016375441296,0.0,99.951171875,0.048828125,0.0,-0.5274968147277832,-0.4854745864868164,-1.0373507738113403,-0.23693785071372986,-0.3734845817089081,-0.34373149275779724,-0.7344774007797241,-0.16775956749916077,99.609375,0.390625,0.0,-0.03465299308300018,CDP_NEG,25,50273,33.941401099960785,256,2048,deterministic_evenly_spaced_full_fold,3.628999710083008,5.125474974513044,640,630,98.4375,CDP,1.598838673557433,20,0.99,1.598838673557433
46,COMPLETE,2,42,22191,7158,253e74b88bf1d5cb90464ade1e9a8dded9e64fe77e1fa6d7dc7b265785fec5f1,640b3d3af9a8eedaeecdab6c360d79d435ac5edf0b9973043bcfd7c57bb9a14a,15000,42.18100169999525,0.028763294219970703,0.05078125,14269c18e6a56f09985dea654338c0b32f5e417a5600e334e252b0c1bbf8bd28,True,True,True,1,0.6578486097506424,1.1738508299569284,0.5977476706139627,0.033713558981634494,0.584896221897888,0.1205523078726597,1.1677257425779162,0.8172847642742644,0.6020772982654747,0.9486702889717951,0.0,100.0,0.0,0.0,-0.17955374717712402,-0.17682434618473053,-0.23784597218036652,-0.1293834149837494,-0.11252537369728088,-0.11081486940383911,-0.1490567922592163,-0.08108388632535934,100.0,0.0,0.0,-0.041579440236091614,CDP_NEG,1,50273,42.180696600000374,256,2048,deterministic_evenly_spaced_full_fold,3.630000114440918,5.792295008897781,640,635,99.21875,CDP,1.425508144193831,20,0.99,1.425508144193831
47,COMPLETE,0,42,7411,7628,0b635fc68d95b6725e8cb8631c0afc750a22848a83c6a7d4d0d6c52e71d716ca,dab7ccd15b70d58d5849e1aae253e71366303eb268a524063b3ba4fe47d4f016,36968,51.198243199964054,0.02564382553100586,0.05078125,14269c18e6a56f09985dea654338c0b32f5e417a5600e334e252b0c1bbf8bd28,True,True,True,1,0.4890256811070032,1.7684435485574899,0.8524049922853086,0.04010485703493443,0.7147778201811941,-0.45900901050474613,1.7079478126895153,0.7235148929665571,0.5199074686601939,0.674553285650814,0.0,99.90234375,0.09765625,0.0,-0.366850882768631,-0.31927037239074707,-0.6502410769462585,-0.1237567886710167,-0.3565593957901001,-0.31031373143196106,-0.6319994926452637,-0.12028497457504272,94.62890625,5.37109375,0.0,-0.0237251129001379,CDP_NEG,50,35937,51.19741320004687,128,2048,deterministic_evenly_spaced_full_fold,3.606499671936035,3.710594952106476,640,634,99.0625,CDP,1.4832095268464458,20,0.99,1.4832095268464458
47,COMPLETE,1,42,15039,7152,31859ee24a2323f137f4e1bd7bb091f135f0d0c7cc2377d4e74235f7e3443de0,633459e67fe1ae24844bbffd3ed05fe9d35993d6c1089e67f3abb6a8ef32d641,47312,73.50381409999682,0.025966644287109375,0.05078125,14269c18e6a56f09985dea654338c0b32f5e417a5600e334e252b0c1bbf8bd28,True,True,True,1,0.7019839846312539,1.2903899331913298,0.7522537897448254,0.036826233750429815,0.5458702652304795,-0.3716335706011719,1.2358026560525568,0.8573713272998098,0.8135844764988387,0.1359816306616192,0.0,99.951171875,0.048828125,0.0,-0.5253678560256958,-0.4932948052883148,-0.9413066506385803,-0.13611911237239838,-0.3719772398471832,-0.34926846623420715,-0.6664751172065735,-0.09637667238712311,99.267578125,0.732421875,0.0,-0.02852679416537285,CDP_NEG,25,35937,73.50352239998756,128,2048,deterministic_evenly_spaced_full_fold,3.628999710083008,5.125474974513044,640,630,98.4375,CDP,1.598838673557433,20,0.99,1.598838673557433
47,COMPLETE,2,42,22191,7158,253e74b88bf1d5cb90464ade1e9a8dded9e64fe77e1fa6d7dc7b265785fec5f1,640b3d3af9a8eedaeecdab6c360d79d435ac5edf0b9973043bcfd7c57bb9a14a,15000,128.77637490001507,0.026285648345947266,0.052734375,14269c18e6a56f09985dea654338c0b32f5e417a5600e334e252b0c1bbf8bd28,True,True,True,1,0.6338397950697603,1.2143372802708645,0.6400145158216314,0.03487634925769196,0.6050694596060786,0.15897504677638563,1.2039702951773634,0.8001370939658337,0.6483809276509721,0.8907304229848292,0.0,99.853515625,0.146484375,0.0,-0.6792640089988708,-0.6301237344741821,-1.2889829874038696,-0.16435857117176056,-0.4256910979747772,-0.39489516615867615,-0.8077987432479858,-0.10300263017416,72.412109375,27.587890625,0.0,-0.01913522556424141,CDP_NEG,50,35937,128.77606750000268,128,2048,deterministic_evenly_spaced_full_fold,3.630000114440918,5.792295008897781,640,635,99.21875,CDP,1.425508144193831,20,0.99,1.425508144193831
48,COMPLETE,0,42,7411,7628,0b635fc68d95b6725e8cb8631c0afc750a22848a83c6a7d4d0d6c52e71d716ca,dab7ccd15b70d58d5849e1aae253e71366303eb268a524063b3ba4fe47d4f016,36968,16.68406350002624,0.02947711944580078,0.052734375,14269c18e6a56f09985dea654338c0b32f5e417a5600e334e252b0c1bbf8bd28,True,True,True,1,0.5550487164277318,1.650242988741853,0.9040143842637118,0.037424298440501456,0.6670029627037622,-0.5623667894946959,1.5515673080103312,0.7845564293118573,0.6891601008192891,0.17156753951625567,0.03932878867330886,99.755859375,0.244140625,0.0,-0.5113426446914673,-0.4589608311653137,-1.0605900287628174,-0.23201461136341095,-0.4969976842403412,-0.4460853338241577,-1.0308367013931274,-0.2255057841539383,84.375,15.625,0.0,-0.013476964086294174,CDP_NEG,85,53057,16.683739300002344,512,2048,deterministic_evenly_spaced_full_fold,3.606499671936035,3.710594952106476,640,634,99.0625,CDP,1.4832095268464458,20,0.99,1.4832095268464458
48,COMPLETE,1,42,15039,7152,31859ee24a2323f137f4e1bd7bb091f135f0d0c7cc2377d4e74235f7e3443de0,633459e67fe1ae24844bbffd3ed05fe9d35993d6c1089e67f3abb6a8ef32d641,47312,27.310959300026298,0.029225826263427734,0.052734375,14269c18e6a56f09985dea654338c0b32f5e417a5600e334e252b0c1bbf8bd28,True,True,True,1,0.7224789061554352,1.245228820519507,0.7359327334536644,0.03553738791483894,0.5267658783175229,-0.3792662967753782,1.1861486469180715,0.8650007905809528,0.7467634995719329,0.3103044788637938,0.0,99.951171875,0.048828125,0.0,-0.6322993040084839,-0.5233675241470337,-1.259904146194458,-0.33496883511543274,-0.44768810272216797,-0.3705609142780304,-0.8920522928237915,-0.23716861009597778,83.154296875,16.845703125,0.0,-0.0076086251065135,CDP_NEG,70,53057,27.31063219998032,512,2048,deterministic_evenly_spaced_full_fold,3.628999710083008,5.125474974513044,640,630,98.4375,CDP,1.598838673557433,20,0.99,1.598838673557433
48,COMPLETE,2,42,22191,7158,253e74b88bf1d5cb90464ade1e9a8dded9e64fe77e1fa6d7dc7b265785fec5f1,640b3d3af9a8eedaeecdab6c360d79d435ac5edf0b9973043bcfd7c57bb9a14a,15000,30.07651350001106,0.02954578399658203,0.052734375,14269c18e6a56f09985dea654338c0b32f5e417a5600e334e252b0c1bbf8bd28,True,True,True,1,0.6424320085406687,1.2000050517907423,0.7263814863643883,0.03446472077997423,0.5979281209662206,0.2077180074558468,1.1819731504587914,0.8252935789236128,0.8191181000996508,0.58415180505,0.0,99.951171875,0.048828125,0.0,-0.7650564312934875,-0.6920062899589539,-1.3806984424591064,-0.4160875082015991,-0.47945672273635864,-0.4336766004562378,-0.8652763366699219,-0.26075980067253113,84.375,15.625,0.0,-0.016529381275177002,CDP_NEG,40,53057,30.076217300025746,512,2048,deterministic_evenly_spaced_full_fold,3.630000114440918,5.792295008897781,640,635,99.21875,CDP,1.425508144193831,20,0.99,1.425508144193831
49,COMPLETE,0,42,7411,7628,0b635fc68d95b6725e8cb8631c0afc750a22848a83c6a7d4d0d6c52e71d716ca,dab7ccd15b70d58d5849e1aae253e71366303eb268a524063b3ba4fe47d4f016,36968,48.52557140000863,0.029401779174804688,0.048828125,14269c18e6a56f09985dea654338c0b32f5e417a5600e334e252b0c1bbf8bd28,True,True,True,1,0.5707411583955762,1.6208815876400486,0.8549429164322407,0.03675843902163918,0.6551355336901914,-0.41622175335561523,1.566632799040272,0.7803772094764051,0.5311766019586781,0.6907326208190231,0.9176717357105402,99.31640625,0.68359375,0.0,-0.5607407093048096,-0.5186050534248352,-0.9834554195404053,-0.23748084902763367,-0.545009970664978,-0.5040563344955444,-0.9558660387992859,-0.23081868886947632,87.255859375,12.744140625,0.0,-0.021162517368793488,CDP_NEG,55,49441,48.525164899998344,128,2048,deterministic_evenly_spaced_full_fold,3.606499671936035,3.710594952106476,640,634,99.0625,CDP,1.4832095268464458,20,0.99,1.4832095268464458
49,COMPLETE,1,42,15039,7152,31859ee24a2323f137f4e1bd7bb091f135f0d0c7cc2377d4e74235f7e3443de0,633459e67fe1ae24844bbffd3ed05fe9d35993d6c1089e67f3abb6a8ef32d641,47312,60.58464630000526,0.02904367446899414,0.048828125,14269c18e6a56f09985dea654338c0b32f5e417a5600e334e252b0c1bbf8bd28,True,True,True,1,0.7278659271361556,1.2330838940160058,0.714732470426821,0.03519078578257214,0.5216282419479683,-0.3051389134285859,1.1948161949440288,0.8632625272714363,0.7679268459150131,0.32680341951670416,0.0,99.951171875,0.048828125,0.0,-0.5660032033920288,-0.5193417072296143,-1.021411657333374,-0.31171658635139465,-0.4007483124732971,-0.3677104711532593,-0.723192036151886,-0.2207052856683731,99.31640625,0.68359375,0.0,-0.023525239899754524,CDP_NEG,15,49441,60.58434150001267,128,2048,deterministic_evenly_spaced_full_fold,3.628999710083008,5.125474974513044,640,630,98.4375,CDP,1.598838673557433,20,0.99,1.598838673557433
49,COMPLETE,2,42,22191,7158,253e74b88bf1d5cb90464ade1e9a8dded9e64fe77e1fa6d7dc7b265785fec5f1,640b3d3af9a8eedaeecdab6c360d79d435ac5edf0b9973043bcfd7c57bb9a14a,15000,83.57052760000806,0.029371261596679688,0.048828125,14269c18e6a56f09985dea654338c0b32f5e417a5600e334e252b0c1bbf8bd28,True,True,True,1,0.6695469388341994,1.153609029074741,0.5442274964639008,0.03313220474946074,0.5748103127190913,0.04372407694979339,1.1528606488615802,0.8269184540835459,0.5867501317969789,0.9037394644962974,0.0,99.609375,0.390625,0.0,-0.26586073637008667,-0.2734391391277313,-0.36145326495170593,-0.14377377927303314,-0.16661348938941956,-0.17136284708976746,-0.2265208214521408,-0.09010225534439087,99.8046875,0.1953125,0.0,-0.028075989335775375,CDP_NEG,1,49441,83.56994739995571,128,2048,deterministic_evenly_spaced_full_fold,3.630000114440918,5.792295008897781,640,635,99.21875,CDP,1.425508144193831,20,0.99,1.425508144193831
50,COMPLETE,0,42,7411,7628,0b635fc68d95b6725e8cb8631c0afc750a22848a83c6a7d4d0d6c52e71d716ca,dab7ccd15b70d58d5849e1aae253e71366303eb268a524063b3ba4fe47d4f016,36968,32.423573299951386,0.027039527893066406,0.046875,14269c18e6a56f09985dea654338c0b32f5e417a5600e334e252b0c1bbf8bd28,True,True,True,1,0.56168237698879,1.6378952764205301,0.8934732155448146,0.03714427636246617,0.6620122063381102,-0.5391946990922847,1.5467008863112892,0.7843832181861607,0.5541300077064862,0.5135636323914512,0.2884111169375983,99.4140625,0.5859375,0.0,-0.43490296602249146,-0.38595592975616455,-0.7781005501747131,-0.21503084897994995,-0.4227023720741272,-0.37512850761413574,-0.7562720775604248,-0.20899848639965057,92.7734375,7.2265625,0.0,-0.012104826048016548,CDP_NEG,35,20353,32.42326900002081,128,2048,deterministic_evenly_spaced_full_fold,3.606499671936035,3.710594952106476,640,634,99.0625,CDP,1.4832095268464458,20,0.99,1.4832095268464458
50,COMPLETE,1,42,15039,7152,31859ee24a2323f137f4e1bd7bb091f135f0d0c7cc2377d4e74235f7e3443de0,633459e67fe1ae24844bbffd3ed05fe9d35993d6c1089e67f3abb6a8ef32d641,47312,47.66128649999155,0.026794910430908203,0.046875,14269c18e6a56f09985dea654338c0b32f5e417a5600e334e252b0c1bbf8bd28,True,True,True,1,0.7260050839549186,1.2372926035852956,0.7418864458467045,0.035310897477804463,0.5234086413061564,-0.3335976726922438,1.191555327347956,0.8647556305923977,0.7103142722430424,0.4552254694823397,0.0,100.0,0.0,0.0,-0.3148646950721741,-0.3079971671104431,-0.4663287401199341,-0.1831541657447815,-0.22293424606323242,-0.2180718183517456,-0.33017560839653015,-0.12967899441719055,100.0,0.0,0.0,-0.038877375423908234,CDP_NEG,1,20353,47.660993699973915,128,2048,deterministic_evenly_spaced_full_fold,3.628999710083008,5.125474974513044,640,630,98.4375,CDP,1.598838673557433,20,0.99,1.598838673557433
50,COMPLETE,2,42,22191,7158,253e74b88bf1d5cb90464ade1e9a8dded9e64fe77e1fa6d7dc7b265785fec5f1,640b3d3af9a8eedaeecdab6c360d79d435ac5edf0b9973043bcfd7c57bb9a14a,15000,69.05624300002819,0.027121543884277344,0.046875,14269c18e6a56f09985dea654338c0b32f5e417a5600e334e252b0c1bbf8bd28,True,True,True,1,0.690755721146975,1.1159753290740504,0.6645283731926145,0.03205134683098317,0.5560585187221913,0.1541249668607029,1.1053583682322543,0.8482366933253263,0.8477304549717444,0.47101351748129194,0.0,99.90234375,0.09765625,0.0,-0.6559853553771973,-0.6064528226852417,-1.0843511819839478,-0.3867667317390442,-0.41110244393348694,-0.38006073236465454,-0.6795570254325867,-0.2423846423625946,93.45703125,6.54296875,0.0,-0.020346496254205704,CDP_NEG,20,20353,69.05595979996724,128,2048,deterministic_evenly_spaced_full_fold,3.630000114440918,5.792295008897781,640,635,99.21875,CDP,1.425508144193831,20,0.99,1.425508144193831
51,COMPLETE,0,42,7411,7628,0b635fc68d95b6725e8cb8631c0afc750a22848a83c6a7d4d0d6c52e71d716ca,dab7ccd15b70d58d5849e1aae253e71366303eb268a524063b3ba4fe47d4f016,36968,16.763398199982475,0.029437541961669922,0.052734375,14269c18e6a56f09985dea654338c0b32f5e417a5600e334e252b0c1bbf8bd28,True,True,True,1,0.5305912262440391,1.6949904892951935,0.8406371490130158,0.0384390846426543,0.6850892176651734,-0.3368921825473866,1.6612821019950053,0.7606765247380682,0.447992116042496,0.9664718224884449,0.0,100.0,0.0,0.0,-0.44432348012924194,-0.41818130016326904,-0.7884791493415833,-0.20972347259521484,-0.4318586587905884,-0.4064498543739319,-0.7663595080375671,-0.2038400024175644,90.185546875,9.814453125,0.0,-0.020706254988908768,CDP_NEG,85,51521,16.763107100035995,512,2048,deterministic_evenly_spaced_full_fold,3.606499671936035,3.710594952106476,320,315,98.4375,CDP,1.4832095268464458,20,0.99,1.4832095268464458
51,COMPLETE,1,42,15039,7152,31859ee24a2323f137f4e1bd7bb091f135f0d0c7cc2377d4e74235f7e3443de0,633459e67fe1ae24844bbffd3ed05fe9d35993d6c1089e67f3abb6a8ef32d641,47312,18.217831399990246,0.02907848358154297,0.052734375,14269c18e6a56f09985dea654338c0b32f5e417a5600e334e252b0c1bbf8bd28,True,True,True,1,0.760059948750445,1.157850634841473,0.6988257193541773,0.03304371572498419,0.4898025138611184,-0.30754974464585344,1.1163357438089758,0.8829271102161879,0.8243330094790938,0.1707968708812764,0.013982102908277404,99.951171875,0.048828125,0.0,-0.5069674849510193,-0.4925101399421692,-0.8367422819137573,-0.17015570402145386,-0.3589491844177246,-0.34871289134025574,-0.5924402475357056,-0.1204756647348404,83.544921875,16.40625,0.048828125,-0.023688362911343575,CDP_NEG,20,51521,18.217498099955264,512,2048,deterministic_evenly_spaced_full_fold,3.628999710083008,5.125474974513044,320,315,98.4375,CDP,1.598838673557433,20,0.99,1.598838673557433
51,COMPLETE,2,42,22191,7158,253e74b88bf1d5cb90464ade1e9a8dded9e64fe77e1fa6d7dc7b265785fec5f1,640b3d3af9a8eedaeecdab6c360d79d435ac5edf0b9973043bcfd7c57bb9a14a,15000,32.39812000002712,0.029407024383544922,0.052734375,14269c18e6a56f09985dea654338c0b32f5e417a5600e334e252b0c1bbf8bd28,True,True,True,1,0.6221648389952902,1.23354484335427,0.70282471521774,0.03542799968411762,0.6146400377346142,0.2117722833220398,1.2153154824899561,0.8084471047746538,0.7687325334338693,0.6930636162162027,0.0,99.853515625,0.146484375,0.0,-0.7063504457473755,-0.641922116279602,-1.304769515991211,-0.2918373644351959,-0.44266602396965027,-0.40228912234306335,-0.8176920413970947,-0.18289290368556976,89.794921875,10.205078125,0.0,-0.02836771309375763,CDP_NEG,50,51521,32.39783030003309,512,2048,deterministic_evenly_spaced_full_fold,3.630000114440918,5.792295008897781,320,319,99.6875,CDP,1.425508144193831,20,0.99,1.425508144193831
52,COMPLETE,0,42,7411,7628,0b635fc68d95b6725e8cb8631c0afc750a22848a83c6a7d4d0d6c52e71d716ca,dab7ccd15b70d58d5849e1aae253e71366303eb268a524063b3ba4fe47d4f016,36968,26.157696400012355,0.02407550811767578,0.044921875,14269c18e6a56f09985dea654338c0b32f5e417a5600e334e252b0c1bbf8bd28,True,True,True,1,0.535340606998987,1.6863939080431243,0.8316890264628211,0.038244130914906166,0.6816146110748886,-0.5279410372212393,1.6017300041228557,0.7769471984025544,0.4864156313268131,0.6846999397130983,0.13109596224436287,78.466796875,21.533203125,0.0,-0.086197130382061,-0.10714463889598846,-0.22805717587471008,0.0962778702378273,-0.0837789997458458,-0.10413885116577148,-0.22165937721729279,0.09357693791389465,99.31640625,0.68359375,0.0,-0.0381133034825325,CDP_NEG,35,6977,26.157422699965537,128,2048,deterministic_evenly_spaced_full_fold,3.606499671936035,3.710594952106476,320,315,98.4375,CDP,1.4832095268464458,20,0.99,1.4832095268464458
52,COMPLETE,1,42,15039,7152,31859ee24a2323f137f4e1bd7bb091f135f0d0c7cc2377d4e74235f7e3443de0,633459e67fe1ae24844bbffd3ed05fe9d35993d6c1089e67f3abb6a8ef32d641,47312,54.061880200053565,0.023123741149902344,0.046875,14269c18e6a56f09985dea654338c0b32f5e417a5600e334e252b0c1bbf8bd28,True,True,True,1,0.6974280247608495,1.3002160259332587,0.7750665733129227,0.03710665905355718,0.550026971442493,-0.45976491955992344,1.2162996267114257,0.8584383405495233,0.7019885357024341,0.3517294591637758,0.0,76.318359375,23.681640625,0.0,-0.09878244996070862,-0.11846567690372467,-0.5894049406051636,0.5078073740005493,-0.06994111835956573,-0.08387747406959534,-0.4173175096511841,0.3595438003540039,97.509765625,2.490234375,0.0,-0.04323594644665718,CDP_NEG,50,6977,54.06148770003347,128,2048,deterministic_evenly_spaced_full_fold,3.628999710083008,5.125474974513044,320,315,98.4375,CDP,1.598838673557433,20,0.99,1.598838673557433
52,COMPLETE,2,42,22191,7158,253e74b88bf1d5cb90464ade1e9a8dded9e64fe77e1fa6d7dc7b265785fec5f1,640b3d3af9a8eedaeecdab6c360d79d435ac5edf0b9973043bcfd7c57bb9a14a,15000,52.431994599988684,0.023447513580322266,0.046875,14269c18e6a56f09985dea654338c0b32f5e417a5600e334e252b0c1bbf8bd28,True,True,True,1,0.5436875813843901,1.3556104281507908,0.7234105674991691,0.03893378183943305,0.6754618198122067,0.30301330695721457,1.3214032338695383,0.7584582709043735,0.6462968265142881,1.0391059115223067,0.0,32.71484375,67.28515625,0.0,0.14485782384872437,0.08437342196702957,-0.27611076831817627,0.7424407005310059,0.09078161418437958,0.052876368165016174,-0.17303714156150818,0.46528360247612,98.291015625,1.708984375,0.0,-0.05680728703737259,CDP_NEG,10,6977,52.43170769995777,128,2048,deterministic_evenly_spaced_full_fold,3.630000114440918,5.792295008897781,320,319,99.6875,CDP,1.425508144193831,20,0.99,1.425508144193831
53,COMPLETE,0,42,7411,7628,0b635fc68d95b6725e8cb8631c0afc750a22848a83c6a7d4d0d6c52e71d716ca,dab7ccd15b70d58d5849e1aae253e71366303eb268a524063b3ba4fe47d4f016,36968,36.507245999993756,0.027294635772705078,0.048828125,14269c18e6a56f09985dea654338c0b32f5e417a5600e334e252b0c1bbf8bd28,True,True,True,1,0.510225004256603,1.7313703228267578,0.7991890833682225,0.039264108446172494,0.6997933896651546,-0.5113662664620909,1.654238943212316,0.7746408877081792,0.4319185658860567,0.8299495275171287,0.0,99.853515625,0.146484375,0.0,-0.3581705391407013,-0.3289475440979004,-0.677545428276062,-0.16512803733348846,-0.34812259674072266,-0.31971943378448486,-0.6585379242897034,-0.16049562394618988,99.365234375,0.634765625,0.0,-0.02118021249771118,CDP_NEG,25,33921,36.50695279997308,128,2048,deterministic_evenly_spaced_full_fold,3.606499671936035,3.710594952106476,640,634,99.0625,CDP,1.4832095268464458,20,0.99,1.4832095268464458
53,COMPLETE,1,42,15039,7152,31859ee24a2323f137f4e1bd7bb091f135f0d0c7cc2377d4e74235f7e3443de0,633459e67fe1ae24844bbffd3ed05fe9d35993d6c1089e67f3abb6a8ef32d641,15000,57.08567780000158,0.027050018310546875,0.048828125,14269c18e6a56f09985dea654338c0b32f5e417a5600e334e252b0c1bbf8bd28,True,True,True,1,0.6971520202104928,1.3008089158362572,0.778684385615178,0.03712357944451381,0.5502777801013934,-0.4639669510216079,1.215337412340427,0.8583880143442465,0.7077158196670641,0.33193185739875886,0.0,99.951171875,0.048828125,0.0,-0.3812709450721741,-0.34382009506225586,-0.7723625302314758,-0.07617587596178055,-0.2699519991874695,-0.2434355914592743,-0.5468572974205017,-0.05393495038151741,99.365234375,0.634765625,0.0,-0.044671379029750824,CDP_NEG,10,33921,57.085373600013554,128,2048,deterministic_evenly_spaced_full_fold,3.628999710083008,5.125474974513044,640,630,98.4375,CDP,1.598838673557433,20,0.99,1.598838673557433
53,COMPLETE,2,42,22191,7158,253e74b88bf1d5cb90464ade1e9a8dded9e64fe77e1fa6d7dc7b265785fec5f1,640b3d3af9a8eedaeecdab6c360d79d435ac5edf0b9973043bcfd7c57bb9a14a,47312,117.5258055999875,0.027376651763916016,0.048828125,14269c18e6a56f09985dea654338c0b32f5e417a5600e334e252b0c1bbf8bd28,True,True,True,1,0.741005972772151,1.021288945816874,0.520918313252409,0.029331908478824234,0.5088790079879951,-0.13077006126200957,1.0129529349094344,0.8634135609076852,0.7323682004689599,0.42619918060204176,0.0,99.31640625,0.68359375,0.0,-0.8634452819824219,-0.7120848894119263,-2.1141231060028076,-0.20992472767829895,-0.54111647605896,-0.4462597370147705,-1.3249095678329468,-0.13155870139598846,40.380859375,59.619140625,0.0,0.008039020001888275,CDP_NEG,50,33921,117.52548279997427,128,2048,deterministic_evenly_spaced_full_fold,3.630000114440918,5.792295008897781,640,635,99.21875,CDP,1.425508144193831,20,0.99,1.425508144193831
54,COMPLETE,0,42,7411,7628,0b635fc68d95b6725e8cb8631c0afc750a22848a83c6a7d4d0d6c52e71d716ca,dab7ccd15b70d58d5849e1aae253e71366303eb268a524063b3ba4fe47d4f016,36968,36.253395800013095,0.029170513153076172,0.046875,14269c18e6a56f09985dea654338c0b32f5e417a5600e334e252b0c1bbf8bd28,True,True,True,1,0.5745926562806227,1.6135935740821536,0.8895058853363921,0.03659316106179338,0.6521898301371363,-0.5611706120303361,1.5129678960870718,0.795500302325506,0.567340031640565,0.4603970966349308,2.923439958049292,98.92578125,1.07421875,0.0,-0.35590341687202454,-0.3201727271080017,-0.7384727001190186,-0.13463246822357178,-0.34591910243034363,-0.31119078397750854,-0.7177559733390808,-0.13085554540157318,70.263671875,29.736328125,0.0,-0.0077402000315487385,CDP_NEG,45,35873,36.25282940000761,128,2048,deterministic_evenly_spaced_full_fold,3.606499671936035,3.710594952106476,1280,1275,99.609375,CDP,1.4832095268464458,20,0.99,1.4832095268464458
54,COMPLETE,1,42,15039,7152,31859ee24a2323f137f4e1bd7bb091f135f0d0c7cc2377d4e74235f7e3443de0,633459e67fe1ae24844bbffd3ed05fe9d35993d6c1089e67f3abb6a8ef32d641,15000,48.009790000040084,0.028812408447265625,0.046875,14269c18e6a56f09985dea654338c0b32f5e417a5600e334e252b0c1bbf8bd28,True,True,True,1,0.7020581208458396,1.2902294207183147,0.7925511151211191,0.03682165291040692,0.5458023640604813,-0.470156072203755,1.2016018916618185,0.8648877638188524,0.8172780678534526,0.02740136625237175,0.4614093959731544,99.267578125,0.732421875,0.0,-0.5064690113067627,-0.43958598375320435,-1.0146903991699219,-0.18761581182479858,-0.35859620571136475,-0.31124088168144226,-0.7184332013130188,-0.13283798098564148,98.779296875,1.220703125,0.0,-0.036733292043209076,CDP_NEG,15,35873,48.009506300033536,128,2048,deterministic_evenly_spaced_full_fold,3.628999710083008,5.125474974513044,1280,1269,99.140625,CDP,1.598838673557433,20,0.99,1.598838673557433
54,COMPLETE,2,42,22191,7158,253e74b88bf1d5cb90464ade1e9a8dded9e64fe77e1fa6d7dc7b265785fec5f1,640b3d3af9a8eedaeecdab6c360d79d435ac5edf0b9973043bcfd7c57bb9a14a,47312,68.5960453999578,0.02913951873779297,0.048828125,14269c18e6a56f09985dea654338c0b32f5e417a5600e334e252b0c1bbf8bd28,True,True,True,1,0.6789984055750033,1.136991849960411,0.6641100588440589,0.03265495139334232,0.566530448672883,-0.04560672001131948,1.136156164780394,0.8503096029134545,0.9003960700075545,0.16167928064996664,0.0,98.974609375,1.025390625,0.0,-0.40789616107940674,-0.38967087864875793,-0.7476556301116943,-0.25842753052711487,-0.2556263208389282,-0.24420464038848877,-0.46855175495147705,-0.16195514798164368,99.365234375,0.634765625,0.0,-0.02680973708629608,CDP_NEG,10,35873,68.59576230001403,128,2048,deterministic_evenly_spaced_full_fold,3.630000114440918,5.792295008897781,1280,1259,98.359375,CDP,1.425508144193831,20,0.99,1.425508144193831
