trial_number,state,objective,failure_reason,MAE_mean,NRMSE_mean,R2_mean,R2_median,R2_min,R2_std,RMSE_mean,active_cdp_pcd_min,active_cdp_violation_max,anchor_config_hash,bias_abs_mean,config_hash,config_source,decision,is_anchor,objective_definition,parameter_count,physics_level,promotion_status,training_time_s,config_json
0,COMPLETE,0.6031390338594382,,0.7087055334041207,0.5755814959378824,0.6640767212122299,0.7173576203344496,0.549399567202552,0.08115664683650844,1.3229400681444714,100.0,0.0,7c312d9397f8c3d4121c9eb1373ea2bb2d73e03031536404a51a5d264a7c439c,0.3552106870908254,7c312d9397f8c3d4121c9eb1373ea2bb2d73e03031536404a51a5d264a7c439c,HISTORICAL_ANCHOR_R9_ADAPTED,COMPLETE_ALL_WF_FOLDS,True,predictive_only_robust_score,67841,A,NOT_APPLICABLE_FULL_EVAL,341.955163799983,"{""activation"":""gelu"",""batch_size"":64,""config_source"":""HISTORICAL_ANCHOR_R9_ADAPTED"",""dropout"":0.0,""fourier_dim"":0,""fourier_scale"":0.05,""gradient_clip"":5.0,""hidden_widths"":[192,256,64],""huber_delta"":0.5647676725,""lambda_phys"":2.5735230448,""learning_rate"":0.003711118,""loss_data"":""huber"",""lr_scheduler"":""cosine"",""max_epochs"":300,""name"":""ANCHOR_R9_CDP_NEG_ADAPTED"",""nonnegative_output"":false,""optimizer"":""NAdam"",""parameter_sources"":{""activation"":""HISTORICAL_ANCHOR_R9_ADAPTED"",""batch_size"":""HISTORICAL_ANCHOR_R9_ADAPTED"",""dropout"":""HISTORICAL_ANCHOR_R9_ADAPTED"",""fourier_dim"":""FROZEN_R3_SIMPLIFIED_CAMPAIGN"",""fourier_scale"":""FROZEN_R3_SIMPLIFIED_CAMPAIGN"",""gradient_clip"":""FROZEN_R3_SIMPLIFIED_CAMPAIGN"",""hidden_widths"":""HISTORICAL_ANCHOR_R9_ADAPTED"",""huber_delta"":""HISTORICAL_ANCHOR_R9_ADAPTED"",""lambda_phys"":""HISTORICAL_ANCHOR_R9_ADAPTED"",""learning_rate"":""HISTORICAL_ANCHOR_R9_ADAPTED"",""loss_data"":""HISTORICAL_ANCHOR_R9_ADAPTED"",""lr_scheduler"":""FROZEN_R3_SIMPLIFIED_CAMPAIGN"",""max_epochs"":""FROZEN_R3_SIMPLIFIED_CAMPAIGN"",""nonnegative_output"":""FROZEN_R3_SIMPLIFIED_CAMPAIGN"",""optimizer"":""HISTORICAL_ANCHOR_R9_ADAPTED"",""physics_dropout_mode"":""FROZEN_R3_SIMPLIFIED_CAMPAIGN"",""physics_mode"":""FROZEN_R3_SIMPLIFIED_CAMPAIGN"",""physics_penalty"":""FROZEN_R3_SIMPLIFIED_CAMPAIGN"",""physics_real_fraction"":""FROZEN_R3_SIMPLIFIED_CAMPAIGN"",""physics_warmup_fraction"":""FROZEN_R3_SIMPLIFIED_CAMPAIGN"",""synthetic_base_rows"":""HISTORICAL_ANCHOR_R9_ADAPTED"",""synthetic_batch_size"":""FROZEN_R3_SIMPLIFIED_CAMPAIGN"",""synthetic_levels"":""FROZEN_R3_SIMPLIFIED_CAMPAIGN"",""synthetic_local_span_std"":""FROZEN_R3_SIMPLIFIED_CAMPAIGN"",""target_transform"":""HISTORICAL_ANCHOR_R9_ADAPTED"",""tau_softplus"":""FROZEN_R3_SIMPLIFIED_CAMPAIGN"",""weight_decay"":""HISTORICAL_ANCHOR_R9_ADAPTED""},""physics_dropout_mode"":""data_only_dropout"",""physics_mode"":""CDP_NEG"",""physics_penalty"":""softplus"",""physics_real_fraction"":0.25,""physics_warmup_fraction"":0.1,""synthetic_base_rows"":64,""synthetic_batch_size"":256,""synthetic_levels"":5,""synthetic_local_span_std"":0.5,""target_transform"":""log1p"",""tau_softplus"":0.05,""weight_decay"":9.832376e-05}"
1,COMPLETE,0.5673646251156652,,0.708486979004784,0.6043533756064507,0.630400727050946,0.6793838697126668,0.5145555607040956,0.08223944925686767,1.3868596904984365,99.609375,0.390625,5ff1525f5d8b263015755258e55e29da1520941bd64347304f6a8d20b850d22f,0.29836626640121505,5ff1525f5d8b263015755258e55e29da1520941bd64347304f6a8d20b850d22f,EXECUTED_INTERP_R4_CHAMPION_ADAPTED,COMPLETE_ALL_WF_FOLDS,True,predictive_only_robust_score,38593,A,NOT_APPLICABLE_FULL_EVAL,110.73735349992057,"{""activation"":""gelu"",""batch_size"":256,""config_source"":""EXECUTED_INTERP_R4_CHAMPION_ADAPTED"",""dropout"":0.08,""fourier_dim"":0,""fourier_scale"":0.05,""gradient_clip"":5.0,""hidden_widths"":[128,128,160],""huber_delta"":1.238997,""lambda_phys"":0.413369,""learning_rate"":0.000964869,""loss_data"":""huber"",""lr_scheduler"":""cosine"",""max_epochs"":300,""name"":""ANCHOR_CO_INTERP_R4_TRANSFER"",""nonnegative_output"":false,""optimizer"":""NAdam"",""parameter_sources"":{""activation"":""EXECUTED_INTERP_R4_CHAMPION_ADAPTED"",""batch_size"":""EXECUTED_INTERP_R4_CHAMPION_ADAPTED"",""dropout"":""EXECUTED_INTERP_R4_CHAMPION_ADAPTED"",""fourier_dim"":""FROZEN_R3_SIMPLIFIED_CAMPAIGN"",""fourier_scale"":""FROZEN_R3_SIMPLIFIED_CAMPAIGN"",""gradient_clip"":""FROZEN_R3_SIMPLIFIED_CAMPAIGN"",""hidden_widths"":""EXECUTED_INTERP_R4_CHAMPION_ADAPTED"",""huber_delta"":""EXECUTED_INTERP_R4_CHAMPION_ADAPTED"",""lambda_phys"":""EXECUTED_INTERP_R4_CHAMPION_ADAPTED"",""learning_rate"":""EXECUTED_INTERP_R4_CHAMPION_ADAPTED"",""loss_data"":""EXECUTED_INTERP_R4_CHAMPION_ADAPTED"",""lr_scheduler"":""FROZEN_R3_SIMPLIFIED_CAMPAIGN"",""max_epochs"":""FROZEN_R3_SIMPLIFIED_CAMPAIGN"",""nonnegative_output"":""FROZEN_R3_SIMPLIFIED_CAMPAIGN"",""optimizer"":""EXECUTED_INTERP_R4_CHAMPION_ADAPTED"",""physics_dropout_mode"":""FROZEN_R3_SIMPLIFIED_CAMPAIGN"",""physics_mode"":""FROZEN_R3_SIMPLIFIED_CAMPAIGN"",""physics_penalty"":""FROZEN_R3_SIMPLIFIED_CAMPAIGN"",""physics_real_fraction"":""FROZEN_R3_SIMPLIFIED_CAMPAIGN"",""physics_warmup_fraction"":""FROZEN_R3_SIMPLIFIED_CAMPAIGN"",""synthetic_base_rows"":""EXECUTED_INTERP_R4_CHAMPION_ADAPTED"",""synthetic_batch_size"":""FROZEN_R3_SIMPLIFIED_CAMPAIGN"",""synthetic_levels"":""FROZEN_R3_SIMPLIFIED_CAMPAIGN"",""synthetic_local_span_std"":""FROZEN_R3_SIMPLIFIED_CAMPAIGN"",""target_transform"":""EXECUTED_INTERP_R4_CHAMPION_ADAPTED"",""tau_softplus"":""FROZEN_R3_SIMPLIFIED_CAMPAIGN"",""weight_decay"":""EXECUTED_INTERP_R4_CHAMPION_ADAPTED""},""physics_dropout_mode"":""data_only_dropout"",""physics_mode"":""CDP_NEG"",""physics_penalty"":""softplus"",""physics_real_fraction"":0.25,""physics_warmup_fraction"":0.1,""synthetic_base_rows"":64,""synthetic_batch_size"":256,""synthetic_levels"":5,""synthetic_local_span_std"":0.5,""target_transform"":""log1p"",""tau_softplus"":0.05,""weight_decay"":6.146e-07}"
2,COMPLETE,0.5109579744816338,,0.7749458483617047,0.6406865180329515,0.5847283097326404,0.6081025865356875,0.4650432089645249,0.08971557831051385,1.4669078554346058,99.951171875,0.048828125,9522318636f11548cbd8539c794d52689aea520b60e10a1ea73cf8de31b611d0,0.4419231381115119,9522318636f11548cbd8539c794d52689aea520b60e10a1ea73cf8de31b611d0,MANUAL_COMPACT_ANCHOR,COMPLETE_ALL_WF_FOLDS,True,predictive_only_robust_score,4865,A,NOT_APPLICABLE_FULL_EVAL,57.008302300062496,"{""activation"":""tanh"",""batch_size"":512,""config_source"":""MANUAL_COMPACT_ANCHOR"",""dropout"":0.03,""fourier_dim"":0,""fourier_scale"":0.05,""gradient_clip"":5.0,""hidden_widths"":[64,64],""huber_delta"":1.0,""lambda_phys"":0.5,""learning_rate"":0.001,""loss_data"":""mse"",""lr_scheduler"":""cosine"",""max_epochs"":300,""name"":""ANCHOR_CDP_TANH_COMPACT"",""nonnegative_output"":false,""optimizer"":""NAdam"",""parameter_sources"":{""activation"":""MANUAL_COMPACT_ANCHOR"",""fourier_dim"":""FROZEN_R3_SIMPLIFIED_CAMPAIGN"",""fourier_scale"":""FROZEN_R3_SIMPLIFIED_CAMPAIGN"",""gradient_clip"":""FROZEN_R3_SIMPLIFIED_CAMPAIGN"",""hidden_widths"":""MANUAL_COMPACT_ANCHOR"",""lr_scheduler"":""FROZEN_R3_SIMPLIFIED_CAMPAIGN"",""max_epochs"":""FROZEN_R3_SIMPLIFIED_CAMPAIGN"",""nonnegative_output"":""FROZEN_R3_SIMPLIFIED_CAMPAIGN"",""physics_dropout_mode"":""FROZEN_R3_SIMPLIFIED_CAMPAIGN"",""physics_mode"":""FROZEN_R3_SIMPLIFIED_CAMPAIGN"",""physics_penalty"":""FROZEN_R3_SIMPLIFIED_CAMPAIGN"",""physics_real_fraction"":""FROZEN_R3_SIMPLIFIED_CAMPAIGN"",""physics_warmup_fraction"":""FROZEN_R3_SIMPLIFIED_CAMPAIGN"",""synthetic_batch_size"":""FROZEN_R3_SIMPLIFIED_CAMPAIGN"",""synthetic_levels"":""FROZEN_R3_SIMPLIFIED_CAMPAIGN"",""synthetic_local_span_std"":""FROZEN_R3_SIMPLIFIED_CAMPAIGN"",""tau_softplus"":""FROZEN_R3_SIMPLIFIED_CAMPAIGN""},""physics_dropout_mode"":""data_only_dropout"",""physics_mode"":""CDP_NEG"",""physics_penalty"":""softplus"",""physics_real_fraction"":0.25,""physics_warmup_fraction"":0.1,""synthetic_base_rows"":128,""synthetic_batch_size"":256,""synthetic_levels"":5,""synthetic_local_span_std"":0.5,""target_transform"":""log1p"",""tau_softplus"":0.05,""weight_decay"":0.0}"
3,COMPLETE,0.5178210793598126,,0.7887798986590004,0.632247387579648,0.5946829303248026,0.641979437280642,0.45914590686831247,0.09728588977847802,1.450398297236279,100.0,0.0,80644fcfadfff762bc7f4f37bb7e15b4a6bca2fa4db38502e1e7cae25113a95b,0.42814048230272234,80644fcfadfff762bc7f4f37bb7e15b4a6bca2fa4db38502e1e7cae25113a95b,MANUAL_COMPACT_ANCHOR,COMPLETE_ALL_WF_FOLDS,True,predictive_only_robust_score,10369,A,NOT_APPLICABLE_FULL_EVAL,39.67334239993943,"{""activation"":""silu"",""batch_size"":512,""config_source"":""MANUAL_COMPACT_ANCHOR"",""dropout"":0.03,""fourier_dim"":0,""fourier_scale"":0.05,""gradient_clip"":5.0,""hidden_widths"":[96,96],""huber_delta"":1.0,""lambda_phys"":0.5,""learning_rate"":0.001,""loss_data"":""mse"",""lr_scheduler"":""cosine"",""max_epochs"":300,""name"":""ANCHOR_CDP_SILU_COMPACT"",""nonnegative_output"":false,""optimizer"":""NAdam"",""parameter_sources"":{""activation"":""MANUAL_COMPACT_ANCHOR"",""fourier_dim"":""FROZEN_R3_SIMPLIFIED_CAMPAIGN"",""fourier_scale"":""FROZEN_R3_SIMPLIFIED_CAMPAIGN"",""gradient_clip"":""FROZEN_R3_SIMPLIFIED_CAMPAIGN"",""hidden_widths"":""MANUAL_COMPACT_ANCHOR"",""lr_scheduler"":""FROZEN_R3_SIMPLIFIED_CAMPAIGN"",""max_epochs"":""FROZEN_R3_SIMPLIFIED_CAMPAIGN"",""nonnegative_output"":""FROZEN_R3_SIMPLIFIED_CAMPAIGN"",""physics_dropout_mode"":""FROZEN_R3_SIMPLIFIED_CAMPAIGN"",""physics_mode"":""FROZEN_R3_SIMPLIFIED_CAMPAIGN"",""physics_penalty"":""FROZEN_R3_SIMPLIFIED_CAMPAIGN"",""physics_real_fraction"":""FROZEN_R3_SIMPLIFIED_CAMPAIGN"",""physics_warmup_fraction"":""FROZEN_R3_SIMPLIFIED_CAMPAIGN"",""synthetic_batch_size"":""FROZEN_R3_SIMPLIFIED_CAMPAIGN"",""synthetic_levels"":""FROZEN_R3_SIMPLIFIED_CAMPAIGN"",""synthetic_local_span_std"":""FROZEN_R3_SIMPLIFIED_CAMPAIGN"",""tau_softplus"":""FROZEN_R3_SIMPLIFIED_CAMPAIGN""},""physics_dropout_mode"":""data_only_dropout"",""physics_mode"":""CDP_NEG"",""physics_penalty"":""softplus"",""physics_real_fraction"":0.25,""physics_warmup_fraction"":0.1,""synthetic_base_rows"":128,""synthetic_batch_size"":256,""synthetic_levels"":5,""synthetic_local_span_std"":0.5,""target_transform"":""log1p"",""tau_softplus"":0.05,""weight_decay"":0.0}"
4,COMPLETE,0.6186256012953676,,0.7152431595978416,0.5712589639622291,0.6703688899134561,0.7098730890982372,0.5755981854021412,0.06732125666733994,1.3102476489166595,95.3125,4.6875,,0.26061243867359407,265f77544947b65a6bb7269cc3555925a1e7017ebf3e83cf7f8818eb547ac4b1,OPTUNA_FOCUSED_R3,COMPLETE_ALL_WF_FOLDS,False,predictive_only_robust_score,13249,B,NOT_APPLICABLE_FULL_EVAL,185.64883190003457,"{""activation"":""gelu"",""batch_size"":128,""config_source"":""OPTUNA_FOCUSED_R3"",""dropout"":0.03,""fourier_dim"":0,""fourier_scale"":0.05,""gradient_clip"":5.0,""hidden_widths"":[64,64,128],""huber_delta"":1.0,""lambda_phys"":0.39091028599539407,""learning_rate"":0.003802441747149292,""loss_data"":""mse"",""lr_scheduler"":""cosine"",""max_epochs"":300,""name"":""TRIAL_0004_CDP_NEG"",""nonnegative_output"":false,""optimizer"":""AdamW"",""parameter_sources"":{""activation"":""OPTUNA"",""batch_size"":""OPTUNA"",""dropout"":""OPTUNA"",""fourier_dim"":""FROZEN_R3_SIMPLIFIED_CAMPAIGN"",""fourier_scale"":""FROZEN_R3_SIMPLIFIED_CAMPAIGN"",""gradient_clip"":""FROZEN_R3_SIMPLIFIED_CAMPAIGN"",""hidden_widths"":""OPTUNA"",""huber_delta"":""OPTUNA"",""lambda_phys"":""OPTUNA"",""learning_rate"":""OPTUNA"",""loss_data"":""OPTUNA"",""lr_scheduler"":""FROZEN_R3_SIMPLIFIED_CAMPAIGN"",""max_epochs"":""FROZEN_R3_SIMPLIFIED_CAMPAIGN"",""nonnegative_output"":""FROZEN_R3_SIMPLIFIED_CAMPAIGN"",""optimizer"":""OPTUNA"",""physics_dropout_mode"":""FROZEN_R3_SIMPLIFIED_CAMPAIGN"",""physics_mode"":""FROZEN_R3_SIMPLIFIED_CAMPAIGN"",""physics_penalty"":""FROZEN_R3_SIMPLIFIED_CAMPAIGN"",""physics_real_fraction"":""FROZEN_R3_SIMPLIFIED_CAMPAIGN"",""physics_warmup_fraction"":""FROZEN_R3_SIMPLIFIED_CAMPAIGN"",""synthetic_base_rows"":""OPTUNA"",""synthetic_batch_size"":""FROZEN_R3_SIMPLIFIED_CAMPAIGN"",""synthetic_levels"":""FROZEN_R3_SIMPLIFIED_CAMPAIGN"",""synthetic_local_span_std"":""FROZEN_R3_SIMPLIFIED_CAMPAIGN"",""target_transform"":""OPTUNA"",""tau_softplus"":""FROZEN_R3_SIMPLIFIED_CAMPAIGN"",""weight_decay"":""OPTUNA""},""physics_dropout_mode"":""data_only_dropout"",""physics_mode"":""CDP_NEG"",""physics_penalty"":""softplus"",""physics_real_fraction"":0.25,""physics_warmup_fraction"":0.1,""synthetic_base_rows"":128,""synthetic_batch_size"":256,""synthetic_levels"":5,""synthetic_local_span_std"":0.5,""target_transform"":""original"",""tau_softplus"":0.05,""weight_decay"":0.0}"
5,COMPLETE,0.5373336220774007,,0.745302668469908,0.6203131978515447,0.6102313276625394,0.6336049098903596,0.49182939491405775,0.0886862060439584,1.4205301424828745,100.0,0.0,,0.3971052116366965,d392bc777a22acb5aac213c399c8239d03c84242e26ff8671a9c91fbb5ec4936,OPTUNA_FOCUSED_R3,COMPLETE_ALL_WF_FOLDS,False,predictive_only_robust_score,9089,A,NOT_APPLICABLE_FULL_EVAL,87.87929669994628,"{""activation"":""silu"",""batch_size"":256,""config_source"":""OPTUNA_FOCUSED_R3"",""dropout"":0.03,""fourier_dim"":0,""fourier_scale"":0.05,""gradient_clip"":5.0,""hidden_widths"":[64,128],""huber_delta"":0.3458550494949655,""lambda_phys"":3.90719596200911,""learning_rate"":0.0025623202736705024,""loss_data"":""huber"",""lr_scheduler"":""cosine"",""max_epochs"":300,""name"":""TRIAL_0005_CDP_NEG"",""nonnegative_output"":false,""optimizer"":""AdamW"",""parameter_sources"":{""activation"":""OPTUNA"",""batch_size"":""OPTUNA"",""dropout"":""OPTUNA"",""fourier_dim"":""FROZEN_R3_SIMPLIFIED_CAMPAIGN"",""fourier_scale"":""FROZEN_R3_SIMPLIFIED_CAMPAIGN"",""gradient_clip"":""FROZEN_R3_SIMPLIFIED_CAMPAIGN"",""hidden_widths"":""OPTUNA"",""huber_delta"":""OPTUNA"",""lambda_phys"":""OPTUNA"",""learning_rate"":""OPTUNA"",""loss_data"":""OPTUNA"",""lr_scheduler"":""FROZEN_R3_SIMPLIFIED_CAMPAIGN"",""max_epochs"":""FROZEN_R3_SIMPLIFIED_CAMPAIGN"",""nonnegative_output"":""FROZEN_R3_SIMPLIFIED_CAMPAIGN"",""optimizer"":""OPTUNA"",""physics_dropout_mode"":""FROZEN_R3_SIMPLIFIED_CAMPAIGN"",""physics_mode"":""FROZEN_R3_SIMPLIFIED_CAMPAIGN"",""physics_penalty"":""FROZEN_R3_SIMPLIFIED_CAMPAIGN"",""physics_real_fraction"":""FROZEN_R3_SIMPLIFIED_CAMPAIGN"",""physics_warmup_fraction"":""FROZEN_R3_SIMPLIFIED_CAMPAIGN"",""synthetic_base_rows"":""OPTUNA"",""synthetic_batch_size"":""FROZEN_R3_SIMPLIFIED_CAMPAIGN"",""synthetic_levels"":""FROZEN_R3_SIMPLIFIED_CAMPAIGN"",""synthetic_local_span_std"":""FROZEN_R3_SIMPLIFIED_CAMPAIGN"",""target_transform"":""OPTUNA"",""tau_softplus"":""FROZEN_R3_SIMPLIFIED_CAMPAIGN"",""weight_decay"":""OPTUNA""},""physics_dropout_mode"":""data_only_dropout"",""physics_mode"":""CDP_NEG"",""physics_penalty"":""softplus"",""physics_real_fraction"":0.25,""physics_warmup_fraction"":0.1,""synthetic_base_rows"":64,""synthetic_batch_size"":256,""synthetic_levels"":5,""synthetic_local_span_std"":0.5,""target_transform"":""original"",""tau_softplus"":0.05,""weight_decay"":1.9058162108187204e-06}"
6,COMPLETE,0.5654858987504973,,0.7476435674949916,0.6071369186365518,0.6273642747770739,0.6684996655586644,0.5168333087380015,0.0790041363761029,1.3922456148002682,84.912109375,15.087890625,,0.3794694810822789,265f51a8d41275670e2aa170d485a33bbaa8281016a03f40df502c269f336b84,OPTUNA_FOCUSED_R3,COMPLETE_ALL_WF_FOLDS,False,predictive_only_robust_score,23329,C,NOT_APPLICABLE_FULL_EVAL,146.28448890004074,"{""activation"":""gelu"",""batch_size"":256,""config_source"":""OPTUNA_FOCUSED_R3"",""dropout"":0.03,""fourier_dim"":0,""fourier_scale"":0.05,""gradient_clip"":5.0,""hidden_widths"":[160,96,64],""huber_delta"":0.5664050090101975,""lambda_phys"":0.007863285750819436,""learning_rate"":0.0006149834406355662,""loss_data"":""huber"",""lr_scheduler"":""cosine"",""max_epochs"":300,""name"":""TRIAL_0006_CDP_NEG"",""nonnegative_output"":false,""optimizer"":""AdamW"",""parameter_sources"":{""activation"":""OPTUNA"",""batch_size"":""OPTUNA"",""dropout"":""OPTUNA"",""fourier_dim"":""FROZEN_R3_SIMPLIFIED_CAMPAIGN"",""fourier_scale"":""FROZEN_R3_SIMPLIFIED_CAMPAIGN"",""gradient_clip"":""FROZEN_R3_SIMPLIFIED_CAMPAIGN"",""hidden_widths"":""OPTUNA"",""huber_delta"":""OPTUNA"",""lambda_phys"":""OPTUNA"",""learning_rate"":""OPTUNA"",""loss_data"":""OPTUNA"",""lr_scheduler"":""FROZEN_R3_SIMPLIFIED_CAMPAIGN"",""max_epochs"":""FROZEN_R3_SIMPLIFIED_CAMPAIGN"",""nonnegative_output"":""FROZEN_R3_SIMPLIFIED_CAMPAIGN"",""optimizer"":""OPTUNA"",""physics_dropout_mode"":""FROZEN_R3_SIMPLIFIED_CAMPAIGN"",""physics_mode"":""FROZEN_R3_SIMPLIFIED_CAMPAIGN"",""physics_penalty"":""FROZEN_R3_SIMPLIFIED_CAMPAIGN"",""physics_real_fraction"":""FROZEN_R3_SIMPLIFIED_CAMPAIGN"",""physics_warmup_fraction"":""FROZEN_R3_SIMPLIFIED_CAMPAIGN"",""synthetic_base_rows"":""OPTUNA"",""synthetic_batch_size"":""FROZEN_R3_SIMPLIFIED_CAMPAIGN"",""synthetic_levels"":""FROZEN_R3_SIMPLIFIED_CAMPAIGN"",""synthetic_local_span_std"":""FROZEN_R3_SIMPLIFIED_CAMPAIGN"",""target_transform"":""OPTUNA"",""tau_softplus"":""FROZEN_R3_SIMPLIFIED_CAMPAIGN"",""weight_decay"":""OPTUNA""},""physics_dropout_mode"":""data_only_dropout"",""physics_mode"":""CDP_NEG"",""physics_penalty"":""softplus"",""physics_real_fraction"":0.25,""physics_warmup_fraction"":0.1,""synthetic_base_rows"":64,""synthetic_batch_size"":256,""synthetic_levels"":5,""synthetic_local_span_std"":0.5,""target_transform"":""log1p"",""tau_softplus"":0.05,""weight_decay"":0.0}"
7,COMPLETE,0.5802298143409164,,0.7347559720816097,0.5984100586370252,0.638477357672684,0.6521191598622342,0.546303078077546,0.07035516231549896,1.3691530340091271,98.828125,1.171875,,0.3761523898223455,c62af9e012df44b9dc367e89dbc0a49255b1ed43067b0984126fd9e313e0a3d8,OPTUNA_FOCUSED_R3,COMPLETE_ALL_WF_FOLDS,False,predictive_only_robust_score,22465,B,NOT_APPLICABLE_FULL_EVAL,61.71004790003644,"{""activation"":""gelu"",""batch_size"":512,""config_source"":""OPTUNA_FOCUSED_R3"",""dropout"":0.0,""fourier_dim"":0,""fourier_scale"":0.05,""gradient_clip"":5.0,""hidden_widths"":[160,64,160],""huber_delta"":0.3618330368745162,""lambda_phys"":0.011614756024017646,""learning_rate"":0.0027944691381335167,""loss_data"":""huber"",""lr_scheduler"":""cosine"",""max_epochs"":300,""name"":""TRIAL_0007_CDP_NEG"",""nonnegative_output"":false,""optimizer"":""AdamW"",""parameter_sources"":{""activation"":""OPTUNA"",""batch_size"":""OPTUNA"",""dropout"":""OPTUNA"",""fourier_dim"":""FROZEN_R3_SIMPLIFIED_CAMPAIGN"",""fourier_scale"":""FROZEN_R3_SIMPLIFIED_CAMPAIGN"",""gradient_clip"":""FROZEN_R3_SIMPLIFIED_CAMPAIGN"",""hidden_widths"":""OPTUNA"",""huber_delta"":""OPTUNA"",""lambda_phys"":""OPTUNA"",""learning_rate"":""OPTUNA"",""loss_data"":""OPTUNA"",""lr_scheduler"":""FROZEN_R3_SIMPLIFIED_CAMPAIGN"",""max_epochs"":""FROZEN_R3_SIMPLIFIED_CAMPAIGN"",""nonnegative_output"":""FROZEN_R3_SIMPLIFIED_CAMPAIGN"",""optimizer"":""OPTUNA"",""physics_dropout_mode"":""FROZEN_R3_SIMPLIFIED_CAMPAIGN"",""physics_mode"":""FROZEN_R3_SIMPLIFIED_CAMPAIGN"",""physics_penalty"":""FROZEN_R3_SIMPLIFIED_CAMPAIGN"",""physics_real_fraction"":""FROZEN_R3_SIMPLIFIED_CAMPAIGN"",""physics_warmup_fraction"":""FROZEN_R3_SIMPLIFIED_CAMPAIGN"",""synthetic_base_rows"":""OPTUNA"",""synthetic_batch_size"":""FROZEN_R3_SIMPLIFIED_CAMPAIGN"",""synthetic_levels"":""FROZEN_R3_SIMPLIFIED_CAMPAIGN"",""synthetic_local_span_std"":""FROZEN_R3_SIMPLIFIED_CAMPAIGN"",""target_transform"":""OPTUNA"",""tau_softplus"":""FROZEN_R3_SIMPLIFIED_CAMPAIGN"",""weight_decay"":""OPTUNA""},""physics_dropout_mode"":""data_only_dropout"",""physics_mode"":""CDP_NEG"",""physics_penalty"":""softplus"",""physics_real_fraction"":0.25,""physics_warmup_fraction"":0.1,""synthetic_base_rows"":128,""synthetic_batch_size"":256,""synthetic_levels"":5,""synthetic_local_span_std"":0.5,""target_transform"":""original"",""tau_softplus"":0.05,""weight_decay"":0.0}"
8,COMPLETE,0.5129873773034215,,0.7509581400673384,0.6570629873293014,0.5658891443503365,0.5772707371899567,0.48266465461937935,0.06381551060226759,1.5022996766955339,97.55859375,2.44140625,,0.39533650093987677,c1e26e9e06253df219526010ae42815dbeea973e4252358063c579cfec341603,OPTUNA_FOCUSED_R3,COMPLETE_ALL_WF_FOLDS,False,predictive_only_robust_score,9601,B,NOT_APPLICABLE_FULL_EVAL,40.770082199946046,"{""activation"":""tanh"",""batch_size"":512,""config_source"":""OPTUNA_FOCUSED_R3"",""dropout"":0.15,""fourier_dim"":0,""fourier_scale"":0.05,""gradient_clip"":5.0,""hidden_widths"":[128,64],""huber_delta"":0.35357490247914436,""lambda_phys"":0.018637009735775135,""learning_rate"":0.005450144741754006,""loss_data"":""huber"",""lr_scheduler"":""cosine"",""max_epochs"":300,""name"":""TRIAL_0008_CDP_NEG"",""nonnegative_output"":false,""optimizer"":""NAdam"",""parameter_sources"":{""activation"":""OPTUNA"",""batch_size"":""OPTUNA"",""dropout"":""OPTUNA"",""fourier_dim"":""FROZEN_R3_SIMPLIFIED_CAMPAIGN"",""fourier_scale"":""FROZEN_R3_SIMPLIFIED_CAMPAIGN"",""gradient_clip"":""FROZEN_R3_SIMPLIFIED_CAMPAIGN"",""hidden_widths"":""OPTUNA"",""huber_delta"":""OPTUNA"",""lambda_phys"":""OPTUNA"",""learning_rate"":""OPTUNA"",""loss_data"":""OPTUNA"",""lr_scheduler"":""FROZEN_R3_SIMPLIFIED_CAMPAIGN"",""max_epochs"":""FROZEN_R3_SIMPLIFIED_CAMPAIGN"",""nonnegative_output"":""FROZEN_R3_SIMPLIFIED_CAMPAIGN"",""optimizer"":""OPTUNA"",""physics_dropout_mode"":""FROZEN_R3_SIMPLIFIED_CAMPAIGN"",""physics_mode"":""FROZEN_R3_SIMPLIFIED_CAMPAIGN"",""physics_penalty"":""FROZEN_R3_SIMPLIFIED_CAMPAIGN"",""physics_real_fraction"":""FROZEN_R3_SIMPLIFIED_CAMPAIGN"",""physics_warmup_fraction"":""FROZEN_R3_SIMPLIFIED_CAMPAIGN"",""synthetic_base_rows"":""OPTUNA"",""synthetic_batch_size"":""FROZEN_R3_SIMPLIFIED_CAMPAIGN"",""synthetic_levels"":""FROZEN_R3_SIMPLIFIED_CAMPAIGN"",""synthetic_local_span_std"":""FROZEN_R3_SIMPLIFIED_CAMPAIGN"",""target_transform"":""OPTUNA"",""tau_softplus"":""FROZEN_R3_SIMPLIFIED_CAMPAIGN"",""weight_decay"":""OPTUNA""},""physics_dropout_mode"":""data_only_dropout"",""physics_mode"":""CDP_NEG"",""physics_penalty"":""softplus"",""physics_real_fraction"":0.25,""physics_warmup_fraction"":0.1,""synthetic_base_rows"":128,""synthetic_batch_size"":256,""synthetic_levels"":5,""synthetic_local_span_std"":0.5,""target_transform"":""log1p"",""tau_softplus"":0.05,""weight_decay"":2.1122072677893967e-06}"
9,COMPLETE,0.5261137467117654,,0.7795973841261977,0.6348149355758576,0.5929468802866594,0.591885949930014,0.4954316979912369,0.08005745090646742,1.4507282413481575,100.0,0.0,,0.45920692673016417,cdb4874d4c5430c095ab9d2d6b5bb2d05e3f9d46a9b460ae863f6085e15acfe4,OPTUNA_FOCUSED_R3,COMPLETE_ALL_WF_FOLDS,False,predictive_only_robust_score,14337,A,NOT_APPLICABLE_FULL_EVAL,61.25871919997735,"{""activation"":""gelu"",""batch_size"":256,""config_source"":""OPTUNA_FOCUSED_R3"",""dropout"":0.03,""fourier_dim"":0,""fourier_scale"":0.05,""gradient_clip"":5.0,""hidden_widths"":[192,64],""huber_delta"":1.1752755775640897,""lambda_phys"":1.8024906847395188,""learning_rate"":0.00031491718167958447,""loss_data"":""huber"",""lr_scheduler"":""cosine"",""max_epochs"":300,""name"":""TRIAL_0009_CDP_NEG"",""nonnegative_output"":false,""optimizer"":""AdamW"",""parameter_sources"":{""activation"":""OPTUNA"",""batch_size"":""OPTUNA"",""dropout"":""OPTUNA"",""fourier_dim"":""FROZEN_R3_SIMPLIFIED_CAMPAIGN"",""fourier_scale"":""FROZEN_R3_SIMPLIFIED_CAMPAIGN"",""gradient_clip"":""FROZEN_R3_SIMPLIFIED_CAMPAIGN"",""hidden_widths"":""OPTUNA"",""huber_delta"":""OPTUNA"",""lambda_phys"":""OPTUNA"",""learning_rate"":""OPTUNA"",""loss_data"":""OPTUNA"",""lr_scheduler"":""FROZEN_R3_SIMPLIFIED_CAMPAIGN"",""max_epochs"":""FROZEN_R3_SIMPLIFIED_CAMPAIGN"",""nonnegative_output"":""FROZEN_R3_SIMPLIFIED_CAMPAIGN"",""optimizer"":""OPTUNA"",""physics_dropout_mode"":""FROZEN_R3_SIMPLIFIED_CAMPAIGN"",""physics_mode"":""FROZEN_R3_SIMPLIFIED_CAMPAIGN"",""physics_penalty"":""FROZEN_R3_SIMPLIFIED_CAMPAIGN"",""physics_real_fraction"":""FROZEN_R3_SIMPLIFIED_CAMPAIGN"",""physics_warmup_fraction"":""FROZEN_R3_SIMPLIFIED_CAMPAIGN"",""synthetic_base_rows"":""OPTUNA"",""synthetic_batch_size"":""FROZEN_R3_SIMPLIFIED_CAMPAIGN"",""synthetic_levels"":""FROZEN_R3_SIMPLIFIED_CAMPAIGN"",""synthetic_local_span_std"":""FROZEN_R3_SIMPLIFIED_CAMPAIGN"",""target_transform"":""OPTUNA"",""tau_softplus"":""FROZEN_R3_SIMPLIFIED_CAMPAIGN"",""weight_decay"":""OPTUNA""},""physics_dropout_mode"":""data_only_dropout"",""physics_mode"":""CDP_NEG"",""physics_penalty"":""softplus"",""physics_real_fraction"":0.25,""physics_warmup_fraction"":0.1,""synthetic_base_rows"":64,""synthetic_batch_size"":256,""synthetic_levels"":5,""synthetic_local_span_std"":0.5,""target_transform"":""original"",""tau_softplus"":0.05,""weight_decay"":0.0}"
10,COMPLETE,0.5603678614929299,,0.7920908236826413,0.6120760146074179,0.6217291950627603,0.6328514434917996,0.526210791830712,0.07386966159313064,1.4000828337479032,98.73046875,1.26953125,,0.412088408518629,adcec0c05a4f731da0d12ddd16c72e93944bd2a707a24bef1d730ee3ee30b199,OPTUNA_FOCUSED_R3,COMPLETE_ALL_WF_FOLDS,False,predictive_only_robust_score,44129,B,NOT_APPLICABLE_FULL_EVAL,214.79901810002048,"{""activation"":""gelu"",""batch_size"":128,""config_source"":""OPTUNA_FOCUSED_R3"",""dropout"":0.0,""fourier_dim"":0,""fourier_scale"":0.05,""gradient_clip"":5.0,""hidden_widths"":[64,160,128,96],""huber_delta"":1.0,""lambda_phys"":1.710296572875459,""learning_rate"":0.0056025239911064945,""loss_data"":""mse"",""lr_scheduler"":""cosine"",""max_epochs"":300,""name"":""TRIAL_0010_CDP_NEG"",""nonnegative_output"":false,""optimizer"":""AdamW"",""parameter_sources"":{""activation"":""OPTUNA"",""batch_size"":""OPTUNA"",""dropout"":""OPTUNA"",""fourier_dim"":""FROZEN_R3_SIMPLIFIED_CAMPAIGN"",""fourier_scale"":""FROZEN_R3_SIMPLIFIED_CAMPAIGN"",""gradient_clip"":""FROZEN_R3_SIMPLIFIED_CAMPAIGN"",""hidden_widths"":""OPTUNA"",""huber_delta"":""OPTUNA"",""lambda_phys"":""OPTUNA"",""learning_rate"":""OPTUNA"",""loss_data"":""OPTUNA"",""lr_scheduler"":""FROZEN_R3_SIMPLIFIED_CAMPAIGN"",""max_epochs"":""FROZEN_R3_SIMPLIFIED_CAMPAIGN"",""nonnegative_output"":""FROZEN_R3_SIMPLIFIED_CAMPAIGN"",""optimizer"":""OPTUNA"",""physics_dropout_mode"":""FROZEN_R3_SIMPLIFIED_CAMPAIGN"",""physics_mode"":""FROZEN_R3_SIMPLIFIED_CAMPAIGN"",""physics_penalty"":""FROZEN_R3_SIMPLIFIED_CAMPAIGN"",""physics_real_fraction"":""FROZEN_R3_SIMPLIFIED_CAMPAIGN"",""physics_warmup_fraction"":""FROZEN_R3_SIMPLIFIED_CAMPAIGN"",""synthetic_base_rows"":""OPTUNA"",""synthetic_batch_size"":""FROZEN_R3_SIMPLIFIED_CAMPAIGN"",""synthetic_levels"":""FROZEN_R3_SIMPLIFIED_CAMPAIGN"",""synthetic_local_span_std"":""FROZEN_R3_SIMPLIFIED_CAMPAIGN"",""target_transform"":""OPTUNA"",""tau_softplus"":""FROZEN_R3_SIMPLIFIED_CAMPAIGN"",""weight_decay"":""OPTUNA""},""physics_dropout_mode"":""data_only_dropout"",""physics_mode"":""CDP_NEG"",""physics_penalty"":""softplus"",""physics_real_fraction"":0.25,""physics_warmup_fraction"":0.1,""synthetic_base_rows"":128,""synthetic_batch_size"":256,""synthetic_levels"":5,""synthetic_local_span_std"":0.5,""target_transform"":""original"",""tau_softplus"":0.05,""weight_decay"":0.0}"
11,COMPLETE,0.549682627274512,,0.7512664981422814,0.6130217048354983,0.6194871845707259,0.6477123946436367,0.5033149885519264,0.08568802706807352,1.404396225826585,83.69140625,16.30859375,,0.39037063488823387,b66ab4de1711c0fa3524478cd430e8bbc747f7adf2dde1a89b582a80f032c3eb,OPTUNA_FOCUSED_R3,COMPLETE_ALL_WF_FOLDS,False,predictive_only_robust_score,29857,C,NOT_APPLICABLE_FULL_EVAL,209.20894189999672,"{""activation"":""silu"",""batch_size"":128,""config_source"":""OPTUNA_FOCUSED_R3"",""dropout"":0.15,""fourier_dim"":0,""fourier_scale"":0.05,""gradient_clip"":5.0,""hidden_widths"":[64,64,96,192],""huber_delta"":1.0,""lambda_phys"":0.014126273596035315,""learning_rate"":0.0016683636227960636,""loss_data"":""mse"",""lr_scheduler"":""cosine"",""max_epochs"":300,""name"":""TRIAL_0011_CDP_NEG"",""nonnegative_output"":false,""optimizer"":""AdamW"",""parameter_sources"":{""activation"":""OPTUNA"",""batch_size"":""OPTUNA"",""dropout"":""OPTUNA"",""fourier_dim"":""FROZEN_R3_SIMPLIFIED_CAMPAIGN"",""fourier_scale"":""FROZEN_R3_SIMPLIFIED_CAMPAIGN"",""gradient_clip"":""FROZEN_R3_SIMPLIFIED_CAMPAIGN"",""hidden_widths"":""OPTUNA"",""huber_delta"":""OPTUNA"",""lambda_phys"":""OPTUNA"",""learning_rate"":""OPTUNA"",""loss_data"":""OPTUNA"",""lr_scheduler"":""FROZEN_R3_SIMPLIFIED_CAMPAIGN"",""max_epochs"":""FROZEN_R3_SIMPLIFIED_CAMPAIGN"",""nonnegative_output"":""FROZEN_R3_SIMPLIFIED_CAMPAIGN"",""optimizer"":""OPTUNA"",""physics_dropout_mode"":""FROZEN_R3_SIMPLIFIED_CAMPAIGN"",""physics_mode"":""FROZEN_R3_SIMPLIFIED_CAMPAIGN"",""physics_penalty"":""FROZEN_R3_SIMPLIFIED_CAMPAIGN"",""physics_real_fraction"":""FROZEN_R3_SIMPLIFIED_CAMPAIGN"",""physics_warmup_fraction"":""FROZEN_R3_SIMPLIFIED_CAMPAIGN"",""synthetic_base_rows"":""OPTUNA"",""synthetic_batch_size"":""FROZEN_R3_SIMPLIFIED_CAMPAIGN"",""synthetic_levels"":""FROZEN_R3_SIMPLIFIED_CAMPAIGN"",""synthetic_local_span_std"":""FROZEN_R3_SIMPLIFIED_CAMPAIGN"",""target_transform"":""OPTUNA"",""tau_softplus"":""FROZEN_R3_SIMPLIFIED_CAMPAIGN"",""weight_decay"":""OPTUNA""},""physics_dropout_mode"":""data_only_dropout"",""physics_mode"":""CDP_NEG"",""physics_penalty"":""softplus"",""physics_real_fraction"":0.25,""physics_warmup_fraction"":0.1,""synthetic_base_rows"":128,""synthetic_batch_size"":256,""synthetic_levels"":5,""synthetic_local_span_std"":0.5,""target_transform"":""log1p"",""tau_softplus"":0.05,""weight_decay"":0.0}"
12,COMPLETE,0.5794596690012367,,0.7452508606365651,0.590083134616138,0.6470725346502985,0.6689026942346101,0.5371817410423894,0.08227437359609721,1.3514301759261105,99.951171875,0.048828125,,0.3446576307927503,8d18667ea882018d289ac97a9cde98cff281b0d979f339603183059ac4caa342,OPTUNA_FOCUSED_R3,COMPLETE_ALL_WF_FOLDS,False,predictive_only_robust_score,4865,A,NOT_APPLICABLE_FULL_EVAL,155.529762299906,"{""activation"":""silu"",""batch_size"":128,""config_source"":""OPTUNA_FOCUSED_R3"",""dropout"":0.03,""fourier_dim"":0,""fourier_scale"":0.05,""gradient_clip"":5.0,""hidden_widths"":[64,64],""huber_delta"":1.0,""lambda_phys"":4.247306884982672,""learning_rate"":0.0027866478940163156,""loss_data"":""mse"",""lr_scheduler"":""cosine"",""max_epochs"":300,""name"":""TRIAL_0012_CDP_NEG"",""nonnegative_output"":false,""optimizer"":""NAdam"",""parameter_sources"":{""activation"":""OPTUNA"",""batch_size"":""OPTUNA"",""dropout"":""OPTUNA"",""fourier_dim"":""FROZEN_R3_SIMPLIFIED_CAMPAIGN"",""fourier_scale"":""FROZEN_R3_SIMPLIFIED_CAMPAIGN"",""gradient_clip"":""FROZEN_R3_SIMPLIFIED_CAMPAIGN"",""hidden_widths"":""OPTUNA"",""huber_delta"":""OPTUNA"",""lambda_phys"":""OPTUNA"",""learning_rate"":""OPTUNA"",""loss_data"":""OPTUNA"",""lr_scheduler"":""FROZEN_R3_SIMPLIFIED_CAMPAIGN"",""max_epochs"":""FROZEN_R3_SIMPLIFIED_CAMPAIGN"",""nonnegative_output"":""FROZEN_R3_SIMPLIFIED_CAMPAIGN"",""optimizer"":""OPTUNA"",""physics_dropout_mode"":""FROZEN_R3_SIMPLIFIED_CAMPAIGN"",""physics_mode"":""FROZEN_R3_SIMPLIFIED_CAMPAIGN"",""physics_penalty"":""FROZEN_R3_SIMPLIFIED_CAMPAIGN"",""physics_real_fraction"":""FROZEN_R3_SIMPLIFIED_CAMPAIGN"",""physics_warmup_fraction"":""FROZEN_R3_SIMPLIFIED_CAMPAIGN"",""synthetic_base_rows"":""OPTUNA"",""synthetic_batch_size"":""FROZEN_R3_SIMPLIFIED_CAMPAIGN"",""synthetic_levels"":""FROZEN_R3_SIMPLIFIED_CAMPAIGN"",""synthetic_local_span_std"":""FROZEN_R3_SIMPLIFIED_CAMPAIGN"",""target_transform"":""OPTUNA"",""tau_softplus"":""FROZEN_R3_SIMPLIFIED_CAMPAIGN"",""weight_decay"":""OPTUNA""},""physics_dropout_mode"":""data_only_dropout"",""physics_mode"":""CDP_NEG"",""physics_penalty"":""softplus"",""physics_real_fraction"":0.25,""physics_warmup_fraction"":0.1,""synthetic_base_rows"":128,""synthetic_batch_size"":256,""synthetic_levels"":5,""synthetic_local_span_std"":0.5,""target_transform"":""original"",""tau_softplus"":0.05,""weight_decay"":0.0}"
13,COMPLETE,0.5555628530567789,,0.7359482740492008,0.6099122128541595,0.6233925306234688,0.6604681136891387,0.5059552984085203,0.08490013157421863,1.3982670793350234,74.853515625,25.146484375,,0.30399323909031284,5be20fbe310f6cf32a01d56058bc616d632ee4c8f2a1a6009d35123353c022a2,OPTUNA_FOCUSED_R3,COMPLETE_ALL_WF_FOLDS,False,predictive_only_robust_score,7233,C,NOT_APPLICABLE_FULL_EVAL,159.1488393000327,"{""activation"":""gelu"",""batch_size"":128,""config_source"":""OPTUNA_FOCUSED_R3"",""dropout"":0.03,""fourier_dim"":0,""fourier_scale"":0.05,""gradient_clip"":5.0,""hidden_widths"":[96,64],""huber_delta"":1.0,""lambda_phys"":0.009496004479833729,""learning_rate"":0.0029775801142080025,""loss_data"":""mse"",""lr_scheduler"":""cosine"",""max_epochs"":300,""name"":""TRIAL_0013_CDP_NEG"",""nonnegative_output"":false,""optimizer"":""AdamW"",""parameter_sources"":{""activation"":""OPTUNA"",""batch_size"":""OPTUNA"",""dropout"":""OPTUNA"",""fourier_dim"":""FROZEN_R3_SIMPLIFIED_CAMPAIGN"",""fourier_scale"":""FROZEN_R3_SIMPLIFIED_CAMPAIGN"",""gradient_clip"":""FROZEN_R3_SIMPLIFIED_CAMPAIGN"",""hidden_widths"":""OPTUNA"",""huber_delta"":""OPTUNA"",""lambda_phys"":""OPTUNA"",""learning_rate"":""OPTUNA"",""loss_data"":""OPTUNA"",""lr_scheduler"":""FROZEN_R3_SIMPLIFIED_CAMPAIGN"",""max_epochs"":""FROZEN_R3_SIMPLIFIED_CAMPAIGN"",""nonnegative_output"":""FROZEN_R3_SIMPLIFIED_CAMPAIGN"",""optimizer"":""OPTUNA"",""physics_dropout_mode"":""FROZEN_R3_SIMPLIFIED_CAMPAIGN"",""physics_mode"":""FROZEN_R3_SIMPLIFIED_CAMPAIGN"",""physics_penalty"":""FROZEN_R3_SIMPLIFIED_CAMPAIGN"",""physics_real_fraction"":""FROZEN_R3_SIMPLIFIED_CAMPAIGN"",""physics_warmup_fraction"":""FROZEN_R3_SIMPLIFIED_CAMPAIGN"",""synthetic_base_rows"":""OPTUNA"",""synthetic_batch_size"":""FROZEN_R3_SIMPLIFIED_CAMPAIGN"",""synthetic_levels"":""FROZEN_R3_SIMPLIFIED_CAMPAIGN"",""synthetic_local_span_std"":""FROZEN_R3_SIMPLIFIED_CAMPAIGN"",""target_transform"":""OPTUNA"",""tau_softplus"":""FROZEN_R3_SIMPLIFIED_CAMPAIGN"",""weight_decay"":""OPTUNA""},""physics_dropout_mode"":""data_only_dropout"",""physics_mode"":""CDP_NEG"",""physics_penalty"":""softplus"",""physics_real_fraction"":0.25,""physics_warmup_fraction"":0.1,""synthetic_base_rows"":128,""synthetic_batch_size"":256,""synthetic_levels"":5,""synthetic_local_span_std"":0.5,""target_transform"":""log1p"",""tau_softplus"":0.05,""weight_decay"":0.0}"
14,COMPLETE,0.5990939809784994,,0.7581103547121715,0.5933907204705794,0.6456021928239768,0.6644403155567564,0.5681853691573643,0.057095544653437684,1.3579377009299456,81.298828125,18.701171875,,0.3436118453403565,75d35c13ed3a7975d6254c3acb4e3073ccad72027e0fad872dd9d7ee5f8f4783,OPTUNA_FOCUSED_R3,COMPLETE_ALL_WF_FOLDS,False,predictive_only_robust_score,37953,C,NOT_APPLICABLE_FULL_EVAL,190.76902010000776,"{""activation"":""tanh"",""batch_size"":128,""config_source"":""OPTUNA_FOCUSED_R3"",""dropout"":0.03,""fourier_dim"":0,""fourier_scale"":0.05,""gradient_clip"":5.0,""hidden_widths"":[64,192,128],""huber_delta"":1.0,""lambda_phys"":0.01880758774096588,""learning_rate"":0.003075722182167586,""loss_data"":""mse"",""lr_scheduler"":""cosine"",""max_epochs"":300,""name"":""TRIAL_0014_CDP_NEG"",""nonnegative_output"":false,""optimizer"":""AdamW"",""parameter_sources"":{""activation"":""OPTUNA"",""batch_size"":""OPTUNA"",""dropout"":""OPTUNA"",""fourier_dim"":""FROZEN_R3_SIMPLIFIED_CAMPAIGN"",""fourier_scale"":""FROZEN_R3_SIMPLIFIED_CAMPAIGN"",""gradient_clip"":""FROZEN_R3_SIMPLIFIED_CAMPAIGN"",""hidden_widths"":""OPTUNA"",""huber_delta"":""OPTUNA"",""lambda_phys"":""OPTUNA"",""learning_rate"":""OPTUNA"",""loss_data"":""OPTUNA"",""lr_scheduler"":""FROZEN_R3_SIMPLIFIED_CAMPAIGN"",""max_epochs"":""FROZEN_R3_SIMPLIFIED_CAMPAIGN"",""nonnegative_output"":""FROZEN_R3_SIMPLIFIED_CAMPAIGN"",""optimizer"":""OPTUNA"",""physics_dropout_mode"":""FROZEN_R3_SIMPLIFIED_CAMPAIGN"",""physics_mode"":""FROZEN_R3_SIMPLIFIED_CAMPAIGN"",""physics_penalty"":""FROZEN_R3_SIMPLIFIED_CAMPAIGN"",""physics_real_fraction"":""FROZEN_R3_SIMPLIFIED_CAMPAIGN"",""physics_warmup_fraction"":""FROZEN_R3_SIMPLIFIED_CAMPAIGN"",""synthetic_base_rows"":""OPTUNA"",""synthetic_batch_size"":""FROZEN_R3_SIMPLIFIED_CAMPAIGN"",""synthetic_levels"":""FROZEN_R3_SIMPLIFIED_CAMPAIGN"",""synthetic_local_span_std"":""FROZEN_R3_SIMPLIFIED_CAMPAIGN"",""target_transform"":""OPTUNA"",""tau_softplus"":""FROZEN_R3_SIMPLIFIED_CAMPAIGN"",""weight_decay"":""OPTUNA""},""physics_dropout_mode"":""data_only_dropout"",""physics_mode"":""CDP_NEG"",""physics_penalty"":""softplus"",""physics_real_fraction"":0.25,""physics_warmup_fraction"":0.1,""synthetic_base_rows"":256,""synthetic_batch_size"":256,""synthetic_levels"":5,""synthetic_local_span_std"":0.5,""target_transform"":""original"",""tau_softplus"":0.05,""weight_decay"":0.0}"
15,COMPLETE,0.5316652671680949,,0.747838794838764,0.6193986228347613,0.6105319957149349,0.6322322691112712,0.4841639713448068,0.09555995943663981,1.418430135799431,99.90234375,0.09765625,,0.3647299739371886,f41da415db5fe79c0b1fabc65b74ac873047cc51182897083ad46e4d2468ecc2,OPTUNA_FOCUSED_R3,COMPLETE_ALL_WF_FOLDS,False,predictive_only_robust_score,22209,A,NOT_APPLICABLE_FULL_EVAL,62.91541010001674,"{""activation"":""tanh"",""batch_size"":512,""config_source"":""OPTUNA_FOCUSED_R3"",""dropout"":0.03,""fourier_dim"":0,""fourier_scale"":0.05,""gradient_clip"":5.0,""hidden_widths"":[128,64,192],""huber_delta"":1.0,""lambda_phys"":0.6468522540495942,""learning_rate"":0.0018431303536196612,""loss_data"":""mse"",""lr_scheduler"":""cosine"",""max_epochs"":300,""name"":""TRIAL_0015_CDP_NEG"",""nonnegative_output"":false,""optimizer"":""AdamW"",""parameter_sources"":{""activation"":""OPTUNA"",""batch_size"":""OPTUNA"",""dropout"":""OPTUNA"",""fourier_dim"":""FROZEN_R3_SIMPLIFIED_CAMPAIGN"",""fourier_scale"":""FROZEN_R3_SIMPLIFIED_CAMPAIGN"",""gradient_clip"":""FROZEN_R3_SIMPLIFIED_CAMPAIGN"",""hidden_widths"":""OPTUNA"",""huber_delta"":""OPTUNA"",""lambda_phys"":""OPTUNA"",""learning_rate"":""OPTUNA"",""loss_data"":""OPTUNA"",""lr_scheduler"":""FROZEN_R3_SIMPLIFIED_CAMPAIGN"",""max_epochs"":""FROZEN_R3_SIMPLIFIED_CAMPAIGN"",""nonnegative_output"":""FROZEN_R3_SIMPLIFIED_CAMPAIGN"",""optimizer"":""OPTUNA"",""physics_dropout_mode"":""FROZEN_R3_SIMPLIFIED_CAMPAIGN"",""physics_mode"":""FROZEN_R3_SIMPLIFIED_CAMPAIGN"",""physics_penalty"":""FROZEN_R3_SIMPLIFIED_CAMPAIGN"",""physics_real_fraction"":""FROZEN_R3_SIMPLIFIED_CAMPAIGN"",""physics_warmup_fraction"":""FROZEN_R3_SIMPLIFIED_CAMPAIGN"",""synthetic_base_rows"":""OPTUNA"",""synthetic_batch_size"":""FROZEN_R3_SIMPLIFIED_CAMPAIGN"",""synthetic_levels"":""FROZEN_R3_SIMPLIFIED_CAMPAIGN"",""synthetic_local_span_std"":""FROZEN_R3_SIMPLIFIED_CAMPAIGN"",""target_transform"":""OPTUNA"",""tau_softplus"":""FROZEN_R3_SIMPLIFIED_CAMPAIGN"",""weight_decay"":""OPTUNA""},""physics_dropout_mode"":""data_only_dropout"",""physics_mode"":""CDP_NEG"",""physics_penalty"":""softplus"",""physics_real_fraction"":0.25,""physics_warmup_fraction"":0.1,""synthetic_base_rows"":128,""synthetic_batch_size"":256,""synthetic_levels"":5,""synthetic_local_span_std"":0.5,""target_transform"":""log1p"",""tau_softplus"":0.05,""weight_decay"":0.0}"
16,COMPLETE,0.5567863260684847,,0.8180188533032612,0.6155457364948972,0.6175109536432164,0.6137743898866075,0.5303014676070459,0.07277966826046713,1.4063262528829599,99.21875,0.78125,,0.418100798404589,5c2e2a12c9d7ca22f76552c92f382cb0b17b5d5810c7b54843a628b77ced1662,OPTUNA_FOCUSED_R3,COMPLETE_ALL_WF_FOLDS,False,predictive_only_robust_score,19425,A,NOT_APPLICABLE_FULL_EVAL,143.19159109995235,"{""activation"":""gelu"",""batch_size"":128,""config_source"":""OPTUNA_FOCUSED_R3"",""dropout"":0.0,""fourier_dim"":0,""fourier_scale"":0.05,""gradient_clip"":5.0,""hidden_widths"":[64,96,128],""huber_delta"":1.0,""lambda_phys"":2.5539008538107617,""learning_rate"":0.000665086198459511,""loss_data"":""mse"",""lr_scheduler"":""cosine"",""max_epochs"":300,""name"":""TRIAL_0016_CDP_NEG"",""nonnegative_output"":false,""optimizer"":""AdamW"",""parameter_sources"":{""activation"":""OPTUNA"",""batch_size"":""OPTUNA"",""dropout"":""OPTUNA"",""fourier_dim"":""FROZEN_R3_SIMPLIFIED_CAMPAIGN"",""fourier_scale"":""FROZEN_R3_SIMPLIFIED_CAMPAIGN"",""gradient_clip"":""FROZEN_R3_SIMPLIFIED_CAMPAIGN"",""hidden_widths"":""OPTUNA"",""huber_delta"":""OPTUNA"",""lambda_phys"":""OPTUNA"",""learning_rate"":""OPTUNA"",""loss_data"":""OPTUNA"",""lr_scheduler"":""FROZEN_R3_SIMPLIFIED_CAMPAIGN"",""max_epochs"":""FROZEN_R3_SIMPLIFIED_CAMPAIGN"",""nonnegative_output"":""FROZEN_R3_SIMPLIFIED_CAMPAIGN"",""optimizer"":""OPTUNA"",""physics_dropout_mode"":""FROZEN_R3_SIMPLIFIED_CAMPAIGN"",""physics_mode"":""FROZEN_R3_SIMPLIFIED_CAMPAIGN"",""physics_penalty"":""FROZEN_R3_SIMPLIFIED_CAMPAIGN"",""physics_real_fraction"":""FROZEN_R3_SIMPLIFIED_CAMPAIGN"",""physics_warmup_fraction"":""FROZEN_R3_SIMPLIFIED_CAMPAIGN"",""synthetic_base_rows"":""OPTUNA"",""synthetic_batch_size"":""FROZEN_R3_SIMPLIFIED_CAMPAIGN"",""synthetic_levels"":""FROZEN_R3_SIMPLIFIED_CAMPAIGN"",""synthetic_local_span_std"":""FROZEN_R3_SIMPLIFIED_CAMPAIGN"",""target_transform"":""OPTUNA"",""tau_softplus"":""FROZEN_R3_SIMPLIFIED_CAMPAIGN"",""weight_decay"":""OPTUNA""},""physics_dropout_mode"":""data_only_dropout"",""physics_mode"":""CDP_NEG"",""physics_penalty"":""softplus"",""physics_real_fraction"":0.25,""physics_warmup_fraction"":0.1,""synthetic_base_rows"":256,""synthetic_batch_size"":256,""synthetic_levels"":5,""synthetic_local_span_std"":0.5,""target_transform"":""original"",""tau_softplus"":0.05,""weight_decay"":0.0}"
17,COMPLETE,0.5682285929852146,,0.7620700990044552,0.6049760136183421,0.6301800898346873,0.6535240046485529,0.5278903142040813,0.07580805915268925,1.3853132859535886,76.611328125,23.388671875,,0.3531804214869541,e0098c8d25262cedaaaf25110bdd5cf63f467d4bdc6a1f7ca96331b990046468,OPTUNA_FOCUSED_R3,COMPLETE_ALL_WF_FOLDS,False,predictive_only_robust_score,42753,C,NOT_APPLICABLE_FULL_EVAL,154.21555620001163,"{""activation"":""gelu"",""batch_size"":128,""config_source"":""OPTUNA_FOCUSED_R3"",""dropout"":0.03,""fourier_dim"":0,""fourier_scale"":0.05,""gradient_clip"":5.0,""hidden_widths"":[128,128,192],""huber_delta"":1.0,""lambda_phys"":0.010293691358746635,""learning_rate"":0.003485856109364172,""loss_data"":""mse"",""lr_scheduler"":""cosine"",""max_epochs"":300,""name"":""TRIAL_0017_CDP_NEG"",""nonnegative_output"":false,""optimizer"":""AdamW"",""parameter_sources"":{""activation"":""OPTUNA"",""batch_size"":""OPTUNA"",""dropout"":""OPTUNA"",""fourier_dim"":""FROZEN_R3_SIMPLIFIED_CAMPAIGN"",""fourier_scale"":""FROZEN_R3_SIMPLIFIED_CAMPAIGN"",""gradient_clip"":""FROZEN_R3_SIMPLIFIED_CAMPAIGN"",""hidden_widths"":""OPTUNA"",""huber_delta"":""OPTUNA"",""lambda_phys"":""OPTUNA"",""learning_rate"":""OPTUNA"",""loss_data"":""OPTUNA"",""lr_scheduler"":""FROZEN_R3_SIMPLIFIED_CAMPAIGN"",""max_epochs"":""FROZEN_R3_SIMPLIFIED_CAMPAIGN"",""nonnegative_output"":""FROZEN_R3_SIMPLIFIED_CAMPAIGN"",""optimizer"":""OPTUNA"",""physics_dropout_mode"":""FROZEN_R3_SIMPLIFIED_CAMPAIGN"",""physics_mode"":""FROZEN_R3_SIMPLIFIED_CAMPAIGN"",""physics_penalty"":""FROZEN_R3_SIMPLIFIED_CAMPAIGN"",""physics_real_fraction"":""FROZEN_R3_SIMPLIFIED_CAMPAIGN"",""physics_warmup_fraction"":""FROZEN_R3_SIMPLIFIED_CAMPAIGN"",""synthetic_base_rows"":""OPTUNA"",""synthetic_batch_size"":""FROZEN_R3_SIMPLIFIED_CAMPAIGN"",""synthetic_levels"":""FROZEN_R3_SIMPLIFIED_CAMPAIGN"",""synthetic_local_span_std"":""FROZEN_R3_SIMPLIFIED_CAMPAIGN"",""target_transform"":""OPTUNA"",""tau_softplus"":""FROZEN_R3_SIMPLIFIED_CAMPAIGN"",""weight_decay"":""OPTUNA""},""physics_dropout_mode"":""data_only_dropout"",""physics_mode"":""CDP_NEG"",""physics_penalty"":""softplus"",""physics_real_fraction"":0.25,""physics_warmup_fraction"":0.1,""synthetic_base_rows"":128,""synthetic_batch_size"":256,""synthetic_levels"":5,""synthetic_local_span_std"":0.5,""target_transform"":""original"",""tau_softplus"":0.05,""weight_decay"":0.00044046512143466665}"
18,COMPLETE,0.5884150208289237,,0.7750161702553245,0.5945962959701321,0.6433250910516178,0.664572557197717,0.552395966477397,0.06726835321991369,1.3612384950283094,95.60546875,4.39453125,,0.3583786315874227,9c1b887b0244571e3c163c2f7a2eb31e94761344c6a53cbfb1bbb9fc7e17e242,OPTUNA_FOCUSED_R3,COMPLETE_ALL_WF_FOLDS,False,predictive_only_robust_score,13313,B,NOT_APPLICABLE_FULL_EVAL,118.24735129997134,"{""activation"":""gelu"",""batch_size"":128,""config_source"":""OPTUNA_FOCUSED_R3"",""dropout"":0.03,""fourier_dim"":0,""fourier_scale"":0.05,""gradient_clip"":5.0,""hidden_widths"":[64,192],""huber_delta"":1.0,""lambda_phys"":0.11506187368127274,""learning_rate"":0.005225712112508812,""loss_data"":""mse"",""lr_scheduler"":""cosine"",""max_epochs"":300,""name"":""TRIAL_0018_CDP_NEG"",""nonnegative_output"":false,""optimizer"":""AdamW"",""parameter_sources"":{""activation"":""OPTUNA"",""batch_size"":""OPTUNA"",""dropout"":""OPTUNA"",""fourier_dim"":""FROZEN_R3_SIMPLIFIED_CAMPAIGN"",""fourier_scale"":""FROZEN_R3_SIMPLIFIED_CAMPAIGN"",""gradient_clip"":""FROZEN_R3_SIMPLIFIED_CAMPAIGN"",""hidden_widths"":""OPTUNA"",""huber_delta"":""OPTUNA"",""lambda_phys"":""OPTUNA"",""learning_rate"":""OPTUNA"",""loss_data"":""OPTUNA"",""lr_scheduler"":""FROZEN_R3_SIMPLIFIED_CAMPAIGN"",""max_epochs"":""FROZEN_R3_SIMPLIFIED_CAMPAIGN"",""nonnegative_output"":""FROZEN_R3_SIMPLIFIED_CAMPAIGN"",""optimizer"":""OPTUNA"",""physics_dropout_mode"":""FROZEN_R3_SIMPLIFIED_CAMPAIGN"",""physics_mode"":""FROZEN_R3_SIMPLIFIED_CAMPAIGN"",""physics_penalty"":""FROZEN_R3_SIMPLIFIED_CAMPAIGN"",""physics_real_fraction"":""FROZEN_R3_SIMPLIFIED_CAMPAIGN"",""physics_warmup_fraction"":""FROZEN_R3_SIMPLIFIED_CAMPAIGN"",""synthetic_base_rows"":""OPTUNA"",""synthetic_batch_size"":""FROZEN_R3_SIMPLIFIED_CAMPAIGN"",""synthetic_levels"":""FROZEN_R3_SIMPLIFIED_CAMPAIGN"",""synthetic_local_span_std"":""FROZEN_R3_SIMPLIFIED_CAMPAIGN"",""target_transform"":""OPTUNA"",""tau_softplus"":""FROZEN_R3_SIMPLIFIED_CAMPAIGN"",""weight_decay"":""OPTUNA""},""physics_dropout_mode"":""data_only_dropout"",""physics_mode"":""CDP_NEG"",""physics_penalty"":""softplus"",""physics_real_fraction"":0.25,""physics_warmup_fraction"":0.1,""synthetic_base_rows"":128,""synthetic_batch_size"":256,""synthetic_levels"":5,""synthetic_local_span_std"":0.5,""target_transform"":""original"",""tau_softplus"":0.05,""weight_decay"":0.0}"
19,COMPLETE,0.5947017497696813,,0.747062000508361,0.5861816262768031,0.6525222900166376,0.6959118020806896,0.5469654056404077,0.07503263240433951,1.3447936765040691,95.947265625,4.052734375,,0.3936468746121908,76516e6ad3c2479bc0cd8931a9df1472d8730ad36962ac2b96cf92b551eb996d,OPTUNA_FOCUSED_R3,COMPLETE_ALL_WF_FOLDS,False,predictive_only_robust_score,9025,B,NOT_APPLICABLE_FULL_EVAL,75.13962959998753,"{""activation"":""gelu"",""batch_size"":256,""config_source"":""OPTUNA_FOCUSED_R3"",""dropout"":0.03,""fourier_dim"":0,""fourier_scale"":0.05,""gradient_clip"":5.0,""hidden_widths"":[64,64,64],""huber_delta"":1.0,""lambda_phys"":0.20619293723883036,""learning_rate"":0.003745246659743044,""loss_data"":""mse"",""lr_scheduler"":""cosine"",""max_epochs"":300,""name"":""TRIAL_0019_CDP_NEG"",""nonnegative_output"":false,""optimizer"":""AdamW"",""parameter_sources"":{""activation"":""OPTUNA"",""batch_size"":""OPTUNA"",""dropout"":""OPTUNA"",""fourier_dim"":""FROZEN_R3_SIMPLIFIED_CAMPAIGN"",""fourier_scale"":""FROZEN_R3_SIMPLIFIED_CAMPAIGN"",""gradient_clip"":""FROZEN_R3_SIMPLIFIED_CAMPAIGN"",""hidden_widths"":""OPTUNA"",""huber_delta"":""OPTUNA"",""lambda_phys"":""OPTUNA"",""learning_rate"":""OPTUNA"",""loss_data"":""OPTUNA"",""lr_scheduler"":""FROZEN_R3_SIMPLIFIED_CAMPAIGN"",""max_epochs"":""FROZEN_R3_SIMPLIFIED_CAMPAIGN"",""nonnegative_output"":""FROZEN_R3_SIMPLIFIED_CAMPAIGN"",""optimizer"":""OPTUNA"",""physics_dropout_mode"":""FROZEN_R3_SIMPLIFIED_CAMPAIGN"",""physics_mode"":""FROZEN_R3_SIMPLIFIED_CAMPAIGN"",""physics_penalty"":""FROZEN_R3_SIMPLIFIED_CAMPAIGN"",""physics_real_fraction"":""FROZEN_R3_SIMPLIFIED_CAMPAIGN"",""physics_warmup_fraction"":""FROZEN_R3_SIMPLIFIED_CAMPAIGN"",""synthetic_base_rows"":""OPTUNA"",""synthetic_batch_size"":""FROZEN_R3_SIMPLIFIED_CAMPAIGN"",""synthetic_levels"":""FROZEN_R3_SIMPLIFIED_CAMPAIGN"",""synthetic_local_span_std"":""FROZEN_R3_SIMPLIFIED_CAMPAIGN"",""target_transform"":""OPTUNA"",""tau_softplus"":""FROZEN_R3_SIMPLIFIED_CAMPAIGN"",""weight_decay"":""OPTUNA""},""physics_dropout_mode"":""data_only_dropout"",""physics_mode"":""CDP_NEG"",""physics_penalty"":""softplus"",""physics_real_fraction"":0.25,""physics_warmup_fraction"":0.1,""synthetic_base_rows"":64,""synthetic_batch_size"":256,""synthetic_levels"":5,""synthetic_local_span_std"":0.5,""target_transform"":""original"",""tau_softplus"":0.05,""weight_decay"":0.0}"
20,COMPLETE,0.5552505479166518,,0.7625043004995161,0.6024183935544369,0.6313728862422685,0.650360229456397,0.5103499347346574,0.09204770385288583,1.3794128325681747,98.92578125,1.07421875,,0.35291844996722715,1b8237f462a2da98f8c32c1c36c6bd21a31d7ce1843e3560e73047b67aa41077,OPTUNA_FOCUSED_R3,COMPLETE_ALL_WF_FOLDS,False,predictive_only_robust_score,22049,B,NOT_APPLICABLE_FULL_EVAL,227.55644870002288,"{""activation"":""silu"",""batch_size"":128,""config_source"":""OPTUNA_FOCUSED_R3"",""dropout"":0.03,""fourier_dim"":0,""fourier_scale"":0.05,""gradient_clip"":5.0,""hidden_widths"":[128,64,96,64],""huber_delta"":1.4484545386118002,""lambda_phys"":2.378693297517234,""learning_rate"":0.001251579866417163,""loss_data"":""huber"",""lr_scheduler"":""cosine"",""max_epochs"":300,""name"":""TRIAL_0020_CDP_NEG"",""nonnegative_output"":false,""optimizer"":""AdamW"",""parameter_sources"":{""activation"":""OPTUNA"",""batch_size"":""OPTUNA"",""dropout"":""OPTUNA"",""fourier_dim"":""FROZEN_R3_SIMPLIFIED_CAMPAIGN"",""fourier_scale"":""FROZEN_R3_SIMPLIFIED_CAMPAIGN"",""gradient_clip"":""FROZEN_R3_SIMPLIFIED_CAMPAIGN"",""hidden_widths"":""OPTUNA"",""huber_delta"":""OPTUNA"",""lambda_phys"":""OPTUNA"",""learning_rate"":""OPTUNA"",""loss_data"":""OPTUNA"",""lr_scheduler"":""FROZEN_R3_SIMPLIFIED_CAMPAIGN"",""max_epochs"":""FROZEN_R3_SIMPLIFIED_CAMPAIGN"",""nonnegative_output"":""FROZEN_R3_SIMPLIFIED_CAMPAIGN"",""optimizer"":""OPTUNA"",""physics_dropout_mode"":""FROZEN_R3_SIMPLIFIED_CAMPAIGN"",""physics_mode"":""FROZEN_R3_SIMPLIFIED_CAMPAIGN"",""physics_penalty"":""FROZEN_R3_SIMPLIFIED_CAMPAIGN"",""physics_real_fraction"":""FROZEN_R3_SIMPLIFIED_CAMPAIGN"",""physics_warmup_fraction"":""FROZEN_R3_SIMPLIFIED_CAMPAIGN"",""synthetic_base_rows"":""OPTUNA"",""synthetic_batch_size"":""FROZEN_R3_SIMPLIFIED_CAMPAIGN"",""synthetic_levels"":""FROZEN_R3_SIMPLIFIED_CAMPAIGN"",""synthetic_local_span_std"":""FROZEN_R3_SIMPLIFIED_CAMPAIGN"",""target_transform"":""OPTUNA"",""tau_softplus"":""FROZEN_R3_SIMPLIFIED_CAMPAIGN"",""weight_decay"":""OPTUNA""},""physics_dropout_mode"":""data_only_dropout"",""physics_mode"":""CDP_NEG"",""physics_penalty"":""softplus"",""physics_real_fraction"":0.25,""physics_warmup_fraction"":0.1,""synthetic_base_rows"":128,""synthetic_batch_size"":256,""synthetic_levels"":5,""synthetic_local_span_std"":0.5,""target_transform"":""original"",""tau_softplus"":0.05,""weight_decay"":0.0}"
21,COMPLETE,0.5800731193824056,,0.7534420182760612,0.6027523743997901,0.6338042302647939,0.6428109320204561,0.5505219078441461,0.06463727956698317,1.3783699130682547,64.111328125,35.888671875,,0.21514424380997296,1de712f088f856b01d15cd8d9e46142c862a10c8cc58b3a28f6404052392efaf,OPTUNA_FOCUSED_R3,COMPLETE_ALL_WF_FOLDS,False,predictive_only_robust_score,58625,C,NOT_APPLICABLE_FULL_EVAL,44.54532490001293,"{""activation"":""tanh"",""batch_size"":512,""config_source"":""OPTUNA_FOCUSED_R3"",""dropout"":0.03,""fourier_dim"":0,""fourier_scale"":0.05,""gradient_clip"":5.0,""hidden_widths"":[64,192,128,160],""huber_delta"":1.0,""lambda_phys"":0.00699611528677194,""learning_rate"":0.0042734937690961875,""loss_data"":""mse"",""lr_scheduler"":""cosine"",""max_epochs"":300,""name"":""TRIAL_0021_CDP_NEG"",""nonnegative_output"":false,""optimizer"":""AdamW"",""parameter_sources"":{""activation"":""OPTUNA"",""batch_size"":""OPTUNA"",""dropout"":""OPTUNA"",""fourier_dim"":""FROZEN_R3_SIMPLIFIED_CAMPAIGN"",""fourier_scale"":""FROZEN_R3_SIMPLIFIED_CAMPAIGN"",""gradient_clip"":""FROZEN_R3_SIMPLIFIED_CAMPAIGN"",""hidden_widths"":""OPTUNA"",""huber_delta"":""OPTUNA"",""lambda_phys"":""OPTUNA"",""learning_rate"":""OPTUNA"",""loss_data"":""OPTUNA"",""lr_scheduler"":""FROZEN_R3_SIMPLIFIED_CAMPAIGN"",""max_epochs"":""FROZEN_R3_SIMPLIFIED_CAMPAIGN"",""nonnegative_output"":""FROZEN_R3_SIMPLIFIED_CAMPAIGN"",""optimizer"":""OPTUNA"",""physics_dropout_mode"":""FROZEN_R3_SIMPLIFIED_CAMPAIGN"",""physics_mode"":""FROZEN_R3_SIMPLIFIED_CAMPAIGN"",""physics_penalty"":""FROZEN_R3_SIMPLIFIED_CAMPAIGN"",""physics_real_fraction"":""FROZEN_R3_SIMPLIFIED_CAMPAIGN"",""physics_warmup_fraction"":""FROZEN_R3_SIMPLIFIED_CAMPAIGN"",""synthetic_base_rows"":""OPTUNA"",""synthetic_batch_size"":""FROZEN_R3_SIMPLIFIED_CAMPAIGN"",""synthetic_levels"":""FROZEN_R3_SIMPLIFIED_CAMPAIGN"",""synthetic_local_span_std"":""FROZEN_R3_SIMPLIFIED_CAMPAIGN"",""target_transform"":""OPTUNA"",""tau_softplus"":""FROZEN_R3_SIMPLIFIED_CAMPAIGN"",""weight_decay"":""OPTUNA""},""physics_dropout_mode"":""data_only_dropout"",""physics_mode"":""CDP_NEG"",""physics_penalty"":""softplus"",""physics_real_fraction"":0.25,""physics_warmup_fraction"":0.1,""synthetic_base_rows"":256,""synthetic_batch_size"":256,""synthetic_levels"":5,""synthetic_local_span_std"":0.5,""target_transform"":""original"",""tau_softplus"":0.05,""weight_decay"":0.0}"
22,COMPLETE,0.6036530594794048,,0.7714710056561532,0.5889638354476188,0.650782836746761,0.6622152595058257,0.5760104457531829,0.05696069498928666,1.3470250902990006,23.583984375,76.416015625,,0.3013567666467951,89f476367fbc700ea39932f1d11936abacedcceb5900090467ae64bf1b4310eb,OPTUNA_FOCUSED_R3,COMPLETE_ALL_WF_FOLDS,False,predictive_only_robust_score,13313,C,NOT_APPLICABLE_FULL_EVAL,207.6589348000125,"{""activation"":""tanh"",""batch_size"":128,""config_source"":""OPTUNA_FOCUSED_R3"",""dropout"":0.03,""fourier_dim"":0,""fourier_scale"":0.05,""gradient_clip"":5.0,""hidden_widths"":[64,192],""huber_delta"":1.0,""lambda_phys"":0.0019104161402659246,""learning_rate"":0.0027115233772921823,""loss_data"":""mse"",""lr_scheduler"":""cosine"",""max_epochs"":300,""name"":""TRIAL_0022_CDP_NEG"",""nonnegative_output"":false,""optimizer"":""AdamW"",""parameter_sources"":{""activation"":""OPTUNA"",""batch_size"":""OPTUNA"",""dropout"":""OPTUNA"",""fourier_dim"":""FROZEN_R3_SIMPLIFIED_CAMPAIGN"",""fourier_scale"":""FROZEN_R3_SIMPLIFIED_CAMPAIGN"",""gradient_clip"":""FROZEN_R3_SIMPLIFIED_CAMPAIGN"",""hidden_widths"":""OPTUNA"",""huber_delta"":""OPTUNA"",""lambda_phys"":""OPTUNA"",""learning_rate"":""OPTUNA"",""loss_data"":""OPTUNA"",""lr_scheduler"":""FROZEN_R3_SIMPLIFIED_CAMPAIGN"",""max_epochs"":""FROZEN_R3_SIMPLIFIED_CAMPAIGN"",""nonnegative_output"":""FROZEN_R3_SIMPLIFIED_CAMPAIGN"",""optimizer"":""OPTUNA"",""physics_dropout_mode"":""FROZEN_R3_SIMPLIFIED_CAMPAIGN"",""physics_mode"":""FROZEN_R3_SIMPLIFIED_CAMPAIGN"",""physics_penalty"":""FROZEN_R3_SIMPLIFIED_CAMPAIGN"",""physics_real_fraction"":""FROZEN_R3_SIMPLIFIED_CAMPAIGN"",""physics_warmup_fraction"":""FROZEN_R3_SIMPLIFIED_CAMPAIGN"",""synthetic_base_rows"":""OPTUNA"",""synthetic_batch_size"":""FROZEN_R3_SIMPLIFIED_CAMPAIGN"",""synthetic_levels"":""FROZEN_R3_SIMPLIFIED_CAMPAIGN"",""synthetic_local_span_std"":""FROZEN_R3_SIMPLIFIED_CAMPAIGN"",""target_transform"":""OPTUNA"",""tau_softplus"":""FROZEN_R3_SIMPLIFIED_CAMPAIGN"",""weight_decay"":""OPTUNA""},""physics_dropout_mode"":""data_only_dropout"",""physics_mode"":""CDP_NEG"",""physics_penalty"":""softplus"",""physics_real_fraction"":0.25,""physics_warmup_fraction"":0.1,""synthetic_base_rows"":64,""synthetic_batch_size"":256,""synthetic_levels"":5,""synthetic_local_span_std"":0.5,""target_transform"":""original"",""tau_softplus"":0.05,""weight_decay"":0.0}"
23,COMPLETE,0.5619186314202427,,0.7824582319870182,0.611024559924204,0.623032235396367,0.6347732146522771,0.5275751966503697,0.07361674505298901,1.3977497866855328,37.744140625,62.255859375,,0.42031065514120014,6160e83150dfdd9f1b7e858721c6a2a1238d481978654ca978f906825e00b419,OPTUNA_FOCUSED_R3,COMPLETE_ALL_WF_FOLDS,False,predictive_only_robust_score,9089,C,NOT_APPLICABLE_FULL_EVAL,212.05580270005157,"{""activation"":""tanh"",""batch_size"":128,""config_source"":""OPTUNA_FOCUSED_R3"",""dropout"":0.15,""fourier_dim"":0,""fourier_scale"":0.05,""gradient_clip"":5.0,""hidden_widths"":[64,128],""huber_delta"":1.0,""lambda_phys"":0.0030681520265088942,""learning_rate"":0.0007355400163359093,""loss_data"":""mse"",""lr_scheduler"":""cosine"",""max_epochs"":300,""name"":""TRIAL_0023_CDP_NEG"",""nonnegative_output"":false,""optimizer"":""NAdam"",""parameter_sources"":{""activation"":""OPTUNA"",""batch_size"":""OPTUNA"",""dropout"":""OPTUNA"",""fourier_dim"":""FROZEN_R3_SIMPLIFIED_CAMPAIGN"",""fourier_scale"":""FROZEN_R3_SIMPLIFIED_CAMPAIGN"",""gradient_clip"":""FROZEN_R3_SIMPLIFIED_CAMPAIGN"",""hidden_widths"":""OPTUNA"",""huber_delta"":""OPTUNA"",""lambda_phys"":""OPTUNA"",""learning_rate"":""OPTUNA"",""loss_data"":""OPTUNA"",""lr_scheduler"":""FROZEN_R3_SIMPLIFIED_CAMPAIGN"",""max_epochs"":""FROZEN_R3_SIMPLIFIED_CAMPAIGN"",""nonnegative_output"":""FROZEN_R3_SIMPLIFIED_CAMPAIGN"",""optimizer"":""OPTUNA"",""physics_dropout_mode"":""FROZEN_R3_SIMPLIFIED_CAMPAIGN"",""physics_mode"":""FROZEN_R3_SIMPLIFIED_CAMPAIGN"",""physics_penalty"":""FROZEN_R3_SIMPLIFIED_CAMPAIGN"",""physics_real_fraction"":""FROZEN_R3_SIMPLIFIED_CAMPAIGN"",""physics_warmup_fraction"":""FROZEN_R3_SIMPLIFIED_CAMPAIGN"",""synthetic_base_rows"":""OPTUNA"",""synthetic_batch_size"":""FROZEN_R3_SIMPLIFIED_CAMPAIGN"",""synthetic_levels"":""FROZEN_R3_SIMPLIFIED_CAMPAIGN"",""synthetic_local_span_std"":""FROZEN_R3_SIMPLIFIED_CAMPAIGN"",""target_transform"":""OPTUNA"",""tau_softplus"":""FROZEN_R3_SIMPLIFIED_CAMPAIGN"",""weight_decay"":""OPTUNA""},""physics_dropout_mode"":""data_only_dropout"",""physics_mode"":""CDP_NEG"",""physics_penalty"":""softplus"",""physics_real_fraction"":0.25,""physics_warmup_fraction"":0.1,""synthetic_base_rows"":64,""synthetic_batch_size"":256,""synthetic_levels"":5,""synthetic_local_span_std"":0.5,""target_transform"":""original"",""tau_softplus"":0.05,""weight_decay"":0.0}"
24,COMPLETE,0.5428894444235774,,0.786789323576324,0.6175077584005696,0.6137957386634919,0.6075127549495496,0.5129326590190693,0.0850355133907819,1.410828530749604,33.3984375,66.6015625,,0.4874317441234852,82cd6ee674b5cebd939693f089e379f2521aae176e02b77826ccf0c7dca1189c,OPTUNA_FOCUSED_R3,COMPLETE_ALL_WF_FOLDS,False,predictive_only_robust_score,13313,C,NOT_APPLICABLE_FULL_EVAL,99.24065310001606,"{""activation"":""silu"",""batch_size"":256,""config_source"":""OPTUNA_FOCUSED_R3"",""dropout"":0.03,""fourier_dim"":0,""fourier_scale"":0.05,""gradient_clip"":5.0,""hidden_widths"":[64,192],""huber_delta"":1.0,""lambda_phys"":0.001057769344217491,""learning_rate"":0.003447796135285644,""loss_data"":""mse"",""lr_scheduler"":""cosine"",""max_epochs"":300,""name"":""TRIAL_0024_CDP_NEG"",""nonnegative_output"":false,""optimizer"":""AdamW"",""parameter_sources"":{""activation"":""OPTUNA"",""batch_size"":""OPTUNA"",""dropout"":""OPTUNA"",""fourier_dim"":""FROZEN_R3_SIMPLIFIED_CAMPAIGN"",""fourier_scale"":""FROZEN_R3_SIMPLIFIED_CAMPAIGN"",""gradient_clip"":""FROZEN_R3_SIMPLIFIED_CAMPAIGN"",""hidden_widths"":""OPTUNA"",""huber_delta"":""OPTUNA"",""lambda_phys"":""OPTUNA"",""learning_rate"":""OPTUNA"",""loss_data"":""OPTUNA"",""lr_scheduler"":""FROZEN_R3_SIMPLIFIED_CAMPAIGN"",""max_epochs"":""FROZEN_R3_SIMPLIFIED_CAMPAIGN"",""nonnegative_output"":""FROZEN_R3_SIMPLIFIED_CAMPAIGN"",""optimizer"":""OPTUNA"",""physics_dropout_mode"":""FROZEN_R3_SIMPLIFIED_CAMPAIGN"",""physics_mode"":""FROZEN_R3_SIMPLIFIED_CAMPAIGN"",""physics_penalty"":""FROZEN_R3_SIMPLIFIED_CAMPAIGN"",""physics_real_fraction"":""FROZEN_R3_SIMPLIFIED_CAMPAIGN"",""physics_warmup_fraction"":""FROZEN_R3_SIMPLIFIED_CAMPAIGN"",""synthetic_base_rows"":""OPTUNA"",""synthetic_batch_size"":""FROZEN_R3_SIMPLIFIED_CAMPAIGN"",""synthetic_levels"":""FROZEN_R3_SIMPLIFIED_CAMPAIGN"",""synthetic_local_span_std"":""FROZEN_R3_SIMPLIFIED_CAMPAIGN"",""target_transform"":""OPTUNA"",""tau_softplus"":""FROZEN_R3_SIMPLIFIED_CAMPAIGN"",""weight_decay"":""OPTUNA""},""physics_dropout_mode"":""data_only_dropout"",""physics_mode"":""CDP_NEG"",""physics_penalty"":""softplus"",""physics_real_fraction"":0.25,""physics_warmup_fraction"":0.1,""synthetic_base_rows"":64,""synthetic_batch_size"":256,""synthetic_levels"":5,""synthetic_local_span_std"":0.5,""target_transform"":""original"",""tau_softplus"":0.05,""weight_decay"":0.0}"
25,COMPLETE,0.583167157595881,,0.8128478189033901,0.6006822624230995,0.6358692273693957,0.6039772199535618,0.5750769830683511,0.0665912096813765,1.3690283606456835,40.576171875,59.423828125,,0.3227436634419163,770c479e158058d63219f0575956d69b66a5fd52e0b1df31b7e16e8b58b5f069,OPTUNA_FOCUSED_R3,COMPLETE_ALL_WF_FOLDS,False,predictive_only_robust_score,19777,C,NOT_APPLICABLE_FULL_EVAL,142.64993349998258,"{""activation"":""tanh"",""batch_size"":128,""config_source"":""OPTUNA_FOCUSED_R3"",""dropout"":0.0,""fourier_dim"":0,""fourier_scale"":0.05,""gradient_clip"":5.0,""hidden_widths"":[96,192],""huber_delta"":1.0,""lambda_phys"":0.0010068164457246447,""learning_rate"":0.001933672616001335,""loss_data"":""mse"",""lr_scheduler"":""cosine"",""max_epochs"":300,""name"":""TRIAL_0025_CDP_NEG"",""nonnegative_output"":false,""optimizer"":""AdamW"",""parameter_sources"":{""activation"":""OPTUNA"",""batch_size"":""OPTUNA"",""dropout"":""OPTUNA"",""fourier_dim"":""FROZEN_R3_SIMPLIFIED_CAMPAIGN"",""fourier_scale"":""FROZEN_R3_SIMPLIFIED_CAMPAIGN"",""gradient_clip"":""FROZEN_R3_SIMPLIFIED_CAMPAIGN"",""hidden_widths"":""OPTUNA"",""huber_delta"":""OPTUNA"",""lambda_phys"":""OPTUNA"",""learning_rate"":""OPTUNA"",""loss_data"":""OPTUNA"",""lr_scheduler"":""FROZEN_R3_SIMPLIFIED_CAMPAIGN"",""max_epochs"":""FROZEN_R3_SIMPLIFIED_CAMPAIGN"",""nonnegative_output"":""FROZEN_R3_SIMPLIFIED_CAMPAIGN"",""optimizer"":""OPTUNA"",""physics_dropout_mode"":""FROZEN_R3_SIMPLIFIED_CAMPAIGN"",""physics_mode"":""FROZEN_R3_SIMPLIFIED_CAMPAIGN"",""physics_penalty"":""FROZEN_R3_SIMPLIFIED_CAMPAIGN"",""physics_real_fraction"":""FROZEN_R3_SIMPLIFIED_CAMPAIGN"",""physics_warmup_fraction"":""FROZEN_R3_SIMPLIFIED_CAMPAIGN"",""synthetic_base_rows"":""OPTUNA"",""synthetic_batch_size"":""FROZEN_R3_SIMPLIFIED_CAMPAIGN"",""synthetic_levels"":""FROZEN_R3_SIMPLIFIED_CAMPAIGN"",""synthetic_local_span_std"":""FROZEN_R3_SIMPLIFIED_CAMPAIGN"",""target_transform"":""OPTUNA"",""tau_softplus"":""FROZEN_R3_SIMPLIFIED_CAMPAIGN"",""weight_decay"":""OPTUNA""},""physics_dropout_mode"":""data_only_dropout"",""physics_mode"":""CDP_NEG"",""physics_penalty"":""softplus"",""physics_real_fraction"":0.25,""physics_warmup_fraction"":0.1,""synthetic_base_rows"":64,""synthetic_batch_size"":256,""synthetic_levels"":5,""synthetic_local_span_std"":0.5,""target_transform"":""original"",""tau_softplus"":0.05,""weight_decay"":0.0}"
26,COMPLETE,0.5130543895789292,,0.7452827955698771,0.6356224603825223,0.5904452453649298,0.5807393602032282,0.4818007691478181,0.09292404507223159,1.4519562167251514,57.666015625,42.333984375,,0.394104761450561,fe6ecd990bc6579f9c6317db4e1e55bfef220e67a7cc27c7c6fed367d7e46a5c,OPTUNA_FOCUSED_R3,COMPLETE_ALL_WF_FOLDS,False,predictive_only_robust_score,11201,C,NOT_APPLICABLE_FULL_EVAL,153.25720260001253,"{""activation"":""tanh"",""batch_size"":128,""config_source"":""OPTUNA_FOCUSED_R3"",""dropout"":0.03,""fourier_dim"":0,""fourier_scale"":0.05,""gradient_clip"":5.0,""hidden_widths"":[64,160],""huber_delta"":1.0,""lambda_phys"":0.007312628028325767,""learning_rate"":0.001793878119256313,""loss_data"":""mse"",""lr_scheduler"":""cosine"",""max_epochs"":300,""name"":""TRIAL_0026_CDP_NEG"",""nonnegative_output"":false,""optimizer"":""AdamW"",""parameter_sources"":{""activation"":""OPTUNA"",""batch_size"":""OPTUNA"",""dropout"":""OPTUNA"",""fourier_dim"":""FROZEN_R3_SIMPLIFIED_CAMPAIGN"",""fourier_scale"":""FROZEN_R3_SIMPLIFIED_CAMPAIGN"",""gradient_clip"":""FROZEN_R3_SIMPLIFIED_CAMPAIGN"",""hidden_widths"":""OPTUNA"",""huber_delta"":""OPTUNA"",""lambda_phys"":""OPTUNA"",""learning_rate"":""OPTUNA"",""loss_data"":""OPTUNA"",""lr_scheduler"":""FROZEN_R3_SIMPLIFIED_CAMPAIGN"",""max_epochs"":""FROZEN_R3_SIMPLIFIED_CAMPAIGN"",""nonnegative_output"":""FROZEN_R3_SIMPLIFIED_CAMPAIGN"",""optimizer"":""OPTUNA"",""physics_dropout_mode"":""FROZEN_R3_SIMPLIFIED_CAMPAIGN"",""physics_mode"":""FROZEN_R3_SIMPLIFIED_CAMPAIGN"",""physics_penalty"":""FROZEN_R3_SIMPLIFIED_CAMPAIGN"",""physics_real_fraction"":""FROZEN_R3_SIMPLIFIED_CAMPAIGN"",""physics_warmup_fraction"":""FROZEN_R3_SIMPLIFIED_CAMPAIGN"",""synthetic_base_rows"":""OPTUNA"",""synthetic_batch_size"":""FROZEN_R3_SIMPLIFIED_CAMPAIGN"",""synthetic_levels"":""FROZEN_R3_SIMPLIFIED_CAMPAIGN"",""synthetic_local_span_std"":""FROZEN_R3_SIMPLIFIED_CAMPAIGN"",""target_transform"":""OPTUNA"",""tau_softplus"":""FROZEN_R3_SIMPLIFIED_CAMPAIGN"",""weight_decay"":""OPTUNA""},""physics_dropout_mode"":""data_only_dropout"",""physics_mode"":""CDP_NEG"",""physics_penalty"":""softplus"",""physics_real_fraction"":0.25,""physics_warmup_fraction"":0.1,""synthetic_base_rows"":64,""synthetic_batch_size"":256,""synthetic_levels"":5,""synthetic_local_span_std"":0.5,""target_transform"":""log1p"",""tau_softplus"":0.05,""weight_decay"":0.0}"
27,COMPLETE,0.5988545731701438,,0.769769620949289,0.590308375020552,0.6489040960755101,0.6649947987369611,0.5675919526165225,0.06089447628408998,1.3507248524929427,52.9296875,47.0703125,,0.3195046011954246,5d837564fefb820a01bc53cb7c1d780f4ebf4726e7a0d460f56474f3dc928d5b,OPTUNA_FOCUSED_R3,COMPLETE_ALL_WF_FOLDS,False,predictive_only_robust_score,57089,C,NOT_APPLICABLE_FULL_EVAL,108.60976989992196,"{""activation"":""tanh"",""batch_size"":256,""config_source"":""OPTUNA_FOCUSED_R3"",""dropout"":0.03,""fourier_dim"":0,""fourier_scale"":0.05,""gradient_clip"":5.0,""hidden_widths"":[128,192,160],""huber_delta"":1.0,""lambda_phys"":0.004127608648041879,""learning_rate"":0.000777986387991921,""loss_data"":""mse"",""lr_scheduler"":""cosine"",""max_epochs"":300,""name"":""TRIAL_0027_CDP_NEG"",""nonnegative_output"":false,""optimizer"":""AdamW"",""parameter_sources"":{""activation"":""OPTUNA"",""batch_size"":""OPTUNA"",""dropout"":""OPTUNA"",""fourier_dim"":""FROZEN_R3_SIMPLIFIED_CAMPAIGN"",""fourier_scale"":""FROZEN_R3_SIMPLIFIED_CAMPAIGN"",""gradient_clip"":""FROZEN_R3_SIMPLIFIED_CAMPAIGN"",""hidden_widths"":""OPTUNA"",""huber_delta"":""OPTUNA"",""lambda_phys"":""OPTUNA"",""learning_rate"":""OPTUNA"",""loss_data"":""OPTUNA"",""lr_scheduler"":""FROZEN_R3_SIMPLIFIED_CAMPAIGN"",""max_epochs"":""FROZEN_R3_SIMPLIFIED_CAMPAIGN"",""nonnegative_output"":""FROZEN_R3_SIMPLIFIED_CAMPAIGN"",""optimizer"":""OPTUNA"",""physics_dropout_mode"":""FROZEN_R3_SIMPLIFIED_CAMPAIGN"",""physics_mode"":""FROZEN_R3_SIMPLIFIED_CAMPAIGN"",""physics_penalty"":""FROZEN_R3_SIMPLIFIED_CAMPAIGN"",""physics_real_fraction"":""FROZEN_R3_SIMPLIFIED_CAMPAIGN"",""physics_warmup_fraction"":""FROZEN_R3_SIMPLIFIED_CAMPAIGN"",""synthetic_base_rows"":""OPTUNA"",""synthetic_batch_size"":""FROZEN_R3_SIMPLIFIED_CAMPAIGN"",""synthetic_levels"":""FROZEN_R3_SIMPLIFIED_CAMPAIGN"",""synthetic_local_span_std"":""FROZEN_R3_SIMPLIFIED_CAMPAIGN"",""target_transform"":""OPTUNA"",""tau_softplus"":""FROZEN_R3_SIMPLIFIED_CAMPAIGN"",""weight_decay"":""OPTUNA""},""physics_dropout_mode"":""data_only_dropout"",""physics_mode"":""CDP_NEG"",""physics_penalty"":""softplus"",""physics_real_fraction"":0.25,""physics_warmup_fraction"":0.1,""synthetic_base_rows"":64,""synthetic_batch_size"":256,""synthetic_levels"":5,""synthetic_local_span_std"":0.5,""target_transform"":""original"",""tau_softplus"":0.05,""weight_decay"":0.0}"
28,COMPLETE,0.5912483367076096,,0.7231780796680708,0.5906256253374247,0.6477795342002123,0.6729684744304336,0.5525913884809337,0.06974992130102026,1.3527147057784592,85.83984375,14.16015625,,0.34317772176450606,6585d07baa6ba753c5846e6d720f46fe4a72219b4e665209f5af5e0f906d6ed2,OPTUNA_FOCUSED_R3,COMPLETE_ALL_WF_FOLDS,False,predictive_only_robust_score,32129,C,NOT_APPLICABLE_FULL_EVAL,211.82457980001345,"{""activation"":""gelu"",""batch_size"":128,""config_source"":""OPTUNA_FOCUSED_R3"",""dropout"":0.08,""fourier_dim"":0,""fourier_scale"":0.05,""gradient_clip"":5.0,""hidden_widths"":[96,64,128,128],""huber_delta"":1.0,""lambda_phys"":0.4488806407922388,""learning_rate"":0.0027510729353673598,""loss_data"":""mse"",""lr_scheduler"":""cosine"",""max_epochs"":300,""name"":""TRIAL_0028_CDP_NEG"",""nonnegative_output"":false,""optimizer"":""NAdam"",""parameter_sources"":{""activation"":""OPTUNA"",""batch_size"":""OPTUNA"",""dropout"":""OPTUNA"",""fourier_dim"":""FROZEN_R3_SIMPLIFIED_CAMPAIGN"",""fourier_scale"":""FROZEN_R3_SIMPLIFIED_CAMPAIGN"",""gradient_clip"":""FROZEN_R3_SIMPLIFIED_CAMPAIGN"",""hidden_widths"":""OPTUNA"",""huber_delta"":""OPTUNA"",""lambda_phys"":""OPTUNA"",""learning_rate"":""OPTUNA"",""loss_data"":""OPTUNA"",""lr_scheduler"":""FROZEN_R3_SIMPLIFIED_CAMPAIGN"",""max_epochs"":""FROZEN_R3_SIMPLIFIED_CAMPAIGN"",""nonnegative_output"":""FROZEN_R3_SIMPLIFIED_CAMPAIGN"",""optimizer"":""OPTUNA"",""physics_dropout_mode"":""FROZEN_R3_SIMPLIFIED_CAMPAIGN"",""physics_mode"":""FROZEN_R3_SIMPLIFIED_CAMPAIGN"",""physics_penalty"":""FROZEN_R3_SIMPLIFIED_CAMPAIGN"",""physics_real_fraction"":""FROZEN_R3_SIMPLIFIED_CAMPAIGN"",""physics_warmup_fraction"":""FROZEN_R3_SIMPLIFIED_CAMPAIGN"",""synthetic_base_rows"":""OPTUNA"",""synthetic_batch_size"":""FROZEN_R3_SIMPLIFIED_CAMPAIGN"",""synthetic_levels"":""FROZEN_R3_SIMPLIFIED_CAMPAIGN"",""synthetic_local_span_std"":""FROZEN_R3_SIMPLIFIED_CAMPAIGN"",""target_transform"":""OPTUNA"",""tau_softplus"":""FROZEN_R3_SIMPLIFIED_CAMPAIGN"",""weight_decay"":""OPTUNA""},""physics_dropout_mode"":""data_only_dropout"",""physics_mode"":""CDP_NEG"",""physics_penalty"":""softplus"",""physics_real_fraction"":0.25,""physics_warmup_fraction"":0.1,""synthetic_base_rows"":128,""synthetic_batch_size"":256,""synthetic_levels"":5,""synthetic_local_span_std"":0.5,""target_transform"":""original"",""tau_softplus"":0.05,""weight_decay"":0.0}"
29,COMPLETE,0.604571983908579,,0.7139695722610725,0.5873798002605032,0.6524080325862796,0.6379952501573725,0.5895697116115057,0.058092213641640224,1.340458737128572,93.1640625,6.8359375,,0.2556492696823635,eedaf5bd3b3da769cc112f043ce8569086db54057eb28bc9d390e737667b65b9,OPTUNA_FOCUSED_R3,COMPLETE_ALL_WF_FOLDS,False,predictive_only_robust_score,35905,C,NOT_APPLICABLE_FULL_EVAL,189.75139619997935,"{""activation"":""gelu"",""batch_size"":128,""config_source"":""OPTUNA_FOCUSED_R3"",""dropout"":0.03,""fourier_dim"":0,""fourier_scale"":0.05,""gradient_clip"":5.0,""hidden_widths"":[64,64,192,96],""huber_delta"":1.0,""lambda_phys"":0.1177504487606678,""learning_rate"":0.004784207260642103,""loss_data"":""mse"",""lr_scheduler"":""cosine"",""max_epochs"":300,""name"":""TRIAL_0029_CDP_NEG"",""nonnegative_output"":false,""optimizer"":""AdamW"",""parameter_sources"":{""activation"":""OPTUNA"",""batch_size"":""OPTUNA"",""dropout"":""OPTUNA"",""fourier_dim"":""FROZEN_R3_SIMPLIFIED_CAMPAIGN"",""fourier_scale"":""FROZEN_R3_SIMPLIFIED_CAMPAIGN"",""gradient_clip"":""FROZEN_R3_SIMPLIFIED_CAMPAIGN"",""hidden_widths"":""OPTUNA"",""huber_delta"":""OPTUNA"",""lambda_phys"":""OPTUNA"",""learning_rate"":""OPTUNA"",""loss_data"":""OPTUNA"",""lr_scheduler"":""FROZEN_R3_SIMPLIFIED_CAMPAIGN"",""max_epochs"":""FROZEN_R3_SIMPLIFIED_CAMPAIGN"",""nonnegative_output"":""FROZEN_R3_SIMPLIFIED_CAMPAIGN"",""optimizer"":""OPTUNA"",""physics_dropout_mode"":""FROZEN_R3_SIMPLIFIED_CAMPAIGN"",""physics_mode"":""FROZEN_R3_SIMPLIFIED_CAMPAIGN"",""physics_penalty"":""FROZEN_R3_SIMPLIFIED_CAMPAIGN"",""physics_real_fraction"":""FROZEN_R3_SIMPLIFIED_CAMPAIGN"",""physics_warmup_fraction"":""FROZEN_R3_SIMPLIFIED_CAMPAIGN"",""synthetic_base_rows"":""OPTUNA"",""synthetic_batch_size"":""FROZEN_R3_SIMPLIFIED_CAMPAIGN"",""synthetic_levels"":""FROZEN_R3_SIMPLIFIED_CAMPAIGN"",""synthetic_local_span_std"":""FROZEN_R3_SIMPLIFIED_CAMPAIGN"",""target_transform"":""OPTUNA"",""tau_softplus"":""FROZEN_R3_SIMPLIFIED_CAMPAIGN"",""weight_decay"":""OPTUNA""},""physics_dropout_mode"":""data_only_dropout"",""physics_mode"":""CDP_NEG"",""physics_penalty"":""softplus"",""physics_real_fraction"":0.25,""physics_warmup_fraction"":0.1,""synthetic_base_rows"":128,""synthetic_batch_size"":256,""synthetic_levels"":5,""synthetic_local_span_std"":0.5,""target_transform"":""original"",""tau_softplus"":0.05,""weight_decay"":0.0}"
30,COMPLETE,0.5689231221407794,,0.7130096180010255,0.595738985308918,0.639762604908233,0.6282045402199111,0.541675681612495,0.08519909383514215,1.3605926426712092,92.1875,7.8125,,0.24111400230898594,4699b6011cc171538446b5b85e14d38c04d5ee0a83b6bcf9e7ea0c0eb4c02d5a,OPTUNA_FOCUSED_R3,COMPLETE_ALL_WF_FOLDS,False,predictive_only_robust_score,35905,C,NOT_APPLICABLE_FULL_EVAL,187.33344839990605,"{""activation"":""gelu"",""batch_size"":128,""config_source"":""OPTUNA_FOCUSED_R3"",""dropout"":0.03,""fourier_dim"":0,""fourier_scale"":0.05,""gradient_clip"":5.0,""hidden_widths"":[64,64,192,96],""huber_delta"":1.0,""lambda_phys"":0.05367065307684645,""learning_rate"":0.0037655534626231885,""loss_data"":""mse"",""lr_scheduler"":""cosine"",""max_epochs"":300,""name"":""TRIAL_0030_CDP_NEG"",""nonnegative_output"":false,""optimizer"":""AdamW"",""parameter_sources"":{""activation"":""OPTUNA"",""batch_size"":""OPTUNA"",""dropout"":""OPTUNA"",""fourier_dim"":""FROZEN_R3_SIMPLIFIED_CAMPAIGN"",""fourier_scale"":""FROZEN_R3_SIMPLIFIED_CAMPAIGN"",""gradient_clip"":""FROZEN_R3_SIMPLIFIED_CAMPAIGN"",""hidden_widths"":""OPTUNA"",""huber_delta"":""OPTUNA"",""lambda_phys"":""OPTUNA"",""learning_rate"":""OPTUNA"",""loss_data"":""OPTUNA"",""lr_scheduler"":""FROZEN_R3_SIMPLIFIED_CAMPAIGN"",""max_epochs"":""FROZEN_R3_SIMPLIFIED_CAMPAIGN"",""nonnegative_output"":""FROZEN_R3_SIMPLIFIED_CAMPAIGN"",""optimizer"":""OPTUNA"",""physics_dropout_mode"":""FROZEN_R3_SIMPLIFIED_CAMPAIGN"",""physics_mode"":""FROZEN_R3_SIMPLIFIED_CAMPAIGN"",""physics_penalty"":""FROZEN_R3_SIMPLIFIED_CAMPAIGN"",""physics_real_fraction"":""FROZEN_R3_SIMPLIFIED_CAMPAIGN"",""physics_warmup_fraction"":""FROZEN_R3_SIMPLIFIED_CAMPAIGN"",""synthetic_base_rows"":""OPTUNA"",""synthetic_batch_size"":""FROZEN_R3_SIMPLIFIED_CAMPAIGN"",""synthetic_levels"":""FROZEN_R3_SIMPLIFIED_CAMPAIGN"",""synthetic_local_span_std"":""FROZEN_R3_SIMPLIFIED_CAMPAIGN"",""target_transform"":""OPTUNA"",""tau_softplus"":""FROZEN_R3_SIMPLIFIED_CAMPAIGN"",""weight_decay"":""OPTUNA""},""physics_dropout_mode"":""data_only_dropout"",""physics_mode"":""CDP_NEG"",""physics_penalty"":""softplus"",""physics_real_fraction"":0.25,""physics_warmup_fraction"":0.1,""synthetic_base_rows"":128,""synthetic_batch_size"":256,""synthetic_levels"":5,""synthetic_local_span_std"":0.5,""target_transform"":""original"",""tau_softplus"":0.05,""weight_decay"":0.0}"
31,COMPLETE,0.5891806149346579,,0.7822227190325624,0.5999843815097251,0.6376364703309185,0.6488586216872267,0.5610185334678124,0.0585173868528945,1.372141941113061,72.412109375,27.587890625,,0.31733060033950133,01dc2f9fd5e38e1573bc590f1abbcd7800fc4a8a90385a9bc733fe497b194e08,OPTUNA_FOCUSED_R3,COMPLETE_ALL_WF_FOLDS,False,predictive_only_robust_score,13761,C,NOT_APPLICABLE_FULL_EVAL,198.7745600999915,"{""activation"":""tanh"",""batch_size"":128,""config_source"":""OPTUNA_FOCUSED_R3"",""dropout"":0.03,""fourier_dim"":0,""fourier_scale"":0.05,""gradient_clip"":5.0,""hidden_widths"":[128,96],""huber_delta"":1.0,""lambda_phys"":0.014781271784897562,""learning_rate"":0.003240951885550941,""loss_data"":""mse"",""lr_scheduler"":""cosine"",""max_epochs"":300,""name"":""TRIAL_0031_CDP_NEG"",""nonnegative_output"":false,""optimizer"":""AdamW"",""parameter_sources"":{""activation"":""OPTUNA"",""batch_size"":""OPTUNA"",""dropout"":""OPTUNA"",""fourier_dim"":""FROZEN_R3_SIMPLIFIED_CAMPAIGN"",""fourier_scale"":""FROZEN_R3_SIMPLIFIED_CAMPAIGN"",""gradient_clip"":""FROZEN_R3_SIMPLIFIED_CAMPAIGN"",""hidden_widths"":""OPTUNA"",""huber_delta"":""OPTUNA"",""lambda_phys"":""OPTUNA"",""learning_rate"":""OPTUNA"",""loss_data"":""OPTUNA"",""lr_scheduler"":""FROZEN_R3_SIMPLIFIED_CAMPAIGN"",""max_epochs"":""FROZEN_R3_SIMPLIFIED_CAMPAIGN"",""nonnegative_output"":""FROZEN_R3_SIMPLIFIED_CAMPAIGN"",""optimizer"":""OPTUNA"",""physics_dropout_mode"":""FROZEN_R3_SIMPLIFIED_CAMPAIGN"",""physics_mode"":""FROZEN_R3_SIMPLIFIED_CAMPAIGN"",""physics_penalty"":""FROZEN_R3_SIMPLIFIED_CAMPAIGN"",""physics_real_fraction"":""FROZEN_R3_SIMPLIFIED_CAMPAIGN"",""physics_warmup_fraction"":""FROZEN_R3_SIMPLIFIED_CAMPAIGN"",""synthetic_base_rows"":""OPTUNA"",""synthetic_batch_size"":""FROZEN_R3_SIMPLIFIED_CAMPAIGN"",""synthetic_levels"":""FROZEN_R3_SIMPLIFIED_CAMPAIGN"",""synthetic_local_span_std"":""FROZEN_R3_SIMPLIFIED_CAMPAIGN"",""target_transform"":""OPTUNA"",""tau_softplus"":""FROZEN_R3_SIMPLIFIED_CAMPAIGN"",""weight_decay"":""OPTUNA""},""physics_dropout_mode"":""data_only_dropout"",""physics_mode"":""CDP_NEG"",""physics_penalty"":""softplus"",""physics_real_fraction"":0.25,""physics_warmup_fraction"":0.1,""synthetic_base_rows"":64,""synthetic_batch_size"":256,""synthetic_levels"":5,""synthetic_local_span_std"":0.5,""target_transform"":""original"",""tau_softplus"":0.05,""weight_decay"":1.023227602591911e-07}"
32,COMPLETE,0.5851397336746171,,0.7250096477365137,0.5921464466420742,0.6453928382304949,0.6838546823633614,0.5385013195781074,0.07656746604305284,1.3578357587405225,51.611328125,48.388671875,,0.3334828639027723,dcc2373c11c468f82ede26d46d3c9c3e3dcd8f9f893b36b599432eb54a1a2c66,OPTUNA_FOCUSED_R3,COMPLETE_ALL_WF_FOLDS,False,predictive_only_robust_score,13313,C,NOT_APPLICABLE_FULL_EVAL,221.11414269998204,"{""activation"":""gelu"",""batch_size"":128,""config_source"":""OPTUNA_FOCUSED_R3"",""dropout"":0.15,""fourier_dim"":0,""fourier_scale"":0.05,""gradient_clip"":5.0,""hidden_widths"":[64,192],""huber_delta"":0.9054150597741376,""lambda_phys"":0.0010595511642740821,""learning_rate"":0.004124854033500274,""loss_data"":""huber"",""lr_scheduler"":""cosine"",""max_epochs"":300,""name"":""TRIAL_0032_CDP_NEG"",""nonnegative_output"":false,""optimizer"":""AdamW"",""parameter_sources"":{""activation"":""OPTUNA"",""batch_size"":""OPTUNA"",""dropout"":""OPTUNA"",""fourier_dim"":""FROZEN_R3_SIMPLIFIED_CAMPAIGN"",""fourier_scale"":""FROZEN_R3_SIMPLIFIED_CAMPAIGN"",""gradient_clip"":""FROZEN_R3_SIMPLIFIED_CAMPAIGN"",""hidden_widths"":""OPTUNA"",""huber_delta"":""OPTUNA"",""lambda_phys"":""OPTUNA"",""learning_rate"":""OPTUNA"",""loss_data"":""OPTUNA"",""lr_scheduler"":""FROZEN_R3_SIMPLIFIED_CAMPAIGN"",""max_epochs"":""FROZEN_R3_SIMPLIFIED_CAMPAIGN"",""nonnegative_output"":""FROZEN_R3_SIMPLIFIED_CAMPAIGN"",""optimizer"":""OPTUNA"",""physics_dropout_mode"":""FROZEN_R3_SIMPLIFIED_CAMPAIGN"",""physics_mode"":""FROZEN_R3_SIMPLIFIED_CAMPAIGN"",""physics_penalty"":""FROZEN_R3_SIMPLIFIED_CAMPAIGN"",""physics_real_fraction"":""FROZEN_R3_SIMPLIFIED_CAMPAIGN"",""physics_warmup_fraction"":""FROZEN_R3_SIMPLIFIED_CAMPAIGN"",""synthetic_base_rows"":""OPTUNA"",""synthetic_batch_size"":""FROZEN_R3_SIMPLIFIED_CAMPAIGN"",""synthetic_levels"":""FROZEN_R3_SIMPLIFIED_CAMPAIGN"",""synthetic_local_span_std"":""FROZEN_R3_SIMPLIFIED_CAMPAIGN"",""target_transform"":""OPTUNA"",""tau_softplus"":""FROZEN_R3_SIMPLIFIED_CAMPAIGN"",""weight_decay"":""OPTUNA""},""physics_dropout_mode"":""data_only_dropout"",""physics_mode"":""CDP_NEG"",""physics_penalty"":""softplus"",""physics_real_fraction"":0.25,""physics_warmup_fraction"":0.1,""synthetic_base_rows"":64,""synthetic_batch_size"":256,""synthetic_levels"":5,""synthetic_local_span_std"":0.5,""target_transform"":""original"",""tau_softplus"":0.05,""weight_decay"":0.0}"
33,COMPLETE,0.6172982465628188,,0.7216905471159625,0.5677684893894561,0.6740384166026842,0.6857590177978211,0.5850125475520039,0.06840828967998343,1.2991193523969307,95.556640625,4.443359375,,0.2858431518283379,3e72884de7131cad5cebb16aaf98ac1aeb162a17e1088e3edd026290b5518a57,OPTUNA_FOCUSED_R3,COMPLETE_ALL_WF_FOLDS,False,predictive_only_robust_score,57697,B,NOT_APPLICABLE_FULL_EVAL,227.85650480003096,"{""activation"":""silu"",""batch_size"":128,""config_source"":""OPTUNA_FOCUSED_R3"",""dropout"":0.03,""fourier_dim"":0,""fourier_scale"":0.05,""gradient_clip"":5.0,""hidden_widths"":[192,96,192,96],""huber_delta"":1.0,""lambda_phys"":0.32117426347489686,""learning_rate"":0.003061302886228489,""loss_data"":""mse"",""lr_scheduler"":""cosine"",""max_epochs"":300,""name"":""TRIAL_0033_CDP_NEG"",""nonnegative_output"":false,""optimizer"":""NAdam"",""parameter_sources"":{""activation"":""OPTUNA"",""batch_size"":""OPTUNA"",""dropout"":""OPTUNA"",""fourier_dim"":""FROZEN_R3_SIMPLIFIED_CAMPAIGN"",""fourier_scale"":""FROZEN_R3_SIMPLIFIED_CAMPAIGN"",""gradient_clip"":""FROZEN_R3_SIMPLIFIED_CAMPAIGN"",""hidden_widths"":""OPTUNA"",""huber_delta"":""OPTUNA"",""lambda_phys"":""OPTUNA"",""learning_rate"":""OPTUNA"",""loss_data"":""OPTUNA"",""lr_scheduler"":""FROZEN_R3_SIMPLIFIED_CAMPAIGN"",""max_epochs"":""FROZEN_R3_SIMPLIFIED_CAMPAIGN"",""nonnegative_output"":""FROZEN_R3_SIMPLIFIED_CAMPAIGN"",""optimizer"":""OPTUNA"",""physics_dropout_mode"":""FROZEN_R3_SIMPLIFIED_CAMPAIGN"",""physics_mode"":""FROZEN_R3_SIMPLIFIED_CAMPAIGN"",""physics_penalty"":""FROZEN_R3_SIMPLIFIED_CAMPAIGN"",""physics_real_fraction"":""FROZEN_R3_SIMPLIFIED_CAMPAIGN"",""physics_warmup_fraction"":""FROZEN_R3_SIMPLIFIED_CAMPAIGN"",""synthetic_base_rows"":""OPTUNA"",""synthetic_batch_size"":""FROZEN_R3_SIMPLIFIED_CAMPAIGN"",""synthetic_levels"":""FROZEN_R3_SIMPLIFIED_CAMPAIGN"",""synthetic_local_span_std"":""FROZEN_R3_SIMPLIFIED_CAMPAIGN"",""target_transform"":""OPTUNA"",""tau_softplus"":""FROZEN_R3_SIMPLIFIED_CAMPAIGN"",""weight_decay"":""OPTUNA""},""physics_dropout_mode"":""data_only_dropout"",""physics_mode"":""CDP_NEG"",""physics_penalty"":""softplus"",""physics_real_fraction"":0.25,""physics_warmup_fraction"":0.1,""synthetic_base_rows"":128,""synthetic_batch_size"":256,""synthetic_levels"":5,""synthetic_local_span_std"":0.5,""target_transform"":""original"",""tau_softplus"":0.05,""weight_decay"":0.0}"
34,COMPLETE,0.5813283093788918,,0.7291311522396896,0.5798578343593369,0.6575689876314931,0.6855297443659645,0.5320525299758104,0.09319030679533123,1.3291377529746313,99.4140625,0.5859375,,0.34963268863284896,197857dd7437b69aad6df9e62e061605be6679f3d368e05ca18cb20423b3f981,OPTUNA_FOCUSED_R3,COMPLETE_ALL_WF_FOLDS,False,predictive_only_robust_score,57697,A,NOT_APPLICABLE_FULL_EVAL,182.35121950000757,"{""activation"":""silu"",""batch_size"":128,""config_source"":""OPTUNA_FOCUSED_R3"",""dropout"":0.03,""fourier_dim"":0,""fourier_scale"":0.05,""gradient_clip"":5.0,""hidden_widths"":[192,96,192,96],""huber_delta"":1.0,""lambda_phys"":0.7106408840229972,""learning_rate"":0.0020849780659676687,""loss_data"":""mse"",""lr_scheduler"":""cosine"",""max_epochs"":300,""name"":""TRIAL_0034_CDP_NEG"",""nonnegative_output"":false,""optimizer"":""NAdam"",""parameter_sources"":{""activation"":""OPTUNA"",""batch_size"":""OPTUNA"",""dropout"":""OPTUNA"",""fourier_dim"":""FROZEN_R3_SIMPLIFIED_CAMPAIGN"",""fourier_scale"":""FROZEN_R3_SIMPLIFIED_CAMPAIGN"",""gradient_clip"":""FROZEN_R3_SIMPLIFIED_CAMPAIGN"",""hidden_widths"":""OPTUNA"",""huber_delta"":""OPTUNA"",""lambda_phys"":""OPTUNA"",""learning_rate"":""OPTUNA"",""loss_data"":""OPTUNA"",""lr_scheduler"":""FROZEN_R3_SIMPLIFIED_CAMPAIGN"",""max_epochs"":""FROZEN_R3_SIMPLIFIED_CAMPAIGN"",""nonnegative_output"":""FROZEN_R3_SIMPLIFIED_CAMPAIGN"",""optimizer"":""OPTUNA"",""physics_dropout_mode"":""FROZEN_R3_SIMPLIFIED_CAMPAIGN"",""physics_mode"":""FROZEN_R3_SIMPLIFIED_CAMPAIGN"",""physics_penalty"":""FROZEN_R3_SIMPLIFIED_CAMPAIGN"",""physics_real_fraction"":""FROZEN_R3_SIMPLIFIED_CAMPAIGN"",""physics_warmup_fraction"":""FROZEN_R3_SIMPLIFIED_CAMPAIGN"",""synthetic_base_rows"":""OPTUNA"",""synthetic_batch_size"":""FROZEN_R3_SIMPLIFIED_CAMPAIGN"",""synthetic_levels"":""FROZEN_R3_SIMPLIFIED_CAMPAIGN"",""synthetic_local_span_std"":""FROZEN_R3_SIMPLIFIED_CAMPAIGN"",""target_transform"":""OPTUNA"",""tau_softplus"":""FROZEN_R3_SIMPLIFIED_CAMPAIGN"",""weight_decay"":""OPTUNA""},""physics_dropout_mode"":""data_only_dropout"",""physics_mode"":""CDP_NEG"",""physics_penalty"":""softplus"",""physics_real_fraction"":0.25,""physics_warmup_fraction"":0.1,""synthetic_base_rows"":128,""synthetic_batch_size"":256,""synthetic_levels"":5,""synthetic_local_span_std"":0.5,""target_transform"":""original"",""tau_softplus"":0.05,""weight_decay"":4.6305114776706e-05}"
35,COMPLETE,0.5990924930299706,,0.7210723335909952,0.584255254682698,0.6550996486804068,0.6913816193727376,0.5554952136123592,0.07129085817306918,1.3395191199276457,90.966796875,9.033203125,,0.2745273382935447,ba8445338a63ab21533d8e9b15957d5275389000dce69201db7db2451d09498c,OPTUNA_FOCUSED_R3,COMPLETE_ALL_WF_FOLDS,False,predictive_only_robust_score,94657,C,NOT_APPLICABLE_FULL_EVAL,193.56680049997522,"{""activation"":""silu"",""batch_size"":128,""config_source"":""OPTUNA_FOCUSED_R3"",""dropout"":0.03,""fourier_dim"":0,""fourier_scale"":0.05,""gradient_clip"":5.0,""hidden_widths"":[192,192,192,96],""huber_delta"":1.0,""lambda_phys"":0.4663007048658759,""learning_rate"":0.004783982055943977,""loss_data"":""mse"",""lr_scheduler"":""cosine"",""max_epochs"":300,""name"":""TRIAL_0035_CDP_NEG"",""nonnegative_output"":false,""optimizer"":""NAdam"",""parameter_sources"":{""activation"":""OPTUNA"",""batch_size"":""OPTUNA"",""dropout"":""OPTUNA"",""fourier_dim"":""FROZEN_R3_SIMPLIFIED_CAMPAIGN"",""fourier_scale"":""FROZEN_R3_SIMPLIFIED_CAMPAIGN"",""gradient_clip"":""FROZEN_R3_SIMPLIFIED_CAMPAIGN"",""hidden_widths"":""OPTUNA"",""huber_delta"":""OPTUNA"",""lambda_phys"":""OPTUNA"",""learning_rate"":""OPTUNA"",""loss_data"":""OPTUNA"",""lr_scheduler"":""FROZEN_R3_SIMPLIFIED_CAMPAIGN"",""max_epochs"":""FROZEN_R3_SIMPLIFIED_CAMPAIGN"",""nonnegative_output"":""FROZEN_R3_SIMPLIFIED_CAMPAIGN"",""optimizer"":""OPTUNA"",""physics_dropout_mode"":""FROZEN_R3_SIMPLIFIED_CAMPAIGN"",""physics_mode"":""FROZEN_R3_SIMPLIFIED_CAMPAIGN"",""physics_penalty"":""FROZEN_R3_SIMPLIFIED_CAMPAIGN"",""physics_real_fraction"":""FROZEN_R3_SIMPLIFIED_CAMPAIGN"",""physics_warmup_fraction"":""FROZEN_R3_SIMPLIFIED_CAMPAIGN"",""synthetic_base_rows"":""OPTUNA"",""synthetic_batch_size"":""FROZEN_R3_SIMPLIFIED_CAMPAIGN"",""synthetic_levels"":""FROZEN_R3_SIMPLIFIED_CAMPAIGN"",""synthetic_local_span_std"":""FROZEN_R3_SIMPLIFIED_CAMPAIGN"",""target_transform"":""OPTUNA"",""tau_softplus"":""FROZEN_R3_SIMPLIFIED_CAMPAIGN"",""weight_decay"":""OPTUNA""},""physics_dropout_mode"":""data_only_dropout"",""physics_mode"":""CDP_NEG"",""physics_penalty"":""softplus"",""physics_real_fraction"":0.25,""physics_warmup_fraction"":0.1,""synthetic_base_rows"":256,""synthetic_batch_size"":256,""synthetic_levels"":5,""synthetic_local_span_std"":0.5,""target_transform"":""original"",""tau_softplus"":0.05,""weight_decay"":0.0}"
36,COMPLETE,0.581930403020349,,0.7745998490288749,0.598431224722657,0.6386300856284635,0.6495324610421843,0.5500628345337801,0.06830044575420613,1.3688399154634616,97.4609375,2.5390625,,0.41511721409977387,2d472cd9d4c2b9e4055c83cf0a586f37f976e60ffbc80a2db438ebeee5a4a8d2,OPTUNA_FOCUSED_R3,COMPLETE_ALL_WF_FOLDS,False,predictive_only_robust_score,63905,B,NOT_APPLICABLE_FULL_EVAL,45.16805040003965,"{""activation"":""silu"",""batch_size"":512,""config_source"":""OPTUNA_FOCUSED_R3"",""dropout"":0.03,""fourier_dim"":0,""fourier_scale"":0.05,""gradient_clip"":5.0,""hidden_widths"":[192,160,192],""huber_delta"":1.0,""lambda_phys"":0.0757057377308285,""learning_rate"":0.0022911055466501673,""loss_data"":""mse"",""lr_scheduler"":""cosine"",""max_epochs"":300,""name"":""TRIAL_0036_CDP_NEG"",""nonnegative_output"":false,""optimizer"":""NAdam"",""parameter_sources"":{""activation"":""OPTUNA"",""batch_size"":""OPTUNA"",""dropout"":""OPTUNA"",""fourier_dim"":""FROZEN_R3_SIMPLIFIED_CAMPAIGN"",""fourier_scale"":""FROZEN_R3_SIMPLIFIED_CAMPAIGN"",""gradient_clip"":""FROZEN_R3_SIMPLIFIED_CAMPAIGN"",""hidden_widths"":""OPTUNA"",""huber_delta"":""OPTUNA"",""lambda_phys"":""OPTUNA"",""learning_rate"":""OPTUNA"",""loss_data"":""OPTUNA"",""lr_scheduler"":""FROZEN_R3_SIMPLIFIED_CAMPAIGN"",""max_epochs"":""FROZEN_R3_SIMPLIFIED_CAMPAIGN"",""nonnegative_output"":""FROZEN_R3_SIMPLIFIED_CAMPAIGN"",""optimizer"":""OPTUNA"",""physics_dropout_mode"":""FROZEN_R3_SIMPLIFIED_CAMPAIGN"",""physics_mode"":""FROZEN_R3_SIMPLIFIED_CAMPAIGN"",""physics_penalty"":""FROZEN_R3_SIMPLIFIED_CAMPAIGN"",""physics_real_fraction"":""FROZEN_R3_SIMPLIFIED_CAMPAIGN"",""physics_warmup_fraction"":""FROZEN_R3_SIMPLIFIED_CAMPAIGN"",""synthetic_base_rows"":""OPTUNA"",""synthetic_batch_size"":""FROZEN_R3_SIMPLIFIED_CAMPAIGN"",""synthetic_levels"":""FROZEN_R3_SIMPLIFIED_CAMPAIGN"",""synthetic_local_span_std"":""FROZEN_R3_SIMPLIFIED_CAMPAIGN"",""target_transform"":""OPTUNA"",""tau_softplus"":""FROZEN_R3_SIMPLIFIED_CAMPAIGN"",""weight_decay"":""OPTUNA""},""physics_dropout_mode"":""data_only_dropout"",""physics_mode"":""CDP_NEG"",""physics_penalty"":""softplus"",""physics_real_fraction"":0.25,""physics_warmup_fraction"":0.1,""synthetic_base_rows"":128,""synthetic_batch_size"":256,""synthetic_levels"":5,""synthetic_local_span_std"":0.5,""target_transform"":""original"",""tau_softplus"":0.05,""weight_decay"":0.0}"
37,COMPLETE,0.5507137093514687,,0.7263156189329415,0.6110106371856784,0.6217464464666532,0.6237201392888194,0.5165541746628675,0.08509481879562865,1.3969297047348768,97.705078125,2.294921875,,0.3005817402488686,9a8bdbca038e671405a76416a93b55d6eb12da567c392fe385b652fafd300ee0,OPTUNA_FOCUSED_R3,COMPLETE_ALL_WF_FOLDS,False,predictive_only_robust_score,57697,B,NOT_APPLICABLE_FULL_EVAL,155.84389320004266,"{""activation"":""gelu"",""batch_size"":128,""config_source"":""OPTUNA_FOCUSED_R3"",""dropout"":0.0,""fourier_dim"":0,""fourier_scale"":0.05,""gradient_clip"":5.0,""hidden_widths"":[192,96,192,96],""huber_delta"":1.0,""lambda_phys"":0.714368480564536,""learning_rate"":0.0027326197787436676,""loss_data"":""mse"",""lr_scheduler"":""cosine"",""max_epochs"":300,""name"":""TRIAL_0037_CDP_NEG"",""nonnegative_output"":false,""optimizer"":""NAdam"",""parameter_sources"":{""activation"":""OPTUNA"",""batch_size"":""OPTUNA"",""dropout"":""OPTUNA"",""fourier_dim"":""FROZEN_R3_SIMPLIFIED_CAMPAIGN"",""fourier_scale"":""FROZEN_R3_SIMPLIFIED_CAMPAIGN"",""gradient_clip"":""FROZEN_R3_SIMPLIFIED_CAMPAIGN"",""hidden_widths"":""OPTUNA"",""huber_delta"":""OPTUNA"",""lambda_phys"":""OPTUNA"",""learning_rate"":""OPTUNA"",""loss_data"":""OPTUNA"",""lr_scheduler"":""FROZEN_R3_SIMPLIFIED_CAMPAIGN"",""max_epochs"":""FROZEN_R3_SIMPLIFIED_CAMPAIGN"",""nonnegative_output"":""FROZEN_R3_SIMPLIFIED_CAMPAIGN"",""optimizer"":""OPTUNA"",""physics_dropout_mode"":""FROZEN_R3_SIMPLIFIED_CAMPAIGN"",""physics_mode"":""FROZEN_R3_SIMPLIFIED_CAMPAIGN"",""physics_penalty"":""FROZEN_R3_SIMPLIFIED_CAMPAIGN"",""physics_real_fraction"":""FROZEN_R3_SIMPLIFIED_CAMPAIGN"",""physics_warmup_fraction"":""FROZEN_R3_SIMPLIFIED_CAMPAIGN"",""synthetic_base_rows"":""OPTUNA"",""synthetic_batch_size"":""FROZEN_R3_SIMPLIFIED_CAMPAIGN"",""synthetic_levels"":""FROZEN_R3_SIMPLIFIED_CAMPAIGN"",""synthetic_local_span_std"":""FROZEN_R3_SIMPLIFIED_CAMPAIGN"",""target_transform"":""OPTUNA"",""tau_softplus"":""FROZEN_R3_SIMPLIFIED_CAMPAIGN"",""weight_decay"":""OPTUNA""},""physics_dropout_mode"":""data_only_dropout"",""physics_mode"":""CDP_NEG"",""physics_penalty"":""softplus"",""physics_real_fraction"":0.25,""physics_warmup_fraction"":0.1,""synthetic_base_rows"":128,""synthetic_batch_size"":256,""synthetic_levels"":5,""synthetic_local_span_std"":0.5,""target_transform"":""log1p"",""tau_softplus"":0.05,""weight_decay"":0.0}"
38,COMPLETE,0.5928979141054511,,0.7678615735764373,0.5897447125082097,0.6489309008672041,0.6560716049186726,0.5631863500350967,0.06728467477929041,1.3486039955317308,23.53515625,76.46484375,,0.34936295173412946,c4a031fa881767ff6d668843bcb740b60e1c572e5b3eb0bb8ca7545ebb367d03,OPTUNA_FOCUSED_R3,COMPLETE_ALL_WF_FOLDS,False,predictive_only_robust_score,13313,C,NOT_APPLICABLE_FULL_EVAL,176.40307429997483,"{""activation"":""tanh"",""batch_size"":128,""config_source"":""OPTUNA_FOCUSED_R3"",""dropout"":0.03,""fourier_dim"":0,""fourier_scale"":0.05,""gradient_clip"":5.0,""hidden_widths"":[64,192],""huber_delta"":1.0,""lambda_phys"":0.0022677876770889425,""learning_rate"":0.0018702721195468152,""loss_data"":""mse"",""lr_scheduler"":""cosine"",""max_epochs"":300,""name"":""TRIAL_0038_CDP_NEG"",""nonnegative_output"":false,""optimizer"":""AdamW"",""parameter_sources"":{""activation"":""OPTUNA"",""batch_size"":""OPTUNA"",""dropout"":""OPTUNA"",""fourier_dim"":""FROZEN_R3_SIMPLIFIED_CAMPAIGN"",""fourier_scale"":""FROZEN_R3_SIMPLIFIED_CAMPAIGN"",""gradient_clip"":""FROZEN_R3_SIMPLIFIED_CAMPAIGN"",""hidden_widths"":""OPTUNA"",""huber_delta"":""OPTUNA"",""lambda_phys"":""OPTUNA"",""learning_rate"":""OPTUNA"",""loss_data"":""OPTUNA"",""lr_scheduler"":""FROZEN_R3_SIMPLIFIED_CAMPAIGN"",""max_epochs"":""FROZEN_R3_SIMPLIFIED_CAMPAIGN"",""nonnegative_output"":""FROZEN_R3_SIMPLIFIED_CAMPAIGN"",""optimizer"":""OPTUNA"",""physics_dropout_mode"":""FROZEN_R3_SIMPLIFIED_CAMPAIGN"",""physics_mode"":""FROZEN_R3_SIMPLIFIED_CAMPAIGN"",""physics_penalty"":""FROZEN_R3_SIMPLIFIED_CAMPAIGN"",""physics_real_fraction"":""FROZEN_R3_SIMPLIFIED_CAMPAIGN"",""physics_warmup_fraction"":""FROZEN_R3_SIMPLIFIED_CAMPAIGN"",""synthetic_base_rows"":""OPTUNA"",""synthetic_batch_size"":""FROZEN_R3_SIMPLIFIED_CAMPAIGN"",""synthetic_levels"":""FROZEN_R3_SIMPLIFIED_CAMPAIGN"",""synthetic_local_span_std"":""FROZEN_R3_SIMPLIFIED_CAMPAIGN"",""target_transform"":""OPTUNA"",""tau_softplus"":""FROZEN_R3_SIMPLIFIED_CAMPAIGN"",""weight_decay"":""OPTUNA""},""physics_dropout_mode"":""data_only_dropout"",""physics_mode"":""CDP_NEG"",""physics_penalty"":""softplus"",""physics_real_fraction"":0.25,""physics_warmup_fraction"":0.1,""synthetic_base_rows"":64,""synthetic_batch_size"":256,""synthetic_levels"":5,""synthetic_local_span_std"":0.5,""target_transform"":""original"",""tau_softplus"":0.05,""weight_decay"":1.565217347668326e-05}"
39,COMPLETE,0.5859971305532937,,0.7704347909360361,0.5930562687838051,0.6446908841127651,0.6691916634788737,0.5466446569103218,0.0721625104783799,1.3582315040270876,90.33203125,9.66796875,,0.40871565398684745,7c3397264d289f138c6d1634823397f0446ad911d37f1c463c5ad553a82bf076,OPTUNA_FOCUSED_R3,COMPLETE_ALL_WF_FOLDS,False,predictive_only_robust_score,51489,C,NOT_APPLICABLE_FULL_EVAL,207.1435491000302,"{""activation"":""silu"",""batch_size"":128,""config_source"":""OPTUNA_FOCUSED_R3"",""dropout"":0.15,""fourier_dim"":0,""fourier_scale"":0.05,""gradient_clip"":5.0,""hidden_widths"":[192,96,192,64],""huber_delta"":1.0,""lambda_phys"":0.08564456139365877,""learning_rate"":0.004218567187853887,""loss_data"":""mse"",""lr_scheduler"":""cosine"",""max_epochs"":300,""name"":""TRIAL_0039_CDP_NEG"",""nonnegative_output"":false,""optimizer"":""AdamW"",""parameter_sources"":{""activation"":""OPTUNA"",""batch_size"":""OPTUNA"",""dropout"":""OPTUNA"",""fourier_dim"":""FROZEN_R3_SIMPLIFIED_CAMPAIGN"",""fourier_scale"":""FROZEN_R3_SIMPLIFIED_CAMPAIGN"",""gradient_clip"":""FROZEN_R3_SIMPLIFIED_CAMPAIGN"",""hidden_widths"":""OPTUNA"",""huber_delta"":""OPTUNA"",""lambda_phys"":""OPTUNA"",""learning_rate"":""OPTUNA"",""loss_data"":""OPTUNA"",""lr_scheduler"":""FROZEN_R3_SIMPLIFIED_CAMPAIGN"",""max_epochs"":""FROZEN_R3_SIMPLIFIED_CAMPAIGN"",""nonnegative_output"":""FROZEN_R3_SIMPLIFIED_CAMPAIGN"",""optimizer"":""OPTUNA"",""physics_dropout_mode"":""FROZEN_R3_SIMPLIFIED_CAMPAIGN"",""physics_mode"":""FROZEN_R3_SIMPLIFIED_CAMPAIGN"",""physics_penalty"":""FROZEN_R3_SIMPLIFIED_CAMPAIGN"",""physics_real_fraction"":""FROZEN_R3_SIMPLIFIED_CAMPAIGN"",""physics_warmup_fraction"":""FROZEN_R3_SIMPLIFIED_CAMPAIGN"",""synthetic_base_rows"":""OPTUNA"",""synthetic_batch_size"":""FROZEN_R3_SIMPLIFIED_CAMPAIGN"",""synthetic_levels"":""FROZEN_R3_SIMPLIFIED_CAMPAIGN"",""synthetic_local_span_std"":""FROZEN_R3_SIMPLIFIED_CAMPAIGN"",""target_transform"":""OPTUNA"",""tau_softplus"":""FROZEN_R3_SIMPLIFIED_CAMPAIGN"",""weight_decay"":""OPTUNA""},""physics_dropout_mode"":""data_only_dropout"",""physics_mode"":""CDP_NEG"",""physics_penalty"":""softplus"",""physics_real_fraction"":0.25,""physics_warmup_fraction"":0.1,""synthetic_base_rows"":128,""synthetic_batch_size"":256,""synthetic_levels"":5,""synthetic_local_span_std"":0.5,""target_transform"":""original"",""tau_softplus"":0.05,""weight_decay"":0.0}"
40,COMPLETE,0.5769389266094201,,0.7471413629755167,0.5946261059720829,0.641579853426752,0.6966405150884292,0.5205923183876928,0.08566604292399367,1.3667282063680217,99.31640625,0.68359375,,0.3367966160018154,b0c5f881aa8f6f5a315e7917f2fe80ded7acd35b4b55cd03a47a76ba48e7bc7b,OPTUNA_FOCUSED_R3,COMPLETE_ALL_WF_FOLDS,False,predictive_only_robust_score,9025,A,NOT_APPLICABLE_FULL_EVAL,195.82637250004336,"{""activation"":""gelu"",""batch_size"":128,""config_source"":""OPTUNA_FOCUSED_R3"",""dropout"":0.08,""fourier_dim"":0,""fourier_scale"":0.05,""gradient_clip"":5.0,""hidden_widths"":[64,64,64],""huber_delta"":0.8381012714831213,""lambda_phys"":1.4948017308998092,""learning_rate"":0.005091517037784956,""loss_data"":""huber"",""lr_scheduler"":""cosine"",""max_epochs"":300,""name"":""TRIAL_0040_CDP_NEG"",""nonnegative_output"":false,""optimizer"":""AdamW"",""parameter_sources"":{""activation"":""OPTUNA"",""batch_size"":""OPTUNA"",""dropout"":""OPTUNA"",""fourier_dim"":""FROZEN_R3_SIMPLIFIED_CAMPAIGN"",""fourier_scale"":""FROZEN_R3_SIMPLIFIED_CAMPAIGN"",""gradient_clip"":""FROZEN_R3_SIMPLIFIED_CAMPAIGN"",""hidden_widths"":""OPTUNA"",""huber_delta"":""OPTUNA"",""lambda_phys"":""OPTUNA"",""learning_rate"":""OPTUNA"",""loss_data"":""OPTUNA"",""lr_scheduler"":""FROZEN_R3_SIMPLIFIED_CAMPAIGN"",""max_epochs"":""FROZEN_R3_SIMPLIFIED_CAMPAIGN"",""nonnegative_output"":""FROZEN_R3_SIMPLIFIED_CAMPAIGN"",""optimizer"":""OPTUNA"",""physics_dropout_mode"":""FROZEN_R3_SIMPLIFIED_CAMPAIGN"",""physics_mode"":""FROZEN_R3_SIMPLIFIED_CAMPAIGN"",""physics_penalty"":""FROZEN_R3_SIMPLIFIED_CAMPAIGN"",""physics_real_fraction"":""FROZEN_R3_SIMPLIFIED_CAMPAIGN"",""physics_warmup_fraction"":""FROZEN_R3_SIMPLIFIED_CAMPAIGN"",""synthetic_base_rows"":""OPTUNA"",""synthetic_batch_size"":""FROZEN_R3_SIMPLIFIED_CAMPAIGN"",""synthetic_levels"":""FROZEN_R3_SIMPLIFIED_CAMPAIGN"",""synthetic_local_span_std"":""FROZEN_R3_SIMPLIFIED_CAMPAIGN"",""target_transform"":""OPTUNA"",""tau_softplus"":""FROZEN_R3_SIMPLIFIED_CAMPAIGN"",""weight_decay"":""OPTUNA""},""physics_dropout_mode"":""data_only_dropout"",""physics_mode"":""CDP_NEG"",""physics_penalty"":""softplus"",""physics_real_fraction"":0.25,""physics_warmup_fraction"":0.1,""synthetic_base_rows"":256,""synthetic_batch_size"":256,""synthetic_levels"":5,""synthetic_local_span_std"":0.5,""target_transform"":""original"",""tau_softplus"":0.05,""weight_decay"":0.0}"
41,COMPLETE,0.5679144146128949,,0.7500732077103721,0.5977050173653753,0.6374659742089647,0.6884036993188173,0.5110672416300512,0.08993637581677434,1.3721897757994619,95.947265625,4.052734375,,0.31814645880771414,eee06d7ea5dbf36ec9ad33237368a4411e0a709cb1286dc8132eaaf63e0fd631,OPTUNA_FOCUSED_R3,COMPLETE_ALL_WF_FOLDS,False,predictive_only_robust_score,56897,B,NOT_APPLICABLE_FULL_EVAL,197.4665683999774,"{""activation"":""silu"",""batch_size"":128,""config_source"":""OPTUNA_FOCUSED_R3"",""dropout"":0.03,""fourier_dim"":0,""fourier_scale"":0.05,""gradient_clip"":5.0,""hidden_widths"":[96,96,160,192],""huber_delta"":1.1544042269817736,""lambda_phys"":0.07133742812279587,""learning_rate"":0.0023765254607696217,""loss_data"":""huber"",""lr_scheduler"":""cosine"",""max_epochs"":300,""name"":""TRIAL_0041_CDP_NEG"",""nonnegative_output"":false,""optimizer"":""NAdam"",""parameter_sources"":{""activation"":""OPTUNA"",""batch_size"":""OPTUNA"",""dropout"":""OPTUNA"",""fourier_dim"":""FROZEN_R3_SIMPLIFIED_CAMPAIGN"",""fourier_scale"":""FROZEN_R3_SIMPLIFIED_CAMPAIGN"",""gradient_clip"":""FROZEN_R3_SIMPLIFIED_CAMPAIGN"",""hidden_widths"":""OPTUNA"",""huber_delta"":""OPTUNA"",""lambda_phys"":""OPTUNA"",""learning_rate"":""OPTUNA"",""loss_data"":""OPTUNA"",""lr_scheduler"":""FROZEN_R3_SIMPLIFIED_CAMPAIGN"",""max_epochs"":""FROZEN_R3_SIMPLIFIED_CAMPAIGN"",""nonnegative_output"":""FROZEN_R3_SIMPLIFIED_CAMPAIGN"",""optimizer"":""OPTUNA"",""physics_dropout_mode"":""FROZEN_R3_SIMPLIFIED_CAMPAIGN"",""physics_mode"":""FROZEN_R3_SIMPLIFIED_CAMPAIGN"",""physics_penalty"":""FROZEN_R3_SIMPLIFIED_CAMPAIGN"",""physics_real_fraction"":""FROZEN_R3_SIMPLIFIED_CAMPAIGN"",""physics_warmup_fraction"":""FROZEN_R3_SIMPLIFIED_CAMPAIGN"",""synthetic_base_rows"":""OPTUNA"",""synthetic_batch_size"":""FROZEN_R3_SIMPLIFIED_CAMPAIGN"",""synthetic_levels"":""FROZEN_R3_SIMPLIFIED_CAMPAIGN"",""synthetic_local_span_std"":""FROZEN_R3_SIMPLIFIED_CAMPAIGN"",""target_transform"":""OPTUNA"",""tau_softplus"":""FROZEN_R3_SIMPLIFIED_CAMPAIGN"",""weight_decay"":""OPTUNA""},""physics_dropout_mode"":""data_only_dropout"",""physics_mode"":""CDP_NEG"",""physics_penalty"":""softplus"",""physics_real_fraction"":0.25,""physics_warmup_fraction"":0.1,""synthetic_base_rows"":128,""synthetic_batch_size"":256,""synthetic_levels"":5,""synthetic_local_span_std"":0.5,""target_transform"":""original"",""tau_softplus"":0.05,""weight_decay"":0.0}"
42,COMPLETE,0.5710100784446309,,0.7918216183973378,0.6037281953720731,0.6317703119082012,0.6598347914983616,0.5289924738312559,0.07512874494451098,1.3829748321029278,97.65625,2.34375,,0.4397834524252271,6dcafd01100fb8f3278025581a4ea4b9f65f35ef617743456e691c09adf6c135,OPTUNA_FOCUSED_R3,COMPLETE_ALL_WF_FOLDS,False,predictive_only_robust_score,20609,B,NOT_APPLICABLE_FULL_EVAL,172.09361049998552,"{""activation"":""gelu"",""batch_size"":128,""config_source"":""OPTUNA_FOCUSED_R3"",""dropout"":0.15,""fourier_dim"":0,""fourier_scale"":0.05,""gradient_clip"":5.0,""hidden_widths"":[192,64,96],""huber_delta"":1.0,""lambda_phys"":1.3955537732748833,""learning_rate"":0.0024791916901417237,""loss_data"":""mse"",""lr_scheduler"":""cosine"",""max_epochs"":300,""name"":""TRIAL_0042_CDP_NEG"",""nonnegative_output"":false,""optimizer"":""AdamW"",""parameter_sources"":{""activation"":""OPTUNA"",""batch_size"":""OPTUNA"",""dropout"":""OPTUNA"",""fourier_dim"":""FROZEN_R3_SIMPLIFIED_CAMPAIGN"",""fourier_scale"":""FROZEN_R3_SIMPLIFIED_CAMPAIGN"",""gradient_clip"":""FROZEN_R3_SIMPLIFIED_CAMPAIGN"",""hidden_widths"":""OPTUNA"",""huber_delta"":""OPTUNA"",""lambda_phys"":""OPTUNA"",""learning_rate"":""OPTUNA"",""loss_data"":""OPTUNA"",""lr_scheduler"":""FROZEN_R3_SIMPLIFIED_CAMPAIGN"",""max_epochs"":""FROZEN_R3_SIMPLIFIED_CAMPAIGN"",""nonnegative_output"":""FROZEN_R3_SIMPLIFIED_CAMPAIGN"",""optimizer"":""OPTUNA"",""physics_dropout_mode"":""FROZEN_R3_SIMPLIFIED_CAMPAIGN"",""physics_mode"":""FROZEN_R3_SIMPLIFIED_CAMPAIGN"",""physics_penalty"":""FROZEN_R3_SIMPLIFIED_CAMPAIGN"",""physics_real_fraction"":""FROZEN_R3_SIMPLIFIED_CAMPAIGN"",""physics_warmup_fraction"":""FROZEN_R3_SIMPLIFIED_CAMPAIGN"",""synthetic_base_rows"":""OPTUNA"",""synthetic_batch_size"":""FROZEN_R3_SIMPLIFIED_CAMPAIGN"",""synthetic_levels"":""FROZEN_R3_SIMPLIFIED_CAMPAIGN"",""synthetic_local_span_std"":""FROZEN_R3_SIMPLIFIED_CAMPAIGN"",""target_transform"":""OPTUNA"",""tau_softplus"":""FROZEN_R3_SIMPLIFIED_CAMPAIGN"",""weight_decay"":""OPTUNA""},""physics_dropout_mode"":""data_only_dropout"",""physics_mode"":""CDP_NEG"",""physics_penalty"":""softplus"",""physics_real_fraction"":0.25,""physics_warmup_fraction"":0.1,""synthetic_base_rows"":64,""synthetic_batch_size"":256,""synthetic_levels"":5,""synthetic_local_span_std"":0.5,""target_transform"":""original"",""tau_softplus"":0.05,""weight_decay"":0.0}"
43,COMPLETE,0.571005052645331,,0.803781945343449,0.6039918870783462,0.6314988939917346,0.6285079310840416,0.5442526667268064,0.07248816115138741,1.3800613845840726,46.19140625,53.80859375,,0.3948102608448951,3e8c32ff475d83af38377b2ddac7c5dcc70ceb7faf23c50edff2c4600858171f,OPTUNA_FOCUSED_R3,COMPLETE_ALL_WF_FOLDS,False,predictive_only_robust_score,11201,C,NOT_APPLICABLE_FULL_EVAL,128.51838240004145,"{""activation"":""gelu"",""batch_size"":128,""config_source"":""OPTUNA_FOCUSED_R3"",""dropout"":0.03,""fourier_dim"":0,""fourier_scale"":0.05,""gradient_clip"":5.0,""hidden_widths"":[64,160],""huber_delta"":1.0,""lambda_phys"":0.0010573267432795101,""learning_rate"":0.0028736444819342445,""loss_data"":""mse"",""lr_scheduler"":""cosine"",""max_epochs"":300,""name"":""TRIAL_0043_CDP_NEG"",""nonnegative_output"":false,""optimizer"":""AdamW"",""parameter_sources"":{""activation"":""OPTUNA"",""batch_size"":""OPTUNA"",""dropout"":""OPTUNA"",""fourier_dim"":""FROZEN_R3_SIMPLIFIED_CAMPAIGN"",""fourier_scale"":""FROZEN_R3_SIMPLIFIED_CAMPAIGN"",""gradient_clip"":""FROZEN_R3_SIMPLIFIED_CAMPAIGN"",""hidden_widths"":""OPTUNA"",""huber_delta"":""OPTUNA"",""lambda_phys"":""OPTUNA"",""learning_rate"":""OPTUNA"",""loss_data"":""OPTUNA"",""lr_scheduler"":""FROZEN_R3_SIMPLIFIED_CAMPAIGN"",""max_epochs"":""FROZEN_R3_SIMPLIFIED_CAMPAIGN"",""nonnegative_output"":""FROZEN_R3_SIMPLIFIED_CAMPAIGN"",""optimizer"":""OPTUNA"",""physics_dropout_mode"":""FROZEN_R3_SIMPLIFIED_CAMPAIGN"",""physics_mode"":""FROZEN_R3_SIMPLIFIED_CAMPAIGN"",""physics_penalty"":""FROZEN_R3_SIMPLIFIED_CAMPAIGN"",""physics_real_fraction"":""FROZEN_R3_SIMPLIFIED_CAMPAIGN"",""physics_warmup_fraction"":""FROZEN_R3_SIMPLIFIED_CAMPAIGN"",""synthetic_base_rows"":""OPTUNA"",""synthetic_batch_size"":""FROZEN_R3_SIMPLIFIED_CAMPAIGN"",""synthetic_levels"":""FROZEN_R3_SIMPLIFIED_CAMPAIGN"",""synthetic_local_span_std"":""FROZEN_R3_SIMPLIFIED_CAMPAIGN"",""target_transform"":""OPTUNA"",""tau_softplus"":""FROZEN_R3_SIMPLIFIED_CAMPAIGN"",""weight_decay"":""OPTUNA""},""physics_dropout_mode"":""data_only_dropout"",""physics_mode"":""CDP_NEG"",""physics_penalty"":""softplus"",""physics_real_fraction"":0.25,""physics_warmup_fraction"":0.1,""synthetic_base_rows"":64,""synthetic_batch_size"":256,""synthetic_levels"":5,""synthetic_local_span_std"":0.5,""target_transform"":""original"",""tau_softplus"":0.05,""weight_decay"":0.0}"
44,COMPLETE,0.6244698714574346,,0.7015609696079576,0.574443889642522,0.6679035562424791,0.6829937290272592,0.596799246142567,0.052981505605313006,1.3142681321069434,99.462890625,0.537109375,,0.2936868557089028,86099ae05465b07beefabadc7e892784ccbf81e64d712987c9548ac95ad20bde,OPTUNA_FOCUSED_R3,COMPLETE_ALL_WF_FOLDS,False,predictive_only_robust_score,50273,A,NOT_APPLICABLE_FULL_EVAL,262.05803939996986,"{""activation"":""silu"",""batch_size"":128,""config_source"":""OPTUNA_FOCUSED_R3"",""dropout"":0.03,""fourier_dim"":0,""fourier_scale"":0.05,""gradient_clip"":5.0,""hidden_widths"":[160,96,128,160],""huber_delta"":1.0,""lambda_phys"":3.072177718432149,""learning_rate"":0.005161791616846958,""loss_data"":""mse"",""lr_scheduler"":""cosine"",""max_epochs"":300,""name"":""TRIAL_0044_CDP_NEG"",""nonnegative_output"":false,""optimizer"":""NAdam"",""parameter_sources"":{""activation"":""OPTUNA"",""batch_size"":""OPTUNA"",""dropout"":""OPTUNA"",""fourier_dim"":""FROZEN_R3_SIMPLIFIED_CAMPAIGN"",""fourier_scale"":""FROZEN_R3_SIMPLIFIED_CAMPAIGN"",""gradient_clip"":""FROZEN_R3_SIMPLIFIED_CAMPAIGN"",""hidden_widths"":""OPTUNA"",""huber_delta"":""OPTUNA"",""lambda_phys"":""OPTUNA"",""learning_rate"":""OPTUNA"",""loss_data"":""OPTUNA"",""lr_scheduler"":""FROZEN_R3_SIMPLIFIED_CAMPAIGN"",""max_epochs"":""FROZEN_R3_SIMPLIFIED_CAMPAIGN"",""nonnegative_output"":""FROZEN_R3_SIMPLIFIED_CAMPAIGN"",""optimizer"":""OPTUNA"",""physics_dropout_mode"":""FROZEN_R3_SIMPLIFIED_CAMPAIGN"",""physics_mode"":""FROZEN_R3_SIMPLIFIED_CAMPAIGN"",""physics_penalty"":""FROZEN_R3_SIMPLIFIED_CAMPAIGN"",""physics_real_fraction"":""FROZEN_R3_SIMPLIFIED_CAMPAIGN"",""physics_warmup_fraction"":""FROZEN_R3_SIMPLIFIED_CAMPAIGN"",""synthetic_base_rows"":""OPTUNA"",""synthetic_batch_size"":""FROZEN_R3_SIMPLIFIED_CAMPAIGN"",""synthetic_levels"":""FROZEN_R3_SIMPLIFIED_CAMPAIGN"",""synthetic_local_span_std"":""FROZEN_R3_SIMPLIFIED_CAMPAIGN"",""target_transform"":""OPTUNA"",""tau_softplus"":""FROZEN_R3_SIMPLIFIED_CAMPAIGN"",""weight_decay"":""OPTUNA""},""physics_dropout_mode"":""data_only_dropout"",""physics_mode"":""CDP_NEG"",""physics_penalty"":""softplus"",""physics_real_fraction"":0.25,""physics_warmup_fraction"":0.1,""synthetic_base_rows"":128,""synthetic_batch_size"":256,""synthetic_levels"":5,""synthetic_local_span_std"":0.5,""target_transform"":""original"",""tau_softplus"":0.05,""weight_decay"":0.0}"
45,COMPLETE,0.5867323050772227,,0.7477000578065315,0.594758958547052,0.6429796688266051,0.6418907589368708,0.5610082402571992,0.06737833640818607,1.3590936736019248,98.92578125,1.07421875,,0.35389202986956175,f412f96abc3bb844ec5cc1c695d123066cf79a400fde195f2a2faab638c93ed1,OPTUNA_FOCUSED_R3,COMPLETE_ALL_WF_FOLDS,False,predictive_only_robust_score,50273,B,NOT_APPLICABLE_FULL_EVAL,284.2417494999827,"{""activation"":""silu"",""batch_size"":128,""config_source"":""OPTUNA_FOCUSED_R3"",""dropout"":0.03,""fourier_dim"":0,""fourier_scale"":0.05,""gradient_clip"":5.0,""hidden_widths"":[160,96,128,160],""huber_delta"":1.0,""lambda_phys"":2.0582159067741297,""learning_rate"":0.005096872016395077,""loss_data"":""mse"",""lr_scheduler"":""cosine"",""max_epochs"":300,""name"":""TRIAL_0045_CDP_NEG"",""nonnegative_output"":false,""optimizer"":""AdamW"",""parameter_sources"":{""activation"":""OPTUNA"",""batch_size"":""OPTUNA"",""dropout"":""OPTUNA"",""fourier_dim"":""FROZEN_R3_SIMPLIFIED_CAMPAIGN"",""fourier_scale"":""FROZEN_R3_SIMPLIFIED_CAMPAIGN"",""gradient_clip"":""FROZEN_R3_SIMPLIFIED_CAMPAIGN"",""hidden_widths"":""OPTUNA"",""huber_delta"":""OPTUNA"",""lambda_phys"":""OPTUNA"",""learning_rate"":""OPTUNA"",""loss_data"":""OPTUNA"",""lr_scheduler"":""FROZEN_R3_SIMPLIFIED_CAMPAIGN"",""max_epochs"":""FROZEN_R3_SIMPLIFIED_CAMPAIGN"",""nonnegative_output"":""FROZEN_R3_SIMPLIFIED_CAMPAIGN"",""optimizer"":""OPTUNA"",""physics_dropout_mode"":""FROZEN_R3_SIMPLIFIED_CAMPAIGN"",""physics_mode"":""FROZEN_R3_SIMPLIFIED_CAMPAIGN"",""physics_penalty"":""FROZEN_R3_SIMPLIFIED_CAMPAIGN"",""physics_real_fraction"":""FROZEN_R3_SIMPLIFIED_CAMPAIGN"",""physics_warmup_fraction"":""FROZEN_R3_SIMPLIFIED_CAMPAIGN"",""synthetic_base_rows"":""OPTUNA"",""synthetic_batch_size"":""FROZEN_R3_SIMPLIFIED_CAMPAIGN"",""synthetic_levels"":""FROZEN_R3_SIMPLIFIED_CAMPAIGN"",""synthetic_local_span_std"":""FROZEN_R3_SIMPLIFIED_CAMPAIGN"",""target_transform"":""OPTUNA"",""tau_softplus"":""FROZEN_R3_SIMPLIFIED_CAMPAIGN"",""weight_decay"":""OPTUNA""},""physics_dropout_mode"":""data_only_dropout"",""physics_mode"":""CDP_NEG"",""physics_penalty"":""softplus"",""physics_real_fraction"":0.25,""physics_warmup_fraction"":0.1,""synthetic_base_rows"":64,""synthetic_batch_size"":256,""synthetic_levels"":5,""synthetic_local_span_std"":0.5,""target_transform"":""original"",""tau_softplus"":0.05,""weight_decay"":0.0}"
46,COMPLETE,0.5848991105070416,,0.7136500349833987,0.5876787920963628,0.6501805029956103,0.6578486097506424,0.5506042895373484,0.0783609644012122,1.3442479924858308,99.951171875,0.048828125,,0.25906792368416137,d3dcd091a7671fb8e752c07ebc8ff6bc4a3405a7f0230c9ae6d8a9b6bb2d417c,OPTUNA_FOCUSED_R3,COMPLETE_ALL_WF_FOLDS,False,predictive_only_robust_score,50273,A,NOT_APPLICABLE_FULL_EVAL,96.29023479996249,"{""activation"":""silu"",""batch_size"":256,""config_source"":""OPTUNA_FOCUSED_R3"",""dropout"":0.03,""fourier_dim"":0,""fourier_scale"":0.05,""gradient_clip"":5.0,""hidden_widths"":[160,96,128,160],""huber_delta"":1.0,""lambda_phys"":0.907981196901332,""learning_rate"":0.002672030239129226,""loss_data"":""mse"",""lr_scheduler"":""cosine"",""max_epochs"":300,""name"":""TRIAL_0046_CDP_NEG"",""nonnegative_output"":false,""optimizer"":""NAdam"",""parameter_sources"":{""activation"":""OPTUNA"",""batch_size"":""OPTUNA"",""dropout"":""OPTUNA"",""fourier_dim"":""FROZEN_R3_SIMPLIFIED_CAMPAIGN"",""fourier_scale"":""FROZEN_R3_SIMPLIFIED_CAMPAIGN"",""gradient_clip"":""FROZEN_R3_SIMPLIFIED_CAMPAIGN"",""hidden_widths"":""OPTUNA"",""huber_delta"":""OPTUNA"",""lambda_phys"":""OPTUNA"",""learning_rate"":""OPTUNA"",""loss_data"":""OPTUNA"",""lr_scheduler"":""FROZEN_R3_SIMPLIFIED_CAMPAIGN"",""max_epochs"":""FROZEN_R3_SIMPLIFIED_CAMPAIGN"",""nonnegative_output"":""FROZEN_R3_SIMPLIFIED_CAMPAIGN"",""optimizer"":""OPTUNA"",""physics_dropout_mode"":""FROZEN_R3_SIMPLIFIED_CAMPAIGN"",""physics_mode"":""FROZEN_R3_SIMPLIFIED_CAMPAIGN"",""physics_penalty"":""FROZEN_R3_SIMPLIFIED_CAMPAIGN"",""physics_real_fraction"":""FROZEN_R3_SIMPLIFIED_CAMPAIGN"",""physics_warmup_fraction"":""FROZEN_R3_SIMPLIFIED_CAMPAIGN"",""synthetic_base_rows"":""OPTUNA"",""synthetic_batch_size"":""FROZEN_R3_SIMPLIFIED_CAMPAIGN"",""synthetic_levels"":""FROZEN_R3_SIMPLIFIED_CAMPAIGN"",""synthetic_local_span_std"":""FROZEN_R3_SIMPLIFIED_CAMPAIGN"",""target_transform"":""OPTUNA"",""tau_softplus"":""FROZEN_R3_SIMPLIFIED_CAMPAIGN"",""weight_decay"":""OPTUNA""},""physics_dropout_mode"":""data_only_dropout"",""physics_mode"":""CDP_NEG"",""physics_penalty"":""softplus"",""physics_real_fraction"":0.25,""physics_warmup_fraction"":0.1,""synthetic_base_rows"":128,""synthetic_batch_size"":256,""synthetic_levels"":5,""synthetic_local_span_std"":0.5,""target_transform"":""original"",""tau_softplus"":0.05,""weight_decay"":0.0}"
47,COMPLETE,0.5355158479068327,,0.7482244326172552,0.6219058483392507,0.6082831536026725,0.6338397950697603,0.4890256811070032,0.08879814638564508,1.4243902540065614,99.853515625,0.146484375,,0.32987254262743454,de87b8408a6b6a11531add544640818c869d61af0451e1de45bf357d0c9204cb,OPTUNA_FOCUSED_R3,COMPLETE_ALL_WF_FOLDS,False,predictive_only_robust_score,35937,A,NOT_APPLICABLE_FULL_EVAL,253.4770031000371,"{""activation"":""silu"",""batch_size"":128,""config_source"":""OPTUNA_FOCUSED_R3"",""dropout"":0.03,""fourier_dim"":0,""fourier_scale"":0.05,""gradient_clip"":5.0,""hidden_widths"":[64,96,128,128],""huber_delta"":1.0,""lambda_phys"":1.2384942893014554,""learning_rate"":0.0037788493298946874,""loss_data"":""mse"",""lr_scheduler"":""cosine"",""max_epochs"":300,""name"":""TRIAL_0047_CDP_NEG"",""nonnegative_output"":false,""optimizer"":""NAdam"",""parameter_sources"":{""activation"":""OPTUNA"",""batch_size"":""OPTUNA"",""dropout"":""OPTUNA"",""fourier_dim"":""FROZEN_R3_SIMPLIFIED_CAMPAIGN"",""fourier_scale"":""FROZEN_R3_SIMPLIFIED_CAMPAIGN"",""gradient_clip"":""FROZEN_R3_SIMPLIFIED_CAMPAIGN"",""hidden_widths"":""OPTUNA"",""huber_delta"":""OPTUNA"",""lambda_phys"":""OPTUNA"",""learning_rate"":""OPTUNA"",""loss_data"":""OPTUNA"",""lr_scheduler"":""FROZEN_R3_SIMPLIFIED_CAMPAIGN"",""max_epochs"":""FROZEN_R3_SIMPLIFIED_CAMPAIGN"",""nonnegative_output"":""FROZEN_R3_SIMPLIFIED_CAMPAIGN"",""optimizer"":""OPTUNA"",""physics_dropout_mode"":""FROZEN_R3_SIMPLIFIED_CAMPAIGN"",""physics_mode"":""FROZEN_R3_SIMPLIFIED_CAMPAIGN"",""physics_penalty"":""FROZEN_R3_SIMPLIFIED_CAMPAIGN"",""physics_real_fraction"":""FROZEN_R3_SIMPLIFIED_CAMPAIGN"",""physics_warmup_fraction"":""FROZEN_R3_SIMPLIFIED_CAMPAIGN"",""synthetic_base_rows"":""OPTUNA"",""synthetic_batch_size"":""FROZEN_R3_SIMPLIFIED_CAMPAIGN"",""synthetic_levels"":""FROZEN_R3_SIMPLIFIED_CAMPAIGN"",""synthetic_local_span_std"":""FROZEN_R3_SIMPLIFIED_CAMPAIGN"",""target_transform"":""OPTUNA"",""tau_softplus"":""FROZEN_R3_SIMPLIFIED_CAMPAIGN"",""weight_decay"":""OPTUNA""},""physics_dropout_mode"":""data_only_dropout"",""physics_mode"":""CDP_NEG"",""physics_penalty"":""softplus"",""physics_real_fraction"":0.25,""physics_warmup_fraction"":0.1,""synthetic_base_rows"":128,""synthetic_batch_size"":256,""synthetic_levels"":5,""synthetic_local_span_std"":0.5,""target_transform"":""log1p"",""tau_softplus"":0.05,""weight_decay"":0.0}"
48,COMPLETE,0.5829199909850044,,0.7887762013605881,0.5972323206625019,0.6399865437079452,0.6424320085406687,0.5550487164277318,0.06837495804629916,1.365158953684034,99.755859375,0.244140625,,0.38311703124197366,0c1f1b8865afe0eab09a8b49c0ba00131e3e356af0263d355c90c1ca7ee1c65b,OPTUNA_FOCUSED_R3,COMPLETE_ALL_WF_FOLDS,False,predictive_only_robust_score,53057,A,NOT_APPLICABLE_FULL_EVAL,74.07058880000841,"{""activation"":""silu"",""batch_size"":512,""config_source"":""OPTUNA_FOCUSED_R3"",""dropout"":0.03,""fourier_dim"":0,""fourier_scale"":0.05,""gradient_clip"":5.0,""hidden_widths"":[128,64,192,160],""huber_delta"":1.0,""lambda_phys"":3.69329347450701,""learning_rate"":0.004421946242597543,""loss_data"":""mse"",""lr_scheduler"":""cosine"",""max_epochs"":300,""name"":""TRIAL_0048_CDP_NEG"",""nonnegative_output"":false,""optimizer"":""NAdam"",""parameter_sources"":{""activation"":""OPTUNA"",""batch_size"":""OPTUNA"",""dropout"":""OPTUNA"",""fourier_dim"":""FROZEN_R3_SIMPLIFIED_CAMPAIGN"",""fourier_scale"":""FROZEN_R3_SIMPLIFIED_CAMPAIGN"",""gradient_clip"":""FROZEN_R3_SIMPLIFIED_CAMPAIGN"",""hidden_widths"":""OPTUNA"",""huber_delta"":""OPTUNA"",""lambda_phys"":""OPTUNA"",""learning_rate"":""OPTUNA"",""loss_data"":""OPTUNA"",""lr_scheduler"":""FROZEN_R3_SIMPLIFIED_CAMPAIGN"",""max_epochs"":""FROZEN_R3_SIMPLIFIED_CAMPAIGN"",""nonnegative_output"":""FROZEN_R3_SIMPLIFIED_CAMPAIGN"",""optimizer"":""OPTUNA"",""physics_dropout_mode"":""FROZEN_R3_SIMPLIFIED_CAMPAIGN"",""physics_mode"":""FROZEN_R3_SIMPLIFIED_CAMPAIGN"",""physics_penalty"":""FROZEN_R3_SIMPLIFIED_CAMPAIGN"",""physics_real_fraction"":""FROZEN_R3_SIMPLIFIED_CAMPAIGN"",""physics_warmup_fraction"":""FROZEN_R3_SIMPLIFIED_CAMPAIGN"",""synthetic_base_rows"":""OPTUNA"",""synthetic_batch_size"":""FROZEN_R3_SIMPLIFIED_CAMPAIGN"",""synthetic_levels"":""FROZEN_R3_SIMPLIFIED_CAMPAIGN"",""synthetic_local_span_std"":""FROZEN_R3_SIMPLIFIED_CAMPAIGN"",""target_transform"":""OPTUNA"",""tau_softplus"":""FROZEN_R3_SIMPLIFIED_CAMPAIGN"",""weight_decay"":""OPTUNA""},""physics_dropout_mode"":""data_only_dropout"",""physics_mode"":""CDP_NEG"",""physics_penalty"":""softplus"",""physics_real_fraction"":0.25,""physics_warmup_fraction"":0.1,""synthetic_base_rows"":128,""synthetic_batch_size"":256,""synthetic_levels"":5,""synthetic_local_span_std"":0.5,""target_transform"":""original"",""tau_softplus"":0.05,""weight_decay"":0.0}"
49,COMPLETE,0.6024287243287997,,0.7046342944409876,0.583858029452417,0.6560513414553104,0.6695469388341994,0.5707411583955762,0.06485186504336865,1.3358581702435985,99.31640625,0.68359375,,0.25502824791133155,eb57a0bd47724200e042a5afde986bec39121f5a80d23dc0e24ad5eb7cac7f97,OPTUNA_FOCUSED_R3,COMPLETE_ALL_WF_FOLDS,False,predictive_only_robust_score,49441,A,NOT_APPLICABLE_FULL_EVAL,192.67945379996672,"{""activation"":""silu"",""batch_size"":128,""config_source"":""OPTUNA_FOCUSED_R3"",""dropout"":0.0,""fourier_dim"":0,""fourier_scale"":0.05,""gradient_clip"":5.0,""hidden_widths"":[192,160,64,96],""huber_delta"":1.0,""lambda_phys"":4.820395163854408,""learning_rate"":0.0031075022852004182,""loss_data"":""mse"",""lr_scheduler"":""cosine"",""max_epochs"":300,""name"":""TRIAL_0049_CDP_NEG"",""nonnegative_output"":false,""optimizer"":""NAdam"",""parameter_sources"":{""activation"":""OPTUNA"",""batch_size"":""OPTUNA"",""dropout"":""OPTUNA"",""fourier_dim"":""FROZEN_R3_SIMPLIFIED_CAMPAIGN"",""fourier_scale"":""FROZEN_R3_SIMPLIFIED_CAMPAIGN"",""gradient_clip"":""FROZEN_R3_SIMPLIFIED_CAMPAIGN"",""hidden_widths"":""OPTUNA"",""huber_delta"":""OPTUNA"",""lambda_phys"":""OPTUNA"",""learning_rate"":""OPTUNA"",""loss_data"":""OPTUNA"",""lr_scheduler"":""FROZEN_R3_SIMPLIFIED_CAMPAIGN"",""max_epochs"":""FROZEN_R3_SIMPLIFIED_CAMPAIGN"",""nonnegative_output"":""FROZEN_R3_SIMPLIFIED_CAMPAIGN"",""optimizer"":""OPTUNA"",""physics_dropout_mode"":""FROZEN_R3_SIMPLIFIED_CAMPAIGN"",""physics_mode"":""FROZEN_R3_SIMPLIFIED_CAMPAIGN"",""physics_penalty"":""FROZEN_R3_SIMPLIFIED_CAMPAIGN"",""physics_real_fraction"":""FROZEN_R3_SIMPLIFIED_CAMPAIGN"",""physics_warmup_fraction"":""FROZEN_R3_SIMPLIFIED_CAMPAIGN"",""synthetic_base_rows"":""OPTUNA"",""synthetic_batch_size"":""FROZEN_R3_SIMPLIFIED_CAMPAIGN"",""synthetic_levels"":""FROZEN_R3_SIMPLIFIED_CAMPAIGN"",""synthetic_local_span_std"":""FROZEN_R3_SIMPLIFIED_CAMPAIGN"",""target_transform"":""OPTUNA"",""tau_softplus"":""FROZEN_R3_SIMPLIFIED_CAMPAIGN"",""weight_decay"":""OPTUNA""},""physics_dropout_mode"":""data_only_dropout"",""physics_mode"":""CDP_NEG"",""physics_penalty"":""softplus"",""physics_real_fraction"":0.25,""physics_warmup_fraction"":0.1,""synthetic_base_rows"":128,""synthetic_batch_size"":256,""synthetic_levels"":5,""synthetic_local_span_std"":0.5,""target_transform"":""original"",""tau_softplus"":0.05,""weight_decay"":0.0}"
50,COMPLETE,0.6031206960089791,,0.7666293448613778,0.5804931221221525,0.6594810606968945,0.690755721146975,0.56168237698879,0.07063552598076936,1.3303877363599588,99.4140625,0.5859375,,0.3423057795484105,3e61e146a386e0093f74aaadafeaa74e701ccd36931e1c578076f93b0c863909,OPTUNA_FOCUSED_R3,COMPLETE_ALL_WF_FOLDS,False,predictive_only_robust_score,20353,A,NOT_APPLICABLE_FULL_EVAL,149.14022249996196,"{""activation"":""gelu"",""batch_size"":128,""config_source"":""OPTUNA_FOCUSED_R3"",""dropout"":0.03,""fourier_dim"":0,""fourier_scale"":0.05,""gradient_clip"":5.0,""hidden_widths"":[160,64,128],""huber_delta"":1.0,""lambda_phys"":2.6441734303246824,""learning_rate"":0.0035438120393506294,""loss_data"":""mse"",""lr_scheduler"":""cosine"",""max_epochs"":300,""name"":""TRIAL_0050_CDP_NEG"",""nonnegative_output"":false,""optimizer"":""AdamW"",""parameter_sources"":{""activation"":""OPTUNA"",""batch_size"":""OPTUNA"",""dropout"":""OPTUNA"",""fourier_dim"":""FROZEN_R3_SIMPLIFIED_CAMPAIGN"",""fourier_scale"":""FROZEN_R3_SIMPLIFIED_CAMPAIGN"",""gradient_clip"":""FROZEN_R3_SIMPLIFIED_CAMPAIGN"",""hidden_widths"":""OPTUNA"",""huber_delta"":""OPTUNA"",""lambda_phys"":""OPTUNA"",""learning_rate"":""OPTUNA"",""loss_data"":""OPTUNA"",""lr_scheduler"":""FROZEN_R3_SIMPLIFIED_CAMPAIGN"",""max_epochs"":""FROZEN_R3_SIMPLIFIED_CAMPAIGN"",""nonnegative_output"":""FROZEN_R3_SIMPLIFIED_CAMPAIGN"",""optimizer"":""OPTUNA"",""physics_dropout_mode"":""FROZEN_R3_SIMPLIFIED_CAMPAIGN"",""physics_mode"":""FROZEN_R3_SIMPLIFIED_CAMPAIGN"",""physics_penalty"":""FROZEN_R3_SIMPLIFIED_CAMPAIGN"",""physics_real_fraction"":""FROZEN_R3_SIMPLIFIED_CAMPAIGN"",""physics_warmup_fraction"":""FROZEN_R3_SIMPLIFIED_CAMPAIGN"",""synthetic_base_rows"":""OPTUNA"",""synthetic_batch_size"":""FROZEN_R3_SIMPLIFIED_CAMPAIGN"",""synthetic_levels"":""FROZEN_R3_SIMPLIFIED_CAMPAIGN"",""synthetic_local_span_std"":""FROZEN_R3_SIMPLIFIED_CAMPAIGN"",""target_transform"":""OPTUNA"",""tau_softplus"":""FROZEN_R3_SIMPLIFIED_CAMPAIGN"",""weight_decay"":""OPTUNA""},""physics_dropout_mode"":""data_only_dropout"",""physics_mode"":""CDP_NEG"",""physics_penalty"":""softplus"",""physics_real_fraction"":0.25,""physics_warmup_fraction"":0.1,""synthetic_base_rows"":128,""synthetic_batch_size"":256,""synthetic_levels"":5,""synthetic_local_span_std"":0.5,""target_transform"":""original"",""tau_softplus"":0.05,""weight_decay"":0.0}"
51,COMPLETE,0.5593332913745536,,0.7474291945283111,0.5965105897536352,0.6376053379965915,0.6221648389952902,0.5305912262440391,0.09431429870115973,1.362128655830312,99.853515625,0.146484375,,0.2854047368384266,4ef5ced3f77615b9ef22ab11ddf878b1ec49ab6685014b4cb11f76ef2c4c1be3,OPTUNA_FOCUSED_R3,COMPLETE_ALL_WF_FOLDS,False,predictive_only_robust_score,51521,A,NOT_APPLICABLE_FULL_EVAL,67.37843550002435,"{""activation"":""silu"",""batch_size"":512,""config_source"":""OPTUNA_FOCUSED_R3"",""dropout"":0.03,""fourier_dim"":0,""fourier_scale"":0.05,""gradient_clip"":5.0,""hidden_widths"":[192,96,160,96],""huber_delta"":1.490711581904096,""lambda_phys"":0.7239839527701003,""learning_rate"":0.0046551427168092015,""loss_data"":""huber"",""lr_scheduler"":""cosine"",""max_epochs"":300,""name"":""TRIAL_0051_CDP_NEG"",""nonnegative_output"":false,""optimizer"":""NAdam"",""parameter_sources"":{""activation"":""OPTUNA"",""batch_size"":""OPTUNA"",""dropout"":""OPTUNA"",""fourier_dim"":""FROZEN_R3_SIMPLIFIED_CAMPAIGN"",""fourier_scale"":""FROZEN_R3_SIMPLIFIED_CAMPAIGN"",""gradient_clip"":""FROZEN_R3_SIMPLIFIED_CAMPAIGN"",""hidden_widths"":""OPTUNA"",""huber_delta"":""OPTUNA"",""lambda_phys"":""OPTUNA"",""learning_rate"":""OPTUNA"",""loss_data"":""OPTUNA"",""lr_scheduler"":""FROZEN_R3_SIMPLIFIED_CAMPAIGN"",""max_epochs"":""FROZEN_R3_SIMPLIFIED_CAMPAIGN"",""nonnegative_output"":""FROZEN_R3_SIMPLIFIED_CAMPAIGN"",""optimizer"":""OPTUNA"",""physics_dropout_mode"":""FROZEN_R3_SIMPLIFIED_CAMPAIGN"",""physics_mode"":""FROZEN_R3_SIMPLIFIED_CAMPAIGN"",""physics_penalty"":""FROZEN_R3_SIMPLIFIED_CAMPAIGN"",""physics_real_fraction"":""FROZEN_R3_SIMPLIFIED_CAMPAIGN"",""physics_warmup_fraction"":""FROZEN_R3_SIMPLIFIED_CAMPAIGN"",""synthetic_base_rows"":""OPTUNA"",""synthetic_batch_size"":""FROZEN_R3_SIMPLIFIED_CAMPAIGN"",""synthetic_levels"":""FROZEN_R3_SIMPLIFIED_CAMPAIGN"",""synthetic_local_span_std"":""FROZEN_R3_SIMPLIFIED_CAMPAIGN"",""target_transform"":""OPTUNA"",""tau_softplus"":""FROZEN_R3_SIMPLIFIED_CAMPAIGN"",""weight_decay"":""OPTUNA""},""physics_dropout_mode"":""data_only_dropout"",""physics_mode"":""CDP_NEG"",""physics_penalty"":""softplus"",""physics_real_fraction"":0.25,""physics_warmup_fraction"":0.1,""synthetic_base_rows"":64,""synthetic_batch_size"":256,""synthetic_levels"":5,""synthetic_local_span_std"":0.5,""target_transform"":""original"",""tau_softplus"":0.05,""weight_decay"":0.0}"
52,COMPLETE,0.5360739162969005,,0.7767220557583044,0.6357011341098627,0.5921520710480755,0.5436875813843901,0.535340606998987,0.0745192942261633,1.4474067873757246,32.71484375,67.28515625,,0.4302397545794591,8492a1d9aa9241f5a0df2f8f2e4db4c21c41efb52747725d25de51e9d9f12de4,OPTUNA_FOCUSED_R3,COMPLETE_ALL_WF_FOLDS,False,predictive_only_robust_score,6977,C,NOT_APPLICABLE_FULL_EVAL,132.65061809995677,"{""activation"":""tanh"",""batch_size"":128,""config_source"":""OPTUNA_FOCUSED_R3"",""dropout"":0.03,""fourier_dim"":0,""fourier_scale"":0.05,""gradient_clip"":5.0,""hidden_widths"":[64,96],""huber_delta"":0.7119050412403081,""lambda_phys"":0.0017252035547496293,""learning_rate"":0.0034557229939108825,""loss_data"":""huber"",""lr_scheduler"":""cosine"",""max_epochs"":300,""name"":""TRIAL_0052_CDP_NEG"",""nonnegative_output"":false,""optimizer"":""AdamW"",""parameter_sources"":{""activation"":""OPTUNA"",""batch_size"":""OPTUNA"",""dropout"":""OPTUNA"",""fourier_dim"":""FROZEN_R3_SIMPLIFIED_CAMPAIGN"",""fourier_scale"":""FROZEN_R3_SIMPLIFIED_CAMPAIGN"",""gradient_clip"":""FROZEN_R3_SIMPLIFIED_CAMPAIGN"",""hidden_widths"":""OPTUNA"",""huber_delta"":""OPTUNA"",""lambda_phys"":""OPTUNA"",""learning_rate"":""OPTUNA"",""loss_data"":""OPTUNA"",""lr_scheduler"":""FROZEN_R3_SIMPLIFIED_CAMPAIGN"",""max_epochs"":""FROZEN_R3_SIMPLIFIED_CAMPAIGN"",""nonnegative_output"":""FROZEN_R3_SIMPLIFIED_CAMPAIGN"",""optimizer"":""OPTUNA"",""physics_dropout_mode"":""FROZEN_R3_SIMPLIFIED_CAMPAIGN"",""physics_mode"":""FROZEN_R3_SIMPLIFIED_CAMPAIGN"",""physics_penalty"":""FROZEN_R3_SIMPLIFIED_CAMPAIGN"",""physics_real_fraction"":""FROZEN_R3_SIMPLIFIED_CAMPAIGN"",""physics_warmup_fraction"":""FROZEN_R3_SIMPLIFIED_CAMPAIGN"",""synthetic_base_rows"":""OPTUNA"",""synthetic_batch_size"":""FROZEN_R3_SIMPLIFIED_CAMPAIGN"",""synthetic_levels"":""FROZEN_R3_SIMPLIFIED_CAMPAIGN"",""synthetic_local_span_std"":""FROZEN_R3_SIMPLIFIED_CAMPAIGN"",""target_transform"":""OPTUNA"",""tau_softplus"":""FROZEN_R3_SIMPLIFIED_CAMPAIGN"",""weight_decay"":""OPTUNA""},""physics_dropout_mode"":""data_only_dropout"",""physics_mode"":""CDP_NEG"",""physics_penalty"":""softplus"",""physics_real_fraction"":0.25,""physics_warmup_fraction"":0.1,""synthetic_base_rows"":64,""synthetic_batch_size"":256,""synthetic_levels"":5,""synthetic_local_span_std"":0.5,""target_transform"":""original"",""tau_softplus"":0.05,""weight_decay"":0.0}"
53,COMPLETE,0.5702197812645603,,0.6995972607452697,0.5863167259181811,0.649460999079749,0.6971520202104928,0.510225004256603,0.1000692726052421,1.3511560614932963,99.31640625,0.68359375,,0.3687010929152361,cf5669821cc097b6798e5c6b947f6b6d47cfc11070909434b7a004131df7b8dd,OPTUNA_FOCUSED_R3,COMPLETE_ALL_WF_FOLDS,False,predictive_only_robust_score,33921,A,NOT_APPLICABLE_FULL_EVAL,211.1178091999609,"{""activation"":""gelu"",""batch_size"":128,""config_source"":""OPTUNA_FOCUSED_R3"",""dropout"":0.03,""fourier_dim"":0,""fourier_scale"":0.05,""gradient_clip"":5.0,""hidden_widths"":[64,64,128,160],""huber_delta"":0.9928116567454253,""lambda_phys"":0.32535587862657417,""learning_rate"":0.005599590966498098,""loss_data"":""huber"",""lr_scheduler"":""cosine"",""max_epochs"":300,""name"":""TRIAL_0053_CDP_NEG"",""nonnegative_output"":false,""optimizer"":""AdamW"",""parameter_sources"":{""activation"":""OPTUNA"",""batch_size"":""OPTUNA"",""dropout"":""OPTUNA"",""fourier_dim"":""FROZEN_R3_SIMPLIFIED_CAMPAIGN"",""fourier_scale"":""FROZEN_R3_SIMPLIFIED_CAMPAIGN"",""gradient_clip"":""FROZEN_R3_SIMPLIFIED_CAMPAIGN"",""hidden_widths"":""OPTUNA"",""huber_delta"":""OPTUNA"",""lambda_phys"":""OPTUNA"",""learning_rate"":""OPTUNA"",""loss_data"":""OPTUNA"",""lr_scheduler"":""FROZEN_R3_SIMPLIFIED_CAMPAIGN"",""max_epochs"":""FROZEN_R3_SIMPLIFIED_CAMPAIGN"",""nonnegative_output"":""FROZEN_R3_SIMPLIFIED_CAMPAIGN"",""optimizer"":""OPTUNA"",""physics_dropout_mode"":""FROZEN_R3_SIMPLIFIED_CAMPAIGN"",""physics_mode"":""FROZEN_R3_SIMPLIFIED_CAMPAIGN"",""physics_penalty"":""FROZEN_R3_SIMPLIFIED_CAMPAIGN"",""physics_real_fraction"":""FROZEN_R3_SIMPLIFIED_CAMPAIGN"",""physics_warmup_fraction"":""FROZEN_R3_SIMPLIFIED_CAMPAIGN"",""synthetic_base_rows"":""OPTUNA"",""synthetic_batch_size"":""FROZEN_R3_SIMPLIFIED_CAMPAIGN"",""synthetic_levels"":""FROZEN_R3_SIMPLIFIED_CAMPAIGN"",""synthetic_local_span_std"":""FROZEN_R3_SIMPLIFIED_CAMPAIGN"",""target_transform"":""OPTUNA"",""tau_softplus"":""FROZEN_R3_SIMPLIFIED_CAMPAIGN"",""weight_decay"":""OPTUNA""},""physics_dropout_mode"":""data_only_dropout"",""physics_mode"":""CDP_NEG"",""physics_penalty"":""softplus"",""physics_real_fraction"":0.25,""physics_warmup_fraction"":0.1,""synthetic_base_rows"":128,""synthetic_batch_size"":256,""synthetic_levels"":5,""synthetic_local_span_std"":0.5,""target_transform"":""log1p"",""tau_softplus"":0.05,""weight_decay"":0.000784872635017639}"
54,COMPLETE,0.6080976768548557,,0.7820556864338567,0.5881742142901669,0.6518830609004885,0.6789984055750033,0.5745926562806227,0.05545744676067675,1.3469382815869597,98.92578125,1.07421875,,0.35897780141513685,b14956c6dc890f0d6bc80070c012b6fbe029a4c8ee3a8e7727fbedb1dc1f37ab,OPTUNA_FOCUSED_R3,COMPLETE_ALL_WF_FOLDS,False,predictive_only_robust_score,35873,B,NOT_APPLICABLE_FULL_EVAL,152.85809800005518,"{""activation"":""silu"",""batch_size"":128,""config_source"":""OPTUNA_FOCUSED_R3"",""dropout"":0.0,""fourier_dim"":0,""fourier_scale"":0.05,""gradient_clip"":5.0,""hidden_widths"":[160,96,192],""huber_delta"":1.0,""lambda_phys"":0.36293207780674563,""learning_rate"":0.0058090911479499715,""loss_data"":""mse"",""lr_scheduler"":""cosine"",""max_epochs"":300,""name"":""TRIAL_0054_CDP_NEG"",""nonnegative_output"":false,""optimizer"":""NAdam"",""parameter_sources"":{""activation"":""OPTUNA"",""batch_size"":""OPTUNA"",""dropout"":""OPTUNA"",""fourier_dim"":""FROZEN_R3_SIMPLIFIED_CAMPAIGN"",""fourier_scale"":""FROZEN_R3_SIMPLIFIED_CAMPAIGN"",""gradient_clip"":""FROZEN_R3_SIMPLIFIED_CAMPAIGN"",""hidden_widths"":""OPTUNA"",""huber_delta"":""OPTUNA"",""lambda_phys"":""OPTUNA"",""learning_rate"":""OPTUNA"",""loss_data"":""OPTUNA"",""lr_scheduler"":""FROZEN_R3_SIMPLIFIED_CAMPAIGN"",""max_epochs"":""FROZEN_R3_SIMPLIFIED_CAMPAIGN"",""nonnegative_output"":""FROZEN_R3_SIMPLIFIED_CAMPAIGN"",""optimizer"":""OPTUNA"",""physics_dropout_mode"":""FROZEN_R3_SIMPLIFIED_CAMPAIGN"",""physics_mode"":""FROZEN_R3_SIMPLIFIED_CAMPAIGN"",""physics_penalty"":""FROZEN_R3_SIMPLIFIED_CAMPAIGN"",""physics_real_fraction"":""FROZEN_R3_SIMPLIFIED_CAMPAIGN"",""physics_warmup_fraction"":""FROZEN_R3_SIMPLIFIED_CAMPAIGN"",""synthetic_base_rows"":""OPTUNA"",""synthetic_batch_size"":""FROZEN_R3_SIMPLIFIED_CAMPAIGN"",""synthetic_levels"":""FROZEN_R3_SIMPLIFIED_CAMPAIGN"",""synthetic_local_span_std"":""FROZEN_R3_SIMPLIFIED_CAMPAIGN"",""target_transform"":""OPTUNA"",""tau_softplus"":""FROZEN_R3_SIMPLIFIED_CAMPAIGN"",""weight_decay"":""OPTUNA""},""physics_dropout_mode"":""data_only_dropout"",""physics_mode"":""CDP_NEG"",""physics_penalty"":""softplus"",""physics_real_fraction"":0.25,""physics_warmup_fraction"":0.1,""synthetic_base_rows"":256,""synthetic_batch_size"":256,""synthetic_levels"":5,""synthetic_local_span_std"":0.5,""target_transform"":""original"",""tau_softplus"":0.05,""weight_decay"":0.0}"
