target,model_family,device,round,order_position,benchmark,batch_size,repetition,value,unit
NOX,DENSE_PINN,cpu,1,1,latency_wall_batch1_ms,1,0,0.0532,ms
NOX,DENSE_PINN,cpu,1,1,latency_wall_batch1_ms,1,1,0.0515,ms
NOX,DENSE_PINN,cpu,1,1,latency_wall_batch1_ms,1,2,0.05,ms
NOX,DENSE_PINN,cpu,1,1,latency_wall_batch1_ms,1,3,0.0668,ms
NOX,DENSE_PINN,cpu,1,1,latency_wall_batch1_ms,1,4,0.0521,ms
NOX,DENSE_PINN,cpu,1,1,latency_wall_batch1_ms,1,5,0.1318,ms
NOX,DENSE_PINN,cpu,1,1,latency_wall_batch1_ms,1,6,0.0572,ms
NOX,DENSE_PINN,cpu,1,1,latency_wall_batch1_ms,1,7,0.0537,ms
NOX,DENSE_PINN,cpu,1,1,latency_wall_batch1_ms,1,8,0.0529,ms
NOX,DENSE_PINN,cpu,1,1,latency_wall_batch1_ms,1,9,0.0536,ms
NOX,DENSE_PINN,cpu,1,1,latency_wall_batch1_ms,1,10,0.0515,ms
NOX,DENSE_PINN,cpu,1,1,latency_wall_batch1_ms,1,11,0.0504,ms
NOX,DENSE_PINN,cpu,1,1,latency_wall_batch1_ms,1,12,0.0509,ms
NOX,DENSE_PINN,cpu,1,1,latency_wall_batch1_ms,1,13,0.0505,ms
NOX,DENSE_PINN,cpu,1,1,latency_wall_batch1_ms,1,14,0.0505,ms
NOX,DENSE_PINN,cpu,1,1,latency_wall_batch1_ms,1,15,0.0498,ms
NOX,DENSE_PINN,cpu,1,1,latency_wall_batch1_ms,1,16,0.0506,ms
NOX,DENSE_PINN,cpu,1,1,latency_wall_batch1_ms,1,17,0.0513,ms
NOX,DENSE_PINN,cpu,1,1,latency_wall_batch1_ms,1,18,0.0504,ms
NOX,DENSE_PINN,cpu,1,1,latency_wall_batch1_ms,1,19,0.0499,ms
NOX,DENSE_PINN,cpu,1,1,latency_wall_batch1_ms,1,20,0.0502,ms
NOX,DENSE_PINN,cpu,1,1,latency_wall_batch1_ms,1,21,0.0622,ms
NOX,DENSE_PINN,cpu,1,1,latency_wall_batch1_ms,1,22,0.0508,ms
NOX,DENSE_PINN,cpu,1,1,latency_wall_batch1_ms,1,23,0.0502,ms
NOX,DENSE_PINN,cpu,1,1,latency_wall_batch1_ms,1,24,0.0514,ms
NOX,DENSE_PINN,cpu,1,1,latency_wall_batch1_ms,1,25,0.0523,ms
NOX,DENSE_PINN,cpu,1,1,latency_wall_batch1_ms,1,26,0.0506,ms
NOX,DENSE_PINN,cpu,1,1,latency_wall_batch1_ms,1,27,0.05,ms
NOX,DENSE_PINN,cpu,1,1,latency_wall_batch1_ms,1,28,0.0569,ms
NOX,DENSE_PINN,cpu,1,1,latency_wall_batch1_ms,1,29,0.0662,ms
NOX,DENSE_PINN,cpu,1,1,latency_wall_batch1_ms,1,30,0.066,ms
NOX,DENSE_PINN,cpu,1,1,latency_wall_batch1_ms,1,31,0.0563,ms
NOX,DENSE_PINN,cpu,1,1,latency_wall_batch1_ms,1,32,0.0498,ms
NOX,DENSE_PINN,cpu,1,1,latency_wall_batch1_ms,1,33,0.0502,ms
NOX,DENSE_PINN,cpu,1,1,latency_wall_batch1_ms,1,34,0.0497,ms
NOX,DENSE_PINN,cpu,1,1,latency_wall_batch1_ms,1,35,0.0501,ms
NOX,DENSE_PINN,cpu,1,1,latency_wall_batch1_ms,1,36,0.0504,ms
NOX,DENSE_PINN,cpu,1,1,latency_wall_batch1_ms,1,37,0.0497,ms
NOX,DENSE_PINN,cpu,1,1,latency_wall_batch1_ms,1,38,0.0496,ms
NOX,DENSE_PINN,cpu,1,1,latency_wall_batch1_ms,1,39,0.0503,ms
NOX,DENSE_PINN,cpu,1,1,latency_wall_batch1_ms,1,40,0.0496,ms
NOX,DENSE_PINN,cpu,1,1,latency_wall_batch1_ms,1,41,0.0497,ms
NOX,DENSE_PINN,cpu,1,1,latency_wall_batch1_ms,1,42,0.0499,ms
NOX,DENSE_PINN,cpu,1,1,latency_wall_batch1_ms,1,43,0.0499,ms
NOX,DENSE_PINN,cpu,1,1,latency_wall_batch1_ms,1,44,0.0501,ms
NOX,DENSE_PINN,cpu,1,1,latency_wall_batch1_ms,1,45,0.0502,ms
NOX,DENSE_PINN,cpu,1,1,latency_wall_batch1_ms,1,46,0.05,ms
NOX,DENSE_PINN,cpu,1,1,latency_wall_batch1_ms,1,47,0.05,ms
NOX,DENSE_PINN,cpu,1,1,latency_wall_batch1_ms,1,48,0.0501,ms
NOX,DENSE_PINN,cpu,1,1,latency_wall_batch1_ms,1,49,0.0494,ms
NOX,DENSE_PINN,cpu,1,1,latency_wall_batch1_ms,1,50,0.0501,ms
NOX,DENSE_PINN,cpu,1,1,latency_wall_batch1_ms,1,51,0.0496,ms
NOX,DENSE_PINN,cpu,1,1,latency_wall_batch1_ms,1,52,0.0497,ms
NOX,DENSE_PINN,cpu,1,1,latency_wall_batch1_ms,1,53,0.0501,ms
NOX,DENSE_PINN,cpu,1,1,latency_wall_batch1_ms,1,54,0.0501,ms
NOX,DENSE_PINN,cpu,1,1,latency_wall_batch1_ms,1,55,0.0498,ms
NOX,DENSE_PINN,cpu,1,1,latency_wall_batch1_ms,1,56,0.0498,ms
NOX,DENSE_PINN,cpu,1,1,latency_wall_batch1_ms,1,57,0.05,ms
NOX,DENSE_PINN,cpu,1,1,latency_wall_batch1_ms,1,58,0.0497,ms
NOX,DENSE_PINN,cpu,1,1,latency_wall_batch1_ms,1,59,0.0592,ms
NOX,DENSE_PINN,cpu,1,1,latency_wall_batch1_ms,1,60,0.051,ms
NOX,DENSE_PINN,cpu,1,1,latency_wall_batch1_ms,1,61,0.0507,ms
NOX,DENSE_PINN,cpu,1,1,latency_wall_batch1_ms,1,62,0.0502,ms
NOX,DENSE_PINN,cpu,1,1,latency_wall_batch1_ms,1,63,0.0503,ms
NOX,DENSE_PINN,cpu,1,1,latency_wall_batch1_ms,1,64,0.05,ms
NOX,DENSE_PINN,cpu,1,1,latency_wall_batch1_ms,1,65,0.0503,ms
NOX,DENSE_PINN,cpu,1,1,latency_wall_batch1_ms,1,66,0.0501,ms
NOX,DENSE_PINN,cpu,1,1,latency_wall_batch1_ms,1,67,0.0495,ms
NOX,DENSE_PINN,cpu,1,1,latency_wall_batch1_ms,1,68,0.0584,ms
NOX,DENSE_PINN,cpu,1,1,latency_wall_batch1_ms,1,69,0.0526,ms
NOX,DENSE_PINN,cpu,1,1,latency_wall_batch1_ms,1,70,0.0507,ms
NOX,DENSE_PINN,cpu,1,1,latency_wall_batch1_ms,1,71,0.0509,ms
NOX,DENSE_PINN,cpu,1,1,latency_wall_batch1_ms,1,72,0.0502,ms
NOX,DENSE_PINN,cpu,1,1,latency_wall_batch1_ms,1,73,0.0503,ms
NOX,DENSE_PINN,cpu,1,1,latency_wall_batch1_ms,1,74,0.0496,ms
NOX,DENSE_PINN,cpu,1,1,latency_wall_batch1_ms,1,75,0.0504,ms
NOX,DENSE_PINN,cpu,1,1,latency_wall_batch1_ms,1,76,0.0502,ms
NOX,DENSE_PINN,cpu,1,1,latency_wall_batch1_ms,1,77,0.0503,ms
NOX,DENSE_PINN,cpu,1,1,latency_wall_batch1_ms,1,78,0.0501,ms
NOX,DENSE_PINN,cpu,1,1,latency_wall_batch1_ms,1,79,0.0571,ms
NOX,DENSE_PINN,cpu,1,1,latency_wall_batch1_ms,1,80,0.0509,ms
NOX,DENSE_PINN,cpu,1,1,latency_wall_batch1_ms,1,81,0.0503,ms
NOX,DENSE_PINN,cpu,1,1,latency_wall_batch1_ms,1,82,0.05,ms
NOX,DENSE_PINN,cpu,1,1,latency_wall_batch1_ms,1,83,0.0506,ms
NOX,DENSE_PINN,cpu,1,1,latency_wall_batch1_ms,1,84,0.0499,ms
NOX,DENSE_PINN,cpu,1,1,latency_wall_batch1_ms,1,85,0.0502,ms
NOX,DENSE_PINN,cpu,1,1,latency_wall_batch1_ms,1,86,0.0501,ms
NOX,DENSE_PINN,cpu,1,1,latency_wall_batch1_ms,1,87,0.0501,ms
NOX,DENSE_PINN,cpu,1,1,latency_wall_batch1_ms,1,88,0.0503,ms
NOX,DENSE_PINN,cpu,1,1,latency_wall_batch1_ms,1,89,0.0503,ms
NOX,DENSE_PINN,cpu,1,1,latency_wall_batch1_ms,1,90,0.051,ms
NOX,DENSE_PINN,cpu,1,1,latency_wall_batch1_ms,1,91,0.0561,ms
NOX,DENSE_PINN,cpu,1,1,latency_wall_batch1_ms,1,92,0.0498,ms
NOX,DENSE_PINN,cpu,1,1,latency_wall_batch1_ms,1,93,0.05,ms
NOX,DENSE_PINN,cpu,1,1,latency_wall_batch1_ms,1,94,0.0502,ms
NOX,DENSE_PINN,cpu,1,1,latency_wall_batch1_ms,1,95,0.0501,ms
NOX,DENSE_PINN,cpu,1,1,latency_wall_batch1_ms,1,96,0.0501,ms
NOX,DENSE_PINN,cpu,1,1,latency_wall_batch1_ms,1,97,0.1261,ms
NOX,DENSE_PINN,cpu,1,1,latency_wall_batch1_ms,1,98,0.0796,ms
NOX,DENSE_PINN,cpu,1,1,latency_wall_batch1_ms,1,99,0.0845,ms
NOX,DENSE_PINN,cpu,1,1,latency_wall_batch1_ms,1,100,0.0683,ms
NOX,DENSE_PINN,cpu,1,1,latency_wall_batch1_ms,1,101,0.0662,ms
NOX,DENSE_PINN,cpu,1,1,latency_wall_batch1_ms,1,102,0.0663,ms
NOX,DENSE_PINN,cpu,1,1,latency_wall_batch1_ms,1,103,0.0776,ms
NOX,DENSE_PINN,cpu,1,1,latency_wall_batch1_ms,1,104,0.0675,ms
NOX,DENSE_PINN,cpu,1,1,latency_wall_batch1_ms,1,105,0.0664,ms
NOX,DENSE_PINN,cpu,1,1,latency_wall_batch1_ms,1,106,0.0663,ms
NOX,DENSE_PINN,cpu,1,1,latency_wall_batch1_ms,1,107,0.0661,ms
NOX,DENSE_PINN,cpu,1,1,latency_wall_batch1_ms,1,108,0.0659,ms
NOX,DENSE_PINN,cpu,1,1,latency_wall_batch1_ms,1,109,0.066,ms
NOX,DENSE_PINN,cpu,1,1,latency_wall_batch1_ms,1,110,0.0662,ms
NOX,DENSE_PINN,cpu,1,1,latency_wall_batch1_ms,1,111,0.0658,ms
NOX,DENSE_PINN,cpu,1,1,latency_wall_batch1_ms,1,112,0.0657,ms
NOX,DENSE_PINN,cpu,1,1,latency_wall_batch1_ms,1,113,0.0657,ms
NOX,DENSE_PINN,cpu,1,1,latency_wall_batch1_ms,1,114,0.0654,ms
NOX,DENSE_PINN,cpu,1,1,latency_wall_batch1_ms,1,115,0.0663,ms
NOX,DENSE_PINN,cpu,1,1,latency_wall_batch1_ms,1,116,0.0672,ms
NOX,DENSE_PINN,cpu,1,1,latency_wall_batch1_ms,1,117,0.0658,ms
NOX,DENSE_PINN,cpu,1,1,latency_wall_batch1_ms,1,118,0.0655,ms
NOX,DENSE_PINN,cpu,1,1,latency_wall_batch1_ms,1,119,0.0652,ms
NOX,DENSE_PINN,cpu,1,1,latency_wall_batch1_ms,1,120,0.0662,ms
NOX,DENSE_PINN,cpu,1,1,latency_wall_batch1_ms,1,121,0.0674,ms
NOX,DENSE_PINN,cpu,1,1,latency_wall_batch1_ms,1,122,0.0653,ms
NOX,DENSE_PINN,cpu,1,1,latency_wall_batch1_ms,1,123,0.0654,ms
NOX,DENSE_PINN,cpu,1,1,latency_wall_batch1_ms,1,124,0.0653,ms
NOX,DENSE_PINN,cpu,1,1,latency_wall_batch1_ms,1,125,0.0657,ms
NOX,DENSE_PINN,cpu,1,1,latency_wall_batch1_ms,1,126,0.0648,ms
NOX,DENSE_PINN,cpu,1,1,latency_wall_batch1_ms,1,127,0.0659,ms
NOX,DENSE_PINN,cpu,1,1,latency_wall_batch1_ms,1,128,0.0662,ms
NOX,DENSE_PINN,cpu,1,1,latency_wall_batch1_ms,1,129,0.0759,ms
NOX,DENSE_PINN,cpu,1,1,latency_wall_batch1_ms,1,130,0.0663,ms
NOX,DENSE_PINN,cpu,1,1,latency_wall_batch1_ms,1,131,0.066,ms
NOX,DENSE_PINN,cpu,1,1,latency_wall_batch1_ms,1,132,0.0678,ms
NOX,DENSE_PINN,cpu,1,1,latency_wall_batch1_ms,1,133,0.0658,ms
NOX,DENSE_PINN,cpu,1,1,latency_wall_batch1_ms,1,134,0.066,ms
NOX,DENSE_PINN,cpu,1,1,latency_wall_batch1_ms,1,135,0.0662,ms
NOX,DENSE_PINN,cpu,1,1,latency_wall_batch1_ms,1,136,0.0661,ms
NOX,DENSE_PINN,cpu,1,1,latency_wall_batch1_ms,1,137,0.0662,ms
NOX,DENSE_PINN,cpu,1,1,latency_wall_batch1_ms,1,138,0.0678,ms
NOX,DENSE_PINN,cpu,1,1,latency_wall_batch1_ms,1,139,0.0665,ms
NOX,DENSE_PINN,cpu,1,1,latency_wall_batch1_ms,1,140,0.0668,ms
NOX,DENSE_PINN,cpu,1,1,latency_wall_batch1_ms,1,141,0.0651,ms
NOX,DENSE_PINN,cpu,1,1,latency_wall_batch1_ms,1,142,0.0661,ms
NOX,DENSE_PINN,cpu,1,1,latency_wall_batch1_ms,1,143,0.0659,ms
NOX,DENSE_PINN,cpu,1,1,latency_wall_batch1_ms,1,144,0.0653,ms
NOX,DENSE_PINN,cpu,1,1,latency_wall_batch1_ms,1,145,0.0651,ms
NOX,DENSE_PINN,cpu,1,1,latency_wall_batch1_ms,1,146,0.1239,ms
NOX,DENSE_PINN,cpu,1,1,latency_wall_batch1_ms,1,147,0.0661,ms
NOX,DENSE_PINN,cpu,1,1,latency_wall_batch1_ms,1,148,0.066,ms
NOX,DENSE_PINN,cpu,1,1,latency_wall_batch1_ms,1,149,0.0656,ms
NOX,DENSE_PINN,cpu,1,1,latency_wall_batch1_ms,1,150,0.065,ms
NOX,DENSE_PINN,cpu,1,1,latency_wall_batch1_ms,1,151,0.0655,ms
NOX,DENSE_PINN,cpu,1,1,latency_wall_batch1_ms,1,152,0.0651,ms
NOX,DENSE_PINN,cpu,1,1,latency_wall_batch1_ms,1,153,0.0658,ms
NOX,DENSE_PINN,cpu,1,1,latency_wall_batch1_ms,1,154,0.0657,ms
NOX,DENSE_PINN,cpu,1,1,latency_wall_batch1_ms,1,155,0.0655,ms
NOX,DENSE_PINN,cpu,1,1,latency_wall_batch1_ms,1,156,0.0658,ms
NOX,DENSE_PINN,cpu,1,1,latency_wall_batch1_ms,1,157,0.0664,ms
NOX,DENSE_PINN,cpu,1,1,latency_wall_batch1_ms,1,158,0.0824,ms
NOX,DENSE_PINN,cpu,1,1,latency_wall_batch1_ms,1,159,0.0668,ms
NOX,DENSE_PINN,cpu,1,1,latency_wall_batch1_ms,1,160,0.066,ms
NOX,DENSE_PINN,cpu,1,1,latency_wall_batch1_ms,1,161,0.0652,ms
NOX,DENSE_PINN,cpu,1,1,latency_wall_batch1_ms,1,162,0.0656,ms
NOX,DENSE_PINN,cpu,1,1,latency_wall_batch1_ms,1,163,0.0656,ms
NOX,DENSE_PINN,cpu,1,1,latency_wall_batch1_ms,1,164,0.0654,ms
NOX,DENSE_PINN,cpu,1,1,latency_wall_batch1_ms,1,165,0.0647,ms
NOX,DENSE_PINN,cpu,1,1,latency_wall_batch1_ms,1,166,0.0656,ms
NOX,DENSE_PINN,cpu,1,1,latency_wall_batch1_ms,1,167,0.0657,ms
NOX,DENSE_PINN,cpu,1,1,latency_wall_batch1_ms,1,168,0.0662,ms
NOX,DENSE_PINN,cpu,1,1,latency_wall_batch1_ms,1,169,0.0663,ms
NOX,DENSE_PINN,cpu,1,1,latency_wall_batch1_ms,1,170,0.069,ms
NOX,DENSE_PINN,cpu,1,1,latency_wall_batch1_ms,1,171,0.0662,ms
NOX,DENSE_PINN,cpu,1,1,latency_wall_batch1_ms,1,172,0.0669,ms
NOX,DENSE_PINN,cpu,1,1,latency_wall_batch1_ms,1,173,0.0656,ms
NOX,DENSE_PINN,cpu,1,1,latency_wall_batch1_ms,1,174,0.0664,ms
NOX,DENSE_PINN,cpu,1,1,latency_wall_batch1_ms,1,175,0.0657,ms
NOX,DENSE_PINN,cpu,1,1,latency_wall_batch1_ms,1,176,0.0658,ms
NOX,DENSE_PINN,cpu,1,1,latency_wall_batch1_ms,1,177,0.0662,ms
NOX,DENSE_PINN,cpu,1,1,latency_wall_batch1_ms,1,178,0.0656,ms
NOX,DENSE_PINN,cpu,1,1,latency_wall_batch1_ms,1,179,0.0664,ms
NOX,DENSE_PINN,cpu,1,1,latency_wall_batch1_ms,1,180,0.0656,ms
NOX,DENSE_PINN,cpu,1,1,latency_wall_batch1_ms,1,181,0.0665,ms
NOX,DENSE_PINN,cpu,1,1,latency_wall_batch1_ms,1,182,0.0665,ms
NOX,DENSE_PINN,cpu,1,1,latency_wall_batch1_ms,1,183,0.0662,ms
NOX,DENSE_PINN,cpu,1,1,latency_wall_batch1_ms,1,184,0.066,ms
NOX,DENSE_PINN,cpu,1,1,latency_wall_batch1_ms,1,185,0.0656,ms
NOX,DENSE_PINN,cpu,1,1,latency_wall_batch1_ms,1,186,0.0678,ms
NOX,DENSE_PINN,cpu,1,1,latency_wall_batch1_ms,1,187,0.0744,ms
NOX,DENSE_PINN,cpu,1,1,latency_wall_batch1_ms,1,188,0.0664,ms
NOX,DENSE_PINN,cpu,1,1,latency_wall_batch1_ms,1,189,0.0655,ms
NOX,DENSE_PINN,cpu,1,1,latency_wall_batch1_ms,1,190,0.0665,ms
NOX,DENSE_PINN,cpu,1,1,latency_wall_batch1_ms,1,191,0.0664,ms
NOX,DENSE_PINN,cpu,1,1,latency_wall_batch1_ms,1,192,0.0671,ms
NOX,DENSE_PINN,cpu,1,1,latency_wall_batch1_ms,1,193,0.0659,ms
NOX,DENSE_PINN,cpu,1,1,latency_wall_batch1_ms,1,194,0.0654,ms
NOX,DENSE_PINN,cpu,1,1,latency_wall_batch1_ms,1,195,0.065,ms
NOX,DENSE_PINN,cpu,1,1,latency_wall_batch1_ms,1,196,0.0655,ms
NOX,DENSE_PINN,cpu,1,1,latency_wall_batch1_ms,1,197,0.0648,ms
NOX,DENSE_PINN,cpu,1,1,latency_wall_batch1_ms,1,198,0.0655,ms
NOX,DENSE_PINN,cpu,1,1,latency_wall_batch1_ms,1,199,0.0659,ms
NOX,DENSE_PINN,cpu,1,1,latency_wall_batch1_ms,1,200,0.0651,ms
NOX,DENSE_PINN,cpu,1,1,latency_wall_batch1_ms,1,201,0.0652,ms
NOX,DENSE_PINN,cpu,1,1,latency_wall_batch1_ms,1,202,0.0667,ms
NOX,DENSE_PINN,cpu,1,1,latency_wall_batch1_ms,1,203,0.0655,ms
NOX,DENSE_PINN,cpu,1,1,latency_wall_batch1_ms,1,204,0.0659,ms
NOX,DENSE_PINN,cpu,1,1,latency_wall_batch1_ms,1,205,0.0654,ms
NOX,DENSE_PINN,cpu,1,1,latency_wall_batch1_ms,1,206,0.0659,ms
NOX,DENSE_PINN,cpu,1,1,latency_wall_batch1_ms,1,207,0.0656,ms
NOX,DENSE_PINN,cpu,1,1,latency_wall_batch1_ms,1,208,0.0658,ms
NOX,DENSE_PINN,cpu,1,1,latency_wall_batch1_ms,1,209,0.0649,ms
NOX,DENSE_PINN,cpu,1,1,latency_wall_batch1_ms,1,210,0.0647,ms
NOX,DENSE_PINN,cpu,1,1,latency_wall_batch1_ms,1,211,0.0651,ms
NOX,DENSE_PINN,cpu,1,1,latency_wall_batch1_ms,1,212,0.065,ms
NOX,DENSE_PINN,cpu,1,1,latency_wall_batch1_ms,1,213,0.0647,ms
NOX,DENSE_PINN,cpu,1,1,latency_wall_batch1_ms,1,214,0.0647,ms
NOX,DENSE_PINN,cpu,1,1,latency_wall_batch1_ms,1,215,0.0741,ms
NOX,DENSE_PINN,cpu,1,1,latency_wall_batch1_ms,1,216,0.0656,ms
NOX,DENSE_PINN,cpu,1,1,latency_wall_batch1_ms,1,217,0.0738,ms
NOX,DENSE_PINN,cpu,1,1,latency_wall_batch1_ms,1,218,0.0668,ms
NOX,DENSE_PINN,cpu,1,1,latency_wall_batch1_ms,1,219,0.0663,ms
NOX,DENSE_PINN,cpu,1,1,latency_wall_batch1_ms,1,220,0.0653,ms
NOX,DENSE_PINN,cpu,1,1,latency_wall_batch1_ms,1,221,0.0659,ms
NOX,DENSE_PINN,cpu,1,1,latency_wall_batch1_ms,1,222,0.0657,ms
NOX,DENSE_PINN,cpu,1,1,latency_wall_batch1_ms,1,223,0.0652,ms
NOX,DENSE_PINN,cpu,1,1,latency_wall_batch1_ms,1,224,0.0653,ms
NOX,DENSE_PINN,cpu,1,1,latency_wall_batch1_ms,1,225,0.0654,ms
NOX,DENSE_PINN,cpu,1,1,latency_wall_batch1_ms,1,226,0.0654,ms
NOX,DENSE_PINN,cpu,1,1,latency_wall_batch1_ms,1,227,0.0656,ms
NOX,DENSE_PINN,cpu,1,1,latency_wall_batch1_ms,1,228,0.0653,ms
NOX,DENSE_PINN,cpu,1,1,latency_wall_batch1_ms,1,229,0.066,ms
NOX,DENSE_PINN,cpu,1,1,latency_wall_batch1_ms,1,230,0.0658,ms
NOX,DENSE_PINN,cpu,1,1,latency_wall_batch1_ms,1,231,0.073,ms
NOX,DENSE_PINN,cpu,1,1,latency_wall_batch1_ms,1,232,0.0695,ms
NOX,DENSE_PINN,cpu,1,1,latency_wall_batch1_ms,1,233,0.0663,ms
NOX,DENSE_PINN,cpu,1,1,latency_wall_batch1_ms,1,234,0.0742,ms
NOX,DENSE_PINN,cpu,1,1,latency_wall_batch1_ms,1,235,0.0712,ms
NOX,DENSE_PINN,cpu,1,1,latency_wall_batch1_ms,1,236,0.0743,ms
NOX,DENSE_PINN,cpu,1,1,latency_wall_batch1_ms,1,237,0.073,ms
NOX,DENSE_PINN,cpu,1,1,latency_wall_batch1_ms,1,238,0.0778,ms
NOX,DENSE_PINN,cpu,1,1,latency_wall_batch1_ms,1,239,0.074,ms
NOX,DENSE_PINN,cpu,1,1,latency_wall_batch1_ms,1,240,0.0666,ms
NOX,DENSE_PINN,cpu,1,1,latency_wall_batch1_ms,1,241,0.0662,ms
NOX,DENSE_PINN,cpu,1,1,latency_wall_batch1_ms,1,242,0.067,ms
NOX,DENSE_PINN,cpu,1,1,latency_wall_batch1_ms,1,243,0.0666,ms
NOX,DENSE_PINN,cpu,1,1,latency_wall_batch1_ms,1,244,0.0656,ms
NOX,DENSE_PINN,cpu,1,1,latency_wall_batch1_ms,1,245,0.0655,ms
NOX,DENSE_PINN,cpu,1,1,latency_wall_batch1_ms,1,246,0.073,ms
NOX,DENSE_PINN,cpu,1,1,latency_wall_batch1_ms,1,247,0.068,ms
NOX,DENSE_PINN,cpu,1,1,latency_wall_batch1_ms,1,248,0.0658,ms
NOX,DENSE_PINN,cpu,1,1,latency_wall_batch1_ms,1,249,0.3066,ms
NOX,DENSE_PINN,cpu,1,1,latency_wall_batch1_ms,1,250,0.204,ms
NOX,DENSE_PINN,cpu,1,1,latency_wall_batch1_ms,1,251,0.2465,ms
NOX,DENSE_PINN,cpu,1,1,latency_wall_batch1_ms,1,252,0.0629,ms
NOX,DENSE_PINN,cpu,1,1,latency_wall_batch1_ms,1,253,0.0628,ms
NOX,DENSE_PINN,cpu,1,1,latency_wall_batch1_ms,1,254,0.0514,ms
NOX,DENSE_PINN,cpu,1,1,latency_wall_batch1_ms,1,255,0.0509,ms
NOX,DENSE_PINN,cpu,1,1,latency_wall_batch1_ms,1,256,0.0502,ms
NOX,DENSE_PINN,cpu,1,1,latency_wall_batch1_ms,1,257,0.0542,ms
NOX,DENSE_PINN,cpu,1,1,latency_wall_batch1_ms,1,258,0.06,ms
NOX,DENSE_PINN,cpu,1,1,latency_wall_batch1_ms,1,259,0.0517,ms
NOX,DENSE_PINN,cpu,1,1,latency_wall_batch1_ms,1,260,0.051,ms
NOX,DENSE_PINN,cpu,1,1,latency_wall_batch1_ms,1,261,0.0508,ms
NOX,DENSE_PINN,cpu,1,1,latency_wall_batch1_ms,1,262,0.0503,ms
NOX,DENSE_PINN,cpu,1,1,latency_wall_batch1_ms,1,263,0.0498,ms
NOX,DENSE_PINN,cpu,1,1,latency_wall_batch1_ms,1,264,0.0502,ms
NOX,DENSE_PINN,cpu,1,1,latency_wall_batch1_ms,1,265,0.0493,ms
NOX,DENSE_PINN,cpu,1,1,latency_wall_batch1_ms,1,266,0.2528,ms
NOX,DENSE_PINN,cpu,1,1,latency_wall_batch1_ms,1,267,0.1078,ms
NOX,DENSE_PINN,cpu,1,1,latency_wall_batch1_ms,1,268,0.0667,ms
NOX,DENSE_PINN,cpu,1,1,latency_wall_batch1_ms,1,269,0.0516,ms
NOX,DENSE_PINN,cpu,1,1,latency_wall_batch1_ms,1,270,0.0527,ms
NOX,DENSE_PINN,cpu,1,1,latency_wall_batch1_ms,1,271,0.0638,ms
NOX,DENSE_PINN,cpu,1,1,latency_wall_batch1_ms,1,272,0.0677,ms
NOX,DENSE_PINN,cpu,1,1,latency_wall_batch1_ms,1,273,0.0512,ms
NOX,DENSE_PINN,cpu,1,1,latency_wall_batch1_ms,1,274,0.0513,ms
NOX,DENSE_PINN,cpu,1,1,latency_wall_batch1_ms,1,275,0.0507,ms
NOX,DENSE_PINN,cpu,1,1,latency_wall_batch1_ms,1,276,0.0501,ms
NOX,DENSE_PINN,cpu,1,1,latency_wall_batch1_ms,1,277,0.0529,ms
NOX,DENSE_PINN,cpu,1,1,latency_wall_batch1_ms,1,278,0.0514,ms
NOX,DENSE_PINN,cpu,1,1,latency_wall_batch1_ms,1,279,0.0522,ms
NOX,DENSE_PINN,cpu,1,1,latency_wall_batch1_ms,1,280,0.0496,ms
NOX,DENSE_PINN,cpu,1,1,latency_wall_batch1_ms,1,281,0.0525,ms
NOX,DENSE_PINN,cpu,1,1,latency_wall_batch1_ms,1,282,0.0511,ms
NOX,DENSE_PINN,cpu,1,1,latency_wall_batch1_ms,1,283,0.1315,ms
NOX,DENSE_PINN,cpu,1,1,latency_wall_batch1_ms,1,284,0.0592,ms
NOX,DENSE_PINN,cpu,1,1,latency_wall_batch1_ms,1,285,0.0511,ms
NOX,DENSE_PINN,cpu,1,1,latency_wall_batch1_ms,1,286,0.0509,ms
NOX,DENSE_PINN,cpu,1,1,latency_wall_batch1_ms,1,287,0.0504,ms
NOX,DENSE_PINN,cpu,1,1,latency_wall_batch1_ms,1,288,0.051,ms
NOX,DENSE_PINN,cpu,1,1,latency_wall_batch1_ms,1,289,0.0501,ms
NOX,DENSE_PINN,cpu,1,1,latency_wall_batch1_ms,1,290,0.0696,ms
NOX,DENSE_PINN,cpu,1,1,latency_wall_batch1_ms,1,291,0.051,ms
NOX,DENSE_PINN,cpu,1,1,latency_wall_batch1_ms,1,292,0.0505,ms
NOX,DENSE_PINN,cpu,1,1,latency_wall_batch1_ms,1,293,0.0505,ms
NOX,DENSE_PINN,cpu,1,1,latency_wall_batch1_ms,1,294,0.0508,ms
NOX,DENSE_PINN,cpu,1,1,latency_wall_batch1_ms,1,295,0.0507,ms
NOX,DENSE_PINN,cpu,1,1,latency_wall_batch1_ms,1,296,0.0504,ms
NOX,DENSE_PINN,cpu,1,1,latency_wall_batch1_ms,1,297,0.05,ms
NOX,DENSE_PINN,cpu,1,1,latency_wall_batch1_ms,1,298,0.0508,ms
NOX,DENSE_PINN,cpu,1,1,latency_wall_batch1_ms,1,299,0.0508,ms
NOX,DENSE_PINN,cpu,1,1,latency_wall_batch1_ms,1,300,0.0497,ms
NOX,DENSE_PINN,cpu,1,1,latency_wall_batch1_ms,1,301,0.0498,ms
NOX,DENSE_PINN,cpu,1,1,latency_wall_batch1_ms,1,302,0.0496,ms
NOX,DENSE_PINN,cpu,1,1,latency_wall_batch1_ms,1,303,0.0495,ms
NOX,DENSE_PINN,cpu,1,1,latency_wall_batch1_ms,1,304,0.0498,ms
NOX,DENSE_PINN,cpu,1,1,latency_wall_batch1_ms,1,305,0.0499,ms
NOX,DENSE_PINN,cpu,1,1,latency_wall_batch1_ms,1,306,0.0496,ms
NOX,DENSE_PINN,cpu,1,1,latency_wall_batch1_ms,1,307,0.0501,ms
NOX,DENSE_PINN,cpu,1,1,latency_wall_batch1_ms,1,308,0.0497,ms
NOX,DENSE_PINN,cpu,1,1,latency_wall_batch1_ms,1,309,0.08,ms
NOX,DENSE_PINN,cpu,1,1,latency_wall_batch1_ms,1,310,0.0519,ms
NOX,DENSE_PINN,cpu,1,1,latency_wall_batch1_ms,1,311,0.0506,ms
NOX,DENSE_PINN,cpu,1,1,latency_wall_batch1_ms,1,312,0.0503,ms
NOX,DENSE_PINN,cpu,1,1,latency_wall_batch1_ms,1,313,0.0505,ms
NOX,DENSE_PINN,cpu,1,1,latency_wall_batch1_ms,1,314,0.0625,ms
NOX,DENSE_PINN,cpu,1,1,latency_wall_batch1_ms,1,315,0.0941,ms
NOX,DENSE_PINN,cpu,1,1,latency_wall_batch1_ms,1,316,0.0504,ms
NOX,DENSE_PINN,cpu,1,1,latency_wall_batch1_ms,1,317,0.0497,ms
NOX,DENSE_PINN,cpu,1,1,latency_wall_batch1_ms,1,318,0.0498,ms
NOX,DENSE_PINN,cpu,1,1,latency_wall_batch1_ms,1,319,0.0495,ms
NOX,DENSE_PINN,cpu,1,1,latency_wall_batch1_ms,1,320,0.0492,ms
NOX,DENSE_PINN,cpu,1,1,latency_wall_batch1_ms,1,321,0.0496,ms
NOX,DENSE_PINN,cpu,1,1,latency_wall_batch1_ms,1,322,0.0499,ms
NOX,DENSE_PINN,cpu,1,1,latency_wall_batch1_ms,1,323,0.0506,ms
NOX,DENSE_PINN,cpu,1,1,latency_wall_batch1_ms,1,324,0.0496,ms
NOX,DENSE_PINN,cpu,1,1,latency_wall_batch1_ms,1,325,0.0494,ms
NOX,DENSE_PINN,cpu,1,1,latency_wall_batch1_ms,1,326,0.0497,ms
NOX,DENSE_PINN,cpu,1,1,latency_wall_batch1_ms,1,327,0.0497,ms
NOX,DENSE_PINN,cpu,1,1,latency_wall_batch1_ms,1,328,0.0497,ms
NOX,DENSE_PINN,cpu,1,1,latency_wall_batch1_ms,1,329,0.0496,ms
NOX,DENSE_PINN,cpu,1,1,latency_wall_batch1_ms,1,330,0.0495,ms
NOX,DENSE_PINN,cpu,1,1,latency_wall_batch1_ms,1,331,0.0494,ms
NOX,DENSE_PINN,cpu,1,1,latency_wall_batch1_ms,1,332,0.0496,ms
NOX,DENSE_PINN,cpu,1,1,latency_wall_batch1_ms,1,333,0.0495,ms
NOX,DENSE_PINN,cpu,1,1,latency_wall_batch1_ms,1,334,0.0498,ms
NOX,DENSE_PINN,cpu,1,1,latency_wall_batch1_ms,1,335,0.0496,ms
NOX,DENSE_PINN,cpu,1,1,latency_wall_batch1_ms,1,336,0.0491,ms
NOX,DENSE_PINN,cpu,1,1,latency_wall_batch1_ms,1,337,0.0493,ms
NOX,DENSE_PINN,cpu,1,1,latency_wall_batch1_ms,1,338,0.0496,ms
NOX,DENSE_PINN,cpu,1,1,latency_wall_batch1_ms,1,339,0.0492,ms
NOX,DENSE_PINN,cpu,1,1,latency_wall_batch1_ms,1,340,0.0493,ms
NOX,DENSE_PINN,cpu,1,1,latency_wall_batch1_ms,1,341,0.0494,ms
NOX,DENSE_PINN,cpu,1,1,latency_wall_batch1_ms,1,342,0.0491,ms
NOX,DENSE_PINN,cpu,1,1,latency_wall_batch1_ms,1,343,0.0491,ms
NOX,DENSE_PINN,cpu,1,1,latency_wall_batch1_ms,1,344,0.0495,ms
NOX,DENSE_PINN,cpu,1,1,latency_wall_batch1_ms,1,345,0.0492,ms
NOX,DENSE_PINN,cpu,1,1,latency_wall_batch1_ms,1,346,0.0487,ms
NOX,DENSE_PINN,cpu,1,1,latency_wall_batch1_ms,1,347,0.0493,ms
NOX,DENSE_PINN,cpu,1,1,latency_wall_batch1_ms,1,348,0.0492,ms
NOX,DENSE_PINN,cpu,1,1,latency_wall_batch1_ms,1,349,0.0491,ms
NOX,DENSE_PINN,cpu,1,1,latency_wall_batch1_ms,1,350,0.0494,ms
NOX,DENSE_PINN,cpu,1,1,latency_wall_batch1_ms,1,351,0.0499,ms
NOX,DENSE_PINN,cpu,1,1,latency_wall_batch1_ms,1,352,0.0492,ms
NOX,DENSE_PINN,cpu,1,1,latency_wall_batch1_ms,1,353,0.06,ms
NOX,DENSE_PINN,cpu,1,1,latency_wall_batch1_ms,1,354,0.0503,ms
NOX,DENSE_PINN,cpu,1,1,latency_wall_batch1_ms,1,355,0.0494,ms
NOX,DENSE_PINN,cpu,1,1,latency_wall_batch1_ms,1,356,0.0498,ms
NOX,DENSE_PINN,cpu,1,1,latency_wall_batch1_ms,1,357,0.0501,ms
NOX,DENSE_PINN,cpu,1,1,latency_wall_batch1_ms,1,358,0.0494,ms
NOX,DENSE_PINN,cpu,1,1,latency_wall_batch1_ms,1,359,0.0495,ms
NOX,DENSE_PINN,cpu,1,1,latency_wall_batch1_ms,1,360,0.0491,ms
NOX,DENSE_PINN,cpu,1,1,latency_wall_batch1_ms,1,361,0.0495,ms
NOX,DENSE_PINN,cpu,1,1,latency_wall_batch1_ms,1,362,0.0498,ms
NOX,DENSE_PINN,cpu,1,1,latency_wall_batch1_ms,1,363,0.0498,ms
NOX,DENSE_PINN,cpu,1,1,latency_wall_batch1_ms,1,364,0.0492,ms
NOX,DENSE_PINN,cpu,1,1,latency_wall_batch1_ms,1,365,0.0494,ms
NOX,DENSE_PINN,cpu,1,1,latency_wall_batch1_ms,1,366,0.0493,ms
NOX,DENSE_PINN,cpu,1,1,latency_wall_batch1_ms,1,367,0.0496,ms
NOX,DENSE_PINN,cpu,1,1,latency_wall_batch1_ms,1,368,0.0494,ms
NOX,DENSE_PINN,cpu,1,1,latency_wall_batch1_ms,1,369,0.049,ms
NOX,DENSE_PINN,cpu,1,1,latency_wall_batch1_ms,1,370,0.0491,ms
NOX,DENSE_PINN,cpu,1,1,latency_wall_batch1_ms,1,371,0.0492,ms
NOX,DENSE_PINN,cpu,1,1,latency_wall_batch1_ms,1,372,0.0491,ms
NOX,DENSE_PINN,cpu,1,1,latency_wall_batch1_ms,1,373,0.0491,ms
NOX,DENSE_PINN,cpu,1,1,latency_wall_batch1_ms,1,374,0.0493,ms
NOX,DENSE_PINN,cpu,1,1,latency_wall_batch1_ms,1,375,0.0493,ms
NOX,DENSE_PINN,cpu,1,1,latency_wall_batch1_ms,1,376,0.0495,ms
NOX,DENSE_PINN,cpu,1,1,latency_wall_batch1_ms,1,377,0.0539,ms
NOX,DENSE_PINN,cpu,1,1,latency_wall_batch1_ms,1,378,0.0497,ms
NOX,DENSE_PINN,cpu,1,1,latency_wall_batch1_ms,1,379,0.0491,ms
NOX,DENSE_PINN,cpu,1,1,latency_wall_batch1_ms,1,380,0.0493,ms
NOX,DENSE_PINN,cpu,1,1,latency_wall_batch1_ms,1,381,0.0489,ms
NOX,DENSE_PINN,cpu,1,1,latency_wall_batch1_ms,1,382,0.0493,ms
NOX,DENSE_PINN,cpu,1,1,latency_wall_batch1_ms,1,383,0.0488,ms
NOX,DENSE_PINN,cpu,1,1,latency_wall_batch1_ms,1,384,0.0488,ms
NOX,DENSE_PINN,cpu,1,1,latency_wall_batch1_ms,1,385,0.0491,ms
NOX,DENSE_PINN,cpu,1,1,latency_wall_batch1_ms,1,386,0.0491,ms
NOX,DENSE_PINN,cpu,1,1,latency_wall_batch1_ms,1,387,0.0548,ms
NOX,DENSE_PINN,cpu,1,1,latency_wall_batch1_ms,1,388,0.0549,ms
NOX,DENSE_PINN,cpu,1,1,latency_wall_batch1_ms,1,389,0.0493,ms
NOX,DENSE_PINN,cpu,1,1,latency_wall_batch1_ms,1,390,0.0494,ms
NOX,DENSE_PINN,cpu,1,1,latency_wall_batch1_ms,1,391,0.0501,ms
NOX,DENSE_PINN,cpu,1,1,latency_wall_batch1_ms,1,392,0.0492,ms
NOX,DENSE_PINN,cpu,1,1,latency_wall_batch1_ms,1,393,0.0492,ms
NOX,DENSE_PINN,cpu,1,1,latency_wall_batch1_ms,1,394,0.0495,ms
NOX,DENSE_PINN,cpu,1,1,latency_wall_batch1_ms,1,395,0.0494,ms
NOX,DENSE_PINN,cpu,1,1,latency_wall_batch1_ms,1,396,0.0491,ms
NOX,DENSE_PINN,cpu,1,1,latency_wall_batch1_ms,1,397,0.0504,ms
NOX,DENSE_PINN,cpu,1,1,latency_wall_batch1_ms,1,398,0.0564,ms
NOX,DENSE_PINN,cpu,1,1,latency_wall_batch1_ms,1,399,0.049,ms
NOX,DENSE_PINN,cpu,1,1,throughput_rows_s,1,0,20080.321285140562,rows/s
NOX,DENSE_PINN,cpu,1,1,throughput_rows_s,1,1,20242.914979757086,rows/s
NOX,DENSE_PINN,cpu,1,1,throughput_rows_s,1,2,20202.0202020202,rows/s
NOX,DENSE_PINN,cpu,1,1,throughput_rows_s,1,3,20449.89775051125,rows/s
NOX,DENSE_PINN,cpu,1,1,throughput_rows_s,1,4,20325.20325203252,rows/s
NOX,DENSE_PINN,cpu,1,1,throughput_rows_s,1,5,20120.72434607646,rows/s
NOX,DENSE_PINN,cpu,1,1,throughput_rows_s,1,6,19723.865877712033,rows/s
NOX,DENSE_PINN,cpu,1,1,throughput_rows_s,1,7,20202.0202020202,rows/s
NOX,DENSE_PINN,cpu,1,1,throughput_rows_s,1,8,20080.321285140562,rows/s
NOX,DENSE_PINN,cpu,1,1,throughput_rows_s,1,9,20242.914979757086,rows/s
NOX,DENSE_PINN,cpu,1,1,throughput_rows_s,1,10,20161.290322580644,rows/s
NOX,DENSE_PINN,cpu,1,1,throughput_rows_s,1,11,20366.598778004074,rows/s
NOX,DENSE_PINN,cpu,1,1,throughput_rows_s,16,0,221914.00832177533,rows/s
NOX,DENSE_PINN,cpu,1,1,throughput_rows_s,16,1,220994.47513812152,rows/s
NOX,DENSE_PINN,cpu,1,1,throughput_rows_s,16,2,224089.63585434173,rows/s
NOX,DENSE_PINN,cpu,1,1,throughput_rows_s,16,3,220689.6551724138,rows/s
NOX,DENSE_PINN,cpu,1,1,throughput_rows_s,16,4,222531.29346314326,rows/s
NOX,DENSE_PINN,cpu,1,1,throughput_rows_s,16,5,225035.16174402254,rows/s
NOX,DENSE_PINN,cpu,1,1,throughput_rows_s,16,6,228245.3637660485,rows/s
NOX,DENSE_PINN,cpu,1,1,throughput_rows_s,16,7,56042.031523642734,rows/s
NOX,DENSE_PINN,cpu,1,1,throughput_rows_s,16,8,230880.23088023087,rows/s
NOX,DENSE_PINN,cpu,1,1,throughput_rows_s,16,9,232558.1395348837,rows/s
NOX,DENSE_PINN,cpu,1,1,throughput_rows_s,16,10,227596.01706970128,rows/s
NOX,DENSE_PINN,cpu,1,1,throughput_rows_s,16,11,230880.23088023087,rows/s
NOX,DENSE_PINN,cpu,1,1,throughput_rows_s,64,0,544680.8510638298,rows/s
NOX,DENSE_PINN,cpu,1,1,throughput_rows_s,64,1,551248.9233419467,rows/s
NOX,DENSE_PINN,cpu,1,1,throughput_rows_s,64,2,556521.7391304348,rows/s
NOX,DENSE_PINN,cpu,1,1,throughput_rows_s,64,3,544680.8510638298,rows/s
NOX,DENSE_PINN,cpu,1,1,throughput_rows_s,64,4,551724.1379310344,rows/s
NOX,DENSE_PINN,cpu,1,1,throughput_rows_s,64,5,545609.5481670928,rows/s
NOX,DENSE_PINN,cpu,1,1,throughput_rows_s,64,6,505928.8537549407,rows/s
NOX,DENSE_PINN,cpu,1,1,throughput_rows_s,64,7,537363.5600335853,rows/s
NOX,DENSE_PINN,cpu,1,1,throughput_rows_s,64,8,541913.632514818,rows/s
NOX,DENSE_PINN,cpu,1,1,throughput_rows_s,64,9,552200.1725625539,rows/s
NOX,DENSE_PINN,cpu,1,1,throughput_rows_s,64,10,549828.1786941581,rows/s
NOX,DENSE_PINN,cpu,1,1,throughput_rows_s,64,11,306807.28667305846,rows/s
NOX,DENSE_PINN,cpu,1,1,throughput_rows_s,256,0,1198501.872659176,rows/s
NOX,DENSE_PINN,cpu,1,1,throughput_rows_s,256,1,1151596.9410706253,rows/s
NOX,DENSE_PINN,cpu,1,1,throughput_rows_s,256,2,1213270.1421800947,rows/s
NOX,DENSE_PINN,cpu,1,1,throughput_rows_s,256,3,1137777.7777777778,rows/s
NOX,DENSE_PINN,cpu,1,1,throughput_rows_s,256,4,1142347.166443552,rows/s
NOX,DENSE_PINN,cpu,1,1,throughput_rows_s,256,5,1137272.323411817,rows/s
NOX,DENSE_PINN,cpu,1,1,throughput_rows_s,256,6,1210974.4560075684,rows/s
NOX,DENSE_PINN,cpu,1,1,throughput_rows_s,256,7,1096829.4772922022,rows/s
NOX,DENSE_PINN,cpu,1,1,throughput_rows_s,256,8,1154713.5769057286,rows/s
NOX,DENSE_PINN,cpu,1,1,throughput_rows_s,256,9,1151596.9410706253,rows/s
NOX,DENSE_PINN,cpu,1,1,throughput_rows_s,256,10,1155234.6570397113,rows/s
NOX,DENSE_PINN,cpu,1,1,throughput_rows_s,256,11,1132242.3706324636,rows/s
NOX,DENSE_PINN,cpu,1,1,throughput_rows_s,1024,0,2676424.464192368,rows/s
NOX,DENSE_PINN,cpu,1,1,throughput_rows_s,1024,1,2626988.1990764495,rows/s
NOX,DENSE_PINN,cpu,1,1,throughput_rows_s,1024,2,2748255.5018786904,rows/s
NOX,DENSE_PINN,cpu,1,1,throughput_rows_s,1024,3,2686253.9349422874,rows/s
NOX,DENSE_PINN,cpu,1,1,throughput_rows_s,1024,4,2748993.288590604,rows/s
NOX,DENSE_PINN,cpu,1,1,throughput_rows_s,1024,5,2757877.726905467,rows/s
NOX,DENSE_PINN,cpu,1,1,throughput_rows_s,1024,6,2781852.7574028797,rows/s
NOX,DENSE_PINN,cpu,1,1,throughput_rows_s,1024,7,2737236.0331462175,rows/s
NOX,DENSE_PINN,cpu,1,1,throughput_rows_s,1024,8,2127129.206481097,rows/s
NOX,DENSE_PINN,cpu,1,1,throughput_rows_s,1024,9,2386390.1188534144,rows/s
NOX,DENSE_PINN,cpu,1,1,throughput_rows_s,1024,10,1588335.6599968977,rows/s
NOX,DENSE_PINN,cpu,1,1,throughput_rows_s,1024,11,1494672.3106115896,rows/s
NOX,DENSE_PINN,cpu,1,1,throughput_rows_s,4096,0,5175638.10967905,rows/s
NOX,DENSE_PINN,cpu,1,1,throughput_rows_s,4096,1,4869234.427009035,rows/s
NOX,DENSE_PINN,cpu,1,1,throughput_rows_s,4096,2,5241873.560276426,rows/s
NOX,DENSE_PINN,cpu,1,1,throughput_rows_s,4096,3,2835386.9583275644,rows/s
NOX,DENSE_PINN,cpu,1,1,throughput_rows_s,4096,4,2998755.3993703783,rows/s
NOX,DENSE_PINN,cpu,1,1,throughput_rows_s,4096,5,3044674.0503976806,rows/s
NOX,DENSE_PINN,cpu,1,1,throughput_rows_s,4096,6,3074151.9063344337,rows/s
NOX,DENSE_PINN,cpu,1,1,throughput_rows_s,4096,7,3057629.14302777,rows/s
NOX,DENSE_PINN,cpu,1,1,throughput_rows_s,4096,8,3094122.979302009,rows/s
NOX,DENSE_PINN,cpu,1,1,throughput_rows_s,4096,9,3123617.783878594,rows/s
NOX,DENSE_PINN,cpu,1,1,throughput_rows_s,4096,10,3033175.3554502367,rows/s
NOX,DENSE_PINN,cpu,1,1,throughput_rows_s,4096,11,3086196.503918023,rows/s
NOX,TT_PINN,cpu,1,2,latency_wall_batch1_ms,1,0,0.5197,ms
NOX,TT_PINN,cpu,1,2,latency_wall_batch1_ms,1,1,0.5138,ms
NOX,TT_PINN,cpu,1,2,latency_wall_batch1_ms,1,2,0.52,ms
NOX,TT_PINN,cpu,1,2,latency_wall_batch1_ms,1,3,0.5279,ms
NOX,TT_PINN,cpu,1,2,latency_wall_batch1_ms,1,4,0.5669,ms
NOX,TT_PINN,cpu,1,2,latency_wall_batch1_ms,1,5,0.5209,ms
NOX,TT_PINN,cpu,1,2,latency_wall_batch1_ms,1,6,0.5279,ms
NOX,TT_PINN,cpu,1,2,latency_wall_batch1_ms,1,7,0.5105,ms
NOX,TT_PINN,cpu,1,2,latency_wall_batch1_ms,1,8,0.4967,ms
NOX,TT_PINN,cpu,1,2,latency_wall_batch1_ms,1,9,0.5288,ms
NOX,TT_PINN,cpu,1,2,latency_wall_batch1_ms,1,10,0.5181,ms
NOX,TT_PINN,cpu,1,2,latency_wall_batch1_ms,1,11,0.504,ms
NOX,TT_PINN,cpu,1,2,latency_wall_batch1_ms,1,12,0.5352,ms
NOX,TT_PINN,cpu,1,2,latency_wall_batch1_ms,1,13,0.4948,ms
NOX,TT_PINN,cpu,1,2,latency_wall_batch1_ms,1,14,0.513,ms
NOX,TT_PINN,cpu,1,2,latency_wall_batch1_ms,1,15,0.6086,ms
NOX,TT_PINN,cpu,1,2,latency_wall_batch1_ms,1,16,0.5256,ms
NOX,TT_PINN,cpu,1,2,latency_wall_batch1_ms,1,17,0.552,ms
NOX,TT_PINN,cpu,1,2,latency_wall_batch1_ms,1,18,0.4996,ms
NOX,TT_PINN,cpu,1,2,latency_wall_batch1_ms,1,19,0.514,ms
NOX,TT_PINN,cpu,1,2,latency_wall_batch1_ms,1,20,0.4972,ms
NOX,TT_PINN,cpu,1,2,latency_wall_batch1_ms,1,21,0.5177,ms
NOX,TT_PINN,cpu,1,2,latency_wall_batch1_ms,1,22,0.5554,ms
NOX,TT_PINN,cpu,1,2,latency_wall_batch1_ms,1,23,0.5083,ms
NOX,TT_PINN,cpu,1,2,latency_wall_batch1_ms,1,24,0.5544,ms
NOX,TT_PINN,cpu,1,2,latency_wall_batch1_ms,1,25,0.6092,ms
NOX,TT_PINN,cpu,1,2,latency_wall_batch1_ms,1,26,0.5335,ms
NOX,TT_PINN,cpu,1,2,latency_wall_batch1_ms,1,27,0.585,ms
NOX,TT_PINN,cpu,1,2,latency_wall_batch1_ms,1,28,0.554,ms
NOX,TT_PINN,cpu,1,2,latency_wall_batch1_ms,1,29,0.4961,ms
NOX,TT_PINN,cpu,1,2,latency_wall_batch1_ms,1,30,0.4799,ms
NOX,TT_PINN,cpu,1,2,latency_wall_batch1_ms,1,31,0.5053,ms
NOX,TT_PINN,cpu,1,2,latency_wall_batch1_ms,1,32,0.4779,ms
NOX,TT_PINN,cpu,1,2,latency_wall_batch1_ms,1,33,0.4715,ms
NOX,TT_PINN,cpu,1,2,latency_wall_batch1_ms,1,34,0.4731,ms
NOX,TT_PINN,cpu,1,2,latency_wall_batch1_ms,1,35,0.498,ms
NOX,TT_PINN,cpu,1,2,latency_wall_batch1_ms,1,36,0.4782,ms
NOX,TT_PINN,cpu,1,2,latency_wall_batch1_ms,1,37,0.4751,ms
NOX,TT_PINN,cpu,1,2,latency_wall_batch1_ms,1,38,0.4725,ms
NOX,TT_PINN,cpu,1,2,latency_wall_batch1_ms,1,39,0.4981,ms
NOX,TT_PINN,cpu,1,2,latency_wall_batch1_ms,1,40,0.4787,ms
NOX,TT_PINN,cpu,1,2,latency_wall_batch1_ms,1,41,0.4737,ms
NOX,TT_PINN,cpu,1,2,latency_wall_batch1_ms,1,42,0.473,ms
NOX,TT_PINN,cpu,1,2,latency_wall_batch1_ms,1,43,0.4948,ms
NOX,TT_PINN,cpu,1,2,latency_wall_batch1_ms,1,44,0.4783,ms
NOX,TT_PINN,cpu,1,2,latency_wall_batch1_ms,1,45,0.4741,ms
NOX,TT_PINN,cpu,1,2,latency_wall_batch1_ms,1,46,0.4752,ms
NOX,TT_PINN,cpu,1,2,latency_wall_batch1_ms,1,47,0.499,ms
NOX,TT_PINN,cpu,1,2,latency_wall_batch1_ms,1,48,0.476,ms
NOX,TT_PINN,cpu,1,2,latency_wall_batch1_ms,1,49,0.474,ms
NOX,TT_PINN,cpu,1,2,latency_wall_batch1_ms,1,50,0.4741,ms
NOX,TT_PINN,cpu,1,2,latency_wall_batch1_ms,1,51,0.501,ms
NOX,TT_PINN,cpu,1,2,latency_wall_batch1_ms,1,52,0.4794,ms
NOX,TT_PINN,cpu,1,2,latency_wall_batch1_ms,1,53,0.4744,ms
NOX,TT_PINN,cpu,1,2,latency_wall_batch1_ms,1,54,0.4714,ms
NOX,TT_PINN,cpu,1,2,latency_wall_batch1_ms,1,55,0.55,ms
NOX,TT_PINN,cpu,1,2,latency_wall_batch1_ms,1,56,0.4869,ms
NOX,TT_PINN,cpu,1,2,latency_wall_batch1_ms,1,57,0.4743,ms
NOX,TT_PINN,cpu,1,2,latency_wall_batch1_ms,1,58,0.4725,ms
NOX,TT_PINN,cpu,1,2,latency_wall_batch1_ms,1,59,0.4979,ms
NOX,TT_PINN,cpu,1,2,latency_wall_batch1_ms,1,60,0.4774,ms
NOX,TT_PINN,cpu,1,2,latency_wall_batch1_ms,1,61,0.4741,ms
NOX,TT_PINN,cpu,1,2,latency_wall_batch1_ms,1,62,0.4724,ms
NOX,TT_PINN,cpu,1,2,latency_wall_batch1_ms,1,63,0.4904,ms
NOX,TT_PINN,cpu,1,2,latency_wall_batch1_ms,1,64,0.4769,ms
NOX,TT_PINN,cpu,1,2,latency_wall_batch1_ms,1,65,0.4733,ms
NOX,TT_PINN,cpu,1,2,latency_wall_batch1_ms,1,66,0.4722,ms
NOX,TT_PINN,cpu,1,2,latency_wall_batch1_ms,1,67,0.4943,ms
NOX,TT_PINN,cpu,1,2,latency_wall_batch1_ms,1,68,0.4766,ms
NOX,TT_PINN,cpu,1,2,latency_wall_batch1_ms,1,69,0.4751,ms
NOX,TT_PINN,cpu,1,2,latency_wall_batch1_ms,1,70,0.475,ms
NOX,TT_PINN,cpu,1,2,latency_wall_batch1_ms,1,71,0.4954,ms
NOX,TT_PINN,cpu,1,2,latency_wall_batch1_ms,1,72,0.4773,ms
NOX,TT_PINN,cpu,1,2,latency_wall_batch1_ms,1,73,0.4737,ms
NOX,TT_PINN,cpu,1,2,latency_wall_batch1_ms,1,74,0.5767,ms
NOX,TT_PINN,cpu,1,2,latency_wall_batch1_ms,1,75,0.487,ms
NOX,TT_PINN,cpu,1,2,latency_wall_batch1_ms,1,76,0.4764,ms
NOX,TT_PINN,cpu,1,2,latency_wall_batch1_ms,1,77,0.4754,ms
NOX,TT_PINN,cpu,1,2,latency_wall_batch1_ms,1,78,0.4989,ms
NOX,TT_PINN,cpu,1,2,latency_wall_batch1_ms,1,79,0.4743,ms
NOX,TT_PINN,cpu,1,2,latency_wall_batch1_ms,1,80,0.4705,ms
NOX,TT_PINN,cpu,1,2,latency_wall_batch1_ms,1,81,0.4701,ms
NOX,TT_PINN,cpu,1,2,latency_wall_batch1_ms,1,82,0.4985,ms
NOX,TT_PINN,cpu,1,2,latency_wall_batch1_ms,1,83,0.4754,ms
NOX,TT_PINN,cpu,1,2,latency_wall_batch1_ms,1,84,0.477,ms
NOX,TT_PINN,cpu,1,2,latency_wall_batch1_ms,1,85,0.4722,ms
NOX,TT_PINN,cpu,1,2,latency_wall_batch1_ms,1,86,0.4961,ms
NOX,TT_PINN,cpu,1,2,latency_wall_batch1_ms,1,87,0.4734,ms
NOX,TT_PINN,cpu,1,2,latency_wall_batch1_ms,1,88,0.5031,ms
NOX,TT_PINN,cpu,1,2,latency_wall_batch1_ms,1,89,0.4754,ms
NOX,TT_PINN,cpu,1,2,latency_wall_batch1_ms,1,90,0.4979,ms
NOX,TT_PINN,cpu,1,2,latency_wall_batch1_ms,1,91,0.476,ms
NOX,TT_PINN,cpu,1,2,latency_wall_batch1_ms,1,92,0.4712,ms
NOX,TT_PINN,cpu,1,2,latency_wall_batch1_ms,1,93,0.472,ms
NOX,TT_PINN,cpu,1,2,latency_wall_batch1_ms,1,94,0.5009,ms
NOX,TT_PINN,cpu,1,2,latency_wall_batch1_ms,1,95,0.4737,ms
NOX,TT_PINN,cpu,1,2,latency_wall_batch1_ms,1,96,0.474,ms
NOX,TT_PINN,cpu,1,2,latency_wall_batch1_ms,1,97,0.4731,ms
NOX,TT_PINN,cpu,1,2,latency_wall_batch1_ms,1,98,0.495,ms
NOX,TT_PINN,cpu,1,2,latency_wall_batch1_ms,1,99,0.4771,ms
NOX,TT_PINN,cpu,1,2,latency_wall_batch1_ms,1,100,0.471,ms
NOX,TT_PINN,cpu,1,2,latency_wall_batch1_ms,1,101,0.4714,ms
NOX,TT_PINN,cpu,1,2,latency_wall_batch1_ms,1,102,0.4939,ms
NOX,TT_PINN,cpu,1,2,latency_wall_batch1_ms,1,103,0.4761,ms
NOX,TT_PINN,cpu,1,2,latency_wall_batch1_ms,1,104,0.4747,ms
NOX,TT_PINN,cpu,1,2,latency_wall_batch1_ms,1,105,0.4714,ms
NOX,TT_PINN,cpu,1,2,latency_wall_batch1_ms,1,106,0.4923,ms
NOX,TT_PINN,cpu,1,2,latency_wall_batch1_ms,1,107,0.4801,ms
NOX,TT_PINN,cpu,1,2,latency_wall_batch1_ms,1,108,0.4726,ms
NOX,TT_PINN,cpu,1,2,latency_wall_batch1_ms,1,109,0.4731,ms
NOX,TT_PINN,cpu,1,2,latency_wall_batch1_ms,1,110,0.4869,ms
NOX,TT_PINN,cpu,1,2,latency_wall_batch1_ms,1,111,0.4844,ms
NOX,TT_PINN,cpu,1,2,latency_wall_batch1_ms,1,112,0.4763,ms
NOX,TT_PINN,cpu,1,2,latency_wall_batch1_ms,1,113,0.4712,ms
NOX,TT_PINN,cpu,1,2,latency_wall_batch1_ms,1,114,0.5134,ms
NOX,TT_PINN,cpu,1,2,latency_wall_batch1_ms,1,115,0.4795,ms
NOX,TT_PINN,cpu,1,2,latency_wall_batch1_ms,1,116,0.4739,ms
NOX,TT_PINN,cpu,1,2,latency_wall_batch1_ms,1,117,0.4718,ms
NOX,TT_PINN,cpu,1,2,latency_wall_batch1_ms,1,118,0.4879,ms
NOX,TT_PINN,cpu,1,2,latency_wall_batch1_ms,1,119,0.5369,ms
NOX,TT_PINN,cpu,1,2,latency_wall_batch1_ms,1,120,0.5139,ms
NOX,TT_PINN,cpu,1,2,latency_wall_batch1_ms,1,121,0.4714,ms
NOX,TT_PINN,cpu,1,2,latency_wall_batch1_ms,1,122,0.4904,ms
NOX,TT_PINN,cpu,1,2,latency_wall_batch1_ms,1,123,0.4685,ms
NOX,TT_PINN,cpu,1,2,latency_wall_batch1_ms,1,124,0.466,ms
NOX,TT_PINN,cpu,1,2,latency_wall_batch1_ms,1,125,0.4872,ms
NOX,TT_PINN,cpu,1,2,latency_wall_batch1_ms,1,126,0.476,ms
NOX,TT_PINN,cpu,1,2,latency_wall_batch1_ms,1,127,0.4635,ms
NOX,TT_PINN,cpu,1,2,latency_wall_batch1_ms,1,128,0.4703,ms
NOX,TT_PINN,cpu,1,2,latency_wall_batch1_ms,1,129,0.4672,ms
NOX,TT_PINN,cpu,1,2,latency_wall_batch1_ms,1,130,0.5268,ms
NOX,TT_PINN,cpu,1,2,latency_wall_batch1_ms,1,131,0.474,ms
NOX,TT_PINN,cpu,1,2,latency_wall_batch1_ms,1,132,0.4655,ms
NOX,TT_PINN,cpu,1,2,latency_wall_batch1_ms,1,133,0.4675,ms
NOX,TT_PINN,cpu,1,2,latency_wall_batch1_ms,1,134,0.4952,ms
NOX,TT_PINN,cpu,1,2,latency_wall_batch1_ms,1,135,0.4661,ms
NOX,TT_PINN,cpu,1,2,latency_wall_batch1_ms,1,136,0.5807,ms
NOX,TT_PINN,cpu,1,2,latency_wall_batch1_ms,1,137,0.5057,ms
NOX,TT_PINN,cpu,1,2,latency_wall_batch1_ms,1,138,0.4893,ms
NOX,TT_PINN,cpu,1,2,latency_wall_batch1_ms,1,139,0.4992,ms
NOX,TT_PINN,cpu,1,2,latency_wall_batch1_ms,1,140,0.4707,ms
NOX,TT_PINN,cpu,1,2,latency_wall_batch1_ms,1,141,0.4913,ms
NOX,TT_PINN,cpu,1,2,latency_wall_batch1_ms,1,142,0.4701,ms
NOX,TT_PINN,cpu,1,2,latency_wall_batch1_ms,1,143,0.4615,ms
NOX,TT_PINN,cpu,1,2,latency_wall_batch1_ms,1,144,0.4639,ms
NOX,TT_PINN,cpu,1,2,latency_wall_batch1_ms,1,145,0.4799,ms
NOX,TT_PINN,cpu,1,2,latency_wall_batch1_ms,1,146,0.4722,ms
NOX,TT_PINN,cpu,1,2,latency_wall_batch1_ms,1,147,0.4632,ms
NOX,TT_PINN,cpu,1,2,latency_wall_batch1_ms,1,148,0.4667,ms
NOX,TT_PINN,cpu,1,2,latency_wall_batch1_ms,1,149,0.4902,ms
NOX,TT_PINN,cpu,1,2,latency_wall_batch1_ms,1,150,0.4698,ms
NOX,TT_PINN,cpu,1,2,latency_wall_batch1_ms,1,151,0.6099,ms
NOX,TT_PINN,cpu,1,2,latency_wall_batch1_ms,1,152,0.4892,ms
NOX,TT_PINN,cpu,1,2,latency_wall_batch1_ms,1,153,0.4948,ms
NOX,TT_PINN,cpu,1,2,latency_wall_batch1_ms,1,154,0.4698,ms
NOX,TT_PINN,cpu,1,2,latency_wall_batch1_ms,1,155,0.4646,ms
NOX,TT_PINN,cpu,1,2,latency_wall_batch1_ms,1,156,0.4649,ms
NOX,TT_PINN,cpu,1,2,latency_wall_batch1_ms,1,157,0.4838,ms
NOX,TT_PINN,cpu,1,2,latency_wall_batch1_ms,1,158,0.4824,ms
NOX,TT_PINN,cpu,1,2,latency_wall_batch1_ms,1,159,0.4648,ms
NOX,TT_PINN,cpu,1,2,latency_wall_batch1_ms,1,160,0.4718,ms
NOX,TT_PINN,cpu,1,2,latency_wall_batch1_ms,1,161,0.4962,ms
NOX,TT_PINN,cpu,1,2,latency_wall_batch1_ms,1,162,0.4869,ms
NOX,TT_PINN,cpu,1,2,latency_wall_batch1_ms,1,163,0.4758,ms
NOX,TT_PINN,cpu,1,2,latency_wall_batch1_ms,1,164,0.4747,ms
NOX,TT_PINN,cpu,1,2,latency_wall_batch1_ms,1,165,0.4769,ms
NOX,TT_PINN,cpu,1,2,latency_wall_batch1_ms,1,166,0.4959,ms
NOX,TT_PINN,cpu,1,2,latency_wall_batch1_ms,1,167,0.4758,ms
NOX,TT_PINN,cpu,1,2,latency_wall_batch1_ms,1,168,0.4713,ms
NOX,TT_PINN,cpu,1,2,latency_wall_batch1_ms,1,169,0.4724,ms
NOX,TT_PINN,cpu,1,2,latency_wall_batch1_ms,1,170,0.5001,ms
NOX,TT_PINN,cpu,1,2,latency_wall_batch1_ms,1,171,0.4877,ms
NOX,TT_PINN,cpu,1,2,latency_wall_batch1_ms,1,172,0.5205,ms
NOX,TT_PINN,cpu,1,2,latency_wall_batch1_ms,1,173,0.4745,ms
NOX,TT_PINN,cpu,1,2,latency_wall_batch1_ms,1,174,0.4976,ms
NOX,TT_PINN,cpu,1,2,latency_wall_batch1_ms,1,175,0.473,ms
NOX,TT_PINN,cpu,1,2,latency_wall_batch1_ms,1,176,0.4723,ms
NOX,TT_PINN,cpu,1,2,latency_wall_batch1_ms,1,177,0.4914,ms
NOX,TT_PINN,cpu,1,2,latency_wall_batch1_ms,1,178,0.4803,ms
NOX,TT_PINN,cpu,1,2,latency_wall_batch1_ms,1,179,0.4749,ms
NOX,TT_PINN,cpu,1,2,latency_wall_batch1_ms,1,180,0.4809,ms
NOX,TT_PINN,cpu,1,2,latency_wall_batch1_ms,1,181,0.4976,ms
NOX,TT_PINN,cpu,1,2,latency_wall_batch1_ms,1,182,0.4765,ms
NOX,TT_PINN,cpu,1,2,latency_wall_batch1_ms,1,183,0.4731,ms
NOX,TT_PINN,cpu,1,2,latency_wall_batch1_ms,1,184,0.4837,ms
NOX,TT_PINN,cpu,1,2,latency_wall_batch1_ms,1,185,0.5062,ms
NOX,TT_PINN,cpu,1,2,latency_wall_batch1_ms,1,186,0.4862,ms
NOX,TT_PINN,cpu,1,2,latency_wall_batch1_ms,1,187,0.507,ms
NOX,TT_PINN,cpu,1,2,latency_wall_batch1_ms,1,188,0.472,ms
NOX,TT_PINN,cpu,1,2,latency_wall_batch1_ms,1,189,0.4973,ms
NOX,TT_PINN,cpu,1,2,latency_wall_batch1_ms,1,190,0.4782,ms
NOX,TT_PINN,cpu,1,2,latency_wall_batch1_ms,1,191,0.4724,ms
NOX,TT_PINN,cpu,1,2,latency_wall_batch1_ms,1,192,0.4721,ms
NOX,TT_PINN,cpu,1,2,latency_wall_batch1_ms,1,193,0.4892,ms
NOX,TT_PINN,cpu,1,2,latency_wall_batch1_ms,1,194,0.4889,ms
NOX,TT_PINN,cpu,1,2,latency_wall_batch1_ms,1,195,0.4717,ms
NOX,TT_PINN,cpu,1,2,latency_wall_batch1_ms,1,196,0.4718,ms
NOX,TT_PINN,cpu,1,2,latency_wall_batch1_ms,1,197,0.4928,ms
NOX,TT_PINN,cpu,1,2,latency_wall_batch1_ms,1,198,0.5908,ms
NOX,TT_PINN,cpu,1,2,latency_wall_batch1_ms,1,199,0.4921,ms
NOX,TT_PINN,cpu,1,2,latency_wall_batch1_ms,1,200,0.4992,ms
NOX,TT_PINN,cpu,1,2,latency_wall_batch1_ms,1,201,0.4801,ms
NOX,TT_PINN,cpu,1,2,latency_wall_batch1_ms,1,202,0.4727,ms
NOX,TT_PINN,cpu,1,2,latency_wall_batch1_ms,1,203,0.4722,ms
NOX,TT_PINN,cpu,1,2,latency_wall_batch1_ms,1,204,0.4875,ms
NOX,TT_PINN,cpu,1,2,latency_wall_batch1_ms,1,205,0.4855,ms
NOX,TT_PINN,cpu,1,2,latency_wall_batch1_ms,1,206,0.4739,ms
NOX,TT_PINN,cpu,1,2,latency_wall_batch1_ms,1,207,0.4723,ms
NOX,TT_PINN,cpu,1,2,latency_wall_batch1_ms,1,208,0.4744,ms
NOX,TT_PINN,cpu,1,2,latency_wall_batch1_ms,1,209,0.4981,ms
NOX,TT_PINN,cpu,1,2,latency_wall_batch1_ms,1,210,0.4741,ms
NOX,TT_PINN,cpu,1,2,latency_wall_batch1_ms,1,211,0.4712,ms
NOX,TT_PINN,cpu,1,2,latency_wall_batch1_ms,1,212,0.4715,ms
NOX,TT_PINN,cpu,1,2,latency_wall_batch1_ms,1,213,0.5076,ms
NOX,TT_PINN,cpu,1,2,latency_wall_batch1_ms,1,214,0.4772,ms
NOX,TT_PINN,cpu,1,2,latency_wall_batch1_ms,1,215,0.5979,ms
NOX,TT_PINN,cpu,1,2,latency_wall_batch1_ms,1,216,0.5171,ms
NOX,TT_PINN,cpu,1,2,latency_wall_batch1_ms,1,217,0.5028,ms
NOX,TT_PINN,cpu,1,2,latency_wall_batch1_ms,1,218,0.4752,ms
NOX,TT_PINN,cpu,1,2,latency_wall_batch1_ms,1,219,0.4751,ms
NOX,TT_PINN,cpu,1,2,latency_wall_batch1_ms,1,220,0.4719,ms
NOX,TT_PINN,cpu,1,2,latency_wall_batch1_ms,1,221,0.4974,ms
NOX,TT_PINN,cpu,1,2,latency_wall_batch1_ms,1,222,0.477,ms
NOX,TT_PINN,cpu,1,2,latency_wall_batch1_ms,1,223,0.4718,ms
NOX,TT_PINN,cpu,1,2,latency_wall_batch1_ms,1,224,0.4701,ms
NOX,TT_PINN,cpu,1,2,latency_wall_batch1_ms,1,225,0.4939,ms
NOX,TT_PINN,cpu,1,2,latency_wall_batch1_ms,1,226,0.4727,ms
NOX,TT_PINN,cpu,1,2,latency_wall_batch1_ms,1,227,0.4701,ms
NOX,TT_PINN,cpu,1,2,latency_wall_batch1_ms,1,228,0.4713,ms
NOX,TT_PINN,cpu,1,2,latency_wall_batch1_ms,1,229,0.4964,ms
NOX,TT_PINN,cpu,1,2,latency_wall_batch1_ms,1,230,0.4784,ms
NOX,TT_PINN,cpu,1,2,latency_wall_batch1_ms,1,231,0.4738,ms
NOX,TT_PINN,cpu,1,2,latency_wall_batch1_ms,1,232,0.471,ms
NOX,TT_PINN,cpu,1,2,latency_wall_batch1_ms,1,233,0.4967,ms
NOX,TT_PINN,cpu,1,2,latency_wall_batch1_ms,1,234,0.4725,ms
NOX,TT_PINN,cpu,1,2,latency_wall_batch1_ms,1,235,0.473,ms
NOX,TT_PINN,cpu,1,2,latency_wall_batch1_ms,1,236,0.4712,ms
NOX,TT_PINN,cpu,1,2,latency_wall_batch1_ms,1,237,0.4956,ms
NOX,TT_PINN,cpu,1,2,latency_wall_batch1_ms,1,238,0.4761,ms
NOX,TT_PINN,cpu,1,2,latency_wall_batch1_ms,1,239,0.4721,ms
NOX,TT_PINN,cpu,1,2,latency_wall_batch1_ms,1,240,0.472,ms
NOX,TT_PINN,cpu,1,2,latency_wall_batch1_ms,1,241,0.495,ms
NOX,TT_PINN,cpu,1,2,latency_wall_batch1_ms,1,242,0.4751,ms
NOX,TT_PINN,cpu,1,2,latency_wall_batch1_ms,1,243,0.4807,ms
NOX,TT_PINN,cpu,1,2,latency_wall_batch1_ms,1,244,0.4738,ms
NOX,TT_PINN,cpu,1,2,latency_wall_batch1_ms,1,245,0.4963,ms
NOX,TT_PINN,cpu,1,2,latency_wall_batch1_ms,1,246,0.4752,ms
NOX,TT_PINN,cpu,1,2,latency_wall_batch1_ms,1,247,0.4733,ms
NOX,TT_PINN,cpu,1,2,latency_wall_batch1_ms,1,248,0.4725,ms
NOX,TT_PINN,cpu,1,2,latency_wall_batch1_ms,1,249,0.6668,ms
NOX,TT_PINN,cpu,1,2,latency_wall_batch1_ms,1,250,0.4861,ms
NOX,TT_PINN,cpu,1,2,latency_wall_batch1_ms,1,251,0.4738,ms
NOX,TT_PINN,cpu,1,2,latency_wall_batch1_ms,1,252,0.4738,ms
NOX,TT_PINN,cpu,1,2,latency_wall_batch1_ms,1,253,0.5001,ms
NOX,TT_PINN,cpu,1,2,latency_wall_batch1_ms,1,254,0.5173,ms
NOX,TT_PINN,cpu,1,2,latency_wall_batch1_ms,1,255,0.4782,ms
NOX,TT_PINN,cpu,1,2,latency_wall_batch1_ms,1,256,0.4727,ms
NOX,TT_PINN,cpu,1,2,latency_wall_batch1_ms,1,257,0.4989,ms
NOX,TT_PINN,cpu,1,2,latency_wall_batch1_ms,1,258,0.4763,ms
NOX,TT_PINN,cpu,1,2,latency_wall_batch1_ms,1,259,0.474,ms
NOX,TT_PINN,cpu,1,2,latency_wall_batch1_ms,1,260,0.4729,ms
NOX,TT_PINN,cpu,1,2,latency_wall_batch1_ms,1,261,0.4963,ms
NOX,TT_PINN,cpu,1,2,latency_wall_batch1_ms,1,262,0.4746,ms
NOX,TT_PINN,cpu,1,2,latency_wall_batch1_ms,1,263,0.4736,ms
NOX,TT_PINN,cpu,1,2,latency_wall_batch1_ms,1,264,0.4715,ms
NOX,TT_PINN,cpu,1,2,latency_wall_batch1_ms,1,265,0.4939,ms
NOX,TT_PINN,cpu,1,2,latency_wall_batch1_ms,1,266,0.4774,ms
NOX,TT_PINN,cpu,1,2,latency_wall_batch1_ms,1,267,0.4725,ms
NOX,TT_PINN,cpu,1,2,latency_wall_batch1_ms,1,268,0.4727,ms
NOX,TT_PINN,cpu,1,2,latency_wall_batch1_ms,1,269,0.592,ms
NOX,TT_PINN,cpu,1,2,latency_wall_batch1_ms,1,270,0.4845,ms
NOX,TT_PINN,cpu,1,2,latency_wall_batch1_ms,1,271,0.4766,ms
NOX,TT_PINN,cpu,1,2,latency_wall_batch1_ms,1,272,0.5366,ms
NOX,TT_PINN,cpu,1,2,latency_wall_batch1_ms,1,273,0.5486,ms
NOX,TT_PINN,cpu,1,2,latency_wall_batch1_ms,1,274,0.4799,ms
NOX,TT_PINN,cpu,1,2,latency_wall_batch1_ms,1,275,0.4766,ms
NOX,TT_PINN,cpu,1,2,latency_wall_batch1_ms,1,276,0.4761,ms
NOX,TT_PINN,cpu,1,2,latency_wall_batch1_ms,1,277,0.5032,ms
NOX,TT_PINN,cpu,1,2,latency_wall_batch1_ms,1,278,0.4758,ms
NOX,TT_PINN,cpu,1,2,latency_wall_batch1_ms,1,279,0.4761,ms
NOX,TT_PINN,cpu,1,2,latency_wall_batch1_ms,1,280,0.4968,ms
NOX,TT_PINN,cpu,1,2,latency_wall_batch1_ms,1,281,0.4757,ms
NOX,TT_PINN,cpu,1,2,latency_wall_batch1_ms,1,282,0.4703,ms
NOX,TT_PINN,cpu,1,2,latency_wall_batch1_ms,1,283,0.4725,ms
NOX,TT_PINN,cpu,1,2,latency_wall_batch1_ms,1,284,0.4991,ms
NOX,TT_PINN,cpu,1,2,latency_wall_batch1_ms,1,285,0.476,ms
NOX,TT_PINN,cpu,1,2,latency_wall_batch1_ms,1,286,0.4742,ms
NOX,TT_PINN,cpu,1,2,latency_wall_batch1_ms,1,287,0.4718,ms
NOX,TT_PINN,cpu,1,2,latency_wall_batch1_ms,1,288,0.4994,ms
NOX,TT_PINN,cpu,1,2,latency_wall_batch1_ms,1,289,0.4745,ms
NOX,TT_PINN,cpu,1,2,latency_wall_batch1_ms,1,290,0.4756,ms
NOX,TT_PINN,cpu,1,2,latency_wall_batch1_ms,1,291,0.4752,ms
NOX,TT_PINN,cpu,1,2,latency_wall_batch1_ms,1,292,0.5001,ms
NOX,TT_PINN,cpu,1,2,latency_wall_batch1_ms,1,293,0.4765,ms
NOX,TT_PINN,cpu,1,2,latency_wall_batch1_ms,1,294,0.4732,ms
NOX,TT_PINN,cpu,1,2,latency_wall_batch1_ms,1,295,0.47,ms
NOX,TT_PINN,cpu,1,2,latency_wall_batch1_ms,1,296,0.4916,ms
NOX,TT_PINN,cpu,1,2,latency_wall_batch1_ms,1,297,0.4798,ms
NOX,TT_PINN,cpu,1,2,latency_wall_batch1_ms,1,298,0.475,ms
NOX,TT_PINN,cpu,1,2,latency_wall_batch1_ms,1,299,0.4727,ms
NOX,TT_PINN,cpu,1,2,latency_wall_batch1_ms,1,300,0.4986,ms
NOX,TT_PINN,cpu,1,2,latency_wall_batch1_ms,1,301,0.4754,ms
NOX,TT_PINN,cpu,1,2,latency_wall_batch1_ms,1,302,0.4724,ms
NOX,TT_PINN,cpu,1,2,latency_wall_batch1_ms,1,303,0.4732,ms
NOX,TT_PINN,cpu,1,2,latency_wall_batch1_ms,1,304,0.5773,ms
NOX,TT_PINN,cpu,1,2,latency_wall_batch1_ms,1,305,0.5164,ms
NOX,TT_PINN,cpu,1,2,latency_wall_batch1_ms,1,306,0.4786,ms
NOX,TT_PINN,cpu,1,2,latency_wall_batch1_ms,1,307,0.4748,ms
NOX,TT_PINN,cpu,1,2,latency_wall_batch1_ms,1,308,0.4794,ms
NOX,TT_PINN,cpu,1,2,latency_wall_batch1_ms,1,309,0.4898,ms
NOX,TT_PINN,cpu,1,2,latency_wall_batch1_ms,1,310,0.4742,ms
NOX,TT_PINN,cpu,1,2,latency_wall_batch1_ms,1,311,0.4726,ms
NOX,TT_PINN,cpu,1,2,latency_wall_batch1_ms,1,312,0.474,ms
NOX,TT_PINN,cpu,1,2,latency_wall_batch1_ms,1,313,0.4992,ms
NOX,TT_PINN,cpu,1,2,latency_wall_batch1_ms,1,314,0.4751,ms
NOX,TT_PINN,cpu,1,2,latency_wall_batch1_ms,1,315,0.4734,ms
NOX,TT_PINN,cpu,1,2,latency_wall_batch1_ms,1,316,0.5497,ms
NOX,TT_PINN,cpu,1,2,latency_wall_batch1_ms,1,317,0.4772,ms
NOX,TT_PINN,cpu,1,2,latency_wall_batch1_ms,1,318,0.4726,ms
NOX,TT_PINN,cpu,1,2,latency_wall_batch1_ms,1,319,0.4712,ms
NOX,TT_PINN,cpu,1,2,latency_wall_batch1_ms,1,320,0.4898,ms
NOX,TT_PINN,cpu,1,2,latency_wall_batch1_ms,1,321,0.5522,ms
NOX,TT_PINN,cpu,1,2,latency_wall_batch1_ms,1,322,0.498,ms
NOX,TT_PINN,cpu,1,2,latency_wall_batch1_ms,1,323,0.4753,ms
NOX,TT_PINN,cpu,1,2,latency_wall_batch1_ms,1,324,0.4924,ms
NOX,TT_PINN,cpu,1,2,latency_wall_batch1_ms,1,325,0.4777,ms
NOX,TT_PINN,cpu,1,2,latency_wall_batch1_ms,1,326,0.4729,ms
NOX,TT_PINN,cpu,1,2,latency_wall_batch1_ms,1,327,0.4733,ms
NOX,TT_PINN,cpu,1,2,latency_wall_batch1_ms,1,328,0.4812,ms
NOX,TT_PINN,cpu,1,2,latency_wall_batch1_ms,1,329,0.4876,ms
NOX,TT_PINN,cpu,1,2,latency_wall_batch1_ms,1,330,0.4734,ms
NOX,TT_PINN,cpu,1,2,latency_wall_batch1_ms,1,331,0.4727,ms
NOX,TT_PINN,cpu,1,2,latency_wall_batch1_ms,1,332,0.473,ms
NOX,TT_PINN,cpu,1,2,latency_wall_batch1_ms,1,333,0.497,ms
NOX,TT_PINN,cpu,1,2,latency_wall_batch1_ms,1,334,0.4762,ms
NOX,TT_PINN,cpu,1,2,latency_wall_batch1_ms,1,335,0.4724,ms
NOX,TT_PINN,cpu,1,2,latency_wall_batch1_ms,1,336,0.5944,ms
NOX,TT_PINN,cpu,1,2,latency_wall_batch1_ms,1,337,0.4795,ms
NOX,TT_PINN,cpu,1,2,latency_wall_batch1_ms,1,338,0.4766,ms
NOX,TT_PINN,cpu,1,2,latency_wall_batch1_ms,1,339,0.5128,ms
NOX,TT_PINN,cpu,1,2,latency_wall_batch1_ms,1,340,0.5576,ms
NOX,TT_PINN,cpu,1,2,latency_wall_batch1_ms,1,341,0.4812,ms
NOX,TT_PINN,cpu,1,2,latency_wall_batch1_ms,1,342,0.6131,ms
NOX,TT_PINN,cpu,1,2,latency_wall_batch1_ms,1,343,0.5704,ms
NOX,TT_PINN,cpu,1,2,latency_wall_batch1_ms,1,344,0.4984,ms
NOX,TT_PINN,cpu,1,2,latency_wall_batch1_ms,1,345,0.7566,ms
NOX,TT_PINN,cpu,1,2,latency_wall_batch1_ms,1,346,0.6725,ms
NOX,TT_PINN,cpu,1,2,latency_wall_batch1_ms,1,347,0.5839,ms
NOX,TT_PINN,cpu,1,2,latency_wall_batch1_ms,1,348,0.5374,ms
NOX,TT_PINN,cpu,1,2,latency_wall_batch1_ms,1,349,0.529,ms
NOX,TT_PINN,cpu,1,2,latency_wall_batch1_ms,1,350,0.5087,ms
NOX,TT_PINN,cpu,1,2,latency_wall_batch1_ms,1,351,0.481,ms
NOX,TT_PINN,cpu,1,2,latency_wall_batch1_ms,1,352,0.4744,ms
NOX,TT_PINN,cpu,1,2,latency_wall_batch1_ms,1,353,0.4989,ms
NOX,TT_PINN,cpu,1,2,latency_wall_batch1_ms,1,354,0.4918,ms
NOX,TT_PINN,cpu,1,2,latency_wall_batch1_ms,1,355,0.4746,ms
NOX,TT_PINN,cpu,1,2,latency_wall_batch1_ms,1,356,0.4727,ms
NOX,TT_PINN,cpu,1,2,latency_wall_batch1_ms,1,357,0.474,ms
NOX,TT_PINN,cpu,1,2,latency_wall_batch1_ms,1,358,0.5008,ms
NOX,TT_PINN,cpu,1,2,latency_wall_batch1_ms,1,359,0.4762,ms
NOX,TT_PINN,cpu,1,2,latency_wall_batch1_ms,1,360,0.4756,ms
NOX,TT_PINN,cpu,1,2,latency_wall_batch1_ms,1,361,0.4737,ms
NOX,TT_PINN,cpu,1,2,latency_wall_batch1_ms,1,362,0.502,ms
NOX,TT_PINN,cpu,1,2,latency_wall_batch1_ms,1,363,0.4767,ms
NOX,TT_PINN,cpu,1,2,latency_wall_batch1_ms,1,364,0.4782,ms
NOX,TT_PINN,cpu,1,2,latency_wall_batch1_ms,1,365,0.4752,ms
NOX,TT_PINN,cpu,1,2,latency_wall_batch1_ms,1,366,1.0004,ms
NOX,TT_PINN,cpu,1,2,latency_wall_batch1_ms,1,367,0.5813,ms
NOX,TT_PINN,cpu,1,2,latency_wall_batch1_ms,1,368,0.6311,ms
NOX,TT_PINN,cpu,1,2,latency_wall_batch1_ms,1,369,0.5424,ms
NOX,TT_PINN,cpu,1,2,latency_wall_batch1_ms,1,370,0.4908,ms
NOX,TT_PINN,cpu,1,2,latency_wall_batch1_ms,1,371,0.4955,ms
NOX,TT_PINN,cpu,1,2,latency_wall_batch1_ms,1,372,0.4865,ms
NOX,TT_PINN,cpu,1,2,latency_wall_batch1_ms,1,373,0.5586,ms
NOX,TT_PINN,cpu,1,2,latency_wall_batch1_ms,1,374,0.4974,ms
NOX,TT_PINN,cpu,1,2,latency_wall_batch1_ms,1,375,0.4933,ms
NOX,TT_PINN,cpu,1,2,latency_wall_batch1_ms,1,376,0.6423,ms
NOX,TT_PINN,cpu,1,2,latency_wall_batch1_ms,1,377,0.5159,ms
NOX,TT_PINN,cpu,1,2,latency_wall_batch1_ms,1,378,0.4824,ms
NOX,TT_PINN,cpu,1,2,latency_wall_batch1_ms,1,379,0.6641,ms
NOX,TT_PINN,cpu,1,2,latency_wall_batch1_ms,1,380,0.4876,ms
NOX,TT_PINN,cpu,1,2,latency_wall_batch1_ms,1,381,0.4742,ms
NOX,TT_PINN,cpu,1,2,latency_wall_batch1_ms,1,382,0.4957,ms
NOX,TT_PINN,cpu,1,2,latency_wall_batch1_ms,1,383,0.476,ms
NOX,TT_PINN,cpu,1,2,latency_wall_batch1_ms,1,384,0.4651,ms
NOX,TT_PINN,cpu,1,2,latency_wall_batch1_ms,1,385,0.4718,ms
NOX,TT_PINN,cpu,1,2,latency_wall_batch1_ms,1,386,0.4686,ms
NOX,TT_PINN,cpu,1,2,latency_wall_batch1_ms,1,387,0.4984,ms
NOX,TT_PINN,cpu,1,2,latency_wall_batch1_ms,1,388,0.4734,ms
NOX,TT_PINN,cpu,1,2,latency_wall_batch1_ms,1,389,0.4722,ms
NOX,TT_PINN,cpu,1,2,latency_wall_batch1_ms,1,390,0.4861,ms
NOX,TT_PINN,cpu,1,2,latency_wall_batch1_ms,1,391,0.4997,ms
NOX,TT_PINN,cpu,1,2,latency_wall_batch1_ms,1,392,0.4774,ms
NOX,TT_PINN,cpu,1,2,latency_wall_batch1_ms,1,393,0.5556,ms
NOX,TT_PINN,cpu,1,2,latency_wall_batch1_ms,1,394,0.5021,ms
NOX,TT_PINN,cpu,1,2,latency_wall_batch1_ms,1,395,0.712,ms
NOX,TT_PINN,cpu,1,2,latency_wall_batch1_ms,1,396,0.5228,ms
NOX,TT_PINN,cpu,1,2,latency_wall_batch1_ms,1,397,0.6052,ms
NOX,TT_PINN,cpu,1,2,latency_wall_batch1_ms,1,398,0.6172,ms
NOX,TT_PINN,cpu,1,2,latency_wall_batch1_ms,1,399,0.4819,ms
NOX,TT_PINN,cpu,1,2,throughput_rows_s,1,0,2097.3154362416108,rows/s
NOX,TT_PINN,cpu,1,2,throughput_rows_s,1,1,2112.8248468201987,rows/s
NOX,TT_PINN,cpu,1,2,throughput_rows_s,1,2,1914.6084625694048,rows/s
NOX,TT_PINN,cpu,1,2,throughput_rows_s,1,3,1977.0660340055356,rows/s
NOX,TT_PINN,cpu,1,2,throughput_rows_s,1,4,2058.0366330520683,rows/s
NOX,TT_PINN,cpu,1,2,throughput_rows_s,1,5,2097.7554017201596,rows/s
NOX,TT_PINN,cpu,1,2,throughput_rows_s,1,6,1468.4287812041114,rows/s
NOX,TT_PINN,cpu,1,2,throughput_rows_s,1,7,1860.8113137327878,rows/s
NOX,TT_PINN,cpu,1,2,throughput_rows_s,1,8,2063.557573256294,rows/s
NOX,TT_PINN,cpu,1,2,throughput_rows_s,1,9,1980.9825673534071,rows/s
NOX,TT_PINN,cpu,1,2,throughput_rows_s,1,10,2079.002079002079,rows/s
NOX,TT_PINN,cpu,1,2,throughput_rows_s,1,11,2006.0180541624873,rows/s
NOX,TT_PINN,cpu,1,2,throughput_rows_s,16,0,27777.77777777778,rows/s
NOX,TT_PINN,cpu,1,2,throughput_rows_s,16,1,28699.55156950673,rows/s
NOX,TT_PINN,cpu,1,2,throughput_rows_s,16,2,28943.56005788712,rows/s
NOX,TT_PINN,cpu,1,2,throughput_rows_s,16,3,27519.779841761265,rows/s
NOX,TT_PINN,cpu,1,2,throughput_rows_s,16,4,28678.974726653523,rows/s
NOX,TT_PINN,cpu,1,2,throughput_rows_s,16,5,28643.03616183315,rows/s
NOX,TT_PINN,cpu,1,2,throughput_rows_s,16,6,27879.421502003832,rows/s
NOX,TT_PINN,cpu,1,2,throughput_rows_s,16,7,28787.33357322778,rows/s
NOX,TT_PINN,cpu,1,2,throughput_rows_s,16,8,28870.443883074702,rows/s
NOX,TT_PINN,cpu,1,2,throughput_rows_s,16,9,26385.22427440633,rows/s
NOX,TT_PINN,cpu,1,2,throughput_rows_s,16,10,20348.467506040954,rows/s
NOX,TT_PINN,cpu,1,2,throughput_rows_s,16,11,28880.86642599278,rows/s
NOX,TT_PINN,cpu,1,2,throughput_rows_s,64,0,95025.98366740906,rows/s
NOX,TT_PINN,cpu,1,2,throughput_rows_s,64,1,70237.05004389815,rows/s
NOX,TT_PINN,cpu,1,2,throughput_rows_s,64,2,95394.24653450587,rows/s
NOX,TT_PINN,cpu,1,2,throughput_rows_s,64,3,84011.55158834338,rows/s
NOX,TT_PINN,cpu,1,2,throughput_rows_s,64,4,89298.17217803822,rows/s
NOX,TT_PINN,cpu,1,2,throughput_rows_s,64,5,90857.46734809768,rows/s
NOX,TT_PINN,cpu,1,2,throughput_rows_s,64,6,92059.83889528192,rows/s
NOX,TT_PINN,cpu,1,2,throughput_rows_s,64,7,95238.09523809522,rows/s
NOX,TT_PINN,cpu,1,2,throughput_rows_s,64,8,95995.200239988,rows/s
NOX,TT_PINN,cpu,1,2,throughput_rows_s,64,9,93090.9090909091,rows/s
NOX,TT_PINN,cpu,1,2,throughput_rows_s,64,10,95337.4050350067,rows/s
NOX,TT_PINN,cpu,1,2,throughput_rows_s,64,11,95794.04280796288,rows/s
NOX,TT_PINN,cpu,1,2,throughput_rows_s,256,0,282498.3447362613,rows/s
NOX,TT_PINN,cpu,1,2,throughput_rows_s,256,1,277566.9521847555,rows/s
NOX,TT_PINN,cpu,1,2,throughput_rows_s,256,2,286609.94178235554,rows/s
NOX,TT_PINN,cpu,1,2,throughput_rows_s,256,3,196953.37744268347,rows/s
NOX,TT_PINN,cpu,1,2,throughput_rows_s,256,4,227494.8902514885,rows/s
NOX,TT_PINN,cpu,1,2,throughput_rows_s,256,5,228204.67106436088,rows/s
NOX,TT_PINN,cpu,1,2,throughput_rows_s,256,6,237058.98694323545,rows/s
NOX,TT_PINN,cpu,1,2,throughput_rows_s,256,7,232241.67649460217,rows/s
NOX,TT_PINN,cpu,1,2,throughput_rows_s,256,8,231695.1760340302,rows/s
NOX,TT_PINN,cpu,1,2,throughput_rows_s,256,9,183525.70076708007,rows/s
NOX,TT_PINN,cpu,1,2,throughput_rows_s,256,10,232347.06843347254,rows/s
NOX,TT_PINN,cpu,1,2,throughput_rows_s,256,11,238494.5034469909,rows/s
NOX,TT_PINN,cpu,1,2,throughput_rows_s,1024,0,615236.7219418408,rows/s
NOX,TT_PINN,cpu,1,2,throughput_rows_s,1024,1,681077.4858663119,rows/s
NOX,TT_PINN,cpu,1,2,throughput_rows_s,1024,2,686005.225430428,rows/s
NOX,TT_PINN,cpu,1,2,throughput_rows_s,1024,3,518953.9833772552,rows/s
NOX,TT_PINN,cpu,1,2,throughput_rows_s,1024,4,668450.9432730596,rows/s
NOX,TT_PINN,cpu,1,2,throughput_rows_s,1024,5,794660.8722644731,rows/s
NOX,TT_PINN,cpu,1,2,throughput_rows_s,1024,6,644349.3581676316,rows/s
NOX,TT_PINN,cpu,1,2,throughput_rows_s,1024,7,847541.79771561,rows/s
NOX,TT_PINN,cpu,1,2,throughput_rows_s,1024,8,893075.1787894645,rows/s
NOX,TT_PINN,cpu,1,2,throughput_rows_s,1024,9,872528.97068848,rows/s
NOX,TT_PINN,cpu,1,2,throughput_rows_s,1024,10,904274.1080890145,rows/s
NOX,TT_PINN,cpu,1,2,throughput_rows_s,1024,11,868164.4764730819,rows/s
NOX,TT_PINN,cpu,1,2,throughput_rows_s,4096,0,1154453.2130777903,rows/s
NOX,TT_PINN,cpu,1,2,throughput_rows_s,4096,1,1178671.117377917,rows/s
NOX,TT_PINN,cpu,1,2,throughput_rows_s,4096,2,1167517.031040675,rows/s
NOX,TT_PINN,cpu,1,2,throughput_rows_s,4096,3,1587289.2850222825,rows/s
NOX,TT_PINN,cpu,1,2,throughput_rows_s,4096,4,1642934.499217841,rows/s
NOX,TT_PINN,cpu,1,2,throughput_rows_s,4096,5,1490538.5735080058,rows/s
NOX,TT_PINN,cpu,1,2,throughput_rows_s,4096,6,1709159.1904861254,rows/s
NOX,TT_PINN,cpu,1,2,throughput_rows_s,4096,7,1695504.5947512211,rows/s
NOX,TT_PINN,cpu,1,2,throughput_rows_s,4096,8,1725358.0454928388,rows/s
NOX,TT_PINN,cpu,1,2,throughput_rows_s,4096,9,1087481.746979955,rows/s
NOX,TT_PINN,cpu,1,2,throughput_rows_s,4096,10,1309797.902276797,rows/s
NOX,TT_PINN,cpu,1,2,throughput_rows_s,4096,11,1279120.6045843482,rows/s
NOX,TT_PINN,cpu,2,1,latency_wall_batch1_ms,1,0,0.4888,ms
NOX,TT_PINN,cpu,2,1,latency_wall_batch1_ms,1,1,0.5138,ms
NOX,TT_PINN,cpu,2,1,latency_wall_batch1_ms,1,2,0.5043,ms
NOX,TT_PINN,cpu,2,1,latency_wall_batch1_ms,1,3,0.4897,ms
NOX,TT_PINN,cpu,2,1,latency_wall_batch1_ms,1,4,0.4831,ms
NOX,TT_PINN,cpu,2,1,latency_wall_batch1_ms,1,5,0.5365,ms
NOX,TT_PINN,cpu,2,1,latency_wall_batch1_ms,1,6,0.4895,ms
NOX,TT_PINN,cpu,2,1,latency_wall_batch1_ms,1,7,0.4875,ms
NOX,TT_PINN,cpu,2,1,latency_wall_batch1_ms,1,8,0.4869,ms
NOX,TT_PINN,cpu,2,1,latency_wall_batch1_ms,1,9,0.4982,ms
NOX,TT_PINN,cpu,2,1,latency_wall_batch1_ms,1,10,0.4835,ms
NOX,TT_PINN,cpu,2,1,latency_wall_batch1_ms,1,11,0.477,ms
NOX,TT_PINN,cpu,2,1,latency_wall_batch1_ms,1,12,0.4758,ms
NOX,TT_PINN,cpu,2,1,latency_wall_batch1_ms,1,13,0.4765,ms
NOX,TT_PINN,cpu,2,1,latency_wall_batch1_ms,1,14,0.5071,ms
NOX,TT_PINN,cpu,2,1,latency_wall_batch1_ms,1,15,0.4787,ms
NOX,TT_PINN,cpu,2,1,latency_wall_batch1_ms,1,16,0.4804,ms
NOX,TT_PINN,cpu,2,1,latency_wall_batch1_ms,1,17,0.5016,ms
NOX,TT_PINN,cpu,2,1,latency_wall_batch1_ms,1,18,0.4806,ms
NOX,TT_PINN,cpu,2,1,latency_wall_batch1_ms,1,19,0.4766,ms
NOX,TT_PINN,cpu,2,1,latency_wall_batch1_ms,1,20,0.4779,ms
NOX,TT_PINN,cpu,2,1,latency_wall_batch1_ms,1,21,0.5104,ms
NOX,TT_PINN,cpu,2,1,latency_wall_batch1_ms,1,22,0.4799,ms
NOX,TT_PINN,cpu,2,1,latency_wall_batch1_ms,1,23,0.5061,ms
NOX,TT_PINN,cpu,2,1,latency_wall_batch1_ms,1,24,0.5563,ms
NOX,TT_PINN,cpu,2,1,latency_wall_batch1_ms,1,25,0.4864,ms
NOX,TT_PINN,cpu,2,1,latency_wall_batch1_ms,1,26,0.4775,ms
NOX,TT_PINN,cpu,2,1,latency_wall_batch1_ms,1,27,0.4948,ms
NOX,TT_PINN,cpu,2,1,latency_wall_batch1_ms,1,28,0.5342,ms
NOX,TT_PINN,cpu,2,1,latency_wall_batch1_ms,1,29,0.7696,ms
NOX,TT_PINN,cpu,2,1,latency_wall_batch1_ms,1,30,0.5633,ms
NOX,TT_PINN,cpu,2,1,latency_wall_batch1_ms,1,31,0.5662,ms
NOX,TT_PINN,cpu,2,1,latency_wall_batch1_ms,1,32,0.5576,ms
NOX,TT_PINN,cpu,2,1,latency_wall_batch1_ms,1,33,0.5089,ms
NOX,TT_PINN,cpu,2,1,latency_wall_batch1_ms,1,34,0.4935,ms
NOX,TT_PINN,cpu,2,1,latency_wall_batch1_ms,1,35,0.4974,ms
NOX,TT_PINN,cpu,2,1,latency_wall_batch1_ms,1,36,0.4936,ms
NOX,TT_PINN,cpu,2,1,latency_wall_batch1_ms,1,37,0.4787,ms
NOX,TT_PINN,cpu,2,1,latency_wall_batch1_ms,1,38,0.4841,ms
NOX,TT_PINN,cpu,2,1,latency_wall_batch1_ms,1,39,0.4851,ms
NOX,TT_PINN,cpu,2,1,latency_wall_batch1_ms,1,40,0.5097,ms
NOX,TT_PINN,cpu,2,1,latency_wall_batch1_ms,1,41,0.4927,ms
NOX,TT_PINN,cpu,2,1,latency_wall_batch1_ms,1,42,0.5114,ms
NOX,TT_PINN,cpu,2,1,latency_wall_batch1_ms,1,43,0.5127,ms
NOX,TT_PINN,cpu,2,1,latency_wall_batch1_ms,1,44,0.5093,ms
NOX,TT_PINN,cpu,2,1,latency_wall_batch1_ms,1,45,0.4817,ms
NOX,TT_PINN,cpu,2,1,latency_wall_batch1_ms,1,46,0.5013,ms
NOX,TT_PINN,cpu,2,1,latency_wall_batch1_ms,1,47,0.4846,ms
NOX,TT_PINN,cpu,2,1,latency_wall_batch1_ms,1,48,0.5218,ms
NOX,TT_PINN,cpu,2,1,latency_wall_batch1_ms,1,49,0.4928,ms
NOX,TT_PINN,cpu,2,1,latency_wall_batch1_ms,1,50,0.4912,ms
NOX,TT_PINN,cpu,2,1,latency_wall_batch1_ms,1,51,0.5164,ms
NOX,TT_PINN,cpu,2,1,latency_wall_batch1_ms,1,52,0.4917,ms
NOX,TT_PINN,cpu,2,1,latency_wall_batch1_ms,1,53,0.4852,ms
NOX,TT_PINN,cpu,2,1,latency_wall_batch1_ms,1,54,0.4895,ms
NOX,TT_PINN,cpu,2,1,latency_wall_batch1_ms,1,55,0.515,ms
NOX,TT_PINN,cpu,2,1,latency_wall_batch1_ms,1,56,0.4928,ms
NOX,TT_PINN,cpu,2,1,latency_wall_batch1_ms,1,57,0.4921,ms
NOX,TT_PINN,cpu,2,1,latency_wall_batch1_ms,1,58,0.4891,ms
NOX,TT_PINN,cpu,2,1,latency_wall_batch1_ms,1,59,0.5318,ms
NOX,TT_PINN,cpu,2,1,latency_wall_batch1_ms,1,60,0.62,ms
NOX,TT_PINN,cpu,2,1,latency_wall_batch1_ms,1,61,0.5079,ms
NOX,TT_PINN,cpu,2,1,latency_wall_batch1_ms,1,62,0.5356,ms
NOX,TT_PINN,cpu,2,1,latency_wall_batch1_ms,1,63,0.4995,ms
NOX,TT_PINN,cpu,2,1,latency_wall_batch1_ms,1,64,0.4942,ms
NOX,TT_PINN,cpu,2,1,latency_wall_batch1_ms,1,65,0.4895,ms
NOX,TT_PINN,cpu,2,1,latency_wall_batch1_ms,1,66,0.5096,ms
NOX,TT_PINN,cpu,2,1,latency_wall_batch1_ms,1,67,0.4951,ms
NOX,TT_PINN,cpu,2,1,latency_wall_batch1_ms,1,68,0.4802,ms
NOX,TT_PINN,cpu,2,1,latency_wall_batch1_ms,1,69,0.4822,ms
NOX,TT_PINN,cpu,2,1,latency_wall_batch1_ms,1,70,0.4975,ms
NOX,TT_PINN,cpu,2,1,latency_wall_batch1_ms,1,71,0.487,ms
NOX,TT_PINN,cpu,2,1,latency_wall_batch1_ms,1,72,0.4933,ms
NOX,TT_PINN,cpu,2,1,latency_wall_batch1_ms,1,73,0.4889,ms
NOX,TT_PINN,cpu,2,1,latency_wall_batch1_ms,1,74,0.5046,ms
NOX,TT_PINN,cpu,2,1,latency_wall_batch1_ms,1,75,0.4861,ms
NOX,TT_PINN,cpu,2,1,latency_wall_batch1_ms,1,76,0.4762,ms
NOX,TT_PINN,cpu,2,1,latency_wall_batch1_ms,1,77,0.5012,ms
NOX,TT_PINN,cpu,2,1,latency_wall_batch1_ms,1,78,0.4842,ms
NOX,TT_PINN,cpu,2,1,latency_wall_batch1_ms,1,79,0.4834,ms
NOX,TT_PINN,cpu,2,1,latency_wall_batch1_ms,1,80,0.4791,ms
NOX,TT_PINN,cpu,2,1,latency_wall_batch1_ms,1,81,0.5537,ms
NOX,TT_PINN,cpu,2,1,latency_wall_batch1_ms,1,82,0.4961,ms
NOX,TT_PINN,cpu,2,1,latency_wall_batch1_ms,1,83,0.518,ms
NOX,TT_PINN,cpu,2,1,latency_wall_batch1_ms,1,84,0.4855,ms
NOX,TT_PINN,cpu,2,1,latency_wall_batch1_ms,1,85,0.4948,ms
NOX,TT_PINN,cpu,2,1,latency_wall_batch1_ms,1,86,0.4834,ms
NOX,TT_PINN,cpu,2,1,latency_wall_batch1_ms,1,87,0.4767,ms
NOX,TT_PINN,cpu,2,1,latency_wall_batch1_ms,1,88,0.4748,ms
NOX,TT_PINN,cpu,2,1,latency_wall_batch1_ms,1,89,0.471,ms
NOX,TT_PINN,cpu,2,1,latency_wall_batch1_ms,1,90,0.5054,ms
NOX,TT_PINN,cpu,2,1,latency_wall_batch1_ms,1,91,0.5688,ms
NOX,TT_PINN,cpu,2,1,latency_wall_batch1_ms,1,92,0.4746,ms
NOX,TT_PINN,cpu,2,1,latency_wall_batch1_ms,1,93,0.5008,ms
NOX,TT_PINN,cpu,2,1,latency_wall_batch1_ms,1,94,0.4848,ms
NOX,TT_PINN,cpu,2,1,latency_wall_batch1_ms,1,95,0.4778,ms
NOX,TT_PINN,cpu,2,1,latency_wall_batch1_ms,1,96,0.4688,ms
NOX,TT_PINN,cpu,2,1,latency_wall_batch1_ms,1,97,0.4979,ms
NOX,TT_PINN,cpu,2,1,latency_wall_batch1_ms,1,98,0.4743,ms
NOX,TT_PINN,cpu,2,1,latency_wall_batch1_ms,1,99,0.4798,ms
NOX,TT_PINN,cpu,2,1,latency_wall_batch1_ms,1,100,0.4737,ms
NOX,TT_PINN,cpu,2,1,latency_wall_batch1_ms,1,101,0.5135,ms
NOX,TT_PINN,cpu,2,1,latency_wall_batch1_ms,1,102,0.4896,ms
NOX,TT_PINN,cpu,2,1,latency_wall_batch1_ms,1,103,0.4843,ms
NOX,TT_PINN,cpu,2,1,latency_wall_batch1_ms,1,104,0.4748,ms
NOX,TT_PINN,cpu,2,1,latency_wall_batch1_ms,1,105,0.5041,ms
NOX,TT_PINN,cpu,2,1,latency_wall_batch1_ms,1,106,0.4854,ms
NOX,TT_PINN,cpu,2,1,latency_wall_batch1_ms,1,107,0.4738,ms
NOX,TT_PINN,cpu,2,1,latency_wall_batch1_ms,1,108,0.4937,ms
NOX,TT_PINN,cpu,2,1,latency_wall_batch1_ms,1,109,0.4795,ms
NOX,TT_PINN,cpu,2,1,latency_wall_batch1_ms,1,110,0.4811,ms
NOX,TT_PINN,cpu,2,1,latency_wall_batch1_ms,1,111,0.4716,ms
NOX,TT_PINN,cpu,2,1,latency_wall_batch1_ms,1,112,0.4999,ms
NOX,TT_PINN,cpu,2,1,latency_wall_batch1_ms,1,113,0.476,ms
NOX,TT_PINN,cpu,2,1,latency_wall_batch1_ms,1,114,0.4818,ms
NOX,TT_PINN,cpu,2,1,latency_wall_batch1_ms,1,115,0.4753,ms
NOX,TT_PINN,cpu,2,1,latency_wall_batch1_ms,1,116,0.4997,ms
NOX,TT_PINN,cpu,2,1,latency_wall_batch1_ms,1,117,0.4763,ms
NOX,TT_PINN,cpu,2,1,latency_wall_batch1_ms,1,118,0.4725,ms
NOX,TT_PINN,cpu,2,1,latency_wall_batch1_ms,1,119,0.4804,ms
NOX,TT_PINN,cpu,2,1,latency_wall_batch1_ms,1,120,0.4965,ms
NOX,TT_PINN,cpu,2,1,latency_wall_batch1_ms,1,121,0.472,ms
NOX,TT_PINN,cpu,2,1,latency_wall_batch1_ms,1,122,0.6097,ms
NOX,TT_PINN,cpu,2,1,latency_wall_batch1_ms,1,123,0.4977,ms
NOX,TT_PINN,cpu,2,1,latency_wall_batch1_ms,1,124,0.5054,ms
NOX,TT_PINN,cpu,2,1,latency_wall_batch1_ms,1,125,0.4793,ms
NOX,TT_PINN,cpu,2,1,latency_wall_batch1_ms,1,126,0.474,ms
NOX,TT_PINN,cpu,2,1,latency_wall_batch1_ms,1,127,0.5034,ms
NOX,TT_PINN,cpu,2,1,latency_wall_batch1_ms,1,128,0.4757,ms
NOX,TT_PINN,cpu,2,1,latency_wall_batch1_ms,1,129,0.4778,ms
NOX,TT_PINN,cpu,2,1,latency_wall_batch1_ms,1,130,0.475,ms
NOX,TT_PINN,cpu,2,1,latency_wall_batch1_ms,1,131,0.4998,ms
NOX,TT_PINN,cpu,2,1,latency_wall_batch1_ms,1,132,0.4806,ms
NOX,TT_PINN,cpu,2,1,latency_wall_batch1_ms,1,133,0.48,ms
NOX,TT_PINN,cpu,2,1,latency_wall_batch1_ms,1,134,0.4711,ms
NOX,TT_PINN,cpu,2,1,latency_wall_batch1_ms,1,135,0.5015,ms
NOX,TT_PINN,cpu,2,1,latency_wall_batch1_ms,1,136,0.4752,ms
NOX,TT_PINN,cpu,2,1,latency_wall_batch1_ms,1,137,0.5327,ms
NOX,TT_PINN,cpu,2,1,latency_wall_batch1_ms,1,138,0.4855,ms
NOX,TT_PINN,cpu,2,1,latency_wall_batch1_ms,1,139,0.5089,ms
NOX,TT_PINN,cpu,2,1,latency_wall_batch1_ms,1,140,0.4754,ms
NOX,TT_PINN,cpu,2,1,latency_wall_batch1_ms,1,141,0.4681,ms
NOX,TT_PINN,cpu,2,1,latency_wall_batch1_ms,1,142,0.4844,ms
NOX,TT_PINN,cpu,2,1,latency_wall_batch1_ms,1,143,0.5099,ms
NOX,TT_PINN,cpu,2,1,latency_wall_batch1_ms,1,144,0.4778,ms
NOX,TT_PINN,cpu,2,1,latency_wall_batch1_ms,1,145,0.4794,ms
NOX,TT_PINN,cpu,2,1,latency_wall_batch1_ms,1,146,0.4793,ms
NOX,TT_PINN,cpu,2,1,latency_wall_batch1_ms,1,147,0.4981,ms
NOX,TT_PINN,cpu,2,1,latency_wall_batch1_ms,1,148,0.4825,ms
NOX,TT_PINN,cpu,2,1,latency_wall_batch1_ms,1,149,0.47,ms
NOX,TT_PINN,cpu,2,1,latency_wall_batch1_ms,1,150,0.4775,ms
NOX,TT_PINN,cpu,2,1,latency_wall_batch1_ms,1,151,0.4982,ms
NOX,TT_PINN,cpu,2,1,latency_wall_batch1_ms,1,152,0.4862,ms
NOX,TT_PINN,cpu,2,1,latency_wall_batch1_ms,1,153,0.6628,ms
NOX,TT_PINN,cpu,2,1,latency_wall_batch1_ms,1,154,0.5101,ms
NOX,TT_PINN,cpu,2,1,latency_wall_batch1_ms,1,155,0.4792,ms
NOX,TT_PINN,cpu,2,1,latency_wall_batch1_ms,1,156,0.4808,ms
NOX,TT_PINN,cpu,2,1,latency_wall_batch1_ms,1,157,0.4733,ms
NOX,TT_PINN,cpu,2,1,latency_wall_batch1_ms,1,158,0.5066,ms
NOX,TT_PINN,cpu,2,1,latency_wall_batch1_ms,1,159,0.477,ms
NOX,TT_PINN,cpu,2,1,latency_wall_batch1_ms,1,160,0.4801,ms
NOX,TT_PINN,cpu,2,1,latency_wall_batch1_ms,1,161,0.4732,ms
NOX,TT_PINN,cpu,2,1,latency_wall_batch1_ms,1,162,0.5078,ms
NOX,TT_PINN,cpu,2,1,latency_wall_batch1_ms,1,163,0.4812,ms
NOX,TT_PINN,cpu,2,1,latency_wall_batch1_ms,1,164,0.4851,ms
NOX,TT_PINN,cpu,2,1,latency_wall_batch1_ms,1,165,0.4791,ms
NOX,TT_PINN,cpu,2,1,latency_wall_batch1_ms,1,166,0.4997,ms
NOX,TT_PINN,cpu,2,1,latency_wall_batch1_ms,1,167,0.4785,ms
NOX,TT_PINN,cpu,2,1,latency_wall_batch1_ms,1,168,0.4732,ms
NOX,TT_PINN,cpu,2,1,latency_wall_batch1_ms,1,169,0.4969,ms
NOX,TT_PINN,cpu,2,1,latency_wall_batch1_ms,1,170,0.4778,ms
NOX,TT_PINN,cpu,2,1,latency_wall_batch1_ms,1,171,0.4816,ms
NOX,TT_PINN,cpu,2,1,latency_wall_batch1_ms,1,172,0.4701,ms
NOX,TT_PINN,cpu,2,1,latency_wall_batch1_ms,1,173,0.4925,ms
NOX,TT_PINN,cpu,2,1,latency_wall_batch1_ms,1,174,0.4802,ms
NOX,TT_PINN,cpu,2,1,latency_wall_batch1_ms,1,175,0.4777,ms
NOX,TT_PINN,cpu,2,1,latency_wall_batch1_ms,1,176,0.471,ms
NOX,TT_PINN,cpu,2,1,latency_wall_batch1_ms,1,177,0.478,ms
NOX,TT_PINN,cpu,2,1,latency_wall_batch1_ms,1,178,0.4963,ms
NOX,TT_PINN,cpu,2,1,latency_wall_batch1_ms,1,179,0.4786,ms
NOX,TT_PINN,cpu,2,1,latency_wall_batch1_ms,1,180,0.47,ms
NOX,TT_PINN,cpu,2,1,latency_wall_batch1_ms,1,181,0.4743,ms
NOX,TT_PINN,cpu,2,1,latency_wall_batch1_ms,1,182,0.4971,ms
NOX,TT_PINN,cpu,2,1,latency_wall_batch1_ms,1,183,0.601,ms
NOX,TT_PINN,cpu,2,1,latency_wall_batch1_ms,1,184,0.5366,ms
NOX,TT_PINN,cpu,2,1,latency_wall_batch1_ms,1,185,0.755,ms
NOX,TT_PINN,cpu,2,1,latency_wall_batch1_ms,1,186,0.5756,ms
NOX,TT_PINN,cpu,2,1,latency_wall_batch1_ms,1,187,0.8906,ms
NOX,TT_PINN,cpu,2,1,latency_wall_batch1_ms,1,188,0.5229,ms
NOX,TT_PINN,cpu,2,1,latency_wall_batch1_ms,1,189,0.7216,ms
NOX,TT_PINN,cpu,2,1,latency_wall_batch1_ms,1,190,0.516,ms
NOX,TT_PINN,cpu,2,1,latency_wall_batch1_ms,1,191,0.5056,ms
NOX,TT_PINN,cpu,2,1,latency_wall_batch1_ms,1,192,0.4814,ms
NOX,TT_PINN,cpu,2,1,latency_wall_batch1_ms,1,193,0.4871,ms
NOX,TT_PINN,cpu,2,1,latency_wall_batch1_ms,1,194,0.477,ms
NOX,TT_PINN,cpu,2,1,latency_wall_batch1_ms,1,195,0.4838,ms
NOX,TT_PINN,cpu,2,1,latency_wall_batch1_ms,1,196,0.4785,ms
NOX,TT_PINN,cpu,2,1,latency_wall_batch1_ms,1,197,0.4822,ms
NOX,TT_PINN,cpu,2,1,latency_wall_batch1_ms,1,198,0.4845,ms
NOX,TT_PINN,cpu,2,1,latency_wall_batch1_ms,1,199,0.4707,ms
NOX,TT_PINN,cpu,2,1,latency_wall_batch1_ms,1,200,0.4709,ms
NOX,TT_PINN,cpu,2,1,latency_wall_batch1_ms,1,201,0.5142,ms
NOX,TT_PINN,cpu,2,1,latency_wall_batch1_ms,1,202,0.475,ms
NOX,TT_PINN,cpu,2,1,latency_wall_batch1_ms,1,203,0.5092,ms
NOX,TT_PINN,cpu,2,1,latency_wall_batch1_ms,1,204,0.5013,ms
NOX,TT_PINN,cpu,2,1,latency_wall_batch1_ms,1,205,0.4763,ms
NOX,TT_PINN,cpu,2,1,latency_wall_batch1_ms,1,206,0.5173,ms
NOX,TT_PINN,cpu,2,1,latency_wall_batch1_ms,1,207,0.4854,ms
NOX,TT_PINN,cpu,2,1,latency_wall_batch1_ms,1,208,0.5032,ms
NOX,TT_PINN,cpu,2,1,latency_wall_batch1_ms,1,209,0.4769,ms
NOX,TT_PINN,cpu,2,1,latency_wall_batch1_ms,1,210,0.5036,ms
NOX,TT_PINN,cpu,2,1,latency_wall_batch1_ms,1,211,0.4809,ms
NOX,TT_PINN,cpu,2,1,latency_wall_batch1_ms,1,212,0.751,ms
NOX,TT_PINN,cpu,2,1,latency_wall_batch1_ms,1,213,0.4949,ms
NOX,TT_PINN,cpu,2,1,latency_wall_batch1_ms,1,214,0.484,ms
NOX,TT_PINN,cpu,2,1,latency_wall_batch1_ms,1,215,0.731,ms
NOX,TT_PINN,cpu,2,1,latency_wall_batch1_ms,1,216,0.5137,ms
NOX,TT_PINN,cpu,2,1,latency_wall_batch1_ms,1,217,0.4805,ms
NOX,TT_PINN,cpu,2,1,latency_wall_batch1_ms,1,218,0.5184,ms
NOX,TT_PINN,cpu,2,1,latency_wall_batch1_ms,1,219,0.4832,ms
NOX,TT_PINN,cpu,2,1,latency_wall_batch1_ms,1,220,0.4795,ms
NOX,TT_PINN,cpu,2,1,latency_wall_batch1_ms,1,221,0.4754,ms
NOX,TT_PINN,cpu,2,1,latency_wall_batch1_ms,1,222,0.5094,ms
NOX,TT_PINN,cpu,2,1,latency_wall_batch1_ms,1,223,0.4848,ms
NOX,TT_PINN,cpu,2,1,latency_wall_batch1_ms,1,224,0.4753,ms
NOX,TT_PINN,cpu,2,1,latency_wall_batch1_ms,1,225,0.4756,ms
NOX,TT_PINN,cpu,2,1,latency_wall_batch1_ms,1,226,0.5234,ms
NOX,TT_PINN,cpu,2,1,latency_wall_batch1_ms,1,227,0.4875,ms
NOX,TT_PINN,cpu,2,1,latency_wall_batch1_ms,1,228,0.4834,ms
NOX,TT_PINN,cpu,2,1,latency_wall_batch1_ms,1,229,0.4848,ms
NOX,TT_PINN,cpu,2,1,latency_wall_batch1_ms,1,230,0.5098,ms
NOX,TT_PINN,cpu,2,1,latency_wall_batch1_ms,1,231,0.4938,ms
NOX,TT_PINN,cpu,2,1,latency_wall_batch1_ms,1,232,0.492,ms
NOX,TT_PINN,cpu,2,1,latency_wall_batch1_ms,1,233,0.4867,ms
NOX,TT_PINN,cpu,2,1,latency_wall_batch1_ms,1,234,0.5196,ms
NOX,TT_PINN,cpu,2,1,latency_wall_batch1_ms,1,235,0.4954,ms
NOX,TT_PINN,cpu,2,1,latency_wall_batch1_ms,1,236,0.4838,ms
NOX,TT_PINN,cpu,2,1,latency_wall_batch1_ms,1,237,0.4932,ms
NOX,TT_PINN,cpu,2,1,latency_wall_batch1_ms,1,238,0.5217,ms
NOX,TT_PINN,cpu,2,1,latency_wall_batch1_ms,1,239,0.4933,ms
NOX,TT_PINN,cpu,2,1,latency_wall_batch1_ms,1,240,0.4915,ms
NOX,TT_PINN,cpu,2,1,latency_wall_batch1_ms,1,241,0.5202,ms
NOX,TT_PINN,cpu,2,1,latency_wall_batch1_ms,1,242,0.4974,ms
NOX,TT_PINN,cpu,2,1,latency_wall_batch1_ms,1,243,0.7144,ms
NOX,TT_PINN,cpu,2,1,latency_wall_batch1_ms,1,244,0.4963,ms
NOX,TT_PINN,cpu,2,1,latency_wall_batch1_ms,1,245,0.526,ms
NOX,TT_PINN,cpu,2,1,latency_wall_batch1_ms,1,246,0.5016,ms
NOX,TT_PINN,cpu,2,1,latency_wall_batch1_ms,1,247,0.4836,ms
NOX,TT_PINN,cpu,2,1,latency_wall_batch1_ms,1,248,0.4853,ms
NOX,TT_PINN,cpu,2,1,latency_wall_batch1_ms,1,249,0.5139,ms
NOX,TT_PINN,cpu,2,1,latency_wall_batch1_ms,1,250,0.489,ms
NOX,TT_PINN,cpu,2,1,latency_wall_batch1_ms,1,251,0.4815,ms
NOX,TT_PINN,cpu,2,1,latency_wall_batch1_ms,1,252,0.486,ms
NOX,TT_PINN,cpu,2,1,latency_wall_batch1_ms,1,253,0.5067,ms
NOX,TT_PINN,cpu,2,1,latency_wall_batch1_ms,1,254,0.5023,ms
NOX,TT_PINN,cpu,2,1,latency_wall_batch1_ms,1,255,0.496,ms
NOX,TT_PINN,cpu,2,1,latency_wall_batch1_ms,1,256,0.4808,ms
NOX,TT_PINN,cpu,2,1,latency_wall_batch1_ms,1,257,0.5101,ms
NOX,TT_PINN,cpu,2,1,latency_wall_batch1_ms,1,258,0.4835,ms
NOX,TT_PINN,cpu,2,1,latency_wall_batch1_ms,1,259,0.4787,ms
NOX,TT_PINN,cpu,2,1,latency_wall_batch1_ms,1,260,0.4772,ms
NOX,TT_PINN,cpu,2,1,latency_wall_batch1_ms,1,261,0.502,ms
NOX,TT_PINN,cpu,2,1,latency_wall_batch1_ms,1,262,0.4863,ms
NOX,TT_PINN,cpu,2,1,latency_wall_batch1_ms,1,263,0.4756,ms
NOX,TT_PINN,cpu,2,1,latency_wall_batch1_ms,1,264,0.4776,ms
NOX,TT_PINN,cpu,2,1,latency_wall_batch1_ms,1,265,0.508,ms
NOX,TT_PINN,cpu,2,1,latency_wall_batch1_ms,1,266,0.4843,ms
NOX,TT_PINN,cpu,2,1,latency_wall_batch1_ms,1,267,0.4778,ms
NOX,TT_PINN,cpu,2,1,latency_wall_batch1_ms,1,268,0.4754,ms
NOX,TT_PINN,cpu,2,1,latency_wall_batch1_ms,1,269,0.4981,ms
NOX,TT_PINN,cpu,2,1,latency_wall_batch1_ms,1,270,0.5122,ms
NOX,TT_PINN,cpu,2,1,latency_wall_batch1_ms,1,271,0.482,ms
NOX,TT_PINN,cpu,2,1,latency_wall_batch1_ms,1,272,0.4781,ms
NOX,TT_PINN,cpu,2,1,latency_wall_batch1_ms,1,273,0.4976,ms
NOX,TT_PINN,cpu,2,1,latency_wall_batch1_ms,1,274,0.5014,ms
NOX,TT_PINN,cpu,2,1,latency_wall_batch1_ms,1,275,0.4784,ms
NOX,TT_PINN,cpu,2,1,latency_wall_batch1_ms,1,276,0.475,ms
NOX,TT_PINN,cpu,2,1,latency_wall_batch1_ms,1,277,0.4952,ms
NOX,TT_PINN,cpu,2,1,latency_wall_batch1_ms,1,278,0.4817,ms
NOX,TT_PINN,cpu,2,1,latency_wall_batch1_ms,1,279,0.4759,ms
NOX,TT_PINN,cpu,2,1,latency_wall_batch1_ms,1,280,0.4719,ms
NOX,TT_PINN,cpu,2,1,latency_wall_batch1_ms,1,281,0.4976,ms
NOX,TT_PINN,cpu,2,1,latency_wall_batch1_ms,1,282,0.4767,ms
NOX,TT_PINN,cpu,2,1,latency_wall_batch1_ms,1,283,0.4807,ms
NOX,TT_PINN,cpu,2,1,latency_wall_batch1_ms,1,284,0.4994,ms
NOX,TT_PINN,cpu,2,1,latency_wall_batch1_ms,1,285,0.4929,ms
NOX,TT_PINN,cpu,2,1,latency_wall_batch1_ms,1,286,0.4963,ms
NOX,TT_PINN,cpu,2,1,latency_wall_batch1_ms,1,287,0.4777,ms
NOX,TT_PINN,cpu,2,1,latency_wall_batch1_ms,1,288,0.5003,ms
NOX,TT_PINN,cpu,2,1,latency_wall_batch1_ms,1,289,0.4786,ms
NOX,TT_PINN,cpu,2,1,latency_wall_batch1_ms,1,290,0.4738,ms
NOX,TT_PINN,cpu,2,1,latency_wall_batch1_ms,1,291,0.4744,ms
NOX,TT_PINN,cpu,2,1,latency_wall_batch1_ms,1,292,0.5026,ms
NOX,TT_PINN,cpu,2,1,latency_wall_batch1_ms,1,293,0.4788,ms
NOX,TT_PINN,cpu,2,1,latency_wall_batch1_ms,1,294,0.4729,ms
NOX,TT_PINN,cpu,2,1,latency_wall_batch1_ms,1,295,0.475,ms
NOX,TT_PINN,cpu,2,1,latency_wall_batch1_ms,1,296,0.5012,ms
NOX,TT_PINN,cpu,2,1,latency_wall_batch1_ms,1,297,0.4769,ms
NOX,TT_PINN,cpu,2,1,latency_wall_batch1_ms,1,298,0.4734,ms
NOX,TT_PINN,cpu,2,1,latency_wall_batch1_ms,1,299,0.4846,ms
NOX,TT_PINN,cpu,2,1,latency_wall_batch1_ms,1,300,0.4788,ms
NOX,TT_PINN,cpu,2,1,latency_wall_batch1_ms,1,301,0.4737,ms
NOX,TT_PINN,cpu,2,1,latency_wall_batch1_ms,1,302,0.4714,ms
NOX,TT_PINN,cpu,2,1,latency_wall_batch1_ms,1,303,0.4725,ms
NOX,TT_PINN,cpu,2,1,latency_wall_batch1_ms,1,304,0.5011,ms
NOX,TT_PINN,cpu,2,1,latency_wall_batch1_ms,1,305,0.4742,ms
NOX,TT_PINN,cpu,2,1,latency_wall_batch1_ms,1,306,0.6656,ms
NOX,TT_PINN,cpu,2,1,latency_wall_batch1_ms,1,307,0.5148,ms
NOX,TT_PINN,cpu,2,1,latency_wall_batch1_ms,1,308,0.5299,ms
NOX,TT_PINN,cpu,2,1,latency_wall_batch1_ms,1,309,0.4866,ms
NOX,TT_PINN,cpu,2,1,latency_wall_batch1_ms,1,310,0.4764,ms
NOX,TT_PINN,cpu,2,1,latency_wall_batch1_ms,1,311,0.4911,ms
NOX,TT_PINN,cpu,2,1,latency_wall_batch1_ms,1,312,0.4865,ms
NOX,TT_PINN,cpu,2,1,latency_wall_batch1_ms,1,313,0.4718,ms
NOX,TT_PINN,cpu,2,1,latency_wall_batch1_ms,1,314,0.4757,ms
NOX,TT_PINN,cpu,2,1,latency_wall_batch1_ms,1,315,0.495,ms
NOX,TT_PINN,cpu,2,1,latency_wall_batch1_ms,1,316,0.4794,ms
NOX,TT_PINN,cpu,2,1,latency_wall_batch1_ms,1,317,0.4758,ms
NOX,TT_PINN,cpu,2,1,latency_wall_batch1_ms,1,318,0.4727,ms
NOX,TT_PINN,cpu,2,1,latency_wall_batch1_ms,1,319,0.501,ms
NOX,TT_PINN,cpu,2,1,latency_wall_batch1_ms,1,320,0.4779,ms
NOX,TT_PINN,cpu,2,1,latency_wall_batch1_ms,1,321,0.4688,ms
NOX,TT_PINN,cpu,2,1,latency_wall_batch1_ms,1,322,0.4726,ms
NOX,TT_PINN,cpu,2,1,latency_wall_batch1_ms,1,323,0.5195,ms
NOX,TT_PINN,cpu,2,1,latency_wall_batch1_ms,1,324,0.4809,ms
NOX,TT_PINN,cpu,2,1,latency_wall_batch1_ms,1,325,0.4719,ms
NOX,TT_PINN,cpu,2,1,latency_wall_batch1_ms,1,326,0.4928,ms
NOX,TT_PINN,cpu,2,1,latency_wall_batch1_ms,1,327,0.5023,ms
NOX,TT_PINN,cpu,2,1,latency_wall_batch1_ms,1,328,0.4773,ms
NOX,TT_PINN,cpu,2,1,latency_wall_batch1_ms,1,329,0.4762,ms
NOX,TT_PINN,cpu,2,1,latency_wall_batch1_ms,1,330,0.4727,ms
NOX,TT_PINN,cpu,2,1,latency_wall_batch1_ms,1,331,0.4971,ms
NOX,TT_PINN,cpu,2,1,latency_wall_batch1_ms,1,332,0.4943,ms
NOX,TT_PINN,cpu,2,1,latency_wall_batch1_ms,1,333,0.4878,ms
NOX,TT_PINN,cpu,2,1,latency_wall_batch1_ms,1,334,0.4769,ms
NOX,TT_PINN,cpu,2,1,latency_wall_batch1_ms,1,335,0.5081,ms
NOX,TT_PINN,cpu,2,1,latency_wall_batch1_ms,1,336,0.4796,ms
NOX,TT_PINN,cpu,2,1,latency_wall_batch1_ms,1,337,0.4731,ms
NOX,TT_PINN,cpu,2,1,latency_wall_batch1_ms,1,338,0.4723,ms
NOX,TT_PINN,cpu,2,1,latency_wall_batch1_ms,1,339,0.4948,ms
NOX,TT_PINN,cpu,2,1,latency_wall_batch1_ms,1,340,0.4786,ms
NOX,TT_PINN,cpu,2,1,latency_wall_batch1_ms,1,341,0.4741,ms
NOX,TT_PINN,cpu,2,1,latency_wall_batch1_ms,1,342,0.759,ms
NOX,TT_PINN,cpu,2,1,latency_wall_batch1_ms,1,343,0.4953,ms
NOX,TT_PINN,cpu,2,1,latency_wall_batch1_ms,1,344,0.4796,ms
NOX,TT_PINN,cpu,2,1,latency_wall_batch1_ms,1,345,0.5222,ms
NOX,TT_PINN,cpu,2,1,latency_wall_batch1_ms,1,346,0.4796,ms
NOX,TT_PINN,cpu,2,1,latency_wall_batch1_ms,1,347,0.4809,ms
NOX,TT_PINN,cpu,2,1,latency_wall_batch1_ms,1,348,0.4765,ms
NOX,TT_PINN,cpu,2,1,latency_wall_batch1_ms,1,349,0.6315,ms
NOX,TT_PINN,cpu,2,1,latency_wall_batch1_ms,1,350,0.5002,ms
NOX,TT_PINN,cpu,2,1,latency_wall_batch1_ms,1,351,0.4815,ms
NOX,TT_PINN,cpu,2,1,latency_wall_batch1_ms,1,352,0.5124,ms
NOX,TT_PINN,cpu,2,1,latency_wall_batch1_ms,1,353,0.4841,ms
NOX,TT_PINN,cpu,2,1,latency_wall_batch1_ms,1,354,0.4793,ms
NOX,TT_PINN,cpu,2,1,latency_wall_batch1_ms,1,355,0.4732,ms
NOX,TT_PINN,cpu,2,1,latency_wall_batch1_ms,1,356,0.4972,ms
NOX,TT_PINN,cpu,2,1,latency_wall_batch1_ms,1,357,0.483,ms
NOX,TT_PINN,cpu,2,1,latency_wall_batch1_ms,1,358,0.4775,ms
NOX,TT_PINN,cpu,2,1,latency_wall_batch1_ms,1,359,0.4776,ms
NOX,TT_PINN,cpu,2,1,latency_wall_batch1_ms,1,360,0.5093,ms
NOX,TT_PINN,cpu,2,1,latency_wall_batch1_ms,1,361,0.4802,ms
NOX,TT_PINN,cpu,2,1,latency_wall_batch1_ms,1,362,0.4802,ms
NOX,TT_PINN,cpu,2,1,latency_wall_batch1_ms,1,363,0.4803,ms
NOX,TT_PINN,cpu,2,1,latency_wall_batch1_ms,1,364,0.8882,ms
NOX,TT_PINN,cpu,2,1,latency_wall_batch1_ms,1,365,0.4867,ms
NOX,TT_PINN,cpu,2,1,latency_wall_batch1_ms,1,366,0.4762,ms
NOX,TT_PINN,cpu,2,1,latency_wall_batch1_ms,1,367,0.71,ms
NOX,TT_PINN,cpu,2,1,latency_wall_batch1_ms,1,368,0.5165,ms
NOX,TT_PINN,cpu,2,1,latency_wall_batch1_ms,1,369,0.4848,ms
NOX,TT_PINN,cpu,2,1,latency_wall_batch1_ms,1,370,0.5079,ms
NOX,TT_PINN,cpu,2,1,latency_wall_batch1_ms,1,371,0.48,ms
NOX,TT_PINN,cpu,2,1,latency_wall_batch1_ms,1,372,0.476,ms
NOX,TT_PINN,cpu,2,1,latency_wall_batch1_ms,1,373,0.4741,ms
NOX,TT_PINN,cpu,2,1,latency_wall_batch1_ms,1,374,0.508,ms
NOX,TT_PINN,cpu,2,1,latency_wall_batch1_ms,1,375,0.4839,ms
NOX,TT_PINN,cpu,2,1,latency_wall_batch1_ms,1,376,0.4762,ms
NOX,TT_PINN,cpu,2,1,latency_wall_batch1_ms,1,377,0.4743,ms
NOX,TT_PINN,cpu,2,1,latency_wall_batch1_ms,1,378,0.5004,ms
NOX,TT_PINN,cpu,2,1,latency_wall_batch1_ms,1,379,0.4895,ms
NOX,TT_PINN,cpu,2,1,latency_wall_batch1_ms,1,380,0.4843,ms
NOX,TT_PINN,cpu,2,1,latency_wall_batch1_ms,1,381,0.4765,ms
NOX,TT_PINN,cpu,2,1,latency_wall_batch1_ms,1,382,0.5046,ms
NOX,TT_PINN,cpu,2,1,latency_wall_batch1_ms,1,383,0.4934,ms
NOX,TT_PINN,cpu,2,1,latency_wall_batch1_ms,1,384,0.4856,ms
NOX,TT_PINN,cpu,2,1,latency_wall_batch1_ms,1,385,0.4864,ms
NOX,TT_PINN,cpu,2,1,latency_wall_batch1_ms,1,386,0.5198,ms
NOX,TT_PINN,cpu,2,1,latency_wall_batch1_ms,1,387,0.4876,ms
NOX,TT_PINN,cpu,2,1,latency_wall_batch1_ms,1,388,0.4864,ms
NOX,TT_PINN,cpu,2,1,latency_wall_batch1_ms,1,389,0.4828,ms
NOX,TT_PINN,cpu,2,1,latency_wall_batch1_ms,1,390,0.5242,ms
NOX,TT_PINN,cpu,2,1,latency_wall_batch1_ms,1,391,0.4847,ms
NOX,TT_PINN,cpu,2,1,latency_wall_batch1_ms,1,392,0.4794,ms
NOX,TT_PINN,cpu,2,1,latency_wall_batch1_ms,1,393,0.4813,ms
NOX,TT_PINN,cpu,2,1,latency_wall_batch1_ms,1,394,0.5055,ms
NOX,TT_PINN,cpu,2,1,latency_wall_batch1_ms,1,395,0.4823,ms
NOX,TT_PINN,cpu,2,1,latency_wall_batch1_ms,1,396,0.481,ms
NOX,TT_PINN,cpu,2,1,latency_wall_batch1_ms,1,397,0.4827,ms
NOX,TT_PINN,cpu,2,1,latency_wall_batch1_ms,1,398,0.507,ms
NOX,TT_PINN,cpu,2,1,latency_wall_batch1_ms,1,399,0.4821,ms
NOX,TT_PINN,cpu,2,1,throughput_rows_s,1,0,2070.393374741201,rows/s
NOX,TT_PINN,cpu,2,1,throughput_rows_s,1,1,1970.055161544523,rows/s
NOX,TT_PINN,cpu,2,1,throughput_rows_s,1,2,2093.364036005861,rows/s
NOX,TT_PINN,cpu,2,1,throughput_rows_s,1,3,2124.4954323348206,rows/s
NOX,TT_PINN,cpu,2,1,throughput_rows_s,1,4,2098.19555182543,rows/s
NOX,TT_PINN,cpu,2,1,throughput_rows_s,1,5,1974.7235387045816,rows/s
NOX,TT_PINN,cpu,2,1,throughput_rows_s,1,6,2090.7380305247752,rows/s
NOX,TT_PINN,cpu,2,1,throughput_rows_s,1,7,2115.0592216582063,rows/s
NOX,TT_PINN,cpu,2,1,throughput_rows_s,1,8,2096.875655273642,rows/s
NOX,TT_PINN,cpu,2,1,throughput_rows_s,1,9,1996.007984031936,rows/s
NOX,TT_PINN,cpu,2,1,throughput_rows_s,1,10,2078.137988362427,rows/s
NOX,TT_PINN,cpu,2,1,throughput_rows_s,1,11,2069.96481059822,rows/s
NOX,TT_PINN,cpu,2,1,throughput_rows_s,16,0,28576.531523486337,rows/s
NOX,TT_PINN,cpu,2,1,throughput_rows_s,16,1,23367.89834964218,rows/s
NOX,TT_PINN,cpu,2,1,throughput_rows_s,16,2,25248.540318762818,rows/s
NOX,TT_PINN,cpu,2,1,throughput_rows_s,16,3,27830.927117759613,rows/s
NOX,TT_PINN,cpu,2,1,throughput_rows_s,16,4,28510.33499643621,rows/s
NOX,TT_PINN,cpu,2,1,throughput_rows_s,16,5,27336.408679309752,rows/s
NOX,TT_PINN,cpu,2,1,throughput_rows_s,16,6,28596.961572832886,rows/s
NOX,TT_PINN,cpu,2,1,throughput_rows_s,16,7,29027.576197387516,rows/s
NOX,TT_PINN,cpu,2,1,throughput_rows_s,16,8,23774.145616641898,rows/s
NOX,TT_PINN,cpu,2,1,throughput_rows_s,16,9,26769.282248619707,rows/s
NOX,TT_PINN,cpu,2,1,throughput_rows_s,16,10,28896.514357955573,rows/s
NOX,TT_PINN,cpu,2,1,throughput_rows_s,16,11,28823.63538101243,rows/s
NOX,TT_PINN,cpu,2,1,throughput_rows_s,64,0,71103.21075436063,rows/s
NOX,TT_PINN,cpu,2,1,throughput_rows_s,64,1,73218.16725775083,rows/s
NOX,TT_PINN,cpu,2,1,throughput_rows_s,64,2,72934.47293447294,rows/s
NOX,TT_PINN,cpu,2,1,throughput_rows_s,64,3,68376.06837606838,rows/s
NOX,TT_PINN,cpu,2,1,throughput_rows_s,64,4,71684.58781362008,rows/s
NOX,TT_PINN,cpu,2,1,throughput_rows_s,64,5,72234.76297968398,rows/s
NOX,TT_PINN,cpu,2,1,throughput_rows_s,64,6,57626.508193769136,rows/s
NOX,TT_PINN,cpu,2,1,throughput_rows_s,64,7,73101.08509423186,rows/s
NOX,TT_PINN,cpu,2,1,throughput_rows_s,64,8,75560.8028335301,rows/s
NOX,TT_PINN,cpu,2,1,throughput_rows_s,64,9,70430.2850225597,rows/s
NOX,TT_PINN,cpu,2,1,throughput_rows_s,64,10,70984.91570541261,rows/s
NOX,TT_PINN,cpu,2,1,throughput_rows_s,64,11,75249.8530276308,rows/s
NOX,TT_PINN,cpu,2,1,throughput_rows_s,256,0,253917.87343781,rows/s
NOX,TT_PINN,cpu,2,1,throughput_rows_s,256,1,196786.83988008302,rows/s
NOX,TT_PINN,cpu,2,1,throughput_rows_s,256,2,161209.06801007557,rows/s
NOX,TT_PINN,cpu,2,1,throughput_rows_s,256,3,235315.74593253052,rows/s
NOX,TT_PINN,cpu,2,1,throughput_rows_s,256,4,282560.706401766,rows/s
NOX,TT_PINN,cpu,2,1,throughput_rows_s,256,5,267810.4404226384,rows/s
NOX,TT_PINN,cpu,2,1,throughput_rows_s,256,6,285554.9358616843,rows/s
NOX,TT_PINN,cpu,2,1,throughput_rows_s,256,7,272688.5385598637,rows/s
NOX,TT_PINN,cpu,2,1,throughput_rows_s,256,8,285395.7636566332,rows/s
NOX,TT_PINN,cpu,2,1,throughput_rows_s,256,9,278109.7229766431,rows/s
NOX,TT_PINN,cpu,2,1,throughput_rows_s,256,10,285077.95100222714,rows/s
NOX,TT_PINN,cpu,2,1,throughput_rows_s,256,11,284318.08085295424,rows/s
NOX,TT_PINN,cpu,2,1,throughput_rows_s,1024,0,824277.5497061901,rows/s
NOX,TT_PINN,cpu,2,1,throughput_rows_s,1024,1,804525.4556882464,rows/s
NOX,TT_PINN,cpu,2,1,throughput_rows_s,1024,2,807698.3751380343,rows/s
NOX,TT_PINN,cpu,2,1,throughput_rows_s,1024,3,813537.7770715818,rows/s
NOX,TT_PINN,cpu,2,1,throughput_rows_s,1024,4,806871.0109526436,rows/s
NOX,TT_PINN,cpu,2,1,throughput_rows_s,1024,5,814055.1713172749,rows/s
NOX,TT_PINN,cpu,2,1,throughput_rows_s,1024,6,829149.7975708501,rows/s
NOX,TT_PINN,cpu,2,1,throughput_rows_s,1024,7,684995.6518830691,rows/s
NOX,TT_PINN,cpu,2,1,throughput_rows_s,1024,8,598095.9056129899,rows/s
NOX,TT_PINN,cpu,2,1,throughput_rows_s,1024,9,754772.6100095821,rows/s
NOX,TT_PINN,cpu,2,1,throughput_rows_s,1024,10,787692.3076923077,rows/s
NOX,TT_PINN,cpu,2,1,throughput_rows_s,1024,11,785637.5632959951,rows/s
NOX,TT_PINN,cpu,2,1,throughput_rows_s,4096,0,1173571.7150879605,rows/s
NOX,TT_PINN,cpu,2,1,throughput_rows_s,4096,1,1254440.769325003,rows/s
NOX,TT_PINN,cpu,2,1,throughput_rows_s,4096,2,1036830.7809138084,rows/s
NOX,TT_PINN,cpu,2,1,throughput_rows_s,4096,3,809470.1685737435,rows/s
NOX,TT_PINN,cpu,2,1,throughput_rows_s,4096,4,934882.3408577362,rows/s
NOX,TT_PINN,cpu,2,1,throughput_rows_s,4096,5,900378.088455113,rows/s
NOX,TT_PINN,cpu,2,1,throughput_rows_s,4096,6,928250.9178262249,rows/s
NOX,TT_PINN,cpu,2,1,throughput_rows_s,4096,7,896849.2040901228,rows/s
NOX,TT_PINN,cpu,2,1,throughput_rows_s,4096,8,1165689.566850703,rows/s
NOX,TT_PINN,cpu,2,1,throughput_rows_s,4096,9,870655.7551280688,rows/s
NOX,TT_PINN,cpu,2,1,throughput_rows_s,4096,10,865157.1476850287,rows/s
NOX,TT_PINN,cpu,2,1,throughput_rows_s,4096,11,955045.7004290243,rows/s
NOX,DENSE_PINN,cpu,2,2,latency_wall_batch1_ms,1,0,0.0736,ms
NOX,DENSE_PINN,cpu,2,2,latency_wall_batch1_ms,1,1,0.073,ms
NOX,DENSE_PINN,cpu,2,2,latency_wall_batch1_ms,1,2,0.0662,ms
NOX,DENSE_PINN,cpu,2,2,latency_wall_batch1_ms,1,3,0.0509,ms
NOX,DENSE_PINN,cpu,2,2,latency_wall_batch1_ms,1,4,0.0507,ms
NOX,DENSE_PINN,cpu,2,2,latency_wall_batch1_ms,1,5,0.051,ms
NOX,DENSE_PINN,cpu,2,2,latency_wall_batch1_ms,1,6,0.0504,ms
NOX,DENSE_PINN,cpu,2,2,latency_wall_batch1_ms,1,7,0.0498,ms
NOX,DENSE_PINN,cpu,2,2,latency_wall_batch1_ms,1,8,0.0501,ms
NOX,DENSE_PINN,cpu,2,2,latency_wall_batch1_ms,1,9,0.0506,ms
NOX,DENSE_PINN,cpu,2,2,latency_wall_batch1_ms,1,10,0.0557,ms
NOX,DENSE_PINN,cpu,2,2,latency_wall_batch1_ms,1,11,0.051,ms
NOX,DENSE_PINN,cpu,2,2,latency_wall_batch1_ms,1,12,0.0502,ms
NOX,DENSE_PINN,cpu,2,2,latency_wall_batch1_ms,1,13,0.0508,ms
NOX,DENSE_PINN,cpu,2,2,latency_wall_batch1_ms,1,14,0.0507,ms
NOX,DENSE_PINN,cpu,2,2,latency_wall_batch1_ms,1,15,0.0502,ms
NOX,DENSE_PINN,cpu,2,2,latency_wall_batch1_ms,1,16,0.0516,ms
NOX,DENSE_PINN,cpu,2,2,latency_wall_batch1_ms,1,17,0.0516,ms
NOX,DENSE_PINN,cpu,2,2,latency_wall_batch1_ms,1,18,0.0519,ms
NOX,DENSE_PINN,cpu,2,2,latency_wall_batch1_ms,1,19,0.0514,ms
NOX,DENSE_PINN,cpu,2,2,latency_wall_batch1_ms,1,20,0.0972,ms
NOX,DENSE_PINN,cpu,2,2,latency_wall_batch1_ms,1,21,0.0749,ms
NOX,DENSE_PINN,cpu,2,2,latency_wall_batch1_ms,1,22,0.1244,ms
NOX,DENSE_PINN,cpu,2,2,latency_wall_batch1_ms,1,23,0.0662,ms
NOX,DENSE_PINN,cpu,2,2,latency_wall_batch1_ms,1,24,0.0545,ms
NOX,DENSE_PINN,cpu,2,2,latency_wall_batch1_ms,1,25,0.0516,ms
NOX,DENSE_PINN,cpu,2,2,latency_wall_batch1_ms,1,26,0.052,ms
NOX,DENSE_PINN,cpu,2,2,latency_wall_batch1_ms,1,27,0.0509,ms
NOX,DENSE_PINN,cpu,2,2,latency_wall_batch1_ms,1,28,0.0518,ms
NOX,DENSE_PINN,cpu,2,2,latency_wall_batch1_ms,1,29,0.0512,ms
NOX,DENSE_PINN,cpu,2,2,latency_wall_batch1_ms,1,30,0.075,ms
NOX,DENSE_PINN,cpu,2,2,latency_wall_batch1_ms,1,31,0.0527,ms
NOX,DENSE_PINN,cpu,2,2,latency_wall_batch1_ms,1,32,0.051,ms
NOX,DENSE_PINN,cpu,2,2,latency_wall_batch1_ms,1,33,0.0512,ms
NOX,DENSE_PINN,cpu,2,2,latency_wall_batch1_ms,1,34,0.0509,ms
NOX,DENSE_PINN,cpu,2,2,latency_wall_batch1_ms,1,35,0.0507,ms
NOX,DENSE_PINN,cpu,2,2,latency_wall_batch1_ms,1,36,0.0507,ms
NOX,DENSE_PINN,cpu,2,2,latency_wall_batch1_ms,1,37,0.0509,ms
NOX,DENSE_PINN,cpu,2,2,latency_wall_batch1_ms,1,38,0.0504,ms
NOX,DENSE_PINN,cpu,2,2,latency_wall_batch1_ms,1,39,0.0511,ms
NOX,DENSE_PINN,cpu,2,2,latency_wall_batch1_ms,1,40,0.0504,ms
NOX,DENSE_PINN,cpu,2,2,latency_wall_batch1_ms,1,41,0.0503,ms
NOX,DENSE_PINN,cpu,2,2,latency_wall_batch1_ms,1,42,0.0509,ms
NOX,DENSE_PINN,cpu,2,2,latency_wall_batch1_ms,1,43,0.0548,ms
NOX,DENSE_PINN,cpu,2,2,latency_wall_batch1_ms,1,44,0.0509,ms
NOX,DENSE_PINN,cpu,2,2,latency_wall_batch1_ms,1,45,0.051,ms
NOX,DENSE_PINN,cpu,2,2,latency_wall_batch1_ms,1,46,0.051,ms
NOX,DENSE_PINN,cpu,2,2,latency_wall_batch1_ms,1,47,0.0519,ms
NOX,DENSE_PINN,cpu,2,2,latency_wall_batch1_ms,1,48,0.0507,ms
NOX,DENSE_PINN,cpu,2,2,latency_wall_batch1_ms,1,49,0.0504,ms
NOX,DENSE_PINN,cpu,2,2,latency_wall_batch1_ms,1,50,0.0508,ms
NOX,DENSE_PINN,cpu,2,2,latency_wall_batch1_ms,1,51,0.0506,ms
NOX,DENSE_PINN,cpu,2,2,latency_wall_batch1_ms,1,52,0.0505,ms
NOX,DENSE_PINN,cpu,2,2,latency_wall_batch1_ms,1,53,0.0511,ms
NOX,DENSE_PINN,cpu,2,2,latency_wall_batch1_ms,1,54,0.051,ms
NOX,DENSE_PINN,cpu,2,2,latency_wall_batch1_ms,1,55,0.0511,ms
NOX,DENSE_PINN,cpu,2,2,latency_wall_batch1_ms,1,56,0.0508,ms
NOX,DENSE_PINN,cpu,2,2,latency_wall_batch1_ms,1,57,0.0504,ms
NOX,DENSE_PINN,cpu,2,2,latency_wall_batch1_ms,1,58,0.0501,ms
NOX,DENSE_PINN,cpu,2,2,latency_wall_batch1_ms,1,59,0.0515,ms
NOX,DENSE_PINN,cpu,2,2,latency_wall_batch1_ms,1,60,0.0597,ms
NOX,DENSE_PINN,cpu,2,2,latency_wall_batch1_ms,1,61,0.0584,ms
NOX,DENSE_PINN,cpu,2,2,latency_wall_batch1_ms,1,62,0.0523,ms
NOX,DENSE_PINN,cpu,2,2,latency_wall_batch1_ms,1,63,0.0521,ms
NOX,DENSE_PINN,cpu,2,2,latency_wall_batch1_ms,1,64,0.0511,ms
NOX,DENSE_PINN,cpu,2,2,latency_wall_batch1_ms,1,65,0.051,ms
NOX,DENSE_PINN,cpu,2,2,latency_wall_batch1_ms,1,66,0.0512,ms
NOX,DENSE_PINN,cpu,2,2,latency_wall_batch1_ms,1,67,0.0513,ms
NOX,DENSE_PINN,cpu,2,2,latency_wall_batch1_ms,1,68,0.051,ms
NOX,DENSE_PINN,cpu,2,2,latency_wall_batch1_ms,1,69,0.0507,ms
NOX,DENSE_PINN,cpu,2,2,latency_wall_batch1_ms,1,70,0.051,ms
NOX,DENSE_PINN,cpu,2,2,latency_wall_batch1_ms,1,71,0.051,ms
NOX,DENSE_PINN,cpu,2,2,latency_wall_batch1_ms,1,72,0.0601,ms
NOX,DENSE_PINN,cpu,2,2,latency_wall_batch1_ms,1,73,0.0528,ms
NOX,DENSE_PINN,cpu,2,2,latency_wall_batch1_ms,1,74,0.0514,ms
NOX,DENSE_PINN,cpu,2,2,latency_wall_batch1_ms,1,75,0.051,ms
NOX,DENSE_PINN,cpu,2,2,latency_wall_batch1_ms,1,76,0.0509,ms
NOX,DENSE_PINN,cpu,2,2,latency_wall_batch1_ms,1,77,0.0505,ms
NOX,DENSE_PINN,cpu,2,2,latency_wall_batch1_ms,1,78,0.0513,ms
NOX,DENSE_PINN,cpu,2,2,latency_wall_batch1_ms,1,79,0.0507,ms
NOX,DENSE_PINN,cpu,2,2,latency_wall_batch1_ms,1,80,0.051,ms
NOX,DENSE_PINN,cpu,2,2,latency_wall_batch1_ms,1,81,0.0508,ms
NOX,DENSE_PINN,cpu,2,2,latency_wall_batch1_ms,1,82,0.0507,ms
NOX,DENSE_PINN,cpu,2,2,latency_wall_batch1_ms,1,83,0.051,ms
NOX,DENSE_PINN,cpu,2,2,latency_wall_batch1_ms,1,84,0.0518,ms
NOX,DENSE_PINN,cpu,2,2,latency_wall_batch1_ms,1,85,0.0518,ms
NOX,DENSE_PINN,cpu,2,2,latency_wall_batch1_ms,1,86,0.0512,ms
NOX,DENSE_PINN,cpu,2,2,latency_wall_batch1_ms,1,87,0.0503,ms
NOX,DENSE_PINN,cpu,2,2,latency_wall_batch1_ms,1,88,0.0519,ms
NOX,DENSE_PINN,cpu,2,2,latency_wall_batch1_ms,1,89,0.0508,ms
NOX,DENSE_PINN,cpu,2,2,latency_wall_batch1_ms,1,90,0.0516,ms
NOX,DENSE_PINN,cpu,2,2,latency_wall_batch1_ms,1,91,0.0512,ms
NOX,DENSE_PINN,cpu,2,2,latency_wall_batch1_ms,1,92,0.051,ms
NOX,DENSE_PINN,cpu,2,2,latency_wall_batch1_ms,1,93,0.0535,ms
NOX,DENSE_PINN,cpu,2,2,latency_wall_batch1_ms,1,94,0.0713,ms
NOX,DENSE_PINN,cpu,2,2,latency_wall_batch1_ms,1,95,0.0536,ms
NOX,DENSE_PINN,cpu,2,2,latency_wall_batch1_ms,1,96,0.0517,ms
NOX,DENSE_PINN,cpu,2,2,latency_wall_batch1_ms,1,97,0.0512,ms
NOX,DENSE_PINN,cpu,2,2,latency_wall_batch1_ms,1,98,0.0505,ms
NOX,DENSE_PINN,cpu,2,2,latency_wall_batch1_ms,1,99,0.0508,ms
NOX,DENSE_PINN,cpu,2,2,latency_wall_batch1_ms,1,100,0.0508,ms
NOX,DENSE_PINN,cpu,2,2,latency_wall_batch1_ms,1,101,0.0506,ms
NOX,DENSE_PINN,cpu,2,2,latency_wall_batch1_ms,1,102,0.0509,ms
NOX,DENSE_PINN,cpu,2,2,latency_wall_batch1_ms,1,103,0.0506,ms
NOX,DENSE_PINN,cpu,2,2,latency_wall_batch1_ms,1,104,0.0506,ms
NOX,DENSE_PINN,cpu,2,2,latency_wall_batch1_ms,1,105,0.0506,ms
NOX,DENSE_PINN,cpu,2,2,latency_wall_batch1_ms,1,106,0.0507,ms
NOX,DENSE_PINN,cpu,2,2,latency_wall_batch1_ms,1,107,0.0505,ms
NOX,DENSE_PINN,cpu,2,2,latency_wall_batch1_ms,1,108,0.0505,ms
NOX,DENSE_PINN,cpu,2,2,latency_wall_batch1_ms,1,109,0.0503,ms
NOX,DENSE_PINN,cpu,2,2,latency_wall_batch1_ms,1,110,0.0502,ms
NOX,DENSE_PINN,cpu,2,2,latency_wall_batch1_ms,1,111,0.0506,ms
NOX,DENSE_PINN,cpu,2,2,latency_wall_batch1_ms,1,112,0.05,ms
NOX,DENSE_PINN,cpu,2,2,latency_wall_batch1_ms,1,113,0.0504,ms
NOX,DENSE_PINN,cpu,2,2,latency_wall_batch1_ms,1,114,0.0521,ms
NOX,DENSE_PINN,cpu,2,2,latency_wall_batch1_ms,1,115,0.0504,ms
NOX,DENSE_PINN,cpu,2,2,latency_wall_batch1_ms,1,116,0.051,ms
NOX,DENSE_PINN,cpu,2,2,latency_wall_batch1_ms,1,117,0.0507,ms
NOX,DENSE_PINN,cpu,2,2,latency_wall_batch1_ms,1,118,0.0497,ms
NOX,DENSE_PINN,cpu,2,2,latency_wall_batch1_ms,1,119,0.05,ms
NOX,DENSE_PINN,cpu,2,2,latency_wall_batch1_ms,1,120,0.0505,ms
NOX,DENSE_PINN,cpu,2,2,latency_wall_batch1_ms,1,121,0.0508,ms
NOX,DENSE_PINN,cpu,2,2,latency_wall_batch1_ms,1,122,0.0504,ms
NOX,DENSE_PINN,cpu,2,2,latency_wall_batch1_ms,1,123,0.0507,ms
NOX,DENSE_PINN,cpu,2,2,latency_wall_batch1_ms,1,124,0.0502,ms
NOX,DENSE_PINN,cpu,2,2,latency_wall_batch1_ms,1,125,0.0508,ms
NOX,DENSE_PINN,cpu,2,2,latency_wall_batch1_ms,1,126,0.0504,ms
NOX,DENSE_PINN,cpu,2,2,latency_wall_batch1_ms,1,127,0.0504,ms
NOX,DENSE_PINN,cpu,2,2,latency_wall_batch1_ms,1,128,0.0505,ms
NOX,DENSE_PINN,cpu,2,2,latency_wall_batch1_ms,1,129,0.0503,ms
NOX,DENSE_PINN,cpu,2,2,latency_wall_batch1_ms,1,130,0.051,ms
NOX,DENSE_PINN,cpu,2,2,latency_wall_batch1_ms,1,131,0.0513,ms
NOX,DENSE_PINN,cpu,2,2,latency_wall_batch1_ms,1,132,0.0599,ms
NOX,DENSE_PINN,cpu,2,2,latency_wall_batch1_ms,1,133,0.0516,ms
NOX,DENSE_PINN,cpu,2,2,latency_wall_batch1_ms,1,134,0.0512,ms
NOX,DENSE_PINN,cpu,2,2,latency_wall_batch1_ms,1,135,0.0506,ms
NOX,DENSE_PINN,cpu,2,2,latency_wall_batch1_ms,1,136,0.0543,ms
NOX,DENSE_PINN,cpu,2,2,latency_wall_batch1_ms,1,137,0.0535,ms
NOX,DENSE_PINN,cpu,2,2,latency_wall_batch1_ms,1,138,0.0518,ms
NOX,DENSE_PINN,cpu,2,2,latency_wall_batch1_ms,1,139,0.0515,ms
NOX,DENSE_PINN,cpu,2,2,latency_wall_batch1_ms,1,140,0.0504,ms
NOX,DENSE_PINN,cpu,2,2,latency_wall_batch1_ms,1,141,0.0504,ms
NOX,DENSE_PINN,cpu,2,2,latency_wall_batch1_ms,1,142,0.0511,ms
NOX,DENSE_PINN,cpu,2,2,latency_wall_batch1_ms,1,143,0.0507,ms
NOX,DENSE_PINN,cpu,2,2,latency_wall_batch1_ms,1,144,0.0501,ms
NOX,DENSE_PINN,cpu,2,2,latency_wall_batch1_ms,1,145,0.0506,ms
NOX,DENSE_PINN,cpu,2,2,latency_wall_batch1_ms,1,146,0.0515,ms
NOX,DENSE_PINN,cpu,2,2,latency_wall_batch1_ms,1,147,0.0522,ms
NOX,DENSE_PINN,cpu,2,2,latency_wall_batch1_ms,1,148,0.0509,ms
NOX,DENSE_PINN,cpu,2,2,latency_wall_batch1_ms,1,149,0.0508,ms
NOX,DENSE_PINN,cpu,2,2,latency_wall_batch1_ms,1,150,0.0503,ms
NOX,DENSE_PINN,cpu,2,2,latency_wall_batch1_ms,1,151,0.0503,ms
NOX,DENSE_PINN,cpu,2,2,latency_wall_batch1_ms,1,152,0.0504,ms
NOX,DENSE_PINN,cpu,2,2,latency_wall_batch1_ms,1,153,0.0503,ms
NOX,DENSE_PINN,cpu,2,2,latency_wall_batch1_ms,1,154,0.0498,ms
NOX,DENSE_PINN,cpu,2,2,latency_wall_batch1_ms,1,155,0.0502,ms
NOX,DENSE_PINN,cpu,2,2,latency_wall_batch1_ms,1,156,0.0501,ms
NOX,DENSE_PINN,cpu,2,2,latency_wall_batch1_ms,1,157,0.0514,ms
NOX,DENSE_PINN,cpu,2,2,latency_wall_batch1_ms,1,158,0.0503,ms
NOX,DENSE_PINN,cpu,2,2,latency_wall_batch1_ms,1,159,0.0504,ms
NOX,DENSE_PINN,cpu,2,2,latency_wall_batch1_ms,1,160,0.0508,ms
NOX,DENSE_PINN,cpu,2,2,latency_wall_batch1_ms,1,161,0.0506,ms
NOX,DENSE_PINN,cpu,2,2,latency_wall_batch1_ms,1,162,0.0506,ms
NOX,DENSE_PINN,cpu,2,2,latency_wall_batch1_ms,1,163,0.0508,ms
NOX,DENSE_PINN,cpu,2,2,latency_wall_batch1_ms,1,164,0.0503,ms
NOX,DENSE_PINN,cpu,2,2,latency_wall_batch1_ms,1,165,0.2781,ms
NOX,DENSE_PINN,cpu,2,2,latency_wall_batch1_ms,1,166,0.0918,ms
NOX,DENSE_PINN,cpu,2,2,latency_wall_batch1_ms,1,167,0.0518,ms
NOX,DENSE_PINN,cpu,2,2,latency_wall_batch1_ms,1,168,0.0503,ms
NOX,DENSE_PINN,cpu,2,2,latency_wall_batch1_ms,1,169,0.0517,ms
NOX,DENSE_PINN,cpu,2,2,latency_wall_batch1_ms,1,170,0.0505,ms
NOX,DENSE_PINN,cpu,2,2,latency_wall_batch1_ms,1,171,0.0502,ms
NOX,DENSE_PINN,cpu,2,2,latency_wall_batch1_ms,1,172,0.0503,ms
NOX,DENSE_PINN,cpu,2,2,latency_wall_batch1_ms,1,173,0.0505,ms
NOX,DENSE_PINN,cpu,2,2,latency_wall_batch1_ms,1,174,0.0508,ms
NOX,DENSE_PINN,cpu,2,2,latency_wall_batch1_ms,1,175,0.051,ms
NOX,DENSE_PINN,cpu,2,2,latency_wall_batch1_ms,1,176,0.0507,ms
NOX,DENSE_PINN,cpu,2,2,latency_wall_batch1_ms,1,177,0.0508,ms
NOX,DENSE_PINN,cpu,2,2,latency_wall_batch1_ms,1,178,0.0501,ms
NOX,DENSE_PINN,cpu,2,2,latency_wall_batch1_ms,1,179,0.0506,ms
NOX,DENSE_PINN,cpu,2,2,latency_wall_batch1_ms,1,180,0.0505,ms
NOX,DENSE_PINN,cpu,2,2,latency_wall_batch1_ms,1,181,0.0501,ms
NOX,DENSE_PINN,cpu,2,2,latency_wall_batch1_ms,1,182,0.0502,ms
NOX,DENSE_PINN,cpu,2,2,latency_wall_batch1_ms,1,183,0.0503,ms
NOX,DENSE_PINN,cpu,2,2,latency_wall_batch1_ms,1,184,0.0504,ms
NOX,DENSE_PINN,cpu,2,2,latency_wall_batch1_ms,1,185,0.0507,ms
NOX,DENSE_PINN,cpu,2,2,latency_wall_batch1_ms,1,186,0.0504,ms
NOX,DENSE_PINN,cpu,2,2,latency_wall_batch1_ms,1,187,0.0504,ms
NOX,DENSE_PINN,cpu,2,2,latency_wall_batch1_ms,1,188,0.0512,ms
NOX,DENSE_PINN,cpu,2,2,latency_wall_batch1_ms,1,189,0.0504,ms
NOX,DENSE_PINN,cpu,2,2,latency_wall_batch1_ms,1,190,0.0504,ms
NOX,DENSE_PINN,cpu,2,2,latency_wall_batch1_ms,1,191,0.0498,ms
NOX,DENSE_PINN,cpu,2,2,latency_wall_batch1_ms,1,192,0.0508,ms
NOX,DENSE_PINN,cpu,2,2,latency_wall_batch1_ms,1,193,0.0512,ms
NOX,DENSE_PINN,cpu,2,2,latency_wall_batch1_ms,1,194,0.0503,ms
NOX,DENSE_PINN,cpu,2,2,latency_wall_batch1_ms,1,195,0.0506,ms
NOX,DENSE_PINN,cpu,2,2,latency_wall_batch1_ms,1,196,0.0512,ms
NOX,DENSE_PINN,cpu,2,2,latency_wall_batch1_ms,1,197,0.0505,ms
NOX,DENSE_PINN,cpu,2,2,latency_wall_batch1_ms,1,198,0.0507,ms
NOX,DENSE_PINN,cpu,2,2,latency_wall_batch1_ms,1,199,0.0511,ms
NOX,DENSE_PINN,cpu,2,2,latency_wall_batch1_ms,1,200,0.0607,ms
NOX,DENSE_PINN,cpu,2,2,latency_wall_batch1_ms,1,201,0.0521,ms
NOX,DENSE_PINN,cpu,2,2,latency_wall_batch1_ms,1,202,0.0505,ms
NOX,DENSE_PINN,cpu,2,2,latency_wall_batch1_ms,1,203,0.0503,ms
NOX,DENSE_PINN,cpu,2,2,latency_wall_batch1_ms,1,204,0.0589,ms
NOX,DENSE_PINN,cpu,2,2,latency_wall_batch1_ms,1,205,0.0513,ms
NOX,DENSE_PINN,cpu,2,2,latency_wall_batch1_ms,1,206,0.0504,ms
NOX,DENSE_PINN,cpu,2,2,latency_wall_batch1_ms,1,207,0.051,ms
NOX,DENSE_PINN,cpu,2,2,latency_wall_batch1_ms,1,208,0.0508,ms
NOX,DENSE_PINN,cpu,2,2,latency_wall_batch1_ms,1,209,0.1567,ms
NOX,DENSE_PINN,cpu,2,2,latency_wall_batch1_ms,1,210,0.0611,ms
NOX,DENSE_PINN,cpu,2,2,latency_wall_batch1_ms,1,211,0.0523,ms
NOX,DENSE_PINN,cpu,2,2,latency_wall_batch1_ms,1,212,0.0516,ms
NOX,DENSE_PINN,cpu,2,2,latency_wall_batch1_ms,1,213,0.0506,ms
NOX,DENSE_PINN,cpu,2,2,latency_wall_batch1_ms,1,214,0.0512,ms
NOX,DENSE_PINN,cpu,2,2,latency_wall_batch1_ms,1,215,0.0521,ms
NOX,DENSE_PINN,cpu,2,2,latency_wall_batch1_ms,1,216,0.0519,ms
NOX,DENSE_PINN,cpu,2,2,latency_wall_batch1_ms,1,217,0.0507,ms
NOX,DENSE_PINN,cpu,2,2,latency_wall_batch1_ms,1,218,0.0514,ms
NOX,DENSE_PINN,cpu,2,2,latency_wall_batch1_ms,1,219,0.0514,ms
NOX,DENSE_PINN,cpu,2,2,latency_wall_batch1_ms,1,220,0.0508,ms
NOX,DENSE_PINN,cpu,2,2,latency_wall_batch1_ms,1,221,0.051,ms
NOX,DENSE_PINN,cpu,2,2,latency_wall_batch1_ms,1,222,0.0508,ms
NOX,DENSE_PINN,cpu,2,2,latency_wall_batch1_ms,1,223,0.0504,ms
NOX,DENSE_PINN,cpu,2,2,latency_wall_batch1_ms,1,224,0.0508,ms
NOX,DENSE_PINN,cpu,2,2,latency_wall_batch1_ms,1,225,0.0502,ms
NOX,DENSE_PINN,cpu,2,2,latency_wall_batch1_ms,1,226,0.0506,ms
NOX,DENSE_PINN,cpu,2,2,latency_wall_batch1_ms,1,227,0.051,ms
NOX,DENSE_PINN,cpu,2,2,latency_wall_batch1_ms,1,228,0.0501,ms
NOX,DENSE_PINN,cpu,2,2,latency_wall_batch1_ms,1,229,0.0506,ms
NOX,DENSE_PINN,cpu,2,2,latency_wall_batch1_ms,1,230,0.0509,ms
NOX,DENSE_PINN,cpu,2,2,latency_wall_batch1_ms,1,231,0.0505,ms
NOX,DENSE_PINN,cpu,2,2,latency_wall_batch1_ms,1,232,0.0508,ms
NOX,DENSE_PINN,cpu,2,2,latency_wall_batch1_ms,1,233,0.1073,ms
NOX,DENSE_PINN,cpu,2,2,latency_wall_batch1_ms,1,234,0.0524,ms
NOX,DENSE_PINN,cpu,2,2,latency_wall_batch1_ms,1,235,0.0627,ms
NOX,DENSE_PINN,cpu,2,2,latency_wall_batch1_ms,1,236,0.0522,ms
NOX,DENSE_PINN,cpu,2,2,latency_wall_batch1_ms,1,237,0.0507,ms
NOX,DENSE_PINN,cpu,2,2,latency_wall_batch1_ms,1,238,0.0514,ms
NOX,DENSE_PINN,cpu,2,2,latency_wall_batch1_ms,1,239,0.0512,ms
NOX,DENSE_PINN,cpu,2,2,latency_wall_batch1_ms,1,240,0.0576,ms
NOX,DENSE_PINN,cpu,2,2,latency_wall_batch1_ms,1,241,0.0506,ms
NOX,DENSE_PINN,cpu,2,2,latency_wall_batch1_ms,1,242,0.0503,ms
NOX,DENSE_PINN,cpu,2,2,latency_wall_batch1_ms,1,243,0.0511,ms
NOX,DENSE_PINN,cpu,2,2,latency_wall_batch1_ms,1,244,0.0509,ms
NOX,DENSE_PINN,cpu,2,2,latency_wall_batch1_ms,1,245,0.0508,ms
NOX,DENSE_PINN,cpu,2,2,latency_wall_batch1_ms,1,246,0.059,ms
NOX,DENSE_PINN,cpu,2,2,latency_wall_batch1_ms,1,247,0.0512,ms
NOX,DENSE_PINN,cpu,2,2,latency_wall_batch1_ms,1,248,0.051,ms
NOX,DENSE_PINN,cpu,2,2,latency_wall_batch1_ms,1,249,0.0509,ms
NOX,DENSE_PINN,cpu,2,2,latency_wall_batch1_ms,1,250,0.0513,ms
NOX,DENSE_PINN,cpu,2,2,latency_wall_batch1_ms,1,251,0.0505,ms
NOX,DENSE_PINN,cpu,2,2,latency_wall_batch1_ms,1,252,0.0503,ms
NOX,DENSE_PINN,cpu,2,2,latency_wall_batch1_ms,1,253,0.0501,ms
NOX,DENSE_PINN,cpu,2,2,latency_wall_batch1_ms,1,254,0.0504,ms
NOX,DENSE_PINN,cpu,2,2,latency_wall_batch1_ms,1,255,0.0574,ms
NOX,DENSE_PINN,cpu,2,2,latency_wall_batch1_ms,1,256,0.0512,ms
NOX,DENSE_PINN,cpu,2,2,latency_wall_batch1_ms,1,257,0.0511,ms
NOX,DENSE_PINN,cpu,2,2,latency_wall_batch1_ms,1,258,0.0565,ms
NOX,DENSE_PINN,cpu,2,2,latency_wall_batch1_ms,1,259,0.0521,ms
NOX,DENSE_PINN,cpu,2,2,latency_wall_batch1_ms,1,260,0.0513,ms
NOX,DENSE_PINN,cpu,2,2,latency_wall_batch1_ms,1,261,0.0582,ms
NOX,DENSE_PINN,cpu,2,2,latency_wall_batch1_ms,1,262,0.0521,ms
NOX,DENSE_PINN,cpu,2,2,latency_wall_batch1_ms,1,263,0.0582,ms
NOX,DENSE_PINN,cpu,2,2,latency_wall_batch1_ms,1,264,0.0632,ms
NOX,DENSE_PINN,cpu,2,2,latency_wall_batch1_ms,1,265,0.0575,ms
NOX,DENSE_PINN,cpu,2,2,latency_wall_batch1_ms,1,266,0.0526,ms
NOX,DENSE_PINN,cpu,2,2,latency_wall_batch1_ms,1,267,0.0518,ms
NOX,DENSE_PINN,cpu,2,2,latency_wall_batch1_ms,1,268,0.0509,ms
NOX,DENSE_PINN,cpu,2,2,latency_wall_batch1_ms,1,269,0.051,ms
NOX,DENSE_PINN,cpu,2,2,latency_wall_batch1_ms,1,270,0.0509,ms
NOX,DENSE_PINN,cpu,2,2,latency_wall_batch1_ms,1,271,0.0511,ms
NOX,DENSE_PINN,cpu,2,2,latency_wall_batch1_ms,1,272,0.0605,ms
NOX,DENSE_PINN,cpu,2,2,latency_wall_batch1_ms,1,273,0.0524,ms
NOX,DENSE_PINN,cpu,2,2,latency_wall_batch1_ms,1,274,0.0508,ms
NOX,DENSE_PINN,cpu,2,2,latency_wall_batch1_ms,1,275,0.0507,ms
NOX,DENSE_PINN,cpu,2,2,latency_wall_batch1_ms,1,276,0.0502,ms
NOX,DENSE_PINN,cpu,2,2,latency_wall_batch1_ms,1,277,0.0506,ms
NOX,DENSE_PINN,cpu,2,2,latency_wall_batch1_ms,1,278,0.0508,ms
NOX,DENSE_PINN,cpu,2,2,latency_wall_batch1_ms,1,279,0.0508,ms
NOX,DENSE_PINN,cpu,2,2,latency_wall_batch1_ms,1,280,0.0512,ms
NOX,DENSE_PINN,cpu,2,2,latency_wall_batch1_ms,1,281,0.0509,ms
NOX,DENSE_PINN,cpu,2,2,latency_wall_batch1_ms,1,282,0.0511,ms
NOX,DENSE_PINN,cpu,2,2,latency_wall_batch1_ms,1,283,0.0504,ms
NOX,DENSE_PINN,cpu,2,2,latency_wall_batch1_ms,1,284,0.0501,ms
NOX,DENSE_PINN,cpu,2,2,latency_wall_batch1_ms,1,285,0.0503,ms
NOX,DENSE_PINN,cpu,2,2,latency_wall_batch1_ms,1,286,0.0499,ms
NOX,DENSE_PINN,cpu,2,2,latency_wall_batch1_ms,1,287,0.0502,ms
NOX,DENSE_PINN,cpu,2,2,latency_wall_batch1_ms,1,288,0.0504,ms
NOX,DENSE_PINN,cpu,2,2,latency_wall_batch1_ms,1,289,0.0505,ms
NOX,DENSE_PINN,cpu,2,2,latency_wall_batch1_ms,1,290,0.0504,ms
NOX,DENSE_PINN,cpu,2,2,latency_wall_batch1_ms,1,291,0.0502,ms
NOX,DENSE_PINN,cpu,2,2,latency_wall_batch1_ms,1,292,0.0505,ms
NOX,DENSE_PINN,cpu,2,2,latency_wall_batch1_ms,1,293,0.0509,ms
NOX,DENSE_PINN,cpu,2,2,latency_wall_batch1_ms,1,294,0.0505,ms
NOX,DENSE_PINN,cpu,2,2,latency_wall_batch1_ms,1,295,0.0501,ms
NOX,DENSE_PINN,cpu,2,2,latency_wall_batch1_ms,1,296,0.062,ms
NOX,DENSE_PINN,cpu,2,2,latency_wall_batch1_ms,1,297,0.0516,ms
NOX,DENSE_PINN,cpu,2,2,latency_wall_batch1_ms,1,298,0.0511,ms
NOX,DENSE_PINN,cpu,2,2,latency_wall_batch1_ms,1,299,0.0507,ms
NOX,DENSE_PINN,cpu,2,2,latency_wall_batch1_ms,1,300,0.0576,ms
NOX,DENSE_PINN,cpu,2,2,latency_wall_batch1_ms,1,301,0.0589,ms
NOX,DENSE_PINN,cpu,2,2,latency_wall_batch1_ms,1,302,0.0521,ms
NOX,DENSE_PINN,cpu,2,2,latency_wall_batch1_ms,1,303,0.0506,ms
NOX,DENSE_PINN,cpu,2,2,latency_wall_batch1_ms,1,304,0.0509,ms
NOX,DENSE_PINN,cpu,2,2,latency_wall_batch1_ms,1,305,0.0515,ms
NOX,DENSE_PINN,cpu,2,2,latency_wall_batch1_ms,1,306,0.0613,ms
NOX,DENSE_PINN,cpu,2,2,latency_wall_batch1_ms,1,307,0.0515,ms
NOX,DENSE_PINN,cpu,2,2,latency_wall_batch1_ms,1,308,0.0505,ms
NOX,DENSE_PINN,cpu,2,2,latency_wall_batch1_ms,1,309,0.0502,ms
NOX,DENSE_PINN,cpu,2,2,latency_wall_batch1_ms,1,310,0.0507,ms
NOX,DENSE_PINN,cpu,2,2,latency_wall_batch1_ms,1,311,0.0507,ms
NOX,DENSE_PINN,cpu,2,2,latency_wall_batch1_ms,1,312,0.1925,ms
NOX,DENSE_PINN,cpu,2,2,latency_wall_batch1_ms,1,313,0.0617,ms
NOX,DENSE_PINN,cpu,2,2,latency_wall_batch1_ms,1,314,0.0711,ms
NOX,DENSE_PINN,cpu,2,2,latency_wall_batch1_ms,1,315,0.0543,ms
NOX,DENSE_PINN,cpu,2,2,latency_wall_batch1_ms,1,316,0.0607,ms
NOX,DENSE_PINN,cpu,2,2,latency_wall_batch1_ms,1,317,0.0528,ms
NOX,DENSE_PINN,cpu,2,2,latency_wall_batch1_ms,1,318,0.0742,ms
NOX,DENSE_PINN,cpu,2,2,latency_wall_batch1_ms,1,319,0.0521,ms
NOX,DENSE_PINN,cpu,2,2,latency_wall_batch1_ms,1,320,0.0529,ms
NOX,DENSE_PINN,cpu,2,2,latency_wall_batch1_ms,1,321,0.0512,ms
NOX,DENSE_PINN,cpu,2,2,latency_wall_batch1_ms,1,322,0.2255,ms
NOX,DENSE_PINN,cpu,2,2,latency_wall_batch1_ms,1,323,0.1709,ms
NOX,DENSE_PINN,cpu,2,2,latency_wall_batch1_ms,1,324,0.1614,ms
NOX,DENSE_PINN,cpu,2,2,latency_wall_batch1_ms,1,325,0.159,ms
NOX,DENSE_PINN,cpu,2,2,latency_wall_batch1_ms,1,326,0.1585,ms
NOX,DENSE_PINN,cpu,2,2,latency_wall_batch1_ms,1,327,0.1576,ms
NOX,DENSE_PINN,cpu,2,2,latency_wall_batch1_ms,1,328,0.4057,ms
NOX,DENSE_PINN,cpu,2,2,latency_wall_batch1_ms,1,329,0.0565,ms
NOX,DENSE_PINN,cpu,2,2,latency_wall_batch1_ms,1,330,0.069,ms
NOX,DENSE_PINN,cpu,2,2,latency_wall_batch1_ms,1,331,0.0513,ms
NOX,DENSE_PINN,cpu,2,2,latency_wall_batch1_ms,1,332,0.0504,ms
NOX,DENSE_PINN,cpu,2,2,latency_wall_batch1_ms,1,333,0.0504,ms
NOX,DENSE_PINN,cpu,2,2,latency_wall_batch1_ms,1,334,0.0501,ms
NOX,DENSE_PINN,cpu,2,2,latency_wall_batch1_ms,1,335,0.0503,ms
NOX,DENSE_PINN,cpu,2,2,latency_wall_batch1_ms,1,336,0.0502,ms
NOX,DENSE_PINN,cpu,2,2,latency_wall_batch1_ms,1,337,0.0506,ms
NOX,DENSE_PINN,cpu,2,2,latency_wall_batch1_ms,1,338,0.0503,ms
NOX,DENSE_PINN,cpu,2,2,latency_wall_batch1_ms,1,339,0.0502,ms
NOX,DENSE_PINN,cpu,2,2,latency_wall_batch1_ms,1,340,0.05,ms
NOX,DENSE_PINN,cpu,2,2,latency_wall_batch1_ms,1,341,0.0497,ms
NOX,DENSE_PINN,cpu,2,2,latency_wall_batch1_ms,1,342,0.0501,ms
NOX,DENSE_PINN,cpu,2,2,latency_wall_batch1_ms,1,343,0.0503,ms
NOX,DENSE_PINN,cpu,2,2,latency_wall_batch1_ms,1,344,0.0499,ms
NOX,DENSE_PINN,cpu,2,2,latency_wall_batch1_ms,1,345,0.0502,ms
NOX,DENSE_PINN,cpu,2,2,latency_wall_batch1_ms,1,346,0.0496,ms
NOX,DENSE_PINN,cpu,2,2,latency_wall_batch1_ms,1,347,0.0498,ms
NOX,DENSE_PINN,cpu,2,2,latency_wall_batch1_ms,1,348,0.0501,ms
NOX,DENSE_PINN,cpu,2,2,latency_wall_batch1_ms,1,349,0.0499,ms
NOX,DENSE_PINN,cpu,2,2,latency_wall_batch1_ms,1,350,0.0499,ms
NOX,DENSE_PINN,cpu,2,2,latency_wall_batch1_ms,1,351,0.0502,ms
NOX,DENSE_PINN,cpu,2,2,latency_wall_batch1_ms,1,352,0.0497,ms
NOX,DENSE_PINN,cpu,2,2,latency_wall_batch1_ms,1,353,0.0497,ms
NOX,DENSE_PINN,cpu,2,2,latency_wall_batch1_ms,1,354,0.0519,ms
NOX,DENSE_PINN,cpu,2,2,latency_wall_batch1_ms,1,355,0.0504,ms
NOX,DENSE_PINN,cpu,2,2,latency_wall_batch1_ms,1,356,0.0497,ms
NOX,DENSE_PINN,cpu,2,2,latency_wall_batch1_ms,1,357,0.0656,ms
NOX,DENSE_PINN,cpu,2,2,latency_wall_batch1_ms,1,358,0.052,ms
NOX,DENSE_PINN,cpu,2,2,latency_wall_batch1_ms,1,359,0.0502,ms
NOX,DENSE_PINN,cpu,2,2,latency_wall_batch1_ms,1,360,0.0502,ms
NOX,DENSE_PINN,cpu,2,2,latency_wall_batch1_ms,1,361,0.0493,ms
NOX,DENSE_PINN,cpu,2,2,latency_wall_batch1_ms,1,362,0.0496,ms
NOX,DENSE_PINN,cpu,2,2,latency_wall_batch1_ms,1,363,0.0503,ms
NOX,DENSE_PINN,cpu,2,2,latency_wall_batch1_ms,1,364,0.0499,ms
NOX,DENSE_PINN,cpu,2,2,latency_wall_batch1_ms,1,365,0.0502,ms
NOX,DENSE_PINN,cpu,2,2,latency_wall_batch1_ms,1,366,0.0504,ms
NOX,DENSE_PINN,cpu,2,2,latency_wall_batch1_ms,1,367,0.0499,ms
NOX,DENSE_PINN,cpu,2,2,latency_wall_batch1_ms,1,368,0.0504,ms
NOX,DENSE_PINN,cpu,2,2,latency_wall_batch1_ms,1,369,0.0508,ms
NOX,DENSE_PINN,cpu,2,2,latency_wall_batch1_ms,1,370,0.0498,ms
NOX,DENSE_PINN,cpu,2,2,latency_wall_batch1_ms,1,371,0.0503,ms
NOX,DENSE_PINN,cpu,2,2,latency_wall_batch1_ms,1,372,0.05,ms
NOX,DENSE_PINN,cpu,2,2,latency_wall_batch1_ms,1,373,0.0497,ms
NOX,DENSE_PINN,cpu,2,2,latency_wall_batch1_ms,1,374,0.0502,ms
NOX,DENSE_PINN,cpu,2,2,latency_wall_batch1_ms,1,375,0.0501,ms
NOX,DENSE_PINN,cpu,2,2,latency_wall_batch1_ms,1,376,0.0501,ms
NOX,DENSE_PINN,cpu,2,2,latency_wall_batch1_ms,1,377,0.0506,ms
NOX,DENSE_PINN,cpu,2,2,latency_wall_batch1_ms,1,378,0.0501,ms
NOX,DENSE_PINN,cpu,2,2,latency_wall_batch1_ms,1,379,0.0497,ms
NOX,DENSE_PINN,cpu,2,2,latency_wall_batch1_ms,1,380,0.05,ms
NOX,DENSE_PINN,cpu,2,2,latency_wall_batch1_ms,1,381,0.0503,ms
NOX,DENSE_PINN,cpu,2,2,latency_wall_batch1_ms,1,382,0.0512,ms
NOX,DENSE_PINN,cpu,2,2,latency_wall_batch1_ms,1,383,0.0497,ms
NOX,DENSE_PINN,cpu,2,2,latency_wall_batch1_ms,1,384,0.05,ms
NOX,DENSE_PINN,cpu,2,2,latency_wall_batch1_ms,1,385,0.0504,ms
NOX,DENSE_PINN,cpu,2,2,latency_wall_batch1_ms,1,386,0.0498,ms
NOX,DENSE_PINN,cpu,2,2,latency_wall_batch1_ms,1,387,0.0495,ms
NOX,DENSE_PINN,cpu,2,2,latency_wall_batch1_ms,1,388,0.0499,ms
NOX,DENSE_PINN,cpu,2,2,latency_wall_batch1_ms,1,389,0.0497,ms
NOX,DENSE_PINN,cpu,2,2,latency_wall_batch1_ms,1,390,0.05,ms
NOX,DENSE_PINN,cpu,2,2,latency_wall_batch1_ms,1,391,0.0595,ms
NOX,DENSE_PINN,cpu,2,2,latency_wall_batch1_ms,1,392,0.0513,ms
NOX,DENSE_PINN,cpu,2,2,latency_wall_batch1_ms,1,393,0.0518,ms
NOX,DENSE_PINN,cpu,2,2,latency_wall_batch1_ms,1,394,0.0509,ms
NOX,DENSE_PINN,cpu,2,2,latency_wall_batch1_ms,1,395,0.0502,ms
NOX,DENSE_PINN,cpu,2,2,latency_wall_batch1_ms,1,396,0.0497,ms
NOX,DENSE_PINN,cpu,2,2,latency_wall_batch1_ms,1,397,0.0504,ms
NOX,DENSE_PINN,cpu,2,2,latency_wall_batch1_ms,1,398,0.0502,ms
NOX,DENSE_PINN,cpu,2,2,latency_wall_batch1_ms,1,399,0.05,ms
NOX,DENSE_PINN,cpu,2,2,throughput_rows_s,1,0,20040.080160320642,rows/s
NOX,DENSE_PINN,cpu,2,2,throughput_rows_s,1,1,20000.0,rows/s
NOX,DENSE_PINN,cpu,2,2,throughput_rows_s,1,2,20120.72434607646,rows/s
NOX,DENSE_PINN,cpu,2,2,throughput_rows_s,1,3,20120.72434607646,rows/s
NOX,DENSE_PINN,cpu,2,2,throughput_rows_s,1,4,19723.865877712033,rows/s
NOX,DENSE_PINN,cpu,2,2,throughput_rows_s,1,5,19801.980198019803,rows/s
NOX,DENSE_PINN,cpu,2,2,throughput_rows_s,1,6,20000.0,rows/s
NOX,DENSE_PINN,cpu,2,2,throughput_rows_s,1,7,19960.079840319362,rows/s
NOX,DENSE_PINN,cpu,2,2,throughput_rows_s,1,8,19960.079840319362,rows/s
NOX,DENSE_PINN,cpu,2,2,throughput_rows_s,1,9,20080.321285140562,rows/s
NOX,DENSE_PINN,cpu,2,2,throughput_rows_s,1,10,20120.72434607646,rows/s
NOX,DENSE_PINN,cpu,2,2,throughput_rows_s,1,11,20080.321285140562,rows/s
NOX,DENSE_PINN,cpu,2,2,throughput_rows_s,16,0,226308.34512022632,rows/s
NOX,DENSE_PINN,cpu,2,2,throughput_rows_s,16,1,227596.01706970128,rows/s
NOX,DENSE_PINN,cpu,2,2,throughput_rows_s,16,2,225352.11267605636,rows/s
NOX,DENSE_PINN,cpu,2,2,throughput_rows_s,16,3,225035.16174402254,rows/s
NOX,DENSE_PINN,cpu,2,2,throughput_rows_s,16,4,223776.2237762238,rows/s
NOX,DENSE_PINN,cpu,2,2,throughput_rows_s,16,5,227272.72727272726,rows/s
NOX,DENSE_PINN,cpu,2,2,throughput_rows_s,16,6,229555.2367288379,rows/s
NOX,DENSE_PINN,cpu,2,2,throughput_rows_s,16,7,234260.61493411422,rows/s
NOX,DENSE_PINN,cpu,2,2,throughput_rows_s,16,8,227272.72727272726,rows/s
NOX,DENSE_PINN,cpu,2,2,throughput_rows_s,16,9,227596.01706970128,rows/s
NOX,DENSE_PINN,cpu,2,2,throughput_rows_s,16,10,226950.3546099291,rows/s
NOX,DENSE_PINN,cpu,2,2,throughput_rows_s,16,11,225988.70056497175,rows/s
NOX,DENSE_PINN,cpu,2,2,throughput_rows_s,64,0,611270.2960840497,rows/s
NOX,DENSE_PINN,cpu,2,2,throughput_rows_s,64,1,617164.8987463838,rows/s
NOX,DENSE_PINN,cpu,2,2,throughput_rows_s,64,2,579710.1449275363,rows/s
NOX,DENSE_PINN,cpu,2,2,throughput_rows_s,64,3,614203.4548944338,rows/s
NOX,DENSE_PINN,cpu,2,2,throughput_rows_s,64,4,465793.3042212518,rows/s
NOX,DENSE_PINN,cpu,2,2,throughput_rows_s,64,5,217465.17159361197,rows/s
NOX,DENSE_PINN,cpu,2,2,throughput_rows_s,64,6,210318.76437725927,rows/s
NOX,DENSE_PINN,cpu,2,2,throughput_rows_s,64,7,224482.6376709926,rows/s
NOX,DENSE_PINN,cpu,2,2,throughput_rows_s,64,8,167320.26143790848,rows/s
NOX,DENSE_PINN,cpu,2,2,throughput_rows_s,64,9,222841.22562674095,rows/s
NOX,DENSE_PINN,cpu,2,2,throughput_rows_s,64,10,230796.9707897584,rows/s
NOX,DENSE_PINN,cpu,2,2,throughput_rows_s,64,11,232220.60957910013,rows/s
NOX,DENSE_PINN,cpu,2,2,throughput_rows_s,256,0,1263573.543928924,rows/s
NOX,DENSE_PINN,cpu,2,2,throughput_rows_s,256,1,1264822.1343873518,rows/s
NOX,DENSE_PINN,cpu,2,2,throughput_rows_s,256,2,1119370.3541757762,rows/s
NOX,DENSE_PINN,cpu,2,2,throughput_rows_s,256,3,1162579.4732061762,rows/s
NOX,DENSE_PINN,cpu,2,2,throughput_rows_s,256,4,1229586.9356388089,rows/s
NOX,DENSE_PINN,cpu,2,2,throughput_rows_s,256,5,1074276.12253462,rows/s
NOX,DENSE_PINN,cpu,2,2,throughput_rows_s,256,6,1227817.7458033573,rows/s
NOX,DENSE_PINN,cpu,2,2,throughput_rows_s,256,7,1112559.7566275531,rows/s
NOX,DENSE_PINN,cpu,2,2,throughput_rows_s,256,8,1151079.1366906476,rows/s
NOX,DENSE_PINN,cpu,2,2,throughput_rows_s,256,9,1267954.4328875681,rows/s
NOX,DENSE_PINN,cpu,2,2,throughput_rows_s,256,10,1110629.0672451193,rows/s
NOX,DENSE_PINN,cpu,2,2,throughput_rows_s,256,11,1242718.4466019417,rows/s
NOX,DENSE_PINN,cpu,2,2,throughput_rows_s,1024,0,2684845.3067645514,rows/s
NOX,DENSE_PINN,cpu,2,2,throughput_rows_s,1024,1,2778833.107191316,rows/s
NOX,DENSE_PINN,cpu,2,2,throughput_rows_s,1024,2,2344859.1710556448,rows/s
NOX,DENSE_PINN,cpu,2,2,throughput_rows_s,1024,3,2817831.590533847,rows/s
NOX,DENSE_PINN,cpu,2,2,throughput_rows_s,1024,4,2684141.5465268674,rows/s
NOX,DENSE_PINN,cpu,2,2,throughput_rows_s,1024,5,2775820.0054215235,rows/s
NOX,DENSE_PINN,cpu,2,2,throughput_rows_s,1024,6,2822491.730981257,rows/s
NOX,DENSE_PINN,cpu,2,2,throughput_rows_s,1024,7,2837351.066777501,rows/s
NOX,DENSE_PINN,cpu,2,2,throughput_rows_s,1024,8,2810098.7925356748,rows/s
NOX,DENSE_PINN,cpu,2,2,throughput_rows_s,1024,9,2783365.044849144,rows/s
NOX,DENSE_PINN,cpu,2,2,throughput_rows_s,1024,10,2690488.702049396,rows/s
NOX,DENSE_PINN,cpu,2,2,throughput_rows_s,1024,11,2789430.672841188,rows/s
NOX,DENSE_PINN,cpu,2,2,throughput_rows_s,4096,0,4317942.230655704,rows/s
NOX,DENSE_PINN,cpu,2,2,throughput_rows_s,4096,1,5237851.662404092,rows/s
NOX,DENSE_PINN,cpu,2,2,throughput_rows_s,4096,2,5268844.867507075,rows/s
NOX,DENSE_PINN,cpu,2,2,throughput_rows_s,4096,3,4975704.567541302,rows/s
NOX,DENSE_PINN,cpu,2,2,throughput_rows_s,4096,4,4121138.9475802393,rows/s
NOX,DENSE_PINN,cpu,2,2,throughput_rows_s,4096,5,5213849.287169043,rows/s
NOX,DENSE_PINN,cpu,2,2,throughput_rows_s,4096,6,5347258.485639687,rows/s
NOX,DENSE_PINN,cpu,2,2,throughput_rows_s,4096,7,5209870.262019842,rows/s
NOX,DENSE_PINN,cpu,2,2,throughput_rows_s,4096,8,4883166.428230806,rows/s
NOX,DENSE_PINN,cpu,2,2,throughput_rows_s,4096,9,5376739.301653977,rows/s
NOX,DENSE_PINN,cpu,2,2,throughput_rows_s,4096,10,5334722.584006252,rows/s
NOX,DENSE_PINN,cpu,2,2,throughput_rows_s,4096,11,5365470.264605711,rows/s
NOX,DENSE_PINN,cpu,3,1,latency_wall_batch1_ms,1,0,0.0522,ms
NOX,DENSE_PINN,cpu,3,1,latency_wall_batch1_ms,1,1,0.0519,ms
NOX,DENSE_PINN,cpu,3,1,latency_wall_batch1_ms,1,2,0.0519,ms
NOX,DENSE_PINN,cpu,3,1,latency_wall_batch1_ms,1,3,0.0515,ms
NOX,DENSE_PINN,cpu,3,1,latency_wall_batch1_ms,1,4,0.0512,ms
NOX,DENSE_PINN,cpu,3,1,latency_wall_batch1_ms,1,5,0.0518,ms
NOX,DENSE_PINN,cpu,3,1,latency_wall_batch1_ms,1,6,0.0505,ms
NOX,DENSE_PINN,cpu,3,1,latency_wall_batch1_ms,1,7,0.051,ms
NOX,DENSE_PINN,cpu,3,1,latency_wall_batch1_ms,1,8,0.0514,ms
NOX,DENSE_PINN,cpu,3,1,latency_wall_batch1_ms,1,9,0.0643,ms
NOX,DENSE_PINN,cpu,3,1,latency_wall_batch1_ms,1,10,0.0521,ms
NOX,DENSE_PINN,cpu,3,1,latency_wall_batch1_ms,1,11,0.0522,ms
NOX,DENSE_PINN,cpu,3,1,latency_wall_batch1_ms,1,12,0.0519,ms
NOX,DENSE_PINN,cpu,3,1,latency_wall_batch1_ms,1,13,0.0509,ms
NOX,DENSE_PINN,cpu,3,1,latency_wall_batch1_ms,1,14,0.0519,ms
NOX,DENSE_PINN,cpu,3,1,latency_wall_batch1_ms,1,15,0.0507,ms
NOX,DENSE_PINN,cpu,3,1,latency_wall_batch1_ms,1,16,0.0518,ms
NOX,DENSE_PINN,cpu,3,1,latency_wall_batch1_ms,1,17,0.0522,ms
NOX,DENSE_PINN,cpu,3,1,latency_wall_batch1_ms,1,18,0.0516,ms
NOX,DENSE_PINN,cpu,3,1,latency_wall_batch1_ms,1,19,0.0513,ms
NOX,DENSE_PINN,cpu,3,1,latency_wall_batch1_ms,1,20,0.0506,ms
NOX,DENSE_PINN,cpu,3,1,latency_wall_batch1_ms,1,21,0.0739,ms
NOX,DENSE_PINN,cpu,3,1,latency_wall_batch1_ms,1,22,0.0599,ms
NOX,DENSE_PINN,cpu,3,1,latency_wall_batch1_ms,1,23,0.0597,ms
NOX,DENSE_PINN,cpu,3,1,latency_wall_batch1_ms,1,24,0.0526,ms
NOX,DENSE_PINN,cpu,3,1,latency_wall_batch1_ms,1,25,0.0508,ms
NOX,DENSE_PINN,cpu,3,1,latency_wall_batch1_ms,1,26,0.0506,ms
NOX,DENSE_PINN,cpu,3,1,latency_wall_batch1_ms,1,27,0.0512,ms
NOX,DENSE_PINN,cpu,3,1,latency_wall_batch1_ms,1,28,0.0503,ms
NOX,DENSE_PINN,cpu,3,1,latency_wall_batch1_ms,1,29,0.0503,ms
NOX,DENSE_PINN,cpu,3,1,latency_wall_batch1_ms,1,30,0.0503,ms
NOX,DENSE_PINN,cpu,3,1,latency_wall_batch1_ms,1,31,0.0506,ms
NOX,DENSE_PINN,cpu,3,1,latency_wall_batch1_ms,1,32,0.1075,ms
NOX,DENSE_PINN,cpu,3,1,latency_wall_batch1_ms,1,33,0.0528,ms
NOX,DENSE_PINN,cpu,3,1,latency_wall_batch1_ms,1,34,0.0517,ms
NOX,DENSE_PINN,cpu,3,1,latency_wall_batch1_ms,1,35,0.0516,ms
NOX,DENSE_PINN,cpu,3,1,latency_wall_batch1_ms,1,36,0.0515,ms
NOX,DENSE_PINN,cpu,3,1,latency_wall_batch1_ms,1,37,0.0513,ms
NOX,DENSE_PINN,cpu,3,1,latency_wall_batch1_ms,1,38,0.0507,ms
NOX,DENSE_PINN,cpu,3,1,latency_wall_batch1_ms,1,39,0.0516,ms
NOX,DENSE_PINN,cpu,3,1,latency_wall_batch1_ms,1,40,0.0506,ms
NOX,DENSE_PINN,cpu,3,1,latency_wall_batch1_ms,1,41,0.0512,ms
NOX,DENSE_PINN,cpu,3,1,latency_wall_batch1_ms,1,42,0.0516,ms
NOX,DENSE_PINN,cpu,3,1,latency_wall_batch1_ms,1,43,0.0519,ms
NOX,DENSE_PINN,cpu,3,1,latency_wall_batch1_ms,1,44,0.0512,ms
NOX,DENSE_PINN,cpu,3,1,latency_wall_batch1_ms,1,45,0.0507,ms
NOX,DENSE_PINN,cpu,3,1,latency_wall_batch1_ms,1,46,0.0626,ms
NOX,DENSE_PINN,cpu,3,1,latency_wall_batch1_ms,1,47,0.0521,ms
NOX,DENSE_PINN,cpu,3,1,latency_wall_batch1_ms,1,48,0.0509,ms
NOX,DENSE_PINN,cpu,3,1,latency_wall_batch1_ms,1,49,0.051,ms
NOX,DENSE_PINN,cpu,3,1,latency_wall_batch1_ms,1,50,0.0511,ms
NOX,DENSE_PINN,cpu,3,1,latency_wall_batch1_ms,1,51,0.051,ms
NOX,DENSE_PINN,cpu,3,1,latency_wall_batch1_ms,1,52,0.0525,ms
NOX,DENSE_PINN,cpu,3,1,latency_wall_batch1_ms,1,53,0.0541,ms
NOX,DENSE_PINN,cpu,3,1,latency_wall_batch1_ms,1,54,0.0526,ms
NOX,DENSE_PINN,cpu,3,1,latency_wall_batch1_ms,1,55,0.1185,ms
NOX,DENSE_PINN,cpu,3,1,latency_wall_batch1_ms,1,56,0.0555,ms
NOX,DENSE_PINN,cpu,3,1,latency_wall_batch1_ms,1,57,0.0518,ms
NOX,DENSE_PINN,cpu,3,1,latency_wall_batch1_ms,1,58,0.058,ms
NOX,DENSE_PINN,cpu,3,1,latency_wall_batch1_ms,1,59,0.0545,ms
NOX,DENSE_PINN,cpu,3,1,latency_wall_batch1_ms,1,60,0.0527,ms
NOX,DENSE_PINN,cpu,3,1,latency_wall_batch1_ms,1,61,0.0517,ms
NOX,DENSE_PINN,cpu,3,1,latency_wall_batch1_ms,1,62,0.052,ms
NOX,DENSE_PINN,cpu,3,1,latency_wall_batch1_ms,1,63,0.0513,ms
NOX,DENSE_PINN,cpu,3,1,latency_wall_batch1_ms,1,64,0.0506,ms
NOX,DENSE_PINN,cpu,3,1,latency_wall_batch1_ms,1,65,0.0507,ms
NOX,DENSE_PINN,cpu,3,1,latency_wall_batch1_ms,1,66,0.05,ms
NOX,DENSE_PINN,cpu,3,1,latency_wall_batch1_ms,1,67,0.0504,ms
NOX,DENSE_PINN,cpu,3,1,latency_wall_batch1_ms,1,68,0.0505,ms
NOX,DENSE_PINN,cpu,3,1,latency_wall_batch1_ms,1,69,0.0579,ms
NOX,DENSE_PINN,cpu,3,1,latency_wall_batch1_ms,1,70,0.0624,ms
NOX,DENSE_PINN,cpu,3,1,latency_wall_batch1_ms,1,71,0.0516,ms
NOX,DENSE_PINN,cpu,3,1,latency_wall_batch1_ms,1,72,0.0562,ms
NOX,DENSE_PINN,cpu,3,1,latency_wall_batch1_ms,1,73,0.0519,ms
NOX,DENSE_PINN,cpu,3,1,latency_wall_batch1_ms,1,74,0.0507,ms
NOX,DENSE_PINN,cpu,3,1,latency_wall_batch1_ms,1,75,0.0502,ms
NOX,DENSE_PINN,cpu,3,1,latency_wall_batch1_ms,1,76,0.0505,ms
NOX,DENSE_PINN,cpu,3,1,latency_wall_batch1_ms,1,77,0.0507,ms
NOX,DENSE_PINN,cpu,3,1,latency_wall_batch1_ms,1,78,0.0512,ms
NOX,DENSE_PINN,cpu,3,1,latency_wall_batch1_ms,1,79,0.0511,ms
NOX,DENSE_PINN,cpu,3,1,latency_wall_batch1_ms,1,80,0.0505,ms
NOX,DENSE_PINN,cpu,3,1,latency_wall_batch1_ms,1,81,0.0512,ms
NOX,DENSE_PINN,cpu,3,1,latency_wall_batch1_ms,1,82,0.0524,ms
NOX,DENSE_PINN,cpu,3,1,latency_wall_batch1_ms,1,83,0.0507,ms
NOX,DENSE_PINN,cpu,3,1,latency_wall_batch1_ms,1,84,0.0506,ms
NOX,DENSE_PINN,cpu,3,1,latency_wall_batch1_ms,1,85,0.0555,ms
NOX,DENSE_PINN,cpu,3,1,latency_wall_batch1_ms,1,86,0.053,ms
NOX,DENSE_PINN,cpu,3,1,latency_wall_batch1_ms,1,87,0.0505,ms
NOX,DENSE_PINN,cpu,3,1,latency_wall_batch1_ms,1,88,0.0512,ms
NOX,DENSE_PINN,cpu,3,1,latency_wall_batch1_ms,1,89,0.0509,ms
NOX,DENSE_PINN,cpu,3,1,latency_wall_batch1_ms,1,90,0.052,ms
NOX,DENSE_PINN,cpu,3,1,latency_wall_batch1_ms,1,91,0.0511,ms
NOX,DENSE_PINN,cpu,3,1,latency_wall_batch1_ms,1,92,0.0514,ms
NOX,DENSE_PINN,cpu,3,1,latency_wall_batch1_ms,1,93,0.051,ms
NOX,DENSE_PINN,cpu,3,1,latency_wall_batch1_ms,1,94,0.0509,ms
NOX,DENSE_PINN,cpu,3,1,latency_wall_batch1_ms,1,95,0.051,ms
NOX,DENSE_PINN,cpu,3,1,latency_wall_batch1_ms,1,96,0.0585,ms
NOX,DENSE_PINN,cpu,3,1,latency_wall_batch1_ms,1,97,0.0639,ms
NOX,DENSE_PINN,cpu,3,1,latency_wall_batch1_ms,1,98,0.0523,ms
NOX,DENSE_PINN,cpu,3,1,latency_wall_batch1_ms,1,99,0.0509,ms
NOX,DENSE_PINN,cpu,3,1,latency_wall_batch1_ms,1,100,0.0517,ms
NOX,DENSE_PINN,cpu,3,1,latency_wall_batch1_ms,1,101,0.2352,ms
NOX,DENSE_PINN,cpu,3,1,latency_wall_batch1_ms,1,102,0.1742,ms
NOX,DENSE_PINN,cpu,3,1,latency_wall_batch1_ms,1,103,0.1762,ms
NOX,DENSE_PINN,cpu,3,1,latency_wall_batch1_ms,1,104,0.164,ms
NOX,DENSE_PINN,cpu,3,1,latency_wall_batch1_ms,1,105,0.1627,ms
NOX,DENSE_PINN,cpu,3,1,latency_wall_batch1_ms,1,106,0.2074,ms
NOX,DENSE_PINN,cpu,3,1,latency_wall_batch1_ms,1,107,0.1624,ms
NOX,DENSE_PINN,cpu,3,1,latency_wall_batch1_ms,1,108,0.1628,ms
NOX,DENSE_PINN,cpu,3,1,latency_wall_batch1_ms,1,109,0.1625,ms
NOX,DENSE_PINN,cpu,3,1,latency_wall_batch1_ms,1,110,0.1626,ms
NOX,DENSE_PINN,cpu,3,1,latency_wall_batch1_ms,1,111,0.1834,ms
NOX,DENSE_PINN,cpu,3,1,latency_wall_batch1_ms,1,112,0.0558,ms
NOX,DENSE_PINN,cpu,3,1,latency_wall_batch1_ms,1,113,0.0927,ms
NOX,DENSE_PINN,cpu,3,1,latency_wall_batch1_ms,1,114,0.0509,ms
NOX,DENSE_PINN,cpu,3,1,latency_wall_batch1_ms,1,115,0.0515,ms
NOX,DENSE_PINN,cpu,3,1,latency_wall_batch1_ms,1,116,0.0507,ms
NOX,DENSE_PINN,cpu,3,1,latency_wall_batch1_ms,1,117,0.0502,ms
NOX,DENSE_PINN,cpu,3,1,latency_wall_batch1_ms,1,118,0.0502,ms
NOX,DENSE_PINN,cpu,3,1,latency_wall_batch1_ms,1,119,0.05,ms
NOX,DENSE_PINN,cpu,3,1,latency_wall_batch1_ms,1,120,0.0501,ms
NOX,DENSE_PINN,cpu,3,1,latency_wall_batch1_ms,1,121,0.0501,ms
NOX,DENSE_PINN,cpu,3,1,latency_wall_batch1_ms,1,122,0.05,ms
NOX,DENSE_PINN,cpu,3,1,latency_wall_batch1_ms,1,123,0.0499,ms
NOX,DENSE_PINN,cpu,3,1,latency_wall_batch1_ms,1,124,0.0502,ms
NOX,DENSE_PINN,cpu,3,1,latency_wall_batch1_ms,1,125,0.0505,ms
NOX,DENSE_PINN,cpu,3,1,latency_wall_batch1_ms,1,126,0.0502,ms
NOX,DENSE_PINN,cpu,3,1,latency_wall_batch1_ms,1,127,0.0505,ms
NOX,DENSE_PINN,cpu,3,1,latency_wall_batch1_ms,1,128,0.0501,ms
NOX,DENSE_PINN,cpu,3,1,latency_wall_batch1_ms,1,129,0.05,ms
NOX,DENSE_PINN,cpu,3,1,latency_wall_batch1_ms,1,130,0.0493,ms
NOX,DENSE_PINN,cpu,3,1,latency_wall_batch1_ms,1,131,0.0498,ms
NOX,DENSE_PINN,cpu,3,1,latency_wall_batch1_ms,1,132,0.0499,ms
NOX,DENSE_PINN,cpu,3,1,latency_wall_batch1_ms,1,133,0.0498,ms
NOX,DENSE_PINN,cpu,3,1,latency_wall_batch1_ms,1,134,0.0497,ms
NOX,DENSE_PINN,cpu,3,1,latency_wall_batch1_ms,1,135,0.05,ms
NOX,DENSE_PINN,cpu,3,1,latency_wall_batch1_ms,1,136,0.0501,ms
NOX,DENSE_PINN,cpu,3,1,latency_wall_batch1_ms,1,137,0.0502,ms
NOX,DENSE_PINN,cpu,3,1,latency_wall_batch1_ms,1,138,0.0498,ms
NOX,DENSE_PINN,cpu,3,1,latency_wall_batch1_ms,1,139,0.0502,ms
NOX,DENSE_PINN,cpu,3,1,latency_wall_batch1_ms,1,140,0.0501,ms
NOX,DENSE_PINN,cpu,3,1,latency_wall_batch1_ms,1,141,0.0502,ms
NOX,DENSE_PINN,cpu,3,1,latency_wall_batch1_ms,1,142,0.0504,ms
NOX,DENSE_PINN,cpu,3,1,latency_wall_batch1_ms,1,143,0.0582,ms
NOX,DENSE_PINN,cpu,3,1,latency_wall_batch1_ms,1,144,0.0506,ms
NOX,DENSE_PINN,cpu,3,1,latency_wall_batch1_ms,1,145,0.0498,ms
NOX,DENSE_PINN,cpu,3,1,latency_wall_batch1_ms,1,146,0.0503,ms
NOX,DENSE_PINN,cpu,3,1,latency_wall_batch1_ms,1,147,0.0516,ms
NOX,DENSE_PINN,cpu,3,1,latency_wall_batch1_ms,1,148,0.0502,ms
NOX,DENSE_PINN,cpu,3,1,latency_wall_batch1_ms,1,149,0.0504,ms
NOX,DENSE_PINN,cpu,3,1,latency_wall_batch1_ms,1,150,0.0495,ms
NOX,DENSE_PINN,cpu,3,1,latency_wall_batch1_ms,1,151,0.0502,ms
NOX,DENSE_PINN,cpu,3,1,latency_wall_batch1_ms,1,152,0.0501,ms
NOX,DENSE_PINN,cpu,3,1,latency_wall_batch1_ms,1,153,0.0498,ms
NOX,DENSE_PINN,cpu,3,1,latency_wall_batch1_ms,1,154,0.0499,ms
NOX,DENSE_PINN,cpu,3,1,latency_wall_batch1_ms,1,155,0.0503,ms
NOX,DENSE_PINN,cpu,3,1,latency_wall_batch1_ms,1,156,0.0504,ms
NOX,DENSE_PINN,cpu,3,1,latency_wall_batch1_ms,1,157,0.0506,ms
NOX,DENSE_PINN,cpu,3,1,latency_wall_batch1_ms,1,158,0.0505,ms
NOX,DENSE_PINN,cpu,3,1,latency_wall_batch1_ms,1,159,0.0505,ms
NOX,DENSE_PINN,cpu,3,1,latency_wall_batch1_ms,1,160,0.0502,ms
NOX,DENSE_PINN,cpu,3,1,latency_wall_batch1_ms,1,161,0.0502,ms
NOX,DENSE_PINN,cpu,3,1,latency_wall_batch1_ms,1,162,0.05,ms
NOX,DENSE_PINN,cpu,3,1,latency_wall_batch1_ms,1,163,0.0503,ms
NOX,DENSE_PINN,cpu,3,1,latency_wall_batch1_ms,1,164,0.0497,ms
NOX,DENSE_PINN,cpu,3,1,latency_wall_batch1_ms,1,165,0.0506,ms
NOX,DENSE_PINN,cpu,3,1,latency_wall_batch1_ms,1,166,0.0503,ms
NOX,DENSE_PINN,cpu,3,1,latency_wall_batch1_ms,1,167,0.0503,ms
NOX,DENSE_PINN,cpu,3,1,latency_wall_batch1_ms,1,168,0.0502,ms
NOX,DENSE_PINN,cpu,3,1,latency_wall_batch1_ms,1,169,0.05,ms
NOX,DENSE_PINN,cpu,3,1,latency_wall_batch1_ms,1,170,0.0501,ms
NOX,DENSE_PINN,cpu,3,1,latency_wall_batch1_ms,1,171,0.0504,ms
NOX,DENSE_PINN,cpu,3,1,latency_wall_batch1_ms,1,172,0.0497,ms
NOX,DENSE_PINN,cpu,3,1,latency_wall_batch1_ms,1,173,0.0504,ms
NOX,DENSE_PINN,cpu,3,1,latency_wall_batch1_ms,1,174,0.0507,ms
NOX,DENSE_PINN,cpu,3,1,latency_wall_batch1_ms,1,175,0.0507,ms
NOX,DENSE_PINN,cpu,3,1,latency_wall_batch1_ms,1,176,0.0501,ms
NOX,DENSE_PINN,cpu,3,1,latency_wall_batch1_ms,1,177,0.0504,ms
NOX,DENSE_PINN,cpu,3,1,latency_wall_batch1_ms,1,178,0.0503,ms
NOX,DENSE_PINN,cpu,3,1,latency_wall_batch1_ms,1,179,0.0501,ms
NOX,DENSE_PINN,cpu,3,1,latency_wall_batch1_ms,1,180,0.0498,ms
NOX,DENSE_PINN,cpu,3,1,latency_wall_batch1_ms,1,181,0.0501,ms
NOX,DENSE_PINN,cpu,3,1,latency_wall_batch1_ms,1,182,0.0606,ms
NOX,DENSE_PINN,cpu,3,1,latency_wall_batch1_ms,1,183,0.0515,ms
NOX,DENSE_PINN,cpu,3,1,latency_wall_batch1_ms,1,184,0.0504,ms
NOX,DENSE_PINN,cpu,3,1,latency_wall_batch1_ms,1,185,0.0504,ms
NOX,DENSE_PINN,cpu,3,1,latency_wall_batch1_ms,1,186,0.0513,ms
NOX,DENSE_PINN,cpu,3,1,latency_wall_batch1_ms,1,187,0.0502,ms
NOX,DENSE_PINN,cpu,3,1,latency_wall_batch1_ms,1,188,0.0502,ms
NOX,DENSE_PINN,cpu,3,1,latency_wall_batch1_ms,1,189,0.0503,ms
NOX,DENSE_PINN,cpu,3,1,latency_wall_batch1_ms,1,190,0.0502,ms
NOX,DENSE_PINN,cpu,3,1,latency_wall_batch1_ms,1,191,0.0505,ms
NOX,DENSE_PINN,cpu,3,1,latency_wall_batch1_ms,1,192,0.0505,ms
NOX,DENSE_PINN,cpu,3,1,latency_wall_batch1_ms,1,193,0.0502,ms
NOX,DENSE_PINN,cpu,3,1,latency_wall_batch1_ms,1,194,0.05,ms
NOX,DENSE_PINN,cpu,3,1,latency_wall_batch1_ms,1,195,0.0502,ms
NOX,DENSE_PINN,cpu,3,1,latency_wall_batch1_ms,1,196,0.05,ms
NOX,DENSE_PINN,cpu,3,1,latency_wall_batch1_ms,1,197,0.0728,ms
NOX,DENSE_PINN,cpu,3,1,latency_wall_batch1_ms,1,198,0.0511,ms
NOX,DENSE_PINN,cpu,3,1,latency_wall_batch1_ms,1,199,0.0504,ms
NOX,DENSE_PINN,cpu,3,1,latency_wall_batch1_ms,1,200,0.0503,ms
NOX,DENSE_PINN,cpu,3,1,latency_wall_batch1_ms,1,201,0.0513,ms
NOX,DENSE_PINN,cpu,3,1,latency_wall_batch1_ms,1,202,0.0507,ms
NOX,DENSE_PINN,cpu,3,1,latency_wall_batch1_ms,1,203,0.0513,ms
NOX,DENSE_PINN,cpu,3,1,latency_wall_batch1_ms,1,204,0.0507,ms
NOX,DENSE_PINN,cpu,3,1,latency_wall_batch1_ms,1,205,0.0507,ms
NOX,DENSE_PINN,cpu,3,1,latency_wall_batch1_ms,1,206,0.0498,ms
NOX,DENSE_PINN,cpu,3,1,latency_wall_batch1_ms,1,207,0.0509,ms
NOX,DENSE_PINN,cpu,3,1,latency_wall_batch1_ms,1,208,0.05,ms
NOX,DENSE_PINN,cpu,3,1,latency_wall_batch1_ms,1,209,0.0502,ms
NOX,DENSE_PINN,cpu,3,1,latency_wall_batch1_ms,1,210,0.0505,ms
NOX,DENSE_PINN,cpu,3,1,latency_wall_batch1_ms,1,211,0.0506,ms
NOX,DENSE_PINN,cpu,3,1,latency_wall_batch1_ms,1,212,0.0511,ms
NOX,DENSE_PINN,cpu,3,1,latency_wall_batch1_ms,1,213,0.0609,ms
NOX,DENSE_PINN,cpu,3,1,latency_wall_batch1_ms,1,214,0.0506,ms
NOX,DENSE_PINN,cpu,3,1,latency_wall_batch1_ms,1,215,0.0506,ms
NOX,DENSE_PINN,cpu,3,1,latency_wall_batch1_ms,1,216,0.0579,ms
NOX,DENSE_PINN,cpu,3,1,latency_wall_batch1_ms,1,217,0.0516,ms
NOX,DENSE_PINN,cpu,3,1,latency_wall_batch1_ms,1,218,0.0515,ms
NOX,DENSE_PINN,cpu,3,1,latency_wall_batch1_ms,1,219,0.0511,ms
NOX,DENSE_PINN,cpu,3,1,latency_wall_batch1_ms,1,220,0.0611,ms
NOX,DENSE_PINN,cpu,3,1,latency_wall_batch1_ms,1,221,0.0512,ms
NOX,DENSE_PINN,cpu,3,1,latency_wall_batch1_ms,1,222,0.0506,ms
NOX,DENSE_PINN,cpu,3,1,latency_wall_batch1_ms,1,223,0.0512,ms
NOX,DENSE_PINN,cpu,3,1,latency_wall_batch1_ms,1,224,0.0504,ms
NOX,DENSE_PINN,cpu,3,1,latency_wall_batch1_ms,1,225,0.0502,ms
NOX,DENSE_PINN,cpu,3,1,latency_wall_batch1_ms,1,226,0.05,ms
NOX,DENSE_PINN,cpu,3,1,latency_wall_batch1_ms,1,227,0.0501,ms
NOX,DENSE_PINN,cpu,3,1,latency_wall_batch1_ms,1,228,0.0502,ms
NOX,DENSE_PINN,cpu,3,1,latency_wall_batch1_ms,1,229,0.0507,ms
NOX,DENSE_PINN,cpu,3,1,latency_wall_batch1_ms,1,230,0.0505,ms
NOX,DENSE_PINN,cpu,3,1,latency_wall_batch1_ms,1,231,0.0518,ms
NOX,DENSE_PINN,cpu,3,1,latency_wall_batch1_ms,1,232,0.0512,ms
NOX,DENSE_PINN,cpu,3,1,latency_wall_batch1_ms,1,233,0.0505,ms
NOX,DENSE_PINN,cpu,3,1,latency_wall_batch1_ms,1,234,0.0506,ms
NOX,DENSE_PINN,cpu,3,1,latency_wall_batch1_ms,1,235,0.0499,ms
NOX,DENSE_PINN,cpu,3,1,latency_wall_batch1_ms,1,236,0.0506,ms
NOX,DENSE_PINN,cpu,3,1,latency_wall_batch1_ms,1,237,0.0517,ms
NOX,DENSE_PINN,cpu,3,1,latency_wall_batch1_ms,1,238,0.0541,ms
NOX,DENSE_PINN,cpu,3,1,latency_wall_batch1_ms,1,239,0.0561,ms
NOX,DENSE_PINN,cpu,3,1,latency_wall_batch1_ms,1,240,0.0507,ms
NOX,DENSE_PINN,cpu,3,1,latency_wall_batch1_ms,1,241,0.0512,ms
NOX,DENSE_PINN,cpu,3,1,latency_wall_batch1_ms,1,242,0.0508,ms
NOX,DENSE_PINN,cpu,3,1,latency_wall_batch1_ms,1,243,0.058,ms
NOX,DENSE_PINN,cpu,3,1,latency_wall_batch1_ms,1,244,0.0519,ms
NOX,DENSE_PINN,cpu,3,1,latency_wall_batch1_ms,1,245,0.0516,ms
NOX,DENSE_PINN,cpu,3,1,latency_wall_batch1_ms,1,246,0.0576,ms
NOX,DENSE_PINN,cpu,3,1,latency_wall_batch1_ms,1,247,0.0515,ms
NOX,DENSE_PINN,cpu,3,1,latency_wall_batch1_ms,1,248,0.0507,ms
NOX,DENSE_PINN,cpu,3,1,latency_wall_batch1_ms,1,249,0.0502,ms
NOX,DENSE_PINN,cpu,3,1,latency_wall_batch1_ms,1,250,0.0509,ms
NOX,DENSE_PINN,cpu,3,1,latency_wall_batch1_ms,1,251,0.0505,ms
NOX,DENSE_PINN,cpu,3,1,latency_wall_batch1_ms,1,252,0.0505,ms
NOX,DENSE_PINN,cpu,3,1,latency_wall_batch1_ms,1,253,0.0619,ms
NOX,DENSE_PINN,cpu,3,1,latency_wall_batch1_ms,1,254,0.0633,ms
NOX,DENSE_PINN,cpu,3,1,latency_wall_batch1_ms,1,255,0.0587,ms
NOX,DENSE_PINN,cpu,3,1,latency_wall_batch1_ms,1,256,0.0512,ms
NOX,DENSE_PINN,cpu,3,1,latency_wall_batch1_ms,1,257,0.0508,ms
NOX,DENSE_PINN,cpu,3,1,latency_wall_batch1_ms,1,258,0.0508,ms
NOX,DENSE_PINN,cpu,3,1,latency_wall_batch1_ms,1,259,0.0502,ms
NOX,DENSE_PINN,cpu,3,1,latency_wall_batch1_ms,1,260,0.0531,ms
NOX,DENSE_PINN,cpu,3,1,latency_wall_batch1_ms,1,261,0.053,ms
NOX,DENSE_PINN,cpu,3,1,latency_wall_batch1_ms,1,262,0.0506,ms
NOX,DENSE_PINN,cpu,3,1,latency_wall_batch1_ms,1,263,0.0501,ms
NOX,DENSE_PINN,cpu,3,1,latency_wall_batch1_ms,1,264,0.0506,ms
NOX,DENSE_PINN,cpu,3,1,latency_wall_batch1_ms,1,265,0.0503,ms
NOX,DENSE_PINN,cpu,3,1,latency_wall_batch1_ms,1,266,0.0507,ms
NOX,DENSE_PINN,cpu,3,1,latency_wall_batch1_ms,1,267,0.0506,ms
NOX,DENSE_PINN,cpu,3,1,latency_wall_batch1_ms,1,268,0.0503,ms
NOX,DENSE_PINN,cpu,3,1,latency_wall_batch1_ms,1,269,0.0512,ms
NOX,DENSE_PINN,cpu,3,1,latency_wall_batch1_ms,1,270,0.0508,ms
NOX,DENSE_PINN,cpu,3,1,latency_wall_batch1_ms,1,271,0.0505,ms
NOX,DENSE_PINN,cpu,3,1,latency_wall_batch1_ms,1,272,0.0508,ms
NOX,DENSE_PINN,cpu,3,1,latency_wall_batch1_ms,1,273,0.0502,ms
NOX,DENSE_PINN,cpu,3,1,latency_wall_batch1_ms,1,274,0.051,ms
NOX,DENSE_PINN,cpu,3,1,latency_wall_batch1_ms,1,275,0.0506,ms
NOX,DENSE_PINN,cpu,3,1,latency_wall_batch1_ms,1,276,0.0501,ms
NOX,DENSE_PINN,cpu,3,1,latency_wall_batch1_ms,1,277,0.0499,ms
NOX,DENSE_PINN,cpu,3,1,latency_wall_batch1_ms,1,278,0.0503,ms
NOX,DENSE_PINN,cpu,3,1,latency_wall_batch1_ms,1,279,0.0509,ms
NOX,DENSE_PINN,cpu,3,1,latency_wall_batch1_ms,1,280,0.0502,ms
NOX,DENSE_PINN,cpu,3,1,latency_wall_batch1_ms,1,281,0.0505,ms
NOX,DENSE_PINN,cpu,3,1,latency_wall_batch1_ms,1,282,0.0501,ms
NOX,DENSE_PINN,cpu,3,1,latency_wall_batch1_ms,1,283,0.0503,ms
NOX,DENSE_PINN,cpu,3,1,latency_wall_batch1_ms,1,284,0.0504,ms
NOX,DENSE_PINN,cpu,3,1,latency_wall_batch1_ms,1,285,0.0524,ms
NOX,DENSE_PINN,cpu,3,1,latency_wall_batch1_ms,1,286,0.0589,ms
NOX,DENSE_PINN,cpu,3,1,latency_wall_batch1_ms,1,287,0.0522,ms
NOX,DENSE_PINN,cpu,3,1,latency_wall_batch1_ms,1,288,0.0504,ms
NOX,DENSE_PINN,cpu,3,1,latency_wall_batch1_ms,1,289,0.0501,ms
NOX,DENSE_PINN,cpu,3,1,latency_wall_batch1_ms,1,290,0.0505,ms
NOX,DENSE_PINN,cpu,3,1,latency_wall_batch1_ms,1,291,0.0499,ms
NOX,DENSE_PINN,cpu,3,1,latency_wall_batch1_ms,1,292,0.0506,ms
NOX,DENSE_PINN,cpu,3,1,latency_wall_batch1_ms,1,293,0.051,ms
NOX,DENSE_PINN,cpu,3,1,latency_wall_batch1_ms,1,294,0.0503,ms
NOX,DENSE_PINN,cpu,3,1,latency_wall_batch1_ms,1,295,0.0504,ms
NOX,DENSE_PINN,cpu,3,1,latency_wall_batch1_ms,1,296,0.0509,ms
NOX,DENSE_PINN,cpu,3,1,latency_wall_batch1_ms,1,297,0.0502,ms
NOX,DENSE_PINN,cpu,3,1,latency_wall_batch1_ms,1,298,0.0554,ms
NOX,DENSE_PINN,cpu,3,1,latency_wall_batch1_ms,1,299,0.0578,ms
NOX,DENSE_PINN,cpu,3,1,latency_wall_batch1_ms,1,300,0.0511,ms
NOX,DENSE_PINN,cpu,3,1,latency_wall_batch1_ms,1,301,0.051,ms
NOX,DENSE_PINN,cpu,3,1,latency_wall_batch1_ms,1,302,0.0513,ms
NOX,DENSE_PINN,cpu,3,1,latency_wall_batch1_ms,1,303,0.065,ms
NOX,DENSE_PINN,cpu,3,1,latency_wall_batch1_ms,1,304,0.0555,ms
NOX,DENSE_PINN,cpu,3,1,latency_wall_batch1_ms,1,305,0.0516,ms
NOX,DENSE_PINN,cpu,3,1,latency_wall_batch1_ms,1,306,0.0507,ms
NOX,DENSE_PINN,cpu,3,1,latency_wall_batch1_ms,1,307,0.051,ms
NOX,DENSE_PINN,cpu,3,1,latency_wall_batch1_ms,1,308,0.0508,ms
NOX,DENSE_PINN,cpu,3,1,latency_wall_batch1_ms,1,309,0.0509,ms
NOX,DENSE_PINN,cpu,3,1,latency_wall_batch1_ms,1,310,0.051,ms
NOX,DENSE_PINN,cpu,3,1,latency_wall_batch1_ms,1,311,0.0502,ms
NOX,DENSE_PINN,cpu,3,1,latency_wall_batch1_ms,1,312,0.0513,ms
NOX,DENSE_PINN,cpu,3,1,latency_wall_batch1_ms,1,313,0.0516,ms
NOX,DENSE_PINN,cpu,3,1,latency_wall_batch1_ms,1,314,0.0508,ms
NOX,DENSE_PINN,cpu,3,1,latency_wall_batch1_ms,1,315,0.0517,ms
NOX,DENSE_PINN,cpu,3,1,latency_wall_batch1_ms,1,316,0.0573,ms
NOX,DENSE_PINN,cpu,3,1,latency_wall_batch1_ms,1,317,0.0576,ms
NOX,DENSE_PINN,cpu,3,1,latency_wall_batch1_ms,1,318,0.0588,ms
NOX,DENSE_PINN,cpu,3,1,latency_wall_batch1_ms,1,319,0.068,ms
NOX,DENSE_PINN,cpu,3,1,latency_wall_batch1_ms,1,320,0.0569,ms
NOX,DENSE_PINN,cpu,3,1,latency_wall_batch1_ms,1,321,0.0839,ms
NOX,DENSE_PINN,cpu,3,1,latency_wall_batch1_ms,1,322,0.0563,ms
NOX,DENSE_PINN,cpu,3,1,latency_wall_batch1_ms,1,323,0.0555,ms
NOX,DENSE_PINN,cpu,3,1,latency_wall_batch1_ms,1,324,0.0534,ms
NOX,DENSE_PINN,cpu,3,1,latency_wall_batch1_ms,1,325,0.0529,ms
NOX,DENSE_PINN,cpu,3,1,latency_wall_batch1_ms,1,326,0.0508,ms
NOX,DENSE_PINN,cpu,3,1,latency_wall_batch1_ms,1,327,0.0508,ms
NOX,DENSE_PINN,cpu,3,1,latency_wall_batch1_ms,1,328,0.0571,ms
NOX,DENSE_PINN,cpu,3,1,latency_wall_batch1_ms,1,329,0.0579,ms
NOX,DENSE_PINN,cpu,3,1,latency_wall_batch1_ms,1,330,0.055,ms
NOX,DENSE_PINN,cpu,3,1,latency_wall_batch1_ms,1,331,0.0727,ms
NOX,DENSE_PINN,cpu,3,1,latency_wall_batch1_ms,1,332,0.1367,ms
NOX,DENSE_PINN,cpu,3,1,latency_wall_batch1_ms,1,333,0.0606,ms
NOX,DENSE_PINN,cpu,3,1,latency_wall_batch1_ms,1,334,0.0503,ms
NOX,DENSE_PINN,cpu,3,1,latency_wall_batch1_ms,1,335,0.0508,ms
NOX,DENSE_PINN,cpu,3,1,latency_wall_batch1_ms,1,336,0.0515,ms
NOX,DENSE_PINN,cpu,3,1,latency_wall_batch1_ms,1,337,0.0508,ms
NOX,DENSE_PINN,cpu,3,1,latency_wall_batch1_ms,1,338,0.051,ms
NOX,DENSE_PINN,cpu,3,1,latency_wall_batch1_ms,1,339,0.0504,ms
NOX,DENSE_PINN,cpu,3,1,latency_wall_batch1_ms,1,340,0.0502,ms
NOX,DENSE_PINN,cpu,3,1,latency_wall_batch1_ms,1,341,0.0651,ms
NOX,DENSE_PINN,cpu,3,1,latency_wall_batch1_ms,1,342,0.0506,ms
NOX,DENSE_PINN,cpu,3,1,latency_wall_batch1_ms,1,343,0.0499,ms
NOX,DENSE_PINN,cpu,3,1,latency_wall_batch1_ms,1,344,0.0501,ms
NOX,DENSE_PINN,cpu,3,1,latency_wall_batch1_ms,1,345,0.0507,ms
NOX,DENSE_PINN,cpu,3,1,latency_wall_batch1_ms,1,346,0.0501,ms
NOX,DENSE_PINN,cpu,3,1,latency_wall_batch1_ms,1,347,0.0504,ms
NOX,DENSE_PINN,cpu,3,1,latency_wall_batch1_ms,1,348,0.0501,ms
NOX,DENSE_PINN,cpu,3,1,latency_wall_batch1_ms,1,349,0.0615,ms
NOX,DENSE_PINN,cpu,3,1,latency_wall_batch1_ms,1,350,0.0505,ms
NOX,DENSE_PINN,cpu,3,1,latency_wall_batch1_ms,1,351,0.0509,ms
NOX,DENSE_PINN,cpu,3,1,latency_wall_batch1_ms,1,352,0.0518,ms
NOX,DENSE_PINN,cpu,3,1,latency_wall_batch1_ms,1,353,0.0495,ms
NOX,DENSE_PINN,cpu,3,1,latency_wall_batch1_ms,1,354,0.0504,ms
NOX,DENSE_PINN,cpu,3,1,latency_wall_batch1_ms,1,355,0.0622,ms
NOX,DENSE_PINN,cpu,3,1,latency_wall_batch1_ms,1,356,0.0501,ms
NOX,DENSE_PINN,cpu,3,1,latency_wall_batch1_ms,1,357,0.0498,ms
NOX,DENSE_PINN,cpu,3,1,latency_wall_batch1_ms,1,358,0.05,ms
NOX,DENSE_PINN,cpu,3,1,latency_wall_batch1_ms,1,359,0.0503,ms
NOX,DENSE_PINN,cpu,3,1,latency_wall_batch1_ms,1,360,0.0494,ms
NOX,DENSE_PINN,cpu,3,1,latency_wall_batch1_ms,1,361,0.0497,ms
NOX,DENSE_PINN,cpu,3,1,latency_wall_batch1_ms,1,362,0.0501,ms
NOX,DENSE_PINN,cpu,3,1,latency_wall_batch1_ms,1,363,0.05,ms
NOX,DENSE_PINN,cpu,3,1,latency_wall_batch1_ms,1,364,0.0497,ms
NOX,DENSE_PINN,cpu,3,1,latency_wall_batch1_ms,1,365,0.0502,ms
NOX,DENSE_PINN,cpu,3,1,latency_wall_batch1_ms,1,366,0.0858,ms
NOX,DENSE_PINN,cpu,3,1,latency_wall_batch1_ms,1,367,0.0505,ms
NOX,DENSE_PINN,cpu,3,1,latency_wall_batch1_ms,1,368,0.0501,ms
NOX,DENSE_PINN,cpu,3,1,latency_wall_batch1_ms,1,369,0.0504,ms
NOX,DENSE_PINN,cpu,3,1,latency_wall_batch1_ms,1,370,0.0501,ms
NOX,DENSE_PINN,cpu,3,1,latency_wall_batch1_ms,1,371,0.0493,ms
NOX,DENSE_PINN,cpu,3,1,latency_wall_batch1_ms,1,372,0.298,ms
NOX,DENSE_PINN,cpu,3,1,latency_wall_batch1_ms,1,373,0.0891,ms
NOX,DENSE_PINN,cpu,3,1,latency_wall_batch1_ms,1,374,0.0674,ms
NOX,DENSE_PINN,cpu,3,1,latency_wall_batch1_ms,1,375,0.0659,ms
NOX,DENSE_PINN,cpu,3,1,latency_wall_batch1_ms,1,376,0.0658,ms
NOX,DENSE_PINN,cpu,3,1,latency_wall_batch1_ms,1,377,0.0782,ms
NOX,DENSE_PINN,cpu,3,1,latency_wall_batch1_ms,1,378,0.0658,ms
NOX,DENSE_PINN,cpu,3,1,latency_wall_batch1_ms,1,379,0.0658,ms
NOX,DENSE_PINN,cpu,3,1,latency_wall_batch1_ms,1,380,0.0733,ms
NOX,DENSE_PINN,cpu,3,1,latency_wall_batch1_ms,1,381,0.065,ms
NOX,DENSE_PINN,cpu,3,1,latency_wall_batch1_ms,1,382,0.0653,ms
NOX,DENSE_PINN,cpu,3,1,latency_wall_batch1_ms,1,383,0.0656,ms
NOX,DENSE_PINN,cpu,3,1,latency_wall_batch1_ms,1,384,0.0653,ms
NOX,DENSE_PINN,cpu,3,1,latency_wall_batch1_ms,1,385,0.0658,ms
NOX,DENSE_PINN,cpu,3,1,latency_wall_batch1_ms,1,386,0.0651,ms
NOX,DENSE_PINN,cpu,3,1,latency_wall_batch1_ms,1,387,0.065,ms
NOX,DENSE_PINN,cpu,3,1,latency_wall_batch1_ms,1,388,0.0651,ms
NOX,DENSE_PINN,cpu,3,1,latency_wall_batch1_ms,1,389,0.0647,ms
NOX,DENSE_PINN,cpu,3,1,latency_wall_batch1_ms,1,390,0.0646,ms
NOX,DENSE_PINN,cpu,3,1,latency_wall_batch1_ms,1,391,0.0651,ms
NOX,DENSE_PINN,cpu,3,1,latency_wall_batch1_ms,1,392,0.0651,ms
NOX,DENSE_PINN,cpu,3,1,latency_wall_batch1_ms,1,393,0.0655,ms
NOX,DENSE_PINN,cpu,3,1,latency_wall_batch1_ms,1,394,0.0654,ms
NOX,DENSE_PINN,cpu,3,1,latency_wall_batch1_ms,1,395,0.0655,ms
NOX,DENSE_PINN,cpu,3,1,latency_wall_batch1_ms,1,396,0.0658,ms
NOX,DENSE_PINN,cpu,3,1,latency_wall_batch1_ms,1,397,0.066,ms
NOX,DENSE_PINN,cpu,3,1,latency_wall_batch1_ms,1,398,0.0654,ms
NOX,DENSE_PINN,cpu,3,1,latency_wall_batch1_ms,1,399,0.0656,ms
NOX,DENSE_PINN,cpu,3,1,throughput_rows_s,1,0,15243.902439024389,rows/s
NOX,DENSE_PINN,cpu,3,1,throughput_rows_s,1,1,15408.320493066254,rows/s
NOX,DENSE_PINN,cpu,3,1,throughput_rows_s,1,2,15479.876160990712,rows/s
NOX,DENSE_PINN,cpu,3,1,throughput_rows_s,1,3,3386.3867253640365,rows/s
NOX,DENSE_PINN,cpu,3,1,throughput_rows_s,1,4,15174.506828528072,rows/s
NOX,DENSE_PINN,cpu,3,1,throughput_rows_s,1,5,14858.84101040119,rows/s
NOX,DENSE_PINN,cpu,3,1,throughput_rows_s,1,6,14992.503748125939,rows/s
NOX,DENSE_PINN,cpu,3,1,throughput_rows_s,1,7,15267.175572519083,rows/s
NOX,DENSE_PINN,cpu,3,1,throughput_rows_s,1,8,15267.175572519083,rows/s
NOX,DENSE_PINN,cpu,3,1,throughput_rows_s,1,9,15337.423312883437,rows/s
NOX,DENSE_PINN,cpu,3,1,throughput_rows_s,1,10,15290.51987767584,rows/s
NOX,DENSE_PINN,cpu,3,1,throughput_rows_s,1,11,15360.983102918584,rows/s
NOX,DENSE_PINN,cpu,3,1,throughput_rows_s,16,0,217687.07482993198,rows/s
NOX,DENSE_PINN,cpu,3,1,throughput_rows_s,16,1,235988.2005899705,rows/s
NOX,DENSE_PINN,cpu,3,1,throughput_rows_s,16,2,239162.92974588939,rows/s
NOX,DENSE_PINN,cpu,3,1,throughput_rows_s,16,3,239520.95808383235,rows/s
NOX,DENSE_PINN,cpu,3,1,throughput_rows_s,16,4,224719.10112359552,rows/s
NOX,DENSE_PINN,cpu,3,1,throughput_rows_s,16,5,224403.92706872371,rows/s
NOX,DENSE_PINN,cpu,3,1,throughput_rows_s,16,6,224719.10112359552,rows/s
NOX,DENSE_PINN,cpu,3,1,throughput_rows_s,16,7,234948.6049926579,rows/s
NOX,DENSE_PINN,cpu,3,1,throughput_rows_s,16,8,232558.1395348837,rows/s
NOX,DENSE_PINN,cpu,3,1,throughput_rows_s,16,9,233576.64233576637,rows/s
NOX,DENSE_PINN,cpu,3,1,throughput_rows_s,16,10,236336.77991137374,rows/s
NOX,DENSE_PINN,cpu,3,1,throughput_rows_s,16,11,229885.0574712644,rows/s
NOX,DENSE_PINN,cpu,3,1,throughput_rows_s,64,0,645161.2903225806,rows/s
NOX,DENSE_PINN,cpu,3,1,throughput_rows_s,64,1,642570.281124498,rows/s
NOX,DENSE_PINN,cpu,3,1,throughput_rows_s,64,2,646464.6464646464,rows/s
NOX,DENSE_PINN,cpu,3,1,throughput_rows_s,64,3,653061.2244897959,rows/s
NOX,DENSE_PINN,cpu,3,1,throughput_rows_s,64,4,635551.1420059584,rows/s
NOX,DENSE_PINN,cpu,3,1,throughput_rows_s,64,5,646464.6464646464,rows/s
NOX,DENSE_PINN,cpu,3,1,throughput_rows_s,64,6,649746.1928934009,rows/s
NOX,DENSE_PINN,cpu,3,1,throughput_rows_s,64,7,649746.1928934009,rows/s
NOX,DENSE_PINN,cpu,3,1,throughput_rows_s,64,8,649087.2210953347,rows/s
NOX,DENSE_PINN,cpu,3,1,throughput_rows_s,64,9,656410.2564102564,rows/s
NOX,DENSE_PINN,cpu,3,1,throughput_rows_s,64,10,647773.2793522268,rows/s
NOX,DENSE_PINN,cpu,3,1,throughput_rows_s,64,11,660474.7162022704,rows/s
NOX,DENSE_PINN,cpu,3,1,throughput_rows_s,256,0,1351636.747624076,rows/s
NOX,DENSE_PINN,cpu,3,1,throughput_rows_s,256,1,1363878.5295684603,rows/s
NOX,DENSE_PINN,cpu,3,1,throughput_rows_s,256,2,1361702.1276595746,rows/s
NOX,DENSE_PINN,cpu,3,1,throughput_rows_s,256,3,1361702.1276595746,rows/s
NOX,DENSE_PINN,cpu,3,1,throughput_rows_s,256,4,1371918.542336549,rows/s
NOX,DENSE_PINN,cpu,3,1,throughput_rows_s,256,5,1353065.5391120506,rows/s
NOX,DENSE_PINN,cpu,3,1,throughput_rows_s,256,6,1302136.3173957274,rows/s
NOX,DENSE_PINN,cpu,3,1,throughput_rows_s,256,7,1355214.399152991,rows/s
NOX,DENSE_PINN,cpu,3,1,throughput_rows_s,256,8,1345244.351024698,rows/s
NOX,DENSE_PINN,cpu,3,1,throughput_rows_s,256,9,515297.90660225437,rows/s
NOX,DENSE_PINN,cpu,3,1,throughput_rows_s,256,10,1019920.3187250997,rows/s
NOX,DENSE_PINN,cpu,3,1,throughput_rows_s,256,11,1053931.659118979,rows/s
NOX,DENSE_PINN,cpu,3,1,throughput_rows_s,1024,0,2117890.3826266807,rows/s
NOX,DENSE_PINN,cpu,3,1,throughput_rows_s,1024,1,2088091.3539967374,rows/s
NOX,DENSE_PINN,cpu,3,1,throughput_rows_s,1024,2,2059533.3869670155,rows/s
NOX,DENSE_PINN,cpu,3,1,throughput_rows_s,1024,3,2044728.434504792,rows/s
NOX,DENSE_PINN,cpu,3,1,throughput_rows_s,1024,4,2137340.84742225,rows/s
NOX,DENSE_PINN,cpu,3,1,throughput_rows_s,1024,5,2103533.2785538207,rows/s
NOX,DENSE_PINN,cpu,3,1,throughput_rows_s,1024,6,2152617.195711583,rows/s
NOX,DENSE_PINN,cpu,3,1,throughput_rows_s,1024,7,2102669.404517454,rows/s
NOX,DENSE_PINN,cpu,3,1,throughput_rows_s,1024,8,2148552.24506924,rows/s
NOX,DENSE_PINN,cpu,3,1,throughput_rows_s,1024,9,2135557.8727841503,rows/s
NOX,DENSE_PINN,cpu,3,1,throughput_rows_s,1024,10,2155789.4736842103,rows/s
NOX,DENSE_PINN,cpu,3,1,throughput_rows_s,1024,11,2097930.7518951036,rows/s
NOX,DENSE_PINN,cpu,3,1,throughput_rows_s,4096,0,5199949.219245906,rows/s
NOX,DENSE_PINN,cpu,3,1,throughput_rows_s,4096,1,5267489.711934157,rows/s
NOX,DENSE_PINN,cpu,3,1,throughput_rows_s,4096,2,5360554.901190944,rows/s
NOX,DENSE_PINN,cpu,3,1,throughput_rows_s,4096,3,5033177.684934874,rows/s
NOX,DENSE_PINN,cpu,3,1,throughput_rows_s,4096,4,4084155.9477515207,rows/s
NOX,DENSE_PINN,cpu,3,1,throughput_rows_s,4096,5,5134762.44202081,rows/s
NOX,DENSE_PINN,cpu,3,1,throughput_rows_s,4096,6,5203913.0987168085,rows/s
NOX,DENSE_PINN,cpu,3,1,throughput_rows_s,4096,7,5240532.241555784,rows/s
NOX,DENSE_PINN,cpu,3,1,throughput_rows_s,4096,8,5329169.919333855,rows/s
NOX,DENSE_PINN,cpu,3,1,throughput_rows_s,4096,9,5321553.852150189,rows/s
NOX,DENSE_PINN,cpu,3,1,throughput_rows_s,4096,10,5249263.103934384,rows/s
NOX,DENSE_PINN,cpu,3,1,throughput_rows_s,4096,11,5245229.862978614,rows/s
NOX,TT_PINN,cpu,3,2,latency_wall_batch1_ms,1,0,0.4908,ms
NOX,TT_PINN,cpu,3,2,latency_wall_batch1_ms,1,1,0.5175,ms
NOX,TT_PINN,cpu,3,2,latency_wall_batch1_ms,1,2,0.5671,ms
NOX,TT_PINN,cpu,3,2,latency_wall_batch1_ms,1,3,0.492,ms
NOX,TT_PINN,cpu,3,2,latency_wall_batch1_ms,1,4,0.5181,ms
NOX,TT_PINN,cpu,3,2,latency_wall_batch1_ms,1,5,0.4823,ms
NOX,TT_PINN,cpu,3,2,latency_wall_batch1_ms,1,6,0.6696,ms
NOX,TT_PINN,cpu,3,2,latency_wall_batch1_ms,1,7,0.5167,ms
NOX,TT_PINN,cpu,3,2,latency_wall_batch1_ms,1,8,0.4871,ms
NOX,TT_PINN,cpu,3,2,latency_wall_batch1_ms,1,9,0.5073,ms
NOX,TT_PINN,cpu,3,2,latency_wall_batch1_ms,1,10,0.4789,ms
NOX,TT_PINN,cpu,3,2,latency_wall_batch1_ms,1,11,0.4747,ms
NOX,TT_PINN,cpu,3,2,latency_wall_batch1_ms,1,12,0.4796,ms
NOX,TT_PINN,cpu,3,2,latency_wall_batch1_ms,1,13,0.4987,ms
NOX,TT_PINN,cpu,3,2,latency_wall_batch1_ms,1,14,0.487,ms
NOX,TT_PINN,cpu,3,2,latency_wall_batch1_ms,1,15,0.5397,ms
NOX,TT_PINN,cpu,3,2,latency_wall_batch1_ms,1,16,0.5923,ms
NOX,TT_PINN,cpu,3,2,latency_wall_batch1_ms,1,17,0.4918,ms
NOX,TT_PINN,cpu,3,2,latency_wall_batch1_ms,1,18,0.5153,ms
NOX,TT_PINN,cpu,3,2,latency_wall_batch1_ms,1,19,0.5035,ms
NOX,TT_PINN,cpu,3,2,latency_wall_batch1_ms,1,20,0.4857,ms
NOX,TT_PINN,cpu,3,2,latency_wall_batch1_ms,1,21,0.4772,ms
NOX,TT_PINN,cpu,3,2,latency_wall_batch1_ms,1,22,0.8613,ms
NOX,TT_PINN,cpu,3,2,latency_wall_batch1_ms,1,23,0.5209,ms
NOX,TT_PINN,cpu,3,2,latency_wall_batch1_ms,1,24,0.4778,ms
NOX,TT_PINN,cpu,3,2,latency_wall_batch1_ms,1,25,0.6016,ms
NOX,TT_PINN,cpu,3,2,latency_wall_batch1_ms,1,26,0.5565,ms
NOX,TT_PINN,cpu,3,2,latency_wall_batch1_ms,1,27,0.8082,ms
NOX,TT_PINN,cpu,3,2,latency_wall_batch1_ms,1,28,0.6866,ms
NOX,TT_PINN,cpu,3,2,latency_wall_batch1_ms,1,29,0.5016,ms
NOX,TT_PINN,cpu,3,2,latency_wall_batch1_ms,1,30,0.4797,ms
NOX,TT_PINN,cpu,3,2,latency_wall_batch1_ms,1,31,0.664,ms
NOX,TT_PINN,cpu,3,2,latency_wall_batch1_ms,1,32,0.521,ms
NOX,TT_PINN,cpu,3,2,latency_wall_batch1_ms,1,33,0.4842,ms
NOX,TT_PINN,cpu,3,2,latency_wall_batch1_ms,1,34,0.499,ms
NOX,TT_PINN,cpu,3,2,latency_wall_batch1_ms,1,35,0.483,ms
NOX,TT_PINN,cpu,3,2,latency_wall_batch1_ms,1,36,0.4743,ms
NOX,TT_PINN,cpu,3,2,latency_wall_batch1_ms,1,37,0.48,ms
NOX,TT_PINN,cpu,3,2,latency_wall_batch1_ms,1,38,0.4924,ms
NOX,TT_PINN,cpu,3,2,latency_wall_batch1_ms,1,39,0.5005,ms
NOX,TT_PINN,cpu,3,2,latency_wall_batch1_ms,1,40,0.4796,ms
NOX,TT_PINN,cpu,3,2,latency_wall_batch1_ms,1,41,0.4902,ms
NOX,TT_PINN,cpu,3,2,latency_wall_batch1_ms,1,42,0.4944,ms
NOX,TT_PINN,cpu,3,2,latency_wall_batch1_ms,1,43,0.5128,ms
NOX,TT_PINN,cpu,3,2,latency_wall_batch1_ms,1,44,0.4883,ms
NOX,TT_PINN,cpu,3,2,latency_wall_batch1_ms,1,45,0.5274,ms
NOX,TT_PINN,cpu,3,2,latency_wall_batch1_ms,1,46,0.5307,ms
NOX,TT_PINN,cpu,3,2,latency_wall_batch1_ms,1,47,0.5069,ms
NOX,TT_PINN,cpu,3,2,latency_wall_batch1_ms,1,48,0.5019,ms
NOX,TT_PINN,cpu,3,2,latency_wall_batch1_ms,1,49,0.5098,ms
NOX,TT_PINN,cpu,3,2,latency_wall_batch1_ms,1,50,0.535,ms
NOX,TT_PINN,cpu,3,2,latency_wall_batch1_ms,1,51,0.5093,ms
NOX,TT_PINN,cpu,3,2,latency_wall_batch1_ms,1,52,0.5082,ms
NOX,TT_PINN,cpu,3,2,latency_wall_batch1_ms,1,53,0.5061,ms
NOX,TT_PINN,cpu,3,2,latency_wall_batch1_ms,1,54,0.6662,ms
NOX,TT_PINN,cpu,3,2,latency_wall_batch1_ms,1,55,0.5326,ms
NOX,TT_PINN,cpu,3,2,latency_wall_batch1_ms,1,56,0.489,ms
NOX,TT_PINN,cpu,3,2,latency_wall_batch1_ms,1,57,0.5011,ms
NOX,TT_PINN,cpu,3,2,latency_wall_batch1_ms,1,58,0.4835,ms
NOX,TT_PINN,cpu,3,2,latency_wall_batch1_ms,1,59,0.4864,ms
NOX,TT_PINN,cpu,3,2,latency_wall_batch1_ms,1,60,0.4775,ms
NOX,TT_PINN,cpu,3,2,latency_wall_batch1_ms,1,61,0.473,ms
NOX,TT_PINN,cpu,3,2,latency_wall_batch1_ms,1,62,0.5005,ms
NOX,TT_PINN,cpu,3,2,latency_wall_batch1_ms,1,63,0.4748,ms
NOX,TT_PINN,cpu,3,2,latency_wall_batch1_ms,1,64,0.4716,ms
NOX,TT_PINN,cpu,3,2,latency_wall_batch1_ms,1,65,0.4756,ms
NOX,TT_PINN,cpu,3,2,latency_wall_batch1_ms,1,66,0.4985,ms
NOX,TT_PINN,cpu,3,2,latency_wall_batch1_ms,1,67,0.4772,ms
NOX,TT_PINN,cpu,3,2,latency_wall_batch1_ms,1,68,0.4736,ms
NOX,TT_PINN,cpu,3,2,latency_wall_batch1_ms,1,69,0.4728,ms
NOX,TT_PINN,cpu,3,2,latency_wall_batch1_ms,1,70,0.4989,ms
NOX,TT_PINN,cpu,3,2,latency_wall_batch1_ms,1,71,0.477,ms
NOX,TT_PINN,cpu,3,2,latency_wall_batch1_ms,1,72,0.4729,ms
NOX,TT_PINN,cpu,3,2,latency_wall_batch1_ms,1,73,0.4911,ms
NOX,TT_PINN,cpu,3,2,latency_wall_batch1_ms,1,74,0.491,ms
NOX,TT_PINN,cpu,3,2,latency_wall_batch1_ms,1,75,0.4754,ms
NOX,TT_PINN,cpu,3,2,latency_wall_batch1_ms,1,76,0.4735,ms
NOX,TT_PINN,cpu,3,2,latency_wall_batch1_ms,1,77,0.4723,ms
NOX,TT_PINN,cpu,3,2,latency_wall_batch1_ms,1,78,0.4988,ms
NOX,TT_PINN,cpu,3,2,latency_wall_batch1_ms,1,79,0.4812,ms
NOX,TT_PINN,cpu,3,2,latency_wall_batch1_ms,1,80,0.477,ms
NOX,TT_PINN,cpu,3,2,latency_wall_batch1_ms,1,81,0.4968,ms
NOX,TT_PINN,cpu,3,2,latency_wall_batch1_ms,1,82,0.4804,ms
NOX,TT_PINN,cpu,3,2,latency_wall_batch1_ms,1,83,0.4733,ms
NOX,TT_PINN,cpu,3,2,latency_wall_batch1_ms,1,84,0.4719,ms
NOX,TT_PINN,cpu,3,2,latency_wall_batch1_ms,1,85,0.4896,ms
NOX,TT_PINN,cpu,3,2,latency_wall_batch1_ms,1,86,0.4773,ms
NOX,TT_PINN,cpu,3,2,latency_wall_batch1_ms,1,87,0.4717,ms
NOX,TT_PINN,cpu,3,2,latency_wall_batch1_ms,1,88,0.4722,ms
NOX,TT_PINN,cpu,3,2,latency_wall_batch1_ms,1,89,0.4983,ms
NOX,TT_PINN,cpu,3,2,latency_wall_batch1_ms,1,90,0.4755,ms
NOX,TT_PINN,cpu,3,2,latency_wall_batch1_ms,1,91,0.4732,ms
NOX,TT_PINN,cpu,3,2,latency_wall_batch1_ms,1,92,0.5362,ms
NOX,TT_PINN,cpu,3,2,latency_wall_batch1_ms,1,93,0.5109,ms
NOX,TT_PINN,cpu,3,2,latency_wall_batch1_ms,1,94,0.4792,ms
NOX,TT_PINN,cpu,3,2,latency_wall_batch1_ms,1,95,0.4719,ms
NOX,TT_PINN,cpu,3,2,latency_wall_batch1_ms,1,96,0.4689,ms
NOX,TT_PINN,cpu,3,2,latency_wall_batch1_ms,1,97,0.4936,ms
NOX,TT_PINN,cpu,3,2,latency_wall_batch1_ms,1,98,0.4777,ms
NOX,TT_PINN,cpu,3,2,latency_wall_batch1_ms,1,99,0.4719,ms
NOX,TT_PINN,cpu,3,2,latency_wall_batch1_ms,1,100,0.4692,ms
NOX,TT_PINN,cpu,3,2,latency_wall_batch1_ms,1,101,0.4901,ms
NOX,TT_PINN,cpu,3,2,latency_wall_batch1_ms,1,102,0.4777,ms
NOX,TT_PINN,cpu,3,2,latency_wall_batch1_ms,1,103,0.474,ms
NOX,TT_PINN,cpu,3,2,latency_wall_batch1_ms,1,104,0.4699,ms
NOX,TT_PINN,cpu,3,2,latency_wall_batch1_ms,1,105,0.525,ms
NOX,TT_PINN,cpu,3,2,latency_wall_batch1_ms,1,106,0.4738,ms
NOX,TT_PINN,cpu,3,2,latency_wall_batch1_ms,1,107,0.4718,ms
NOX,TT_PINN,cpu,3,2,latency_wall_batch1_ms,1,108,0.4715,ms
NOX,TT_PINN,cpu,3,2,latency_wall_batch1_ms,1,109,0.493,ms
NOX,TT_PINN,cpu,3,2,latency_wall_batch1_ms,1,110,0.4746,ms
NOX,TT_PINN,cpu,3,2,latency_wall_batch1_ms,1,111,0.4736,ms
NOX,TT_PINN,cpu,3,2,latency_wall_batch1_ms,1,112,0.4714,ms
NOX,TT_PINN,cpu,3,2,latency_wall_batch1_ms,1,113,0.4986,ms
NOX,TT_PINN,cpu,3,2,latency_wall_batch1_ms,1,114,0.481,ms
NOX,TT_PINN,cpu,3,2,latency_wall_batch1_ms,1,115,0.4747,ms
NOX,TT_PINN,cpu,3,2,latency_wall_batch1_ms,1,116,0.4855,ms
NOX,TT_PINN,cpu,3,2,latency_wall_batch1_ms,1,117,0.4751,ms
NOX,TT_PINN,cpu,3,2,latency_wall_batch1_ms,1,118,0.4709,ms
NOX,TT_PINN,cpu,3,2,latency_wall_batch1_ms,1,119,0.4748,ms
NOX,TT_PINN,cpu,3,2,latency_wall_batch1_ms,1,120,0.495,ms
NOX,TT_PINN,cpu,3,2,latency_wall_batch1_ms,1,121,0.4812,ms
NOX,TT_PINN,cpu,3,2,latency_wall_batch1_ms,1,122,0.4708,ms
NOX,TT_PINN,cpu,3,2,latency_wall_batch1_ms,1,123,0.4707,ms
NOX,TT_PINN,cpu,3,2,latency_wall_batch1_ms,1,124,0.5861,ms
NOX,TT_PINN,cpu,3,2,latency_wall_batch1_ms,1,125,0.4929,ms
NOX,TT_PINN,cpu,3,2,latency_wall_batch1_ms,1,126,0.477,ms
NOX,TT_PINN,cpu,3,2,latency_wall_batch1_ms,1,127,0.4739,ms
NOX,TT_PINN,cpu,3,2,latency_wall_batch1_ms,1,128,0.4984,ms
NOX,TT_PINN,cpu,3,2,latency_wall_batch1_ms,1,129,0.4745,ms
NOX,TT_PINN,cpu,3,2,latency_wall_batch1_ms,1,130,0.4727,ms
NOX,TT_PINN,cpu,3,2,latency_wall_batch1_ms,1,131,0.4701,ms
NOX,TT_PINN,cpu,3,2,latency_wall_batch1_ms,1,132,0.4918,ms
NOX,TT_PINN,cpu,3,2,latency_wall_batch1_ms,1,133,0.4776,ms
NOX,TT_PINN,cpu,3,2,latency_wall_batch1_ms,1,134,0.4723,ms
NOX,TT_PINN,cpu,3,2,latency_wall_batch1_ms,1,135,0.4911,ms
NOX,TT_PINN,cpu,3,2,latency_wall_batch1_ms,1,136,0.4906,ms
NOX,TT_PINN,cpu,3,2,latency_wall_batch1_ms,1,137,0.4831,ms
NOX,TT_PINN,cpu,3,2,latency_wall_batch1_ms,1,138,0.4865,ms
NOX,TT_PINN,cpu,3,2,latency_wall_batch1_ms,1,139,0.4733,ms
NOX,TT_PINN,cpu,3,2,latency_wall_batch1_ms,1,140,0.495,ms
NOX,TT_PINN,cpu,3,2,latency_wall_batch1_ms,1,141,0.4727,ms
NOX,TT_PINN,cpu,3,2,latency_wall_batch1_ms,1,142,0.4696,ms
NOX,TT_PINN,cpu,3,2,latency_wall_batch1_ms,1,143,0.4718,ms
NOX,TT_PINN,cpu,3,2,latency_wall_batch1_ms,1,144,0.4883,ms
NOX,TT_PINN,cpu,3,2,latency_wall_batch1_ms,1,145,0.4749,ms
NOX,TT_PINN,cpu,3,2,latency_wall_batch1_ms,1,146,0.4715,ms
NOX,TT_PINN,cpu,3,2,latency_wall_batch1_ms,1,147,0.4691,ms
NOX,TT_PINN,cpu,3,2,latency_wall_batch1_ms,1,148,0.4842,ms
NOX,TT_PINN,cpu,3,2,latency_wall_batch1_ms,1,149,0.4858,ms
NOX,TT_PINN,cpu,3,2,latency_wall_batch1_ms,1,150,0.4727,ms
NOX,TT_PINN,cpu,3,2,latency_wall_batch1_ms,1,151,0.4736,ms
NOX,TT_PINN,cpu,3,2,latency_wall_batch1_ms,1,152,0.4969,ms
NOX,TT_PINN,cpu,3,2,latency_wall_batch1_ms,1,153,0.4729,ms
NOX,TT_PINN,cpu,3,2,latency_wall_batch1_ms,1,154,0.4688,ms
NOX,TT_PINN,cpu,3,2,latency_wall_batch1_ms,1,155,0.4716,ms
NOX,TT_PINN,cpu,3,2,latency_wall_batch1_ms,1,156,0.4957,ms
NOX,TT_PINN,cpu,3,2,latency_wall_batch1_ms,1,157,0.4941,ms
NOX,TT_PINN,cpu,3,2,latency_wall_batch1_ms,1,158,0.475,ms
NOX,TT_PINN,cpu,3,2,latency_wall_batch1_ms,1,159,0.4765,ms
NOX,TT_PINN,cpu,3,2,latency_wall_batch1_ms,1,160,0.4927,ms
NOX,TT_PINN,cpu,3,2,latency_wall_batch1_ms,1,161,0.4807,ms
NOX,TT_PINN,cpu,3,2,latency_wall_batch1_ms,1,162,0.475,ms
NOX,TT_PINN,cpu,3,2,latency_wall_batch1_ms,1,163,0.4733,ms
NOX,TT_PINN,cpu,3,2,latency_wall_batch1_ms,1,164,0.4699,ms
NOX,TT_PINN,cpu,3,2,latency_wall_batch1_ms,1,165,0.4956,ms
NOX,TT_PINN,cpu,3,2,latency_wall_batch1_ms,1,166,0.4737,ms
NOX,TT_PINN,cpu,3,2,latency_wall_batch1_ms,1,167,0.5005,ms
NOX,TT_PINN,cpu,3,2,latency_wall_batch1_ms,1,168,0.4964,ms
NOX,TT_PINN,cpu,3,2,latency_wall_batch1_ms,1,169,0.4752,ms
NOX,TT_PINN,cpu,3,2,latency_wall_batch1_ms,1,170,0.4726,ms
NOX,TT_PINN,cpu,3,2,latency_wall_batch1_ms,1,171,0.4697,ms
NOX,TT_PINN,cpu,3,2,latency_wall_batch1_ms,1,172,0.495,ms
NOX,TT_PINN,cpu,3,2,latency_wall_batch1_ms,1,173,0.4757,ms
NOX,TT_PINN,cpu,3,2,latency_wall_batch1_ms,1,174,0.4678,ms
NOX,TT_PINN,cpu,3,2,latency_wall_batch1_ms,1,175,0.49,ms
NOX,TT_PINN,cpu,3,2,latency_wall_batch1_ms,1,176,0.4783,ms
NOX,TT_PINN,cpu,3,2,latency_wall_batch1_ms,1,177,0.4714,ms
NOX,TT_PINN,cpu,3,2,latency_wall_batch1_ms,1,178,0.4672,ms
NOX,TT_PINN,cpu,3,2,latency_wall_batch1_ms,1,179,0.4702,ms
NOX,TT_PINN,cpu,3,2,latency_wall_batch1_ms,1,180,0.711,ms
NOX,TT_PINN,cpu,3,2,latency_wall_batch1_ms,1,181,0.5001,ms
NOX,TT_PINN,cpu,3,2,latency_wall_batch1_ms,1,182,0.484,ms
NOX,TT_PINN,cpu,3,2,latency_wall_batch1_ms,1,183,0.609,ms
NOX,TT_PINN,cpu,3,2,latency_wall_batch1_ms,1,184,0.5042,ms
NOX,TT_PINN,cpu,3,2,latency_wall_batch1_ms,1,185,0.4807,ms
NOX,TT_PINN,cpu,3,2,latency_wall_batch1_ms,1,186,0.4958,ms
NOX,TT_PINN,cpu,3,2,latency_wall_batch1_ms,1,187,0.5211,ms
NOX,TT_PINN,cpu,3,2,latency_wall_batch1_ms,1,188,0.487,ms
NOX,TT_PINN,cpu,3,2,latency_wall_batch1_ms,1,189,0.4766,ms
NOX,TT_PINN,cpu,3,2,latency_wall_batch1_ms,1,190,0.5013,ms
NOX,TT_PINN,cpu,3,2,latency_wall_batch1_ms,1,191,0.5005,ms
NOX,TT_PINN,cpu,3,2,latency_wall_batch1_ms,1,192,0.4913,ms
NOX,TT_PINN,cpu,3,2,latency_wall_batch1_ms,1,193,0.4984,ms
NOX,TT_PINN,cpu,3,2,latency_wall_batch1_ms,1,194,0.4984,ms
NOX,TT_PINN,cpu,3,2,latency_wall_batch1_ms,1,195,0.5159,ms
NOX,TT_PINN,cpu,3,2,latency_wall_batch1_ms,1,196,0.5045,ms
NOX,TT_PINN,cpu,3,2,latency_wall_batch1_ms,1,197,0.5063,ms
NOX,TT_PINN,cpu,3,2,latency_wall_batch1_ms,1,198,0.5256,ms
NOX,TT_PINN,cpu,3,2,latency_wall_batch1_ms,1,199,0.5146,ms
NOX,TT_PINN,cpu,3,2,latency_wall_batch1_ms,1,200,0.5008,ms
NOX,TT_PINN,cpu,3,2,latency_wall_batch1_ms,1,201,0.4944,ms
NOX,TT_PINN,cpu,3,2,latency_wall_batch1_ms,1,202,0.5251,ms
NOX,TT_PINN,cpu,3,2,latency_wall_batch1_ms,1,203,0.505,ms
NOX,TT_PINN,cpu,3,2,latency_wall_batch1_ms,1,204,0.7074,ms
NOX,TT_PINN,cpu,3,2,latency_wall_batch1_ms,1,205,0.588,ms
NOX,TT_PINN,cpu,3,2,latency_wall_batch1_ms,1,206,0.4862,ms
NOX,TT_PINN,cpu,3,2,latency_wall_batch1_ms,1,207,0.4945,ms
NOX,TT_PINN,cpu,3,2,latency_wall_batch1_ms,1,208,0.4936,ms
NOX,TT_PINN,cpu,3,2,latency_wall_batch1_ms,1,209,0.5969,ms
NOX,TT_PINN,cpu,3,2,latency_wall_batch1_ms,1,210,0.4824,ms
NOX,TT_PINN,cpu,3,2,latency_wall_batch1_ms,1,211,0.4964,ms
NOX,TT_PINN,cpu,3,2,latency_wall_batch1_ms,1,212,0.4885,ms
NOX,TT_PINN,cpu,3,2,latency_wall_batch1_ms,1,213,0.4871,ms
NOX,TT_PINN,cpu,3,2,latency_wall_batch1_ms,1,214,0.7398,ms
NOX,TT_PINN,cpu,3,2,latency_wall_batch1_ms,1,215,0.754,ms
NOX,TT_PINN,cpu,3,2,latency_wall_batch1_ms,1,216,0.8552,ms
NOX,TT_PINN,cpu,3,2,latency_wall_batch1_ms,1,217,0.5205,ms
NOX,TT_PINN,cpu,3,2,latency_wall_batch1_ms,1,218,0.5402,ms
NOX,TT_PINN,cpu,3,2,latency_wall_batch1_ms,1,219,0.4904,ms
NOX,TT_PINN,cpu,3,2,latency_wall_batch1_ms,1,220,0.5095,ms
NOX,TT_PINN,cpu,3,2,latency_wall_batch1_ms,1,221,0.4845,ms
NOX,TT_PINN,cpu,3,2,latency_wall_batch1_ms,1,222,0.5281,ms
NOX,TT_PINN,cpu,3,2,latency_wall_batch1_ms,1,223,0.5016,ms
NOX,TT_PINN,cpu,3,2,latency_wall_batch1_ms,1,224,0.8245,ms
NOX,TT_PINN,cpu,3,2,latency_wall_batch1_ms,1,225,0.502,ms
NOX,TT_PINN,cpu,3,2,latency_wall_batch1_ms,1,226,0.48,ms
NOX,TT_PINN,cpu,3,2,latency_wall_batch1_ms,1,227,0.6718,ms
NOX,TT_PINN,cpu,3,2,latency_wall_batch1_ms,1,228,0.5197,ms
NOX,TT_PINN,cpu,3,2,latency_wall_batch1_ms,1,229,0.489,ms
NOX,TT_PINN,cpu,3,2,latency_wall_batch1_ms,1,230,0.4982,ms
NOX,TT_PINN,cpu,3,2,latency_wall_batch1_ms,1,231,0.4798,ms
NOX,TT_PINN,cpu,3,2,latency_wall_batch1_ms,1,232,0.4755,ms
NOX,TT_PINN,cpu,3,2,latency_wall_batch1_ms,1,233,0.474,ms
NOX,TT_PINN,cpu,3,2,latency_wall_batch1_ms,1,234,0.4827,ms
NOX,TT_PINN,cpu,3,2,latency_wall_batch1_ms,1,235,0.4838,ms
NOX,TT_PINN,cpu,3,2,latency_wall_batch1_ms,1,236,0.4726,ms
NOX,TT_PINN,cpu,3,2,latency_wall_batch1_ms,1,237,0.4742,ms
NOX,TT_PINN,cpu,3,2,latency_wall_batch1_ms,1,238,0.4917,ms
NOX,TT_PINN,cpu,3,2,latency_wall_batch1_ms,1,239,0.4758,ms
NOX,TT_PINN,cpu,3,2,latency_wall_batch1_ms,1,240,0.4751,ms
NOX,TT_PINN,cpu,3,2,latency_wall_batch1_ms,1,241,0.4742,ms
NOX,TT_PINN,cpu,3,2,latency_wall_batch1_ms,1,242,0.4965,ms
NOX,TT_PINN,cpu,3,2,latency_wall_batch1_ms,1,243,0.475,ms
NOX,TT_PINN,cpu,3,2,latency_wall_batch1_ms,1,244,0.5443,ms
NOX,TT_PINN,cpu,3,2,latency_wall_batch1_ms,1,245,0.4973,ms
NOX,TT_PINN,cpu,3,2,latency_wall_batch1_ms,1,246,0.4787,ms
NOX,TT_PINN,cpu,3,2,latency_wall_batch1_ms,1,247,0.4739,ms
NOX,TT_PINN,cpu,3,2,latency_wall_batch1_ms,1,248,0.473,ms
NOX,TT_PINN,cpu,3,2,latency_wall_batch1_ms,1,249,0.5053,ms
NOX,TT_PINN,cpu,3,2,latency_wall_batch1_ms,1,250,0.4788,ms
NOX,TT_PINN,cpu,3,2,latency_wall_batch1_ms,1,251,0.473,ms
NOX,TT_PINN,cpu,3,2,latency_wall_batch1_ms,1,252,0.4738,ms
NOX,TT_PINN,cpu,3,2,latency_wall_batch1_ms,1,253,0.5007,ms
NOX,TT_PINN,cpu,3,2,latency_wall_batch1_ms,1,254,0.481,ms
NOX,TT_PINN,cpu,3,2,latency_wall_batch1_ms,1,255,0.4779,ms
NOX,TT_PINN,cpu,3,2,latency_wall_batch1_ms,1,256,0.4718,ms
NOX,TT_PINN,cpu,3,2,latency_wall_batch1_ms,1,257,0.5055,ms
NOX,TT_PINN,cpu,3,2,latency_wall_batch1_ms,1,258,0.4773,ms
NOX,TT_PINN,cpu,3,2,latency_wall_batch1_ms,1,259,0.4748,ms
NOX,TT_PINN,cpu,3,2,latency_wall_batch1_ms,1,260,0.474,ms
NOX,TT_PINN,cpu,3,2,latency_wall_batch1_ms,1,261,0.4985,ms
NOX,TT_PINN,cpu,3,2,latency_wall_batch1_ms,1,262,0.4779,ms
NOX,TT_PINN,cpu,3,2,latency_wall_batch1_ms,1,263,0.4772,ms
NOX,TT_PINN,cpu,3,2,latency_wall_batch1_ms,1,264,0.4964,ms
NOX,TT_PINN,cpu,3,2,latency_wall_batch1_ms,1,265,0.4821,ms
NOX,TT_PINN,cpu,3,2,latency_wall_batch1_ms,1,266,0.4719,ms
NOX,TT_PINN,cpu,3,2,latency_wall_batch1_ms,1,267,0.4719,ms
NOX,TT_PINN,cpu,3,2,latency_wall_batch1_ms,1,268,0.5008,ms
NOX,TT_PINN,cpu,3,2,latency_wall_batch1_ms,1,269,0.4842,ms
NOX,TT_PINN,cpu,3,2,latency_wall_batch1_ms,1,270,0.4764,ms
NOX,TT_PINN,cpu,3,2,latency_wall_batch1_ms,1,271,0.4731,ms
NOX,TT_PINN,cpu,3,2,latency_wall_batch1_ms,1,272,0.495,ms
NOX,TT_PINN,cpu,3,2,latency_wall_batch1_ms,1,273,0.4798,ms
NOX,TT_PINN,cpu,3,2,latency_wall_batch1_ms,1,274,0.4816,ms
NOX,TT_PINN,cpu,3,2,latency_wall_batch1_ms,1,275,0.4734,ms
NOX,TT_PINN,cpu,3,2,latency_wall_batch1_ms,1,276,0.4998,ms
NOX,TT_PINN,cpu,3,2,latency_wall_batch1_ms,1,277,1.0369,ms
NOX,TT_PINN,cpu,3,2,latency_wall_batch1_ms,1,278,0.4871,ms
NOX,TT_PINN,cpu,3,2,latency_wall_batch1_ms,1,279,0.6316,ms
NOX,TT_PINN,cpu,3,2,latency_wall_batch1_ms,1,280,0.5135,ms
NOX,TT_PINN,cpu,3,2,latency_wall_batch1_ms,1,281,0.4807,ms
NOX,TT_PINN,cpu,3,2,latency_wall_batch1_ms,1,282,0.5036,ms
NOX,TT_PINN,cpu,3,2,latency_wall_batch1_ms,1,283,0.4766,ms
NOX,TT_PINN,cpu,3,2,latency_wall_batch1_ms,1,284,0.5689,ms
NOX,TT_PINN,cpu,3,2,latency_wall_batch1_ms,1,285,0.4827,ms
NOX,TT_PINN,cpu,3,2,latency_wall_batch1_ms,1,286,0.4989,ms
NOX,TT_PINN,cpu,3,2,latency_wall_batch1_ms,1,287,0.4794,ms
NOX,TT_PINN,cpu,3,2,latency_wall_batch1_ms,1,288,0.474,ms
NOX,TT_PINN,cpu,3,2,latency_wall_batch1_ms,1,289,0.4733,ms
NOX,TT_PINN,cpu,3,2,latency_wall_batch1_ms,1,290,0.4929,ms
NOX,TT_PINN,cpu,3,2,latency_wall_batch1_ms,1,291,0.4777,ms
NOX,TT_PINN,cpu,3,2,latency_wall_batch1_ms,1,292,0.4786,ms
NOX,TT_PINN,cpu,3,2,latency_wall_batch1_ms,1,293,0.4716,ms
NOX,TT_PINN,cpu,3,2,latency_wall_batch1_ms,1,294,0.4928,ms
NOX,TT_PINN,cpu,3,2,latency_wall_batch1_ms,1,295,0.4813,ms
NOX,TT_PINN,cpu,3,2,latency_wall_batch1_ms,1,296,0.4754,ms
NOX,TT_PINN,cpu,3,2,latency_wall_batch1_ms,1,297,0.4709,ms
NOX,TT_PINN,cpu,3,2,latency_wall_batch1_ms,1,298,0.4716,ms
NOX,TT_PINN,cpu,3,2,latency_wall_batch1_ms,1,299,0.5641,ms
NOX,TT_PINN,cpu,3,2,latency_wall_batch1_ms,1,300,0.4801,ms
NOX,TT_PINN,cpu,3,2,latency_wall_batch1_ms,1,301,0.4735,ms
NOX,TT_PINN,cpu,3,2,latency_wall_batch1_ms,1,302,0.4747,ms
NOX,TT_PINN,cpu,3,2,latency_wall_batch1_ms,1,303,0.499,ms
NOX,TT_PINN,cpu,3,2,latency_wall_batch1_ms,1,304,0.4749,ms
NOX,TT_PINN,cpu,3,2,latency_wall_batch1_ms,1,305,0.4727,ms
NOX,TT_PINN,cpu,3,2,latency_wall_batch1_ms,1,306,0.4708,ms
NOX,TT_PINN,cpu,3,2,latency_wall_batch1_ms,1,307,0.6627,ms
NOX,TT_PINN,cpu,3,2,latency_wall_batch1_ms,1,308,0.5206,ms
NOX,TT_PINN,cpu,3,2,latency_wall_batch1_ms,1,309,0.4789,ms
NOX,TT_PINN,cpu,3,2,latency_wall_batch1_ms,1,310,0.6117,ms
NOX,TT_PINN,cpu,3,2,latency_wall_batch1_ms,1,311,0.6286,ms
NOX,TT_PINN,cpu,3,2,latency_wall_batch1_ms,1,312,0.4868,ms
NOX,TT_PINN,cpu,3,2,latency_wall_batch1_ms,1,313,0.4981,ms
NOX,TT_PINN,cpu,3,2,latency_wall_batch1_ms,1,314,0.4861,ms
NOX,TT_PINN,cpu,3,2,latency_wall_batch1_ms,1,315,0.4908,ms
NOX,TT_PINN,cpu,3,2,latency_wall_batch1_ms,1,316,0.5195,ms
NOX,TT_PINN,cpu,3,2,latency_wall_batch1_ms,1,317,0.4821,ms
NOX,TT_PINN,cpu,3,2,latency_wall_batch1_ms,1,318,0.4805,ms
NOX,TT_PINN,cpu,3,2,latency_wall_batch1_ms,1,319,0.4896,ms
NOX,TT_PINN,cpu,3,2,latency_wall_batch1_ms,1,320,0.4752,ms
NOX,TT_PINN,cpu,3,2,latency_wall_batch1_ms,1,321,0.4955,ms
NOX,TT_PINN,cpu,3,2,latency_wall_batch1_ms,1,322,0.472,ms
NOX,TT_PINN,cpu,3,2,latency_wall_batch1_ms,1,323,0.4971,ms
NOX,TT_PINN,cpu,3,2,latency_wall_batch1_ms,1,324,0.4734,ms
NOX,TT_PINN,cpu,3,2,latency_wall_batch1_ms,1,325,0.4947,ms
NOX,TT_PINN,cpu,3,2,latency_wall_batch1_ms,1,326,0.4763,ms
NOX,TT_PINN,cpu,3,2,latency_wall_batch1_ms,1,327,0.4949,ms
NOX,TT_PINN,cpu,3,2,latency_wall_batch1_ms,1,328,0.4851,ms
NOX,TT_PINN,cpu,3,2,latency_wall_batch1_ms,1,329,0.5017,ms
NOX,TT_PINN,cpu,3,2,latency_wall_batch1_ms,1,330,0.4761,ms
NOX,TT_PINN,cpu,3,2,latency_wall_batch1_ms,1,331,0.5023,ms
NOX,TT_PINN,cpu,3,2,latency_wall_batch1_ms,1,332,0.4769,ms
NOX,TT_PINN,cpu,3,2,latency_wall_batch1_ms,1,333,0.4717,ms
NOX,TT_PINN,cpu,3,2,latency_wall_batch1_ms,1,334,0.5063,ms
NOX,TT_PINN,cpu,3,2,latency_wall_batch1_ms,1,335,0.4753,ms
NOX,TT_PINN,cpu,3,2,latency_wall_batch1_ms,1,336,0.5092,ms
NOX,TT_PINN,cpu,3,2,latency_wall_batch1_ms,1,337,0.5067,ms
NOX,TT_PINN,cpu,3,2,latency_wall_batch1_ms,1,338,0.6619,ms
NOX,TT_PINN,cpu,3,2,latency_wall_batch1_ms,1,339,0.5276,ms
NOX,TT_PINN,cpu,3,2,latency_wall_batch1_ms,1,340,0.4841,ms
NOX,TT_PINN,cpu,3,2,latency_wall_batch1_ms,1,341,0.5016,ms
NOX,TT_PINN,cpu,3,2,latency_wall_batch1_ms,1,342,0.4762,ms
NOX,TT_PINN,cpu,3,2,latency_wall_batch1_ms,1,343,0.5078,ms
NOX,TT_PINN,cpu,3,2,latency_wall_batch1_ms,1,344,0.4812,ms
NOX,TT_PINN,cpu,3,2,latency_wall_batch1_ms,1,345,0.6962,ms
NOX,TT_PINN,cpu,3,2,latency_wall_batch1_ms,1,346,0.4926,ms
NOX,TT_PINN,cpu,3,2,latency_wall_batch1_ms,1,347,0.4873,ms
NOX,TT_PINN,cpu,3,2,latency_wall_batch1_ms,1,348,0.5078,ms
NOX,TT_PINN,cpu,3,2,latency_wall_batch1_ms,1,349,0.4733,ms
NOX,TT_PINN,cpu,3,2,latency_wall_batch1_ms,1,350,0.4726,ms
NOX,TT_PINN,cpu,3,2,latency_wall_batch1_ms,1,351,0.4737,ms
NOX,TT_PINN,cpu,3,2,latency_wall_batch1_ms,1,352,0.4981,ms
NOX,TT_PINN,cpu,3,2,latency_wall_batch1_ms,1,353,0.476,ms
NOX,TT_PINN,cpu,3,2,latency_wall_batch1_ms,1,354,0.4724,ms
NOX,TT_PINN,cpu,3,2,latency_wall_batch1_ms,1,355,0.4697,ms
NOX,TT_PINN,cpu,3,2,latency_wall_batch1_ms,1,356,0.4904,ms
NOX,TT_PINN,cpu,3,2,latency_wall_batch1_ms,1,357,0.4772,ms
NOX,TT_PINN,cpu,3,2,latency_wall_batch1_ms,1,358,0.4711,ms
NOX,TT_PINN,cpu,3,2,latency_wall_batch1_ms,1,359,0.4693,ms
NOX,TT_PINN,cpu,3,2,latency_wall_batch1_ms,1,360,0.4857,ms
NOX,TT_PINN,cpu,3,2,latency_wall_batch1_ms,1,361,0.4812,ms
NOX,TT_PINN,cpu,3,2,latency_wall_batch1_ms,1,362,0.4701,ms
NOX,TT_PINN,cpu,3,2,latency_wall_batch1_ms,1,363,0.4711,ms
NOX,TT_PINN,cpu,3,2,latency_wall_batch1_ms,1,364,0.4946,ms
NOX,TT_PINN,cpu,3,2,latency_wall_batch1_ms,1,365,0.4747,ms
NOX,TT_PINN,cpu,3,2,latency_wall_batch1_ms,1,366,0.4714,ms
NOX,TT_PINN,cpu,3,2,latency_wall_batch1_ms,1,367,0.472,ms
NOX,TT_PINN,cpu,3,2,latency_wall_batch1_ms,1,368,0.4946,ms
NOX,TT_PINN,cpu,3,2,latency_wall_batch1_ms,1,369,0.474,ms
NOX,TT_PINN,cpu,3,2,latency_wall_batch1_ms,1,370,0.5968,ms
NOX,TT_PINN,cpu,3,2,latency_wall_batch1_ms,1,371,0.5916,ms
NOX,TT_PINN,cpu,3,2,latency_wall_batch1_ms,1,372,0.7903,ms
NOX,TT_PINN,cpu,3,2,latency_wall_batch1_ms,1,373,0.5095,ms
NOX,TT_PINN,cpu,3,2,latency_wall_batch1_ms,1,374,0.5194,ms
NOX,TT_PINN,cpu,3,2,latency_wall_batch1_ms,1,375,0.517,ms
NOX,TT_PINN,cpu,3,2,latency_wall_batch1_ms,1,376,0.4794,ms
NOX,TT_PINN,cpu,3,2,latency_wall_batch1_ms,1,377,0.5223,ms
NOX,TT_PINN,cpu,3,2,latency_wall_batch1_ms,1,378,0.6393,ms
NOX,TT_PINN,cpu,3,2,latency_wall_batch1_ms,1,379,0.5789,ms
NOX,TT_PINN,cpu,3,2,latency_wall_batch1_ms,1,380,0.5071,ms
NOX,TT_PINN,cpu,3,2,latency_wall_batch1_ms,1,381,0.4746,ms
NOX,TT_PINN,cpu,3,2,latency_wall_batch1_ms,1,382,0.5011,ms
NOX,TT_PINN,cpu,3,2,latency_wall_batch1_ms,1,383,0.471,ms
NOX,TT_PINN,cpu,3,2,latency_wall_batch1_ms,1,384,0.4777,ms
NOX,TT_PINN,cpu,3,2,latency_wall_batch1_ms,1,385,0.4736,ms
NOX,TT_PINN,cpu,3,2,latency_wall_batch1_ms,1,386,0.5012,ms
NOX,TT_PINN,cpu,3,2,latency_wall_batch1_ms,1,387,0.4779,ms
NOX,TT_PINN,cpu,3,2,latency_wall_batch1_ms,1,388,0.4738,ms
NOX,TT_PINN,cpu,3,2,latency_wall_batch1_ms,1,389,0.4848,ms
NOX,TT_PINN,cpu,3,2,latency_wall_batch1_ms,1,390,0.5145,ms
NOX,TT_PINN,cpu,3,2,latency_wall_batch1_ms,1,391,0.477,ms
NOX,TT_PINN,cpu,3,2,latency_wall_batch1_ms,1,392,0.4729,ms
NOX,TT_PINN,cpu,3,2,latency_wall_batch1_ms,1,393,0.4874,ms
NOX,TT_PINN,cpu,3,2,latency_wall_batch1_ms,1,394,0.4791,ms
NOX,TT_PINN,cpu,3,2,latency_wall_batch1_ms,1,395,0.4721,ms
NOX,TT_PINN,cpu,3,2,latency_wall_batch1_ms,1,396,0.4739,ms
NOX,TT_PINN,cpu,3,2,latency_wall_batch1_ms,1,397,0.4701,ms
NOX,TT_PINN,cpu,3,2,latency_wall_batch1_ms,1,398,0.5243,ms
NOX,TT_PINN,cpu,3,2,latency_wall_batch1_ms,1,399,0.599,ms
NOX,TT_PINN,cpu,3,2,throughput_rows_s,1,0,2089.4274968658588,rows/s
NOX,TT_PINN,cpu,3,2,throughput_rows_s,1,1,2127.206977238885,rows/s
NOX,TT_PINN,cpu,3,2,throughput_rows_s,1,2,2025.111381125962,rows/s
NOX,TT_PINN,cpu,3,2,throughput_rows_s,1,3,2110.1498206372653,rows/s
NOX,TT_PINN,cpu,3,2,throughput_rows_s,1,4,2109.259649862898,rows/s
NOX,TT_PINN,cpu,3,2,throughput_rows_s,1,5,2071.2510356255175,rows/s
NOX,TT_PINN,cpu,3,2,throughput_rows_s,1,6,2017.3492031470648,rows/s
NOX,TT_PINN,cpu,3,2,throughput_rows_s,1,7,2063.557573256294,rows/s
NOX,TT_PINN,cpu,3,2,throughput_rows_s,1,8,2048.760499897562,rows/s
NOX,TT_PINN,cpu,3,2,throughput_rows_s,1,9,2070.393374741201,rows/s
NOX,TT_PINN,cpu,3,2,throughput_rows_s,1,10,1998.0019980019981,rows/s
NOX,TT_PINN,cpu,3,2,throughput_rows_s,1,11,2035.4162426216162,rows/s
NOX,TT_PINN,cpu,3,2,throughput_rows_s,16,0,28591.851322373128,rows/s
NOX,TT_PINN,cpu,3,2,throughput_rows_s,16,1,26702.269692923903,rows/s
NOX,TT_PINN,cpu,3,2,throughput_rows_s,16,2,28607.187555873414,rows/s
NOX,TT_PINN,cpu,3,2,throughput_rows_s,16,3,28268.551236749117,rows/s
NOX,TT_PINN,cpu,3,2,throughput_rows_s,16,4,27519.779841761265,rows/s
NOX,TT_PINN,cpu,3,2,throughput_rows_s,16,5,28089.88764044944,rows/s
NOX,TT_PINN,cpu,3,2,throughput_rows_s,16,6,28854.82416591524,rows/s
NOX,TT_PINN,cpu,3,2,throughput_rows_s,16,7,28218.694885361558,rows/s
NOX,TT_PINN,cpu,3,2,throughput_rows_s,16,8,27345.752862758505,rows/s
NOX,TT_PINN,cpu,3,2,throughput_rows_s,16,9,28715.00358937545,rows/s
NOX,TT_PINN,cpu,3,2,throughput_rows_s,16,10,28353.71256423888,rows/s
NOX,TT_PINN,cpu,3,2,throughput_rows_s,16,11,27444.253859348202,rows/s
NOX,TT_PINN,cpu,3,2,throughput_rows_s,64,0,67732.03513599322,rows/s
NOX,TT_PINN,cpu,3,2,throughput_rows_s,64,1,88471.10865358032,rows/s
NOX,TT_PINN,cpu,3,2,throughput_rows_s,64,2,85435.8563609665,rows/s
NOX,TT_PINN,cpu,3,2,throughput_rows_s,64,3,83409.3574872931,rows/s
NOX,TT_PINN,cpu,3,2,throughput_rows_s,64,4,82378.68451538164,rows/s
NOX,TT_PINN,cpu,3,2,throughput_rows_s,64,5,70376.07213547394,rows/s
NOX,TT_PINN,cpu,3,2,throughput_rows_s,64,6,83747.71002355404,rows/s
NOX,TT_PINN,cpu,3,2,throughput_rows_s,64,7,86603.51826792964,rows/s
NOX,TT_PINN,cpu,3,2,throughput_rows_s,64,8,90767.26705431854,rows/s
NOX,TT_PINN,cpu,3,2,throughput_rows_s,64,9,94842.91641967991,rows/s
NOX,TT_PINN,cpu,3,2,throughput_rows_s,64,10,85299.21364787419,rows/s
NOX,TT_PINN,cpu,3,2,throughput_rows_s,64,11,91533.18077803202,rows/s
NOX,TT_PINN,cpu,3,2,throughput_rows_s,256,0,227192.04827831025,rows/s
NOX,TT_PINN,cpu,3,2,throughput_rows_s,256,1,218691.26943447802,rows/s
NOX,TT_PINN,cpu,3,2,throughput_rows_s,256,2,229329.03341395681,rows/s
NOX,TT_PINN,cpu,3,2,throughput_rows_s,256,3,221108.9998272586,rows/s
NOX,TT_PINN,cpu,3,2,throughput_rows_s,256,4,226148.40989399294,rows/s
NOX,TT_PINN,cpu,3,2,throughput_rows_s,256,5,220385.67493112947,rows/s
NOX,TT_PINN,cpu,3,2,throughput_rows_s,256,6,228306.4300365647,rows/s
NOX,TT_PINN,cpu,3,2,throughput_rows_s,256,7,235836.02026715802,rows/s
NOX,TT_PINN,cpu,3,2,throughput_rows_s,256,8,230070.99847218476,rows/s
NOX,TT_PINN,cpu,3,2,throughput_rows_s,256,9,191860.900846886,rows/s
NOX,TT_PINN,cpu,3,2,throughput_rows_s,256,10,221510.77269187506,rows/s
NOX,TT_PINN,cpu,3,2,throughput_rows_s,256,11,232136.38012332248,rows/s
NOX,TT_PINN,cpu,3,2,throughput_rows_s,1024,0,776993.7021018286,rows/s
NOX,TT_PINN,cpu,3,2,throughput_rows_s,1024,1,785276.0736196319,rows/s
NOX,TT_PINN,cpu,3,2,throughput_rows_s,1024,2,704070.407040704,rows/s
NOX,TT_PINN,cpu,3,2,throughput_rows_s,1024,3,456266.98747939226,rows/s
NOX,TT_PINN,cpu,3,2,throughput_rows_s,1024,4,623819.6771245812,rows/s
NOX,TT_PINN,cpu,3,2,throughput_rows_s,1024,5,682302.7718550108,rows/s
NOX,TT_PINN,cpu,3,2,throughput_rows_s,1024,6,660261.7834805597,rows/s
NOX,TT_PINN,cpu,3,2,throughput_rows_s,1024,7,570696.0931839715,rows/s
NOX,TT_PINN,cpu,3,2,throughput_rows_s,1024,8,577259.1465133321,rows/s
NOX,TT_PINN,cpu,3,2,throughput_rows_s,1024,9,672622.175512349,rows/s
NOX,TT_PINN,cpu,3,2,throughput_rows_s,1024,10,684537.7364797111,rows/s
NOX,TT_PINN,cpu,3,2,throughput_rows_s,1024,11,690585.3790126787,rows/s
NOX,TT_PINN,cpu,3,2,throughput_rows_s,4096,0,1217489.5223374846,rows/s
NOX,TT_PINN,cpu,3,2,throughput_rows_s,4096,1,1118300.707128621,rows/s
NOX,TT_PINN,cpu,3,2,throughput_rows_s,4096,2,1149786.6606781946,rows/s
NOX,TT_PINN,cpu,3,2,throughput_rows_s,4096,3,1059136.8655134072,rows/s
NOX,TT_PINN,cpu,3,2,throughput_rows_s,4096,4,1067194.7057137648,rows/s
NOX,TT_PINN,cpu,3,2,throughput_rows_s,4096,5,1296079.486124735,rows/s
NOX,TT_PINN,cpu,3,2,throughput_rows_s,4096,6,1326081.326081326,rows/s
NOX,TT_PINN,cpu,3,2,throughput_rows_s,4096,7,1110598.9533906346,rows/s
NOX,TT_PINN,cpu,3,2,throughput_rows_s,4096,8,1066139.1498997894,rows/s
NOX,TT_PINN,cpu,3,2,throughput_rows_s,4096,9,1145542.006935899,rows/s
NOX,TT_PINN,cpu,3,2,throughput_rows_s,4096,10,1092062.814941211,rows/s
NOX,TT_PINN,cpu,3,2,throughput_rows_s,4096,11,1238622.2746378784,rows/s
NOX,DENSE_PINN,cuda,1,1,latency_wall_batch1_ms,1,0,0.2127,ms
NOX,DENSE_PINN,cuda,1,1,latency_wall_batch1_ms,1,1,0.2292,ms
NOX,DENSE_PINN,cuda,1,1,latency_wall_batch1_ms,1,2,0.208,ms
NOX,DENSE_PINN,cuda,1,1,latency_wall_batch1_ms,1,3,0.1945,ms
NOX,DENSE_PINN,cuda,1,1,latency_wall_batch1_ms,1,4,0.1976,ms
NOX,DENSE_PINN,cuda,1,1,latency_wall_batch1_ms,1,5,0.2141,ms
NOX,DENSE_PINN,cuda,1,1,latency_wall_batch1_ms,1,6,0.2063,ms
NOX,DENSE_PINN,cuda,1,1,latency_wall_batch1_ms,1,7,0.2029,ms
NOX,DENSE_PINN,cuda,1,1,latency_wall_batch1_ms,1,8,0.2023,ms
NOX,DENSE_PINN,cuda,1,1,latency_wall_batch1_ms,1,9,0.2036,ms
NOX,DENSE_PINN,cuda,1,1,latency_wall_batch1_ms,1,10,0.1913,ms
NOX,DENSE_PINN,cuda,1,1,latency_wall_batch1_ms,1,11,0.2021,ms
NOX,DENSE_PINN,cuda,1,1,latency_wall_batch1_ms,1,12,0.1975,ms
NOX,DENSE_PINN,cuda,1,1,latency_wall_batch1_ms,1,13,0.2031,ms
NOX,DENSE_PINN,cuda,1,1,latency_wall_batch1_ms,1,14,0.1909,ms
NOX,DENSE_PINN,cuda,1,1,latency_wall_batch1_ms,1,15,0.205,ms
NOX,DENSE_PINN,cuda,1,1,latency_wall_batch1_ms,1,16,0.2049,ms
NOX,DENSE_PINN,cuda,1,1,latency_wall_batch1_ms,1,17,0.2022,ms
NOX,DENSE_PINN,cuda,1,1,latency_wall_batch1_ms,1,18,0.2059,ms
NOX,DENSE_PINN,cuda,1,1,latency_wall_batch1_ms,1,19,0.1835,ms
NOX,DENSE_PINN,cuda,1,1,latency_wall_batch1_ms,1,20,0.1997,ms
NOX,DENSE_PINN,cuda,1,1,latency_wall_batch1_ms,1,21,0.1897,ms
NOX,DENSE_PINN,cuda,1,1,latency_wall_batch1_ms,1,22,0.1797,ms
NOX,DENSE_PINN,cuda,1,1,latency_wall_batch1_ms,1,23,0.1791,ms
NOX,DENSE_PINN,cuda,1,1,latency_wall_batch1_ms,1,24,0.1754,ms
NOX,DENSE_PINN,cuda,1,1,latency_wall_batch1_ms,1,25,0.1956,ms
NOX,DENSE_PINN,cuda,1,1,latency_wall_batch1_ms,1,26,0.1758,ms
NOX,DENSE_PINN,cuda,1,1,latency_wall_batch1_ms,1,27,0.1938,ms
NOX,DENSE_PINN,cuda,1,1,latency_wall_batch1_ms,1,28,0.2016,ms
NOX,DENSE_PINN,cuda,1,1,latency_wall_batch1_ms,1,29,0.1673,ms
NOX,DENSE_PINN,cuda,1,1,latency_wall_batch1_ms,1,30,0.1896,ms
NOX,DENSE_PINN,cuda,1,1,latency_wall_batch1_ms,1,31,0.2026,ms
NOX,DENSE_PINN,cuda,1,1,latency_wall_batch1_ms,1,32,0.1898,ms
NOX,DENSE_PINN,cuda,1,1,latency_wall_batch1_ms,1,33,0.1904,ms
NOX,DENSE_PINN,cuda,1,1,latency_wall_batch1_ms,1,34,0.2089,ms
NOX,DENSE_PINN,cuda,1,1,latency_wall_batch1_ms,1,35,0.2027,ms
NOX,DENSE_PINN,cuda,1,1,latency_wall_batch1_ms,1,36,0.2028,ms
NOX,DENSE_PINN,cuda,1,1,latency_wall_batch1_ms,1,37,0.2016,ms
NOX,DENSE_PINN,cuda,1,1,latency_wall_batch1_ms,1,38,0.2046,ms
NOX,DENSE_PINN,cuda,1,1,latency_wall_batch1_ms,1,39,0.1974,ms
NOX,DENSE_PINN,cuda,1,1,latency_wall_batch1_ms,1,40,0.1934,ms
NOX,DENSE_PINN,cuda,1,1,latency_wall_batch1_ms,1,41,0.1801,ms
NOX,DENSE_PINN,cuda,1,1,latency_wall_batch1_ms,1,42,0.1849,ms
NOX,DENSE_PINN,cuda,1,1,latency_wall_batch1_ms,1,43,0.2067,ms
NOX,DENSE_PINN,cuda,1,1,latency_wall_batch1_ms,1,44,0.1869,ms
NOX,DENSE_PINN,cuda,1,1,latency_wall_batch1_ms,1,45,0.2023,ms
NOX,DENSE_PINN,cuda,1,1,latency_wall_batch1_ms,1,46,0.2032,ms
NOX,DENSE_PINN,cuda,1,1,latency_wall_batch1_ms,1,47,0.2039,ms
NOX,DENSE_PINN,cuda,1,1,latency_wall_batch1_ms,1,48,0.2015,ms
NOX,DENSE_PINN,cuda,1,1,latency_wall_batch1_ms,1,49,0.2027,ms
NOX,DENSE_PINN,cuda,1,1,latency_wall_batch1_ms,1,50,0.1808,ms
NOX,DENSE_PINN,cuda,1,1,latency_wall_batch1_ms,1,51,0.2004,ms
NOX,DENSE_PINN,cuda,1,1,latency_wall_batch1_ms,1,52,0.202,ms
NOX,DENSE_PINN,cuda,1,1,latency_wall_batch1_ms,1,53,0.209,ms
NOX,DENSE_PINN,cuda,1,1,latency_wall_batch1_ms,1,54,0.2028,ms
NOX,DENSE_PINN,cuda,1,1,latency_wall_batch1_ms,1,55,0.2022,ms
NOX,DENSE_PINN,cuda,1,1,latency_wall_batch1_ms,1,56,0.2016,ms
NOX,DENSE_PINN,cuda,1,1,latency_wall_batch1_ms,1,57,0.2023,ms
NOX,DENSE_PINN,cuda,1,1,latency_wall_batch1_ms,1,58,0.2025,ms
NOX,DENSE_PINN,cuda,1,1,latency_wall_batch1_ms,1,59,0.2013,ms
NOX,DENSE_PINN,cuda,1,1,latency_wall_batch1_ms,1,60,0.1933,ms
NOX,DENSE_PINN,cuda,1,1,latency_wall_batch1_ms,1,61,0.2026,ms
NOX,DENSE_PINN,cuda,1,1,latency_wall_batch1_ms,1,62,0.2026,ms
NOX,DENSE_PINN,cuda,1,1,latency_wall_batch1_ms,1,63,0.2021,ms
NOX,DENSE_PINN,cuda,1,1,latency_wall_batch1_ms,1,64,0.2018,ms
NOX,DENSE_PINN,cuda,1,1,latency_wall_batch1_ms,1,65,0.2044,ms
NOX,DENSE_PINN,cuda,1,1,latency_wall_batch1_ms,1,66,0.1871,ms
NOX,DENSE_PINN,cuda,1,1,latency_wall_batch1_ms,1,67,0.1982,ms
NOX,DENSE_PINN,cuda,1,1,latency_wall_batch1_ms,1,68,0.1996,ms
NOX,DENSE_PINN,cuda,1,1,latency_wall_batch1_ms,1,69,0.2068,ms
NOX,DENSE_PINN,cuda,1,1,latency_wall_batch1_ms,1,70,0.1877,ms
NOX,DENSE_PINN,cuda,1,1,latency_wall_batch1_ms,1,71,0.1949,ms
NOX,DENSE_PINN,cuda,1,1,latency_wall_batch1_ms,1,72,0.2011,ms
NOX,DENSE_PINN,cuda,1,1,latency_wall_batch1_ms,1,73,0.2016,ms
NOX,DENSE_PINN,cuda,1,1,latency_wall_batch1_ms,1,74,0.2004,ms
NOX,DENSE_PINN,cuda,1,1,latency_wall_batch1_ms,1,75,0.2007,ms
NOX,DENSE_PINN,cuda,1,1,latency_wall_batch1_ms,1,76,0.2009,ms
NOX,DENSE_PINN,cuda,1,1,latency_wall_batch1_ms,1,77,0.1939,ms
NOX,DENSE_PINN,cuda,1,1,latency_wall_batch1_ms,1,78,0.1849,ms
NOX,DENSE_PINN,cuda,1,1,latency_wall_batch1_ms,1,79,0.2039,ms
NOX,DENSE_PINN,cuda,1,1,latency_wall_batch1_ms,1,80,0.533,ms
NOX,DENSE_PINN,cuda,1,1,latency_wall_batch1_ms,1,81,0.414,ms
NOX,DENSE_PINN,cuda,1,1,latency_wall_batch1_ms,1,82,0.3828,ms
NOX,DENSE_PINN,cuda,1,1,latency_wall_batch1_ms,1,83,0.2517,ms
NOX,DENSE_PINN,cuda,1,1,latency_wall_batch1_ms,1,84,0.2062,ms
NOX,DENSE_PINN,cuda,1,1,latency_wall_batch1_ms,1,85,0.2039,ms
NOX,DENSE_PINN,cuda,1,1,latency_wall_batch1_ms,1,86,0.2064,ms
NOX,DENSE_PINN,cuda,1,1,latency_wall_batch1_ms,1,87,0.1976,ms
NOX,DENSE_PINN,cuda,1,1,latency_wall_batch1_ms,1,88,0.197,ms
NOX,DENSE_PINN,cuda,1,1,latency_wall_batch1_ms,1,89,0.2007,ms
NOX,DENSE_PINN,cuda,1,1,latency_wall_batch1_ms,1,90,0.1964,ms
NOX,DENSE_PINN,cuda,1,1,latency_wall_batch1_ms,1,91,0.2047,ms
NOX,DENSE_PINN,cuda,1,1,latency_wall_batch1_ms,1,92,0.2032,ms
NOX,DENSE_PINN,cuda,1,1,latency_wall_batch1_ms,1,93,0.2038,ms
NOX,DENSE_PINN,cuda,1,1,latency_wall_batch1_ms,1,94,0.2027,ms
NOX,DENSE_PINN,cuda,1,1,latency_wall_batch1_ms,1,95,0.1835,ms
NOX,DENSE_PINN,cuda,1,1,latency_wall_batch1_ms,1,96,0.1928,ms
NOX,DENSE_PINN,cuda,1,1,latency_wall_batch1_ms,1,97,0.2019,ms
NOX,DENSE_PINN,cuda,1,1,latency_wall_batch1_ms,1,98,0.1783,ms
NOX,DENSE_PINN,cuda,1,1,latency_wall_batch1_ms,1,99,0.1833,ms
NOX,DENSE_PINN,cuda,1,1,latency_wall_batch1_ms,1,100,0.193,ms
NOX,DENSE_PINN,cuda,1,1,latency_wall_batch1_ms,1,101,0.2093,ms
NOX,DENSE_PINN,cuda,1,1,latency_wall_batch1_ms,1,102,0.2021,ms
NOX,DENSE_PINN,cuda,1,1,latency_wall_batch1_ms,1,103,0.2005,ms
NOX,DENSE_PINN,cuda,1,1,latency_wall_batch1_ms,1,104,0.1861,ms
NOX,DENSE_PINN,cuda,1,1,latency_wall_batch1_ms,1,105,0.2037,ms
NOX,DENSE_PINN,cuda,1,1,latency_wall_batch1_ms,1,106,0.2006,ms
NOX,DENSE_PINN,cuda,1,1,latency_wall_batch1_ms,1,107,0.1985,ms
NOX,DENSE_PINN,cuda,1,1,latency_wall_batch1_ms,1,108,0.2014,ms
NOX,DENSE_PINN,cuda,1,1,latency_wall_batch1_ms,1,109,0.1598,ms
NOX,DENSE_PINN,cuda,1,1,latency_wall_batch1_ms,1,110,0.2007,ms
NOX,DENSE_PINN,cuda,1,1,latency_wall_batch1_ms,1,111,0.2077,ms
NOX,DENSE_PINN,cuda,1,1,latency_wall_batch1_ms,1,112,0.2015,ms
NOX,DENSE_PINN,cuda,1,1,latency_wall_batch1_ms,1,113,0.2011,ms
NOX,DENSE_PINN,cuda,1,1,latency_wall_batch1_ms,1,114,0.1911,ms
NOX,DENSE_PINN,cuda,1,1,latency_wall_batch1_ms,1,115,0.2023,ms
NOX,DENSE_PINN,cuda,1,1,latency_wall_batch1_ms,1,116,0.1891,ms
NOX,DENSE_PINN,cuda,1,1,latency_wall_batch1_ms,1,117,0.2004,ms
NOX,DENSE_PINN,cuda,1,1,latency_wall_batch1_ms,1,118,0.1934,ms
NOX,DENSE_PINN,cuda,1,1,latency_wall_batch1_ms,1,119,0.185,ms
NOX,DENSE_PINN,cuda,1,1,latency_wall_batch1_ms,1,120,0.1818,ms
NOX,DENSE_PINN,cuda,1,1,latency_wall_batch1_ms,1,121,0.2021,ms
NOX,DENSE_PINN,cuda,1,1,latency_wall_batch1_ms,1,122,0.2011,ms
NOX,DENSE_PINN,cuda,1,1,latency_wall_batch1_ms,1,123,0.1998,ms
NOX,DENSE_PINN,cuda,1,1,latency_wall_batch1_ms,1,124,0.2887,ms
NOX,DENSE_PINN,cuda,1,1,latency_wall_batch1_ms,1,125,0.2045,ms
NOX,DENSE_PINN,cuda,1,1,latency_wall_batch1_ms,1,126,0.2172,ms
NOX,DENSE_PINN,cuda,1,1,latency_wall_batch1_ms,1,127,0.1897,ms
NOX,DENSE_PINN,cuda,1,1,latency_wall_batch1_ms,1,128,0.2144,ms
NOX,DENSE_PINN,cuda,1,1,latency_wall_batch1_ms,1,129,0.1797,ms
NOX,DENSE_PINN,cuda,1,1,latency_wall_batch1_ms,1,130,0.1841,ms
NOX,DENSE_PINN,cuda,1,1,latency_wall_batch1_ms,1,131,0.1951,ms
NOX,DENSE_PINN,cuda,1,1,latency_wall_batch1_ms,1,132,0.1982,ms
NOX,DENSE_PINN,cuda,1,1,latency_wall_batch1_ms,1,133,0.1803,ms
NOX,DENSE_PINN,cuda,1,1,latency_wall_batch1_ms,1,134,0.1938,ms
NOX,DENSE_PINN,cuda,1,1,latency_wall_batch1_ms,1,135,0.1955,ms
NOX,DENSE_PINN,cuda,1,1,latency_wall_batch1_ms,1,136,0.2014,ms
NOX,DENSE_PINN,cuda,1,1,latency_wall_batch1_ms,1,137,0.2008,ms
NOX,DENSE_PINN,cuda,1,1,latency_wall_batch1_ms,1,138,0.1903,ms
NOX,DENSE_PINN,cuda,1,1,latency_wall_batch1_ms,1,139,0.2013,ms
NOX,DENSE_PINN,cuda,1,1,latency_wall_batch1_ms,1,140,0.2019,ms
NOX,DENSE_PINN,cuda,1,1,latency_wall_batch1_ms,1,141,0.1978,ms
NOX,DENSE_PINN,cuda,1,1,latency_wall_batch1_ms,1,142,0.2037,ms
NOX,DENSE_PINN,cuda,1,1,latency_wall_batch1_ms,1,143,0.2013,ms
NOX,DENSE_PINN,cuda,1,1,latency_wall_batch1_ms,1,144,0.2026,ms
NOX,DENSE_PINN,cuda,1,1,latency_wall_batch1_ms,1,145,0.1867,ms
NOX,DENSE_PINN,cuda,1,1,latency_wall_batch1_ms,1,146,0.1878,ms
NOX,DENSE_PINN,cuda,1,1,latency_wall_batch1_ms,1,147,0.2049,ms
NOX,DENSE_PINN,cuda,1,1,latency_wall_batch1_ms,1,148,0.2006,ms
NOX,DENSE_PINN,cuda,1,1,latency_wall_batch1_ms,1,149,0.2009,ms
NOX,DENSE_PINN,cuda,1,1,latency_wall_batch1_ms,1,150,0.2182,ms
NOX,DENSE_PINN,cuda,1,1,latency_wall_batch1_ms,1,151,0.188,ms
NOX,DENSE_PINN,cuda,1,1,latency_wall_batch1_ms,1,152,0.2026,ms
NOX,DENSE_PINN,cuda,1,1,latency_wall_batch1_ms,1,153,0.2028,ms
NOX,DENSE_PINN,cuda,1,1,latency_wall_batch1_ms,1,154,0.1975,ms
NOX,DENSE_PINN,cuda,1,1,latency_wall_batch1_ms,1,155,0.199,ms
NOX,DENSE_PINN,cuda,1,1,latency_wall_batch1_ms,1,156,0.2065,ms
NOX,DENSE_PINN,cuda,1,1,latency_wall_batch1_ms,1,157,0.2022,ms
NOX,DENSE_PINN,cuda,1,1,latency_wall_batch1_ms,1,158,0.2012,ms
NOX,DENSE_PINN,cuda,1,1,latency_wall_batch1_ms,1,159,0.2015,ms
NOX,DENSE_PINN,cuda,1,1,latency_wall_batch1_ms,1,160,0.201,ms
NOX,DENSE_PINN,cuda,1,1,latency_wall_batch1_ms,1,161,0.2012,ms
NOX,DENSE_PINN,cuda,1,1,latency_wall_batch1_ms,1,162,0.1923,ms
NOX,DENSE_PINN,cuda,1,1,latency_wall_batch1_ms,1,163,0.2003,ms
NOX,DENSE_PINN,cuda,1,1,latency_wall_batch1_ms,1,164,0.2082,ms
NOX,DENSE_PINN,cuda,1,1,latency_wall_batch1_ms,1,165,0.2088,ms
NOX,DENSE_PINN,cuda,1,1,latency_wall_batch1_ms,1,166,0.2045,ms
NOX,DENSE_PINN,cuda,1,1,latency_wall_batch1_ms,1,167,0.2018,ms
NOX,DENSE_PINN,cuda,1,1,latency_wall_batch1_ms,1,168,0.201,ms
NOX,DENSE_PINN,cuda,1,1,latency_wall_batch1_ms,1,169,0.2015,ms
NOX,DENSE_PINN,cuda,1,1,latency_wall_batch1_ms,1,170,0.2025,ms
NOX,DENSE_PINN,cuda,1,1,latency_wall_batch1_ms,1,171,0.1893,ms
NOX,DENSE_PINN,cuda,1,1,latency_wall_batch1_ms,1,172,0.1917,ms
NOX,DENSE_PINN,cuda,1,1,latency_wall_batch1_ms,1,173,0.1926,ms
NOX,DENSE_PINN,cuda,1,1,latency_wall_batch1_ms,1,174,0.2018,ms
NOX,DENSE_PINN,cuda,1,1,latency_wall_batch1_ms,1,175,0.2034,ms
NOX,DENSE_PINN,cuda,1,1,latency_wall_batch1_ms,1,176,0.201,ms
NOX,DENSE_PINN,cuda,1,1,latency_wall_batch1_ms,1,177,0.2002,ms
NOX,DENSE_PINN,cuda,1,1,latency_wall_batch1_ms,1,178,0.2015,ms
NOX,DENSE_PINN,cuda,1,1,latency_wall_batch1_ms,1,179,0.2017,ms
NOX,DENSE_PINN,cuda,1,1,latency_wall_batch1_ms,1,180,0.2007,ms
NOX,DENSE_PINN,cuda,1,1,latency_wall_batch1_ms,1,181,0.2014,ms
NOX,DENSE_PINN,cuda,1,1,latency_wall_batch1_ms,1,182,0.2024,ms
NOX,DENSE_PINN,cuda,1,1,latency_wall_batch1_ms,1,183,0.2013,ms
NOX,DENSE_PINN,cuda,1,1,latency_wall_batch1_ms,1,184,0.2048,ms
NOX,DENSE_PINN,cuda,1,1,latency_wall_batch1_ms,1,185,0.2025,ms
NOX,DENSE_PINN,cuda,1,1,latency_wall_batch1_ms,1,186,0.2027,ms
NOX,DENSE_PINN,cuda,1,1,latency_wall_batch1_ms,1,187,0.2028,ms
NOX,DENSE_PINN,cuda,1,1,latency_wall_batch1_ms,1,188,0.1879,ms
NOX,DENSE_PINN,cuda,1,1,latency_wall_batch1_ms,1,189,0.2017,ms
NOX,DENSE_PINN,cuda,1,1,latency_wall_batch1_ms,1,190,0.1944,ms
NOX,DENSE_PINN,cuda,1,1,latency_wall_batch1_ms,1,191,0.2007,ms
NOX,DENSE_PINN,cuda,1,1,latency_wall_batch1_ms,1,192,0.2067,ms
NOX,DENSE_PINN,cuda,1,1,latency_wall_batch1_ms,1,193,0.2019,ms
NOX,DENSE_PINN,cuda,1,1,latency_wall_batch1_ms,1,194,0.1829,ms
NOX,DENSE_PINN,cuda,1,1,latency_wall_batch1_ms,1,195,0.1765,ms
NOX,DENSE_PINN,cuda,1,1,latency_wall_batch1_ms,1,196,0.1878,ms
NOX,DENSE_PINN,cuda,1,1,latency_wall_batch1_ms,1,197,0.1984,ms
NOX,DENSE_PINN,cuda,1,1,latency_wall_batch1_ms,1,198,0.1935,ms
NOX,DENSE_PINN,cuda,1,1,latency_wall_batch1_ms,1,199,0.2017,ms
NOX,DENSE_PINN,cuda,1,1,latency_wall_batch1_ms,1,200,0.1916,ms
NOX,DENSE_PINN,cuda,1,1,latency_wall_batch1_ms,1,201,0.2072,ms
NOX,DENSE_PINN,cuda,1,1,latency_wall_batch1_ms,1,202,0.2024,ms
NOX,DENSE_PINN,cuda,1,1,latency_wall_batch1_ms,1,203,0.1981,ms
NOX,DENSE_PINN,cuda,1,1,latency_wall_batch1_ms,1,204,0.1996,ms
NOX,DENSE_PINN,cuda,1,1,latency_wall_batch1_ms,1,205,0.2006,ms
NOX,DENSE_PINN,cuda,1,1,latency_wall_batch1_ms,1,206,0.2011,ms
NOX,DENSE_PINN,cuda,1,1,latency_wall_batch1_ms,1,207,0.202,ms
NOX,DENSE_PINN,cuda,1,1,latency_wall_batch1_ms,1,208,0.1867,ms
NOX,DENSE_PINN,cuda,1,1,latency_wall_batch1_ms,1,209,0.2035,ms
NOX,DENSE_PINN,cuda,1,1,latency_wall_batch1_ms,1,210,0.2004,ms
NOX,DENSE_PINN,cuda,1,1,latency_wall_batch1_ms,1,211,0.2143,ms
NOX,DENSE_PINN,cuda,1,1,latency_wall_batch1_ms,1,212,0.203,ms
NOX,DENSE_PINN,cuda,1,1,latency_wall_batch1_ms,1,213,0.203,ms
NOX,DENSE_PINN,cuda,1,1,latency_wall_batch1_ms,1,214,0.1944,ms
NOX,DENSE_PINN,cuda,1,1,latency_wall_batch1_ms,1,215,0.1914,ms
NOX,DENSE_PINN,cuda,1,1,latency_wall_batch1_ms,1,216,0.205,ms
NOX,DENSE_PINN,cuda,1,1,latency_wall_batch1_ms,1,217,0.2026,ms
NOX,DENSE_PINN,cuda,1,1,latency_wall_batch1_ms,1,218,0.1829,ms
NOX,DENSE_PINN,cuda,1,1,latency_wall_batch1_ms,1,219,0.2021,ms
NOX,DENSE_PINN,cuda,1,1,latency_wall_batch1_ms,1,220,0.2001,ms
NOX,DENSE_PINN,cuda,1,1,latency_wall_batch1_ms,1,221,0.1948,ms
NOX,DENSE_PINN,cuda,1,1,latency_wall_batch1_ms,1,222,0.1752,ms
NOX,DENSE_PINN,cuda,1,1,latency_wall_batch1_ms,1,223,0.1963,ms
NOX,DENSE_PINN,cuda,1,1,latency_wall_batch1_ms,1,224,0.1902,ms
NOX,DENSE_PINN,cuda,1,1,latency_wall_batch1_ms,1,225,0.178,ms
NOX,DENSE_PINN,cuda,1,1,latency_wall_batch1_ms,1,226,0.1792,ms
NOX,DENSE_PINN,cuda,1,1,latency_wall_batch1_ms,1,227,0.1882,ms
NOX,DENSE_PINN,cuda,1,1,latency_wall_batch1_ms,1,228,0.2178,ms
NOX,DENSE_PINN,cuda,1,1,latency_wall_batch1_ms,1,229,0.2026,ms
NOX,DENSE_PINN,cuda,1,1,latency_wall_batch1_ms,1,230,0.1928,ms
NOX,DENSE_PINN,cuda,1,1,latency_wall_batch1_ms,1,231,0.1944,ms
NOX,DENSE_PINN,cuda,1,1,latency_wall_batch1_ms,1,232,0.2022,ms
NOX,DENSE_PINN,cuda,1,1,latency_wall_batch1_ms,1,233,0.2066,ms
NOX,DENSE_PINN,cuda,1,1,latency_wall_batch1_ms,1,234,0.327,ms
NOX,DENSE_PINN,cuda,1,1,latency_wall_batch1_ms,1,235,0.2079,ms
NOX,DENSE_PINN,cuda,1,1,latency_wall_batch1_ms,1,236,0.1985,ms
NOX,DENSE_PINN,cuda,1,1,latency_wall_batch1_ms,1,237,0.1858,ms
NOX,DENSE_PINN,cuda,1,1,latency_wall_batch1_ms,1,238,0.1853,ms
NOX,DENSE_PINN,cuda,1,1,latency_wall_batch1_ms,1,239,0.3057,ms
NOX,DENSE_PINN,cuda,1,1,latency_wall_batch1_ms,1,240,0.2321,ms
NOX,DENSE_PINN,cuda,1,1,latency_wall_batch1_ms,1,241,0.2075,ms
NOX,DENSE_PINN,cuda,1,1,latency_wall_batch1_ms,1,242,0.2041,ms
NOX,DENSE_PINN,cuda,1,1,latency_wall_batch1_ms,1,243,0.2069,ms
NOX,DENSE_PINN,cuda,1,1,latency_wall_batch1_ms,1,244,0.2034,ms
NOX,DENSE_PINN,cuda,1,1,latency_wall_batch1_ms,1,245,0.2021,ms
NOX,DENSE_PINN,cuda,1,1,latency_wall_batch1_ms,1,246,0.1989,ms
NOX,DENSE_PINN,cuda,1,1,latency_wall_batch1_ms,1,247,0.1992,ms
NOX,DENSE_PINN,cuda,1,1,latency_wall_batch1_ms,1,248,0.2033,ms
NOX,DENSE_PINN,cuda,1,1,latency_wall_batch1_ms,1,249,0.1995,ms
NOX,DENSE_PINN,cuda,1,1,latency_wall_batch1_ms,1,250,0.2007,ms
NOX,DENSE_PINN,cuda,1,1,latency_wall_batch1_ms,1,251,0.2004,ms
NOX,DENSE_PINN,cuda,1,1,latency_wall_batch1_ms,1,252,0.1992,ms
NOX,DENSE_PINN,cuda,1,1,latency_wall_batch1_ms,1,253,0.2062,ms
NOX,DENSE_PINN,cuda,1,1,latency_wall_batch1_ms,1,254,0.2009,ms
NOX,DENSE_PINN,cuda,1,1,latency_wall_batch1_ms,1,255,0.2007,ms
NOX,DENSE_PINN,cuda,1,1,latency_wall_batch1_ms,1,256,0.199,ms
NOX,DENSE_PINN,cuda,1,1,latency_wall_batch1_ms,1,257,0.1988,ms
NOX,DENSE_PINN,cuda,1,1,latency_wall_batch1_ms,1,258,0.204,ms
NOX,DENSE_PINN,cuda,1,1,latency_wall_batch1_ms,1,259,0.1963,ms
NOX,DENSE_PINN,cuda,1,1,latency_wall_batch1_ms,1,260,0.2121,ms
NOX,DENSE_PINN,cuda,1,1,latency_wall_batch1_ms,1,261,0.2067,ms
NOX,DENSE_PINN,cuda,1,1,latency_wall_batch1_ms,1,262,0.1937,ms
NOX,DENSE_PINN,cuda,1,1,latency_wall_batch1_ms,1,263,0.2015,ms
NOX,DENSE_PINN,cuda,1,1,latency_wall_batch1_ms,1,264,0.2001,ms
NOX,DENSE_PINN,cuda,1,1,latency_wall_batch1_ms,1,265,0.2034,ms
NOX,DENSE_PINN,cuda,1,1,latency_wall_batch1_ms,1,266,0.2046,ms
NOX,DENSE_PINN,cuda,1,1,latency_wall_batch1_ms,1,267,0.1992,ms
NOX,DENSE_PINN,cuda,1,1,latency_wall_batch1_ms,1,268,0.2086,ms
NOX,DENSE_PINN,cuda,1,1,latency_wall_batch1_ms,1,269,0.1681,ms
NOX,DENSE_PINN,cuda,1,1,latency_wall_batch1_ms,1,270,0.173,ms
NOX,DENSE_PINN,cuda,1,1,latency_wall_batch1_ms,1,271,0.1972,ms
NOX,DENSE_PINN,cuda,1,1,latency_wall_batch1_ms,1,272,0.2005,ms
NOX,DENSE_PINN,cuda,1,1,latency_wall_batch1_ms,1,273,0.2049,ms
NOX,DENSE_PINN,cuda,1,1,latency_wall_batch1_ms,1,274,0.1995,ms
NOX,DENSE_PINN,cuda,1,1,latency_wall_batch1_ms,1,275,0.2004,ms
NOX,DENSE_PINN,cuda,1,1,latency_wall_batch1_ms,1,276,0.1982,ms
NOX,DENSE_PINN,cuda,1,1,latency_wall_batch1_ms,1,277,0.2003,ms
NOX,DENSE_PINN,cuda,1,1,latency_wall_batch1_ms,1,278,0.1881,ms
NOX,DENSE_PINN,cuda,1,1,latency_wall_batch1_ms,1,279,0.1993,ms
NOX,DENSE_PINN,cuda,1,1,latency_wall_batch1_ms,1,280,0.199,ms
NOX,DENSE_PINN,cuda,1,1,latency_wall_batch1_ms,1,281,0.1994,ms
NOX,DENSE_PINN,cuda,1,1,latency_wall_batch1_ms,1,282,0.1986,ms
NOX,DENSE_PINN,cuda,1,1,latency_wall_batch1_ms,1,283,0.204,ms
NOX,DENSE_PINN,cuda,1,1,latency_wall_batch1_ms,1,284,0.1994,ms
NOX,DENSE_PINN,cuda,1,1,latency_wall_batch1_ms,1,285,0.1995,ms
NOX,DENSE_PINN,cuda,1,1,latency_wall_batch1_ms,1,286,0.1996,ms
NOX,DENSE_PINN,cuda,1,1,latency_wall_batch1_ms,1,287,0.1997,ms
NOX,DENSE_PINN,cuda,1,1,latency_wall_batch1_ms,1,288,0.2038,ms
NOX,DENSE_PINN,cuda,1,1,latency_wall_batch1_ms,1,289,0.1995,ms
NOX,DENSE_PINN,cuda,1,1,latency_wall_batch1_ms,1,290,0.1991,ms
NOX,DENSE_PINN,cuda,1,1,latency_wall_batch1_ms,1,291,0.1984,ms
NOX,DENSE_PINN,cuda,1,1,latency_wall_batch1_ms,1,292,0.1988,ms
NOX,DENSE_PINN,cuda,1,1,latency_wall_batch1_ms,1,293,0.2033,ms
NOX,DENSE_PINN,cuda,1,1,latency_wall_batch1_ms,1,294,0.1989,ms
NOX,DENSE_PINN,cuda,1,1,latency_wall_batch1_ms,1,295,0.1977,ms
NOX,DENSE_PINN,cuda,1,1,latency_wall_batch1_ms,1,296,0.1972,ms
NOX,DENSE_PINN,cuda,1,1,latency_wall_batch1_ms,1,297,0.1976,ms
NOX,DENSE_PINN,cuda,1,1,latency_wall_batch1_ms,1,298,0.2049,ms
NOX,DENSE_PINN,cuda,1,1,latency_wall_batch1_ms,1,299,0.1969,ms
NOX,DENSE_PINN,cuda,1,1,latency_wall_batch1_ms,1,300,0.1984,ms
NOX,DENSE_PINN,cuda,1,1,latency_wall_batch1_ms,1,301,0.1973,ms
NOX,DENSE_PINN,cuda,1,1,latency_wall_batch1_ms,1,302,0.2006,ms
NOX,DENSE_PINN,cuda,1,1,latency_wall_batch1_ms,1,303,0.1987,ms
NOX,DENSE_PINN,cuda,1,1,latency_wall_batch1_ms,1,304,0.1985,ms
NOX,DENSE_PINN,cuda,1,1,latency_wall_batch1_ms,1,305,0.2446,ms
NOX,DENSE_PINN,cuda,1,1,latency_wall_batch1_ms,1,306,0.1997,ms
NOX,DENSE_PINN,cuda,1,1,latency_wall_batch1_ms,1,307,0.1993,ms
NOX,DENSE_PINN,cuda,1,1,latency_wall_batch1_ms,1,308,0.1987,ms
NOX,DENSE_PINN,cuda,1,1,latency_wall_batch1_ms,1,309,0.1992,ms
NOX,DENSE_PINN,cuda,1,1,latency_wall_batch1_ms,1,310,0.2813,ms
NOX,DENSE_PINN,cuda,1,1,latency_wall_batch1_ms,1,311,0.1838,ms
NOX,DENSE_PINN,cuda,1,1,latency_wall_batch1_ms,1,312,0.177,ms
NOX,DENSE_PINN,cuda,1,1,latency_wall_batch1_ms,1,313,0.1819,ms
NOX,DENSE_PINN,cuda,1,1,latency_wall_batch1_ms,1,314,0.2051,ms
NOX,DENSE_PINN,cuda,1,1,latency_wall_batch1_ms,1,315,0.1973,ms
NOX,DENSE_PINN,cuda,1,1,latency_wall_batch1_ms,1,316,0.1931,ms
NOX,DENSE_PINN,cuda,1,1,latency_wall_batch1_ms,1,317,0.2024,ms
NOX,DENSE_PINN,cuda,1,1,latency_wall_batch1_ms,1,318,0.1861,ms
NOX,DENSE_PINN,cuda,1,1,latency_wall_batch1_ms,1,319,0.1938,ms
NOX,DENSE_PINN,cuda,1,1,latency_wall_batch1_ms,1,320,0.2036,ms
NOX,DENSE_PINN,cuda,1,1,latency_wall_batch1_ms,1,321,0.2098,ms
NOX,DENSE_PINN,cuda,1,1,latency_wall_batch1_ms,1,322,0.195,ms
NOX,DENSE_PINN,cuda,1,1,latency_wall_batch1_ms,1,323,0.2234,ms
NOX,DENSE_PINN,cuda,1,1,latency_wall_batch1_ms,1,324,0.1862,ms
NOX,DENSE_PINN,cuda,1,1,latency_wall_batch1_ms,1,325,0.2019,ms
NOX,DENSE_PINN,cuda,1,1,latency_wall_batch1_ms,1,326,0.1831,ms
NOX,DENSE_PINN,cuda,1,1,latency_wall_batch1_ms,1,327,0.2007,ms
NOX,DENSE_PINN,cuda,1,1,latency_wall_batch1_ms,1,328,0.2174,ms
NOX,DENSE_PINN,cuda,1,1,latency_wall_batch1_ms,1,329,0.2203,ms
NOX,DENSE_PINN,cuda,1,1,latency_wall_batch1_ms,1,330,0.2054,ms
NOX,DENSE_PINN,cuda,1,1,latency_wall_batch1_ms,1,331,0.1901,ms
NOX,DENSE_PINN,cuda,1,1,latency_wall_batch1_ms,1,332,0.1928,ms
NOX,DENSE_PINN,cuda,1,1,latency_wall_batch1_ms,1,333,0.2218,ms
NOX,DENSE_PINN,cuda,1,1,latency_wall_batch1_ms,1,334,0.2018,ms
NOX,DENSE_PINN,cuda,1,1,latency_wall_batch1_ms,1,335,0.205,ms
NOX,DENSE_PINN,cuda,1,1,latency_wall_batch1_ms,1,336,0.2048,ms
NOX,DENSE_PINN,cuda,1,1,latency_wall_batch1_ms,1,337,0.1949,ms
NOX,DENSE_PINN,cuda,1,1,latency_wall_batch1_ms,1,338,0.2096,ms
NOX,DENSE_PINN,cuda,1,1,latency_wall_batch1_ms,1,339,0.203,ms
NOX,DENSE_PINN,cuda,1,1,latency_wall_batch1_ms,1,340,0.2029,ms
NOX,DENSE_PINN,cuda,1,1,latency_wall_batch1_ms,1,341,0.1886,ms
NOX,DENSE_PINN,cuda,1,1,latency_wall_batch1_ms,1,342,0.2037,ms
NOX,DENSE_PINN,cuda,1,1,latency_wall_batch1_ms,1,343,0.1837,ms
NOX,DENSE_PINN,cuda,1,1,latency_wall_batch1_ms,1,344,0.2028,ms
NOX,DENSE_PINN,cuda,1,1,latency_wall_batch1_ms,1,345,0.2027,ms
NOX,DENSE_PINN,cuda,1,1,latency_wall_batch1_ms,1,346,0.2053,ms
NOX,DENSE_PINN,cuda,1,1,latency_wall_batch1_ms,1,347,0.1643,ms
NOX,DENSE_PINN,cuda,1,1,latency_wall_batch1_ms,1,348,0.2061,ms
NOX,DENSE_PINN,cuda,1,1,latency_wall_batch1_ms,1,349,0.2027,ms
NOX,DENSE_PINN,cuda,1,1,latency_wall_batch1_ms,1,350,0.2019,ms
NOX,DENSE_PINN,cuda,1,1,latency_wall_batch1_ms,1,351,0.202,ms
NOX,DENSE_PINN,cuda,1,1,latency_wall_batch1_ms,1,352,0.2023,ms
NOX,DENSE_PINN,cuda,1,1,latency_wall_batch1_ms,1,353,0.2017,ms
NOX,DENSE_PINN,cuda,1,1,latency_wall_batch1_ms,1,354,0.2029,ms
NOX,DENSE_PINN,cuda,1,1,latency_wall_batch1_ms,1,355,0.2115,ms
NOX,DENSE_PINN,cuda,1,1,latency_wall_batch1_ms,1,356,0.2026,ms
NOX,DENSE_PINN,cuda,1,1,latency_wall_batch1_ms,1,357,0.2012,ms
NOX,DENSE_PINN,cuda,1,1,latency_wall_batch1_ms,1,358,0.2021,ms
NOX,DENSE_PINN,cuda,1,1,latency_wall_batch1_ms,1,359,0.1907,ms
NOX,DENSE_PINN,cuda,1,1,latency_wall_batch1_ms,1,360,0.1857,ms
NOX,DENSE_PINN,cuda,1,1,latency_wall_batch1_ms,1,361,0.2028,ms
NOX,DENSE_PINN,cuda,1,1,latency_wall_batch1_ms,1,362,0.1975,ms
NOX,DENSE_PINN,cuda,1,1,latency_wall_batch1_ms,1,363,0.2208,ms
NOX,DENSE_PINN,cuda,1,1,latency_wall_batch1_ms,1,364,0.2041,ms
NOX,DENSE_PINN,cuda,1,1,latency_wall_batch1_ms,1,365,0.2043,ms
NOX,DENSE_PINN,cuda,1,1,latency_wall_batch1_ms,1,366,0.184,ms
NOX,DENSE_PINN,cuda,1,1,latency_wall_batch1_ms,1,367,0.1934,ms
NOX,DENSE_PINN,cuda,1,1,latency_wall_batch1_ms,1,368,0.2036,ms
NOX,DENSE_PINN,cuda,1,1,latency_wall_batch1_ms,1,369,0.2008,ms
NOX,DENSE_PINN,cuda,1,1,latency_wall_batch1_ms,1,370,0.2013,ms
NOX,DENSE_PINN,cuda,1,1,latency_wall_batch1_ms,1,371,0.2026,ms
NOX,DENSE_PINN,cuda,1,1,latency_wall_batch1_ms,1,372,0.1917,ms
NOX,DENSE_PINN,cuda,1,1,latency_wall_batch1_ms,1,373,0.2025,ms
NOX,DENSE_PINN,cuda,1,1,latency_wall_batch1_ms,1,374,0.2022,ms
NOX,DENSE_PINN,cuda,1,1,latency_wall_batch1_ms,1,375,0.2034,ms
NOX,DENSE_PINN,cuda,1,1,latency_wall_batch1_ms,1,376,0.2,ms
NOX,DENSE_PINN,cuda,1,1,latency_wall_batch1_ms,1,377,0.1888,ms
NOX,DENSE_PINN,cuda,1,1,latency_wall_batch1_ms,1,378,0.2126,ms
NOX,DENSE_PINN,cuda,1,1,latency_wall_batch1_ms,1,379,0.1978,ms
NOX,DENSE_PINN,cuda,1,1,latency_wall_batch1_ms,1,380,0.2074,ms
NOX,DENSE_PINN,cuda,1,1,latency_wall_batch1_ms,1,381,0.2017,ms
NOX,DENSE_PINN,cuda,1,1,latency_wall_batch1_ms,1,382,0.2024,ms
NOX,DENSE_PINN,cuda,1,1,latency_wall_batch1_ms,1,383,0.3634,ms
NOX,DENSE_PINN,cuda,1,1,latency_wall_batch1_ms,1,384,0.4133,ms
NOX,DENSE_PINN,cuda,1,1,latency_wall_batch1_ms,1,385,0.4178,ms
NOX,DENSE_PINN,cuda,1,1,latency_wall_batch1_ms,1,386,0.4001,ms
NOX,DENSE_PINN,cuda,1,1,latency_wall_batch1_ms,1,387,0.4021,ms
NOX,DENSE_PINN,cuda,1,1,latency_wall_batch1_ms,1,388,0.3971,ms
NOX,DENSE_PINN,cuda,1,1,latency_wall_batch1_ms,1,389,0.3868,ms
NOX,DENSE_PINN,cuda,1,1,latency_wall_batch1_ms,1,390,0.3899,ms
NOX,DENSE_PINN,cuda,1,1,latency_wall_batch1_ms,1,391,0.4157,ms
NOX,DENSE_PINN,cuda,1,1,latency_wall_batch1_ms,1,392,0.4343,ms
NOX,DENSE_PINN,cuda,1,1,latency_wall_batch1_ms,1,393,0.313,ms
NOX,DENSE_PINN,cuda,1,1,latency_wall_batch1_ms,1,394,0.2164,ms
NOX,DENSE_PINN,cuda,1,1,latency_wall_batch1_ms,1,395,0.2133,ms
NOX,DENSE_PINN,cuda,1,1,latency_wall_batch1_ms,1,396,0.2191,ms
NOX,DENSE_PINN,cuda,1,1,latency_wall_batch1_ms,1,397,0.2053,ms
NOX,DENSE_PINN,cuda,1,1,latency_wall_batch1_ms,1,398,0.2079,ms
NOX,DENSE_PINN,cuda,1,1,latency_wall_batch1_ms,1,399,0.2068,ms
NOX,DENSE_PINN,cuda,1,1,throughput_rows_s,1,0,4938.271604938272,rows/s
NOX,DENSE_PINN,cuda,1,1,throughput_rows_s,1,1,5012.5313283208025,rows/s
NOX,DENSE_PINN,cuda,1,1,throughput_rows_s,1,2,4868.54917234664,rows/s
NOX,DENSE_PINN,cuda,1,1,throughput_rows_s,1,3,4926.108374384236,rows/s
NOX,DENSE_PINN,cuda,1,1,throughput_rows_s,1,4,4982.5610363726955,rows/s
NOX,DENSE_PINN,cuda,1,1,throughput_rows_s,1,5,4906.771344455348,rows/s
NOX,DENSE_PINN,cuda,1,1,throughput_rows_s,1,6,4873.294346978558,rows/s
NOX,DENSE_PINN,cuda,1,1,throughput_rows_s,1,7,4849.660523763337,rows/s
NOX,DENSE_PINN,cuda,1,1,throughput_rows_s,1,8,4655.493482309125,rows/s
NOX,DENSE_PINN,cuda,1,1,throughput_rows_s,1,9,4885.197850512946,rows/s
NOX,DENSE_PINN,cuda,1,1,throughput_rows_s,1,10,4921.259842519686,rows/s
NOX,DENSE_PINN,cuda,1,1,throughput_rows_s,1,11,5282.620179609086,rows/s
NOX,DENSE_PINN,cuda,1,1,throughput_rows_s,1,12,5291.005291005291,rows/s
NOX,DENSE_PINN,cuda,1,1,throughput_rows_s,1,13,4948.045522018802,rows/s
NOX,DENSE_PINN,cuda,1,1,throughput_rows_s,1,14,4948.045522018802,rows/s
NOX,DENSE_PINN,cuda,1,1,throughput_rows_s,1,15,5265.92943654555,rows/s
NOX,DENSE_PINN,cuda,1,1,throughput_rows_s,1,16,4965.24329692155,rows/s
NOX,DENSE_PINN,cuda,1,1,throughput_rows_s,1,17,5574.136008918617,rows/s
NOX,DENSE_PINN,cuda,1,1,throughput_rows_s,1,18,4885.197850512946,rows/s
NOX,DENSE_PINN,cuda,1,1,throughput_rows_s,1,19,4938.271604938272,rows/s
NOX,DENSE_PINN,cuda,1,1,throughput_rows_s,1,20,4914.004914004914,rows/s
NOX,DENSE_PINN,cuda,1,1,throughput_rows_s,1,21,4965.24329692155,rows/s
NOX,DENSE_PINN,cuda,1,1,throughput_rows_s,1,22,4943.153732081068,rows/s
NOX,DENSE_PINN,cuda,1,1,throughput_rows_s,1,23,4904.364884747425,rows/s
NOX,DENSE_PINN,cuda,1,1,throughput_rows_s,16,0,72137.0604147881,rows/s
NOX,DENSE_PINN,cuda,1,1,throughput_rows_s,16,1,77369.43907156673,rows/s
NOX,DENSE_PINN,cuda,1,1,throughput_rows_s,16,2,78392.94463498285,rows/s
NOX,DENSE_PINN,cuda,1,1,throughput_rows_s,16,3,78048.78048780488,rows/s
NOX,DENSE_PINN,cuda,1,1,throughput_rows_s,16,4,75400.56550424128,rows/s
NOX,DENSE_PINN,cuda,1,1,throughput_rows_s,16,5,71237.75601068567,rows/s
NOX,DENSE_PINN,cuda,1,1,throughput_rows_s,16,6,77745.38386783285,rows/s
NOX,DENSE_PINN,cuda,1,1,throughput_rows_s,16,7,78163.16560820714,rows/s
NOX,DENSE_PINN,cuda,1,1,throughput_rows_s,16,8,78125.0,rows/s
NOX,DENSE_PINN,cuda,1,1,throughput_rows_s,16,9,68728.52233676976,rows/s
NOX,DENSE_PINN,cuda,1,1,throughput_rows_s,16,10,52236.36957231472,rows/s
NOX,DENSE_PINN,cuda,1,1,throughput_rows_s,16,11,74349.44237918216,rows/s
NOX,DENSE_PINN,cuda,1,1,throughput_rows_s,16,12,76628.35249042146,rows/s
NOX,DENSE_PINN,cuda,1,1,throughput_rows_s,16,13,76226.77465459742,rows/s
NOX,DENSE_PINN,cuda,1,1,throughput_rows_s,16,14,78469.8381559588,rows/s
NOX,DENSE_PINN,cuda,1,1,throughput_rows_s,16,15,78934.38579181056,rows/s
NOX,DENSE_PINN,cuda,1,1,throughput_rows_s,16,16,78895.46351084813,rows/s
NOX,DENSE_PINN,cuda,1,1,throughput_rows_s,16,17,74731.43390938814,rows/s
NOX,DENSE_PINN,cuda,1,1,throughput_rows_s,16,18,77745.38386783285,rows/s
NOX,DENSE_PINN,cuda,1,1,throughput_rows_s,16,19,77556.95588948134,rows/s
NOX,DENSE_PINN,cuda,1,1,throughput_rows_s,16,20,76960.07696007696,rows/s
NOX,DENSE_PINN,cuda,1,1,throughput_rows_s,16,21,78469.8381559588,rows/s
NOX,DENSE_PINN,cuda,1,1,throughput_rows_s,16,22,79207.92079207921,rows/s
NOX,DENSE_PINN,cuda,1,1,throughput_rows_s,16,23,78662.73352999016,rows/s
NOX,DENSE_PINN,cuda,1,1,throughput_rows_s,64,0,292237.4429223744,rows/s
NOX,DENSE_PINN,cuda,1,1,throughput_rows_s,64,1,299765.8079625293,rows/s
NOX,DENSE_PINN,cuda,1,1,throughput_rows_s,64,2,274207.36932305055,rows/s
NOX,DENSE_PINN,cuda,1,1,throughput_rows_s,64,3,286097.4519445686,rows/s
NOX,DENSE_PINN,cuda,1,1,throughput_rows_s,64,4,320962.888665998,rows/s
NOX,DENSE_PINN,cuda,1,1,throughput_rows_s,64,5,295475.5309325947,rows/s
NOX,DENSE_PINN,cuda,1,1,throughput_rows_s,64,6,273154.07597097737,rows/s
NOX,DENSE_PINN,cuda,1,1,throughput_rows_s,64,7,295202.9520295203,rows/s
NOX,DENSE_PINN,cuda,1,1,throughput_rows_s,64,8,291306.3268092854,rows/s
NOX,DENSE_PINN,cuda,1,1,throughput_rows_s,64,9,301460.1978332549,rows/s
NOX,DENSE_PINN,cuda,1,1,throughput_rows_s,64,10,314805.70585341856,rows/s
NOX,DENSE_PINN,cuda,1,1,throughput_rows_s,64,11,303173.8512553292,rows/s
NOX,DENSE_PINN,cuda,1,1,throughput_rows_s,64,12,298229.26374650514,rows/s
NOX,DENSE_PINN,cuda,1,1,throughput_rows_s,64,13,289986.40688717715,rows/s
NOX,DENSE_PINN,cuda,1,1,throughput_rows_s,64,14,292237.4429223744,rows/s
NOX,DENSE_PINN,cuda,1,1,throughput_rows_s,64,15,294117.64705882355,rows/s
NOX,DENSE_PINN,cuda,1,1,throughput_rows_s,64,16,282810.4286345559,rows/s
NOX,DENSE_PINN,cuda,1,1,throughput_rows_s,64,17,299485.25970987364,rows/s
NOX,DENSE_PINN,cuda,1,1,throughput_rows_s,64,18,312042.9058995612,rows/s
NOX,DENSE_PINN,cuda,1,1,throughput_rows_s,64,19,288288.2882882883,rows/s
NOX,DENSE_PINN,cuda,1,1,throughput_rows_s,64,20,279110.33580462274,rows/s
NOX,DENSE_PINN,cuda,1,1,throughput_rows_s,64,21,284191.8294849023,rows/s
NOX,DENSE_PINN,cuda,1,1,throughput_rows_s,64,22,296983.75870069605,rows/s
NOX,DENSE_PINN,cuda,1,1,throughput_rows_s,64,23,295612.0092378753,rows/s
NOX,DENSE_PINN,cuda,1,1,throughput_rows_s,256,0,1087972.800679983,rows/s
NOX,DENSE_PINN,cuda,1,1,throughput_rows_s,256,1,1190697.6744186047,rows/s
NOX,DENSE_PINN,cuda,1,1,throughput_rows_s,256,2,1109666.2332032942,rows/s
NOX,DENSE_PINN,cuda,1,1,throughput_rows_s,256,3,1004709.5761381475,rows/s
NOX,DENSE_PINN,cuda,1,1,throughput_rows_s,256,4,1135254.9889135254,rows/s
NOX,DENSE_PINN,cuda,1,1,throughput_rows_s,256,5,1098712.4463519312,rows/s
NOX,DENSE_PINN,cuda,1,1,throughput_rows_s,256,6,1179180.10133579,rows/s
NOX,DENSE_PINN,cuda,1,1,throughput_rows_s,256,7,1064891.846921797,rows/s
NOX,DENSE_PINN,cuda,1,1,throughput_rows_s,256,8,1168416.2482884529,rows/s
NOX,DENSE_PINN,cuda,1,1,throughput_rows_s,256,9,1181902.1237303787,rows/s
NOX,DENSE_PINN,cuda,1,1,throughput_rows_s,256,10,1068001.6687526074,rows/s
NOX,DENSE_PINN,cuda,1,1,throughput_rows_s,256,11,1199625.1171508902,rows/s
NOX,DENSE_PINN,cuda,1,1,throughput_rows_s,256,12,1094952.9512403763,rows/s
NOX,DENSE_PINN,cuda,1,1,throughput_rows_s,256,13,1200750.469043152,rows/s
NOX,DENSE_PINN,cuda,1,1,throughput_rows_s,256,14,1141328.5777975924,rows/s
NOX,DENSE_PINN,cuda,1,1,throughput_rows_s,256,15,1075630.2521008404,rows/s
NOX,DENSE_PINN,cuda,1,1,throughput_rows_s,256,16,1160997.732426304,rows/s
NOX,DENSE_PINN,cuda,1,1,throughput_rows_s,256,17,1042769.8574338085,rows/s
NOX,DENSE_PINN,cuda,1,1,throughput_rows_s,256,18,1220209.7235462347,rows/s
NOX,DENSE_PINN,cuda,1,1,throughput_rows_s,256,19,1074727.1200671706,rows/s
NOX,DENSE_PINN,cuda,1,1,throughput_rows_s,256,20,1073375.2620545074,rows/s
NOX,DENSE_PINN,cuda,1,1,throughput_rows_s,256,21,1157323.6889692585,rows/s
NOX,DENSE_PINN,cuda,1,1,throughput_rows_s,256,22,1097299.6142306044,rows/s
NOX,DENSE_PINN,cuda,1,1,throughput_rows_s,256,23,1206409.0480678605,rows/s
NOX,DENSE_PINN,cuda,1,1,throughput_rows_s,1024,0,4807511.737089202,rows/s
NOX,DENSE_PINN,cuda,1,1,throughput_rows_s,1024,1,4712379.199263691,rows/s
NOX,DENSE_PINN,cuda,1,1,throughput_rows_s,1024,2,4899521.531100479,rows/s
NOX,DENSE_PINN,cuda,1,1,throughput_rows_s,1024,3,5313959.522573949,rows/s
NOX,DENSE_PINN,cuda,1,1,throughput_rows_s,1024,4,4949250.845819237,rows/s
NOX,DENSE_PINN,cuda,1,1,throughput_rows_s,1024,5,4767225.325884544,rows/s
NOX,DENSE_PINN,cuda,1,1,throughput_rows_s,1024,6,4968461.911693353,rows/s
NOX,DENSE_PINN,cuda,1,1,throughput_rows_s,1024,7,4731977.818853974,rows/s
NOX,DENSE_PINN,cuda,1,1,throughput_rows_s,1024,8,4816556.914393227,rows/s
NOX,DENSE_PINN,cuda,1,1,throughput_rows_s,1024,9,4758364.312267658,rows/s
NOX,DENSE_PINN,cuda,1,1,throughput_rows_s,1024,10,4839319.470699432,rows/s
NOX,DENSE_PINN,cuda,1,1,throughput_rows_s,1024,11,4908916.586768935,rows/s
NOX,DENSE_PINN,cuda,1,1,throughput_rows_s,1024,12,5358451.072736788,rows/s
NOX,DENSE_PINN,cuda,1,1,throughput_rows_s,1024,13,4869234.427009035,rows/s
NOX,DENSE_PINN,cuda,1,1,throughput_rows_s,1024,14,4667274.384685505,rows/s
NOX,DENSE_PINN,cuda,1,1,throughput_rows_s,1024,15,5046821.094135042,rows/s
NOX,DENSE_PINN,cuda,1,1,throughput_rows_s,1024,16,4654545.454545454,rows/s
NOX,DENSE_PINN,cuda,1,1,throughput_rows_s,1024,17,5012236.906510035,rows/s
NOX,DENSE_PINN,cuda,1,1,throughput_rows_s,1024,18,4862298.195631529,rows/s
NOX,DENSE_PINN,cuda,1,1,throughput_rows_s,1024,19,4701561.06519743,rows/s
NOX,DENSE_PINN,cuda,1,1,throughput_rows_s,1024,20,4923076.923076923,rows/s
NOX,DENSE_PINN,cuda,1,1,throughput_rows_s,1024,21,4887828.162291169,rows/s
NOX,DENSE_PINN,cuda,1,1,throughput_rows_s,1024,22,4864608.076009502,rows/s
NOX,DENSE_PINN,cuda,1,1,throughput_rows_s,1024,23,5253976.398152899,rows/s
NOX,DENSE_PINN,cuda,1,1,throughput_rows_s,4096,0,19248120.30075188,rows/s
NOX,DENSE_PINN,cuda,1,1,throughput_rows_s,4096,1,24009378.663540445,rows/s
NOX,DENSE_PINN,cuda,1,1,throughput_rows_s,4096,2,20866021.39582272,rows/s
NOX,DENSE_PINN,cuda,1,1,throughput_rows_s,4096,3,22370289.45931185,rows/s
NOX,DENSE_PINN,cuda,1,1,throughput_rows_s,4096,4,20676426.047450785,rows/s
NOX,DENSE_PINN,cuda,1,1,throughput_rows_s,4096,5,22140540.540540542,rows/s
NOX,DENSE_PINN,cuda,1,1,throughput_rows_s,4096,6,22236699.23995657,rows/s
NOX,DENSE_PINN,cuda,1,1,throughput_rows_s,4096,7,22200542.005420055,rows/s
NOX,DENSE_PINN,cuda,1,1,throughput_rows_s,4096,8,19797003.383276947,rows/s
NOX,DENSE_PINN,cuda,1,1,throughput_rows_s,4096,9,22419266.557197593,rows/s
NOX,DENSE_PINN,cuda,1,1,throughput_rows_s,4096,10,22443835.61643836,rows/s
NOX,DENSE_PINN,cuda,1,1,throughput_rows_s,4096,11,21124290.87158329,rows/s
NOX,DENSE_PINN,cuda,1,1,throughput_rows_s,4096,12,22468458.584750414,rows/s
NOX,DENSE_PINN,cuda,1,1,throughput_rows_s,4096,13,20866021.39582272,rows/s
NOX,DENSE_PINN,cuda,1,1,throughput_rows_s,4096,14,20707785.64206269,rows/s
NOX,DENSE_PINN,cuda,1,1,throughput_rows_s,4096,15,19024616.81374826,rows/s
NOX,DENSE_PINN,cuda,1,1,throughput_rows_s,4096,16,20019550.342130985,rows/s
NOX,DENSE_PINN,cuda,1,1,throughput_rows_s,4096,17,21938939.475093734,rows/s
NOX,DENSE_PINN,cuda,1,1,throughput_rows_s,4096,18,19006960.556844547,rows/s
NOX,DENSE_PINN,cuda,1,1,throughput_rows_s,4096,19,20247157.686604053,rows/s
NOX,DENSE_PINN,cuda,1,1,throughput_rows_s,4096,20,20307387.208725832,rows/s
NOX,DENSE_PINN,cuda,1,1,throughput_rows_s,4096,21,22128579.146407347,rows/s
NOX,DENSE_PINN,cuda,1,1,throughput_rows_s,4096,22,18601271.57129882,rows/s
NOX,DENSE_PINN,cuda,1,1,throughput_rows_s,4096,23,21467505.241090145,rows/s
NOX,TT_PINN,cuda,1,2,latency_wall_batch1_ms,1,0,1.4001,ms
NOX,TT_PINN,cuda,1,2,latency_wall_batch1_ms,1,1,1.3693,ms
NOX,TT_PINN,cuda,1,2,latency_wall_batch1_ms,1,2,1.4398,ms
NOX,TT_PINN,cuda,1,2,latency_wall_batch1_ms,1,3,1.2905,ms
NOX,TT_PINN,cuda,1,2,latency_wall_batch1_ms,1,4,1.5344,ms
NOX,TT_PINN,cuda,1,2,latency_wall_batch1_ms,1,5,1.308,ms
NOX,TT_PINN,cuda,1,2,latency_wall_batch1_ms,1,6,1.3616,ms
NOX,TT_PINN,cuda,1,2,latency_wall_batch1_ms,1,7,1.2978,ms
NOX,TT_PINN,cuda,1,2,latency_wall_batch1_ms,1,8,1.3184,ms
NOX,TT_PINN,cuda,1,2,latency_wall_batch1_ms,1,9,1.4695,ms
NOX,TT_PINN,cuda,1,2,latency_wall_batch1_ms,1,10,1.2596,ms
NOX,TT_PINN,cuda,1,2,latency_wall_batch1_ms,1,11,1.2439,ms
NOX,TT_PINN,cuda,1,2,latency_wall_batch1_ms,1,12,1.4028,ms
NOX,TT_PINN,cuda,1,2,latency_wall_batch1_ms,1,13,1.3143,ms
NOX,TT_PINN,cuda,1,2,latency_wall_batch1_ms,1,14,1.3069,ms
NOX,TT_PINN,cuda,1,2,latency_wall_batch1_ms,1,15,1.2484,ms
NOX,TT_PINN,cuda,1,2,latency_wall_batch1_ms,1,16,1.5604,ms
NOX,TT_PINN,cuda,1,2,latency_wall_batch1_ms,1,17,1.2872,ms
NOX,TT_PINN,cuda,1,2,latency_wall_batch1_ms,1,18,1.3456,ms
NOX,TT_PINN,cuda,1,2,latency_wall_batch1_ms,1,19,1.3194,ms
NOX,TT_PINN,cuda,1,2,latency_wall_batch1_ms,1,20,1.323,ms
NOX,TT_PINN,cuda,1,2,latency_wall_batch1_ms,1,21,1.5304,ms
NOX,TT_PINN,cuda,1,2,latency_wall_batch1_ms,1,22,1.3931,ms
NOX,TT_PINN,cuda,1,2,latency_wall_batch1_ms,1,23,1.3432,ms
NOX,TT_PINN,cuda,1,2,latency_wall_batch1_ms,1,24,1.2981,ms
NOX,TT_PINN,cuda,1,2,latency_wall_batch1_ms,1,25,1.3879,ms
NOX,TT_PINN,cuda,1,2,latency_wall_batch1_ms,1,26,1.2736,ms
NOX,TT_PINN,cuda,1,2,latency_wall_batch1_ms,1,27,1.4375,ms
NOX,TT_PINN,cuda,1,2,latency_wall_batch1_ms,1,28,1.2821,ms
NOX,TT_PINN,cuda,1,2,latency_wall_batch1_ms,1,29,1.2313,ms
NOX,TT_PINN,cuda,1,2,latency_wall_batch1_ms,1,30,1.2334,ms
NOX,TT_PINN,cuda,1,2,latency_wall_batch1_ms,1,31,1.219,ms
NOX,TT_PINN,cuda,1,2,latency_wall_batch1_ms,1,32,1.2259,ms
NOX,TT_PINN,cuda,1,2,latency_wall_batch1_ms,1,33,1.249,ms
NOX,TT_PINN,cuda,1,2,latency_wall_batch1_ms,1,34,1.4386,ms
NOX,TT_PINN,cuda,1,2,latency_wall_batch1_ms,1,35,1.2553,ms
NOX,TT_PINN,cuda,1,2,latency_wall_batch1_ms,1,36,1.2048,ms
NOX,TT_PINN,cuda,1,2,latency_wall_batch1_ms,1,37,1.4525,ms
NOX,TT_PINN,cuda,1,2,latency_wall_batch1_ms,1,38,1.2523,ms
NOX,TT_PINN,cuda,1,2,latency_wall_batch1_ms,1,39,1.4799,ms
NOX,TT_PINN,cuda,1,2,latency_wall_batch1_ms,1,40,1.4651,ms
NOX,TT_PINN,cuda,1,2,latency_wall_batch1_ms,1,41,1.4097,ms
NOX,TT_PINN,cuda,1,2,latency_wall_batch1_ms,1,42,1.2712,ms
NOX,TT_PINN,cuda,1,2,latency_wall_batch1_ms,1,43,1.3167,ms
NOX,TT_PINN,cuda,1,2,latency_wall_batch1_ms,1,44,1.2666,ms
NOX,TT_PINN,cuda,1,2,latency_wall_batch1_ms,1,45,1.2465,ms
NOX,TT_PINN,cuda,1,2,latency_wall_batch1_ms,1,46,1.2016,ms
NOX,TT_PINN,cuda,1,2,latency_wall_batch1_ms,1,47,1.2262,ms
NOX,TT_PINN,cuda,1,2,latency_wall_batch1_ms,1,48,1.2246,ms
NOX,TT_PINN,cuda,1,2,latency_wall_batch1_ms,1,49,1.2287,ms
NOX,TT_PINN,cuda,1,2,latency_wall_batch1_ms,1,50,1.2093,ms
NOX,TT_PINN,cuda,1,2,latency_wall_batch1_ms,1,51,1.5058,ms
NOX,TT_PINN,cuda,1,2,latency_wall_batch1_ms,1,52,1.2754,ms
NOX,TT_PINN,cuda,1,2,latency_wall_batch1_ms,1,53,1.4469,ms
NOX,TT_PINN,cuda,1,2,latency_wall_batch1_ms,1,54,1.2637,ms
NOX,TT_PINN,cuda,1,2,latency_wall_batch1_ms,1,55,1.3877,ms
NOX,TT_PINN,cuda,1,2,latency_wall_batch1_ms,1,56,1.198,ms
NOX,TT_PINN,cuda,1,2,latency_wall_batch1_ms,1,57,1.2271,ms
NOX,TT_PINN,cuda,1,2,latency_wall_batch1_ms,1,58,1.255,ms
NOX,TT_PINN,cuda,1,2,latency_wall_batch1_ms,1,59,1.385,ms
NOX,TT_PINN,cuda,1,2,latency_wall_batch1_ms,1,60,1.2895,ms
NOX,TT_PINN,cuda,1,2,latency_wall_batch1_ms,1,61,1.2431,ms
NOX,TT_PINN,cuda,1,2,latency_wall_batch1_ms,1,62,1.2639,ms
NOX,TT_PINN,cuda,1,2,latency_wall_batch1_ms,1,63,1.6331,ms
NOX,TT_PINN,cuda,1,2,latency_wall_batch1_ms,1,64,1.4602,ms
NOX,TT_PINN,cuda,1,2,latency_wall_batch1_ms,1,65,1.2828,ms
NOX,TT_PINN,cuda,1,2,latency_wall_batch1_ms,1,66,1.3542,ms
NOX,TT_PINN,cuda,1,2,latency_wall_batch1_ms,1,67,1.2568,ms
NOX,TT_PINN,cuda,1,2,latency_wall_batch1_ms,1,68,1.3296,ms
NOX,TT_PINN,cuda,1,2,latency_wall_batch1_ms,1,69,1.5361,ms
NOX,TT_PINN,cuda,1,2,latency_wall_batch1_ms,1,70,1.4975,ms
NOX,TT_PINN,cuda,1,2,latency_wall_batch1_ms,1,71,1.2513,ms
NOX,TT_PINN,cuda,1,2,latency_wall_batch1_ms,1,72,1.2677,ms
NOX,TT_PINN,cuda,1,2,latency_wall_batch1_ms,1,73,1.5081,ms
NOX,TT_PINN,cuda,1,2,latency_wall_batch1_ms,1,74,1.5804,ms
NOX,TT_PINN,cuda,1,2,latency_wall_batch1_ms,1,75,1.3499,ms
NOX,TT_PINN,cuda,1,2,latency_wall_batch1_ms,1,76,1.2458,ms
NOX,TT_PINN,cuda,1,2,latency_wall_batch1_ms,1,77,1.2932,ms
NOX,TT_PINN,cuda,1,2,latency_wall_batch1_ms,1,78,1.2619,ms
NOX,TT_PINN,cuda,1,2,latency_wall_batch1_ms,1,79,1.2137,ms
NOX,TT_PINN,cuda,1,2,latency_wall_batch1_ms,1,80,1.2283,ms
NOX,TT_PINN,cuda,1,2,latency_wall_batch1_ms,1,81,1.234,ms
NOX,TT_PINN,cuda,1,2,latency_wall_batch1_ms,1,82,1.2072,ms
NOX,TT_PINN,cuda,1,2,latency_wall_batch1_ms,1,83,1.2154,ms
NOX,TT_PINN,cuda,1,2,latency_wall_batch1_ms,1,84,1.2325,ms
NOX,TT_PINN,cuda,1,2,latency_wall_batch1_ms,1,85,1.2495,ms
NOX,TT_PINN,cuda,1,2,latency_wall_batch1_ms,1,86,1.2515,ms
NOX,TT_PINN,cuda,1,2,latency_wall_batch1_ms,1,87,2.1742,ms
NOX,TT_PINN,cuda,1,2,latency_wall_batch1_ms,1,88,1.2933,ms
NOX,TT_PINN,cuda,1,2,latency_wall_batch1_ms,1,89,1.2803,ms
NOX,TT_PINN,cuda,1,2,latency_wall_batch1_ms,1,90,1.317,ms
NOX,TT_PINN,cuda,1,2,latency_wall_batch1_ms,1,91,1.2244,ms
NOX,TT_PINN,cuda,1,2,latency_wall_batch1_ms,1,92,1.2304,ms
NOX,TT_PINN,cuda,1,2,latency_wall_batch1_ms,1,93,1.4042,ms
NOX,TT_PINN,cuda,1,2,latency_wall_batch1_ms,1,94,1.3282,ms
NOX,TT_PINN,cuda,1,2,latency_wall_batch1_ms,1,95,1.2772,ms
NOX,TT_PINN,cuda,1,2,latency_wall_batch1_ms,1,96,1.2505,ms
NOX,TT_PINN,cuda,1,2,latency_wall_batch1_ms,1,97,1.2794,ms
NOX,TT_PINN,cuda,1,2,latency_wall_batch1_ms,1,98,1.7363,ms
NOX,TT_PINN,cuda,1,2,latency_wall_batch1_ms,1,99,1.409,ms
NOX,TT_PINN,cuda,1,2,latency_wall_batch1_ms,1,100,1.2863,ms
NOX,TT_PINN,cuda,1,2,latency_wall_batch1_ms,1,101,1.3174,ms
NOX,TT_PINN,cuda,1,2,latency_wall_batch1_ms,1,102,1.4513,ms
NOX,TT_PINN,cuda,1,2,latency_wall_batch1_ms,1,103,1.4141,ms
NOX,TT_PINN,cuda,1,2,latency_wall_batch1_ms,1,104,1.2583,ms
NOX,TT_PINN,cuda,1,2,latency_wall_batch1_ms,1,105,1.2379,ms
NOX,TT_PINN,cuda,1,2,latency_wall_batch1_ms,1,106,1.2392,ms
NOX,TT_PINN,cuda,1,2,latency_wall_batch1_ms,1,107,1.2554,ms
NOX,TT_PINN,cuda,1,2,latency_wall_batch1_ms,1,108,1.2399,ms
NOX,TT_PINN,cuda,1,2,latency_wall_batch1_ms,1,109,1.2851,ms
NOX,TT_PINN,cuda,1,2,latency_wall_batch1_ms,1,110,1.2721,ms
NOX,TT_PINN,cuda,1,2,latency_wall_batch1_ms,1,111,1.2951,ms
NOX,TT_PINN,cuda,1,2,latency_wall_batch1_ms,1,112,1.2574,ms
NOX,TT_PINN,cuda,1,2,latency_wall_batch1_ms,1,113,1.2215,ms
NOX,TT_PINN,cuda,1,2,latency_wall_batch1_ms,1,114,1.222,ms
NOX,TT_PINN,cuda,1,2,latency_wall_batch1_ms,1,115,1.2192,ms
NOX,TT_PINN,cuda,1,2,latency_wall_batch1_ms,1,116,1.2347,ms
NOX,TT_PINN,cuda,1,2,latency_wall_batch1_ms,1,117,1.1958,ms
NOX,TT_PINN,cuda,1,2,latency_wall_batch1_ms,1,118,1.1863,ms
NOX,TT_PINN,cuda,1,2,latency_wall_batch1_ms,1,119,1.2026,ms
NOX,TT_PINN,cuda,1,2,latency_wall_batch1_ms,1,120,1.1861,ms
NOX,TT_PINN,cuda,1,2,latency_wall_batch1_ms,1,121,1.2555,ms
NOX,TT_PINN,cuda,1,2,latency_wall_batch1_ms,1,122,1.2135,ms
NOX,TT_PINN,cuda,1,2,latency_wall_batch1_ms,1,123,1.2,ms
NOX,TT_PINN,cuda,1,2,latency_wall_batch1_ms,1,124,1.1873,ms
NOX,TT_PINN,cuda,1,2,latency_wall_batch1_ms,1,125,1.1777,ms
NOX,TT_PINN,cuda,1,2,latency_wall_batch1_ms,1,126,1.1916,ms
NOX,TT_PINN,cuda,1,2,latency_wall_batch1_ms,1,127,1.1878,ms
NOX,TT_PINN,cuda,1,2,latency_wall_batch1_ms,1,128,1.187,ms
NOX,TT_PINN,cuda,1,2,latency_wall_batch1_ms,1,129,1.1689,ms
NOX,TT_PINN,cuda,1,2,latency_wall_batch1_ms,1,130,1.2115,ms
NOX,TT_PINN,cuda,1,2,latency_wall_batch1_ms,1,131,1.1987,ms
NOX,TT_PINN,cuda,1,2,latency_wall_batch1_ms,1,132,1.1991,ms
NOX,TT_PINN,cuda,1,2,latency_wall_batch1_ms,1,133,1.3578,ms
NOX,TT_PINN,cuda,1,2,latency_wall_batch1_ms,1,134,1.609,ms
NOX,TT_PINN,cuda,1,2,latency_wall_batch1_ms,1,135,1.2673,ms
NOX,TT_PINN,cuda,1,2,latency_wall_batch1_ms,1,136,1.2124,ms
NOX,TT_PINN,cuda,1,2,latency_wall_batch1_ms,1,137,1.2058,ms
NOX,TT_PINN,cuda,1,2,latency_wall_batch1_ms,1,138,1.1694,ms
NOX,TT_PINN,cuda,1,2,latency_wall_batch1_ms,1,139,1.2038,ms
NOX,TT_PINN,cuda,1,2,latency_wall_batch1_ms,1,140,1.1971,ms
NOX,TT_PINN,cuda,1,2,latency_wall_batch1_ms,1,141,1.1835,ms
NOX,TT_PINN,cuda,1,2,latency_wall_batch1_ms,1,142,1.2156,ms
NOX,TT_PINN,cuda,1,2,latency_wall_batch1_ms,1,143,1.1999,ms
NOX,TT_PINN,cuda,1,2,latency_wall_batch1_ms,1,144,1.2091,ms
NOX,TT_PINN,cuda,1,2,latency_wall_batch1_ms,1,145,1.2166,ms
NOX,TT_PINN,cuda,1,2,latency_wall_batch1_ms,1,146,1.5864,ms
NOX,TT_PINN,cuda,1,2,latency_wall_batch1_ms,1,147,2.3274,ms
NOX,TT_PINN,cuda,1,2,latency_wall_batch1_ms,1,148,1.6176,ms
NOX,TT_PINN,cuda,1,2,latency_wall_batch1_ms,1,149,1.3816,ms
NOX,TT_PINN,cuda,1,2,latency_wall_batch1_ms,1,150,1.3652,ms
NOX,TT_PINN,cuda,1,2,latency_wall_batch1_ms,1,151,1.2938,ms
NOX,TT_PINN,cuda,1,2,latency_wall_batch1_ms,1,152,1.2351,ms
NOX,TT_PINN,cuda,1,2,latency_wall_batch1_ms,1,153,1.2658,ms
NOX,TT_PINN,cuda,1,2,latency_wall_batch1_ms,1,154,1.2789,ms
NOX,TT_PINN,cuda,1,2,latency_wall_batch1_ms,1,155,1.2231,ms
NOX,TT_PINN,cuda,1,2,latency_wall_batch1_ms,1,156,1.2328,ms
NOX,TT_PINN,cuda,1,2,latency_wall_batch1_ms,1,157,1.5114,ms
NOX,TT_PINN,cuda,1,2,latency_wall_batch1_ms,1,158,1.3259,ms
NOX,TT_PINN,cuda,1,2,latency_wall_batch1_ms,1,159,1.2466,ms
NOX,TT_PINN,cuda,1,2,latency_wall_batch1_ms,1,160,1.2362,ms
NOX,TT_PINN,cuda,1,2,latency_wall_batch1_ms,1,161,1.2564,ms
NOX,TT_PINN,cuda,1,2,latency_wall_batch1_ms,1,162,1.2549,ms
NOX,TT_PINN,cuda,1,2,latency_wall_batch1_ms,1,163,1.2015,ms
NOX,TT_PINN,cuda,1,2,latency_wall_batch1_ms,1,164,1.2287,ms
NOX,TT_PINN,cuda,1,2,latency_wall_batch1_ms,1,165,1.2187,ms
NOX,TT_PINN,cuda,1,2,latency_wall_batch1_ms,1,166,1.2238,ms
NOX,TT_PINN,cuda,1,2,latency_wall_batch1_ms,1,167,1.2107,ms
NOX,TT_PINN,cuda,1,2,latency_wall_batch1_ms,1,168,1.1926,ms
NOX,TT_PINN,cuda,1,2,latency_wall_batch1_ms,1,169,1.288,ms
NOX,TT_PINN,cuda,1,2,latency_wall_batch1_ms,1,170,1.2557,ms
NOX,TT_PINN,cuda,1,2,latency_wall_batch1_ms,1,171,1.1654,ms
NOX,TT_PINN,cuda,1,2,latency_wall_batch1_ms,1,172,1.2639,ms
NOX,TT_PINN,cuda,1,2,latency_wall_batch1_ms,1,173,1.215,ms
NOX,TT_PINN,cuda,1,2,latency_wall_batch1_ms,1,174,1.178,ms
NOX,TT_PINN,cuda,1,2,latency_wall_batch1_ms,1,175,1.2507,ms
NOX,TT_PINN,cuda,1,2,latency_wall_batch1_ms,1,176,1.2212,ms
NOX,TT_PINN,cuda,1,2,latency_wall_batch1_ms,1,177,1.2642,ms
NOX,TT_PINN,cuda,1,2,latency_wall_batch1_ms,1,178,1.2435,ms
NOX,TT_PINN,cuda,1,2,latency_wall_batch1_ms,1,179,1.1821,ms
NOX,TT_PINN,cuda,1,2,latency_wall_batch1_ms,1,180,1.1988,ms
NOX,TT_PINN,cuda,1,2,latency_wall_batch1_ms,1,181,1.1856,ms
NOX,TT_PINN,cuda,1,2,latency_wall_batch1_ms,1,182,1.2888,ms
NOX,TT_PINN,cuda,1,2,latency_wall_batch1_ms,1,183,1.2069,ms
NOX,TT_PINN,cuda,1,2,latency_wall_batch1_ms,1,184,1.1848,ms
NOX,TT_PINN,cuda,1,2,latency_wall_batch1_ms,1,185,1.21,ms
NOX,TT_PINN,cuda,1,2,latency_wall_batch1_ms,1,186,1.2225,ms
NOX,TT_PINN,cuda,1,2,latency_wall_batch1_ms,1,187,1.2128,ms
NOX,TT_PINN,cuda,1,2,latency_wall_batch1_ms,1,188,1.2023,ms
NOX,TT_PINN,cuda,1,2,latency_wall_batch1_ms,1,189,1.1665,ms
NOX,TT_PINN,cuda,1,2,latency_wall_batch1_ms,1,190,1.3155,ms
NOX,TT_PINN,cuda,1,2,latency_wall_batch1_ms,1,191,1.2335,ms
NOX,TT_PINN,cuda,1,2,latency_wall_batch1_ms,1,192,1.1842,ms
NOX,TT_PINN,cuda,1,2,latency_wall_batch1_ms,1,193,1.287,ms
NOX,TT_PINN,cuda,1,2,latency_wall_batch1_ms,1,194,1.2387,ms
NOX,TT_PINN,cuda,1,2,latency_wall_batch1_ms,1,195,1.3339,ms
NOX,TT_PINN,cuda,1,2,latency_wall_batch1_ms,1,196,1.2159,ms
NOX,TT_PINN,cuda,1,2,latency_wall_batch1_ms,1,197,1.2335,ms
NOX,TT_PINN,cuda,1,2,latency_wall_batch1_ms,1,198,1.2076,ms
NOX,TT_PINN,cuda,1,2,latency_wall_batch1_ms,1,199,1.1957,ms
NOX,TT_PINN,cuda,1,2,latency_wall_batch1_ms,1,200,1.1859,ms
NOX,TT_PINN,cuda,1,2,latency_wall_batch1_ms,1,201,1.2104,ms
NOX,TT_PINN,cuda,1,2,latency_wall_batch1_ms,1,202,1.249,ms
NOX,TT_PINN,cuda,1,2,latency_wall_batch1_ms,1,203,1.2106,ms
NOX,TT_PINN,cuda,1,2,latency_wall_batch1_ms,1,204,1.1646,ms
NOX,TT_PINN,cuda,1,2,latency_wall_batch1_ms,1,205,1.2056,ms
NOX,TT_PINN,cuda,1,2,latency_wall_batch1_ms,1,206,1.2489,ms
NOX,TT_PINN,cuda,1,2,latency_wall_batch1_ms,1,207,1.3059,ms
NOX,TT_PINN,cuda,1,2,latency_wall_batch1_ms,1,208,1.2281,ms
NOX,TT_PINN,cuda,1,2,latency_wall_batch1_ms,1,209,1.1947,ms
NOX,TT_PINN,cuda,1,2,latency_wall_batch1_ms,1,210,1.2024,ms
NOX,TT_PINN,cuda,1,2,latency_wall_batch1_ms,1,211,1.262,ms
NOX,TT_PINN,cuda,1,2,latency_wall_batch1_ms,1,212,1.1744,ms
NOX,TT_PINN,cuda,1,2,latency_wall_batch1_ms,1,213,1.2329,ms
NOX,TT_PINN,cuda,1,2,latency_wall_batch1_ms,1,214,1.205,ms
NOX,TT_PINN,cuda,1,2,latency_wall_batch1_ms,1,215,1.2137,ms
NOX,TT_PINN,cuda,1,2,latency_wall_batch1_ms,1,216,1.2247,ms
NOX,TT_PINN,cuda,1,2,latency_wall_batch1_ms,1,217,1.213,ms
NOX,TT_PINN,cuda,1,2,latency_wall_batch1_ms,1,218,1.1968,ms
NOX,TT_PINN,cuda,1,2,latency_wall_batch1_ms,1,219,1.2012,ms
NOX,TT_PINN,cuda,1,2,latency_wall_batch1_ms,1,220,1.5091,ms
NOX,TT_PINN,cuda,1,2,latency_wall_batch1_ms,1,221,1.221,ms
NOX,TT_PINN,cuda,1,2,latency_wall_batch1_ms,1,222,1.1763,ms
NOX,TT_PINN,cuda,1,2,latency_wall_batch1_ms,1,223,1.2259,ms
NOX,TT_PINN,cuda,1,2,latency_wall_batch1_ms,1,224,1.2142,ms
NOX,TT_PINN,cuda,1,2,latency_wall_batch1_ms,1,225,1.1672,ms
NOX,TT_PINN,cuda,1,2,latency_wall_batch1_ms,1,226,1.2131,ms
NOX,TT_PINN,cuda,1,2,latency_wall_batch1_ms,1,227,1.1819,ms
NOX,TT_PINN,cuda,1,2,latency_wall_batch1_ms,1,228,1.2197,ms
NOX,TT_PINN,cuda,1,2,latency_wall_batch1_ms,1,229,1.2345,ms
NOX,TT_PINN,cuda,1,2,latency_wall_batch1_ms,1,230,1.2116,ms
NOX,TT_PINN,cuda,1,2,latency_wall_batch1_ms,1,231,1.2575,ms
NOX,TT_PINN,cuda,1,2,latency_wall_batch1_ms,1,232,1.1912,ms
NOX,TT_PINN,cuda,1,2,latency_wall_batch1_ms,1,233,1.1948,ms
NOX,TT_PINN,cuda,1,2,latency_wall_batch1_ms,1,234,1.2991,ms
NOX,TT_PINN,cuda,1,2,latency_wall_batch1_ms,1,235,1.2667,ms
NOX,TT_PINN,cuda,1,2,latency_wall_batch1_ms,1,236,1.3755,ms
NOX,TT_PINN,cuda,1,2,latency_wall_batch1_ms,1,237,1.4703,ms
NOX,TT_PINN,cuda,1,2,latency_wall_batch1_ms,1,238,1.2647,ms
NOX,TT_PINN,cuda,1,2,latency_wall_batch1_ms,1,239,1.3638,ms
NOX,TT_PINN,cuda,1,2,latency_wall_batch1_ms,1,240,1.2759,ms
NOX,TT_PINN,cuda,1,2,latency_wall_batch1_ms,1,241,1.238,ms
NOX,TT_PINN,cuda,1,2,latency_wall_batch1_ms,1,242,1.2274,ms
NOX,TT_PINN,cuda,1,2,latency_wall_batch1_ms,1,243,1.2239,ms
NOX,TT_PINN,cuda,1,2,latency_wall_batch1_ms,1,244,1.3992,ms
NOX,TT_PINN,cuda,1,2,latency_wall_batch1_ms,1,245,1.2377,ms
NOX,TT_PINN,cuda,1,2,latency_wall_batch1_ms,1,246,1.2119,ms
NOX,TT_PINN,cuda,1,2,latency_wall_batch1_ms,1,247,1.2293,ms
NOX,TT_PINN,cuda,1,2,latency_wall_batch1_ms,1,248,1.1941,ms
NOX,TT_PINN,cuda,1,2,latency_wall_batch1_ms,1,249,1.224,ms
NOX,TT_PINN,cuda,1,2,latency_wall_batch1_ms,1,250,1.2333,ms
NOX,TT_PINN,cuda,1,2,latency_wall_batch1_ms,1,251,1.2337,ms
NOX,TT_PINN,cuda,1,2,latency_wall_batch1_ms,1,252,1.4131,ms
NOX,TT_PINN,cuda,1,2,latency_wall_batch1_ms,1,253,1.3624,ms
NOX,TT_PINN,cuda,1,2,latency_wall_batch1_ms,1,254,1.3521,ms
NOX,TT_PINN,cuda,1,2,latency_wall_batch1_ms,1,255,1.2115,ms
NOX,TT_PINN,cuda,1,2,latency_wall_batch1_ms,1,256,1.4958,ms
NOX,TT_PINN,cuda,1,2,latency_wall_batch1_ms,1,257,1.2999,ms
NOX,TT_PINN,cuda,1,2,latency_wall_batch1_ms,1,258,1.3168,ms
NOX,TT_PINN,cuda,1,2,latency_wall_batch1_ms,1,259,1.3058,ms
NOX,TT_PINN,cuda,1,2,latency_wall_batch1_ms,1,260,1.2629,ms
NOX,TT_PINN,cuda,1,2,latency_wall_batch1_ms,1,261,1.2881,ms
NOX,TT_PINN,cuda,1,2,latency_wall_batch1_ms,1,262,1.2598,ms
NOX,TT_PINN,cuda,1,2,latency_wall_batch1_ms,1,263,1.2574,ms
NOX,TT_PINN,cuda,1,2,latency_wall_batch1_ms,1,264,1.2484,ms
NOX,TT_PINN,cuda,1,2,latency_wall_batch1_ms,1,265,1.2579,ms
NOX,TT_PINN,cuda,1,2,latency_wall_batch1_ms,1,266,1.2703,ms
NOX,TT_PINN,cuda,1,2,latency_wall_batch1_ms,1,267,1.2379,ms
NOX,TT_PINN,cuda,1,2,latency_wall_batch1_ms,1,268,1.4834,ms
NOX,TT_PINN,cuda,1,2,latency_wall_batch1_ms,1,269,1.2461,ms
NOX,TT_PINN,cuda,1,2,latency_wall_batch1_ms,1,270,1.2181,ms
NOX,TT_PINN,cuda,1,2,latency_wall_batch1_ms,1,271,1.1817,ms
NOX,TT_PINN,cuda,1,2,latency_wall_batch1_ms,1,272,1.1949,ms
NOX,TT_PINN,cuda,1,2,latency_wall_batch1_ms,1,273,1.2027,ms
NOX,TT_PINN,cuda,1,2,latency_wall_batch1_ms,1,274,1.2053,ms
NOX,TT_PINN,cuda,1,2,latency_wall_batch1_ms,1,275,1.1589,ms
NOX,TT_PINN,cuda,1,2,latency_wall_batch1_ms,1,276,1.1971,ms
NOX,TT_PINN,cuda,1,2,latency_wall_batch1_ms,1,277,1.1953,ms
NOX,TT_PINN,cuda,1,2,latency_wall_batch1_ms,1,278,1.2049,ms
NOX,TT_PINN,cuda,1,2,latency_wall_batch1_ms,1,279,1.1908,ms
NOX,TT_PINN,cuda,1,2,latency_wall_batch1_ms,1,280,1.2488,ms
NOX,TT_PINN,cuda,1,2,latency_wall_batch1_ms,1,281,1.1999,ms
NOX,TT_PINN,cuda,1,2,latency_wall_batch1_ms,1,282,1.2336,ms
NOX,TT_PINN,cuda,1,2,latency_wall_batch1_ms,1,283,1.2245,ms
NOX,TT_PINN,cuda,1,2,latency_wall_batch1_ms,1,284,1.2493,ms
NOX,TT_PINN,cuda,1,2,latency_wall_batch1_ms,1,285,1.1904,ms
NOX,TT_PINN,cuda,1,2,latency_wall_batch1_ms,1,286,1.2044,ms
NOX,TT_PINN,cuda,1,2,latency_wall_batch1_ms,1,287,1.2053,ms
NOX,TT_PINN,cuda,1,2,latency_wall_batch1_ms,1,288,1.1829,ms
NOX,TT_PINN,cuda,1,2,latency_wall_batch1_ms,1,289,1.2204,ms
NOX,TT_PINN,cuda,1,2,latency_wall_batch1_ms,1,290,1.1818,ms
NOX,TT_PINN,cuda,1,2,latency_wall_batch1_ms,1,291,1.1974,ms
NOX,TT_PINN,cuda,1,2,latency_wall_batch1_ms,1,292,1.2137,ms
NOX,TT_PINN,cuda,1,2,latency_wall_batch1_ms,1,293,1.2843,ms
NOX,TT_PINN,cuda,1,2,latency_wall_batch1_ms,1,294,1.1956,ms
NOX,TT_PINN,cuda,1,2,latency_wall_batch1_ms,1,295,1.2432,ms
NOX,TT_PINN,cuda,1,2,latency_wall_batch1_ms,1,296,1.2007,ms
NOX,TT_PINN,cuda,1,2,latency_wall_batch1_ms,1,297,1.2059,ms
NOX,TT_PINN,cuda,1,2,latency_wall_batch1_ms,1,298,1.1929,ms
NOX,TT_PINN,cuda,1,2,latency_wall_batch1_ms,1,299,1.1963,ms
NOX,TT_PINN,cuda,1,2,latency_wall_batch1_ms,1,300,1.1442,ms
NOX,TT_PINN,cuda,1,2,latency_wall_batch1_ms,1,301,1.1814,ms
NOX,TT_PINN,cuda,1,2,latency_wall_batch1_ms,1,302,1.235,ms
NOX,TT_PINN,cuda,1,2,latency_wall_batch1_ms,1,303,1.2067,ms
NOX,TT_PINN,cuda,1,2,latency_wall_batch1_ms,1,304,1.2084,ms
NOX,TT_PINN,cuda,1,2,latency_wall_batch1_ms,1,305,1.218,ms
NOX,TT_PINN,cuda,1,2,latency_wall_batch1_ms,1,306,1.4472,ms
NOX,TT_PINN,cuda,1,2,latency_wall_batch1_ms,1,307,1.2197,ms
NOX,TT_PINN,cuda,1,2,latency_wall_batch1_ms,1,308,1.1893,ms
NOX,TT_PINN,cuda,1,2,latency_wall_batch1_ms,1,309,1.1934,ms
NOX,TT_PINN,cuda,1,2,latency_wall_batch1_ms,1,310,1.2176,ms
NOX,TT_PINN,cuda,1,2,latency_wall_batch1_ms,1,311,1.1827,ms
NOX,TT_PINN,cuda,1,2,latency_wall_batch1_ms,1,312,1.1677,ms
NOX,TT_PINN,cuda,1,2,latency_wall_batch1_ms,1,313,1.1847,ms
NOX,TT_PINN,cuda,1,2,latency_wall_batch1_ms,1,314,1.1694,ms
NOX,TT_PINN,cuda,1,2,latency_wall_batch1_ms,1,315,1.2361,ms
NOX,TT_PINN,cuda,1,2,latency_wall_batch1_ms,1,316,1.1905,ms
NOX,TT_PINN,cuda,1,2,latency_wall_batch1_ms,1,317,1.165,ms
NOX,TT_PINN,cuda,1,2,latency_wall_batch1_ms,1,318,1.1755,ms
NOX,TT_PINN,cuda,1,2,latency_wall_batch1_ms,1,319,1.1803,ms
NOX,TT_PINN,cuda,1,2,latency_wall_batch1_ms,1,320,1.2022,ms
NOX,TT_PINN,cuda,1,2,latency_wall_batch1_ms,1,321,1.1775,ms
NOX,TT_PINN,cuda,1,2,latency_wall_batch1_ms,1,322,1.1643,ms
NOX,TT_PINN,cuda,1,2,latency_wall_batch1_ms,1,323,2.1617,ms
NOX,TT_PINN,cuda,1,2,latency_wall_batch1_ms,1,324,1.8434,ms
NOX,TT_PINN,cuda,1,2,latency_wall_batch1_ms,1,325,1.5943,ms
NOX,TT_PINN,cuda,1,2,latency_wall_batch1_ms,1,326,1.2796,ms
NOX,TT_PINN,cuda,1,2,latency_wall_batch1_ms,1,327,1.2382,ms
NOX,TT_PINN,cuda,1,2,latency_wall_batch1_ms,1,328,1.2935,ms
NOX,TT_PINN,cuda,1,2,latency_wall_batch1_ms,1,329,1.2826,ms
NOX,TT_PINN,cuda,1,2,latency_wall_batch1_ms,1,330,1.3803,ms
NOX,TT_PINN,cuda,1,2,latency_wall_batch1_ms,1,331,1.2935,ms
NOX,TT_PINN,cuda,1,2,latency_wall_batch1_ms,1,332,1.3214,ms
NOX,TT_PINN,cuda,1,2,latency_wall_batch1_ms,1,333,1.4817,ms
NOX,TT_PINN,cuda,1,2,latency_wall_batch1_ms,1,334,1.2432,ms
NOX,TT_PINN,cuda,1,2,latency_wall_batch1_ms,1,335,1.3382,ms
NOX,TT_PINN,cuda,1,2,latency_wall_batch1_ms,1,336,1.333,ms
NOX,TT_PINN,cuda,1,2,latency_wall_batch1_ms,1,337,1.5559,ms
NOX,TT_PINN,cuda,1,2,latency_wall_batch1_ms,1,338,1.2334,ms
NOX,TT_PINN,cuda,1,2,latency_wall_batch1_ms,1,339,1.1705,ms
NOX,TT_PINN,cuda,1,2,latency_wall_batch1_ms,1,340,1.204,ms
NOX,TT_PINN,cuda,1,2,latency_wall_batch1_ms,1,341,1.1766,ms
NOX,TT_PINN,cuda,1,2,latency_wall_batch1_ms,1,342,1.1874,ms
NOX,TT_PINN,cuda,1,2,latency_wall_batch1_ms,1,343,1.185,ms
NOX,TT_PINN,cuda,1,2,latency_wall_batch1_ms,1,344,1.1898,ms
NOX,TT_PINN,cuda,1,2,latency_wall_batch1_ms,1,345,1.173,ms
NOX,TT_PINN,cuda,1,2,latency_wall_batch1_ms,1,346,1.1945,ms
NOX,TT_PINN,cuda,1,2,latency_wall_batch1_ms,1,347,1.1857,ms
NOX,TT_PINN,cuda,1,2,latency_wall_batch1_ms,1,348,1.1624,ms
NOX,TT_PINN,cuda,1,2,latency_wall_batch1_ms,1,349,1.2647,ms
NOX,TT_PINN,cuda,1,2,latency_wall_batch1_ms,1,350,1.1938,ms
NOX,TT_PINN,cuda,1,2,latency_wall_batch1_ms,1,351,1.1857,ms
NOX,TT_PINN,cuda,1,2,latency_wall_batch1_ms,1,352,1.1589,ms
NOX,TT_PINN,cuda,1,2,latency_wall_batch1_ms,1,353,1.1846,ms
NOX,TT_PINN,cuda,1,2,latency_wall_batch1_ms,1,354,1.1961,ms
NOX,TT_PINN,cuda,1,2,latency_wall_batch1_ms,1,355,1.1538,ms
NOX,TT_PINN,cuda,1,2,latency_wall_batch1_ms,1,356,1.1622,ms
NOX,TT_PINN,cuda,1,2,latency_wall_batch1_ms,1,357,1.1912,ms
NOX,TT_PINN,cuda,1,2,latency_wall_batch1_ms,1,358,1.4074,ms
NOX,TT_PINN,cuda,1,2,latency_wall_batch1_ms,1,359,1.3976,ms
NOX,TT_PINN,cuda,1,2,latency_wall_batch1_ms,1,360,1.3039,ms
NOX,TT_PINN,cuda,1,2,latency_wall_batch1_ms,1,361,1.2368,ms
NOX,TT_PINN,cuda,1,2,latency_wall_batch1_ms,1,362,1.2286,ms
NOX,TT_PINN,cuda,1,2,latency_wall_batch1_ms,1,363,1.2074,ms
NOX,TT_PINN,cuda,1,2,latency_wall_batch1_ms,1,364,1.2147,ms
NOX,TT_PINN,cuda,1,2,latency_wall_batch1_ms,1,365,1.1842,ms
NOX,TT_PINN,cuda,1,2,latency_wall_batch1_ms,1,366,1.1951,ms
NOX,TT_PINN,cuda,1,2,latency_wall_batch1_ms,1,367,1.1951,ms
NOX,TT_PINN,cuda,1,2,latency_wall_batch1_ms,1,368,1.1992,ms
NOX,TT_PINN,cuda,1,2,latency_wall_batch1_ms,1,369,1.1988,ms
NOX,TT_PINN,cuda,1,2,latency_wall_batch1_ms,1,370,1.2039,ms
NOX,TT_PINN,cuda,1,2,latency_wall_batch1_ms,1,371,3.4757,ms
NOX,TT_PINN,cuda,1,2,latency_wall_batch1_ms,1,372,3.6769,ms
NOX,TT_PINN,cuda,1,2,latency_wall_batch1_ms,1,373,2.6208,ms
NOX,TT_PINN,cuda,1,2,latency_wall_batch1_ms,1,374,2.5221,ms
NOX,TT_PINN,cuda,1,2,latency_wall_batch1_ms,1,375,2.5147,ms
NOX,TT_PINN,cuda,1,2,latency_wall_batch1_ms,1,376,2.6404,ms
NOX,TT_PINN,cuda,1,2,latency_wall_batch1_ms,1,377,2.5426,ms
NOX,TT_PINN,cuda,1,2,latency_wall_batch1_ms,1,378,2.5228,ms
NOX,TT_PINN,cuda,1,2,latency_wall_batch1_ms,1,379,2.5254,ms
NOX,TT_PINN,cuda,1,2,latency_wall_batch1_ms,1,380,2.5311,ms
NOX,TT_PINN,cuda,1,2,latency_wall_batch1_ms,1,381,2.5314,ms
NOX,TT_PINN,cuda,1,2,latency_wall_batch1_ms,1,382,2.5247,ms
NOX,TT_PINN,cuda,1,2,latency_wall_batch1_ms,1,383,3.4174,ms
NOX,TT_PINN,cuda,1,2,latency_wall_batch1_ms,1,384,2.8313,ms
NOX,TT_PINN,cuda,1,2,latency_wall_batch1_ms,1,385,2.5653,ms
NOX,TT_PINN,cuda,1,2,latency_wall_batch1_ms,1,386,2.5469,ms
NOX,TT_PINN,cuda,1,2,latency_wall_batch1_ms,1,387,2.539,ms
NOX,TT_PINN,cuda,1,2,latency_wall_batch1_ms,1,388,3.0752,ms
NOX,TT_PINN,cuda,1,2,latency_wall_batch1_ms,1,389,1.8326,ms
NOX,TT_PINN,cuda,1,2,latency_wall_batch1_ms,1,390,1.6014,ms
NOX,TT_PINN,cuda,1,2,latency_wall_batch1_ms,1,391,1.2601,ms
NOX,TT_PINN,cuda,1,2,latency_wall_batch1_ms,1,392,1.2127,ms
NOX,TT_PINN,cuda,1,2,latency_wall_batch1_ms,1,393,1.2612,ms
NOX,TT_PINN,cuda,1,2,latency_wall_batch1_ms,1,394,1.1752,ms
NOX,TT_PINN,cuda,1,2,latency_wall_batch1_ms,1,395,1.2373,ms
NOX,TT_PINN,cuda,1,2,latency_wall_batch1_ms,1,396,1.3828,ms
NOX,TT_PINN,cuda,1,2,latency_wall_batch1_ms,1,397,2.0523,ms
NOX,TT_PINN,cuda,1,2,latency_wall_batch1_ms,1,398,6.4941,ms
NOX,TT_PINN,cuda,1,2,latency_wall_batch1_ms,1,399,2.253,ms
NOX,TT_PINN,cuda,1,2,throughput_rows_s,1,0,887.3114463176576,rows/s
NOX,TT_PINN,cuda,1,2,throughput_rows_s,1,1,817.0602173380178,rows/s
NOX,TT_PINN,cuda,1,2,throughput_rows_s,1,2,863.5578583765113,rows/s
NOX,TT_PINN,cuda,1,2,throughput_rows_s,1,3,832.3622440486099,rows/s
NOX,TT_PINN,cuda,1,2,throughput_rows_s,1,4,828.775070445881,rows/s
NOX,TT_PINN,cuda,1,2,throughput_rows_s,1,5,839.278220730172,rows/s
NOX,TT_PINN,cuda,1,2,throughput_rows_s,1,6,816.7265599477296,rows/s
NOX,TT_PINN,cuda,1,2,throughput_rows_s,1,7,720.0979333189314,rows/s
NOX,TT_PINN,cuda,1,2,throughput_rows_s,1,8,805.5421298533912,rows/s
NOX,TT_PINN,cuda,1,2,throughput_rows_s,1,9,636.3347120585428,rows/s
NOX,TT_PINN,cuda,1,2,throughput_rows_s,1,10,667.7350427350427,rows/s
NOX,TT_PINN,cuda,1,2,throughput_rows_s,1,11,767.341927562922,rows/s
NOX,TT_PINN,cuda,1,2,throughput_rows_s,1,12,481.5795810257646,rows/s
NOX,TT_PINN,cuda,1,2,throughput_rows_s,1,13,500.8263634997746,rows/s
NOX,TT_PINN,cuda,1,2,throughput_rows_s,1,14,487.32943469785573,rows/s
NOX,TT_PINN,cuda,1,2,throughput_rows_s,1,15,502.3863350916855,rows/s
NOX,TT_PINN,cuda,1,2,throughput_rows_s,1,16,496.2532876780309,rows/s
NOX,TT_PINN,cuda,1,2,throughput_rows_s,1,17,504.3373007867662,rows/s
NOX,TT_PINN,cuda,1,2,throughput_rows_s,1,18,270.7898941211514,rows/s
NOX,TT_PINN,cuda,1,2,throughput_rows_s,1,19,703.0865499542995,rows/s
NOX,TT_PINN,cuda,1,2,throughput_rows_s,1,20,790.513833992095,rows/s
NOX,TT_PINN,cuda,1,2,throughput_rows_s,1,21,767.9311933650745,rows/s
NOX,TT_PINN,cuda,1,2,throughput_rows_s,1,22,808.276753960556,rows/s
NOX,TT_PINN,cuda,1,2,throughput_rows_s,1,23,815.1287903488752,rows/s
NOX,TT_PINN,cuda,1,2,throughput_rows_s,16,0,10598.132079221037,rows/s
NOX,TT_PINN,cuda,1,2,throughput_rows_s,16,1,11108.025548458761,rows/s
NOX,TT_PINN,cuda,1,2,throughput_rows_s,16,2,6603.929337956083,rows/s
NOX,TT_PINN,cuda,1,2,throughput_rows_s,16,3,4113.850821484586,rows/s
NOX,TT_PINN,cuda,1,2,throughput_rows_s,16,4,6539.420443863162,rows/s
NOX,TT_PINN,cuda,1,2,throughput_rows_s,16,5,6522.891271556117,rows/s
NOX,TT_PINN,cuda,1,2,throughput_rows_s,16,6,7173.922790655965,rows/s
NOX,TT_PINN,cuda,1,2,throughput_rows_s,16,7,10829.103214890016,rows/s
NOX,TT_PINN,cuda,1,2,throughput_rows_s,16,8,9822.57965498189,rows/s
NOX,TT_PINN,cuda,1,2,throughput_rows_s,16,9,10687.328835749115,rows/s
NOX,TT_PINN,cuda,1,2,throughput_rows_s,16,10,11025.358324145534,rows/s
NOX,TT_PINN,cuda,1,2,throughput_rows_s,16,11,10917.03056768559,rows/s
NOX,TT_PINN,cuda,1,2,throughput_rows_s,16,12,10973.936899862827,rows/s
NOX,TT_PINN,cuda,1,2,throughput_rows_s,16,13,10920.01092001092,rows/s
NOX,TT_PINN,cuda,1,2,throughput_rows_s,16,14,10749.798441279227,rows/s
NOX,TT_PINN,cuda,1,2,throughput_rows_s,16,15,10982.976386600769,rows/s
NOX,TT_PINN,cuda,1,2,throughput_rows_s,16,16,11149.825783972125,rows/s
NOX,TT_PINN,cuda,1,2,throughput_rows_s,16,17,11193.507765496013,rows/s
NOX,TT_PINN,cuda,1,2,throughput_rows_s,16,18,10952.152782531317,rows/s
NOX,TT_PINN,cuda,1,2,throughput_rows_s,16,19,8008.809690659726,rows/s
NOX,TT_PINN,cuda,1,2,throughput_rows_s,16,20,10822.510822510823,rows/s
NOX,TT_PINN,cuda,1,2,throughput_rows_s,16,21,10775.136372819718,rows/s
NOX,TT_PINN,cuda,1,2,throughput_rows_s,16,22,11198.992090711836,rows/s
NOX,TT_PINN,cuda,1,2,throughput_rows_s,16,23,11337.065117267766,rows/s
NOX,TT_PINN,cuda,1,2,throughput_rows_s,64,0,24714.24158171146,rows/s
NOX,TT_PINN,cuda,1,2,throughput_rows_s,64,1,26037.428803905612,rows/s
NOX,TT_PINN,cuda,1,2,throughput_rows_s,64,2,25615.36922153292,rows/s
NOX,TT_PINN,cuda,1,2,throughput_rows_s,64,3,26061.81536832675,rows/s
NOX,TT_PINN,cuda,1,2,throughput_rows_s,64,4,24215.823527186043,rows/s
NOX,TT_PINN,cuda,1,2,throughput_rows_s,64,5,25082.301301144376,rows/s
NOX,TT_PINN,cuda,1,2,throughput_rows_s,64,6,25531.575377987,rows/s
NOX,TT_PINN,cuda,1,2,throughput_rows_s,64,7,25650.27453809467,rows/s
NOX,TT_PINN,cuda,1,2,throughput_rows_s,64,8,26337.44855967078,rows/s
NOX,TT_PINN,cuda,1,2,throughput_rows_s,64,9,42471.29869268034,rows/s
NOX,TT_PINN,cuda,1,2,throughput_rows_s,64,10,39682.53968253968,rows/s
NOX,TT_PINN,cuda,1,2,throughput_rows_s,64,11,25293.443465201755,rows/s
NOX,TT_PINN,cuda,1,2,throughput_rows_s,64,12,33076.644787844336,rows/s
NOX,TT_PINN,cuda,1,2,throughput_rows_s,64,13,43922.860476288515,rows/s
NOX,TT_PINN,cuda,1,2,throughput_rows_s,64,14,42984.75384512056,rows/s
NOX,TT_PINN,cuda,1,2,throughput_rows_s,64,15,32739.92224268467,rows/s
NOX,TT_PINN,cuda,1,2,throughput_rows_s,64,16,36359.5046017498,rows/s
NOX,TT_PINN,cuda,1,2,throughput_rows_s,64,17,42746.46005877638,rows/s
NOX,TT_PINN,cuda,1,2,throughput_rows_s,64,18,44453.705633118014,rows/s
NOX,TT_PINN,cuda,1,2,throughput_rows_s,64,19,44621.06951125985,rows/s
NOX,TT_PINN,cuda,1,2,throughput_rows_s,64,20,39302.382706951605,rows/s
NOX,TT_PINN,cuda,1,2,throughput_rows_s,64,21,42692.282035888195,rows/s
NOX,TT_PINN,cuda,1,2,throughput_rows_s,64,22,32773.45350266284,rows/s
NOX,TT_PINN,cuda,1,2,throughput_rows_s,64,23,40902.409407554165,rows/s
NOX,TT_PINN,cuda,1,2,throughput_rows_s,256,0,184212.4199467511,rows/s
NOX,TT_PINN,cuda,1,2,throughput_rows_s,256,1,176649.18575765938,rows/s
NOX,TT_PINN,cuda,1,2,throughput_rows_s,256,2,178908.37934167305,rows/s
NOX,TT_PINN,cuda,1,2,throughput_rows_s,256,3,180625.13229379806,rows/s
NOX,TT_PINN,cuda,1,2,throughput_rows_s,256,4,182025.0284414107,rows/s
NOX,TT_PINN,cuda,1,2,throughput_rows_s,256,5,153670.6885167177,rows/s
NOX,TT_PINN,cuda,1,2,throughput_rows_s,256,6,170860.30834946272,rows/s
NOX,TT_PINN,cuda,1,2,throughput_rows_s,256,7,149149.3824283384,rows/s
NOX,TT_PINN,cuda,1,2,throughput_rows_s,256,8,137560.45137023105,rows/s
NOX,TT_PINN,cuda,1,2,throughput_rows_s,256,9,149655.09178066178,rows/s
NOX,TT_PINN,cuda,1,2,throughput_rows_s,256,10,174114.12636876828,rows/s
NOX,TT_PINN,cuda,1,2,throughput_rows_s,256,11,175318.44952746198,rows/s
NOX,TT_PINN,cuda,1,2,throughput_rows_s,256,12,176929.98825074296,rows/s
NOX,TT_PINN,cuda,1,2,throughput_rows_s,256,13,178521.61785216178,rows/s
NOX,TT_PINN,cuda,1,2,throughput_rows_s,256,14,183749.6411139822,rows/s
NOX,TT_PINN,cuda,1,2,throughput_rows_s,256,15,177728.40877534018,rows/s
NOX,TT_PINN,cuda,1,2,throughput_rows_s,256,16,116194.62599854758,rows/s
NOX,TT_PINN,cuda,1,2,throughput_rows_s,256,17,133744.3184786584,rows/s
NOX,TT_PINN,cuda,1,2,throughput_rows_s,256,18,180688.87634105026,rows/s
NOX,TT_PINN,cuda,1,2,throughput_rows_s,256,19,82492.83021299908,rows/s
NOX,TT_PINN,cuda,1,2,throughput_rows_s,256,20,105276.14426121642,rows/s
NOX,TT_PINN,cuda,1,2,throughput_rows_s,256,21,176357.1231744282,rows/s
NOX,TT_PINN,cuda,1,2,throughput_rows_s,256,22,182128.6283437678,rows/s
NOX,TT_PINN,cuda,1,2,throughput_rows_s,256,23,182987.84846318798,rows/s
NOX,TT_PINN,cuda,1,2,throughput_rows_s,1024,0,754828.2470883089,rows/s
NOX,TT_PINN,cuda,1,2,throughput_rows_s,1024,1,653311.2160265408,rows/s
NOX,TT_PINN,cuda,1,2,throughput_rows_s,1024,2,500342.0306850386,rows/s
NOX,TT_PINN,cuda,1,2,throughput_rows_s,1024,3,383894.42903201614,rows/s
NOX,TT_PINN,cuda,1,2,throughput_rows_s,1024,4,680896.336192566,rows/s
NOX,TT_PINN,cuda,1,2,throughput_rows_s,1024,5,707719.9530029718,rows/s
NOX,TT_PINN,cuda,1,2,throughput_rows_s,1024,6,693719.9376735993,rows/s
NOX,TT_PINN,cuda,1,2,throughput_rows_s,1024,7,699358.0112006557,rows/s
NOX,TT_PINN,cuda,1,2,throughput_rows_s,1024,8,700266.7031388908,rows/s
NOX,TT_PINN,cuda,1,2,throughput_rows_s,1024,9,744510.6877999128,rows/s
NOX,TT_PINN,cuda,1,2,throughput_rows_s,1024,10,743969.7762278407,rows/s
NOX,TT_PINN,cuda,1,2,throughput_rows_s,1024,11,757564.5483465266,rows/s
NOX,TT_PINN,cuda,1,2,throughput_rows_s,1024,12,741921.4606578756,rows/s
NOX,TT_PINN,cuda,1,2,throughput_rows_s,1024,13,649869.8990924668,rows/s
NOX,TT_PINN,cuda,1,2,throughput_rows_s,1024,14,714186.0789510391,rows/s
NOX,TT_PINN,cuda,1,2,throughput_rows_s,1024,15,745323.5315525148,rows/s
NOX,TT_PINN,cuda,1,2,throughput_rows_s,1024,16,753107.3030815622,rows/s
NOX,TT_PINN,cuda,1,2,throughput_rows_s,1024,17,726138.1364345483,rows/s
NOX,TT_PINN,cuda,1,2,throughput_rows_s,1024,18,635196.32777123,rows/s
NOX,TT_PINN,cuda,1,2,throughput_rows_s,1024,19,653477.9834077855,rows/s
NOX,TT_PINN,cuda,1,2,throughput_rows_s,1024,20,551962.0526088831,rows/s
NOX,TT_PINN,cuda,1,2,throughput_rows_s,1024,21,304616.8491194669,rows/s
NOX,TT_PINN,cuda,1,2,throughput_rows_s,1024,22,332456.73841758387,rows/s
NOX,TT_PINN,cuda,1,2,throughput_rows_s,1024,23,328563.1778219855,rows/s
NOX,TT_PINN,cuda,1,2,throughput_rows_s,4096,0,3335776.529033309,rows/s
NOX,TT_PINN,cuda,1,2,throughput_rows_s,4096,1,3254151.108286327,rows/s
NOX,TT_PINN,cuda,1,2,throughput_rows_s,4096,2,3363994.743758213,rows/s
NOX,TT_PINN,cuda,1,2,throughput_rows_s,4096,3,3291546.1266473806,rows/s
NOX,TT_PINN,cuda,1,2,throughput_rows_s,4096,4,3520412.548345509,rows/s
NOX,TT_PINN,cuda,1,2,throughput_rows_s,4096,5,3485957.4468085105,rows/s
NOX,TT_PINN,cuda,1,2,throughput_rows_s,4096,6,2182438.1926683714,rows/s
NOX,TT_PINN,cuda,1,2,throughput_rows_s,4096,7,2770562.770562771,rows/s
NOX,TT_PINN,cuda,1,2,throughput_rows_s,4096,8,2958041.453022315,rows/s
NOX,TT_PINN,cuda,1,2,throughput_rows_s,4096,9,3211289.6903175223,rows/s
NOX,TT_PINN,cuda,1,2,throughput_rows_s,4096,10,2994370.9335477743,rows/s
NOX,TT_PINN,cuda,1,2,throughput_rows_s,4096,11,3300032.2268772153,rows/s
NOX,TT_PINN,cuda,1,2,throughput_rows_s,4096,12,3185565.406750661,rows/s
NOX,TT_PINN,cuda,1,2,throughput_rows_s,4096,13,3174209.5474271546,rows/s
NOX,TT_PINN,cuda,1,2,throughput_rows_s,4096,14,3225196.8503937004,rows/s
NOX,TT_PINN,cuda,1,2,throughput_rows_s,4096,15,3137014.628168798,rows/s
NOX,TT_PINN,cuda,1,2,throughput_rows_s,4096,16,3230029.17750966,rows/s
NOX,TT_PINN,cuda,1,2,throughput_rows_s,4096,17,3306959.4703697725,rows/s
NOX,TT_PINN,cuda,1,2,throughput_rows_s,4096,18,2684845.3067645514,rows/s
NOX,TT_PINN,cuda,1,2,throughput_rows_s,4096,19,2993495.578455017,rows/s
NOX,TT_PINN,cuda,1,2,throughput_rows_s,4096,20,3047619.047619047,rows/s
NOX,TT_PINN,cuda,1,2,throughput_rows_s,4096,21,3267129.2972800513,rows/s
NOX,TT_PINN,cuda,1,2,throughput_rows_s,4096,22,3385683.5840634815,rows/s
NOX,TT_PINN,cuda,1,2,throughput_rows_s,4096,23,3243072.0506730014,rows/s
NOX,TT_PINN,cuda,2,1,latency_wall_batch1_ms,1,0,1.2645,ms
NOX,TT_PINN,cuda,2,1,latency_wall_batch1_ms,1,1,1.5048,ms
NOX,TT_PINN,cuda,2,1,latency_wall_batch1_ms,1,2,1.4797,ms
NOX,TT_PINN,cuda,2,1,latency_wall_batch1_ms,1,3,1.5004,ms
NOX,TT_PINN,cuda,2,1,latency_wall_batch1_ms,1,4,1.2539,ms
NOX,TT_PINN,cuda,2,1,latency_wall_batch1_ms,1,5,1.2147,ms
NOX,TT_PINN,cuda,2,1,latency_wall_batch1_ms,1,6,1.2493,ms
NOX,TT_PINN,cuda,2,1,latency_wall_batch1_ms,1,7,1.2454,ms
NOX,TT_PINN,cuda,2,1,latency_wall_batch1_ms,1,8,1.2167,ms
NOX,TT_PINN,cuda,2,1,latency_wall_batch1_ms,1,9,1.2081,ms
NOX,TT_PINN,cuda,2,1,latency_wall_batch1_ms,1,10,1.1965,ms
NOX,TT_PINN,cuda,2,1,latency_wall_batch1_ms,1,11,1.2324,ms
NOX,TT_PINN,cuda,2,1,latency_wall_batch1_ms,1,12,1.2479,ms
NOX,TT_PINN,cuda,2,1,latency_wall_batch1_ms,1,13,1.2085,ms
NOX,TT_PINN,cuda,2,1,latency_wall_batch1_ms,1,14,1.443,ms
NOX,TT_PINN,cuda,2,1,latency_wall_batch1_ms,1,15,1.3719,ms
NOX,TT_PINN,cuda,2,1,latency_wall_batch1_ms,1,16,1.3087,ms
NOX,TT_PINN,cuda,2,1,latency_wall_batch1_ms,1,17,1.2091,ms
NOX,TT_PINN,cuda,2,1,latency_wall_batch1_ms,1,18,1.227,ms
NOX,TT_PINN,cuda,2,1,latency_wall_batch1_ms,1,19,1.2177,ms
NOX,TT_PINN,cuda,2,1,latency_wall_batch1_ms,1,20,1.2075,ms
NOX,TT_PINN,cuda,2,1,latency_wall_batch1_ms,1,21,1.1967,ms
NOX,TT_PINN,cuda,2,1,latency_wall_batch1_ms,1,22,1.2314,ms
NOX,TT_PINN,cuda,2,1,latency_wall_batch1_ms,1,23,1.2406,ms
NOX,TT_PINN,cuda,2,1,latency_wall_batch1_ms,1,24,1.2541,ms
NOX,TT_PINN,cuda,2,1,latency_wall_batch1_ms,1,25,1.5379,ms
NOX,TT_PINN,cuda,2,1,latency_wall_batch1_ms,1,26,1.5121,ms
NOX,TT_PINN,cuda,2,1,latency_wall_batch1_ms,1,27,1.4365,ms
NOX,TT_PINN,cuda,2,1,latency_wall_batch1_ms,1,28,1.416,ms
NOX,TT_PINN,cuda,2,1,latency_wall_batch1_ms,1,29,1.2308,ms
NOX,TT_PINN,cuda,2,1,latency_wall_batch1_ms,1,30,1.2399,ms
NOX,TT_PINN,cuda,2,1,latency_wall_batch1_ms,1,31,1.2342,ms
NOX,TT_PINN,cuda,2,1,latency_wall_batch1_ms,1,32,1.1678,ms
NOX,TT_PINN,cuda,2,1,latency_wall_batch1_ms,1,33,1.2367,ms
NOX,TT_PINN,cuda,2,1,latency_wall_batch1_ms,1,34,1.199,ms
NOX,TT_PINN,cuda,2,1,latency_wall_batch1_ms,1,35,1.196,ms
NOX,TT_PINN,cuda,2,1,latency_wall_batch1_ms,1,36,1.2173,ms
NOX,TT_PINN,cuda,2,1,latency_wall_batch1_ms,1,37,1.6794,ms
NOX,TT_PINN,cuda,2,1,latency_wall_batch1_ms,1,38,2.0847,ms
NOX,TT_PINN,cuda,2,1,latency_wall_batch1_ms,1,39,1.5973,ms
NOX,TT_PINN,cuda,2,1,latency_wall_batch1_ms,1,40,1.4841,ms
NOX,TT_PINN,cuda,2,1,latency_wall_batch1_ms,1,41,1.2547,ms
NOX,TT_PINN,cuda,2,1,latency_wall_batch1_ms,1,42,1.2154,ms
NOX,TT_PINN,cuda,2,1,latency_wall_batch1_ms,1,43,1.376,ms
NOX,TT_PINN,cuda,2,1,latency_wall_batch1_ms,1,44,1.2483,ms
NOX,TT_PINN,cuda,2,1,latency_wall_batch1_ms,1,45,1.2108,ms
NOX,TT_PINN,cuda,2,1,latency_wall_batch1_ms,1,46,1.2081,ms
NOX,TT_PINN,cuda,2,1,latency_wall_batch1_ms,1,47,1.2204,ms
NOX,TT_PINN,cuda,2,1,latency_wall_batch1_ms,1,48,1.4305,ms
NOX,TT_PINN,cuda,2,1,latency_wall_batch1_ms,1,49,1.3346,ms
NOX,TT_PINN,cuda,2,1,latency_wall_batch1_ms,1,50,1.3547,ms
NOX,TT_PINN,cuda,2,1,latency_wall_batch1_ms,1,51,1.215,ms
NOX,TT_PINN,cuda,2,1,latency_wall_batch1_ms,1,52,1.2397,ms
NOX,TT_PINN,cuda,2,1,latency_wall_batch1_ms,1,53,1.2591,ms
NOX,TT_PINN,cuda,2,1,latency_wall_batch1_ms,1,54,1.2168,ms
NOX,TT_PINN,cuda,2,1,latency_wall_batch1_ms,1,55,1.1928,ms
NOX,TT_PINN,cuda,2,1,latency_wall_batch1_ms,1,56,1.2278,ms
NOX,TT_PINN,cuda,2,1,latency_wall_batch1_ms,1,57,1.221,ms
NOX,TT_PINN,cuda,2,1,latency_wall_batch1_ms,1,58,1.2223,ms
NOX,TT_PINN,cuda,2,1,latency_wall_batch1_ms,1,59,1.2114,ms
NOX,TT_PINN,cuda,2,1,latency_wall_batch1_ms,1,60,1.2452,ms
NOX,TT_PINN,cuda,2,1,latency_wall_batch1_ms,1,61,1.5423,ms
NOX,TT_PINN,cuda,2,1,latency_wall_batch1_ms,1,62,1.2446,ms
NOX,TT_PINN,cuda,2,1,latency_wall_batch1_ms,1,63,1.2115,ms
NOX,TT_PINN,cuda,2,1,latency_wall_batch1_ms,1,64,1.2407,ms
NOX,TT_PINN,cuda,2,1,latency_wall_batch1_ms,1,65,1.4393,ms
NOX,TT_PINN,cuda,2,1,latency_wall_batch1_ms,1,66,1.3286,ms
NOX,TT_PINN,cuda,2,1,latency_wall_batch1_ms,1,67,1.2627,ms
NOX,TT_PINN,cuda,2,1,latency_wall_batch1_ms,1,68,1.2559,ms
NOX,TT_PINN,cuda,2,1,latency_wall_batch1_ms,1,69,1.2721,ms
NOX,TT_PINN,cuda,2,1,latency_wall_batch1_ms,1,70,1.2534,ms
NOX,TT_PINN,cuda,2,1,latency_wall_batch1_ms,1,71,1.2521,ms
NOX,TT_PINN,cuda,2,1,latency_wall_batch1_ms,1,72,1.2211,ms
NOX,TT_PINN,cuda,2,1,latency_wall_batch1_ms,1,73,1.5375,ms
NOX,TT_PINN,cuda,2,1,latency_wall_batch1_ms,1,74,1.2435,ms
NOX,TT_PINN,cuda,2,1,latency_wall_batch1_ms,1,75,1.2205,ms
NOX,TT_PINN,cuda,2,1,latency_wall_batch1_ms,1,76,1.2226,ms
NOX,TT_PINN,cuda,2,1,latency_wall_batch1_ms,1,77,1.1833,ms
NOX,TT_PINN,cuda,2,1,latency_wall_batch1_ms,1,78,1.1967,ms
NOX,TT_PINN,cuda,2,1,latency_wall_batch1_ms,1,79,1.2279,ms
NOX,TT_PINN,cuda,2,1,latency_wall_batch1_ms,1,80,1.2247,ms
NOX,TT_PINN,cuda,2,1,latency_wall_batch1_ms,1,81,1.268,ms
NOX,TT_PINN,cuda,2,1,latency_wall_batch1_ms,1,82,1.2293,ms
NOX,TT_PINN,cuda,2,1,latency_wall_batch1_ms,1,83,1.231,ms
NOX,TT_PINN,cuda,2,1,latency_wall_batch1_ms,1,84,1.2333,ms
NOX,TT_PINN,cuda,2,1,latency_wall_batch1_ms,1,85,1.4537,ms
NOX,TT_PINN,cuda,2,1,latency_wall_batch1_ms,1,86,1.4292,ms
NOX,TT_PINN,cuda,2,1,latency_wall_batch1_ms,1,87,1.2886,ms
NOX,TT_PINN,cuda,2,1,latency_wall_batch1_ms,1,88,1.2427,ms
NOX,TT_PINN,cuda,2,1,latency_wall_batch1_ms,1,89,1.2359,ms
NOX,TT_PINN,cuda,2,1,latency_wall_batch1_ms,1,90,1.2635,ms
NOX,TT_PINN,cuda,2,1,latency_wall_batch1_ms,1,91,1.2709,ms
NOX,TT_PINN,cuda,2,1,latency_wall_batch1_ms,1,92,1.295,ms
NOX,TT_PINN,cuda,2,1,latency_wall_batch1_ms,1,93,1.2689,ms
NOX,TT_PINN,cuda,2,1,latency_wall_batch1_ms,1,94,1.246,ms
NOX,TT_PINN,cuda,2,1,latency_wall_batch1_ms,1,95,1.2211,ms
NOX,TT_PINN,cuda,2,1,latency_wall_batch1_ms,1,96,1.2778,ms
NOX,TT_PINN,cuda,2,1,latency_wall_batch1_ms,1,97,1.1771,ms
NOX,TT_PINN,cuda,2,1,latency_wall_batch1_ms,1,98,1.464,ms
NOX,TT_PINN,cuda,2,1,latency_wall_batch1_ms,1,99,1.216,ms
NOX,TT_PINN,cuda,2,1,latency_wall_batch1_ms,1,100,1.2043,ms
NOX,TT_PINN,cuda,2,1,latency_wall_batch1_ms,1,101,1.2193,ms
NOX,TT_PINN,cuda,2,1,latency_wall_batch1_ms,1,102,1.1943,ms
NOX,TT_PINN,cuda,2,1,latency_wall_batch1_ms,1,103,1.1924,ms
NOX,TT_PINN,cuda,2,1,latency_wall_batch1_ms,1,104,1.2017,ms
NOX,TT_PINN,cuda,2,1,latency_wall_batch1_ms,1,105,1.2458,ms
NOX,TT_PINN,cuda,2,1,latency_wall_batch1_ms,1,106,1.179,ms
NOX,TT_PINN,cuda,2,1,latency_wall_batch1_ms,1,107,1.1936,ms
NOX,TT_PINN,cuda,2,1,latency_wall_batch1_ms,1,108,1.1979,ms
NOX,TT_PINN,cuda,2,1,latency_wall_batch1_ms,1,109,1.2144,ms
NOX,TT_PINN,cuda,2,1,latency_wall_batch1_ms,1,110,1.3973,ms
NOX,TT_PINN,cuda,2,1,latency_wall_batch1_ms,1,111,1.2304,ms
NOX,TT_PINN,cuda,2,1,latency_wall_batch1_ms,1,112,1.2074,ms
NOX,TT_PINN,cuda,2,1,latency_wall_batch1_ms,1,113,1.2069,ms
NOX,TT_PINN,cuda,2,1,latency_wall_batch1_ms,1,114,1.2316,ms
NOX,TT_PINN,cuda,2,1,latency_wall_batch1_ms,1,115,1.2015,ms
NOX,TT_PINN,cuda,2,1,latency_wall_batch1_ms,1,116,1.2215,ms
NOX,TT_PINN,cuda,2,1,latency_wall_batch1_ms,1,117,1.1998,ms
NOX,TT_PINN,cuda,2,1,latency_wall_batch1_ms,1,118,1.5748,ms
NOX,TT_PINN,cuda,2,1,latency_wall_batch1_ms,1,119,1.4534,ms
NOX,TT_PINN,cuda,2,1,latency_wall_batch1_ms,1,120,1.2916,ms
NOX,TT_PINN,cuda,2,1,latency_wall_batch1_ms,1,121,1.2486,ms
NOX,TT_PINN,cuda,2,1,latency_wall_batch1_ms,1,122,1.1938,ms
NOX,TT_PINN,cuda,2,1,latency_wall_batch1_ms,1,123,1.4348,ms
NOX,TT_PINN,cuda,2,1,latency_wall_batch1_ms,1,124,1.365,ms
NOX,TT_PINN,cuda,2,1,latency_wall_batch1_ms,1,125,1.2199,ms
NOX,TT_PINN,cuda,2,1,latency_wall_batch1_ms,1,126,1.3831,ms
NOX,TT_PINN,cuda,2,1,latency_wall_batch1_ms,1,127,1.2479,ms
NOX,TT_PINN,cuda,2,1,latency_wall_batch1_ms,1,128,1.2244,ms
NOX,TT_PINN,cuda,2,1,latency_wall_batch1_ms,1,129,1.2101,ms
NOX,TT_PINN,cuda,2,1,latency_wall_batch1_ms,1,130,1.1851,ms
NOX,TT_PINN,cuda,2,1,latency_wall_batch1_ms,1,131,1.1888,ms
NOX,TT_PINN,cuda,2,1,latency_wall_batch1_ms,1,132,1.2006,ms
NOX,TT_PINN,cuda,2,1,latency_wall_batch1_ms,1,133,1.1719,ms
NOX,TT_PINN,cuda,2,1,latency_wall_batch1_ms,1,134,1.2132,ms
NOX,TT_PINN,cuda,2,1,latency_wall_batch1_ms,1,135,1.2339,ms
NOX,TT_PINN,cuda,2,1,latency_wall_batch1_ms,1,136,1.2121,ms
NOX,TT_PINN,cuda,2,1,latency_wall_batch1_ms,1,137,1.2253,ms
NOX,TT_PINN,cuda,2,1,latency_wall_batch1_ms,1,138,1.4025,ms
NOX,TT_PINN,cuda,2,1,latency_wall_batch1_ms,1,139,1.2889,ms
NOX,TT_PINN,cuda,2,1,latency_wall_batch1_ms,1,140,1.2309,ms
NOX,TT_PINN,cuda,2,1,latency_wall_batch1_ms,1,141,1.2467,ms
NOX,TT_PINN,cuda,2,1,latency_wall_batch1_ms,1,142,1.1989,ms
NOX,TT_PINN,cuda,2,1,latency_wall_batch1_ms,1,143,1.2081,ms
NOX,TT_PINN,cuda,2,1,latency_wall_batch1_ms,1,144,1.2652,ms
NOX,TT_PINN,cuda,2,1,latency_wall_batch1_ms,1,145,1.2269,ms
NOX,TT_PINN,cuda,2,1,latency_wall_batch1_ms,1,146,1.2199,ms
NOX,TT_PINN,cuda,2,1,latency_wall_batch1_ms,1,147,1.3882,ms
NOX,TT_PINN,cuda,2,1,latency_wall_batch1_ms,1,148,2.2273,ms
NOX,TT_PINN,cuda,2,1,latency_wall_batch1_ms,1,149,1.4108,ms
NOX,TT_PINN,cuda,2,1,latency_wall_batch1_ms,1,150,1.3509,ms
NOX,TT_PINN,cuda,2,1,latency_wall_batch1_ms,1,151,1.2552,ms
NOX,TT_PINN,cuda,2,1,latency_wall_batch1_ms,1,152,1.3384,ms
NOX,TT_PINN,cuda,2,1,latency_wall_batch1_ms,1,153,1.2402,ms
NOX,TT_PINN,cuda,2,1,latency_wall_batch1_ms,1,154,1.2224,ms
NOX,TT_PINN,cuda,2,1,latency_wall_batch1_ms,1,155,1.2147,ms
NOX,TT_PINN,cuda,2,1,latency_wall_batch1_ms,1,156,1.1802,ms
NOX,TT_PINN,cuda,2,1,latency_wall_batch1_ms,1,157,1.1968,ms
NOX,TT_PINN,cuda,2,1,latency_wall_batch1_ms,1,158,1.1849,ms
NOX,TT_PINN,cuda,2,1,latency_wall_batch1_ms,1,159,1.4029,ms
NOX,TT_PINN,cuda,2,1,latency_wall_batch1_ms,1,160,1.3436,ms
NOX,TT_PINN,cuda,2,1,latency_wall_batch1_ms,1,161,1.2558,ms
NOX,TT_PINN,cuda,2,1,latency_wall_batch1_ms,1,162,1.3845,ms
NOX,TT_PINN,cuda,2,1,latency_wall_batch1_ms,1,163,1.2635,ms
NOX,TT_PINN,cuda,2,1,latency_wall_batch1_ms,1,164,1.1761,ms
NOX,TT_PINN,cuda,2,1,latency_wall_batch1_ms,1,165,1.2059,ms
NOX,TT_PINN,cuda,2,1,latency_wall_batch1_ms,1,166,1.1859,ms
NOX,TT_PINN,cuda,2,1,latency_wall_batch1_ms,1,167,1.2079,ms
NOX,TT_PINN,cuda,2,1,latency_wall_batch1_ms,1,168,1.1987,ms
NOX,TT_PINN,cuda,2,1,latency_wall_batch1_ms,1,169,1.1871,ms
NOX,TT_PINN,cuda,2,1,latency_wall_batch1_ms,1,170,1.5149,ms
NOX,TT_PINN,cuda,2,1,latency_wall_batch1_ms,1,171,2.3935,ms
NOX,TT_PINN,cuda,2,1,latency_wall_batch1_ms,1,172,1.8469,ms
NOX,TT_PINN,cuda,2,1,latency_wall_batch1_ms,1,173,1.6591,ms
NOX,TT_PINN,cuda,2,1,latency_wall_batch1_ms,1,174,1.6403,ms
NOX,TT_PINN,cuda,2,1,latency_wall_batch1_ms,1,175,2.0758,ms
NOX,TT_PINN,cuda,2,1,latency_wall_batch1_ms,1,176,2.0823,ms
NOX,TT_PINN,cuda,2,1,latency_wall_batch1_ms,1,177,2.3017,ms
NOX,TT_PINN,cuda,2,1,latency_wall_batch1_ms,1,178,1.6302,ms
NOX,TT_PINN,cuda,2,1,latency_wall_batch1_ms,1,179,1.8652,ms
NOX,TT_PINN,cuda,2,1,latency_wall_batch1_ms,1,180,2.028,ms
NOX,TT_PINN,cuda,2,1,latency_wall_batch1_ms,1,181,2.0991,ms
NOX,TT_PINN,cuda,2,1,latency_wall_batch1_ms,1,182,2.0392,ms
NOX,TT_PINN,cuda,2,1,latency_wall_batch1_ms,1,183,1.721,ms
NOX,TT_PINN,cuda,2,1,latency_wall_batch1_ms,1,184,1.3329,ms
NOX,TT_PINN,cuda,2,1,latency_wall_batch1_ms,1,185,1.8551,ms
NOX,TT_PINN,cuda,2,1,latency_wall_batch1_ms,1,186,2.0282,ms
NOX,TT_PINN,cuda,2,1,latency_wall_batch1_ms,1,187,2.5838,ms
NOX,TT_PINN,cuda,2,1,latency_wall_batch1_ms,1,188,1.4986,ms
NOX,TT_PINN,cuda,2,1,latency_wall_batch1_ms,1,189,1.9689,ms
NOX,TT_PINN,cuda,2,1,latency_wall_batch1_ms,1,190,1.9716,ms
NOX,TT_PINN,cuda,2,1,latency_wall_batch1_ms,1,191,1.674,ms
NOX,TT_PINN,cuda,2,1,latency_wall_batch1_ms,1,192,1.2465,ms
NOX,TT_PINN,cuda,2,1,latency_wall_batch1_ms,1,193,1.1605,ms
NOX,TT_PINN,cuda,2,1,latency_wall_batch1_ms,1,194,1.2376,ms
NOX,TT_PINN,cuda,2,1,latency_wall_batch1_ms,1,195,1.2187,ms
NOX,TT_PINN,cuda,2,1,latency_wall_batch1_ms,1,196,1.1821,ms
NOX,TT_PINN,cuda,2,1,latency_wall_batch1_ms,1,197,1.3397,ms
NOX,TT_PINN,cuda,2,1,latency_wall_batch1_ms,1,198,1.248,ms
NOX,TT_PINN,cuda,2,1,latency_wall_batch1_ms,1,199,1.2259,ms
NOX,TT_PINN,cuda,2,1,latency_wall_batch1_ms,1,200,1.2275,ms
NOX,TT_PINN,cuda,2,1,latency_wall_batch1_ms,1,201,1.2215,ms
NOX,TT_PINN,cuda,2,1,latency_wall_batch1_ms,1,202,1.212,ms
NOX,TT_PINN,cuda,2,1,latency_wall_batch1_ms,1,203,1.2079,ms
NOX,TT_PINN,cuda,2,1,latency_wall_batch1_ms,1,204,1.2124,ms
NOX,TT_PINN,cuda,2,1,latency_wall_batch1_ms,1,205,1.1815,ms
NOX,TT_PINN,cuda,2,1,latency_wall_batch1_ms,1,206,1.2129,ms
NOX,TT_PINN,cuda,2,1,latency_wall_batch1_ms,1,207,1.2201,ms
NOX,TT_PINN,cuda,2,1,latency_wall_batch1_ms,1,208,1.1915,ms
NOX,TT_PINN,cuda,2,1,latency_wall_batch1_ms,1,209,1.2041,ms
NOX,TT_PINN,cuda,2,1,latency_wall_batch1_ms,1,210,1.3967,ms
NOX,TT_PINN,cuda,2,1,latency_wall_batch1_ms,1,211,1.4344,ms
NOX,TT_PINN,cuda,2,1,latency_wall_batch1_ms,1,212,1.2407,ms
NOX,TT_PINN,cuda,2,1,latency_wall_batch1_ms,1,213,1.2008,ms
NOX,TT_PINN,cuda,2,1,latency_wall_batch1_ms,1,214,1.2356,ms
NOX,TT_PINN,cuda,2,1,latency_wall_batch1_ms,1,215,1.2129,ms
NOX,TT_PINN,cuda,2,1,latency_wall_batch1_ms,1,216,1.2104,ms
NOX,TT_PINN,cuda,2,1,latency_wall_batch1_ms,1,217,1.1408,ms
NOX,TT_PINN,cuda,2,1,latency_wall_batch1_ms,1,218,1.2072,ms
NOX,TT_PINN,cuda,2,1,latency_wall_batch1_ms,1,219,1.1831,ms
NOX,TT_PINN,cuda,2,1,latency_wall_batch1_ms,1,220,1.197,ms
NOX,TT_PINN,cuda,2,1,latency_wall_batch1_ms,1,221,1.203,ms
NOX,TT_PINN,cuda,2,1,latency_wall_batch1_ms,1,222,1.19,ms
NOX,TT_PINN,cuda,2,1,latency_wall_batch1_ms,1,223,1.3719,ms
NOX,TT_PINN,cuda,2,1,latency_wall_batch1_ms,1,224,2.0527,ms
NOX,TT_PINN,cuda,2,1,latency_wall_batch1_ms,1,225,1.9981,ms
NOX,TT_PINN,cuda,2,1,latency_wall_batch1_ms,1,226,2.0632,ms
NOX,TT_PINN,cuda,2,1,latency_wall_batch1_ms,1,227,2.0062,ms
NOX,TT_PINN,cuda,2,1,latency_wall_batch1_ms,1,228,1.9723,ms
NOX,TT_PINN,cuda,2,1,latency_wall_batch1_ms,1,229,1.2649,ms
NOX,TT_PINN,cuda,2,1,latency_wall_batch1_ms,1,230,2.4204,ms
NOX,TT_PINN,cuda,2,1,latency_wall_batch1_ms,1,231,2.1011,ms
NOX,TT_PINN,cuda,2,1,latency_wall_batch1_ms,1,232,1.9993,ms
NOX,TT_PINN,cuda,2,1,latency_wall_batch1_ms,1,233,2.0022,ms
NOX,TT_PINN,cuda,2,1,latency_wall_batch1_ms,1,234,2.1417,ms
NOX,TT_PINN,cuda,2,1,latency_wall_batch1_ms,1,235,1.991,ms
NOX,TT_PINN,cuda,2,1,latency_wall_batch1_ms,1,236,1.9605,ms
NOX,TT_PINN,cuda,2,1,latency_wall_batch1_ms,1,237,1.9543,ms
NOX,TT_PINN,cuda,2,1,latency_wall_batch1_ms,1,238,1.9527,ms
NOX,TT_PINN,cuda,2,1,latency_wall_batch1_ms,1,239,2.237,ms
NOX,TT_PINN,cuda,2,1,latency_wall_batch1_ms,1,240,1.9673,ms
NOX,TT_PINN,cuda,2,1,latency_wall_batch1_ms,1,241,1.6956,ms
NOX,TT_PINN,cuda,2,1,latency_wall_batch1_ms,1,242,1.2381,ms
NOX,TT_PINN,cuda,2,1,latency_wall_batch1_ms,1,243,1.2132,ms
NOX,TT_PINN,cuda,2,1,latency_wall_batch1_ms,1,244,1.2049,ms
NOX,TT_PINN,cuda,2,1,latency_wall_batch1_ms,1,245,1.192,ms
NOX,TT_PINN,cuda,2,1,latency_wall_batch1_ms,1,246,1.2338,ms
NOX,TT_PINN,cuda,2,1,latency_wall_batch1_ms,1,247,1.2299,ms
NOX,TT_PINN,cuda,2,1,latency_wall_batch1_ms,1,248,1.1896,ms
NOX,TT_PINN,cuda,2,1,latency_wall_batch1_ms,1,249,1.2044,ms
NOX,TT_PINN,cuda,2,1,latency_wall_batch1_ms,1,250,1.1857,ms
NOX,TT_PINN,cuda,2,1,latency_wall_batch1_ms,1,251,1.215,ms
NOX,TT_PINN,cuda,2,1,latency_wall_batch1_ms,1,252,1.2167,ms
NOX,TT_PINN,cuda,2,1,latency_wall_batch1_ms,1,253,1.4767,ms
NOX,TT_PINN,cuda,2,1,latency_wall_batch1_ms,1,254,1.3409,ms
NOX,TT_PINN,cuda,2,1,latency_wall_batch1_ms,1,255,1.2612,ms
NOX,TT_PINN,cuda,2,1,latency_wall_batch1_ms,1,256,1.2749,ms
NOX,TT_PINN,cuda,2,1,latency_wall_batch1_ms,1,257,1.2218,ms
NOX,TT_PINN,cuda,2,1,latency_wall_batch1_ms,1,258,1.2072,ms
NOX,TT_PINN,cuda,2,1,latency_wall_batch1_ms,1,259,1.1936,ms
NOX,TT_PINN,cuda,2,1,latency_wall_batch1_ms,1,260,1.2139,ms
NOX,TT_PINN,cuda,2,1,latency_wall_batch1_ms,1,261,1.1999,ms
NOX,TT_PINN,cuda,2,1,latency_wall_batch1_ms,1,262,1.1869,ms
NOX,TT_PINN,cuda,2,1,latency_wall_batch1_ms,1,263,1.2198,ms
NOX,TT_PINN,cuda,2,1,latency_wall_batch1_ms,1,264,1.2001,ms
NOX,TT_PINN,cuda,2,1,latency_wall_batch1_ms,1,265,1.4402,ms
NOX,TT_PINN,cuda,2,1,latency_wall_batch1_ms,1,266,1.2952,ms
NOX,TT_PINN,cuda,2,1,latency_wall_batch1_ms,1,267,1.2715,ms
NOX,TT_PINN,cuda,2,1,latency_wall_batch1_ms,1,268,1.2263,ms
NOX,TT_PINN,cuda,2,1,latency_wall_batch1_ms,1,269,1.235,ms
NOX,TT_PINN,cuda,2,1,latency_wall_batch1_ms,1,270,1.2262,ms
NOX,TT_PINN,cuda,2,1,latency_wall_batch1_ms,1,271,1.2159,ms
NOX,TT_PINN,cuda,2,1,latency_wall_batch1_ms,1,272,1.3956,ms
NOX,TT_PINN,cuda,2,1,latency_wall_batch1_ms,1,273,1.3858,ms
NOX,TT_PINN,cuda,2,1,latency_wall_batch1_ms,1,274,1.2549,ms
NOX,TT_PINN,cuda,2,1,latency_wall_batch1_ms,1,275,1.2167,ms
NOX,TT_PINN,cuda,2,1,latency_wall_batch1_ms,1,276,1.2202,ms
NOX,TT_PINN,cuda,2,1,latency_wall_batch1_ms,1,277,1.2569,ms
NOX,TT_PINN,cuda,2,1,latency_wall_batch1_ms,1,278,1.4569,ms
NOX,TT_PINN,cuda,2,1,latency_wall_batch1_ms,1,279,1.3952,ms
NOX,TT_PINN,cuda,2,1,latency_wall_batch1_ms,1,280,1.2342,ms
NOX,TT_PINN,cuda,2,1,latency_wall_batch1_ms,1,281,1.2145,ms
NOX,TT_PINN,cuda,2,1,latency_wall_batch1_ms,1,282,1.2019,ms
NOX,TT_PINN,cuda,2,1,latency_wall_batch1_ms,1,283,1.2249,ms
NOX,TT_PINN,cuda,2,1,latency_wall_batch1_ms,1,284,1.2332,ms
NOX,TT_PINN,cuda,2,1,latency_wall_batch1_ms,1,285,1.2053,ms
NOX,TT_PINN,cuda,2,1,latency_wall_batch1_ms,1,286,1.1962,ms
NOX,TT_PINN,cuda,2,1,latency_wall_batch1_ms,1,287,1.362,ms
NOX,TT_PINN,cuda,2,1,latency_wall_batch1_ms,1,288,1.25,ms
NOX,TT_PINN,cuda,2,1,latency_wall_batch1_ms,1,289,1.2491,ms
NOX,TT_PINN,cuda,2,1,latency_wall_batch1_ms,1,290,1.2375,ms
NOX,TT_PINN,cuda,2,1,latency_wall_batch1_ms,1,291,1.2133,ms
NOX,TT_PINN,cuda,2,1,latency_wall_batch1_ms,1,292,1.1883,ms
NOX,TT_PINN,cuda,2,1,latency_wall_batch1_ms,1,293,1.1942,ms
NOX,TT_PINN,cuda,2,1,latency_wall_batch1_ms,1,294,1.1695,ms
NOX,TT_PINN,cuda,2,1,latency_wall_batch1_ms,1,295,1.2075,ms
NOX,TT_PINN,cuda,2,1,latency_wall_batch1_ms,1,296,1.1846,ms
NOX,TT_PINN,cuda,2,1,latency_wall_batch1_ms,1,297,1.1858,ms
NOX,TT_PINN,cuda,2,1,latency_wall_batch1_ms,1,298,1.1608,ms
NOX,TT_PINN,cuda,2,1,latency_wall_batch1_ms,1,299,1.1764,ms
NOX,TT_PINN,cuda,2,1,latency_wall_batch1_ms,1,300,1.1821,ms
NOX,TT_PINN,cuda,2,1,latency_wall_batch1_ms,1,301,1.167,ms
NOX,TT_PINN,cuda,2,1,latency_wall_batch1_ms,1,302,1.1754,ms
NOX,TT_PINN,cuda,2,1,latency_wall_batch1_ms,1,303,1.3314,ms
NOX,TT_PINN,cuda,2,1,latency_wall_batch1_ms,1,304,1.2901,ms
NOX,TT_PINN,cuda,2,1,latency_wall_batch1_ms,1,305,1.2508,ms
NOX,TT_PINN,cuda,2,1,latency_wall_batch1_ms,1,306,1.3265,ms
NOX,TT_PINN,cuda,2,1,latency_wall_batch1_ms,1,307,1.2323,ms
NOX,TT_PINN,cuda,2,1,latency_wall_batch1_ms,1,308,1.1956,ms
NOX,TT_PINN,cuda,2,1,latency_wall_batch1_ms,1,309,1.197,ms
NOX,TT_PINN,cuda,2,1,latency_wall_batch1_ms,1,310,1.1587,ms
NOX,TT_PINN,cuda,2,1,latency_wall_batch1_ms,1,311,1.1875,ms
NOX,TT_PINN,cuda,2,1,latency_wall_batch1_ms,1,312,1.1552,ms
NOX,TT_PINN,cuda,2,1,latency_wall_batch1_ms,1,313,1.1996,ms
NOX,TT_PINN,cuda,2,1,latency_wall_batch1_ms,1,314,1.1612,ms
NOX,TT_PINN,cuda,2,1,latency_wall_batch1_ms,1,315,1.1886,ms
NOX,TT_PINN,cuda,2,1,latency_wall_batch1_ms,1,316,1.4179,ms
NOX,TT_PINN,cuda,2,1,latency_wall_batch1_ms,1,317,1.3583,ms
NOX,TT_PINN,cuda,2,1,latency_wall_batch1_ms,1,318,1.2199,ms
NOX,TT_PINN,cuda,2,1,latency_wall_batch1_ms,1,319,1.2742,ms
NOX,TT_PINN,cuda,2,1,latency_wall_batch1_ms,1,320,1.2523,ms
NOX,TT_PINN,cuda,2,1,latency_wall_batch1_ms,1,321,1.3635,ms
NOX,TT_PINN,cuda,2,1,latency_wall_batch1_ms,1,322,1.2797,ms
NOX,TT_PINN,cuda,2,1,latency_wall_batch1_ms,1,323,1.2672,ms
NOX,TT_PINN,cuda,2,1,latency_wall_batch1_ms,1,324,1.2828,ms
NOX,TT_PINN,cuda,2,1,latency_wall_batch1_ms,1,325,1.2811,ms
NOX,TT_PINN,cuda,2,1,latency_wall_batch1_ms,1,326,1.1981,ms
NOX,TT_PINN,cuda,2,1,latency_wall_batch1_ms,1,327,1.3292,ms
NOX,TT_PINN,cuda,2,1,latency_wall_batch1_ms,1,328,1.2779,ms
NOX,TT_PINN,cuda,2,1,latency_wall_batch1_ms,1,329,1.2228,ms
NOX,TT_PINN,cuda,2,1,latency_wall_batch1_ms,1,330,1.2333,ms
NOX,TT_PINN,cuda,2,1,latency_wall_batch1_ms,1,331,1.2372,ms
NOX,TT_PINN,cuda,2,1,latency_wall_batch1_ms,1,332,1.2303,ms
NOX,TT_PINN,cuda,2,1,latency_wall_batch1_ms,1,333,1.357,ms
NOX,TT_PINN,cuda,2,1,latency_wall_batch1_ms,1,334,1.2089,ms
NOX,TT_PINN,cuda,2,1,latency_wall_batch1_ms,1,335,1.1729,ms
NOX,TT_PINN,cuda,2,1,latency_wall_batch1_ms,1,336,1.154,ms
NOX,TT_PINN,cuda,2,1,latency_wall_batch1_ms,1,337,1.8838,ms
NOX,TT_PINN,cuda,2,1,latency_wall_batch1_ms,1,338,1.9732,ms
NOX,TT_PINN,cuda,2,1,latency_wall_batch1_ms,1,339,2.3777,ms
NOX,TT_PINN,cuda,2,1,latency_wall_batch1_ms,1,340,1.3913,ms
NOX,TT_PINN,cuda,2,1,latency_wall_batch1_ms,1,341,1.3002,ms
NOX,TT_PINN,cuda,2,1,latency_wall_batch1_ms,1,342,1.2357,ms
NOX,TT_PINN,cuda,2,1,latency_wall_batch1_ms,1,343,1.2132,ms
NOX,TT_PINN,cuda,2,1,latency_wall_batch1_ms,1,344,1.2236,ms
NOX,TT_PINN,cuda,2,1,latency_wall_batch1_ms,1,345,1.2213,ms
NOX,TT_PINN,cuda,2,1,latency_wall_batch1_ms,1,346,1.1993,ms
NOX,TT_PINN,cuda,2,1,latency_wall_batch1_ms,1,347,1.2241,ms
NOX,TT_PINN,cuda,2,1,latency_wall_batch1_ms,1,348,1.9111,ms
NOX,TT_PINN,cuda,2,1,latency_wall_batch1_ms,1,349,2.7072,ms
NOX,TT_PINN,cuda,2,1,latency_wall_batch1_ms,1,350,1.331,ms
NOX,TT_PINN,cuda,2,1,latency_wall_batch1_ms,1,351,1.4617,ms
NOX,TT_PINN,cuda,2,1,latency_wall_batch1_ms,1,352,1.7428,ms
NOX,TT_PINN,cuda,2,1,latency_wall_batch1_ms,1,353,1.2148,ms
NOX,TT_PINN,cuda,2,1,latency_wall_batch1_ms,1,354,1.1919,ms
NOX,TT_PINN,cuda,2,1,latency_wall_batch1_ms,1,355,1.1848,ms
NOX,TT_PINN,cuda,2,1,latency_wall_batch1_ms,1,356,1.3367,ms
NOX,TT_PINN,cuda,2,1,latency_wall_batch1_ms,1,357,1.609,ms
NOX,TT_PINN,cuda,2,1,latency_wall_batch1_ms,1,358,1.3928,ms
NOX,TT_PINN,cuda,2,1,latency_wall_batch1_ms,1,359,1.6144,ms
NOX,TT_PINN,cuda,2,1,latency_wall_batch1_ms,1,360,2.7788,ms
NOX,TT_PINN,cuda,2,1,latency_wall_batch1_ms,1,361,2.7054,ms
NOX,TT_PINN,cuda,2,1,latency_wall_batch1_ms,1,362,2.6292,ms
NOX,TT_PINN,cuda,2,1,latency_wall_batch1_ms,1,363,2.6411,ms
NOX,TT_PINN,cuda,2,1,latency_wall_batch1_ms,1,364,2.5677,ms
NOX,TT_PINN,cuda,2,1,latency_wall_batch1_ms,1,365,2.6503,ms
NOX,TT_PINN,cuda,2,1,latency_wall_batch1_ms,1,366,2.5883,ms
NOX,TT_PINN,cuda,2,1,latency_wall_batch1_ms,1,367,2.5927,ms
NOX,TT_PINN,cuda,2,1,latency_wall_batch1_ms,1,368,2.5674,ms
NOX,TT_PINN,cuda,2,1,latency_wall_batch1_ms,1,369,4.5464,ms
NOX,TT_PINN,cuda,2,1,latency_wall_batch1_ms,1,370,2.7142,ms
NOX,TT_PINN,cuda,2,1,latency_wall_batch1_ms,1,371,2.5531,ms
NOX,TT_PINN,cuda,2,1,latency_wall_batch1_ms,1,372,2.5298,ms
NOX,TT_PINN,cuda,2,1,latency_wall_batch1_ms,1,373,2.5279,ms
NOX,TT_PINN,cuda,2,1,latency_wall_batch1_ms,1,374,2.648,ms
NOX,TT_PINN,cuda,2,1,latency_wall_batch1_ms,1,375,2.6832,ms
NOX,TT_PINN,cuda,2,1,latency_wall_batch1_ms,1,376,2.6299,ms
NOX,TT_PINN,cuda,2,1,latency_wall_batch1_ms,1,377,2.5659,ms
NOX,TT_PINN,cuda,2,1,latency_wall_batch1_ms,1,378,2.5559,ms
NOX,TT_PINN,cuda,2,1,latency_wall_batch1_ms,1,379,2.538,ms
NOX,TT_PINN,cuda,2,1,latency_wall_batch1_ms,1,380,2.6789,ms
NOX,TT_PINN,cuda,2,1,latency_wall_batch1_ms,1,381,2.5397,ms
NOX,TT_PINN,cuda,2,1,latency_wall_batch1_ms,1,382,2.5742,ms
NOX,TT_PINN,cuda,2,1,latency_wall_batch1_ms,1,383,2.5356,ms
NOX,TT_PINN,cuda,2,1,latency_wall_batch1_ms,1,384,2.533,ms
NOX,TT_PINN,cuda,2,1,latency_wall_batch1_ms,1,385,2.5108,ms
NOX,TT_PINN,cuda,2,1,latency_wall_batch1_ms,1,386,2.5154,ms
NOX,TT_PINN,cuda,2,1,latency_wall_batch1_ms,1,387,2.5045,ms
NOX,TT_PINN,cuda,2,1,latency_wall_batch1_ms,1,388,2.9951,ms
NOX,TT_PINN,cuda,2,1,latency_wall_batch1_ms,1,389,1.4449,ms
NOX,TT_PINN,cuda,2,1,latency_wall_batch1_ms,1,390,1.1993,ms
NOX,TT_PINN,cuda,2,1,latency_wall_batch1_ms,1,391,1.2647,ms
NOX,TT_PINN,cuda,2,1,latency_wall_batch1_ms,1,392,1.3408,ms
NOX,TT_PINN,cuda,2,1,latency_wall_batch1_ms,1,393,1.209,ms
NOX,TT_PINN,cuda,2,1,latency_wall_batch1_ms,1,394,1.3082,ms
NOX,TT_PINN,cuda,2,1,latency_wall_batch1_ms,1,395,1.2221,ms
NOX,TT_PINN,cuda,2,1,latency_wall_batch1_ms,1,396,1.2197,ms
NOX,TT_PINN,cuda,2,1,latency_wall_batch1_ms,1,397,1.2133,ms
NOX,TT_PINN,cuda,2,1,latency_wall_batch1_ms,1,398,1.3523,ms
NOX,TT_PINN,cuda,2,1,latency_wall_batch1_ms,1,399,1.4209,ms
NOX,TT_PINN,cuda,2,1,throughput_rows_s,1,0,603.864734299517,rows/s
NOX,TT_PINN,cuda,2,1,throughput_rows_s,1,1,794.9757532395263,rows/s
NOX,TT_PINN,cuda,2,1,throughput_rows_s,1,2,773.096250483185,rows/s
NOX,TT_PINN,cuda,2,1,throughput_rows_s,1,3,602.990834539315,rows/s
NOX,TT_PINN,cuda,2,1,throughput_rows_s,1,4,764.0003056001223,rows/s
NOX,TT_PINN,cuda,2,1,throughput_rows_s,1,5,825.1505899826719,rows/s
NOX,TT_PINN,cuda,2,1,throughput_rows_s,1,6,822.5713580653122,rows/s
NOX,TT_PINN,cuda,2,1,throughput_rows_s,1,7,834.0283569641368,rows/s
NOX,TT_PINN,cuda,2,1,throughput_rows_s,1,8,617.5889328063241,rows/s
NOX,TT_PINN,cuda,2,1,throughput_rows_s,1,9,459.1157430788302,rows/s
NOX,TT_PINN,cuda,2,1,throughput_rows_s,1,10,562.3348141483439,rows/s
NOX,TT_PINN,cuda,2,1,throughput_rows_s,1,11,790.4513477195479,rows/s
NOX,TT_PINN,cuda,2,1,throughput_rows_s,1,12,259.5043466978072,rows/s
NOX,TT_PINN,cuda,2,1,throughput_rows_s,1,13,95.66540069453082,rows/s
NOX,TT_PINN,cuda,2,1,throughput_rows_s,1,14,313.39120624275284,rows/s
NOX,TT_PINN,cuda,2,1,throughput_rows_s,1,15,479.38638542665393,rows/s
NOX,TT_PINN,cuda,2,1,throughput_rows_s,1,16,496.45037978454053,rows/s
NOX,TT_PINN,cuda,2,1,throughput_rows_s,1,17,502.94221193984805,rows/s
NOX,TT_PINN,cuda,2,1,throughput_rows_s,1,18,502.7904872039821,rows/s
NOX,TT_PINN,cuda,2,1,throughput_rows_s,1,19,592.9088106249259,rows/s
NOX,TT_PINN,cuda,2,1,throughput_rows_s,1,20,780.64012490242,rows/s
NOX,TT_PINN,cuda,2,1,throughput_rows_s,1,21,797.3210014351778,rows/s
NOX,TT_PINN,cuda,2,1,throughput_rows_s,1,22,808.7343307723413,rows/s
NOX,TT_PINN,cuda,2,1,throughput_rows_s,1,23,523.8893545683152,rows/s
NOX,TT_PINN,cuda,2,1,throughput_rows_s,16,0,7882.16168284152,rows/s
NOX,TT_PINN,cuda,2,1,throughput_rows_s,16,1,7867.046907267186,rows/s
NOX,TT_PINN,cuda,2,1,throughput_rows_s,16,2,7659.533725884436,rows/s
NOX,TT_PINN,cuda,2,1,throughput_rows_s,16,3,10638.297872340427,rows/s
NOX,TT_PINN,cuda,2,1,throughput_rows_s,16,4,11326.631742885458,rows/s
NOX,TT_PINN,cuda,2,1,throughput_rows_s,16,5,11504.170261719873,rows/s
NOX,TT_PINN,cuda,2,1,throughput_rows_s,16,6,5401.390858145972,rows/s
NOX,TT_PINN,cuda,2,1,throughput_rows_s,16,7,11795.060818282343,rows/s
NOX,TT_PINN,cuda,2,1,throughput_rows_s,16,8,7409.808734312046,rows/s
NOX,TT_PINN,cuda,2,1,throughput_rows_s,16,9,6475.635421725757,rows/s
NOX,TT_PINN,cuda,2,1,throughput_rows_s,16,10,6272.296052373672,rows/s
NOX,TT_PINN,cuda,2,1,throughput_rows_s,16,11,6309.645871125484,rows/s
NOX,TT_PINN,cuda,2,1,throughput_rows_s,16,12,6438.372701299746,rows/s
NOX,TT_PINN,cuda,2,1,throughput_rows_s,16,13,6629.376424280092,rows/s
NOX,TT_PINN,cuda,2,1,throughput_rows_s,16,14,6425.444761254568,rows/s
NOX,TT_PINN,cuda,2,1,throughput_rows_s,16,15,6283.133712939328,rows/s
NOX,TT_PINN,cuda,2,1,throughput_rows_s,16,16,6054.184955350386,rows/s
NOX,TT_PINN,cuda,2,1,throughput_rows_s,16,17,2323.049001814882,rows/s
NOX,TT_PINN,cuda,2,1,throughput_rows_s,16,18,8802.332618143808,rows/s
NOX,TT_PINN,cuda,2,1,throughput_rows_s,16,19,10628.40441078783,rows/s
NOX,TT_PINN,cuda,2,1,throughput_rows_s,16,20,11131.983580324219,rows/s
NOX,TT_PINN,cuda,2,1,throughput_rows_s,16,21,11132.75814082939,rows/s
NOX,TT_PINN,cuda,2,1,throughput_rows_s,16,22,11304.224954076586,rows/s
NOX,TT_PINN,cuda,2,1,throughput_rows_s,16,23,9958.299620339827,rows/s
NOX,TT_PINN,cuda,2,1,throughput_rows_s,64,0,44435.18711379574,rows/s
NOX,TT_PINN,cuda,2,1,throughput_rows_s,64,1,44677.13787085514,rows/s
NOX,TT_PINN,cuda,2,1,throughput_rows_s,64,2,40365.81520025229,rows/s
NOX,TT_PINN,cuda,2,1,throughput_rows_s,64,3,25531.575377987,rows/s
NOX,TT_PINN,cuda,2,1,throughput_rows_s,64,4,25899.397029662905,rows/s
NOX,TT_PINN,cuda,2,1,throughput_rows_s,64,5,22849.798279124567,rows/s
NOX,TT_PINN,cuda,2,1,throughput_rows_s,64,6,41421.26723189437,rows/s
NOX,TT_PINN,cuda,2,1,throughput_rows_s,64,7,26087.310968899037,rows/s
NOX,TT_PINN,cuda,2,1,throughput_rows_s,64,8,24669.467679142737,rows/s
NOX,TT_PINN,cuda,2,1,throughput_rows_s,64,9,25781.501772478245,rows/s
NOX,TT_PINN,cuda,2,1,throughput_rows_s,64,10,25406.907502977374,rows/s
NOX,TT_PINN,cuda,2,1,throughput_rows_s,64,11,11063.859212391522,rows/s
NOX,TT_PINN,cuda,2,1,throughput_rows_s,64,12,12637.481981715144,rows/s
NOX,TT_PINN,cuda,2,1,throughput_rows_s,64,13,25778.38643412414,rows/s
NOX,TT_PINN,cuda,2,1,throughput_rows_s,64,14,25833.535157826755,rows/s
NOX,TT_PINN,cuda,2,1,throughput_rows_s,64,15,22526.486220126008,rows/s
NOX,TT_PINN,cuda,2,1,throughput_rows_s,64,16,6988.501730746132,rows/s
NOX,TT_PINN,cuda,2,1,throughput_rows_s,64,17,22699.06011704203,rows/s
NOX,TT_PINN,cuda,2,1,throughput_rows_s,64,18,40821.53335884679,rows/s
NOX,TT_PINN,cuda,2,1,throughput_rows_s,64,19,19268.402830046667,rows/s
NOX,TT_PINN,cuda,2,1,throughput_rows_s,64,20,12373.366328976877,rows/s
NOX,TT_PINN,cuda,2,1,throughput_rows_s,64,21,32488.95883039748,rows/s
NOX,TT_PINN,cuda,2,1,throughput_rows_s,64,22,25613.31892584144,rows/s
NOX,TT_PINN,cuda,2,1,throughput_rows_s,64,23,26146.99513829309,rows/s
NOX,TT_PINN,cuda,2,1,throughput_rows_s,256,0,177346.72670592312,rows/s
NOX,TT_PINN,cuda,2,1,throughput_rows_s,256,1,93478.41963046812,rows/s
NOX,TT_PINN,cuda,2,1,throughput_rows_s,256,2,86137.28129205923,rows/s
NOX,TT_PINN,cuda,2,1,throughput_rows_s,256,3,177814.82253247206,rows/s
NOX,TT_PINN,cuda,2,1,throughput_rows_s,256,4,179964.8506151142,rows/s
NOX,TT_PINN,cuda,2,1,throughput_rows_s,256,5,181960.3383325041,rows/s
NOX,TT_PINN,cuda,2,1,throughput_rows_s,256,6,156670.74663402693,rows/s
NOX,TT_PINN,cuda,2,1,throughput_rows_s,256,7,170894.52603471297,rows/s
NOX,TT_PINN,cuda,2,1,throughput_rows_s,256,8,176308.53994490358,rows/s
NOX,TT_PINN,cuda,2,1,throughput_rows_s,256,9,169267.38957947635,rows/s
NOX,TT_PINN,cuda,2,1,throughput_rows_s,256,10,166655.81667860164,rows/s
NOX,TT_PINN,cuda,2,1,throughput_rows_s,256,11,156689.92532745746,rows/s
NOX,TT_PINN,cuda,2,1,throughput_rows_s,256,12,156049.98476074368,rows/s
NOX,TT_PINN,cuda,2,1,throughput_rows_s,256,13,170507.52630877844,rows/s
NOX,TT_PINN,cuda,2,1,throughput_rows_s,256,14,169783.7909537074,rows/s
NOX,TT_PINN,cuda,2,1,throughput_rows_s,256,15,179661.73064776475,rows/s
NOX,TT_PINN,cuda,2,1,throughput_rows_s,256,16,149140.69327119138,rows/s
NOX,TT_PINN,cuda,2,1,throughput_rows_s,256,17,147456.94372443983,rows/s
NOX,TT_PINN,cuda,2,1,throughput_rows_s,256,18,163026.17334267337,rows/s
NOX,TT_PINN,cuda,2,1,throughput_rows_s,256,19,173312.57193148736,rows/s
NOX,TT_PINN,cuda,2,1,throughput_rows_s,256,20,175655.27651982984,rows/s
NOX,TT_PINN,cuda,2,1,throughput_rows_s,256,21,168798.62851114335,rows/s
NOX,TT_PINN,cuda,2,1,throughput_rows_s,256,22,178000.2781254346,rows/s
NOX,TT_PINN,cuda,2,1,throughput_rows_s,256,23,176734.55298584743,rows/s
NOX,TT_PINN,cuda,2,1,throughput_rows_s,1024,0,699310.2506317012,rows/s
NOX,TT_PINN,cuda,2,1,throughput_rows_s,1024,1,683623.7399025302,rows/s
NOX,TT_PINN,cuda,2,1,throughput_rows_s,1024,2,664503.569110967,rows/s
NOX,TT_PINN,cuda,2,1,throughput_rows_s,1024,3,714435.2194237076,rows/s
NOX,TT_PINN,cuda,2,1,throughput_rows_s,1024,4,402452.44458418485,rows/s
NOX,TT_PINN,cuda,2,1,throughput_rows_s,1024,5,531230.545756381,rows/s
NOX,TT_PINN,cuda,2,1,throughput_rows_s,1024,6,562544.6354996429,rows/s
NOX,TT_PINN,cuda,2,1,throughput_rows_s,1024,7,646219.8662122933,rows/s
NOX,TT_PINN,cuda,2,1,throughput_rows_s,1024,8,429152.17300196976,rows/s
NOX,TT_PINN,cuda,2,1,throughput_rows_s,1024,9,409043.70056722854,rows/s
NOX,TT_PINN,cuda,2,1,throughput_rows_s,1024,10,406704.26562872354,rows/s
NOX,TT_PINN,cuda,2,1,throughput_rows_s,1024,11,536856.4538114711,rows/s
NOX,TT_PINN,cuda,2,1,throughput_rows_s,1024,12,642812.303829253,rows/s
NOX,TT_PINN,cuda,2,1,throughput_rows_s,1024,13,559685.1770878881,rows/s
NOX,TT_PINN,cuda,2,1,throughput_rows_s,1024,14,595141.2298035569,rows/s
NOX,TT_PINN,cuda,2,1,throughput_rows_s,1024,15,575571.9183857007,rows/s
NOX,TT_PINN,cuda,2,1,throughput_rows_s,1024,16,614867.299147352,rows/s
NOX,TT_PINN,cuda,2,1,throughput_rows_s,1024,17,601256.5322059772,rows/s
NOX,TT_PINN,cuda,2,1,throughput_rows_s,1024,18,562328.3909939594,rows/s
NOX,TT_PINN,cuda,2,1,throughput_rows_s,1024,19,700458.307681784,rows/s
NOX,TT_PINN,cuda,2,1,throughput_rows_s,1024,20,465518.0251852525,rows/s
NOX,TT_PINN,cuda,2,1,throughput_rows_s,1024,21,489483.7476099426,rows/s
NOX,TT_PINN,cuda,2,1,throughput_rows_s,1024,22,668450.9432730596,rows/s
NOX,TT_PINN,cuda,2,1,throughput_rows_s,1024,23,701465.9542403069,rows/s
NOX,TT_PINN,cuda,2,1,throughput_rows_s,4096,0,3231048.3552891063,rows/s
NOX,TT_PINN,cuda,2,1,throughput_rows_s,4096,1,3417320.206908059,rows/s
NOX,TT_PINN,cuda,2,1,throughput_rows_s,4096,2,3259848.7863111817,rows/s
NOX,TT_PINN,cuda,2,1,throughput_rows_s,4096,3,3223166.5092854896,rows/s
NOX,TT_PINN,cuda,2,1,throughput_rows_s,4096,4,3297641.0916995415,rows/s
NOX,TT_PINN,cuda,2,1,throughput_rows_s,4096,5,3276537.8769698422,rows/s
NOX,TT_PINN,cuda,2,1,throughput_rows_s,4096,6,3211541.4771836284,rows/s
NOX,TT_PINN,cuda,2,1,throughput_rows_s,4096,7,3385403.752376229,rows/s
NOX,TT_PINN,cuda,2,1,throughput_rows_s,4096,8,2568508.183357371,rows/s
NOX,TT_PINN,cuda,2,1,throughput_rows_s,4096,9,646321.835453025,rows/s
NOX,TT_PINN,cuda,2,1,throughput_rows_s,4096,10,1370587.251129329,rows/s
NOX,TT_PINN,cuda,2,1,throughput_rows_s,4096,11,1421185.9408070506,rows/s
NOX,TT_PINN,cuda,2,1,throughput_rows_s,4096,12,1427575.6308378642,rows/s
NOX,TT_PINN,cuda,2,1,throughput_rows_s,4096,13,1433922.6325923332,rows/s
NOX,TT_PINN,cuda,2,1,throughput_rows_s,4096,14,1443117.3589824897,rows/s
NOX,TT_PINN,cuda,2,1,throughput_rows_s,4096,15,3261146.4968152866,rows/s
NOX,TT_PINN,cuda,2,1,throughput_rows_s,4096,16,3201500.703454744,rows/s
NOX,TT_PINN,cuda,2,1,throughput_rows_s,4096,17,3279686.1237889347,rows/s
NOX,TT_PINN,cuda,2,1,throughput_rows_s,4096,18,3405670.5745406165,rows/s
NOX,TT_PINN,cuda,2,1,throughput_rows_s,4096,19,3449553.646622874,rows/s
NOX,TT_PINN,cuda,2,1,throughput_rows_s,4096,20,3193762.1832358674,rows/s
NOX,TT_PINN,cuda,2,1,throughput_rows_s,4096,21,3292869.201704317,rows/s
NOX,TT_PINN,cuda,2,1,throughput_rows_s,4096,22,3370083.922988317,rows/s
NOX,TT_PINN,cuda,2,1,throughput_rows_s,4096,23,3421888.0534670004,rows/s
NOX,DENSE_PINN,cuda,2,2,latency_wall_batch1_ms,1,0,0.1959,ms
NOX,DENSE_PINN,cuda,2,2,latency_wall_batch1_ms,1,1,0.1995,ms
NOX,DENSE_PINN,cuda,2,2,latency_wall_batch1_ms,1,2,0.1972,ms
NOX,DENSE_PINN,cuda,2,2,latency_wall_batch1_ms,1,3,0.1928,ms
NOX,DENSE_PINN,cuda,2,2,latency_wall_batch1_ms,1,4,0.2057,ms
NOX,DENSE_PINN,cuda,2,2,latency_wall_batch1_ms,1,5,0.185,ms
NOX,DENSE_PINN,cuda,2,2,latency_wall_batch1_ms,1,6,0.1928,ms
NOX,DENSE_PINN,cuda,2,2,latency_wall_batch1_ms,1,7,0.1891,ms
NOX,DENSE_PINN,cuda,2,2,latency_wall_batch1_ms,1,8,0.2059,ms
NOX,DENSE_PINN,cuda,2,2,latency_wall_batch1_ms,1,9,0.1962,ms
NOX,DENSE_PINN,cuda,2,2,latency_wall_batch1_ms,1,10,0.182,ms
NOX,DENSE_PINN,cuda,2,2,latency_wall_batch1_ms,1,11,0.1911,ms
NOX,DENSE_PINN,cuda,2,2,latency_wall_batch1_ms,1,12,0.2169,ms
NOX,DENSE_PINN,cuda,2,2,latency_wall_batch1_ms,1,13,0.2,ms
NOX,DENSE_PINN,cuda,2,2,latency_wall_batch1_ms,1,14,0.2025,ms
NOX,DENSE_PINN,cuda,2,2,latency_wall_batch1_ms,1,15,0.2176,ms
NOX,DENSE_PINN,cuda,2,2,latency_wall_batch1_ms,1,16,0.1925,ms
NOX,DENSE_PINN,cuda,2,2,latency_wall_batch1_ms,1,17,0.2043,ms
NOX,DENSE_PINN,cuda,2,2,latency_wall_batch1_ms,1,18,0.2005,ms
NOX,DENSE_PINN,cuda,2,2,latency_wall_batch1_ms,1,19,0.2007,ms
NOX,DENSE_PINN,cuda,2,2,latency_wall_batch1_ms,1,20,0.2173,ms
NOX,DENSE_PINN,cuda,2,2,latency_wall_batch1_ms,1,21,0.2045,ms
NOX,DENSE_PINN,cuda,2,2,latency_wall_batch1_ms,1,22,0.2035,ms
NOX,DENSE_PINN,cuda,2,2,latency_wall_batch1_ms,1,23,0.1903,ms
NOX,DENSE_PINN,cuda,2,2,latency_wall_batch1_ms,1,24,0.1836,ms
NOX,DENSE_PINN,cuda,2,2,latency_wall_batch1_ms,1,25,0.2025,ms
NOX,DENSE_PINN,cuda,2,2,latency_wall_batch1_ms,1,26,0.2058,ms
NOX,DENSE_PINN,cuda,2,2,latency_wall_batch1_ms,1,27,0.2066,ms
NOX,DENSE_PINN,cuda,2,2,latency_wall_batch1_ms,1,28,0.1808,ms
NOX,DENSE_PINN,cuda,2,2,latency_wall_batch1_ms,1,29,0.1797,ms
NOX,DENSE_PINN,cuda,2,2,latency_wall_batch1_ms,1,30,0.1866,ms
NOX,DENSE_PINN,cuda,2,2,latency_wall_batch1_ms,1,31,0.1929,ms
NOX,DENSE_PINN,cuda,2,2,latency_wall_batch1_ms,1,32,0.1988,ms
NOX,DENSE_PINN,cuda,2,2,latency_wall_batch1_ms,1,33,0.2048,ms
NOX,DENSE_PINN,cuda,2,2,latency_wall_batch1_ms,1,34,0.1943,ms
NOX,DENSE_PINN,cuda,2,2,latency_wall_batch1_ms,1,35,0.2015,ms
NOX,DENSE_PINN,cuda,2,2,latency_wall_batch1_ms,1,36,0.2013,ms
NOX,DENSE_PINN,cuda,2,2,latency_wall_batch1_ms,1,37,0.2122,ms
NOX,DENSE_PINN,cuda,2,2,latency_wall_batch1_ms,1,38,0.2141,ms
NOX,DENSE_PINN,cuda,2,2,latency_wall_batch1_ms,1,39,0.1702,ms
NOX,DENSE_PINN,cuda,2,2,latency_wall_batch1_ms,1,40,0.2089,ms
NOX,DENSE_PINN,cuda,2,2,latency_wall_batch1_ms,1,41,0.2073,ms
NOX,DENSE_PINN,cuda,2,2,latency_wall_batch1_ms,1,42,0.1683,ms
NOX,DENSE_PINN,cuda,2,2,latency_wall_batch1_ms,1,43,0.186,ms
NOX,DENSE_PINN,cuda,2,2,latency_wall_batch1_ms,1,44,0.2019,ms
NOX,DENSE_PINN,cuda,2,2,latency_wall_batch1_ms,1,45,0.1892,ms
NOX,DENSE_PINN,cuda,2,2,latency_wall_batch1_ms,1,46,0.1984,ms
NOX,DENSE_PINN,cuda,2,2,latency_wall_batch1_ms,1,47,0.3357,ms
NOX,DENSE_PINN,cuda,2,2,latency_wall_batch1_ms,1,48,0.2352,ms
NOX,DENSE_PINN,cuda,2,2,latency_wall_batch1_ms,1,49,0.184,ms
NOX,DENSE_PINN,cuda,2,2,latency_wall_batch1_ms,1,50,0.1936,ms
NOX,DENSE_PINN,cuda,2,2,latency_wall_batch1_ms,1,51,0.2164,ms
NOX,DENSE_PINN,cuda,2,2,latency_wall_batch1_ms,1,52,0.204,ms
NOX,DENSE_PINN,cuda,2,2,latency_wall_batch1_ms,1,53,0.2059,ms
NOX,DENSE_PINN,cuda,2,2,latency_wall_batch1_ms,1,54,0.2095,ms
NOX,DENSE_PINN,cuda,2,2,latency_wall_batch1_ms,1,55,0.2041,ms
NOX,DENSE_PINN,cuda,2,2,latency_wall_batch1_ms,1,56,0.2154,ms
NOX,DENSE_PINN,cuda,2,2,latency_wall_batch1_ms,1,57,0.2014,ms
NOX,DENSE_PINN,cuda,2,2,latency_wall_batch1_ms,1,58,0.2019,ms
NOX,DENSE_PINN,cuda,2,2,latency_wall_batch1_ms,1,59,0.2016,ms
NOX,DENSE_PINN,cuda,2,2,latency_wall_batch1_ms,1,60,0.2017,ms
NOX,DENSE_PINN,cuda,2,2,latency_wall_batch1_ms,1,61,0.2107,ms
NOX,DENSE_PINN,cuda,2,2,latency_wall_batch1_ms,1,62,0.2003,ms
NOX,DENSE_PINN,cuda,2,2,latency_wall_batch1_ms,1,63,0.1943,ms
NOX,DENSE_PINN,cuda,2,2,latency_wall_batch1_ms,1,64,0.1746,ms
NOX,DENSE_PINN,cuda,2,2,latency_wall_batch1_ms,1,65,0.1892,ms
NOX,DENSE_PINN,cuda,2,2,latency_wall_batch1_ms,1,66,0.1942,ms
NOX,DENSE_PINN,cuda,2,2,latency_wall_batch1_ms,1,67,0.1891,ms
NOX,DENSE_PINN,cuda,2,2,latency_wall_batch1_ms,1,68,0.1889,ms
NOX,DENSE_PINN,cuda,2,2,latency_wall_batch1_ms,1,69,0.1925,ms
NOX,DENSE_PINN,cuda,2,2,latency_wall_batch1_ms,1,70,0.2,ms
NOX,DENSE_PINN,cuda,2,2,latency_wall_batch1_ms,1,71,0.2019,ms
NOX,DENSE_PINN,cuda,2,2,latency_wall_batch1_ms,1,72,0.2023,ms
NOX,DENSE_PINN,cuda,2,2,latency_wall_batch1_ms,1,73,0.1782,ms
NOX,DENSE_PINN,cuda,2,2,latency_wall_batch1_ms,1,74,0.2014,ms
NOX,DENSE_PINN,cuda,2,2,latency_wall_batch1_ms,1,75,0.1964,ms
NOX,DENSE_PINN,cuda,2,2,latency_wall_batch1_ms,1,76,0.2042,ms
NOX,DENSE_PINN,cuda,2,2,latency_wall_batch1_ms,1,77,0.1934,ms
NOX,DENSE_PINN,cuda,2,2,latency_wall_batch1_ms,1,78,0.2031,ms
NOX,DENSE_PINN,cuda,2,2,latency_wall_batch1_ms,1,79,0.1984,ms
NOX,DENSE_PINN,cuda,2,2,latency_wall_batch1_ms,1,80,0.1773,ms
NOX,DENSE_PINN,cuda,2,2,latency_wall_batch1_ms,1,81,0.1797,ms
NOX,DENSE_PINN,cuda,2,2,latency_wall_batch1_ms,1,82,0.1796,ms
NOX,DENSE_PINN,cuda,2,2,latency_wall_batch1_ms,1,83,0.1908,ms
NOX,DENSE_PINN,cuda,2,2,latency_wall_batch1_ms,1,84,0.2372,ms
NOX,DENSE_PINN,cuda,2,2,latency_wall_batch1_ms,1,85,0.2097,ms
NOX,DENSE_PINN,cuda,2,2,latency_wall_batch1_ms,1,86,0.198,ms
NOX,DENSE_PINN,cuda,2,2,latency_wall_batch1_ms,1,87,0.2021,ms
NOX,DENSE_PINN,cuda,2,2,latency_wall_batch1_ms,1,88,0.2041,ms
NOX,DENSE_PINN,cuda,2,2,latency_wall_batch1_ms,1,89,0.2055,ms
NOX,DENSE_PINN,cuda,2,2,latency_wall_batch1_ms,1,90,0.2014,ms
NOX,DENSE_PINN,cuda,2,2,latency_wall_batch1_ms,1,91,0.2093,ms
NOX,DENSE_PINN,cuda,2,2,latency_wall_batch1_ms,1,92,0.225,ms
NOX,DENSE_PINN,cuda,2,2,latency_wall_batch1_ms,1,93,0.1972,ms
NOX,DENSE_PINN,cuda,2,2,latency_wall_batch1_ms,1,94,0.2014,ms
NOX,DENSE_PINN,cuda,2,2,latency_wall_batch1_ms,1,95,0.2058,ms
NOX,DENSE_PINN,cuda,2,2,latency_wall_batch1_ms,1,96,0.1771,ms
NOX,DENSE_PINN,cuda,2,2,latency_wall_batch1_ms,1,97,0.1998,ms
NOX,DENSE_PINN,cuda,2,2,latency_wall_batch1_ms,1,98,0.182,ms
NOX,DENSE_PINN,cuda,2,2,latency_wall_batch1_ms,1,99,0.1843,ms
NOX,DENSE_PINN,cuda,2,2,latency_wall_batch1_ms,1,100,0.2089,ms
NOX,DENSE_PINN,cuda,2,2,latency_wall_batch1_ms,1,101,0.2084,ms
NOX,DENSE_PINN,cuda,2,2,latency_wall_batch1_ms,1,102,0.2044,ms
NOX,DENSE_PINN,cuda,2,2,latency_wall_batch1_ms,1,103,0.1867,ms
NOX,DENSE_PINN,cuda,2,2,latency_wall_batch1_ms,1,104,0.1856,ms
NOX,DENSE_PINN,cuda,2,2,latency_wall_batch1_ms,1,105,0.2091,ms
NOX,DENSE_PINN,cuda,2,2,latency_wall_batch1_ms,1,106,0.203,ms
NOX,DENSE_PINN,cuda,2,2,latency_wall_batch1_ms,1,107,0.21,ms
NOX,DENSE_PINN,cuda,2,2,latency_wall_batch1_ms,1,108,0.1849,ms
NOX,DENSE_PINN,cuda,2,2,latency_wall_batch1_ms,1,109,0.2024,ms
NOX,DENSE_PINN,cuda,2,2,latency_wall_batch1_ms,1,110,0.2117,ms
NOX,DENSE_PINN,cuda,2,2,latency_wall_batch1_ms,1,111,0.1925,ms
NOX,DENSE_PINN,cuda,2,2,latency_wall_batch1_ms,1,112,0.2059,ms
NOX,DENSE_PINN,cuda,2,2,latency_wall_batch1_ms,1,113,0.2152,ms
NOX,DENSE_PINN,cuda,2,2,latency_wall_batch1_ms,1,114,0.2063,ms
NOX,DENSE_PINN,cuda,2,2,latency_wall_batch1_ms,1,115,0.2128,ms
NOX,DENSE_PINN,cuda,2,2,latency_wall_batch1_ms,1,116,0.1786,ms
NOX,DENSE_PINN,cuda,2,2,latency_wall_batch1_ms,1,117,0.2082,ms
NOX,DENSE_PINN,cuda,2,2,latency_wall_batch1_ms,1,118,0.2052,ms
NOX,DENSE_PINN,cuda,2,2,latency_wall_batch1_ms,1,119,0.2186,ms
NOX,DENSE_PINN,cuda,2,2,latency_wall_batch1_ms,1,120,0.1769,ms
NOX,DENSE_PINN,cuda,2,2,latency_wall_batch1_ms,1,121,0.2101,ms
NOX,DENSE_PINN,cuda,2,2,latency_wall_batch1_ms,1,122,0.2125,ms
NOX,DENSE_PINN,cuda,2,2,latency_wall_batch1_ms,1,123,0.1947,ms
NOX,DENSE_PINN,cuda,2,2,latency_wall_batch1_ms,1,124,0.2184,ms
NOX,DENSE_PINN,cuda,2,2,latency_wall_batch1_ms,1,125,0.2038,ms
NOX,DENSE_PINN,cuda,2,2,latency_wall_batch1_ms,1,126,0.197,ms
NOX,DENSE_PINN,cuda,2,2,latency_wall_batch1_ms,1,127,0.187,ms
NOX,DENSE_PINN,cuda,2,2,latency_wall_batch1_ms,1,128,0.1776,ms
NOX,DENSE_PINN,cuda,2,2,latency_wall_batch1_ms,1,129,0.2104,ms
NOX,DENSE_PINN,cuda,2,2,latency_wall_batch1_ms,1,130,0.2073,ms
NOX,DENSE_PINN,cuda,2,2,latency_wall_batch1_ms,1,131,0.2104,ms
NOX,DENSE_PINN,cuda,2,2,latency_wall_batch1_ms,1,132,0.1958,ms
NOX,DENSE_PINN,cuda,2,2,latency_wall_batch1_ms,1,133,0.2006,ms
NOX,DENSE_PINN,cuda,2,2,latency_wall_batch1_ms,1,134,0.199,ms
NOX,DENSE_PINN,cuda,2,2,latency_wall_batch1_ms,1,135,0.201,ms
NOX,DENSE_PINN,cuda,2,2,latency_wall_batch1_ms,1,136,0.2083,ms
NOX,DENSE_PINN,cuda,2,2,latency_wall_batch1_ms,1,137,0.2791,ms
NOX,DENSE_PINN,cuda,2,2,latency_wall_batch1_ms,1,138,0.292,ms
NOX,DENSE_PINN,cuda,2,2,latency_wall_batch1_ms,1,139,0.268,ms
NOX,DENSE_PINN,cuda,2,2,latency_wall_batch1_ms,1,140,0.2815,ms
NOX,DENSE_PINN,cuda,2,2,latency_wall_batch1_ms,1,141,0.2675,ms
NOX,DENSE_PINN,cuda,2,2,latency_wall_batch1_ms,1,142,0.2747,ms
NOX,DENSE_PINN,cuda,2,2,latency_wall_batch1_ms,1,143,0.2647,ms
NOX,DENSE_PINN,cuda,2,2,latency_wall_batch1_ms,1,144,0.2661,ms
NOX,DENSE_PINN,cuda,2,2,latency_wall_batch1_ms,1,145,0.2793,ms
NOX,DENSE_PINN,cuda,2,2,latency_wall_batch1_ms,1,146,0.2602,ms
NOX,DENSE_PINN,cuda,2,2,latency_wall_batch1_ms,1,147,0.2662,ms
NOX,DENSE_PINN,cuda,2,2,latency_wall_batch1_ms,1,148,0.246,ms
NOX,DENSE_PINN,cuda,2,2,latency_wall_batch1_ms,1,149,0.2489,ms
NOX,DENSE_PINN,cuda,2,2,latency_wall_batch1_ms,1,150,0.2549,ms
NOX,DENSE_PINN,cuda,2,2,latency_wall_batch1_ms,1,151,0.2614,ms
NOX,DENSE_PINN,cuda,2,2,latency_wall_batch1_ms,1,152,0.2542,ms
NOX,DENSE_PINN,cuda,2,2,latency_wall_batch1_ms,1,153,0.2573,ms
NOX,DENSE_PINN,cuda,2,2,latency_wall_batch1_ms,1,154,0.2312,ms
NOX,DENSE_PINN,cuda,2,2,latency_wall_batch1_ms,1,155,0.2309,ms
NOX,DENSE_PINN,cuda,2,2,latency_wall_batch1_ms,1,156,0.2553,ms
NOX,DENSE_PINN,cuda,2,2,latency_wall_batch1_ms,1,157,0.2087,ms
NOX,DENSE_PINN,cuda,2,2,latency_wall_batch1_ms,1,158,0.1741,ms
NOX,DENSE_PINN,cuda,2,2,latency_wall_batch1_ms,1,159,0.1755,ms
NOX,DENSE_PINN,cuda,2,2,latency_wall_batch1_ms,1,160,0.2016,ms
NOX,DENSE_PINN,cuda,2,2,latency_wall_batch1_ms,1,161,0.1934,ms
NOX,DENSE_PINN,cuda,2,2,latency_wall_batch1_ms,1,162,0.2044,ms
NOX,DENSE_PINN,cuda,2,2,latency_wall_batch1_ms,1,163,0.2008,ms
NOX,DENSE_PINN,cuda,2,2,latency_wall_batch1_ms,1,164,0.1874,ms
NOX,DENSE_PINN,cuda,2,2,latency_wall_batch1_ms,1,165,0.2034,ms
NOX,DENSE_PINN,cuda,2,2,latency_wall_batch1_ms,1,166,0.1874,ms
NOX,DENSE_PINN,cuda,2,2,latency_wall_batch1_ms,1,167,0.199,ms
NOX,DENSE_PINN,cuda,2,2,latency_wall_batch1_ms,1,168,0.1932,ms
NOX,DENSE_PINN,cuda,2,2,latency_wall_batch1_ms,1,169,0.195,ms
NOX,DENSE_PINN,cuda,2,2,latency_wall_batch1_ms,1,170,0.2043,ms
NOX,DENSE_PINN,cuda,2,2,latency_wall_batch1_ms,1,171,0.208,ms
NOX,DENSE_PINN,cuda,2,2,latency_wall_batch1_ms,1,172,0.2362,ms
NOX,DENSE_PINN,cuda,2,2,latency_wall_batch1_ms,1,173,0.1991,ms
NOX,DENSE_PINN,cuda,2,2,latency_wall_batch1_ms,1,174,0.2021,ms
NOX,DENSE_PINN,cuda,2,2,latency_wall_batch1_ms,1,175,0.2037,ms
NOX,DENSE_PINN,cuda,2,2,latency_wall_batch1_ms,1,176,0.2043,ms
NOX,DENSE_PINN,cuda,2,2,latency_wall_batch1_ms,1,177,0.2029,ms
NOX,DENSE_PINN,cuda,2,2,latency_wall_batch1_ms,1,178,0.1948,ms
NOX,DENSE_PINN,cuda,2,2,latency_wall_batch1_ms,1,179,0.2024,ms
NOX,DENSE_PINN,cuda,2,2,latency_wall_batch1_ms,1,180,0.1736,ms
NOX,DENSE_PINN,cuda,2,2,latency_wall_batch1_ms,1,181,0.1872,ms
NOX,DENSE_PINN,cuda,2,2,latency_wall_batch1_ms,1,182,0.1975,ms
NOX,DENSE_PINN,cuda,2,2,latency_wall_batch1_ms,1,183,0.1854,ms
NOX,DENSE_PINN,cuda,2,2,latency_wall_batch1_ms,1,184,0.1997,ms
NOX,DENSE_PINN,cuda,2,2,latency_wall_batch1_ms,1,185,0.1833,ms
NOX,DENSE_PINN,cuda,2,2,latency_wall_batch1_ms,1,186,0.1885,ms
NOX,DENSE_PINN,cuda,2,2,latency_wall_batch1_ms,1,187,0.1993,ms
NOX,DENSE_PINN,cuda,2,2,latency_wall_batch1_ms,1,188,0.2043,ms
NOX,DENSE_PINN,cuda,2,2,latency_wall_batch1_ms,1,189,0.2068,ms
NOX,DENSE_PINN,cuda,2,2,latency_wall_batch1_ms,1,190,0.1979,ms
NOX,DENSE_PINN,cuda,2,2,latency_wall_batch1_ms,1,191,0.1994,ms
NOX,DENSE_PINN,cuda,2,2,latency_wall_batch1_ms,1,192,0.191,ms
NOX,DENSE_PINN,cuda,2,2,latency_wall_batch1_ms,1,193,0.204,ms
NOX,DENSE_PINN,cuda,2,2,latency_wall_batch1_ms,1,194,0.202,ms
NOX,DENSE_PINN,cuda,2,2,latency_wall_batch1_ms,1,195,0.2024,ms
NOX,DENSE_PINN,cuda,2,2,latency_wall_batch1_ms,1,196,0.205,ms
NOX,DENSE_PINN,cuda,2,2,latency_wall_batch1_ms,1,197,0.2062,ms
NOX,DENSE_PINN,cuda,2,2,latency_wall_batch1_ms,1,198,0.2133,ms
NOX,DENSE_PINN,cuda,2,2,latency_wall_batch1_ms,1,199,0.2033,ms
NOX,DENSE_PINN,cuda,2,2,latency_wall_batch1_ms,1,200,0.1969,ms
NOX,DENSE_PINN,cuda,2,2,latency_wall_batch1_ms,1,201,0.198,ms
NOX,DENSE_PINN,cuda,2,2,latency_wall_batch1_ms,1,202,0.1658,ms
NOX,DENSE_PINN,cuda,2,2,latency_wall_batch1_ms,1,203,0.2024,ms
NOX,DENSE_PINN,cuda,2,2,latency_wall_batch1_ms,1,204,0.1918,ms
NOX,DENSE_PINN,cuda,2,2,latency_wall_batch1_ms,1,205,0.2046,ms
NOX,DENSE_PINN,cuda,2,2,latency_wall_batch1_ms,1,206,0.2021,ms
NOX,DENSE_PINN,cuda,2,2,latency_wall_batch1_ms,1,207,0.201,ms
NOX,DENSE_PINN,cuda,2,2,latency_wall_batch1_ms,1,208,0.1994,ms
NOX,DENSE_PINN,cuda,2,2,latency_wall_batch1_ms,1,209,0.2015,ms
NOX,DENSE_PINN,cuda,2,2,latency_wall_batch1_ms,1,210,0.2008,ms
NOX,DENSE_PINN,cuda,2,2,latency_wall_batch1_ms,1,211,0.2018,ms
NOX,DENSE_PINN,cuda,2,2,latency_wall_batch1_ms,1,212,0.1834,ms
NOX,DENSE_PINN,cuda,2,2,latency_wall_batch1_ms,1,213,0.1836,ms
NOX,DENSE_PINN,cuda,2,2,latency_wall_batch1_ms,1,214,0.1895,ms
NOX,DENSE_PINN,cuda,2,2,latency_wall_batch1_ms,1,215,0.1839,ms
NOX,DENSE_PINN,cuda,2,2,latency_wall_batch1_ms,1,216,0.1973,ms
NOX,DENSE_PINN,cuda,2,2,latency_wall_batch1_ms,1,217,0.2111,ms
NOX,DENSE_PINN,cuda,2,2,latency_wall_batch1_ms,1,218,0.2062,ms
NOX,DENSE_PINN,cuda,2,2,latency_wall_batch1_ms,1,219,0.2033,ms
NOX,DENSE_PINN,cuda,2,2,latency_wall_batch1_ms,1,220,0.2005,ms
NOX,DENSE_PINN,cuda,2,2,latency_wall_batch1_ms,1,221,0.1924,ms
NOX,DENSE_PINN,cuda,2,2,latency_wall_batch1_ms,1,222,0.2414,ms
NOX,DENSE_PINN,cuda,2,2,latency_wall_batch1_ms,1,223,0.2038,ms
NOX,DENSE_PINN,cuda,2,2,latency_wall_batch1_ms,1,224,0.2036,ms
NOX,DENSE_PINN,cuda,2,2,latency_wall_batch1_ms,1,225,0.1949,ms
NOX,DENSE_PINN,cuda,2,2,latency_wall_batch1_ms,1,226,0.181,ms
NOX,DENSE_PINN,cuda,2,2,latency_wall_batch1_ms,1,227,0.2027,ms
NOX,DENSE_PINN,cuda,2,2,latency_wall_batch1_ms,1,228,0.1851,ms
NOX,DENSE_PINN,cuda,2,2,latency_wall_batch1_ms,1,229,0.1954,ms
NOX,DENSE_PINN,cuda,2,2,latency_wall_batch1_ms,1,230,0.1993,ms
NOX,DENSE_PINN,cuda,2,2,latency_wall_batch1_ms,1,231,0.2013,ms
NOX,DENSE_PINN,cuda,2,2,latency_wall_batch1_ms,1,232,0.202,ms
NOX,DENSE_PINN,cuda,2,2,latency_wall_batch1_ms,1,233,0.2008,ms
NOX,DENSE_PINN,cuda,2,2,latency_wall_batch1_ms,1,234,0.2017,ms
NOX,DENSE_PINN,cuda,2,2,latency_wall_batch1_ms,1,235,0.1966,ms
NOX,DENSE_PINN,cuda,2,2,latency_wall_batch1_ms,1,236,0.2097,ms
NOX,DENSE_PINN,cuda,2,2,latency_wall_batch1_ms,1,237,0.2041,ms
NOX,DENSE_PINN,cuda,2,2,latency_wall_batch1_ms,1,238,0.2021,ms
NOX,DENSE_PINN,cuda,2,2,latency_wall_batch1_ms,1,239,0.2021,ms
NOX,DENSE_PINN,cuda,2,2,latency_wall_batch1_ms,1,240,0.202,ms
NOX,DENSE_PINN,cuda,2,2,latency_wall_batch1_ms,1,241,0.2019,ms
NOX,DENSE_PINN,cuda,2,2,latency_wall_batch1_ms,1,242,0.2138,ms
NOX,DENSE_PINN,cuda,2,2,latency_wall_batch1_ms,1,243,0.197,ms
NOX,DENSE_PINN,cuda,2,2,latency_wall_batch1_ms,1,244,0.2002,ms
NOX,DENSE_PINN,cuda,2,2,latency_wall_batch1_ms,1,245,0.2043,ms
NOX,DENSE_PINN,cuda,2,2,latency_wall_batch1_ms,1,246,0.2054,ms
NOX,DENSE_PINN,cuda,2,2,latency_wall_batch1_ms,1,247,0.2034,ms
NOX,DENSE_PINN,cuda,2,2,latency_wall_batch1_ms,1,248,0.1931,ms
NOX,DENSE_PINN,cuda,2,2,latency_wall_batch1_ms,1,249,0.2032,ms
NOX,DENSE_PINN,cuda,2,2,latency_wall_batch1_ms,1,250,0.2161,ms
NOX,DENSE_PINN,cuda,2,2,latency_wall_batch1_ms,1,251,0.1877,ms
NOX,DENSE_PINN,cuda,2,2,latency_wall_batch1_ms,1,252,0.2021,ms
NOX,DENSE_PINN,cuda,2,2,latency_wall_batch1_ms,1,253,0.2014,ms
NOX,DENSE_PINN,cuda,2,2,latency_wall_batch1_ms,1,254,0.2047,ms
NOX,DENSE_PINN,cuda,2,2,latency_wall_batch1_ms,1,255,0.2,ms
NOX,DENSE_PINN,cuda,2,2,latency_wall_batch1_ms,1,256,0.2008,ms
NOX,DENSE_PINN,cuda,2,2,latency_wall_batch1_ms,1,257,0.2016,ms
NOX,DENSE_PINN,cuda,2,2,latency_wall_batch1_ms,1,258,0.1972,ms
NOX,DENSE_PINN,cuda,2,2,latency_wall_batch1_ms,1,259,0.1987,ms
NOX,DENSE_PINN,cuda,2,2,latency_wall_batch1_ms,1,260,0.2005,ms
NOX,DENSE_PINN,cuda,2,2,latency_wall_batch1_ms,1,261,0.2012,ms
NOX,DENSE_PINN,cuda,2,2,latency_wall_batch1_ms,1,262,0.1999,ms
NOX,DENSE_PINN,cuda,2,2,latency_wall_batch1_ms,1,263,0.1832,ms
NOX,DENSE_PINN,cuda,2,2,latency_wall_batch1_ms,1,264,0.1649,ms
NOX,DENSE_PINN,cuda,2,2,latency_wall_batch1_ms,1,265,0.2037,ms
NOX,DENSE_PINN,cuda,2,2,latency_wall_batch1_ms,1,266,0.1849,ms
NOX,DENSE_PINN,cuda,2,2,latency_wall_batch1_ms,1,267,0.1949,ms
NOX,DENSE_PINN,cuda,2,2,latency_wall_batch1_ms,1,268,0.1971,ms
NOX,DENSE_PINN,cuda,2,2,latency_wall_batch1_ms,1,269,0.1658,ms
NOX,DENSE_PINN,cuda,2,2,latency_wall_batch1_ms,1,270,0.1896,ms
NOX,DENSE_PINN,cuda,2,2,latency_wall_batch1_ms,1,271,0.2029,ms
NOX,DENSE_PINN,cuda,2,2,latency_wall_batch1_ms,1,272,0.1796,ms
NOX,DENSE_PINN,cuda,2,2,latency_wall_batch1_ms,1,273,0.1891,ms
NOX,DENSE_PINN,cuda,2,2,latency_wall_batch1_ms,1,274,0.1928,ms
NOX,DENSE_PINN,cuda,2,2,latency_wall_batch1_ms,1,275,0.1999,ms
NOX,DENSE_PINN,cuda,2,2,latency_wall_batch1_ms,1,276,0.1746,ms
NOX,DENSE_PINN,cuda,2,2,latency_wall_batch1_ms,1,277,0.2022,ms
NOX,DENSE_PINN,cuda,2,2,latency_wall_batch1_ms,1,278,0.192,ms
NOX,DENSE_PINN,cuda,2,2,latency_wall_batch1_ms,1,279,0.191,ms
NOX,DENSE_PINN,cuda,2,2,latency_wall_batch1_ms,1,280,0.1843,ms
NOX,DENSE_PINN,cuda,2,2,latency_wall_batch1_ms,1,281,0.2033,ms
NOX,DENSE_PINN,cuda,2,2,latency_wall_batch1_ms,1,282,0.1993,ms
NOX,DENSE_PINN,cuda,2,2,latency_wall_batch1_ms,1,283,0.2012,ms
NOX,DENSE_PINN,cuda,2,2,latency_wall_batch1_ms,1,284,0.2007,ms
NOX,DENSE_PINN,cuda,2,2,latency_wall_batch1_ms,1,285,0.2014,ms
NOX,DENSE_PINN,cuda,2,2,latency_wall_batch1_ms,1,286,0.1963,ms
NOX,DENSE_PINN,cuda,2,2,latency_wall_batch1_ms,1,287,0.2009,ms
NOX,DENSE_PINN,cuda,2,2,latency_wall_batch1_ms,1,288,0.2069,ms
NOX,DENSE_PINN,cuda,2,2,latency_wall_batch1_ms,1,289,0.1841,ms
NOX,DENSE_PINN,cuda,2,2,latency_wall_batch1_ms,1,290,0.2013,ms
NOX,DENSE_PINN,cuda,2,2,latency_wall_batch1_ms,1,291,0.2014,ms
NOX,DENSE_PINN,cuda,2,2,latency_wall_batch1_ms,1,292,0.196,ms
NOX,DENSE_PINN,cuda,2,2,latency_wall_batch1_ms,1,293,0.1934,ms
NOX,DENSE_PINN,cuda,2,2,latency_wall_batch1_ms,1,294,0.1884,ms
NOX,DENSE_PINN,cuda,2,2,latency_wall_batch1_ms,1,295,0.1874,ms
NOX,DENSE_PINN,cuda,2,2,latency_wall_batch1_ms,1,296,0.1995,ms
NOX,DENSE_PINN,cuda,2,2,latency_wall_batch1_ms,1,297,0.1826,ms
NOX,DENSE_PINN,cuda,2,2,latency_wall_batch1_ms,1,298,0.1989,ms
NOX,DENSE_PINN,cuda,2,2,latency_wall_batch1_ms,1,299,0.2094,ms
NOX,DENSE_PINN,cuda,2,2,latency_wall_batch1_ms,1,300,0.2015,ms
NOX,DENSE_PINN,cuda,2,2,latency_wall_batch1_ms,1,301,0.1939,ms
NOX,DENSE_PINN,cuda,2,2,latency_wall_batch1_ms,1,302,0.2046,ms
NOX,DENSE_PINN,cuda,2,2,latency_wall_batch1_ms,1,303,0.1916,ms
NOX,DENSE_PINN,cuda,2,2,latency_wall_batch1_ms,1,304,0.2015,ms
NOX,DENSE_PINN,cuda,2,2,latency_wall_batch1_ms,1,305,0.2017,ms
NOX,DENSE_PINN,cuda,2,2,latency_wall_batch1_ms,1,306,0.187,ms
NOX,DENSE_PINN,cuda,2,2,latency_wall_batch1_ms,1,307,0.2009,ms
NOX,DENSE_PINN,cuda,2,2,latency_wall_batch1_ms,1,308,0.2035,ms
NOX,DENSE_PINN,cuda,2,2,latency_wall_batch1_ms,1,309,0.2106,ms
NOX,DENSE_PINN,cuda,2,2,latency_wall_batch1_ms,1,310,0.1964,ms
NOX,DENSE_PINN,cuda,2,2,latency_wall_batch1_ms,1,311,0.2132,ms
NOX,DENSE_PINN,cuda,2,2,latency_wall_batch1_ms,1,312,0.1924,ms
NOX,DENSE_PINN,cuda,2,2,latency_wall_batch1_ms,1,313,0.1968,ms
NOX,DENSE_PINN,cuda,2,2,latency_wall_batch1_ms,1,314,0.201,ms
NOX,DENSE_PINN,cuda,2,2,latency_wall_batch1_ms,1,315,0.2037,ms
NOX,DENSE_PINN,cuda,2,2,latency_wall_batch1_ms,1,316,0.2013,ms
NOX,DENSE_PINN,cuda,2,2,latency_wall_batch1_ms,1,317,0.2002,ms
NOX,DENSE_PINN,cuda,2,2,latency_wall_batch1_ms,1,318,0.2033,ms
NOX,DENSE_PINN,cuda,2,2,latency_wall_batch1_ms,1,319,0.1897,ms
NOX,DENSE_PINN,cuda,2,2,latency_wall_batch1_ms,1,320,0.1731,ms
NOX,DENSE_PINN,cuda,2,2,latency_wall_batch1_ms,1,321,0.2014,ms
NOX,DENSE_PINN,cuda,2,2,latency_wall_batch1_ms,1,322,0.1842,ms
NOX,DENSE_PINN,cuda,2,2,latency_wall_batch1_ms,1,323,0.1977,ms
NOX,DENSE_PINN,cuda,2,2,latency_wall_batch1_ms,1,324,0.2002,ms
NOX,DENSE_PINN,cuda,2,2,latency_wall_batch1_ms,1,325,0.1952,ms
NOX,DENSE_PINN,cuda,2,2,latency_wall_batch1_ms,1,326,0.1797,ms
NOX,DENSE_PINN,cuda,2,2,latency_wall_batch1_ms,1,327,0.2038,ms
NOX,DENSE_PINN,cuda,2,2,latency_wall_batch1_ms,1,328,0.1996,ms
NOX,DENSE_PINN,cuda,2,2,latency_wall_batch1_ms,1,329,0.2019,ms
NOX,DENSE_PINN,cuda,2,2,latency_wall_batch1_ms,1,330,0.1942,ms
NOX,DENSE_PINN,cuda,2,2,latency_wall_batch1_ms,1,331,0.1912,ms
NOX,DENSE_PINN,cuda,2,2,latency_wall_batch1_ms,1,332,0.2215,ms
NOX,DENSE_PINN,cuda,2,2,latency_wall_batch1_ms,1,333,0.168,ms
NOX,DENSE_PINN,cuda,2,2,latency_wall_batch1_ms,1,334,0.1928,ms
NOX,DENSE_PINN,cuda,2,2,latency_wall_batch1_ms,1,335,0.198,ms
NOX,DENSE_PINN,cuda,2,2,latency_wall_batch1_ms,1,336,0.2023,ms
NOX,DENSE_PINN,cuda,2,2,latency_wall_batch1_ms,1,337,0.2019,ms
NOX,DENSE_PINN,cuda,2,2,latency_wall_batch1_ms,1,338,0.1789,ms
NOX,DENSE_PINN,cuda,2,2,latency_wall_batch1_ms,1,339,0.2003,ms
NOX,DENSE_PINN,cuda,2,2,latency_wall_batch1_ms,1,340,0.2055,ms
NOX,DENSE_PINN,cuda,2,2,latency_wall_batch1_ms,1,341,0.1974,ms
NOX,DENSE_PINN,cuda,2,2,latency_wall_batch1_ms,1,342,0.197,ms
NOX,DENSE_PINN,cuda,2,2,latency_wall_batch1_ms,1,343,0.1907,ms
NOX,DENSE_PINN,cuda,2,2,latency_wall_batch1_ms,1,344,0.2044,ms
NOX,DENSE_PINN,cuda,2,2,latency_wall_batch1_ms,1,345,0.1995,ms
NOX,DENSE_PINN,cuda,2,2,latency_wall_batch1_ms,1,346,0.2049,ms
NOX,DENSE_PINN,cuda,2,2,latency_wall_batch1_ms,1,347,0.2022,ms
NOX,DENSE_PINN,cuda,2,2,latency_wall_batch1_ms,1,348,0.2011,ms
NOX,DENSE_PINN,cuda,2,2,latency_wall_batch1_ms,1,349,0.1949,ms
NOX,DENSE_PINN,cuda,2,2,latency_wall_batch1_ms,1,350,0.1983,ms
NOX,DENSE_PINN,cuda,2,2,latency_wall_batch1_ms,1,351,0.1999,ms
NOX,DENSE_PINN,cuda,2,2,latency_wall_batch1_ms,1,352,0.1952,ms
NOX,DENSE_PINN,cuda,2,2,latency_wall_batch1_ms,1,353,0.2144,ms
NOX,DENSE_PINN,cuda,2,2,latency_wall_batch1_ms,1,354,0.1967,ms
NOX,DENSE_PINN,cuda,2,2,latency_wall_batch1_ms,1,355,0.216,ms
NOX,DENSE_PINN,cuda,2,2,latency_wall_batch1_ms,1,356,0.2023,ms
NOX,DENSE_PINN,cuda,2,2,latency_wall_batch1_ms,1,357,0.2011,ms
NOX,DENSE_PINN,cuda,2,2,latency_wall_batch1_ms,1,358,0.2037,ms
NOX,DENSE_PINN,cuda,2,2,latency_wall_batch1_ms,1,359,0.1838,ms
NOX,DENSE_PINN,cuda,2,2,latency_wall_batch1_ms,1,360,0.1913,ms
NOX,DENSE_PINN,cuda,2,2,latency_wall_batch1_ms,1,361,0.2013,ms
NOX,DENSE_PINN,cuda,2,2,latency_wall_batch1_ms,1,362,0.1952,ms
NOX,DENSE_PINN,cuda,2,2,latency_wall_batch1_ms,1,363,0.1981,ms
NOX,DENSE_PINN,cuda,2,2,latency_wall_batch1_ms,1,364,0.207,ms
NOX,DENSE_PINN,cuda,2,2,latency_wall_batch1_ms,1,365,0.1905,ms
NOX,DENSE_PINN,cuda,2,2,latency_wall_batch1_ms,1,366,0.1977,ms
NOX,DENSE_PINN,cuda,2,2,latency_wall_batch1_ms,1,367,0.1786,ms
NOX,DENSE_PINN,cuda,2,2,latency_wall_batch1_ms,1,368,0.1933,ms
NOX,DENSE_PINN,cuda,2,2,latency_wall_batch1_ms,1,369,0.1909,ms
NOX,DENSE_PINN,cuda,2,2,latency_wall_batch1_ms,1,370,0.2564,ms
NOX,DENSE_PINN,cuda,2,2,latency_wall_batch1_ms,1,371,0.2007,ms
NOX,DENSE_PINN,cuda,2,2,latency_wall_batch1_ms,1,372,0.196,ms
NOX,DENSE_PINN,cuda,2,2,latency_wall_batch1_ms,1,373,0.1883,ms
NOX,DENSE_PINN,cuda,2,2,latency_wall_batch1_ms,1,374,0.2075,ms
NOX,DENSE_PINN,cuda,2,2,latency_wall_batch1_ms,1,375,0.2012,ms
NOX,DENSE_PINN,cuda,2,2,latency_wall_batch1_ms,1,376,0.1942,ms
NOX,DENSE_PINN,cuda,2,2,latency_wall_batch1_ms,1,377,0.1993,ms
NOX,DENSE_PINN,cuda,2,2,latency_wall_batch1_ms,1,378,0.199,ms
NOX,DENSE_PINN,cuda,2,2,latency_wall_batch1_ms,1,379,0.2007,ms
NOX,DENSE_PINN,cuda,2,2,latency_wall_batch1_ms,1,380,0.2034,ms
NOX,DENSE_PINN,cuda,2,2,latency_wall_batch1_ms,1,381,0.2,ms
NOX,DENSE_PINN,cuda,2,2,latency_wall_batch1_ms,1,382,0.1956,ms
NOX,DENSE_PINN,cuda,2,2,latency_wall_batch1_ms,1,383,0.1993,ms
NOX,DENSE_PINN,cuda,2,2,latency_wall_batch1_ms,1,384,0.2051,ms
NOX,DENSE_PINN,cuda,2,2,latency_wall_batch1_ms,1,385,0.1952,ms
NOX,DENSE_PINN,cuda,2,2,latency_wall_batch1_ms,1,386,0.183,ms
NOX,DENSE_PINN,cuda,2,2,latency_wall_batch1_ms,1,387,0.2046,ms
NOX,DENSE_PINN,cuda,2,2,latency_wall_batch1_ms,1,388,0.2016,ms
NOX,DENSE_PINN,cuda,2,2,latency_wall_batch1_ms,1,389,0.2018,ms
NOX,DENSE_PINN,cuda,2,2,latency_wall_batch1_ms,1,390,0.1775,ms
NOX,DENSE_PINN,cuda,2,2,latency_wall_batch1_ms,1,391,0.2001,ms
NOX,DENSE_PINN,cuda,2,2,latency_wall_batch1_ms,1,392,0.1943,ms
NOX,DENSE_PINN,cuda,2,2,latency_wall_batch1_ms,1,393,0.2091,ms
NOX,DENSE_PINN,cuda,2,2,latency_wall_batch1_ms,1,394,0.2043,ms
NOX,DENSE_PINN,cuda,2,2,latency_wall_batch1_ms,1,395,0.2009,ms
NOX,DENSE_PINN,cuda,2,2,latency_wall_batch1_ms,1,396,0.2003,ms
NOX,DENSE_PINN,cuda,2,2,latency_wall_batch1_ms,1,397,0.2009,ms
NOX,DENSE_PINN,cuda,2,2,latency_wall_batch1_ms,1,398,0.2067,ms
NOX,DENSE_PINN,cuda,2,2,latency_wall_batch1_ms,1,399,0.2001,ms
NOX,DENSE_PINN,cuda,2,2,throughput_rows_s,1,0,5181.347150259067,rows/s
NOX,DENSE_PINN,cuda,2,2,throughput_rows_s,1,1,5050.50505050505,rows/s
NOX,DENSE_PINN,cuda,2,2,throughput_rows_s,1,2,4576.659038901602,rows/s
NOX,DENSE_PINN,cuda,2,2,throughput_rows_s,1,3,4967.709885742673,rows/s
NOX,DENSE_PINN,cuda,2,2,throughput_rows_s,1,4,5291.005291005291,rows/s
NOX,DENSE_PINN,cuda,2,2,throughput_rows_s,1,5,5159.958720330237,rows/s
NOX,DENSE_PINN,cuda,2,2,throughput_rows_s,1,6,5449.591280653951,rows/s
NOX,DENSE_PINN,cuda,2,2,throughput_rows_s,1,7,5017.561465127948,rows/s
NOX,DENSE_PINN,cuda,2,2,throughput_rows_s,1,8,5549.389567147614,rows/s
NOX,DENSE_PINN,cuda,2,2,throughput_rows_s,1,9,5053.057099545225,rows/s
NOX,DENSE_PINN,cuda,2,2,throughput_rows_s,1,10,5000.0,rows/s
NOX,DENSE_PINN,cuda,2,2,throughput_rows_s,1,11,5015.045135406219,rows/s
NOX,DENSE_PINN,cuda,2,2,throughput_rows_s,1,12,4098.360655737705,rows/s
NOX,DENSE_PINN,cuda,2,2,throughput_rows_s,1,13,4196.39110365086,rows/s
NOX,DENSE_PINN,cuda,2,2,throughput_rows_s,1,14,4187.604690117253,rows/s
NOX,DENSE_PINN,cuda,2,2,throughput_rows_s,1,15,4166.666666666667,rows/s
NOX,DENSE_PINN,cuda,2,2,throughput_rows_s,1,16,4336.513443191674,rows/s
NOX,DENSE_PINN,cuda,2,2,throughput_rows_s,1,17,4351.610095735422,rows/s
NOX,DENSE_PINN,cuda,2,2,throughput_rows_s,1,18,4323.389537397319,rows/s
NOX,DENSE_PINN,cuda,2,2,throughput_rows_s,1,19,4161.464835622139,rows/s
NOX,DENSE_PINN,cuda,2,2,throughput_rows_s,1,20,4273.504273504273,rows/s
NOX,DENSE_PINN,cuda,2,2,throughput_rows_s,1,21,4266.211604095563,rows/s
NOX,DENSE_PINN,cuda,2,2,throughput_rows_s,1,22,4304.778303917348,rows/s
NOX,DENSE_PINN,cuda,2,2,throughput_rows_s,1,23,4440.497335701599,rows/s
NOX,DENSE_PINN,cuda,2,2,throughput_rows_s,16,0,84970.7912904939,rows/s
NOX,DENSE_PINN,cuda,2,2,throughput_rows_s,16,1,78740.15748031497,rows/s
NOX,DENSE_PINN,cuda,2,2,throughput_rows_s,16,2,78817.73399014778,rows/s
NOX,DENSE_PINN,cuda,2,2,throughput_rows_s,16,3,90702.94784580499,rows/s
NOX,DENSE_PINN,cuda,2,2,throughput_rows_s,16,4,78508.34151128557,rows/s
NOX,DENSE_PINN,cuda,2,2,throughput_rows_s,16,5,77406.86985970006,rows/s
NOX,DENSE_PINN,cuda,2,2,throughput_rows_s,16,6,87527.352297593,rows/s
NOX,DENSE_PINN,cuda,2,2,throughput_rows_s,16,7,80971.65991902835,rows/s
NOX,DENSE_PINN,cuda,2,2,throughput_rows_s,16,8,81507.8960774325,rows/s
NOX,DENSE_PINN,cuda,2,2,throughput_rows_s,16,9,77783.17938745747,rows/s
NOX,DENSE_PINN,cuda,2,2,throughput_rows_s,16,10,78624.07862407863,rows/s
NOX,DENSE_PINN,cuda,2,2,throughput_rows_s,16,11,77669.90291262136,rows/s
NOX,DENSE_PINN,cuda,2,2,throughput_rows_s,16,12,77257.3635924674,rows/s
NOX,DENSE_PINN,cuda,2,2,throughput_rows_s,16,13,93131.54831199069,rows/s
NOX,DENSE_PINN,cuda,2,2,throughput_rows_s,16,14,83203.32813312532,rows/s
NOX,DENSE_PINN,cuda,2,2,throughput_rows_s,16,15,78624.07862407863,rows/s
NOX,DENSE_PINN,cuda,2,2,throughput_rows_s,16,16,78662.73352999016,rows/s
NOX,DENSE_PINN,cuda,2,2,throughput_rows_s,16,17,78546.88267059402,rows/s
NOX,DENSE_PINN,cuda,2,2,throughput_rows_s,16,18,78778.92663712456,rows/s
NOX,DENSE_PINN,cuda,2,2,throughput_rows_s,16,19,79562.40676280457,rows/s
NOX,DENSE_PINN,cuda,2,2,throughput_rows_s,16,20,79168.72835230084,rows/s
NOX,DENSE_PINN,cuda,2,2,throughput_rows_s,16,21,78585.46168958742,rows/s
NOX,DENSE_PINN,cuda,2,2,throughput_rows_s,16,22,78934.38579181056,rows/s
NOX,DENSE_PINN,cuda,2,2,throughput_rows_s,16,23,84166.22830089428,rows/s
NOX,DENSE_PINN,cuda,2,2,throughput_rows_s,64,0,270956.816257409,rows/s
NOX,DENSE_PINN,cuda,2,2,throughput_rows_s,64,1,147126.4367816092,rows/s
NOX,DENSE_PINN,cuda,2,2,throughput_rows_s,64,2,220461.59145711333,rows/s
NOX,DENSE_PINN,cuda,2,2,throughput_rows_s,64,3,214333.5565974548,rows/s
NOX,DENSE_PINN,cuda,2,2,throughput_rows_s,64,4,283939.66282165045,rows/s
NOX,DENSE_PINN,cuda,2,2,throughput_rows_s,64,5,261865.79378068735,rows/s
NOX,DENSE_PINN,cuda,2,2,throughput_rows_s,64,6,284697.50889679714,rows/s
NOX,DENSE_PINN,cuda,2,2,throughput_rows_s,64,7,286995.51569506724,rows/s
NOX,DENSE_PINN,cuda,2,2,throughput_rows_s,64,8,291041.3824465666,rows/s
NOX,DENSE_PINN,cuda,2,2,throughput_rows_s,64,9,284191.8294849023,rows/s
NOX,DENSE_PINN,cuda,2,2,throughput_rows_s,64,10,296983.75870069605,rows/s
NOX,DENSE_PINN,cuda,2,2,throughput_rows_s,64,11,288678.39422643214,rows/s
NOX,DENSE_PINN,cuda,2,2,throughput_rows_s,64,12,301460.1978332549,rows/s
NOX,DENSE_PINN,cuda,2,2,throughput_rows_s,64,13,190419.51800059507,rows/s
NOX,DENSE_PINN,cuda,2,2,throughput_rows_s,64,14,245022.9709035222,rows/s
NOX,DENSE_PINN,cuda,2,2,throughput_rows_s,64,15,263700.04120313143,rows/s
NOX,DENSE_PINN,cuda,2,2,throughput_rows_s,64,16,268006.7001675042,rows/s
NOX,DENSE_PINN,cuda,2,2,throughput_rows_s,64,17,274089.93576017127,rows/s
NOX,DENSE_PINN,cuda,2,2,throughput_rows_s,64,18,285459.4112399643,rows/s
NOX,DENSE_PINN,cuda,2,2,throughput_rows_s,64,19,308136.7356764564,rows/s
NOX,DENSE_PINN,cuda,2,2,throughput_rows_s,64,20,290249.433106576,rows/s
NOX,DENSE_PINN,cuda,2,2,throughput_rows_s,64,21,271531.607976241,rows/s
NOX,DENSE_PINN,cuda,2,2,throughput_rows_s,64,22,282436.0105913504,rows/s
NOX,DENSE_PINN,cuda,2,2,throughput_rows_s,64,23,289069.5573622403,rows/s
NOX,DENSE_PINN,cuda,2,2,throughput_rows_s,256,0,1119860.0174978129,rows/s
NOX,DENSE_PINN,cuda,2,2,throughput_rows_s,256,1,1168949.7716894976,rows/s
NOX,DENSE_PINN,cuda,2,2,throughput_rows_s,256,2,1119860.0174978129,rows/s
NOX,DENSE_PINN,cuda,2,2,throughput_rows_s,256,3,1136767.3179396093,rows/s
NOX,DENSE_PINN,cuda,2,2,throughput_rows_s,256,4,700410.3967168262,rows/s
NOX,DENSE_PINN,cuda,2,2,throughput_rows_s,256,5,1003528.028224226,rows/s
NOX,DENSE_PINN,cuda,2,2,throughput_rows_s,256,6,1052198.9313604604,rows/s
NOX,DENSE_PINN,cuda,2,2,throughput_rows_s,256,7,1106787.7215737137,rows/s
NOX,DENSE_PINN,cuda,2,2,throughput_rows_s,256,8,1071578.0661364587,rows/s
NOX,DENSE_PINN,cuda,2,2,throughput_rows_s,256,9,1096829.4772922022,rows/s
NOX,DENSE_PINN,cuda,2,2,throughput_rows_s,256,10,1093082.8351836037,rows/s
NOX,DENSE_PINN,cuda,2,2,throughput_rows_s,256,11,1068447.4123539233,rows/s
NOX,DENSE_PINN,cuda,2,2,throughput_rows_s,256,12,1144389.8077782744,rows/s
NOX,DENSE_PINN,cuda,2,2,throughput_rows_s,256,13,1066666.6666666667,rows/s
NOX,DENSE_PINN,cuda,2,2,throughput_rows_s,256,14,1166287.0159453303,rows/s
NOX,DENSE_PINN,cuda,2,2,throughput_rows_s,256,15,1077894.7368421052,rows/s
NOX,DENSE_PINN,cuda,2,2,throughput_rows_s,256,16,1052198.9313604604,rows/s
NOX,DENSE_PINN,cuda,2,2,throughput_rows_s,256,17,1053064.5824763472,rows/s
NOX,DENSE_PINN,cuda,2,2,throughput_rows_s,256,18,1108705.067128627,rows/s
NOX,DENSE_PINN,cuda,2,2,throughput_rows_s,256,19,729760.5473204105,rows/s
NOX,DENSE_PINN,cuda,2,2,throughput_rows_s,256,20,1081994.9281487742,rows/s
NOX,DENSE_PINN,cuda,2,2,throughput_rows_s,256,21,1076987.799747581,rows/s
NOX,DENSE_PINN,cuda,2,2,throughput_rows_s,256,22,1156800.723000452,rows/s
NOX,DENSE_PINN,cuda,2,2,throughput_rows_s,256,23,962767.9578789019,rows/s
NOX,DENSE_PINN,cuda,2,2,throughput_rows_s,1024,0,4547069.271758437,rows/s
NOX,DENSE_PINN,cuda,2,2,throughput_rows_s,1024,1,4789522.918615528,rows/s
NOX,DENSE_PINN,cuda,2,2,throughput_rows_s,1024,2,5264781.491002571,rows/s
NOX,DENSE_PINN,cuda,2,2,throughput_rows_s,1024,3,4876190.476190477,rows/s
NOX,DENSE_PINN,cuda,2,2,throughput_rows_s,1024,4,5004887.585532746,rows/s
NOX,DENSE_PINN,cuda,2,2,throughput_rows_s,1024,5,4747334.260547056,rows/s
NOX,DENSE_PINN,cuda,2,2,throughput_rows_s,1024,6,4751740.139211137,rows/s
NOX,DENSE_PINN,cuda,2,2,throughput_rows_s,1024,7,4699403.396053235,rows/s
NOX,DENSE_PINN,cuda,2,2,throughput_rows_s,1024,8,4880838.894184939,rows/s
NOX,DENSE_PINN,cuda,2,2,throughput_rows_s,1024,9,4452173.9130434785,rows/s
NOX,DENSE_PINN,cuda,2,2,throughput_rows_s,1024,10,4652430.713312131,rows/s
NOX,DENSE_PINN,cuda,2,2,throughput_rows_s,1024,11,4669402.644778842,rows/s
NOX,DENSE_PINN,cuda,2,2,throughput_rows_s,1024,12,4939700.916546068,rows/s
NOX,DENSE_PINN,cuda,2,2,throughput_rows_s,1024,13,4934939.759036144,rows/s
NOX,DENSE_PINN,cuda,2,2,throughput_rows_s,1024,14,4862298.195631529,rows/s
NOX,DENSE_PINN,cuda,2,2,throughput_rows_s,1024,15,4834749.763928235,rows/s
NOX,DENSE_PINN,cuda,2,2,throughput_rows_s,1024,16,4547069.271758437,rows/s
NOX,DENSE_PINN,cuda,2,2,throughput_rows_s,1024,17,4809769.844997652,rows/s
NOX,DENSE_PINN,cuda,2,2,throughput_rows_s,1024,18,4654545.454545454,rows/s
NOX,DENSE_PINN,cuda,2,2,throughput_rows_s,1024,19,4904214.559386973,rows/s
NOX,DENSE_PINN,cuda,2,2,throughput_rows_s,1024,20,4773892.773892773,rows/s
NOX,DENSE_PINN,cuda,2,2,throughput_rows_s,1024,21,4684354.986276303,rows/s
NOX,DENSE_PINN,cuda,2,2,throughput_rows_s,1024,22,4690792.487402657,rows/s
NOX,DENSE_PINN,cuda,2,2,throughput_rows_s,1024,23,4968461.911693353,rows/s
NOX,DENSE_PINN,cuda,2,2,throughput_rows_s,4096,0,22806236.080178175,rows/s
NOX,DENSE_PINN,cuda,2,2,throughput_rows_s,4096,1,20428927.680798,rows/s
NOX,DENSE_PINN,cuda,2,2,throughput_rows_s,4096,2,13407528.641571194,rows/s
NOX,DENSE_PINN,cuda,2,2,throughput_rows_s,4096,3,17541755.88865096,rows/s
NOX,DENSE_PINN,cuda,2,2,throughput_rows_s,4096,4,17526743.68848952,rows/s
NOX,DENSE_PINN,cuda,2,2,throughput_rows_s,4096,5,19673390.970220942,rows/s
NOX,DENSE_PINN,cuda,2,2,throughput_rows_s,4096,6,19835351.08958838,rows/s
NOX,DENSE_PINN,cuda,2,2,throughput_rows_s,4096,7,20009770.39570103,rows/s
NOX,DENSE_PINN,cuda,2,2,throughput_rows_s,4096,8,21974248.927038625,rows/s
NOX,DENSE_PINN,cuda,2,2,throughput_rows_s,4096,9,19654510.556621883,rows/s
NOX,DENSE_PINN,cuda,2,2,throughput_rows_s,4096,10,21892036.34420096,rows/s
NOX,DENSE_PINN,cuda,2,2,throughput_rows_s,4096,11,19439962.03132416,rows/s
NOX,DENSE_PINN,cuda,2,2,throughput_rows_s,4096,12,21833688.699360345,rows/s
NOX,DENSE_PINN,cuda,2,2,throughput_rows_s,4096,13,22152514.87290427,rows/s
NOX,DENSE_PINN,cuda,2,2,throughput_rows_s,4096,14,19131247.080803365,rows/s
NOX,DENSE_PINN,cuda,2,2,throughput_rows_s,4096,15,22057081.313947227,rows/s
NOX,DENSE_PINN,cuda,2,2,throughput_rows_s,4096,16,22104695.08904479,rows/s
NOX,DENSE_PINN,cuda,2,2,throughput_rows_s,4096,17,19015784.586815227,rows/s
NOX,DENSE_PINN,cuda,2,2,throughput_rows_s,4096,18,19375591.296121094,rows/s
NOX,DENSE_PINN,cuda,2,2,throughput_rows_s,4096,19,19663946.23139702,rows/s
NOX,DENSE_PINN,cuda,2,2,throughput_rows_s,4096,20,21962466.487935655,rows/s
NOX,DENSE_PINN,cuda,2,2,throughput_rows_s,4096,21,14326687.653025532,rows/s
NOX,DENSE_PINN,cuda,2,2,throughput_rows_s,4096,22,19140186.91588785,rows/s
NOX,DENSE_PINN,cuda,2,2,throughput_rows_s,4096,23,22152514.87290427,rows/s
NOX,DENSE_PINN,cuda,3,1,latency_wall_batch1_ms,1,0,0.2159,ms
NOX,DENSE_PINN,cuda,3,1,latency_wall_batch1_ms,1,1,0.1913,ms
NOX,DENSE_PINN,cuda,3,1,latency_wall_batch1_ms,1,2,0.1868,ms
NOX,DENSE_PINN,cuda,3,1,latency_wall_batch1_ms,1,3,0.2201,ms
NOX,DENSE_PINN,cuda,3,1,latency_wall_batch1_ms,1,4,0.1863,ms
NOX,DENSE_PINN,cuda,3,1,latency_wall_batch1_ms,1,5,0.1862,ms
NOX,DENSE_PINN,cuda,3,1,latency_wall_batch1_ms,1,6,0.2279,ms
NOX,DENSE_PINN,cuda,3,1,latency_wall_batch1_ms,1,7,0.2059,ms
NOX,DENSE_PINN,cuda,3,1,latency_wall_batch1_ms,1,8,0.1809,ms
NOX,DENSE_PINN,cuda,3,1,latency_wall_batch1_ms,1,9,0.2059,ms
NOX,DENSE_PINN,cuda,3,1,latency_wall_batch1_ms,1,10,0.2,ms
NOX,DENSE_PINN,cuda,3,1,latency_wall_batch1_ms,1,11,0.1818,ms
NOX,DENSE_PINN,cuda,3,1,latency_wall_batch1_ms,1,12,0.1988,ms
NOX,DENSE_PINN,cuda,3,1,latency_wall_batch1_ms,1,13,0.2045,ms
NOX,DENSE_PINN,cuda,3,1,latency_wall_batch1_ms,1,14,0.2064,ms
NOX,DENSE_PINN,cuda,3,1,latency_wall_batch1_ms,1,15,0.2138,ms
NOX,DENSE_PINN,cuda,3,1,latency_wall_batch1_ms,1,16,0.1914,ms
NOX,DENSE_PINN,cuda,3,1,latency_wall_batch1_ms,1,17,0.2063,ms
NOX,DENSE_PINN,cuda,3,1,latency_wall_batch1_ms,1,18,0.2017,ms
NOX,DENSE_PINN,cuda,3,1,latency_wall_batch1_ms,1,19,0.2024,ms
NOX,DENSE_PINN,cuda,3,1,latency_wall_batch1_ms,1,20,0.2117,ms
NOX,DENSE_PINN,cuda,3,1,latency_wall_batch1_ms,1,21,0.2097,ms
NOX,DENSE_PINN,cuda,3,1,latency_wall_batch1_ms,1,22,0.1949,ms
NOX,DENSE_PINN,cuda,3,1,latency_wall_batch1_ms,1,23,0.2034,ms
NOX,DENSE_PINN,cuda,3,1,latency_wall_batch1_ms,1,24,0.1885,ms
NOX,DENSE_PINN,cuda,3,1,latency_wall_batch1_ms,1,25,0.213,ms
NOX,DENSE_PINN,cuda,3,1,latency_wall_batch1_ms,1,26,0.2059,ms
NOX,DENSE_PINN,cuda,3,1,latency_wall_batch1_ms,1,27,0.2049,ms
NOX,DENSE_PINN,cuda,3,1,latency_wall_batch1_ms,1,28,0.1849,ms
NOX,DENSE_PINN,cuda,3,1,latency_wall_batch1_ms,1,29,0.1973,ms
NOX,DENSE_PINN,cuda,3,1,latency_wall_batch1_ms,1,30,0.1866,ms
NOX,DENSE_PINN,cuda,3,1,latency_wall_batch1_ms,1,31,0.2047,ms
NOX,DENSE_PINN,cuda,3,1,latency_wall_batch1_ms,1,32,0.193,ms
NOX,DENSE_PINN,cuda,3,1,latency_wall_batch1_ms,1,33,0.1916,ms
NOX,DENSE_PINN,cuda,3,1,latency_wall_batch1_ms,1,34,0.1655,ms
NOX,DENSE_PINN,cuda,3,1,latency_wall_batch1_ms,1,35,0.193,ms
NOX,DENSE_PINN,cuda,3,1,latency_wall_batch1_ms,1,36,0.2028,ms
NOX,DENSE_PINN,cuda,3,1,latency_wall_batch1_ms,1,37,0.2049,ms
NOX,DENSE_PINN,cuda,3,1,latency_wall_batch1_ms,1,38,0.1974,ms
NOX,DENSE_PINN,cuda,3,1,latency_wall_batch1_ms,1,39,0.2493,ms
NOX,DENSE_PINN,cuda,3,1,latency_wall_batch1_ms,1,40,0.3094,ms
NOX,DENSE_PINN,cuda,3,1,latency_wall_batch1_ms,1,41,0.1861,ms
NOX,DENSE_PINN,cuda,3,1,latency_wall_batch1_ms,1,42,0.2006,ms
NOX,DENSE_PINN,cuda,3,1,latency_wall_batch1_ms,1,43,0.201,ms
NOX,DENSE_PINN,cuda,3,1,latency_wall_batch1_ms,1,44,0.2157,ms
NOX,DENSE_PINN,cuda,3,1,latency_wall_batch1_ms,1,45,0.2191,ms
NOX,DENSE_PINN,cuda,3,1,latency_wall_batch1_ms,1,46,0.1824,ms
NOX,DENSE_PINN,cuda,3,1,latency_wall_batch1_ms,1,47,0.239,ms
NOX,DENSE_PINN,cuda,3,1,latency_wall_batch1_ms,1,48,0.2485,ms
NOX,DENSE_PINN,cuda,3,1,latency_wall_batch1_ms,1,49,0.23,ms
NOX,DENSE_PINN,cuda,3,1,latency_wall_batch1_ms,1,50,0.2358,ms
NOX,DENSE_PINN,cuda,3,1,latency_wall_batch1_ms,1,51,0.2227,ms
NOX,DENSE_PINN,cuda,3,1,latency_wall_batch1_ms,1,52,0.2129,ms
NOX,DENSE_PINN,cuda,3,1,latency_wall_batch1_ms,1,53,0.2135,ms
NOX,DENSE_PINN,cuda,3,1,latency_wall_batch1_ms,1,54,0.2079,ms
NOX,DENSE_PINN,cuda,3,1,latency_wall_batch1_ms,1,55,0.2086,ms
NOX,DENSE_PINN,cuda,3,1,latency_wall_batch1_ms,1,56,0.2092,ms
NOX,DENSE_PINN,cuda,3,1,latency_wall_batch1_ms,1,57,0.214,ms
NOX,DENSE_PINN,cuda,3,1,latency_wall_batch1_ms,1,58,0.2108,ms
NOX,DENSE_PINN,cuda,3,1,latency_wall_batch1_ms,1,59,0.2074,ms
NOX,DENSE_PINN,cuda,3,1,latency_wall_batch1_ms,1,60,0.1876,ms
NOX,DENSE_PINN,cuda,3,1,latency_wall_batch1_ms,1,61,0.2049,ms
NOX,DENSE_PINN,cuda,3,1,latency_wall_batch1_ms,1,62,0.1897,ms
NOX,DENSE_PINN,cuda,3,1,latency_wall_batch1_ms,1,63,0.1944,ms
NOX,DENSE_PINN,cuda,3,1,latency_wall_batch1_ms,1,64,0.2191,ms
NOX,DENSE_PINN,cuda,3,1,latency_wall_batch1_ms,1,65,0.2058,ms
NOX,DENSE_PINN,cuda,3,1,latency_wall_batch1_ms,1,66,0.2203,ms
NOX,DENSE_PINN,cuda,3,1,latency_wall_batch1_ms,1,67,0.2141,ms
NOX,DENSE_PINN,cuda,3,1,latency_wall_batch1_ms,1,68,0.1862,ms
NOX,DENSE_PINN,cuda,3,1,latency_wall_batch1_ms,1,69,0.2051,ms
NOX,DENSE_PINN,cuda,3,1,latency_wall_batch1_ms,1,70,0.2039,ms
NOX,DENSE_PINN,cuda,3,1,latency_wall_batch1_ms,1,71,0.2047,ms
NOX,DENSE_PINN,cuda,3,1,latency_wall_batch1_ms,1,72,0.204,ms
NOX,DENSE_PINN,cuda,3,1,latency_wall_batch1_ms,1,73,0.2017,ms
NOX,DENSE_PINN,cuda,3,1,latency_wall_batch1_ms,1,74,0.2048,ms
NOX,DENSE_PINN,cuda,3,1,latency_wall_batch1_ms,1,75,0.2042,ms
NOX,DENSE_PINN,cuda,3,1,latency_wall_batch1_ms,1,76,0.2178,ms
NOX,DENSE_PINN,cuda,3,1,latency_wall_batch1_ms,1,77,0.2136,ms
NOX,DENSE_PINN,cuda,3,1,latency_wall_batch1_ms,1,78,0.2158,ms
NOX,DENSE_PINN,cuda,3,1,latency_wall_batch1_ms,1,79,0.2045,ms
NOX,DENSE_PINN,cuda,3,1,latency_wall_batch1_ms,1,80,0.2112,ms
NOX,DENSE_PINN,cuda,3,1,latency_wall_batch1_ms,1,81,0.211,ms
NOX,DENSE_PINN,cuda,3,1,latency_wall_batch1_ms,1,82,0.2072,ms
NOX,DENSE_PINN,cuda,3,1,latency_wall_batch1_ms,1,83,0.2054,ms
NOX,DENSE_PINN,cuda,3,1,latency_wall_batch1_ms,1,84,0.2307,ms
NOX,DENSE_PINN,cuda,3,1,latency_wall_batch1_ms,1,85,0.2207,ms
NOX,DENSE_PINN,cuda,3,1,latency_wall_batch1_ms,1,86,0.2147,ms
NOX,DENSE_PINN,cuda,3,1,latency_wall_batch1_ms,1,87,0.2075,ms
NOX,DENSE_PINN,cuda,3,1,latency_wall_batch1_ms,1,88,0.2187,ms
NOX,DENSE_PINN,cuda,3,1,latency_wall_batch1_ms,1,89,0.1998,ms
NOX,DENSE_PINN,cuda,3,1,latency_wall_batch1_ms,1,90,0.2133,ms
NOX,DENSE_PINN,cuda,3,1,latency_wall_batch1_ms,1,91,0.2162,ms
NOX,DENSE_PINN,cuda,3,1,latency_wall_batch1_ms,1,92,0.2111,ms
NOX,DENSE_PINN,cuda,3,1,latency_wall_batch1_ms,1,93,0.2163,ms
NOX,DENSE_PINN,cuda,3,1,latency_wall_batch1_ms,1,94,0.2056,ms
NOX,DENSE_PINN,cuda,3,1,latency_wall_batch1_ms,1,95,0.2069,ms
NOX,DENSE_PINN,cuda,3,1,latency_wall_batch1_ms,1,96,0.2087,ms
NOX,DENSE_PINN,cuda,3,1,latency_wall_batch1_ms,1,97,0.1992,ms
NOX,DENSE_PINN,cuda,3,1,latency_wall_batch1_ms,1,98,0.1941,ms
NOX,DENSE_PINN,cuda,3,1,latency_wall_batch1_ms,1,99,0.1902,ms
NOX,DENSE_PINN,cuda,3,1,latency_wall_batch1_ms,1,100,0.2,ms
NOX,DENSE_PINN,cuda,3,1,latency_wall_batch1_ms,1,101,0.2079,ms
NOX,DENSE_PINN,cuda,3,1,latency_wall_batch1_ms,1,102,0.191,ms
NOX,DENSE_PINN,cuda,3,1,latency_wall_batch1_ms,1,103,0.2073,ms
NOX,DENSE_PINN,cuda,3,1,latency_wall_batch1_ms,1,104,0.1798,ms
NOX,DENSE_PINN,cuda,3,1,latency_wall_batch1_ms,1,105,0.2057,ms
NOX,DENSE_PINN,cuda,3,1,latency_wall_batch1_ms,1,106,0.1946,ms
NOX,DENSE_PINN,cuda,3,1,latency_wall_batch1_ms,1,107,0.2068,ms
NOX,DENSE_PINN,cuda,3,1,latency_wall_batch1_ms,1,108,0.1953,ms
NOX,DENSE_PINN,cuda,3,1,latency_wall_batch1_ms,1,109,0.2028,ms
NOX,DENSE_PINN,cuda,3,1,latency_wall_batch1_ms,1,110,0.1998,ms
NOX,DENSE_PINN,cuda,3,1,latency_wall_batch1_ms,1,111,0.2016,ms
NOX,DENSE_PINN,cuda,3,1,latency_wall_batch1_ms,1,112,0.2842,ms
NOX,DENSE_PINN,cuda,3,1,latency_wall_batch1_ms,1,113,0.2558,ms
NOX,DENSE_PINN,cuda,3,1,latency_wall_batch1_ms,1,114,0.2449,ms
NOX,DENSE_PINN,cuda,3,1,latency_wall_batch1_ms,1,115,0.2217,ms
NOX,DENSE_PINN,cuda,3,1,latency_wall_batch1_ms,1,116,0.23,ms
NOX,DENSE_PINN,cuda,3,1,latency_wall_batch1_ms,1,117,0.2516,ms
NOX,DENSE_PINN,cuda,3,1,latency_wall_batch1_ms,1,118,0.2262,ms
NOX,DENSE_PINN,cuda,3,1,latency_wall_batch1_ms,1,119,0.2418,ms
NOX,DENSE_PINN,cuda,3,1,latency_wall_batch1_ms,1,120,0.2267,ms
NOX,DENSE_PINN,cuda,3,1,latency_wall_batch1_ms,1,121,0.222,ms
NOX,DENSE_PINN,cuda,3,1,latency_wall_batch1_ms,1,122,0.2441,ms
NOX,DENSE_PINN,cuda,3,1,latency_wall_batch1_ms,1,123,0.2438,ms
NOX,DENSE_PINN,cuda,3,1,latency_wall_batch1_ms,1,124,0.2219,ms
NOX,DENSE_PINN,cuda,3,1,latency_wall_batch1_ms,1,125,0.2453,ms
NOX,DENSE_PINN,cuda,3,1,latency_wall_batch1_ms,1,126,0.2376,ms
NOX,DENSE_PINN,cuda,3,1,latency_wall_batch1_ms,1,127,0.2371,ms
NOX,DENSE_PINN,cuda,3,1,latency_wall_batch1_ms,1,128,0.236,ms
NOX,DENSE_PINN,cuda,3,1,latency_wall_batch1_ms,1,129,0.2487,ms
NOX,DENSE_PINN,cuda,3,1,latency_wall_batch1_ms,1,130,0.2394,ms
NOX,DENSE_PINN,cuda,3,1,latency_wall_batch1_ms,1,131,0.2386,ms
NOX,DENSE_PINN,cuda,3,1,latency_wall_batch1_ms,1,132,0.2284,ms
NOX,DENSE_PINN,cuda,3,1,latency_wall_batch1_ms,1,133,0.2087,ms
NOX,DENSE_PINN,cuda,3,1,latency_wall_batch1_ms,1,134,0.2231,ms
NOX,DENSE_PINN,cuda,3,1,latency_wall_batch1_ms,1,135,0.23,ms
NOX,DENSE_PINN,cuda,3,1,latency_wall_batch1_ms,1,136,0.2386,ms
NOX,DENSE_PINN,cuda,3,1,latency_wall_batch1_ms,1,137,0.2404,ms
NOX,DENSE_PINN,cuda,3,1,latency_wall_batch1_ms,1,138,0.2315,ms
NOX,DENSE_PINN,cuda,3,1,latency_wall_batch1_ms,1,139,0.2293,ms
NOX,DENSE_PINN,cuda,3,1,latency_wall_batch1_ms,1,140,0.2267,ms
NOX,DENSE_PINN,cuda,3,1,latency_wall_batch1_ms,1,141,0.2368,ms
NOX,DENSE_PINN,cuda,3,1,latency_wall_batch1_ms,1,142,0.2444,ms
NOX,DENSE_PINN,cuda,3,1,latency_wall_batch1_ms,1,143,0.2142,ms
NOX,DENSE_PINN,cuda,3,1,latency_wall_batch1_ms,1,144,0.2508,ms
NOX,DENSE_PINN,cuda,3,1,latency_wall_batch1_ms,1,145,0.2356,ms
NOX,DENSE_PINN,cuda,3,1,latency_wall_batch1_ms,1,146,0.222,ms
NOX,DENSE_PINN,cuda,3,1,latency_wall_batch1_ms,1,147,0.2354,ms
NOX,DENSE_PINN,cuda,3,1,latency_wall_batch1_ms,1,148,0.2455,ms
NOX,DENSE_PINN,cuda,3,1,latency_wall_batch1_ms,1,149,0.2401,ms
NOX,DENSE_PINN,cuda,3,1,latency_wall_batch1_ms,1,150,0.2432,ms
NOX,DENSE_PINN,cuda,3,1,latency_wall_batch1_ms,1,151,0.2529,ms
NOX,DENSE_PINN,cuda,3,1,latency_wall_batch1_ms,1,152,0.2297,ms
NOX,DENSE_PINN,cuda,3,1,latency_wall_batch1_ms,1,153,0.24,ms
NOX,DENSE_PINN,cuda,3,1,latency_wall_batch1_ms,1,154,0.2317,ms
NOX,DENSE_PINN,cuda,3,1,latency_wall_batch1_ms,1,155,0.2394,ms
NOX,DENSE_PINN,cuda,3,1,latency_wall_batch1_ms,1,156,0.2209,ms
NOX,DENSE_PINN,cuda,3,1,latency_wall_batch1_ms,1,157,0.2295,ms
NOX,DENSE_PINN,cuda,3,1,latency_wall_batch1_ms,1,158,0.2346,ms
NOX,DENSE_PINN,cuda,3,1,latency_wall_batch1_ms,1,159,0.2236,ms
NOX,DENSE_PINN,cuda,3,1,latency_wall_batch1_ms,1,160,0.2311,ms
NOX,DENSE_PINN,cuda,3,1,latency_wall_batch1_ms,1,161,0.2139,ms
NOX,DENSE_PINN,cuda,3,1,latency_wall_batch1_ms,1,162,0.2401,ms
NOX,DENSE_PINN,cuda,3,1,latency_wall_batch1_ms,1,163,0.244,ms
NOX,DENSE_PINN,cuda,3,1,latency_wall_batch1_ms,1,164,0.2343,ms
NOX,DENSE_PINN,cuda,3,1,latency_wall_batch1_ms,1,165,0.2371,ms
NOX,DENSE_PINN,cuda,3,1,latency_wall_batch1_ms,1,166,0.2489,ms
NOX,DENSE_PINN,cuda,3,1,latency_wall_batch1_ms,1,167,0.3747,ms
NOX,DENSE_PINN,cuda,3,1,latency_wall_batch1_ms,1,168,0.2328,ms
NOX,DENSE_PINN,cuda,3,1,latency_wall_batch1_ms,1,169,0.1953,ms
NOX,DENSE_PINN,cuda,3,1,latency_wall_batch1_ms,1,170,0.212,ms
NOX,DENSE_PINN,cuda,3,1,latency_wall_batch1_ms,1,171,0.2108,ms
NOX,DENSE_PINN,cuda,3,1,latency_wall_batch1_ms,1,172,0.2067,ms
NOX,DENSE_PINN,cuda,3,1,latency_wall_batch1_ms,1,173,0.2091,ms
NOX,DENSE_PINN,cuda,3,1,latency_wall_batch1_ms,1,174,0.2221,ms
NOX,DENSE_PINN,cuda,3,1,latency_wall_batch1_ms,1,175,0.211,ms
NOX,DENSE_PINN,cuda,3,1,latency_wall_batch1_ms,1,176,0.2676,ms
NOX,DENSE_PINN,cuda,3,1,latency_wall_batch1_ms,1,177,0.6549,ms
NOX,DENSE_PINN,cuda,3,1,latency_wall_batch1_ms,1,178,0.5569,ms
NOX,DENSE_PINN,cuda,3,1,latency_wall_batch1_ms,1,179,0.2998,ms
NOX,DENSE_PINN,cuda,3,1,latency_wall_batch1_ms,1,180,0.5695,ms
NOX,DENSE_PINN,cuda,3,1,latency_wall_batch1_ms,1,181,0.2647,ms
NOX,DENSE_PINN,cuda,3,1,latency_wall_batch1_ms,1,182,0.2187,ms
NOX,DENSE_PINN,cuda,3,1,latency_wall_batch1_ms,1,183,0.2119,ms
NOX,DENSE_PINN,cuda,3,1,latency_wall_batch1_ms,1,184,0.2103,ms
NOX,DENSE_PINN,cuda,3,1,latency_wall_batch1_ms,1,185,0.208,ms
NOX,DENSE_PINN,cuda,3,1,latency_wall_batch1_ms,1,186,0.2085,ms
NOX,DENSE_PINN,cuda,3,1,latency_wall_batch1_ms,1,187,0.2083,ms
NOX,DENSE_PINN,cuda,3,1,latency_wall_batch1_ms,1,188,0.2174,ms
NOX,DENSE_PINN,cuda,3,1,latency_wall_batch1_ms,1,189,0.2072,ms
NOX,DENSE_PINN,cuda,3,1,latency_wall_batch1_ms,1,190,0.2056,ms
NOX,DENSE_PINN,cuda,3,1,latency_wall_batch1_ms,1,191,0.205,ms
NOX,DENSE_PINN,cuda,3,1,latency_wall_batch1_ms,1,192,0.2049,ms
NOX,DENSE_PINN,cuda,3,1,latency_wall_batch1_ms,1,193,0.208,ms
NOX,DENSE_PINN,cuda,3,1,latency_wall_batch1_ms,1,194,0.2076,ms
NOX,DENSE_PINN,cuda,3,1,latency_wall_batch1_ms,1,195,0.2009,ms
NOX,DENSE_PINN,cuda,3,1,latency_wall_batch1_ms,1,196,0.2049,ms
NOX,DENSE_PINN,cuda,3,1,latency_wall_batch1_ms,1,197,0.2114,ms
NOX,DENSE_PINN,cuda,3,1,latency_wall_batch1_ms,1,198,0.2068,ms
NOX,DENSE_PINN,cuda,3,1,latency_wall_batch1_ms,1,199,0.2055,ms
NOX,DENSE_PINN,cuda,3,1,latency_wall_batch1_ms,1,200,0.1894,ms
NOX,DENSE_PINN,cuda,3,1,latency_wall_batch1_ms,1,201,0.2045,ms
NOX,DENSE_PINN,cuda,3,1,latency_wall_batch1_ms,1,202,0.1743,ms
NOX,DENSE_PINN,cuda,3,1,latency_wall_batch1_ms,1,203,0.1905,ms
NOX,DENSE_PINN,cuda,3,1,latency_wall_batch1_ms,1,204,0.2054,ms
NOX,DENSE_PINN,cuda,3,1,latency_wall_batch1_ms,1,205,0.2054,ms
NOX,DENSE_PINN,cuda,3,1,latency_wall_batch1_ms,1,206,0.2062,ms
NOX,DENSE_PINN,cuda,3,1,latency_wall_batch1_ms,1,207,0.2111,ms
NOX,DENSE_PINN,cuda,3,1,latency_wall_batch1_ms,1,208,0.2063,ms
NOX,DENSE_PINN,cuda,3,1,latency_wall_batch1_ms,1,209,0.1779,ms
NOX,DENSE_PINN,cuda,3,1,latency_wall_batch1_ms,1,210,0.2051,ms
NOX,DENSE_PINN,cuda,3,1,latency_wall_batch1_ms,1,211,0.2056,ms
NOX,DENSE_PINN,cuda,3,1,latency_wall_batch1_ms,1,212,0.2037,ms
NOX,DENSE_PINN,cuda,3,1,latency_wall_batch1_ms,1,213,0.2052,ms
NOX,DENSE_PINN,cuda,3,1,latency_wall_batch1_ms,1,214,0.2047,ms
NOX,DENSE_PINN,cuda,3,1,latency_wall_batch1_ms,1,215,0.2094,ms
NOX,DENSE_PINN,cuda,3,1,latency_wall_batch1_ms,1,216,0.207,ms
NOX,DENSE_PINN,cuda,3,1,latency_wall_batch1_ms,1,217,0.207,ms
NOX,DENSE_PINN,cuda,3,1,latency_wall_batch1_ms,1,218,0.2,ms
NOX,DENSE_PINN,cuda,3,1,latency_wall_batch1_ms,1,219,0.2063,ms
NOX,DENSE_PINN,cuda,3,1,latency_wall_batch1_ms,1,220,0.205,ms
NOX,DENSE_PINN,cuda,3,1,latency_wall_batch1_ms,1,221,0.2009,ms
NOX,DENSE_PINN,cuda,3,1,latency_wall_batch1_ms,1,222,0.2393,ms
NOX,DENSE_PINN,cuda,3,1,latency_wall_batch1_ms,1,223,0.2893,ms
NOX,DENSE_PINN,cuda,3,1,latency_wall_batch1_ms,1,224,0.2498,ms
NOX,DENSE_PINN,cuda,3,1,latency_wall_batch1_ms,1,225,0.243,ms
NOX,DENSE_PINN,cuda,3,1,latency_wall_batch1_ms,1,226,0.2431,ms
NOX,DENSE_PINN,cuda,3,1,latency_wall_batch1_ms,1,227,0.2446,ms
NOX,DENSE_PINN,cuda,3,1,latency_wall_batch1_ms,1,228,0.2442,ms
NOX,DENSE_PINN,cuda,3,1,latency_wall_batch1_ms,1,229,0.2366,ms
NOX,DENSE_PINN,cuda,3,1,latency_wall_batch1_ms,1,230,0.202,ms
NOX,DENSE_PINN,cuda,3,1,latency_wall_batch1_ms,1,231,0.2179,ms
NOX,DENSE_PINN,cuda,3,1,latency_wall_batch1_ms,1,232,0.2435,ms
NOX,DENSE_PINN,cuda,3,1,latency_wall_batch1_ms,1,233,0.2511,ms
NOX,DENSE_PINN,cuda,3,1,latency_wall_batch1_ms,1,234,0.2379,ms
NOX,DENSE_PINN,cuda,3,1,latency_wall_batch1_ms,1,235,0.2317,ms
NOX,DENSE_PINN,cuda,3,1,latency_wall_batch1_ms,1,236,0.2293,ms
NOX,DENSE_PINN,cuda,3,1,latency_wall_batch1_ms,1,237,0.2303,ms
NOX,DENSE_PINN,cuda,3,1,latency_wall_batch1_ms,1,238,0.2351,ms
NOX,DENSE_PINN,cuda,3,1,latency_wall_batch1_ms,1,239,0.2496,ms
NOX,DENSE_PINN,cuda,3,1,latency_wall_batch1_ms,1,240,0.2312,ms
NOX,DENSE_PINN,cuda,3,1,latency_wall_batch1_ms,1,241,0.2342,ms
NOX,DENSE_PINN,cuda,3,1,latency_wall_batch1_ms,1,242,0.2353,ms
NOX,DENSE_PINN,cuda,3,1,latency_wall_batch1_ms,1,243,0.2322,ms
NOX,DENSE_PINN,cuda,3,1,latency_wall_batch1_ms,1,244,0.2517,ms
NOX,DENSE_PINN,cuda,3,1,latency_wall_batch1_ms,1,245,0.2417,ms
NOX,DENSE_PINN,cuda,3,1,latency_wall_batch1_ms,1,246,0.2351,ms
NOX,DENSE_PINN,cuda,3,1,latency_wall_batch1_ms,1,247,0.251,ms
NOX,DENSE_PINN,cuda,3,1,latency_wall_batch1_ms,1,248,0.2412,ms
NOX,DENSE_PINN,cuda,3,1,latency_wall_batch1_ms,1,249,0.2501,ms
NOX,DENSE_PINN,cuda,3,1,latency_wall_batch1_ms,1,250,0.2434,ms
NOX,DENSE_PINN,cuda,3,1,latency_wall_batch1_ms,1,251,0.2546,ms
NOX,DENSE_PINN,cuda,3,1,latency_wall_batch1_ms,1,252,0.2516,ms
NOX,DENSE_PINN,cuda,3,1,latency_wall_batch1_ms,1,253,0.2263,ms
NOX,DENSE_PINN,cuda,3,1,latency_wall_batch1_ms,1,254,0.2327,ms
NOX,DENSE_PINN,cuda,3,1,latency_wall_batch1_ms,1,255,0.2565,ms
NOX,DENSE_PINN,cuda,3,1,latency_wall_batch1_ms,1,256,0.2469,ms
NOX,DENSE_PINN,cuda,3,1,latency_wall_batch1_ms,1,257,0.2492,ms
NOX,DENSE_PINN,cuda,3,1,latency_wall_batch1_ms,1,258,0.2469,ms
NOX,DENSE_PINN,cuda,3,1,latency_wall_batch1_ms,1,259,0.2608,ms
NOX,DENSE_PINN,cuda,3,1,latency_wall_batch1_ms,1,260,0.26,ms
NOX,DENSE_PINN,cuda,3,1,latency_wall_batch1_ms,1,261,0.2471,ms
NOX,DENSE_PINN,cuda,3,1,latency_wall_batch1_ms,1,262,0.2688,ms
NOX,DENSE_PINN,cuda,3,1,latency_wall_batch1_ms,1,263,0.2347,ms
NOX,DENSE_PINN,cuda,3,1,latency_wall_batch1_ms,1,264,0.2495,ms
NOX,DENSE_PINN,cuda,3,1,latency_wall_batch1_ms,1,265,0.2496,ms
NOX,DENSE_PINN,cuda,3,1,latency_wall_batch1_ms,1,266,0.2475,ms
NOX,DENSE_PINN,cuda,3,1,latency_wall_batch1_ms,1,267,0.2299,ms
NOX,DENSE_PINN,cuda,3,1,latency_wall_batch1_ms,1,268,0.2493,ms
NOX,DENSE_PINN,cuda,3,1,latency_wall_batch1_ms,1,269,0.227,ms
NOX,DENSE_PINN,cuda,3,1,latency_wall_batch1_ms,1,270,0.2269,ms
NOX,DENSE_PINN,cuda,3,1,latency_wall_batch1_ms,1,271,0.2261,ms
NOX,DENSE_PINN,cuda,3,1,latency_wall_batch1_ms,1,272,0.234,ms
NOX,DENSE_PINN,cuda,3,1,latency_wall_batch1_ms,1,273,0.2234,ms
NOX,DENSE_PINN,cuda,3,1,latency_wall_batch1_ms,1,274,0.2241,ms
NOX,DENSE_PINN,cuda,3,1,latency_wall_batch1_ms,1,275,0.2244,ms
NOX,DENSE_PINN,cuda,3,1,latency_wall_batch1_ms,1,276,0.2402,ms
NOX,DENSE_PINN,cuda,3,1,latency_wall_batch1_ms,1,277,0.2467,ms
NOX,DENSE_PINN,cuda,3,1,latency_wall_batch1_ms,1,278,0.2242,ms
NOX,DENSE_PINN,cuda,3,1,latency_wall_batch1_ms,1,279,0.2388,ms
NOX,DENSE_PINN,cuda,3,1,latency_wall_batch1_ms,1,280,0.2501,ms
NOX,DENSE_PINN,cuda,3,1,latency_wall_batch1_ms,1,281,0.2492,ms
NOX,DENSE_PINN,cuda,3,1,latency_wall_batch1_ms,1,282,0.242,ms
NOX,DENSE_PINN,cuda,3,1,latency_wall_batch1_ms,1,283,0.2285,ms
NOX,DENSE_PINN,cuda,3,1,latency_wall_batch1_ms,1,284,0.2747,ms
NOX,DENSE_PINN,cuda,3,1,latency_wall_batch1_ms,1,285,0.2511,ms
NOX,DENSE_PINN,cuda,3,1,latency_wall_batch1_ms,1,286,0.2184,ms
NOX,DENSE_PINN,cuda,3,1,latency_wall_batch1_ms,1,287,0.1893,ms
NOX,DENSE_PINN,cuda,3,1,latency_wall_batch1_ms,1,288,0.2203,ms
NOX,DENSE_PINN,cuda,3,1,latency_wall_batch1_ms,1,289,0.2154,ms
NOX,DENSE_PINN,cuda,3,1,latency_wall_batch1_ms,1,290,0.2307,ms
NOX,DENSE_PINN,cuda,3,1,latency_wall_batch1_ms,1,291,0.1937,ms
NOX,DENSE_PINN,cuda,3,1,latency_wall_batch1_ms,1,292,0.2147,ms
NOX,DENSE_PINN,cuda,3,1,latency_wall_batch1_ms,1,293,0.208,ms
NOX,DENSE_PINN,cuda,3,1,latency_wall_batch1_ms,1,294,0.2036,ms
NOX,DENSE_PINN,cuda,3,1,latency_wall_batch1_ms,1,295,0.1804,ms
NOX,DENSE_PINN,cuda,3,1,latency_wall_batch1_ms,1,296,0.208,ms
NOX,DENSE_PINN,cuda,3,1,latency_wall_batch1_ms,1,297,0.1908,ms
NOX,DENSE_PINN,cuda,3,1,latency_wall_batch1_ms,1,298,0.2075,ms
NOX,DENSE_PINN,cuda,3,1,latency_wall_batch1_ms,1,299,0.2092,ms
NOX,DENSE_PINN,cuda,3,1,latency_wall_batch1_ms,1,300,0.1798,ms
NOX,DENSE_PINN,cuda,3,1,latency_wall_batch1_ms,1,301,0.2166,ms
NOX,DENSE_PINN,cuda,3,1,latency_wall_batch1_ms,1,302,0.191,ms
NOX,DENSE_PINN,cuda,3,1,latency_wall_batch1_ms,1,303,0.1886,ms
NOX,DENSE_PINN,cuda,3,1,latency_wall_batch1_ms,1,304,0.1885,ms
NOX,DENSE_PINN,cuda,3,1,latency_wall_batch1_ms,1,305,0.207,ms
NOX,DENSE_PINN,cuda,3,1,latency_wall_batch1_ms,1,306,0.2147,ms
NOX,DENSE_PINN,cuda,3,1,latency_wall_batch1_ms,1,307,0.2358,ms
NOX,DENSE_PINN,cuda,3,1,latency_wall_batch1_ms,1,308,0.1785,ms
NOX,DENSE_PINN,cuda,3,1,latency_wall_batch1_ms,1,309,0.189,ms
NOX,DENSE_PINN,cuda,3,1,latency_wall_batch1_ms,1,310,0.1947,ms
NOX,DENSE_PINN,cuda,3,1,latency_wall_batch1_ms,1,311,0.2048,ms
NOX,DENSE_PINN,cuda,3,1,latency_wall_batch1_ms,1,312,0.2213,ms
NOX,DENSE_PINN,cuda,3,1,latency_wall_batch1_ms,1,313,0.2088,ms
NOX,DENSE_PINN,cuda,3,1,latency_wall_batch1_ms,1,314,0.2016,ms
NOX,DENSE_PINN,cuda,3,1,latency_wall_batch1_ms,1,315,0.2101,ms
NOX,DENSE_PINN,cuda,3,1,latency_wall_batch1_ms,1,316,0.204,ms
NOX,DENSE_PINN,cuda,3,1,latency_wall_batch1_ms,1,317,0.2046,ms
NOX,DENSE_PINN,cuda,3,1,latency_wall_batch1_ms,1,318,0.1987,ms
NOX,DENSE_PINN,cuda,3,1,latency_wall_batch1_ms,1,319,0.2018,ms
NOX,DENSE_PINN,cuda,3,1,latency_wall_batch1_ms,1,320,0.2023,ms
NOX,DENSE_PINN,cuda,3,1,latency_wall_batch1_ms,1,321,0.2034,ms
NOX,DENSE_PINN,cuda,3,1,latency_wall_batch1_ms,1,322,0.2175,ms
NOX,DENSE_PINN,cuda,3,1,latency_wall_batch1_ms,1,323,0.2045,ms
NOX,DENSE_PINN,cuda,3,1,latency_wall_batch1_ms,1,324,0.201,ms
NOX,DENSE_PINN,cuda,3,1,latency_wall_batch1_ms,1,325,0.2099,ms
NOX,DENSE_PINN,cuda,3,1,latency_wall_batch1_ms,1,326,0.2041,ms
NOX,DENSE_PINN,cuda,3,1,latency_wall_batch1_ms,1,327,0.1766,ms
NOX,DENSE_PINN,cuda,3,1,latency_wall_batch1_ms,1,328,0.2017,ms
NOX,DENSE_PINN,cuda,3,1,latency_wall_batch1_ms,1,329,0.2071,ms
NOX,DENSE_PINN,cuda,3,1,latency_wall_batch1_ms,1,330,0.1921,ms
NOX,DENSE_PINN,cuda,3,1,latency_wall_batch1_ms,1,331,0.1981,ms
NOX,DENSE_PINN,cuda,3,1,latency_wall_batch1_ms,1,332,0.2003,ms
NOX,DENSE_PINN,cuda,3,1,latency_wall_batch1_ms,1,333,0.2114,ms
NOX,DENSE_PINN,cuda,3,1,latency_wall_batch1_ms,1,334,0.2028,ms
NOX,DENSE_PINN,cuda,3,1,latency_wall_batch1_ms,1,335,0.1953,ms
NOX,DENSE_PINN,cuda,3,1,latency_wall_batch1_ms,1,336,0.2061,ms
NOX,DENSE_PINN,cuda,3,1,latency_wall_batch1_ms,1,337,0.2015,ms
NOX,DENSE_PINN,cuda,3,1,latency_wall_batch1_ms,1,338,0.2021,ms
NOX,DENSE_PINN,cuda,3,1,latency_wall_batch1_ms,1,339,0.1981,ms
NOX,DENSE_PINN,cuda,3,1,latency_wall_batch1_ms,1,340,0.1945,ms
NOX,DENSE_PINN,cuda,3,1,latency_wall_batch1_ms,1,341,0.1978,ms
NOX,DENSE_PINN,cuda,3,1,latency_wall_batch1_ms,1,342,0.2039,ms
NOX,DENSE_PINN,cuda,3,1,latency_wall_batch1_ms,1,343,0.211,ms
NOX,DENSE_PINN,cuda,3,1,latency_wall_batch1_ms,1,344,0.1828,ms
NOX,DENSE_PINN,cuda,3,1,latency_wall_batch1_ms,1,345,0.1936,ms
NOX,DENSE_PINN,cuda,3,1,latency_wall_batch1_ms,1,346,0.2049,ms
NOX,DENSE_PINN,cuda,3,1,latency_wall_batch1_ms,1,347,0.1994,ms
NOX,DENSE_PINN,cuda,3,1,latency_wall_batch1_ms,1,348,0.201,ms
NOX,DENSE_PINN,cuda,3,1,latency_wall_batch1_ms,1,349,0.1871,ms
NOX,DENSE_PINN,cuda,3,1,latency_wall_batch1_ms,1,350,0.2008,ms
NOX,DENSE_PINN,cuda,3,1,latency_wall_batch1_ms,1,351,0.1886,ms
NOX,DENSE_PINN,cuda,3,1,latency_wall_batch1_ms,1,352,0.2247,ms
NOX,DENSE_PINN,cuda,3,1,latency_wall_batch1_ms,1,353,0.2109,ms
NOX,DENSE_PINN,cuda,3,1,latency_wall_batch1_ms,1,354,0.1998,ms
NOX,DENSE_PINN,cuda,3,1,latency_wall_batch1_ms,1,355,0.1993,ms
NOX,DENSE_PINN,cuda,3,1,latency_wall_batch1_ms,1,356,0.1812,ms
NOX,DENSE_PINN,cuda,3,1,latency_wall_batch1_ms,1,357,0.188,ms
NOX,DENSE_PINN,cuda,3,1,latency_wall_batch1_ms,1,358,0.1952,ms
NOX,DENSE_PINN,cuda,3,1,latency_wall_batch1_ms,1,359,0.2552,ms
NOX,DENSE_PINN,cuda,3,1,latency_wall_batch1_ms,1,360,0.2434,ms
NOX,DENSE_PINN,cuda,3,1,latency_wall_batch1_ms,1,361,0.2409,ms
NOX,DENSE_PINN,cuda,3,1,latency_wall_batch1_ms,1,362,0.2269,ms
NOX,DENSE_PINN,cuda,3,1,latency_wall_batch1_ms,1,363,0.2205,ms
NOX,DENSE_PINN,cuda,3,1,latency_wall_batch1_ms,1,364,0.2435,ms
NOX,DENSE_PINN,cuda,3,1,latency_wall_batch1_ms,1,365,0.2417,ms
NOX,DENSE_PINN,cuda,3,1,latency_wall_batch1_ms,1,366,0.244,ms
NOX,DENSE_PINN,cuda,3,1,latency_wall_batch1_ms,1,367,0.2464,ms
NOX,DENSE_PINN,cuda,3,1,latency_wall_batch1_ms,1,368,0.2268,ms
NOX,DENSE_PINN,cuda,3,1,latency_wall_batch1_ms,1,369,0.225,ms
NOX,DENSE_PINN,cuda,3,1,latency_wall_batch1_ms,1,370,0.2144,ms
NOX,DENSE_PINN,cuda,3,1,latency_wall_batch1_ms,1,371,0.2244,ms
NOX,DENSE_PINN,cuda,3,1,latency_wall_batch1_ms,1,372,0.2337,ms
NOX,DENSE_PINN,cuda,3,1,latency_wall_batch1_ms,1,373,0.242,ms
NOX,DENSE_PINN,cuda,3,1,latency_wall_batch1_ms,1,374,0.2464,ms
NOX,DENSE_PINN,cuda,3,1,latency_wall_batch1_ms,1,375,0.2143,ms
NOX,DENSE_PINN,cuda,3,1,latency_wall_batch1_ms,1,376,0.2169,ms
NOX,DENSE_PINN,cuda,3,1,latency_wall_batch1_ms,1,377,0.243,ms
NOX,DENSE_PINN,cuda,3,1,latency_wall_batch1_ms,1,378,0.2279,ms
NOX,DENSE_PINN,cuda,3,1,latency_wall_batch1_ms,1,379,0.2316,ms
NOX,DENSE_PINN,cuda,3,1,latency_wall_batch1_ms,1,380,0.234,ms
NOX,DENSE_PINN,cuda,3,1,latency_wall_batch1_ms,1,381,0.2462,ms
NOX,DENSE_PINN,cuda,3,1,latency_wall_batch1_ms,1,382,0.2352,ms
NOX,DENSE_PINN,cuda,3,1,latency_wall_batch1_ms,1,383,0.2193,ms
NOX,DENSE_PINN,cuda,3,1,latency_wall_batch1_ms,1,384,0.2347,ms
NOX,DENSE_PINN,cuda,3,1,latency_wall_batch1_ms,1,385,0.2162,ms
NOX,DENSE_PINN,cuda,3,1,latency_wall_batch1_ms,1,386,0.2218,ms
NOX,DENSE_PINN,cuda,3,1,latency_wall_batch1_ms,1,387,0.2248,ms
NOX,DENSE_PINN,cuda,3,1,latency_wall_batch1_ms,1,388,0.2248,ms
NOX,DENSE_PINN,cuda,3,1,latency_wall_batch1_ms,1,389,0.2325,ms
NOX,DENSE_PINN,cuda,3,1,latency_wall_batch1_ms,1,390,0.2216,ms
NOX,DENSE_PINN,cuda,3,1,latency_wall_batch1_ms,1,391,0.2347,ms
NOX,DENSE_PINN,cuda,3,1,latency_wall_batch1_ms,1,392,0.2577,ms
NOX,DENSE_PINN,cuda,3,1,latency_wall_batch1_ms,1,393,0.2293,ms
NOX,DENSE_PINN,cuda,3,1,latency_wall_batch1_ms,1,394,0.2327,ms
NOX,DENSE_PINN,cuda,3,1,latency_wall_batch1_ms,1,395,0.2092,ms
NOX,DENSE_PINN,cuda,3,1,latency_wall_batch1_ms,1,396,0.2341,ms
NOX,DENSE_PINN,cuda,3,1,latency_wall_batch1_ms,1,397,0.2427,ms
NOX,DENSE_PINN,cuda,3,1,latency_wall_batch1_ms,1,398,0.2776,ms
NOX,DENSE_PINN,cuda,3,1,latency_wall_batch1_ms,1,399,0.2289,ms
NOX,DENSE_PINN,cuda,3,1,throughput_rows_s,1,0,4791.566842357451,rows/s
NOX,DENSE_PINN,cuda,3,1,throughput_rows_s,1,1,4115.22633744856,rows/s
NOX,DENSE_PINN,cuda,3,1,throughput_rows_s,1,2,4522.840343735867,rows/s
NOX,DENSE_PINN,cuda,3,1,throughput_rows_s,1,3,3853.5645472061656,rows/s
NOX,DENSE_PINN,cuda,3,1,throughput_rows_s,1,4,4244.4821731748725,rows/s
NOX,DENSE_PINN,cuda,3,1,throughput_rows_s,1,5,4154.549231408392,rows/s
NOX,DENSE_PINN,cuda,3,1,throughput_rows_s,1,6,4434.589800443458,rows/s
NOX,DENSE_PINN,cuda,3,1,throughput_rows_s,1,7,4403.346543372963,rows/s
NOX,DENSE_PINN,cuda,3,1,throughput_rows_s,1,8,4562.043795620438,rows/s
NOX,DENSE_PINN,cuda,3,1,throughput_rows_s,1,9,4221.190375685943,rows/s
NOX,DENSE_PINN,cuda,3,1,throughput_rows_s,1,10,4295.53264604811,rows/s
NOX,DENSE_PINN,cuda,3,1,throughput_rows_s,1,11,4222.9729729729725,rows/s
NOX,DENSE_PINN,cuda,3,1,throughput_rows_s,1,12,4683.84074941452,rows/s
NOX,DENSE_PINN,cuda,3,1,throughput_rows_s,1,13,4703.668861712135,rows/s
NOX,DENSE_PINN,cuda,3,1,throughput_rows_s,1,14,4368.719965050241,rows/s
NOX,DENSE_PINN,cuda,3,1,throughput_rows_s,1,15,4610.419548178884,rows/s
NOX,DENSE_PINN,cuda,3,1,throughput_rows_s,1,16,4262.574595055413,rows/s
NOX,DENSE_PINN,cuda,3,1,throughput_rows_s,1,17,4606.17227084293,rows/s
NOX,DENSE_PINN,cuda,3,1,throughput_rows_s,1,18,4255.319148936171,rows/s
NOX,DENSE_PINN,cuda,3,1,throughput_rows_s,1,19,4672.897196261682,rows/s
NOX,DENSE_PINN,cuda,3,1,throughput_rows_s,1,20,4464.285714285715,rows/s
NOX,DENSE_PINN,cuda,3,1,throughput_rows_s,1,21,3275.466754012447,rows/s
NOX,DENSE_PINN,cuda,3,1,throughput_rows_s,1,22,4436.557231588288,rows/s
NOX,DENSE_PINN,cuda,3,1,throughput_rows_s,1,23,4237.28813559322,rows/s
NOX,DENSE_PINN,cuda,3,1,throughput_rows_s,16,0,76335.87786259541,rows/s
NOX,DENSE_PINN,cuda,3,1,throughput_rows_s,16,1,77145.61234329798,rows/s
NOX,DENSE_PINN,cuda,3,1,throughput_rows_s,16,2,86486.4864864865,rows/s
NOX,DENSE_PINN,cuda,3,1,throughput_rows_s,16,3,74349.44237918216,rows/s
NOX,DENSE_PINN,cuda,3,1,throughput_rows_s,16,4,78010.7264748903,rows/s
NOX,DENSE_PINN,cuda,3,1,throughput_rows_s,16,5,77519.37984496124,rows/s
NOX,DENSE_PINN,cuda,3,1,throughput_rows_s,16,6,77257.3635924674,rows/s
NOX,DENSE_PINN,cuda,3,1,throughput_rows_s,16,7,81925.24321556579,rows/s
NOX,DENSE_PINN,cuda,3,1,throughput_rows_s,16,8,78546.88267059402,rows/s
NOX,DENSE_PINN,cuda,3,1,throughput_rows_s,16,9,78508.34151128557,rows/s
NOX,DENSE_PINN,cuda,3,1,throughput_rows_s,16,10,77896.78675754624,rows/s
NOX,DENSE_PINN,cuda,3,1,throughput_rows_s,16,11,78585.46168958742,rows/s
NOX,DENSE_PINN,cuda,3,1,throughput_rows_s,16,12,78546.88267059402,rows/s
NOX,DENSE_PINN,cuda,3,1,throughput_rows_s,16,13,71269.48775055679,rows/s
NOX,DENSE_PINN,cuda,3,1,throughput_rows_s,16,14,77594.56838021339,rows/s
NOX,DENSE_PINN,cuda,3,1,throughput_rows_s,16,15,82093.38122113905,rows/s
NOX,DENSE_PINN,cuda,3,1,throughput_rows_s,16,16,75223.31922896099,rows/s
NOX,DENSE_PINN,cuda,3,1,throughput_rows_s,16,17,76190.4761904762,rows/s
NOX,DENSE_PINN,cuda,3,1,throughput_rows_s,16,18,75757.57575757576,rows/s
NOX,DENSE_PINN,cuda,3,1,throughput_rows_s,16,19,79207.92079207921,rows/s
NOX,DENSE_PINN,cuda,3,1,throughput_rows_s,16,20,75187.96992481203,rows/s
NOX,DENSE_PINN,cuda,3,1,throughput_rows_s,16,21,77034.1839191141,rows/s
NOX,DENSE_PINN,cuda,3,1,throughput_rows_s,16,22,70083.2238282961,rows/s
NOX,DENSE_PINN,cuda,3,1,throughput_rows_s,16,23,76045.62737642587,rows/s
NOX,DENSE_PINN,cuda,3,1,throughput_rows_s,64,0,261758.691206544,rows/s
NOX,DENSE_PINN,cuda,3,1,throughput_rows_s,64,1,284951.0240427427,rows/s
NOX,DENSE_PINN,cuda,3,1,throughput_rows_s,64,2,268794.6241075178,rows/s
NOX,DENSE_PINN,cuda,3,1,throughput_rows_s,64,3,301318.2674199623,rows/s
NOX,DENSE_PINN,cuda,3,1,throughput_rows_s,64,4,287899.23526765633,rows/s
NOX,DENSE_PINN,cuda,3,1,throughput_rows_s,64,5,282685.51236749114,rows/s
NOX,DENSE_PINN,cuda,3,1,throughput_rows_s,64,6,291837.66529867763,rows/s
NOX,DENSE_PINN,cuda,3,1,throughput_rows_s,64,7,293443.3745988079,rows/s
NOX,DENSE_PINN,cuda,3,1,throughput_rows_s,64,8,290512.93690422154,rows/s
NOX,DENSE_PINN,cuda,3,1,throughput_rows_s,64,9,295339.17858790956,rows/s
NOX,DENSE_PINN,cuda,3,1,throughput_rows_s,64,10,292906.1784897025,rows/s
NOX,DENSE_PINN,cuda,3,1,throughput_rows_s,64,11,284570.92040907074,rows/s
NOX,DENSE_PINN,cuda,3,1,throughput_rows_s,64,12,289723.8569488456,rows/s
NOX,DENSE_PINN,cuda,3,1,throughput_rows_s,64,13,299065.4205607477,rows/s
NOX,DENSE_PINN,cuda,3,1,throughput_rows_s,64,14,310227.82355792535,rows/s
NOX,DENSE_PINN,cuda,3,1,throughput_rows_s,64,15,274678.1115879828,rows/s
NOX,DENSE_PINN,cuda,3,1,throughput_rows_s,64,16,279110.33580462274,rows/s
NOX,DENSE_PINN,cuda,3,1,throughput_rows_s,64,17,281814.17877586966,rows/s
NOX,DENSE_PINN,cuda,3,1,throughput_rows_s,64,18,292370.94563727727,rows/s
NOX,DENSE_PINN,cuda,3,1,throughput_rows_s,64,19,287511.23090745736,rows/s
NOX,DENSE_PINN,cuda,3,1,throughput_rows_s,64,20,310528.8694808346,rows/s
NOX,DENSE_PINN,cuda,3,1,throughput_rows_s,64,21,308582.4493731919,rows/s
NOX,DENSE_PINN,cuda,3,1,throughput_rows_s,64,22,302029.25908447383,rows/s
NOX,DENSE_PINN,cuda,3,1,throughput_rows_s,64,23,299485.25970987364,rows/s
NOX,DENSE_PINN,cuda,3,1,throughput_rows_s,256,0,1020733.6523125996,rows/s
NOX,DENSE_PINN,cuda,3,1,throughput_rows_s,256,1,1091219.0963341857,rows/s
NOX,DENSE_PINN,cuda,3,1,throughput_rows_s,256,2,1166287.0159453303,rows/s
NOX,DENSE_PINN,cuda,3,1,throughput_rows_s,256,3,1134751.7730496454,rows/s
NOX,DENSE_PINN,cuda,3,1,throughput_rows_s,256,4,1053497.9423868314,rows/s
NOX,DENSE_PINN,cuda,3,1,throughput_rows_s,256,5,1094952.9512403763,rows/s
NOX,DENSE_PINN,cuda,3,1,throughput_rows_s,256,6,1079258.010118044,rows/s
NOX,DENSE_PINN,cuda,3,1,throughput_rows_s,256,7,1133746.6784765278,rows/s
NOX,DENSE_PINN,cuda,3,1,throughput_rows_s,256,8,991479.4732765299,rows/s
NOX,DENSE_PINN,cuda,3,1,throughput_rows_s,256,9,1091684.434968017,rows/s
NOX,DENSE_PINN,cuda,3,1,throughput_rows_s,256,10,1056541.4775072224,rows/s
NOX,DENSE_PINN,cuda,3,1,throughput_rows_s,256,11,1104400.3451251078,rows/s
NOX,DENSE_PINN,cuda,3,1,throughput_rows_s,256,12,1117415.9755565256,rows/s
NOX,DENSE_PINN,cuda,3,1,throughput_rows_s,256,13,1067111.2963734888,rows/s
NOX,DENSE_PINN,cuda,3,1,throughput_rows_s,256,14,1097770.154373928,rows/s
NOX,DENSE_PINN,cuda,3,1,throughput_rows_s,256,15,1090754.1542394548,rows/s
NOX,DENSE_PINN,cuda,3,1,throughput_rows_s,256,16,1086126.431904964,rows/s
NOX,DENSE_PINN,cuda,3,1,throughput_rows_s,256,17,1110629.0672451193,rows/s
NOX,DENSE_PINN,cuda,3,1,throughput_rows_s,256,18,1091219.0963341857,rows/s
NOX,DENSE_PINN,cuda,3,1,throughput_rows_s,256,19,1067111.2963734888,rows/s
NOX,DENSE_PINN,cuda,3,1,throughput_rows_s,256,20,1140819.9643493763,rows/s
NOX,DENSE_PINN,cuda,3,1,throughput_rows_s,256,21,1051766.6392769103,rows/s
NOX,DENSE_PINN,cuda,3,1,throughput_rows_s,256,22,1098712.4463519312,rows/s
NOX,DENSE_PINN,cuda,3,1,throughput_rows_s,256,23,1015470.0515668385,rows/s
NOX,DENSE_PINN,cuda,3,1,throughput_rows_s,1024,0,4690792.487402657,rows/s
NOX,DENSE_PINN,cuda,3,1,throughput_rows_s,1024,1,5243215.56579621,rows/s
NOX,DENSE_PINN,cuda,3,1,throughput_rows_s,1024,2,4745134.383688601,rows/s
NOX,DENSE_PINN,cuda,3,1,throughput_rows_s,1024,3,4604316.54676259,rows/s
NOX,DENSE_PINN,cuda,3,1,throughput_rows_s,1024,4,2975879.1049113628,rows/s
NOX,DENSE_PINN,cuda,3,1,throughput_rows_s,1024,5,3998438.110113237,rows/s
NOX,DENSE_PINN,cuda,3,1,throughput_rows_s,1024,6,4583706.356311549,rows/s
NOX,DENSE_PINN,cuda,3,1,throughput_rows_s,1024,7,4738546.968995836,rows/s
NOX,DENSE_PINN,cuda,3,1,throughput_rows_s,1024,8,5102142.50124564,rows/s
NOX,DENSE_PINN,cuda,3,1,throughput_rows_s,1024,9,4577559.231113098,rows/s
NOX,DENSE_PINN,cuda,3,1,throughput_rows_s,1024,10,4575513.851653262,rows/s
NOX,DENSE_PINN,cuda,3,1,throughput_rows_s,1024,11,3467660.0067727733,rows/s
NOX,DENSE_PINN,cuda,3,1,throughput_rows_s,1024,12,3975155.279503106,rows/s
NOX,DENSE_PINN,cuda,3,1,throughput_rows_s,1024,13,4703720.716582453,rows/s
NOX,DENSE_PINN,cuda,3,1,throughput_rows_s,1024,14,4973288.003885382,rows/s
NOX,DENSE_PINN,cuda,3,1,throughput_rows_s,1024,15,4639782.510194834,rows/s
NOX,DENSE_PINN,cuda,3,1,throughput_rows_s,1024,16,4985394.35248296,rows/s
NOX,DENSE_PINN,cuda,3,1,throughput_rows_s,1024,17,4789522.918615528,rows/s
NOX,DENSE_PINN,cuda,3,1,throughput_rows_s,1024,18,4814292.430653503,rows/s
NOX,DENSE_PINN,cuda,3,1,throughput_rows_s,1024,19,4579606.440071557,rows/s
NOX,DENSE_PINN,cuda,3,1,throughput_rows_s,1024,20,5195332.31861999,rows/s
NOX,DENSE_PINN,cuda,3,1,throughput_rows_s,1024,21,5232498.722534491,rows/s
NOX,DENSE_PINN,cuda,3,1,throughput_rows_s,1024,22,4911270.983213429,rows/s
NOX,DENSE_PINN,cuda,3,1,throughput_rows_s,1024,23,5007334.963325184,rows/s
NOX,DENSE_PINN,cuda,3,1,throughput_rows_s,4096,0,21614775.725593667,rows/s
NOX,DENSE_PINN,cuda,3,1,throughput_rows_s,4096,1,20337636.544190668,rows/s
NOX,DENSE_PINN,cuda,3,1,throughput_rows_s,4096,2,19864209.505334627,rows/s
NOX,DENSE_PINN,cuda,3,1,throughput_rows_s,4096,3,20167405.219103888,rows/s
NOX,DENSE_PINN,cuda,3,1,throughput_rows_s,4096,4,20000000.0,rows/s
NOX,DENSE_PINN,cuda,3,1,throughput_rows_s,4096,5,19768339.768339768,rows/s
NOX,DENSE_PINN,cuda,3,1,throughput_rows_s,4096,6,18780375.974323705,rows/s
NOX,DENSE_PINN,cuda,3,1,throughput_rows_s,4096,7,21445026.17801047,rows/s
NOX,DENSE_PINN,cuda,3,1,throughput_rows_s,4096,8,20500500.5005005,rows/s
NOX,DENSE_PINN,cuda,3,1,throughput_rows_s,4096,9,22068965.51724138,rows/s
NOX,DENSE_PINN,cuda,3,1,throughput_rows_s,4096,10,20844783.71501272,rows/s
NOX,DENSE_PINN,cuda,3,1,throughput_rows_s,4096,11,19149135.109864425,rows/s
NOX,DENSE_PINN,cuda,3,1,throughput_rows_s,4096,12,22104695.08904479,rows/s
NOX,DENSE_PINN,cuda,3,1,throughput_rows_s,4096,13,20267194.458189014,rows/s
NOX,DENSE_PINN,cuda,3,1,throughput_rows_s,4096,14,19113392.44050397,rows/s
NOX,DENSE_PINN,cuda,3,1,throughput_rows_s,4096,15,21557894.736842103,rows/s
NOX,DENSE_PINN,cuda,3,1,throughput_rows_s,4096,16,20718259.989883665,rows/s
NOX,DENSE_PINN,cuda,3,1,throughput_rows_s,4096,17,20247157.686604053,rows/s
NOX,DENSE_PINN,cuda,3,1,throughput_rows_s,4096,18,20531328.320802007,rows/s
NOX,DENSE_PINN,cuda,3,1,throughput_rows_s,4096,19,22045209.90312164,rows/s
NOX,DENSE_PINN,cuda,3,1,throughput_rows_s,4096,20,20237154.15019763,rows/s
NOX,DENSE_PINN,cuda,3,1,throughput_rows_s,4096,21,19158091.674462114,rows/s
NOX,DENSE_PINN,cuda,3,1,throughput_rows_s,4096,22,21649048.62579281,rows/s
NOX,DENSE_PINN,cuda,3,1,throughput_rows_s,4096,23,21637612.255678818,rows/s
NOX,TT_PINN,cuda,3,2,latency_wall_batch1_ms,1,0,1.2629,ms
NOX,TT_PINN,cuda,3,2,latency_wall_batch1_ms,1,1,1.2741,ms
NOX,TT_PINN,cuda,3,2,latency_wall_batch1_ms,1,2,1.436,ms
NOX,TT_PINN,cuda,3,2,latency_wall_batch1_ms,1,3,1.2814,ms
NOX,TT_PINN,cuda,3,2,latency_wall_batch1_ms,1,4,1.2768,ms
NOX,TT_PINN,cuda,3,2,latency_wall_batch1_ms,1,5,1.436,ms
NOX,TT_PINN,cuda,3,2,latency_wall_batch1_ms,1,6,1.2583,ms
NOX,TT_PINN,cuda,3,2,latency_wall_batch1_ms,1,7,1.2409,ms
NOX,TT_PINN,cuda,3,2,latency_wall_batch1_ms,1,8,1.2248,ms
NOX,TT_PINN,cuda,3,2,latency_wall_batch1_ms,1,9,1.2363,ms
NOX,TT_PINN,cuda,3,2,latency_wall_batch1_ms,1,10,1.2018,ms
NOX,TT_PINN,cuda,3,2,latency_wall_batch1_ms,1,11,1.2166,ms
NOX,TT_PINN,cuda,3,2,latency_wall_batch1_ms,1,12,1.1729,ms
NOX,TT_PINN,cuda,3,2,latency_wall_batch1_ms,1,13,1.5234,ms
NOX,TT_PINN,cuda,3,2,latency_wall_batch1_ms,1,14,1.3436,ms
NOX,TT_PINN,cuda,3,2,latency_wall_batch1_ms,1,15,1.3544,ms
NOX,TT_PINN,cuda,3,2,latency_wall_batch1_ms,1,16,1.2334,ms
NOX,TT_PINN,cuda,3,2,latency_wall_batch1_ms,1,17,1.2418,ms
NOX,TT_PINN,cuda,3,2,latency_wall_batch1_ms,1,18,1.227,ms
NOX,TT_PINN,cuda,3,2,latency_wall_batch1_ms,1,19,1.2292,ms
NOX,TT_PINN,cuda,3,2,latency_wall_batch1_ms,1,20,1.228,ms
NOX,TT_PINN,cuda,3,2,latency_wall_batch1_ms,1,21,1.218,ms
NOX,TT_PINN,cuda,3,2,latency_wall_batch1_ms,1,22,1.2188,ms
NOX,TT_PINN,cuda,3,2,latency_wall_batch1_ms,1,23,1.2017,ms
NOX,TT_PINN,cuda,3,2,latency_wall_batch1_ms,1,24,1.2389,ms
NOX,TT_PINN,cuda,3,2,latency_wall_batch1_ms,1,25,1.2018,ms
NOX,TT_PINN,cuda,3,2,latency_wall_batch1_ms,1,26,1.2084,ms
NOX,TT_PINN,cuda,3,2,latency_wall_batch1_ms,1,27,1.2495,ms
NOX,TT_PINN,cuda,3,2,latency_wall_batch1_ms,1,28,1.2881,ms
NOX,TT_PINN,cuda,3,2,latency_wall_batch1_ms,1,29,1.2703,ms
NOX,TT_PINN,cuda,3,2,latency_wall_batch1_ms,1,30,1.2587,ms
NOX,TT_PINN,cuda,3,2,latency_wall_batch1_ms,1,31,1.2489,ms
NOX,TT_PINN,cuda,3,2,latency_wall_batch1_ms,1,32,1.2514,ms
NOX,TT_PINN,cuda,3,2,latency_wall_batch1_ms,1,33,1.2597,ms
NOX,TT_PINN,cuda,3,2,latency_wall_batch1_ms,1,34,1.6047,ms
NOX,TT_PINN,cuda,3,2,latency_wall_batch1_ms,1,35,1.2429,ms
NOX,TT_PINN,cuda,3,2,latency_wall_batch1_ms,1,36,1.2404,ms
NOX,TT_PINN,cuda,3,2,latency_wall_batch1_ms,1,37,1.2466,ms
NOX,TT_PINN,cuda,3,2,latency_wall_batch1_ms,1,38,1.2072,ms
NOX,TT_PINN,cuda,3,2,latency_wall_batch1_ms,1,39,1.2142,ms
NOX,TT_PINN,cuda,3,2,latency_wall_batch1_ms,1,40,1.3194,ms
NOX,TT_PINN,cuda,3,2,latency_wall_batch1_ms,1,41,1.2643,ms
NOX,TT_PINN,cuda,3,2,latency_wall_batch1_ms,1,42,1.2446,ms
NOX,TT_PINN,cuda,3,2,latency_wall_batch1_ms,1,43,1.202,ms
NOX,TT_PINN,cuda,3,2,latency_wall_batch1_ms,1,44,1.2326,ms
NOX,TT_PINN,cuda,3,2,latency_wall_batch1_ms,1,45,1.1928,ms
NOX,TT_PINN,cuda,3,2,latency_wall_batch1_ms,1,46,1.1826,ms
NOX,TT_PINN,cuda,3,2,latency_wall_batch1_ms,1,47,1.2086,ms
NOX,TT_PINN,cuda,3,2,latency_wall_batch1_ms,1,48,1.2162,ms
NOX,TT_PINN,cuda,3,2,latency_wall_batch1_ms,1,49,1.2119,ms
NOX,TT_PINN,cuda,3,2,latency_wall_batch1_ms,1,50,1.1561,ms
NOX,TT_PINN,cuda,3,2,latency_wall_batch1_ms,1,51,1.2243,ms
NOX,TT_PINN,cuda,3,2,latency_wall_batch1_ms,1,52,1.4666,ms
NOX,TT_PINN,cuda,3,2,latency_wall_batch1_ms,1,53,1.2892,ms
NOX,TT_PINN,cuda,3,2,latency_wall_batch1_ms,1,54,1.4141,ms
NOX,TT_PINN,cuda,3,2,latency_wall_batch1_ms,1,55,1.2285,ms
NOX,TT_PINN,cuda,3,2,latency_wall_batch1_ms,1,56,1.2679,ms
NOX,TT_PINN,cuda,3,2,latency_wall_batch1_ms,1,57,1.2025,ms
NOX,TT_PINN,cuda,3,2,latency_wall_batch1_ms,1,58,1.2032,ms
NOX,TT_PINN,cuda,3,2,latency_wall_batch1_ms,1,59,1.1989,ms
NOX,TT_PINN,cuda,3,2,latency_wall_batch1_ms,1,60,1.1698,ms
NOX,TT_PINN,cuda,3,2,latency_wall_batch1_ms,1,61,1.228,ms
NOX,TT_PINN,cuda,3,2,latency_wall_batch1_ms,1,62,1.2009,ms
NOX,TT_PINN,cuda,3,2,latency_wall_batch1_ms,1,63,1.2127,ms
NOX,TT_PINN,cuda,3,2,latency_wall_batch1_ms,1,64,1.3449,ms
NOX,TT_PINN,cuda,3,2,latency_wall_batch1_ms,1,65,1.3264,ms
NOX,TT_PINN,cuda,3,2,latency_wall_batch1_ms,1,66,1.3634,ms
NOX,TT_PINN,cuda,3,2,latency_wall_batch1_ms,1,67,1.2438,ms
NOX,TT_PINN,cuda,3,2,latency_wall_batch1_ms,1,68,1.2603,ms
NOX,TT_PINN,cuda,3,2,latency_wall_batch1_ms,1,69,1.209,ms
NOX,TT_PINN,cuda,3,2,latency_wall_batch1_ms,1,70,1.1931,ms
NOX,TT_PINN,cuda,3,2,latency_wall_batch1_ms,1,71,1.2183,ms
NOX,TT_PINN,cuda,3,2,latency_wall_batch1_ms,1,72,1.4216,ms
NOX,TT_PINN,cuda,3,2,latency_wall_batch1_ms,1,73,1.8067,ms
NOX,TT_PINN,cuda,3,2,latency_wall_batch1_ms,1,74,1.2608,ms
NOX,TT_PINN,cuda,3,2,latency_wall_batch1_ms,1,75,1.1946,ms
NOX,TT_PINN,cuda,3,2,latency_wall_batch1_ms,1,76,1.5338,ms
NOX,TT_PINN,cuda,3,2,latency_wall_batch1_ms,1,77,1.2916,ms
NOX,TT_PINN,cuda,3,2,latency_wall_batch1_ms,1,78,1.2086,ms
NOX,TT_PINN,cuda,3,2,latency_wall_batch1_ms,1,79,1.4397,ms
NOX,TT_PINN,cuda,3,2,latency_wall_batch1_ms,1,80,1.242,ms
NOX,TT_PINN,cuda,3,2,latency_wall_batch1_ms,1,81,1.3465,ms
NOX,TT_PINN,cuda,3,2,latency_wall_batch1_ms,1,82,1.3728,ms
NOX,TT_PINN,cuda,3,2,latency_wall_batch1_ms,1,83,1.2814,ms
NOX,TT_PINN,cuda,3,2,latency_wall_batch1_ms,1,84,1.2278,ms
NOX,TT_PINN,cuda,3,2,latency_wall_batch1_ms,1,85,1.1886,ms
NOX,TT_PINN,cuda,3,2,latency_wall_batch1_ms,1,86,1.24,ms
NOX,TT_PINN,cuda,3,2,latency_wall_batch1_ms,1,87,1.2484,ms
NOX,TT_PINN,cuda,3,2,latency_wall_batch1_ms,1,88,1.5258,ms
NOX,TT_PINN,cuda,3,2,latency_wall_batch1_ms,1,89,1.4132,ms
NOX,TT_PINN,cuda,3,2,latency_wall_batch1_ms,1,90,1.5993,ms
NOX,TT_PINN,cuda,3,2,latency_wall_batch1_ms,1,91,1.2593,ms
NOX,TT_PINN,cuda,3,2,latency_wall_batch1_ms,1,92,1.2029,ms
NOX,TT_PINN,cuda,3,2,latency_wall_batch1_ms,1,93,1.2206,ms
NOX,TT_PINN,cuda,3,2,latency_wall_batch1_ms,1,94,1.2074,ms
NOX,TT_PINN,cuda,3,2,latency_wall_batch1_ms,1,95,1.2132,ms
NOX,TT_PINN,cuda,3,2,latency_wall_batch1_ms,1,96,1.1891,ms
NOX,TT_PINN,cuda,3,2,latency_wall_batch1_ms,1,97,1.175,ms
NOX,TT_PINN,cuda,3,2,latency_wall_batch1_ms,1,98,1.2158,ms
NOX,TT_PINN,cuda,3,2,latency_wall_batch1_ms,1,99,1.2025,ms
NOX,TT_PINN,cuda,3,2,latency_wall_batch1_ms,1,100,1.2274,ms
NOX,TT_PINN,cuda,3,2,latency_wall_batch1_ms,1,101,1.2211,ms
NOX,TT_PINN,cuda,3,2,latency_wall_batch1_ms,1,102,1.3711,ms
NOX,TT_PINN,cuda,3,2,latency_wall_batch1_ms,1,103,1.2248,ms
NOX,TT_PINN,cuda,3,2,latency_wall_batch1_ms,1,104,1.9334,ms
NOX,TT_PINN,cuda,3,2,latency_wall_batch1_ms,1,105,1.5833,ms
NOX,TT_PINN,cuda,3,2,latency_wall_batch1_ms,1,106,1.1959,ms
NOX,TT_PINN,cuda,3,2,latency_wall_batch1_ms,1,107,1.255,ms
NOX,TT_PINN,cuda,3,2,latency_wall_batch1_ms,1,108,1.2025,ms
NOX,TT_PINN,cuda,3,2,latency_wall_batch1_ms,1,109,1.1685,ms
NOX,TT_PINN,cuda,3,2,latency_wall_batch1_ms,1,110,1.3961,ms
NOX,TT_PINN,cuda,3,2,latency_wall_batch1_ms,1,111,1.2237,ms
NOX,TT_PINN,cuda,3,2,latency_wall_batch1_ms,1,112,1.1961,ms
NOX,TT_PINN,cuda,3,2,latency_wall_batch1_ms,1,113,1.2193,ms
NOX,TT_PINN,cuda,3,2,latency_wall_batch1_ms,1,114,1.221,ms
NOX,TT_PINN,cuda,3,2,latency_wall_batch1_ms,1,115,1.2126,ms
NOX,TT_PINN,cuda,3,2,latency_wall_batch1_ms,1,116,1.2217,ms
NOX,TT_PINN,cuda,3,2,latency_wall_batch1_ms,1,117,1.1905,ms
NOX,TT_PINN,cuda,3,2,latency_wall_batch1_ms,1,118,1.1712,ms
NOX,TT_PINN,cuda,3,2,latency_wall_batch1_ms,1,119,1.1656,ms
NOX,TT_PINN,cuda,3,2,latency_wall_batch1_ms,1,120,1.1958,ms
NOX,TT_PINN,cuda,3,2,latency_wall_batch1_ms,1,121,1.2124,ms
NOX,TT_PINN,cuda,3,2,latency_wall_batch1_ms,1,122,1.2061,ms
NOX,TT_PINN,cuda,3,2,latency_wall_batch1_ms,1,123,1.1899,ms
NOX,TT_PINN,cuda,3,2,latency_wall_batch1_ms,1,124,1.1906,ms
NOX,TT_PINN,cuda,3,2,latency_wall_batch1_ms,1,125,1.1831,ms
NOX,TT_PINN,cuda,3,2,latency_wall_batch1_ms,1,126,1.2187,ms
NOX,TT_PINN,cuda,3,2,latency_wall_batch1_ms,1,127,1.1715,ms
NOX,TT_PINN,cuda,3,2,latency_wall_batch1_ms,1,128,1.443,ms
NOX,TT_PINN,cuda,3,2,latency_wall_batch1_ms,1,129,1.3743,ms
NOX,TT_PINN,cuda,3,2,latency_wall_batch1_ms,1,130,1.2577,ms
NOX,TT_PINN,cuda,3,2,latency_wall_batch1_ms,1,131,1.1975,ms
NOX,TT_PINN,cuda,3,2,latency_wall_batch1_ms,1,132,1.219,ms
NOX,TT_PINN,cuda,3,2,latency_wall_batch1_ms,1,133,1.2069,ms
NOX,TT_PINN,cuda,3,2,latency_wall_batch1_ms,1,134,1.2025,ms
NOX,TT_PINN,cuda,3,2,latency_wall_batch1_ms,1,135,1.1366,ms
NOX,TT_PINN,cuda,3,2,latency_wall_batch1_ms,1,136,1.1143,ms
NOX,TT_PINN,cuda,3,2,latency_wall_batch1_ms,1,137,1.1729,ms
NOX,TT_PINN,cuda,3,2,latency_wall_batch1_ms,1,138,1.1985,ms
NOX,TT_PINN,cuda,3,2,latency_wall_batch1_ms,1,139,1.205,ms
NOX,TT_PINN,cuda,3,2,latency_wall_batch1_ms,1,140,1.1954,ms
NOX,TT_PINN,cuda,3,2,latency_wall_batch1_ms,1,141,1.202,ms
NOX,TT_PINN,cuda,3,2,latency_wall_batch1_ms,1,142,1.5192,ms
NOX,TT_PINN,cuda,3,2,latency_wall_batch1_ms,1,143,1.242,ms
NOX,TT_PINN,cuda,3,2,latency_wall_batch1_ms,1,144,1.1903,ms
NOX,TT_PINN,cuda,3,2,latency_wall_batch1_ms,1,145,1.2068,ms
NOX,TT_PINN,cuda,3,2,latency_wall_batch1_ms,1,146,1.1997,ms
NOX,TT_PINN,cuda,3,2,latency_wall_batch1_ms,1,147,1.1929,ms
NOX,TT_PINN,cuda,3,2,latency_wall_batch1_ms,1,148,1.228,ms
NOX,TT_PINN,cuda,3,2,latency_wall_batch1_ms,1,149,1.1825,ms
NOX,TT_PINN,cuda,3,2,latency_wall_batch1_ms,1,150,1.2023,ms
NOX,TT_PINN,cuda,3,2,latency_wall_batch1_ms,1,151,1.6917,ms
NOX,TT_PINN,cuda,3,2,latency_wall_batch1_ms,1,152,1.7468,ms
NOX,TT_PINN,cuda,3,2,latency_wall_batch1_ms,1,153,1.2438,ms
NOX,TT_PINN,cuda,3,2,latency_wall_batch1_ms,1,154,1.2055,ms
NOX,TT_PINN,cuda,3,2,latency_wall_batch1_ms,1,155,1.7855,ms
NOX,TT_PINN,cuda,3,2,latency_wall_batch1_ms,1,156,1.2595,ms
NOX,TT_PINN,cuda,3,2,latency_wall_batch1_ms,1,157,1.2027,ms
NOX,TT_PINN,cuda,3,2,latency_wall_batch1_ms,1,158,1.2048,ms
NOX,TT_PINN,cuda,3,2,latency_wall_batch1_ms,1,159,1.3843,ms
NOX,TT_PINN,cuda,3,2,latency_wall_batch1_ms,1,160,1.2311,ms
NOX,TT_PINN,cuda,3,2,latency_wall_batch1_ms,1,161,1.3174,ms
NOX,TT_PINN,cuda,3,2,latency_wall_batch1_ms,1,162,1.2121,ms
NOX,TT_PINN,cuda,3,2,latency_wall_batch1_ms,1,163,1.1919,ms
NOX,TT_PINN,cuda,3,2,latency_wall_batch1_ms,1,164,1.1913,ms
NOX,TT_PINN,cuda,3,2,latency_wall_batch1_ms,1,165,1.2363,ms
NOX,TT_PINN,cuda,3,2,latency_wall_batch1_ms,1,166,1.2554,ms
NOX,TT_PINN,cuda,3,2,latency_wall_batch1_ms,1,167,1.4104,ms
NOX,TT_PINN,cuda,3,2,latency_wall_batch1_ms,1,168,1.2953,ms
NOX,TT_PINN,cuda,3,2,latency_wall_batch1_ms,1,169,1.1929,ms
NOX,TT_PINN,cuda,3,2,latency_wall_batch1_ms,1,170,1.2107,ms
NOX,TT_PINN,cuda,3,2,latency_wall_batch1_ms,1,171,1.2008,ms
NOX,TT_PINN,cuda,3,2,latency_wall_batch1_ms,1,172,1.1804,ms
NOX,TT_PINN,cuda,3,2,latency_wall_batch1_ms,1,173,1.1844,ms
NOX,TT_PINN,cuda,3,2,latency_wall_batch1_ms,1,174,1.1939,ms
NOX,TT_PINN,cuda,3,2,latency_wall_batch1_ms,1,175,1.3799,ms
NOX,TT_PINN,cuda,3,2,latency_wall_batch1_ms,1,176,1.2515,ms
NOX,TT_PINN,cuda,3,2,latency_wall_batch1_ms,1,177,1.2531,ms
NOX,TT_PINN,cuda,3,2,latency_wall_batch1_ms,1,178,1.2388,ms
NOX,TT_PINN,cuda,3,2,latency_wall_batch1_ms,1,179,1.2262,ms
NOX,TT_PINN,cuda,3,2,latency_wall_batch1_ms,1,180,1.5927,ms
NOX,TT_PINN,cuda,3,2,latency_wall_batch1_ms,1,181,1.5028,ms
NOX,TT_PINN,cuda,3,2,latency_wall_batch1_ms,1,182,1.3925,ms
NOX,TT_PINN,cuda,3,2,latency_wall_batch1_ms,1,183,1.98,ms
NOX,TT_PINN,cuda,3,2,latency_wall_batch1_ms,1,184,1.4045,ms
NOX,TT_PINN,cuda,3,2,latency_wall_batch1_ms,1,185,1.2258,ms
NOX,TT_PINN,cuda,3,2,latency_wall_batch1_ms,1,186,1.22,ms
NOX,TT_PINN,cuda,3,2,latency_wall_batch1_ms,1,187,1.2095,ms
NOX,TT_PINN,cuda,3,2,latency_wall_batch1_ms,1,188,1.4742,ms
NOX,TT_PINN,cuda,3,2,latency_wall_batch1_ms,1,189,1.3061,ms
NOX,TT_PINN,cuda,3,2,latency_wall_batch1_ms,1,190,1.213,ms
NOX,TT_PINN,cuda,3,2,latency_wall_batch1_ms,1,191,1.4249,ms
NOX,TT_PINN,cuda,3,2,latency_wall_batch1_ms,1,192,1.2331,ms
NOX,TT_PINN,cuda,3,2,latency_wall_batch1_ms,1,193,1.2259,ms
NOX,TT_PINN,cuda,3,2,latency_wall_batch1_ms,1,194,1.1997,ms
NOX,TT_PINN,cuda,3,2,latency_wall_batch1_ms,1,195,1.2131,ms
NOX,TT_PINN,cuda,3,2,latency_wall_batch1_ms,1,196,1.1884,ms
NOX,TT_PINN,cuda,3,2,latency_wall_batch1_ms,1,197,1.3055,ms
NOX,TT_PINN,cuda,3,2,latency_wall_batch1_ms,1,198,1.283,ms
NOX,TT_PINN,cuda,3,2,latency_wall_batch1_ms,1,199,1.2314,ms
NOX,TT_PINN,cuda,3,2,latency_wall_batch1_ms,1,200,1.2116,ms
NOX,TT_PINN,cuda,3,2,latency_wall_batch1_ms,1,201,1.2244,ms
NOX,TT_PINN,cuda,3,2,latency_wall_batch1_ms,1,202,1.2016,ms
NOX,TT_PINN,cuda,3,2,latency_wall_batch1_ms,1,203,1.4378,ms
NOX,TT_PINN,cuda,3,2,latency_wall_batch1_ms,1,204,1.3842,ms
NOX,TT_PINN,cuda,3,2,latency_wall_batch1_ms,1,205,1.1881,ms
NOX,TT_PINN,cuda,3,2,latency_wall_batch1_ms,1,206,1.2405,ms
NOX,TT_PINN,cuda,3,2,latency_wall_batch1_ms,1,207,1.3642,ms
NOX,TT_PINN,cuda,3,2,latency_wall_batch1_ms,1,208,1.2968,ms
NOX,TT_PINN,cuda,3,2,latency_wall_batch1_ms,1,209,1.2138,ms
NOX,TT_PINN,cuda,3,2,latency_wall_batch1_ms,1,210,1.2015,ms
NOX,TT_PINN,cuda,3,2,latency_wall_batch1_ms,1,211,1.1897,ms
NOX,TT_PINN,cuda,3,2,latency_wall_batch1_ms,1,212,1.3911,ms
NOX,TT_PINN,cuda,3,2,latency_wall_batch1_ms,1,213,1.2518,ms
NOX,TT_PINN,cuda,3,2,latency_wall_batch1_ms,1,214,1.2069,ms
NOX,TT_PINN,cuda,3,2,latency_wall_batch1_ms,1,215,1.1952,ms
NOX,TT_PINN,cuda,3,2,latency_wall_batch1_ms,1,216,1.4914,ms
NOX,TT_PINN,cuda,3,2,latency_wall_batch1_ms,1,217,1.2505,ms
NOX,TT_PINN,cuda,3,2,latency_wall_batch1_ms,1,218,1.2263,ms
NOX,TT_PINN,cuda,3,2,latency_wall_batch1_ms,1,219,1.2014,ms
NOX,TT_PINN,cuda,3,2,latency_wall_batch1_ms,1,220,1.2339,ms
NOX,TT_PINN,cuda,3,2,latency_wall_batch1_ms,1,221,1.2123,ms
NOX,TT_PINN,cuda,3,2,latency_wall_batch1_ms,1,222,1.2505,ms
NOX,TT_PINN,cuda,3,2,latency_wall_batch1_ms,1,223,1.213,ms
NOX,TT_PINN,cuda,3,2,latency_wall_batch1_ms,1,224,1.2063,ms
NOX,TT_PINN,cuda,3,2,latency_wall_batch1_ms,1,225,1.2045,ms
NOX,TT_PINN,cuda,3,2,latency_wall_batch1_ms,1,226,1.178,ms
NOX,TT_PINN,cuda,3,2,latency_wall_batch1_ms,1,227,1.5216,ms
NOX,TT_PINN,cuda,3,2,latency_wall_batch1_ms,1,228,2.1341,ms
NOX,TT_PINN,cuda,3,2,latency_wall_batch1_ms,1,229,1.3178,ms
NOX,TT_PINN,cuda,3,2,latency_wall_batch1_ms,1,230,1.4572,ms
NOX,TT_PINN,cuda,3,2,latency_wall_batch1_ms,1,231,1.3922,ms
NOX,TT_PINN,cuda,3,2,latency_wall_batch1_ms,1,232,1.2855,ms
NOX,TT_PINN,cuda,3,2,latency_wall_batch1_ms,1,233,1.2358,ms
NOX,TT_PINN,cuda,3,2,latency_wall_batch1_ms,1,234,1.2681,ms
NOX,TT_PINN,cuda,3,2,latency_wall_batch1_ms,1,235,1.3013,ms
NOX,TT_PINN,cuda,3,2,latency_wall_batch1_ms,1,236,1.384,ms
NOX,TT_PINN,cuda,3,2,latency_wall_batch1_ms,1,237,1.3894,ms
NOX,TT_PINN,cuda,3,2,latency_wall_batch1_ms,1,238,1.3448,ms
NOX,TT_PINN,cuda,3,2,latency_wall_batch1_ms,1,239,1.2808,ms
NOX,TT_PINN,cuda,3,2,latency_wall_batch1_ms,1,240,1.2173,ms
NOX,TT_PINN,cuda,3,2,latency_wall_batch1_ms,1,241,1.3688,ms
NOX,TT_PINN,cuda,3,2,latency_wall_batch1_ms,1,242,1.729,ms
NOX,TT_PINN,cuda,3,2,latency_wall_batch1_ms,1,243,1.4716,ms
NOX,TT_PINN,cuda,3,2,latency_wall_batch1_ms,1,244,1.1913,ms
NOX,TT_PINN,cuda,3,2,latency_wall_batch1_ms,1,245,1.221,ms
NOX,TT_PINN,cuda,3,2,latency_wall_batch1_ms,1,246,1.2297,ms
NOX,TT_PINN,cuda,3,2,latency_wall_batch1_ms,1,247,1.2224,ms
NOX,TT_PINN,cuda,3,2,latency_wall_batch1_ms,1,248,1.2078,ms
NOX,TT_PINN,cuda,3,2,latency_wall_batch1_ms,1,249,1.2028,ms
NOX,TT_PINN,cuda,3,2,latency_wall_batch1_ms,1,250,1.8273,ms
NOX,TT_PINN,cuda,3,2,latency_wall_batch1_ms,1,251,1.2343,ms
NOX,TT_PINN,cuda,3,2,latency_wall_batch1_ms,1,252,1.2764,ms
NOX,TT_PINN,cuda,3,2,latency_wall_batch1_ms,1,253,1.3099,ms
NOX,TT_PINN,cuda,3,2,latency_wall_batch1_ms,1,254,1.2051,ms
NOX,TT_PINN,cuda,3,2,latency_wall_batch1_ms,1,255,1.2168,ms
NOX,TT_PINN,cuda,3,2,latency_wall_batch1_ms,1,256,1.2471,ms
NOX,TT_PINN,cuda,3,2,latency_wall_batch1_ms,1,257,1.2173,ms
NOX,TT_PINN,cuda,3,2,latency_wall_batch1_ms,1,258,1.2307,ms
NOX,TT_PINN,cuda,3,2,latency_wall_batch1_ms,1,259,1.2109,ms
NOX,TT_PINN,cuda,3,2,latency_wall_batch1_ms,1,260,1.2288,ms
NOX,TT_PINN,cuda,3,2,latency_wall_batch1_ms,1,261,1.2247,ms
NOX,TT_PINN,cuda,3,2,latency_wall_batch1_ms,1,262,1.189,ms
NOX,TT_PINN,cuda,3,2,latency_wall_batch1_ms,1,263,1.1836,ms
NOX,TT_PINN,cuda,3,2,latency_wall_batch1_ms,1,264,1.1898,ms
NOX,TT_PINN,cuda,3,2,latency_wall_batch1_ms,1,265,1.1636,ms
NOX,TT_PINN,cuda,3,2,latency_wall_batch1_ms,1,266,1.5436,ms
NOX,TT_PINN,cuda,3,2,latency_wall_batch1_ms,1,267,1.2363,ms
NOX,TT_PINN,cuda,3,2,latency_wall_batch1_ms,1,268,1.194,ms
NOX,TT_PINN,cuda,3,2,latency_wall_batch1_ms,1,269,1.2012,ms
NOX,TT_PINN,cuda,3,2,latency_wall_batch1_ms,1,270,1.1781,ms
NOX,TT_PINN,cuda,3,2,latency_wall_batch1_ms,1,271,1.1938,ms
NOX,TT_PINN,cuda,3,2,latency_wall_batch1_ms,1,272,1.1855,ms
NOX,TT_PINN,cuda,3,2,latency_wall_batch1_ms,1,273,1.1674,ms
NOX,TT_PINN,cuda,3,2,latency_wall_batch1_ms,1,274,1.3141,ms
NOX,TT_PINN,cuda,3,2,latency_wall_batch1_ms,1,275,1.2144,ms
NOX,TT_PINN,cuda,3,2,latency_wall_batch1_ms,1,276,1.2145,ms
NOX,TT_PINN,cuda,3,2,latency_wall_batch1_ms,1,277,1.285,ms
NOX,TT_PINN,cuda,3,2,latency_wall_batch1_ms,1,278,1.5514,ms
NOX,TT_PINN,cuda,3,2,latency_wall_batch1_ms,1,279,1.8412,ms
NOX,TT_PINN,cuda,3,2,latency_wall_batch1_ms,1,280,1.5957,ms
NOX,TT_PINN,cuda,3,2,latency_wall_batch1_ms,1,281,2.1162,ms
NOX,TT_PINN,cuda,3,2,latency_wall_batch1_ms,1,282,1.267,ms
NOX,TT_PINN,cuda,3,2,latency_wall_batch1_ms,1,283,1.5401,ms
NOX,TT_PINN,cuda,3,2,latency_wall_batch1_ms,1,284,1.2591,ms
NOX,TT_PINN,cuda,3,2,latency_wall_batch1_ms,1,285,1.2195,ms
NOX,TT_PINN,cuda,3,2,latency_wall_batch1_ms,1,286,1.1829,ms
NOX,TT_PINN,cuda,3,2,latency_wall_batch1_ms,1,287,1.2457,ms
NOX,TT_PINN,cuda,3,2,latency_wall_batch1_ms,1,288,2.2556,ms
NOX,TT_PINN,cuda,3,2,latency_wall_batch1_ms,1,289,1.3199,ms
NOX,TT_PINN,cuda,3,2,latency_wall_batch1_ms,1,290,1.2551,ms
NOX,TT_PINN,cuda,3,2,latency_wall_batch1_ms,1,291,1.2271,ms
NOX,TT_PINN,cuda,3,2,latency_wall_batch1_ms,1,292,1.1991,ms
NOX,TT_PINN,cuda,3,2,latency_wall_batch1_ms,1,293,1.2003,ms
NOX,TT_PINN,cuda,3,2,latency_wall_batch1_ms,1,294,1.3814,ms
NOX,TT_PINN,cuda,3,2,latency_wall_batch1_ms,1,295,1.2698,ms
NOX,TT_PINN,cuda,3,2,latency_wall_batch1_ms,1,296,1.2372,ms
NOX,TT_PINN,cuda,3,2,latency_wall_batch1_ms,1,297,1.1812,ms
NOX,TT_PINN,cuda,3,2,latency_wall_batch1_ms,1,298,1.2517,ms
NOX,TT_PINN,cuda,3,2,latency_wall_batch1_ms,1,299,1.2237,ms
NOX,TT_PINN,cuda,3,2,latency_wall_batch1_ms,1,300,1.2064,ms
NOX,TT_PINN,cuda,3,2,latency_wall_batch1_ms,1,301,1.2102,ms
NOX,TT_PINN,cuda,3,2,latency_wall_batch1_ms,1,302,1.206,ms
NOX,TT_PINN,cuda,3,2,latency_wall_batch1_ms,1,303,1.2648,ms
NOX,TT_PINN,cuda,3,2,latency_wall_batch1_ms,1,304,1.235,ms
NOX,TT_PINN,cuda,3,2,latency_wall_batch1_ms,1,305,1.2219,ms
NOX,TT_PINN,cuda,3,2,latency_wall_batch1_ms,1,306,2.0571,ms
NOX,TT_PINN,cuda,3,2,latency_wall_batch1_ms,1,307,8.9735,ms
NOX,TT_PINN,cuda,3,2,latency_wall_batch1_ms,1,308,3.6848,ms
NOX,TT_PINN,cuda,3,2,latency_wall_batch1_ms,1,309,2.5702,ms
NOX,TT_PINN,cuda,3,2,latency_wall_batch1_ms,1,310,2.5369,ms
NOX,TT_PINN,cuda,3,2,latency_wall_batch1_ms,1,311,2.6215,ms
NOX,TT_PINN,cuda,3,2,latency_wall_batch1_ms,1,312,2.5317,ms
NOX,TT_PINN,cuda,3,2,latency_wall_batch1_ms,1,313,2.5386,ms
NOX,TT_PINN,cuda,3,2,latency_wall_batch1_ms,1,314,2.526,ms
NOX,TT_PINN,cuda,3,2,latency_wall_batch1_ms,1,315,2.6563,ms
NOX,TT_PINN,cuda,3,2,latency_wall_batch1_ms,1,316,2.6262,ms
NOX,TT_PINN,cuda,3,2,latency_wall_batch1_ms,1,317,2.5639,ms
NOX,TT_PINN,cuda,3,2,latency_wall_batch1_ms,1,318,1.3672,ms
NOX,TT_PINN,cuda,3,2,latency_wall_batch1_ms,1,319,1.2122,ms
NOX,TT_PINN,cuda,3,2,latency_wall_batch1_ms,1,320,1.2325,ms
NOX,TT_PINN,cuda,3,2,latency_wall_batch1_ms,1,321,1.1967,ms
NOX,TT_PINN,cuda,3,2,latency_wall_batch1_ms,1,322,1.231,ms
NOX,TT_PINN,cuda,3,2,latency_wall_batch1_ms,1,323,1.3041,ms
NOX,TT_PINN,cuda,3,2,latency_wall_batch1_ms,1,324,1.4698,ms
NOX,TT_PINN,cuda,3,2,latency_wall_batch1_ms,1,325,1.6158,ms
NOX,TT_PINN,cuda,3,2,latency_wall_batch1_ms,1,326,1.2138,ms
NOX,TT_PINN,cuda,3,2,latency_wall_batch1_ms,1,327,1.3235,ms
NOX,TT_PINN,cuda,3,2,latency_wall_batch1_ms,1,328,1.2288,ms
NOX,TT_PINN,cuda,3,2,latency_wall_batch1_ms,1,329,2.6516,ms
NOX,TT_PINN,cuda,3,2,latency_wall_batch1_ms,1,330,1.3478,ms
NOX,TT_PINN,cuda,3,2,latency_wall_batch1_ms,1,331,1.1938,ms
NOX,TT_PINN,cuda,3,2,latency_wall_batch1_ms,1,332,1.2245,ms
NOX,TT_PINN,cuda,3,2,latency_wall_batch1_ms,1,333,1.2218,ms
NOX,TT_PINN,cuda,3,2,latency_wall_batch1_ms,1,334,1.158,ms
NOX,TT_PINN,cuda,3,2,latency_wall_batch1_ms,1,335,1.2185,ms
NOX,TT_PINN,cuda,3,2,latency_wall_batch1_ms,1,336,2.8799,ms
NOX,TT_PINN,cuda,3,2,latency_wall_batch1_ms,1,337,1.3076,ms
NOX,TT_PINN,cuda,3,2,latency_wall_batch1_ms,1,338,1.3227,ms
NOX,TT_PINN,cuda,3,2,latency_wall_batch1_ms,1,339,1.2945,ms
NOX,TT_PINN,cuda,3,2,latency_wall_batch1_ms,1,340,1.2716,ms
NOX,TT_PINN,cuda,3,2,latency_wall_batch1_ms,1,341,1.2265,ms
NOX,TT_PINN,cuda,3,2,latency_wall_batch1_ms,1,342,1.2041,ms
NOX,TT_PINN,cuda,3,2,latency_wall_batch1_ms,1,343,1.1983,ms
NOX,TT_PINN,cuda,3,2,latency_wall_batch1_ms,1,344,1.2339,ms
NOX,TT_PINN,cuda,3,2,latency_wall_batch1_ms,1,345,1.2119,ms
NOX,TT_PINN,cuda,3,2,latency_wall_batch1_ms,1,346,1.2061,ms
NOX,TT_PINN,cuda,3,2,latency_wall_batch1_ms,1,347,1.2069,ms
NOX,TT_PINN,cuda,3,2,latency_wall_batch1_ms,1,348,1.2586,ms
NOX,TT_PINN,cuda,3,2,latency_wall_batch1_ms,1,349,1.2181,ms
NOX,TT_PINN,cuda,3,2,latency_wall_batch1_ms,1,350,1.2293,ms
NOX,TT_PINN,cuda,3,2,latency_wall_batch1_ms,1,351,1.2108,ms
NOX,TT_PINN,cuda,3,2,latency_wall_batch1_ms,1,352,1.181,ms
NOX,TT_PINN,cuda,3,2,latency_wall_batch1_ms,1,353,3.4898,ms
NOX,TT_PINN,cuda,3,2,latency_wall_batch1_ms,1,354,1.8803,ms
NOX,TT_PINN,cuda,3,2,latency_wall_batch1_ms,1,355,1.2431,ms
NOX,TT_PINN,cuda,3,2,latency_wall_batch1_ms,1,356,1.2027,ms
NOX,TT_PINN,cuda,3,2,latency_wall_batch1_ms,1,357,1.2436,ms
NOX,TT_PINN,cuda,3,2,latency_wall_batch1_ms,1,358,1.2333,ms
NOX,TT_PINN,cuda,3,2,latency_wall_batch1_ms,1,359,1.4062,ms
NOX,TT_PINN,cuda,3,2,latency_wall_batch1_ms,1,360,1.2731,ms
NOX,TT_PINN,cuda,3,2,latency_wall_batch1_ms,1,361,2.0544,ms
NOX,TT_PINN,cuda,3,2,latency_wall_batch1_ms,1,362,2.7508,ms
NOX,TT_PINN,cuda,3,2,latency_wall_batch1_ms,1,363,3.3184,ms
NOX,TT_PINN,cuda,3,2,latency_wall_batch1_ms,1,364,2.6811,ms
NOX,TT_PINN,cuda,3,2,latency_wall_batch1_ms,1,365,2.59,ms
NOX,TT_PINN,cuda,3,2,latency_wall_batch1_ms,1,366,2.5458,ms
NOX,TT_PINN,cuda,3,2,latency_wall_batch1_ms,1,367,2.5249,ms
NOX,TT_PINN,cuda,3,2,latency_wall_batch1_ms,1,368,2.8121,ms
NOX,TT_PINN,cuda,3,2,latency_wall_batch1_ms,1,369,2.9047,ms
NOX,TT_PINN,cuda,3,2,latency_wall_batch1_ms,1,370,2.7276,ms
NOX,TT_PINN,cuda,3,2,latency_wall_batch1_ms,1,371,2.6745,ms
NOX,TT_PINN,cuda,3,2,latency_wall_batch1_ms,1,372,2.5254,ms
NOX,TT_PINN,cuda,3,2,latency_wall_batch1_ms,1,373,2.5215,ms
NOX,TT_PINN,cuda,3,2,latency_wall_batch1_ms,1,374,2.6355,ms
NOX,TT_PINN,cuda,3,2,latency_wall_batch1_ms,1,375,1.4202,ms
NOX,TT_PINN,cuda,3,2,latency_wall_batch1_ms,1,376,1.3292,ms
NOX,TT_PINN,cuda,3,2,latency_wall_batch1_ms,1,377,1.2217,ms
NOX,TT_PINN,cuda,3,2,latency_wall_batch1_ms,1,378,1.2445,ms
NOX,TT_PINN,cuda,3,2,latency_wall_batch1_ms,1,379,1.2907,ms
NOX,TT_PINN,cuda,3,2,latency_wall_batch1_ms,1,380,1.1844,ms
NOX,TT_PINN,cuda,3,2,latency_wall_batch1_ms,1,381,1.3601,ms
NOX,TT_PINN,cuda,3,2,latency_wall_batch1_ms,1,382,1.2068,ms
NOX,TT_PINN,cuda,3,2,latency_wall_batch1_ms,1,383,1.9373,ms
NOX,TT_PINN,cuda,3,2,latency_wall_batch1_ms,1,384,1.2539,ms
NOX,TT_PINN,cuda,3,2,latency_wall_batch1_ms,1,385,1.3663,ms
NOX,TT_PINN,cuda,3,2,latency_wall_batch1_ms,1,386,1.9021,ms
NOX,TT_PINN,cuda,3,2,latency_wall_batch1_ms,1,387,1.3129,ms
NOX,TT_PINN,cuda,3,2,latency_wall_batch1_ms,1,388,1.2958,ms
NOX,TT_PINN,cuda,3,2,latency_wall_batch1_ms,1,389,1.2266,ms
NOX,TT_PINN,cuda,3,2,latency_wall_batch1_ms,1,390,1.2611,ms
NOX,TT_PINN,cuda,3,2,latency_wall_batch1_ms,1,391,1.3812,ms
NOX,TT_PINN,cuda,3,2,latency_wall_batch1_ms,1,392,1.2168,ms
NOX,TT_PINN,cuda,3,2,latency_wall_batch1_ms,1,393,1.3416,ms
NOX,TT_PINN,cuda,3,2,latency_wall_batch1_ms,1,394,1.3684,ms
NOX,TT_PINN,cuda,3,2,latency_wall_batch1_ms,1,395,1.299,ms
NOX,TT_PINN,cuda,3,2,latency_wall_batch1_ms,1,396,1.1882,ms
NOX,TT_PINN,cuda,3,2,latency_wall_batch1_ms,1,397,1.463,ms
NOX,TT_PINN,cuda,3,2,latency_wall_batch1_ms,1,398,1.3326,ms
NOX,TT_PINN,cuda,3,2,latency_wall_batch1_ms,1,399,1.2032,ms
NOX,TT_PINN,cuda,3,2,throughput_rows_s,1,0,826.9246671628215,rows/s
NOX,TT_PINN,cuda,3,2,throughput_rows_s,1,1,836.4001338240214,rows/s
NOX,TT_PINN,cuda,3,2,throughput_rows_s,1,2,864.7526807333102,rows/s
NOX,TT_PINN,cuda,3,2,throughput_rows_s,1,3,847.0986869970351,rows/s
NOX,TT_PINN,cuda,3,2,throughput_rows_s,1,4,771.4263673532362,rows/s
NOX,TT_PINN,cuda,3,2,throughput_rows_s,1,5,551.0552708436657,rows/s
NOX,TT_PINN,cuda,3,2,throughput_rows_s,1,6,490.24414158250806,rows/s
NOX,TT_PINN,cuda,3,2,throughput_rows_s,1,7,497.0178926441352,rows/s
NOX,TT_PINN,cuda,3,2,throughput_rows_s,1,8,482.53232966608766,rows/s
NOX,TT_PINN,cuda,3,2,throughput_rows_s,1,9,513.9802631578947,rows/s
NOX,TT_PINN,cuda,3,2,throughput_rows_s,1,10,509.08720663849715,rows/s
NOX,TT_PINN,cuda,3,2,throughput_rows_s,1,11,512.3475765959627,rows/s
NOX,TT_PINN,cuda,3,2,throughput_rows_s,1,12,502.20972278023294,rows/s
NOX,TT_PINN,cuda,3,2,throughput_rows_s,1,13,343.9144340887987,rows/s
NOX,TT_PINN,cuda,3,2,throughput_rows_s,1,14,741.4547341884778,rows/s
NOX,TT_PINN,cuda,3,2,throughput_rows_s,1,15,778.1495603454985,rows/s
NOX,TT_PINN,cuda,3,2,throughput_rows_s,1,16,798.5307035055498,rows/s
NOX,TT_PINN,cuda,3,2,throughput_rows_s,1,17,848.6803021301876,rows/s
NOX,TT_PINN,cuda,3,2,throughput_rows_s,1,18,822.3684210526316,rows/s
NOX,TT_PINN,cuda,3,2,throughput_rows_s,1,19,777.1215418091391,rows/s
NOX,TT_PINN,cuda,3,2,throughput_rows_s,1,20,795.4816641476413,rows/s
NOX,TT_PINN,cuda,3,2,throughput_rows_s,1,21,792.9585282689715,rows/s
NOX,TT_PINN,cuda,3,2,throughput_rows_s,1,22,797.0667941973537,rows/s
NOX,TT_PINN,cuda,3,2,throughput_rows_s,1,23,615.4982458299994,rows/s
NOX,TT_PINN,cuda,3,2,throughput_rows_s,16,0,5242.463958060288,rows/s
NOX,TT_PINN,cuda,3,2,throughput_rows_s,16,1,5169.294391315585,rows/s
NOX,TT_PINN,cuda,3,2,throughput_rows_s,16,2,5090.191836604842,rows/s
NOX,TT_PINN,cuda,3,2,throughput_rows_s,16,3,5319.502626504422,rows/s
NOX,TT_PINN,cuda,3,2,throughput_rows_s,16,4,5206.638464041654,rows/s
NOX,TT_PINN,cuda,3,2,throughput_rows_s,16,5,5367.146355372178,rows/s
NOX,TT_PINN,cuda,3,2,throughput_rows_s,16,6,5390.290738806724,rows/s
NOX,TT_PINN,cuda,3,2,throughput_rows_s,16,7,5394.834446017938,rows/s
NOX,TT_PINN,cuda,3,2,throughput_rows_s,16,8,5432.199361716575,rows/s
NOX,TT_PINN,cuda,3,2,throughput_rows_s,16,9,5448.848930663397,rows/s
NOX,TT_PINN,cuda,3,2,throughput_rows_s,16,10,10902.89608177172,rows/s
NOX,TT_PINN,cuda,3,2,throughput_rows_s,16,11,10041.420861051838,rows/s
NOX,TT_PINN,cuda,3,2,throughput_rows_s,16,12,7032.657905147026,rows/s
NOX,TT_PINN,cuda,3,2,throughput_rows_s,16,13,8840.267418089397,rows/s
NOX,TT_PINN,cuda,3,2,throughput_rows_s,16,14,9981.90779212677,rows/s
NOX,TT_PINN,cuda,3,2,throughput_rows_s,16,15,11213.905242500701,rows/s
NOX,TT_PINN,cuda,3,2,throughput_rows_s,16,16,11217.836359812101,rows/s
NOX,TT_PINN,cuda,3,2,throughput_rows_s,16,17,11198.208286674131,rows/s
NOX,TT_PINN,cuda,3,2,throughput_rows_s,16,18,9042.613315248105,rows/s
NOX,TT_PINN,cuda,3,2,throughput_rows_s,16,19,5043.182247998487,rows/s
NOX,TT_PINN,cuda,3,2,throughput_rows_s,16,20,4720.878083323498,rows/s
NOX,TT_PINN,cuda,3,2,throughput_rows_s,16,21,3953.448148056633,rows/s
NOX,TT_PINN,cuda,3,2,throughput_rows_s,16,22,4575.350300257364,rows/s
NOX,TT_PINN,cuda,3,2,throughput_rows_s,16,23,6658.343736995422,rows/s
NOX,TT_PINN,cuda,3,2,throughput_rows_s,64,0,44997.539197075166,rows/s
NOX,TT_PINN,cuda,3,2,throughput_rows_s,64,1,44503.16389680829,rows/s
NOX,TT_PINN,cuda,3,2,throughput_rows_s,64,2,32723.18232948154,rows/s
NOX,TT_PINN,cuda,3,2,throughput_rows_s,64,3,41904.01361880442,rows/s
NOX,TT_PINN,cuda,3,2,throughput_rows_s,64,4,43158.6755681435,rows/s
NOX,TT_PINN,cuda,3,2,throughput_rows_s,64,5,43817.60920169794,rows/s
NOX,TT_PINN,cuda,3,2,throughput_rows_s,64,6,43724.80699596912,rows/s
NOX,TT_PINN,cuda,3,2,throughput_rows_s,64,7,30943.286757240247,rows/s
NOX,TT_PINN,cuda,3,2,throughput_rows_s,64,8,27453.671928620453,rows/s
NOX,TT_PINN,cuda,3,2,throughput_rows_s,64,9,24635.28234343123,rows/s
NOX,TT_PINN,cuda,3,2,throughput_rows_s,64,10,7728.255225628826,rows/s
NOX,TT_PINN,cuda,3,2,throughput_rows_s,64,11,19143.90834853878,rows/s
NOX,TT_PINN,cuda,3,2,throughput_rows_s,64,12,20925.974365681403,rows/s
NOX,TT_PINN,cuda,3,2,throughput_rows_s,64,13,20614.57192552986,rows/s
NOX,TT_PINN,cuda,3,2,throughput_rows_s,64,14,21127.69047933448,rows/s
NOX,TT_PINN,cuda,3,2,throughput_rows_s,64,15,21068.571616683676,rows/s
NOX,TT_PINN,cuda,3,2,throughput_rows_s,64,16,21100.524216148497,rows/s
NOX,TT_PINN,cuda,3,2,throughput_rows_s,64,17,21043.632657087426,rows/s
NOX,TT_PINN,cuda,3,2,throughput_rows_s,64,18,21399.67231751764,rows/s
NOX,TT_PINN,cuda,3,2,throughput_rows_s,64,19,34340.29081933788,rows/s
NOX,TT_PINN,cuda,3,2,throughput_rows_s,64,20,25986.681825564396,rows/s
NOX,TT_PINN,cuda,3,2,throughput_rows_s,64,21,41199.948500064376,rows/s
NOX,TT_PINN,cuda,3,2,throughput_rows_s,64,22,43859.649122807015,rows/s
NOX,TT_PINN,cuda,3,2,throughput_rows_s,64,23,42695.13008672448,rows/s
NOX,TT_PINN,cuda,3,2,throughput_rows_s,256,0,83989.50131233595,rows/s
NOX,TT_PINN,cuda,3,2,throughput_rows_s,256,1,84232.6928138984,rows/s
NOX,TT_PINN,cuda,3,2,throughput_rows_s,256,2,84672.8848316465,rows/s
NOX,TT_PINN,cuda,3,2,throughput_rows_s,256,3,82498.14701427604,rows/s
NOX,TT_PINN,cuda,3,2,throughput_rows_s,256,4,115051.00894341829,rows/s
NOX,TT_PINN,cuda,3,2,throughput_rows_s,256,5,162354.13495687468,rows/s
NOX,TT_PINN,cuda,3,2,throughput_rows_s,256,6,128772.63581488932,rows/s
NOX,TT_PINN,cuda,3,2,throughput_rows_s,256,7,99925.836293376,rows/s
NOX,TT_PINN,cuda,3,2,throughput_rows_s,256,8,100902.60533680186,rows/s
NOX,TT_PINN,cuda,3,2,throughput_rows_s,256,9,102580.54175348613,rows/s
NOX,TT_PINN,cuda,3,2,throughput_rows_s,256,10,146940.64975318563,rows/s
NOX,TT_PINN,cuda,3,2,throughput_rows_s,256,11,60303.40148874024,rows/s
NOX,TT_PINN,cuda,3,2,throughput_rows_s,256,12,51826.05879018543,rows/s
NOX,TT_PINN,cuda,3,2,throughput_rows_s,256,13,84658.88422236186,rows/s
NOX,TT_PINN,cuda,3,2,throughput_rows_s,256,14,82460.94379127075,rows/s
NOX,TT_PINN,cuda,3,2,throughput_rows_s,256,15,102277.26727926488,rows/s
NOX,TT_PINN,cuda,3,2,throughput_rows_s,256,16,130865.96462529394,rows/s
NOX,TT_PINN,cuda,3,2,throughput_rows_s,256,17,85205.52504576468,rows/s
NOX,TT_PINN,cuda,3,2,throughput_rows_s,256,18,46316.39889998553,rows/s
NOX,TT_PINN,cuda,3,2,throughput_rows_s,256,19,77117.72502711171,rows/s
NOX,TT_PINN,cuda,3,2,throughput_rows_s,256,20,83835.47288446424,rows/s
NOX,TT_PINN,cuda,3,2,throughput_rows_s,256,21,149953.13964386127,rows/s
NOX,TT_PINN,cuda,3,2,throughput_rows_s,256,22,166072.00778462534,rows/s
NOX,TT_PINN,cuda,3,2,throughput_rows_s,256,23,146068.69793449732,rows/s
NOX,TT_PINN,cuda,3,2,throughput_rows_s,1024,0,338210.5228391188,rows/s
NOX,TT_PINN,cuda,3,2,throughput_rows_s,1024,1,345374.2116091605,rows/s
NOX,TT_PINN,cuda,3,2,throughput_rows_s,1024,2,344560.7187321242,rows/s
NOX,TT_PINN,cuda,3,2,throughput_rows_s,1024,3,347767.023263712,rows/s
NOX,TT_PINN,cuda,3,2,throughput_rows_s,1024,4,100417.75354502127,rows/s
NOX,TT_PINN,cuda,3,2,throughput_rows_s,1024,5,142038.75549637273,rows/s
NOX,TT_PINN,cuda,3,2,throughput_rows_s,1024,6,318754.86381322955,rows/s
NOX,TT_PINN,cuda,3,2,throughput_rows_s,1024,7,326728.5664146007,rows/s
NOX,TT_PINN,cuda,3,2,throughput_rows_s,1024,8,343025.59292509715,rows/s
NOX,TT_PINN,cuda,3,2,throughput_rows_s,1024,9,345048.3539441319,rows/s
NOX,TT_PINN,cuda,3,2,throughput_rows_s,1024,10,344537.5323845093,rows/s
NOX,TT_PINN,cuda,3,2,throughput_rows_s,1024,11,370142.7796855232,rows/s
NOX,TT_PINN,cuda,3,2,throughput_rows_s,1024,12,555887.3025351501,rows/s
NOX,TT_PINN,cuda,3,2,throughput_rows_s,1024,13,682803.2273121291,rows/s
NOX,TT_PINN,cuda,3,2,throughput_rows_s,1024,14,611416.2885120611,rows/s
NOX,TT_PINN,cuda,3,2,throughput_rows_s,1024,15,721228.3420200029,rows/s
NOX,TT_PINN,cuda,3,2,throughput_rows_s,1024,16,738976.6904813452,rows/s
NOX,TT_PINN,cuda,3,2,throughput_rows_s,1024,17,711407.5309156593,rows/s
NOX,TT_PINN,cuda,3,2,throughput_rows_s,1024,18,664115.7014073546,rows/s
NOX,TT_PINN,cuda,3,2,throughput_rows_s,1024,19,600692.2039068458,rows/s
NOX,TT_PINN,cuda,3,2,throughput_rows_s,1024,20,722347.6297968398,rows/s
NOX,TT_PINN,cuda,3,2,throughput_rows_s,1024,21,383995.20005999925,rows/s
NOX,TT_PINN,cuda,3,2,throughput_rows_s,1024,22,217289.8187836863,rows/s
NOX,TT_PINN,cuda,3,2,throughput_rows_s,1024,23,678910.0311609097,rows/s
NOX,TT_PINN,cuda,3,2,throughput_rows_s,4096,0,1409449.0898454974,rows/s
NOX,TT_PINN,cuda,3,2,throughput_rows_s,4096,1,1426183.8440111422,rows/s
NOX,TT_PINN,cuda,3,2,throughput_rows_s,4096,2,1339568.9570592276,rows/s
NOX,TT_PINN,cuda,3,2,throughput_rows_s,4096,3,1432919.3633024313,rows/s
NOX,TT_PINN,cuda,3,2,throughput_rows_s,4096,4,1433069.7641872508,rows/s
NOX,TT_PINN,cuda,3,2,throughput_rows_s,4096,5,1433170.0489853043,rows/s
NOX,TT_PINN,cuda,3,2,throughput_rows_s,4096,6,1438252.747638611,rows/s
NOX,TT_PINN,cuda,3,2,throughput_rows_s,4096,7,1437394.7220662548,rows/s
NOX,TT_PINN,cuda,3,2,throughput_rows_s,4096,8,1826695.8034161353,rows/s
NOX,TT_PINN,cuda,3,2,throughput_rows_s,4096,9,3188044.8318804484,rows/s
NOX,TT_PINN,cuda,3,2,throughput_rows_s,4096,10,3268954.509177973,rows/s
NOX,TT_PINN,cuda,3,2,throughput_rows_s,4096,11,1747142.125917079,rows/s
NOX,TT_PINN,cuda,3,2,throughput_rows_s,4096,12,2690665.4404519475,rows/s
NOX,TT_PINN,cuda,3,2,throughput_rows_s,4096,13,2939572.2692694133,rows/s
NOX,TT_PINN,cuda,3,2,throughput_rows_s,4096,14,3343946.4446077226,rows/s
NOX,TT_PINN,cuda,3,2,throughput_rows_s,4096,15,3216838.1371240085,rows/s
NOX,TT_PINN,cuda,3,2,throughput_rows_s,4096,16,1887992.6250288081,rows/s
NOX,TT_PINN,cuda,3,2,throughput_rows_s,4096,17,3104676.7225043587,rows/s
NOX,TT_PINN,cuda,3,2,throughput_rows_s,4096,18,2964464.0660056453,rows/s
NOX,TT_PINN,cuda,3,2,throughput_rows_s,4096,19,3301894.3974203956,rows/s
NOX,TT_PINN,cuda,3,2,throughput_rows_s,4096,20,3139419.0235303133,rows/s
NOX,TT_PINN,cuda,3,2,throughput_rows_s,4096,21,3007121.356728581,rows/s
NOX,TT_PINN,cuda,3,2,throughput_rows_s,4096,22,3131259.0780521366,rows/s
NOX,TT_PINN,cuda,3,2,throughput_rows_s,4096,23,3127911.41657121,rows/s
