candidate,trial_number,config_hash,stage,status,fold,seed,N_train,N_validation,train_signature,validation_signature,worker_pid,worker_wall_time_s,worker_peak_gpu_allocated_gb,worker_peak_gpu_reserved_gb,worker_runtime_signature,worker_tf32_matmul,worker_tf32_cudnn,worker_deterministic_algorithms,worker_inner_threads,R2,RMSE,MAE,NRMSE_range,NRMSE_std,bias,residual_std,pearson_r,slope,intercept,negative_prediction_pct,val_data_loss,val_physics_loss,val_total_loss,active_cdp_pcd_pct,active_cdp_violation_pct,active_cdp_near_zero_pct,dCO_dCDP_phys_mean,dCO_dCDP_phys_median,dCO_dCDP_phys_q05,dCO_dCDP_phys_q95,g_star_cdp_mean,g_star_cdp_median,g_star_cdp_q05,g_star_cdp_q95,diagnostic_only_tit_negative_gradient_pct,diagnostic_only_tit_positive_gradient_pct,diagnostic_only_tit_near_zero_pct,diagnostic_only_dCO_dTIT_median,physics_mode,best_epoch,parameter_count,training_time_s,requested_batch_size,effective_batch_size,requested_max_epochs,physics_warmup_epochs,effective_min_epochs,stopped_epoch,stop_reason,use_lbfgs,lbfgs_outer_steps_executed,physics_evaluation_rows,physics_evaluation_sampling,physical_scale_cdp_delta_x,physical_scale_co_delta_y,synthetic_attempted,synthetic_accepted,synthetic_acceptance_pct,synthetic_feature,knn_threshold,knn_k,knn_quantile,train_kth_at_protocol_quantile
TRIAL_0010_CDP_NEG,10,ec23e801c9c0bf7212fafd5c3edc8557d733607943c8d104715952d93e27f7b6,FO_ONLY,COMPLETE,0,21,25813,4032,81354305b7b8066000bae764cd84c6a44c1e035572eb00baa18e30401895a2a4,6d4d4bf8c14384a72deec9ae950f7dbc99365946e460adffb80cf5c9ed8ff111,37176,1254.8629865000005,0.1568775177001953,0.181640625,14269c18e6a56f09985dea654338c0b32f5e417a5600e334e252b0c1bbf8bd28,True,True,True,1,0.8544585409556396,0.5915334569849309,0.3850474172480365,0.0262862931029461,0.381451651526554,0.0368156904341525,0.5904599094305776,0.9246780704102988,0.8575164334345573,0.3279469813682528,0.0,0.1413267999887466,0.0,-9.95601749420166,100.0,0.0,0.0,-0.2976279854774475,-0.2238564491271972,-0.783656120300293,-0.0447812974452972,-0.178543671965599,-0.1342889666557312,-0.4701064825057983,-0.026863794773817,53.759765625,46.240234375,0.0,-0.0100384624674916,CDP_NEG,105,77251,1254.862390899998,64,64,800,80,80,165,EARLY_STOPPING,False,0,2048,deterministic_evenly_spaced_full_fold,3.6649999618530273,6.109466117620462,768,750,97.65625,CDP,1.4710406730757069,20,0.99,1.4710406730757069
TRIAL_0010_CDP_NEG,10,ec23e801c9c0bf7212fafd5c3edc8557d733607943c8d104715952d93e27f7b6,FO_ONLY,COMPLETE,1,21,27493,2352,db92a7db6dfa639d2026ff19c5b1159be2b53d1e09d9e6a72b1b767a05c21400,2ea764e1783688df4d4bc4d6bc4b7c6a52ae545bfb933c403a7aa96e5d21a797,24992,2045.2690201999976,0.1405577659606933,0.166015625,14269c18e6a56f09985dea654338c0b32f5e417a5600e334e252b0c1bbf8bd28,True,True,True,1,0.71874714180173,0.976289512266669,0.4795250965450212,0.0267894651676079,0.5302200278199768,-0.0818207441895668,0.9730617398189388,0.8490730109155288,0.708845925286454,0.5770608026414765,0.0,0.1895859241485595,4.726125268916803e-07,19886.861328125,99.8046875,0.1953125,0.0,-0.205433577299118,-0.1556293070316314,-0.535093367099762,-0.0370884910225868,-0.1249077469110488,-0.094625748693943,-0.3253475129604339,-0.0225505474954843,44.62890625,55.37109375,0.0,0.0104081127792596,CDP_NEG,285,77251,2045.2684603000016,64,64,800,80,80,345,EARLY_STOPPING,False,0,2048,deterministic_evenly_spaced_full_fold,3.646400070190428,5.997169941663727,768,745,97.00520833333331,CDP,1.4510426770894138,20,0.99,1.4510426770894138
TRIAL_0010_CDP_NEG,10,ec23e801c9c0bf7212fafd5c3edc8557d733607943c8d104715952d93e27f7b6,FO_ONLY,COMPLETE,2,21,26989,2856,424f72a3df11b24bdd551a74968aa5efe8f47b52221df203d3bd3ed6f8a96c5a,f1c78e2ff146b5069b0310a8b0222fe8d495ed8d7dbf78dc149a7df8702a8f3a,2664,1320.335517200001,0.1471991539001464,0.16015625,14269c18e6a56f09985dea654338c0b32f5e417a5600e334e252b0c1bbf8bd28,True,True,True,1,0.7717672337575188,0.8173404958461482,0.4645070021982495,0.0427167306986683,0.4776534861266301,-0.0579537891910648,0.815426060090824,0.8793047310189614,0.7874128951201714,0.3967804899944981,0.0,0.1875483244657516,0.0,-10.482576370239258,100.0,0.0,0.0,-0.3246760666370392,-0.2653523087501526,-0.7129988670349121,-0.0902220234274864,-0.1975876837968826,-0.1614851057529449,-0.4339087605476379,-0.0549062974750995,63.134765625,36.865234375,0.0,-0.0182945430278778,CDP_NEG,110,77251,1320.335029400001,64,64,800,80,80,170,EARLY_STOPPING,False,0,2048,deterministic_evenly_spaced_full_fold,3.663600349426268,6.020027899742124,768,747,97.265625,CDP,1.4524627365104603,20,0.99,1.4524627365104603
TRIAL_0010_CDP_NEG,10,ec23e801c9c0bf7212fafd5c3edc8557d733607943c8d104715952d93e27f7b6,FO_ONLY,COMPLETE,3,21,26466,3379,ad1e190147cfc7079fe69ab58be273b0089b28a9cb71d4377b9a01145e874910,b3de2bff6a2b887166deba8883b54b43de7150168fdd2094f9852f380bd9133e,35156,1328.8141477999998,0.1525869369506836,0.16015625,14269c18e6a56f09985dea654338c0b32f5e417a5600e334e252b0c1bbf8bd28,True,True,True,1,0.7415707365117201,1.0790650144553642,0.4798225728731298,0.0330235602506534,0.5082841552702478,-0.0310518033526027,1.078777781085125,0.8631501300318684,0.6958709526216708,0.6381344369884321,0.0,0.200655311346054,1.7659560398897156e-05,-10.228423118591309,99.951171875,0.048828125,0.0,-0.2952810227870941,-0.2011288702487945,-0.7628673911094666,-0.0903335586190223,-0.1803458631038665,-0.1228414922952652,-0.4659289717674255,-0.0551721304655075,54.931640625,45.068359375,0.0,-0.0064416448585689,CDP_NEG,115,77251,1328.8129541000017,64,64,800,80,80,175,EARLY_STOPPING,False,0,2048,deterministic_evenly_spaced_full_fold,3.652750015258789,5.9806626215577126,768,746,97.13541666666669,CDP,1.4666426917497315,20,0.99,1.4666426917497315
TRIAL_0010_CDP_NEG,10,ec23e801c9c0bf7212fafd5c3edc8557d733607943c8d104715952d93e27f7b6,FO_ONLY,COMPLETE,4,21,27061,2784,2cf8e61e68345fca034455d14ca0a91ba8af3af3a30bcfad11a389cf00a64d26,e85c7d3201b31d98e24a7a8ea73439fb69c13286f849eaf6812d38684b5bedb5,37872,1108.4711215999996,0.1459083557128906,0.16015625,14269c18e6a56f09985dea654338c0b32f5e417a5600e334e252b0c1bbf8bd28,True,True,True,1,0.748440646340887,0.8830696782092254,0.4674045919995918,0.0277107486794152,0.5014668430672893,0.0085663838599639,0.883186759879104,0.8653730008733309,0.7663096123471274,0.4961114128960694,0.0,0.1755156517028808,8.240849638241343e-07,-7.653640747070312,99.951171875,0.048828125,0.0,-0.2609807550907135,-0.1792322397232055,-0.6921045780181885,-0.0508749261498451,-0.1583318561315536,-0.1087366491556167,-0.4198861420154571,-0.0308648124337196,58.3984375,41.6015625,0.0,-0.0180428735911846,CDP_NEG,75,77251,1108.4702725999996,64,64,800,80,80,135,EARLY_STOPPING,False,0,2048,deterministic_evenly_spaced_full_fold,3.65000057220459,6.01635006070137,768,758,98.69791666666669,CDP,1.460840537792371,20,0.99,1.460840537792371
TRIAL_0010_CDP_NEG,10,ec23e801c9c0bf7212fafd5c3edc8557d733607943c8d104715952d93e27f7b6,FO_ONLY,COMPLETE,0,42,25813,4032,81354305b7b8066000bae764cd84c6a44c1e035572eb00baa18e30401895a2a4,6d4d4bf8c14384a72deec9ae950f7dbc99365946e460adffb80cf5c9ed8ff111,24992,1651.0570496,0.1568775177001953,0.181640625,14269c18e6a56f09985dea654338c0b32f5e417a5600e334e252b0c1bbf8bd28,True,True,True,1,0.8516297188726158,0.5972544728071237,0.3811265585738713,0.0265405209863785,0.3851408611697554,-0.005685724492304,0.5973014835202934,0.9228924513242388,0.8431069055523875,0.3148880106141924,0.0,0.136494904756546,6.037993443896994e-06,41.07575225830078,99.90234375,0.09765625,0.0,-0.2540154755115509,-0.2157171815633773,-0.5637507438659668,-0.0690026879310607,-0.152381032705307,-0.1294063031673431,-0.3381877243518829,-0.0413939356803894,55.224609375,44.775390625,0.0,-0.0067833047360181,CDP_NEG,195,77251,1651.0565738999976,64,64,800,80,80,255,EARLY_STOPPING,False,0,2048,deterministic_evenly_spaced_full_fold,3.6649999618530273,6.109466117620462,768,752,97.91666666666669,CDP,1.4710406730757069,20,0.99,1.4710406730757069
TRIAL_0010_CDP_NEG,10,ec23e801c9c0bf7212fafd5c3edc8557d733607943c8d104715952d93e27f7b6,FO_ONLY,COMPLETE,1,42,27493,2352,db92a7db6dfa639d2026ff19c5b1159be2b53d1e09d9e6a72b1b767a05c21400,2ea764e1783688df4d4bc4d6bc4b7c6a52ae545bfb933c403a7aa96e5d21a797,42944,1443.1759206000024,0.1405582427978515,0.166015625,14269c18e6a56f09985dea654338c0b32f5e417a5600e334e252b0c1bbf8bd28,True,True,True,1,0.7181969814901884,0.9772439084965604,0.4827742202565403,0.0268156538792918,0.5307383576690698,-0.1126773325444459,0.9709326895420816,0.8496900044919096,0.7266063494924281,0.5060123818874775,0.0,0.1910733431577682,0.0,-12.312321662902832,100.0,0.0,0.0,-0.2709599733352661,-0.2122814655303955,-0.6348633170127869,-0.0774773061275482,-0.1647491157054901,-0.1290713995695114,-0.3860096633434295,-0.0471077598631382,46.728515625,53.271484375,0.0,0.0035926843993365,CDP_NEG,130,77251,1443.1721437999986,64,64,800,80,80,190,EARLY_STOPPING,False,0,2048,deterministic_evenly_spaced_full_fold,3.646400070190428,5.997169941663727,768,754,98.17708333333331,CDP,1.4510426770894138,20,0.99,1.4510426770894138
TRIAL_0010_CDP_NEG,10,ec23e801c9c0bf7212fafd5c3edc8557d733607943c8d104715952d93e27f7b6,FO_ONLY,COMPLETE,2,42,26989,2856,424f72a3df11b24bdd551a74968aa5efe8f47b52221df203d3bd3ed6f8a96c5a,f1c78e2ff146b5069b0310a8b0222fe8d495ed8d7dbf78dc149a7df8702a8f3a,43144,1370.7322693999995,0.1471991539001464,0.16015625,14269c18e6a56f09985dea654338c0b32f5e417a5600e334e252b0c1bbf8bd28,True,True,True,1,0.773195073879504,0.8147798150066925,0.457816216773784,0.0425829016343063,0.4761570251828255,-0.0702959417394187,0.8118838736140023,0.8804323171754469,0.7898344128102338,0.379258591939247,0.0,0.1870585829019546,0.0,-10.893110275268556,100.0,0.0,0.0,-0.3208510875701904,-0.274438202381134,-0.6920788884162903,-0.0917200073599815,-0.1952599138021469,-0.167014479637146,-0.4211775362491607,-0.055817924439907,47.8515625,52.1484375,0.0,0.0018882418517023,CDP_NEG,115,77251,1370.731721,64,64,800,80,80,175,EARLY_STOPPING,False,0,2048,deterministic_evenly_spaced_full_fold,3.663600349426268,6.020027899742124,768,753,98.046875,CDP,1.4524627365104603,20,0.99,1.4524627365104603
TRIAL_0010_CDP_NEG,10,ec23e801c9c0bf7212fafd5c3edc8557d733607943c8d104715952d93e27f7b6,FO_ONLY,COMPLETE,3,42,26466,3379,ad1e190147cfc7079fe69ab58be273b0089b28a9cb71d4377b9a01145e874910,b3de2bff6a2b887166deba8883b54b43de7150168fdd2094f9852f380bd9133e,37184,1328.033288999999,0.1525869369506836,0.16015625,14269c18e6a56f09985dea654338c0b32f5e417a5600e334e252b0c1bbf8bd28,True,True,True,1,0.7369781161302814,1.0886109767703542,0.4843132039827841,0.0333157035946007,0.5127806974864417,0.0338203298553393,1.0882465375917627,0.8604241013141782,0.6924413829230859,0.7105527775460735,0.0,0.2099631279706955,1.0148869300508068e-08,-10.178135871887209,99.951171875,0.048828125,0.0,-0.3093919157981872,-0.2384507358074188,-0.7676936388015747,-0.0712186843156814,-0.1889642477035522,-0.1456362009048462,-0.4688766002655029,-0.0434975288808345,49.462890625,50.537109375,0.0,0.0009898360585793,CDP_NEG,110,77251,1328.0327359999974,64,64,800,80,80,170,EARLY_STOPPING,False,0,2048,deterministic_evenly_spaced_full_fold,3.652750015258789,5.9806626215577126,768,752,97.91666666666669,CDP,1.4666426917497315,20,0.99,1.4666426917497315
TRIAL_0010_CDP_NEG,10,ec23e801c9c0bf7212fafd5c3edc8557d733607943c8d104715952d93e27f7b6,FO_ONLY,COMPLETE,4,42,27061,2784,2cf8e61e68345fca034455d14ca0a91ba8af3af3a30bcfad11a389cf00a64d26,e85c7d3201b31d98e24a7a8ea73439fb69c13286f849eaf6812d38684b5bedb5,43664,1186.4561256000015,0.1459074020385742,0.16015625,14269c18e6a56f09985dea654338c0b32f5e417a5600e334e252b0c1bbf8bd28,True,True,True,1,0.7484039682674497,0.8831340529055142,0.4608313829957788,0.0277127687590014,0.5015033993850044,-0.0199300782852782,0.8830677499846751,0.8652249936174246,0.7564581202875139,0.4881679826084645,0.0,0.1732569932937622,0.0,-8.515530586242676,100.0,0.0,0.0,-0.279209554195404,-0.2365346997976303,-0.6727700233459473,-0.0731993019580841,-0.1693909168243408,-0.1435009241104126,-0.4081562757492065,-0.0444085672497749,57.6171875,42.3828125,0.0,-0.0113640809431672,CDP_NEG,85,77251,1186.455610699999,64,64,800,80,80,145,EARLY_STOPPING,False,0,2048,deterministic_evenly_spaced_full_fold,3.65000057220459,6.01635006070137,768,736,95.83333333333331,CDP,1.460840537792371,20,0.99,1.460840537792371
TRIAL_0010_CDP_NEG,10,ec23e801c9c0bf7212fafd5c3edc8557d733607943c8d104715952d93e27f7b6,FO_ONLY,COMPLETE,0,84,25813,4032,81354305b7b8066000bae764cd84c6a44c1e035572eb00baa18e30401895a2a4,6d4d4bf8c14384a72deec9ae950f7dbc99365946e460adffb80cf5c9ed8ff111,45004,511.3394910999996,0.15687799453735352,0.1796875,14269c18e6a56f09985dea654338c0b32f5e417a5600e334e252b0c1bbf8bd28,True,True,True,1,0.8515340773075816,0.5974469411018771,0.38504335558028535,0.026549073804396153,0.38526497477319277,0.001106880460510082,0.597520017570364,0.9228253844124914,0.8437706468159821,0.3203244181080687,0.0,0.14272865653038025,0.0,-7.9498419761657715,100.0,0.0,0.0,-0.3332855701446533,-0.24117937684059143,-0.9079307913780212,-0.06256981194019318,-0.19993427395820618,-0.14468079805374146,-0.5446574687957764,-0.0375349260866642,56.15234375,43.84765625,0.0,-0.00878763385117054,CDP_NEG,80,77251,511.33898220000265,64,64,800,80,80,140,EARLY_STOPPING,False,0,2048,deterministic_evenly_spaced_full_fold,3.6649999618530273,6.109466117620462,768,756,98.4375,CDP,1.4710406730757069,20,0.99,1.4710406730757069
TRIAL_0010_CDP_NEG,10,ec23e801c9c0bf7212fafd5c3edc8557d733607943c8d104715952d93e27f7b6,FO_ONLY,COMPLETE,1,84,27493,2352,db92a7db6dfa639d2026ff19c5b1159be2b53d1e09d9e6a72b1b767a05c21400,2ea764e1783688df4d4bc4d6bc4b7c6a52ae545bfb933c403a7aa96e5d21a797,45004,781.7860504000018,0.14055824279785156,0.16796875,14269c18e6a56f09985dea654338c0b32f5e417a5600e334e252b0c1bbf8bd28,True,True,True,1,0.7220126479859463,0.9706053257483875,0.47447531604600857,0.02663349061823055,0.5271329624607886,-0.07528314146301932,0.9678871053066624,0.8510513610776431,0.7451936508388466,0.5013435179538168,0.0,0.18823324143886566,2.81091083742524e-09,-12.740376472473145,99.90234375,0.09765625,0.0,-0.296250581741333,-0.2521890103816986,-0.7143380045890808,-0.06691537797451019,-0.18012630939483643,-0.15333598852157593,-0.43433186411857605,-0.04068589583039284,49.609375,50.390625,0.0,0.0006445626495406032,CDP_NEG,135,77251,781.7855683999987,64,64,800,80,80,195,EARLY_STOPPING,False,0,2048,deterministic_evenly_spaced_full_fold,3.6464000701904276,5.997169941663727,768,761,99.08854166666667,CDP,1.4510426770894138,20,0.99,1.4510426770894138
TRIAL_0010_CDP_NEG,10,ec23e801c9c0bf7212fafd5c3edc8557d733607943c8d104715952d93e27f7b6,FO_ONLY,COMPLETE,2,84,26989,2856,424f72a3df11b24bdd551a74968aa5efe8f47b52221df203d3bd3ed6f8a96c5a,f1c78e2ff146b5069b0310a8b0222fe8d495ed8d7dbf78dc149a7df8702a8f3a,45004,624.2887327999997,0.14719915390014648,0.16015625,14269c18e6a56f09985dea654338c0b32f5e417a5600e334e252b0c1bbf8bd28,True,True,True,1,0.7743987248159541,0.8126149257275302,0.4563208159283638,0.0424697578554279,0.4748918646817549,-0.0767036681076517,0.8091284184764832,0.8811479952193264,0.773241485460788,0.4083439537434783,0.0,0.18349668383598328,0.0,-9.688592910766602,100.0,0.0,0.0,-0.362487256526947,-0.30627602338790894,-0.8462900519371033,-0.07759249955415726,-0.22059839963912964,-0.1863900125026703,-0.5150256156921387,-0.04722036421298981,51.611328125,48.388671875,0.0,-0.0012933118268847466,CDP_NEG,100,77251,624.2882841999999,64,64,800,80,80,160,EARLY_STOPPING,False,0,2048,deterministic_evenly_spaced_full_fold,3.663600349426268,6.020027899742124,768,753,98.046875,CDP,1.4524627365104603,20,0.99,1.4524627365104603
TRIAL_0010_CDP_NEG,10,ec23e801c9c0bf7212fafd5c3edc8557d733607943c8d104715952d93e27f7b6,FO_ONLY,COMPLETE,3,84,26466,3379,ad1e190147cfc7079fe69ab58be273b0089b28a9cb71d4377b9a01145e874910,b3de2bff6a2b887166deba8883b54b43de7150168fdd2094f9852f380bd9133e,45004,553.7950336000031,0.1525869369506836,0.162109375,14269c18e6a56f09985dea654338c0b32f5e417a5600e334e252b0c1bbf8bd28,True,True,True,1,0.732391996899832,1.098060617826531,0.49262981064522615,0.033604899135726854,0.5172318684145161,-0.014429338576175526,1.0981283126933448,0.856739804420343,0.7001116393869822,0.6454259639363112,0.0,0.20883391797542572,0.0,-8.174003601074219,100.0,0.0,0.0,-0.33105775713920593,-0.22505521774291992,-0.9486382007598877,-0.06294345110654831,-0.20219686627388,-0.13745474815368652,-0.5793903470039368,-0.038443345576524734,55.56640625,44.43359375,0.0,-0.008618537336587906,CDP_NEG,85,77251,553.7945151000022,64,64,800,80,80,145,EARLY_STOPPING,False,0,2048,deterministic_evenly_spaced_full_fold,3.652750015258789,5.9806626215577126,768,753,98.046875,CDP,1.4666426917497317,20,0.99,1.4666426917497317
TRIAL_0010_CDP_NEG,10,ec23e801c9c0bf7212fafd5c3edc8557d733607943c8d104715952d93e27f7b6,FO_ONLY,COMPLETE,4,84,27061,2784,2cf8e61e68345fca034455d14ca0a91ba8af3af3a30bcfad11a389cf00a64d26,e85c7d3201b31d98e24a7a8ea73439fb69c13286f849eaf6812d38684b5bedb5,45004,633.4329692000028,0.14590787887573242,0.16015625,14269c18e6a56f09985dea654338c0b32f5e417a5600e334e252b0c1bbf8bd28,True,True,True,1,0.7479623126198935,0.8839088467651561,0.4618374620520041,0.027737081809775035,0.50194337987625,0.002900419434411759,0.8840628780192546,0.8654728729147732,0.7774628106399395,0.46717668487211117,0.0,0.17682553827762604,0.0,-9.742433547973633,100.0,0.0,0.0,-0.3323296308517456,-0.27222952246665955,-0.8202217817306519,-0.059887826442718506,-0.20161780714988708,-0.1651562601327896,-0.4976123571395874,-0.036332760006189346,58.59375,41.40625,0.0,-0.011944686993956566,CDP_NEG,100,77251,633.4324848999968,64,64,800,80,80,160,EARLY_STOPPING,False,0,2048,deterministic_evenly_spaced_full_fold,3.65000057220459,6.01635006070137,768,749,97.52604166666667,CDP,1.460840537792371,20,0.99,1.460840537792371
TRIAL_0010_CDP_NEG,10,ec23e801c9c0bf7212fafd5c3edc8557d733607943c8d104715952d93e27f7b6,FO_ONLY,COMPLETE,0,126,25813,4032,81354305b7b8066000bae764cd84c6a44c1e035572eb00baa18e30401895a2a4,6d4d4bf8c14384a72deec9ae950f7dbc99365946e460adffb80cf5c9ed8ff111,45004,695.6026308,0.1568775177001953,0.1796875,14269c18e6a56f09985dea654338c0b32f5e417a5600e334e252b0c1bbf8bd28,True,True,True,1,0.8532990526599269,0.5938850738124126,0.38094252109514193,0.02639079317553386,0.38296809681296734,-0.02844909094110046,0.593276854521073,0.923926381775592,0.8517314466349729,0.2745024450612349,0.0,0.14070706069469452,4.348796949216194e-07,-11.539287567138672,99.90234375,0.09765625,0.0,-0.26935431361198425,-0.2047470510005951,-0.7243966460227966,-0.05111396312713623,-0.16158261895179749,-0.12282545864582062,-0.43455740809440613,-0.030662691220641136,56.73828125,43.26171875,0.0,-0.008914325386285782,CDP_NEG,125,77251,695.6021682999999,64,64,800,80,80,185,EARLY_STOPPING,False,0,2048,deterministic_evenly_spaced_full_fold,3.6649999618530273,6.109466117620462,768,746,97.13541666666667,CDP,1.4710406730757069,20,0.99,1.4710406730757069
TRIAL_0010_CDP_NEG,10,ec23e801c9c0bf7212fafd5c3edc8557d733607943c8d104715952d93e27f7b6,FO_ONLY,COMPLETE,1,126,27493,2352,db92a7db6dfa639d2026ff19c5b1159be2b53d1e09d9e6a72b1b767a05c21400,2ea764e1783688df4d4bc4d6bc4b7c6a52ae545bfb933c403a7aa96e5d21a797,45004,807.404581499999,0.14055776596069336,0.166015625,14269c18e6a56f09985dea654338c0b32f5e417a5600e334e252b0c1bbf8bd28,True,True,True,1,0.7137294613096574,0.9849597402178382,0.48242080054676706,0.02702737694149745,0.5349288036981497,-0.10073072848315699,0.9800037482816845,0.8471770939557461,0.6911140693483431,0.5982780007690238,0.0,0.19135376811027527,0.0,-13.162997245788574,100.0,0.0,0.0,-0.26445770263671875,-0.18429191410541534,-0.7191009521484375,-0.05302110314369202,-0.16079559922218323,-0.11205319315195084,-0.43722784519195557,-0.03223789855837822,45.5078125,54.4921875,0.0,0.0057375431060791016,CDP_NEG,140,77251,807.4040303000002,64,64,800,80,80,200,EARLY_STOPPING,False,0,2048,deterministic_evenly_spaced_full_fold,3.6464000701904276,5.997169941663727,768,742,96.61458333333333,CDP,1.4510426770894138,20,0.99,1.4510426770894138
TRIAL_0010_CDP_NEG,10,ec23e801c9c0bf7212fafd5c3edc8557d733607943c8d104715952d93e27f7b6,FO_ONLY,COMPLETE,2,126,26989,2856,424f72a3df11b24bdd551a74968aa5efe8f47b52221df203d3bd3ed6f8a96c5a,f1c78e2ff146b5069b0310a8b0222fe8d495ed8d7dbf78dc149a7df8702a8f3a,45004,590.1256342999986,0.14719820022583008,0.16015625,14269c18e6a56f09985dea654338c0b32f5e417a5600e334e252b0c1bbf8bd28,True,True,True,1,0.769844574751767,0.8207759608831847,0.46656605007820856,0.04289627867843637,0.4796611706347957,-0.12437267065914322,0.8114401772657586,0.8804567392609479,0.7675904758005181,0.3727627389530843,0.0,0.18739961087703705,0.0,-9.667121887207031,100.0,0.0,0.0,-0.3174147307872772,-0.25096821784973145,-0.8028308153152466,-0.04182882234454155,-0.19316866993904114,-0.15273140370845795,-0.488577663898468,-0.025455711409449577,60.498046875,39.501953125,0.0,-0.012409709393978119,CDP_NEG,100,77251,590.1251058999987,64,64,800,80,80,160,EARLY_STOPPING,False,0,2048,deterministic_evenly_spaced_full_fold,3.663600349426268,6.020027899742124,768,723,94.140625,CDP,1.4524627365104603,20,0.99,1.4524627365104603
TRIAL_0010_CDP_NEG,10,ec23e801c9c0bf7212fafd5c3edc8557d733607943c8d104715952d93e27f7b6,FO_ONLY,COMPLETE,3,126,26466,3379,ad1e190147cfc7079fe69ab58be273b0089b28a9cb71d4377b9a01145e874910,b3de2bff6a2b887166deba8883b54b43de7150168fdd2094f9852f380bd9133e,45004,664.2414267999993,0.1525869369506836,0.16015625,14269c18e6a56f09985dea654338c0b32f5e417a5600e334e252b0c1bbf8bd28,True,True,True,1,0.7519567249627166,1.0571594481280653,0.47146582092131556,0.03235316525151671,0.49796572947826045,0.03063922249325147,1.0568717526012226,0.8673006885490637,0.7580546589442562,0.5630003847853714,0.0,0.20003807544708252,0.00032272000680677593,24.97431182861328,99.90234375,0.09765625,0.0,-0.3054521381855011,-0.1923477053642273,-0.9062350988388062,-0.05105050280690193,-0.18655797839164734,-0.11747830361127853,-0.5534921884536743,-0.031179610639810562,54.39453125,45.60546875,0.0,-0.005371244624257088,CDP_NEG,135,77251,664.2408629999991,64,64,800,80,80,195,EARLY_STOPPING,False,0,2048,deterministic_evenly_spaced_full_fold,3.652750015258789,5.9806626215577126,768,744,96.875,CDP,1.4666426917497317,20,0.99,1.4666426917497317
TRIAL_0010_CDP_NEG,10,ec23e801c9c0bf7212fafd5c3edc8557d733607943c8d104715952d93e27f7b6,FO_ONLY,COMPLETE,4,126,27061,2784,2cf8e61e68345fca034455d14ca0a91ba8af3af3a30bcfad11a389cf00a64d26,e85c7d3201b31d98e24a7a8ea73439fb69c13286f849eaf6812d38684b5bedb5,45004,569.3040870000041,0.14590787887573242,0.16015625,14269c18e6a56f09985dea654338c0b32f5e417a5600e334e252b0c1bbf8bd28,True,True,True,1,0.7547987629039946,0.8718385456898516,0.45283829952715116,0.027358315458901203,0.4950890444546339,-0.016156812221082475,0.8718454202324862,0.8694025788283913,0.783047877555169,0.43646740522823774,0.0,0.17074893414974213,0.0,-8.532876968383789,100.0,0.0,0.0,-0.29975396394729614,-0.2267160415649414,-0.8351256251335144,-0.07954452931880951,-0.18185478448867798,-0.13754414021968842,-0.5066542029380798,-0.04825809597969055,56.494140625,43.505859375,0.0,-0.01003509946167469,CDP_NEG,85,77251,569.3035941999988,64,64,800,80,80,145,EARLY_STOPPING,False,0,2048,deterministic_evenly_spaced_full_fold,3.65000057220459,6.01635006070137,768,747,97.265625,CDP,1.460840537792371,20,0.99,1.460840537792371
TRIAL_0010_CDP_NEG,10,ec23e801c9c0bf7212fafd5c3edc8557d733607943c8d104715952d93e27f7b6,FO_ONLY,COMPLETE,0,168,25813,4032,81354305b7b8066000bae764cd84c6a44c1e035572eb00baa18e30401895a2a4,6d4d4bf8c14384a72deec9ae950f7dbc99365946e460adffb80cf5c9ed8ff111,45004,815.2077317000003,0.1568775177001953,0.1796875,14269c18e6a56f09985dea654338c0b32f5e417a5600e334e252b0c1bbf8bd28,True,True,True,1,0.8627061496932069,0.5745283892256718,0.37369309328364797,0.025530629682598397,0.37048589615888167,-0.0003152403668435808,0.5745995620650375,0.9288443022642493,0.8564831176580943,0.292927385672039,0.0,0.13330784440040588,1.1159583124253913e-07,-15.000044822692871,99.951171875,0.048828125,0.0,-0.22097687423229218,-0.17058038711547852,-0.5864899754524231,-0.058285605162382126,-0.13256153464317322,-0.10232925415039062,-0.35182875394821167,-0.03496487811207771,59.9609375,40.0390625,0.0,-0.012681329622864723,CDP_NEG,170,77251,815.207233699999,64,64,800,80,80,230,EARLY_STOPPING,False,0,2048,deterministic_evenly_spaced_full_fold,3.6649999618530273,6.109466117620462,768,750,97.65625,CDP,1.4710406730757069,20,0.99,1.4710406730757069
TRIAL_0010_CDP_NEG,10,ec23e801c9c0bf7212fafd5c3edc8557d733607943c8d104715952d93e27f7b6,FO_ONLY,COMPLETE,1,168,27493,2352,db92a7db6dfa639d2026ff19c5b1159be2b53d1e09d9e6a72b1b767a05c21400,2ea764e1783688df4d4bc4d6bc4b7c6a52ae545bfb933c403a7aa96e5d21a797,45004,561.3117588000023,0.14055776596069336,0.16796875,14269c18e6a56f09985dea654338c0b32f5e417a5600e334e252b0c1bbf8bd28,True,True,True,1,0.7104251712943723,0.9906279009975393,0.4907798251393726,0.027182911743279414,0.5380071655247799,-0.11175348196451103,0.9845135350911831,0.8454767634406988,0.692135303259011,0.5849441953836244,0.0,0.19750133156776428,0.0,-11.45805835723877,100.0,0.0,0.0,-0.20958763360977173,-0.1449119746685028,-0.5707007050514221,-0.05807972326874733,-0.12743349373340607,-0.08810940384864807,-0.34699752926826477,-0.03531363978981972,56.0546875,43.9453125,0.0,-0.009085314348340034,CDP_NEG,120,77251,561.311245799996,64,64,800,80,80,180,EARLY_STOPPING,False,0,2048,deterministic_evenly_spaced_full_fold,3.6464000701904276,5.997169941663727,768,746,97.13541666666667,CDP,1.4510426770894138,20,0.99,1.4510426770894138
TRIAL_0010_CDP_NEG,10,ec23e801c9c0bf7212fafd5c3edc8557d733607943c8d104715952d93e27f7b6,FO_ONLY,COMPLETE,2,168,26989,2856,424f72a3df11b24bdd551a74968aa5efe8f47b52221df203d3bd3ed6f8a96c5a,f1c78e2ff146b5069b0310a8b0222fe8d495ed8d7dbf78dc149a7df8702a8f3a,45004,595.7301041000028,0.14719915390014648,0.16015625,14269c18e6a56f09985dea654338c0b32f5e417a5600e334e252b0c1bbf8bd28,True,True,True,1,0.7706262981252439,0.8193808916702352,0.46064240898916115,0.04282336806630052,0.47884589269819544,-0.1104041276583109,0.812051024252859,0.8803905224752553,0.759918457035729,0.4031421076475848,0.0,0.18558083474636078,0.0,-12.570428848266602,100.0,0.0,0.0,-0.26177865266799927,-0.20548152923583984,-0.662949800491333,-0.05669321492314339,-0.15931029617786407,-0.1250496208667755,-0.40345048904418945,-0.03450171649456024,54.1015625,45.8984375,0.0,-0.003790068905800581,CDP_NEG,135,77251,595.729602200001,64,64,800,80,80,195,EARLY_STOPPING,False,0,2048,deterministic_evenly_spaced_full_fold,3.663600349426268,6.020027899742124,768,752,97.91666666666667,CDP,1.4524627365104603,20,0.99,1.4524627365104603
TRIAL_0010_CDP_NEG,10,ec23e801c9c0bf7212fafd5c3edc8557d733607943c8d104715952d93e27f7b6,FO_ONLY,COMPLETE,3,168,26466,3379,ad1e190147cfc7079fe69ab58be273b0089b28a9cb71d4377b9a01145e874910,b3de2bff6a2b887166deba8883b54b43de7150168fdd2094f9852f380bd9133e,45004,577.8181774999975,0.1525864601135254,0.16015625,14269c18e6a56f09985dea654338c0b32f5e417a5600e334e252b0c1bbf8bd28,True,True,True,1,0.7418079808679224,1.078569596749529,0.47459794728016286,0.033008398553963474,0.5080507930847048,0.0017392167915547662,1.078727828646036,0.8615262159880699,0.7245972891069651,0.6077178507659002,0.0,0.20138490200042725,0.0,-12.266637802124023,100.0,0.0,0.0,-0.27691805362701416,-0.1737121343612671,-0.8000633716583252,-0.06786248832941055,-0.16913050413131714,-0.10609643906354904,-0.4886467754840851,-0.04144769906997681,56.201171875,43.798828125,0.0,-0.007632480002939701,CDP_NEG,135,77251,577.8176495000007,64,64,800,80,80,195,EARLY_STOPPING,False,0,2048,deterministic_evenly_spaced_full_fold,3.652750015258789,5.9806626215577126,768,738,96.09375,CDP,1.4666426917497317,20,0.99,1.4666426917497317
TRIAL_0010_CDP_NEG,10,ec23e801c9c0bf7212fafd5c3edc8557d733607943c8d104715952d93e27f7b6,FO_ONLY,COMPLETE,4,168,27061,2784,2cf8e61e68345fca034455d14ca0a91ba8af3af3a30bcfad11a389cf00a64d26,e85c7d3201b31d98e24a7a8ea73439fb69c13286f849eaf6812d38684b5bedb5,45004,426.18503999999666,0.14590787887573242,0.16015625,14269c18e6a56f09985dea654338c0b32f5e417a5600e334e252b0c1bbf8bd28,True,True,True,1,0.7468324350904174,0.8858878998997097,0.46105273157750737,0.027799184546838815,0.5030672204430098,0.03267216840744702,0.8854442466532984,0.8663526108136562,0.8010095240394884,0.44782325080535174,0.0,0.17454150319099426,0.0,-8.091769218444824,100.0,0.0,0.0,-0.2667354941368103,-0.18099310994148254,-0.7852316498756409,-0.05391538888216019,-0.16182313859462738,-0.10980492830276489,-0.4763844907283783,-0.03270939737558365,58.349609375,41.650390625,0.0,-0.008310561999678612,CDP_NEG,80,77251,426.18455930000346,64,64,800,80,80,140,EARLY_STOPPING,False,0,2048,deterministic_evenly_spaced_full_fold,3.65000057220459,6.01635006070137,768,741,96.484375,CDP,1.460840537792371,20,0.99,1.460840537792371
TRIAL_0059_CDP_NEG,59,d875789f6411c7026763139eaec53d0e67191a6fa66db4115d3a7dc99ec8b4f0,FO_ONLY,COMPLETE,0,21,25813,4032,81354305b7b8066000bae764cd84c6a44c1e035572eb00baa18e30401895a2a4,6d4d4bf8c14384a72deec9ae950f7dbc99365946e460adffb80cf5c9ed8ff111,26648,441.9969543000043,0.0641698837280273,0.080078125,14269c18e6a56f09985dea654338c0b32f5e417a5600e334e252b0c1bbf8bd28,True,True,True,1,0.848626214724546,0.6032693857064051,0.3878055183942908,0.0268078089336488,0.3890195909898975,0.0289954216664588,0.6026469053055158,0.9219644330281068,0.8797867046813368,0.2746227083577287,0.0,0.1432506144046783,9.364774768982898e-07,-6.709012985229492,99.169921875,0.830078125,0.0,-0.2153466939926147,-0.1741545498371124,-0.5677215456962585,-0.0262879785150289,-0.1291840672492981,-0.1044733524322509,-0.3405697643756866,-0.0157698635011911,58.3984375,41.6015625,0.0,-0.0128746228292584,CDP_NEG,65,61699,441.9964926999819,128,128,600,300,300,300,EARLY_STOPPING,False,0,2048,deterministic_evenly_spaced_full_fold,3.6649999618530273,6.109466117620462,192,187,97.39583333333331,CDP,1.4710406730757069,20,0.99,1.4710406730757069
TRIAL_0059_CDP_NEG,59,d875789f6411c7026763139eaec53d0e67191a6fa66db4115d3a7dc99ec8b4f0,FO_ONLY,COMPLETE,1,21,27493,2352,db92a7db6dfa639d2026ff19c5b1159be2b53d1e09d9e6a72b1b767a05c21400,2ea764e1783688df4d4bc4d6bc4b7c6a52ae545bfb933c403a7aa96e5d21a797,26648,470.0793419000111,0.056889533996582,0.060546875,14269c18e6a56f09985dea654338c0b32f5e417a5600e334e252b0c1bbf8bd28,True,True,True,1,0.7207921851072976,0.9727336427702804,0.4764071614402315,0.0266918918137849,0.5282888453176451,-0.0811894324522617,0.9695456067885048,0.8502645275086276,0.7353442813436111,0.5177263459292192,0.0,0.1913910657167434,1.8039581846096555e-06,-8.03893756866455,97.4609375,2.5390625,0.0,-0.2069754600524902,-0.1644194424152374,-0.5019137263298035,-0.0129108037799596,-0.1258452385663986,-0.0999703258275985,-0.3051736354827881,-0.0078500285744667,51.26953125,48.73046875,0.0,-0.0019081188365817,CDP_NEG,80,61699,470.07776320000994,128,128,600,300,300,300,EARLY_STOPPING,False,0,2048,deterministic_evenly_spaced_full_fold,3.646400070190428,5.997169941663727,192,188,97.91666666666669,CDP,1.4510426770894138,20,0.99,1.4510426770894138
TRIAL_0059_CDP_NEG,59,d875789f6411c7026763139eaec53d0e67191a6fa66db4115d3a7dc99ec8b4f0,FO_ONLY,COMPLETE,2,21,26989,2856,424f72a3df11b24bdd551a74968aa5efe8f47b52221df203d3bd3ed6f8a96c5a,f1c78e2ff146b5069b0310a8b0222fe8d495ed8d7dbf78dc149a7df8702a8f3a,26648,428.22651760000736,0.059816837310791,0.080078125,14269c18e6a56f09985dea654338c0b32f5e417a5600e334e252b0c1bbf8bd28,True,True,True,1,0.7700847927122021,0.8203475186679369,0.4501603720344457,0.0428738869692017,0.4794107891612764,-0.0822257048499976,0.8163591936166184,0.8801585618893673,0.8167469289260579,0.3097616324367837,0.0,0.1847148239612579,0.0,-17.586162567138672,100.0,0.0,0.0,-0.2352859824895858,-0.2053266763687133,-0.5250880122184753,-0.0517386347055435,-0.1431876718997955,-0.124955378472805,-0.3195521235466003,-0.0314865112304687,60.44921875,39.55078125,0.0,-0.0115106292068958,CDP_NEG,200,61699,428.2261063999904,128,128,600,300,300,300,EARLY_STOPPING,False,0,2048,deterministic_evenly_spaced_full_fold,3.663600349426268,6.020027899742124,192,186,96.875,CDP,1.4524627365104603,20,0.99,1.4524627365104603
TRIAL_0059_CDP_NEG,59,d875789f6411c7026763139eaec53d0e67191a6fa66db4115d3a7dc99ec8b4f0,FO_ONLY,COMPLETE,3,21,26466,3379,ad1e190147cfc7079fe69ab58be273b0089b28a9cb71d4377b9a01145e874910,b3de2bff6a2b887166deba8883b54b43de7150168fdd2094f9852f380bd9133e,26648,374.0958448999736,0.0627632141113281,0.080078125,14269c18e6a56f09985dea654338c0b32f5e417a5600e334e252b0c1bbf8bd28,True,True,True,1,0.750965270301601,1.0592701289831008,0.4547508468256416,0.0324177602438966,0.4989599472696586,-0.0061517987100659,1.0594090405866556,0.8665903909327928,0.7529618470890624,0.537415263339146,0.0,0.1981444954872131,0.0,-23.364978790283203,100.0,0.0,0.0,-0.1736764311790466,-0.1393386423587799,-0.4298095405101776,-0.043578203767538,-0.1060746312141418,-0.0851024836301803,-0.2625105082988739,-0.0266158264130353,56.787109375,43.212890625,0.0,-0.0106863938271999,CDP_NEG,280,61699,374.09541270000045,128,128,600,300,300,340,EARLY_STOPPING,False,0,2048,deterministic_evenly_spaced_full_fold,3.652750015258789,5.9806626215577126,192,189,98.4375,CDP,1.4666426917497315,20,0.99,1.4666426917497315
TRIAL_0059_CDP_NEG,59,d875789f6411c7026763139eaec53d0e67191a6fa66db4115d3a7dc99ec8b4f0,FO_ONLY,COMPLETE,4,21,27061,2784,2cf8e61e68345fca034455d14ca0a91ba8af3af3a30bcfad11a389cf00a64d26,e85c7d3201b31d98e24a7a8ea73439fb69c13286f849eaf6812d38684b5bedb5,26648,336.5516917999776,0.0597434043884277,0.080078125,14269c18e6a56f09985dea654338c0b32f5e417a5600e334e252b0c1bbf8bd28,True,True,True,1,0.7447278638008042,0.8895624534770746,0.4681059821314716,0.0279144921303784,0.5051538811308273,0.021757726117441,0.88945608717599,0.8663460926615851,0.815819508205433,0.4060109430415827,0.0,0.1807927191257476,0.0,-13.722055435180664,100.0,0.0,0.0,-0.2463871836662292,-0.2027626484632492,-0.6144950985908508,-0.0464483648538589,-0.1494782418012619,-0.1230120882391929,-0.3728020191192627,-0.0281793046742677,52.1484375,47.8515625,0.0,-0.0030114469118416,CDP_NEG,150,61699,336.5512746000022,128,128,600,300,300,300,EARLY_STOPPING,False,0,2048,deterministic_evenly_spaced_full_fold,3.65000057220459,6.01635006070137,192,187,97.39583333333331,CDP,1.460840537792371,20,0.99,1.460840537792371
TRIAL_0059_CDP_NEG,59,d875789f6411c7026763139eaec53d0e67191a6fa66db4115d3a7dc99ec8b4f0,FO_ONLY,COMPLETE,0,42,25813,4032,81354305b7b8066000bae764cd84c6a44c1e035572eb00baa18e30401895a2a4,6d4d4bf8c14384a72deec9ae950f7dbc99365946e460adffb80cf5c9ed8ff111,26648,398.23658360002446,0.0641698837280273,0.080078125,14269c18e6a56f09985dea654338c0b32f5e417a5600e334e252b0c1bbf8bd28,True,True,True,1,0.8494275606513984,0.6016704663227329,0.3871289067858939,0.0267367568856693,0.3879885243065888,0.0052860194020525,0.6017218684361993,0.9221396989278992,0.878043314227279,0.2544755099721742,0.0,0.1413698643445968,2.9246257327031344e-07,-7.51901912689209,99.70703125,0.29296875,0.0,-0.290585994720459,-0.2340767085552215,-0.7678754329681396,-0.0447295643389225,-0.174319252371788,-0.140419989824295,-0.4606398344039917,-0.0268327631056308,53.90625,46.09375,0.0,-0.0051275854930281,CDP_NEG,75,61699,398.2361746999959,128,128,600,300,300,300,EARLY_STOPPING,False,0,2048,deterministic_evenly_spaced_full_fold,3.6649999618530273,6.109466117620462,192,188,97.91666666666669,CDP,1.4710406730757069,20,0.99,1.4710406730757069
TRIAL_0059_CDP_NEG,59,d875789f6411c7026763139eaec53d0e67191a6fa66db4115d3a7dc99ec8b4f0,FO_ONLY,COMPLETE,1,42,27493,2352,db92a7db6dfa639d2026ff19c5b1159be2b53d1e09d9e6a72b1b767a05c21400,2ea764e1783688df4d4bc4d6bc4b7c6a52ae545bfb933c403a7aa96e5d21a797,26648,466.15245900000446,0.0568890571594238,0.05859375,14269c18e6a56f09985dea654338c0b32f5e417a5600e334e252b0c1bbf8bd28,True,True,True,1,0.7229152940822732,0.969028229775296,0.4704806009944224,0.0265902149739608,0.5262764461710808,-0.0636722431787397,0.9671397222235842,0.851911198267117,0.7602639892314114,0.478850246886767,0.0,0.1859752833843231,0.0,-13.858406066894531,100.0,0.0,0.0,-0.3195623755455017,-0.2454843968153,-0.8460613489151001,-0.0748231112957,-0.1943003535270691,-0.1492594480514526,-0.5144222974777222,-0.0454939603805542,44.677734375,55.322265625,0.0,0.0074897934682667,CDP_NEG,150,61699,466.1520380000002,128,128,600,300,300,300,EARLY_STOPPING,False,0,2048,deterministic_evenly_spaced_full_fold,3.646400070190428,5.997169941663727,192,181,94.27083333333331,CDP,1.4510426770894138,20,0.99,1.4510426770894138
TRIAL_0059_CDP_NEG,59,d875789f6411c7026763139eaec53d0e67191a6fa66db4115d3a7dc99ec8b4f0,FO_ONLY,COMPLETE,2,42,26989,2856,424f72a3df11b24bdd551a74968aa5efe8f47b52221df203d3bd3ed6f8a96c5a,f1c78e2ff146b5069b0310a8b0222fe8d495ed8d7dbf78dc149a7df8702a8f3a,26648,460.1659255000122,0.0598163604736328,0.080078125,14269c18e6a56f09985dea654338c0b32f5e417a5600e334e252b0c1bbf8bd28,True,True,True,1,0.7715118931934828,0.8177975771129447,0.4573876562264828,0.0427406191729093,0.4779206042513751,-0.0721784080000443,0.8147487851944263,0.8804611555128923,0.8137926278939297,0.3261283245816754,0.0,0.1874959021806717,0.0,-17.170682907104492,100.0,0.0,0.0,-0.294186532497406,-0.2554927766323089,-0.6673770546913147,-0.0652820467948913,-0.1790326982736587,-0.1554848998785019,-0.4061447381973266,-0.039728607982397,53.41796875,46.58203125,0.0,-0.0041948468424379,CDP_NEG,195,61699,460.1655057000171,128,128,600,300,300,300,EARLY_STOPPING,False,0,2048,deterministic_evenly_spaced_full_fold,3.663600349426268,6.020027899742124,192,183,95.3125,CDP,1.4524627365104603,20,0.99,1.4524627365104603
TRIAL_0059_CDP_NEG,59,d875789f6411c7026763139eaec53d0e67191a6fa66db4115d3a7dc99ec8b4f0,FO_ONLY,COMPLETE,3,42,26466,3379,ad1e190147cfc7079fe69ab58be273b0089b28a9cb71d4377b9a01145e874910,b3de2bff6a2b887166deba8883b54b43de7150168fdd2094f9852f380bd9133e,26648,574.9042769999942,0.0627632141113281,0.080078125,14269c18e6a56f09985dea654338c0b32f5e417a5600e334e252b0c1bbf8bd28,True,True,True,1,0.7515348928637275,1.0580579896277007,0.4583885430801032,0.0323806640944533,0.49838897960777,-0.003693106654448,1.058208141871915,0.8670156946426306,0.7401392087084815,0.5680880745100594,0.0,0.1936457157135009,0.0,-26.778675079345703,100.0,0.0,0.0,-0.1820296198129654,-0.1485819369554519,-0.4591794908046722,-0.0391277857124805,-0.111176423728466,-0.0907479226589202,-0.2804485261440277,-0.0238976906985044,57.177734375,42.7734375,0.048828125,-0.0132315549999475,CDP_NEG,325,61699,574.9038130999834,128,128,600,300,300,385,EARLY_STOPPING,False,0,2048,deterministic_evenly_spaced_full_fold,3.652750015258789,5.9806626215577126,192,189,98.4375,CDP,1.4666426917497315,20,0.99,1.4666426917497315
TRIAL_0059_CDP_NEG,59,d875789f6411c7026763139eaec53d0e67191a6fa66db4115d3a7dc99ec8b4f0,FO_ONLY,COMPLETE,4,42,27061,2784,2cf8e61e68345fca034455d14ca0a91ba8af3af3a30bcfad11a389cf00a64d26,e85c7d3201b31d98e24a7a8ea73439fb69c13286f849eaf6812d38684b5bedb5,26648,443.9632685999968,0.0597434043884277,0.080078125,14269c18e6a56f09985dea654338c0b32f5e417a5600e334e252b0c1bbf8bd28,True,True,True,1,0.7469534796044539,0.8856760941518704,0.4632015388189924,0.0277925380771523,0.5029469427771207,-0.000536700176624,0.8858350397633795,0.8651091919929211,0.7814735561088721,0.4553720023683651,0.0,0.1804491430521011,0.0,-9.663342475891112,100.0,0.0,0.0,-0.3031503558158874,-0.2466989755630493,-0.7385238409042358,-0.0566720105707645,-0.1839153170585632,-0.1496673822402954,-0.448047786951065,-0.0343817882239818,56.591796875,43.408203125,0.0,-0.0079298261553049,CDP_NEG,100,61699,443.9628121999849,128,128,600,300,300,300,EARLY_STOPPING,False,0,2048,deterministic_evenly_spaced_full_fold,3.65000057220459,6.01635006070137,192,190,98.95833333333331,CDP,1.460840537792371,20,0.99,1.460840537792371
TRIAL_0059_CDP_NEG,59,d875789f6411c7026763139eaec53d0e67191a6fa66db4115d3a7dc99ec8b4f0,FO_ONLY,COMPLETE,0,84,25813,4032,81354305b7b8066000bae764cd84c6a44c1e035572eb00baa18e30401895a2a4,6d4d4bf8c14384a72deec9ae950f7dbc99365946e460adffb80cf5c9ed8ff111,26648,371.29502959997626,0.0641698837280273,0.080078125,14269c18e6a56f09985dea654338c0b32f5e417a5600e334e252b0c1bbf8bd28,True,True,True,1,0.8502034871309532,0.6001182066717202,0.3878255751133399,0.0266677782815403,0.3869875462545699,-0.0189511710894525,0.5998932980570783,0.9223096030401062,0.8666865930985046,0.2534430788974693,0.0,0.143822357058525,0.0,-18.316707611083984,100.0,0.0,0.0,-0.191930890083313,-0.1551323235034942,-0.4651359617710113,-0.0434577725827693,-0.1151371821761131,-0.0930621325969696,-0.2790298163890838,-0.0260698292404413,63.330078125,36.669921875,0.0,-0.0169562455266714,CDP_NEG,215,61699,371.29461569999694,128,128,600,300,300,300,EARLY_STOPPING,False,0,2048,deterministic_evenly_spaced_full_fold,3.6649999618530273,6.109466117620462,192,189,98.4375,CDP,1.4710406730757069,20,0.99,1.4710406730757069
TRIAL_0059_CDP_NEG,59,d875789f6411c7026763139eaec53d0e67191a6fa66db4115d3a7dc99ec8b4f0,FO_ONLY,COMPLETE,1,84,27493,2352,db92a7db6dfa639d2026ff19c5b1159be2b53d1e09d9e6a72b1b767a05c21400,2ea764e1783688df4d4bc4d6bc4b7c6a52ae545bfb933c403a7aa96e5d21a797,26648,319.7081287000037,0.0568890571594238,0.060546875,14269c18e6a56f09985dea654338c0b32f5e417a5600e334e252b0c1bbf8bd28,True,True,True,1,0.7211807292750356,0.972056581557486,0.4739028327182873,0.026673313197966,0.5279211353191526,-0.0951253487427598,0.967596624825082,0.8508209215455617,0.7181645607628058,0.5426681299818914,0.0,0.1873470246791839,0.0,-13.03248405456543,100.0,0.0,0.0,-0.2318918406963348,-0.1783811599016189,-0.5831493139266968,-0.0418893992900848,-0.140994906425476,-0.1084593385457992,-0.3545665144920349,-0.025469597429037,51.66015625,48.33984375,0.0,-0.0024138856679201,CDP_NEG,140,61699,319.70772529998794,128,128,600,300,300,300,EARLY_STOPPING,False,0,2048,deterministic_evenly_spaced_full_fold,3.646400070190428,5.997169941663727,192,184,95.83333333333331,CDP,1.4510426770894138,20,0.99,1.4510426770894138
TRIAL_0059_CDP_NEG,59,d875789f6411c7026763139eaec53d0e67191a6fa66db4115d3a7dc99ec8b4f0,FO_ONLY,COMPLETE,2,84,26989,2856,424f72a3df11b24bdd551a74968aa5efe8f47b52221df203d3bd3ed6f8a96c5a,f1c78e2ff146b5069b0310a8b0222fe8d495ed8d7dbf78dc149a7df8702a8f3a,26648,319.47847129998263,0.0598163604736328,0.080078125,14269c18e6a56f09985dea654338c0b32f5e417a5600e334e252b0c1bbf8bd28,True,True,True,1,0.771491241823988,0.8178345336499392,0.463069106833044,0.0427425506353125,0.477942201638046,-0.0047266865410015,0.8179640880922996,0.8811533543948304,0.8383153015686078,0.3411248402394948,0.0,0.1901762187480926,0.0,-16.37775993347168,100.0,0.0,0.0,-0.2400124371051788,-0.2005970478057861,-0.6104597449302673,-0.039251159876585,-0.1460640430450439,-0.1220770850777626,-0.3715066909790039,-0.0238870270550251,59.423828125,40.576171875,0.0,-0.0124490624293684,CDP_NEG,185,61699,319.4781166999892,128,128,600,300,300,300,EARLY_STOPPING,False,0,2048,deterministic_evenly_spaced_full_fold,3.663600349426268,6.020027899742124,192,182,94.79166666666669,CDP,1.4524627365104603,20,0.99,1.4524627365104603
TRIAL_0059_CDP_NEG,59,d875789f6411c7026763139eaec53d0e67191a6fa66db4115d3a7dc99ec8b4f0,FO_ONLY,COMPLETE,3,84,26466,3379,ad1e190147cfc7079fe69ab58be273b0089b28a9cb71d4377b9a01145e874910,b3de2bff6a2b887166deba8883b54b43de7150168fdd2094f9852f380bd9133e,26648,361.61661090000416,0.0627627372741699,0.08203125,14269c18e6a56f09985dea654338c0b32f5e417a5600e334e252b0c1bbf8bd28,True,True,True,1,0.7527030330581186,1.055567868985767,0.4575145547760045,0.0323044567779815,0.497216030017105,-0.0188111564147489,1.0555564450951451,0.8676515905953617,0.7474910233365123,0.5367935587626211,0.0,0.1966794580221176,0.0,-24.0771541595459,100.0,0.0,0.0,-0.1511225700378418,-0.1121313273906707,-0.3915429711341858,-0.0310178566724061,-0.0922996252775192,-0.0684853345155716,-0.2391388118267059,-0.0189444683492183,62.5,37.5,0.0,-0.0176462698727846,CDP_NEG,290,61699,361.6162307999912,128,128,600,300,300,350,EARLY_STOPPING,False,0,2048,deterministic_evenly_spaced_full_fold,3.652750015258789,5.9806626215577126,192,182,94.79166666666669,CDP,1.4666426917497315,20,0.99,1.4666426917497315
TRIAL_0059_CDP_NEG,59,d875789f6411c7026763139eaec53d0e67191a6fa66db4115d3a7dc99ec8b4f0,FO_ONLY,COMPLETE,4,84,27061,2784,2cf8e61e68345fca034455d14ca0a91ba8af3af3a30bcfad11a389cf00a64d26,e85c7d3201b31d98e24a7a8ea73439fb69c13286f849eaf6812d38684b5bedb5,26648,325.98061579998466,0.0597434043884277,0.080078125,14269c18e6a56f09985dea654338c0b32f5e417a5600e334e252b0c1bbf8bd28,True,True,True,1,0.7481577304461353,0.8835661102440164,0.4682239383318506,0.0277263267291342,0.5017487508390394,0.0038909760302373,0.8837162704872767,0.8661228845167804,0.7889633906612394,0.4441737401659266,0.0,0.1804152131080627,1.3973826262780875e-10,-11.294927597045898,99.951171875,0.048828125,0.0,-0.2541804015636444,-0.1913070976734161,-0.7102233171463013,-0.0474003963172435,-0.1542062163352966,-0.1160622388124466,-0.4308784306049347,-0.028756882995367,51.318359375,48.681640625,0.0,-0.0022788881324231,CDP_NEG,120,61699,325.980232300004,128,128,600,300,300,300,EARLY_STOPPING,False,0,2048,deterministic_evenly_spaced_full_fold,3.65000057220459,6.01635006070137,192,192,100.0,CDP,1.460840537792371,20,0.99,1.460840537792371
TRIAL_0059_CDP_NEG,59,d875789f6411c7026763139eaec53d0e67191a6fa66db4115d3a7dc99ec8b4f0,FO_ONLY,COMPLETE,0,126,25813,4032,81354305b7b8066000bae764cd84c6a44c1e035572eb00baa18e30401895a2a4,6d4d4bf8c14384a72deec9ae950f7dbc99365946e460adffb80cf5c9ed8ff111,26648,314.1527380000043,0.0641698837280273,0.080078125,14269c18e6a56f09985dea654338c0b32f5e417a5600e334e252b0c1bbf8bd28,True,True,True,1,0.8466247074319824,0.6072445883418613,0.3926533448378442,0.026984457169493,0.3915830091576143,0.0631697045906866,0.6040248886494698,0.922064811364212,0.8905963440885626,0.2867100632872646,0.0,0.1429542601108551,1.119156240747543e-05,-4.644691467285156,93.701171875,6.298828125,0.0,-0.2131399065256118,-0.1365292519330978,-0.7192195653915405,0.0059013692662119,-0.1278602331876754,-0.0819023624062538,-0.4314517378807068,0.0035401650238782,59.521484375,40.478515625,0.0,-0.0173460319638252,CDP_NEG,40,61699,314.1523773999943,128,128,600,300,300,300,EARLY_STOPPING,False,0,2048,deterministic_evenly_spaced_full_fold,3.6649999618530273,6.109466117620462,192,191,99.47916666666669,CDP,1.4710406730757069,20,0.99,1.4710406730757069
TRIAL_0059_CDP_NEG,59,d875789f6411c7026763139eaec53d0e67191a6fa66db4115d3a7dc99ec8b4f0,FO_ONLY,COMPLETE,1,126,27493,2352,db92a7db6dfa639d2026ff19c5b1159be2b53d1e09d9e6a72b1b767a05c21400,2ea764e1783688df4d4bc4d6bc4b7c6a52ae545bfb933c403a7aa96e5d21a797,26648,400.1986941000214,0.0568890571594238,0.060546875,14269c18e6a56f09985dea654338c0b32f5e417a5600e334e252b0c1bbf8bd28,True,True,True,1,0.7242496460891881,0.9666921477138568,0.4737639458244983,0.0265261126884939,0.5250077267184563,-0.1022184691217658,0.9614770597613822,0.8528677546598079,0.7213176064890108,0.5284396684699976,0.0,0.1867778599262237,5.3127624966009535e-08,-8.907551765441895,99.8046875,0.1953125,0.0,-0.2837061882019043,-0.2371706068515777,-0.7574468851089478,-0.0421092808246612,-0.1724990904331207,-0.1442044973373413,-0.4605429470539093,-0.0256032887846231,42.28515625,57.71484375,0.0,0.0097298324108123,CDP_NEG,90,61699,400.1982950000093,128,128,600,300,300,300,EARLY_STOPPING,False,0,2048,deterministic_evenly_spaced_full_fold,3.646400070190428,5.997169941663727,192,182,94.79166666666669,CDP,1.4510426770894138,20,0.99,1.4510426770894138
TRIAL_0059_CDP_NEG,59,d875789f6411c7026763139eaec53d0e67191a6fa66db4115d3a7dc99ec8b4f0,FO_ONLY,COMPLETE,2,126,26989,2856,424f72a3df11b24bdd551a74968aa5efe8f47b52221df203d3bd3ed6f8a96c5a,f1c78e2ff146b5069b0310a8b0222fe8d495ed8d7dbf78dc149a7df8702a8f3a,26648,443.2594227999798,0.0598163604736328,0.080078125,14269c18e6a56f09985dea654338c0b32f5e417a5600e334e252b0c1bbf8bd28,True,True,True,1,0.7712620558792562,0.8182445599600168,0.4600690306928687,0.042763979872645,0.4781818208633352,-0.0352920478272463,0.8176262620171089,0.8793717481072422,0.8085473884161664,0.374234510126405,0.0,0.1897092759609222,0.0,-13.1782865524292,100.0,0.0,0.0,-0.3804451525211334,-0.3160244226455688,-0.9322247505187988,-0.0871847420930862,-0.2315270006656646,-0.192322552204132,-0.5673227906227112,-0.0530579015612602,52.34375,47.65625,0.0,-0.0031007640063762,CDP_NEG,145,61699,443.2589945000073,128,128,600,300,300,300,EARLY_STOPPING,False,0,2048,deterministic_evenly_spaced_full_fold,3.663600349426268,6.020027899742124,192,183,95.3125,CDP,1.4524627365104603,20,0.99,1.4524627365104603
TRIAL_0059_CDP_NEG,59,d875789f6411c7026763139eaec53d0e67191a6fa66db4115d3a7dc99ec8b4f0,FO_ONLY,COMPLETE,3,126,26466,3379,ad1e190147cfc7079fe69ab58be273b0089b28a9cb71d4377b9a01145e874910,b3de2bff6a2b887166deba8883b54b43de7150168fdd2094f9852f380bd9133e,26648,423.2893614000059,0.0627632141113281,0.080078125,14269c18e6a56f09985dea654338c0b32f5e417a5600e334e252b0c1bbf8bd28,True,True,True,1,0.7487795644613372,1.0639084278368067,0.4612261743725789,0.0325597101167995,0.5011447774542762,-0.0197470999104505,1.0638825873643454,0.8653705060519402,0.7488943557554157,0.5327698117392722,0.0,0.1964027434587478,3.454436381389314e-08,-16.75929832458496,99.951171875,0.048828125,0.0,-0.2797087430953979,-0.2329069226980209,-0.6630187034606934,-0.0766080617904663,-0.1708349287509918,-0.1422502547502517,-0.4049453735351562,-0.0467891469597816,57.6171875,42.3828125,0.0,-0.0096945464611053,CDP_NEG,210,61699,423.2888685000071,128,128,600,300,300,300,EARLY_STOPPING,False,0,2048,deterministic_evenly_spaced_full_fold,3.652750015258789,5.9806626215577126,192,188,97.91666666666669,CDP,1.4666426917497315,20,0.99,1.4666426917497315
TRIAL_0059_CDP_NEG,59,d875789f6411c7026763139eaec53d0e67191a6fa66db4115d3a7dc99ec8b4f0,FO_ONLY,COMPLETE,4,126,27061,2784,2cf8e61e68345fca034455d14ca0a91ba8af3af3a30bcfad11a389cf00a64d26,e85c7d3201b31d98e24a7a8ea73439fb69c13286f849eaf6812d38684b5bedb5,26648,469.5912726999959,0.0597434043884277,0.078125,14269c18e6a56f09985dea654338c0b32f5e417a5600e334e252b0c1bbf8bd28,True,True,True,1,0.7483289500238236,0.8832657048781175,0.4660126400521294,0.027716900001208,0.5015781603021938,0.0270345390216235,0.8830104792499273,0.8660014799615475,0.7822900453331298,0.4812398113718725,0.0,0.1809062659740448,0.0,-14.108630180358888,100.0,0.0,0.0,-0.2822114527225494,-0.2302546203136444,-0.6580564975738525,-0.0650782436132431,-0.1712121069431305,-0.1396909207105636,-0.3992298543453216,-0.0394816845655441,55.17578125,44.82421875,0.0,-0.0060808286070823,CDP_NEG,155,61699,469.59078900000895,128,128,600,300,300,300,EARLY_STOPPING,False,0,2048,deterministic_evenly_spaced_full_fold,3.65000057220459,6.01635006070137,192,185,96.35416666666669,CDP,1.460840537792371,20,0.99,1.460840537792371
TRIAL_0059_CDP_NEG,59,d875789f6411c7026763139eaec53d0e67191a6fa66db4115d3a7dc99ec8b4f0,FO_ONLY,COMPLETE,0,168,25813,4032,81354305b7b8066000bae764cd84c6a44c1e035572eb00baa18e30401895a2a4,6d4d4bf8c14384a72deec9ae950f7dbc99365946e460adffb80cf5c9ed8ff111,26648,444.3646519999893,0.0641698837280273,0.080078125,14269c18e6a56f09985dea654338c0b32f5e417a5600e334e252b0c1bbf8bd28,True,True,True,1,0.8543098898741402,0.5918354659363703,0.3826787807448122,0.0262997136385447,0.3816464026635219,-0.0318364378935444,0.5910518610058526,0.9256156711996067,0.8984982840899999,0.1755581852002848,0.0,0.1414034962654113,0.0,-9.506450653076172,100.0,0.0,0.0,-0.2699686586856842,-0.2076824009418487,-0.7399615049362183,-0.0430017225444316,-0.1619511395692825,-0.1245863288640976,-0.4438945949077606,-0.0257962495088577,54.150390625,45.849609375,0.0,-0.0079936981201171,CDP_NEG,100,61699,444.3642095999967,128,128,600,300,300,300,EARLY_STOPPING,False,0,2048,deterministic_evenly_spaced_full_fold,3.6649999618530273,6.109466117620462,192,189,98.4375,CDP,1.4710406730757069,20,0.99,1.4710406730757069
TRIAL_0059_CDP_NEG,59,d875789f6411c7026763139eaec53d0e67191a6fa66db4115d3a7dc99ec8b4f0,FO_ONLY,COMPLETE,1,168,27493,2352,db92a7db6dfa639d2026ff19c5b1159be2b53d1e09d9e6a72b1b767a05c21400,2ea764e1783688df4d4bc4d6bc4b7c6a52ae545bfb933c403a7aa96e5d21a797,26648,462.5750174999994,0.056889533996582,0.05859375,14269c18e6a56f09985dea654338c0b32f5e417a5600e334e252b0c1bbf8bd28,True,True,True,1,0.7229070567388578,0.9690426335998544,0.4805470732797799,0.026590610216101,0.5262842688467954,-0.0551646995614757,0.96767691422152,0.8513585234834053,0.7518184350931157,0.506470075914978,0.0,0.1895245313644409,0.0,-18.665302276611328,100.0,0.0,0.0,-0.2478699386119842,-0.1996279060840606,-0.5885041356086731,-0.054373100399971,-0.1507099121809005,-0.1213777884840965,-0.3578223586082458,-0.0330599397420883,48.779296875,51.220703125,0.0,0.0014811684377491,CDP_NEG,210,61699,462.5745938000037,128,128,600,300,300,300,EARLY_STOPPING,False,0,2048,deterministic_evenly_spaced_full_fold,3.646400070190428,5.997169941663727,192,186,96.875,CDP,1.4510426770894138,20,0.99,1.4510426770894138
TRIAL_0059_CDP_NEG,59,d875789f6411c7026763139eaec53d0e67191a6fa66db4115d3a7dc99ec8b4f0,FO_ONLY,COMPLETE,2,168,26989,2856,424f72a3df11b24bdd551a74968aa5efe8f47b52221df203d3bd3ed6f8a96c5a,f1c78e2ff146b5069b0310a8b0222fe8d495ed8d7dbf78dc149a7df8702a8f3a,26648,467.8914713000122,0.0598163604736328,0.078125,14269c18e6a56f09985dea654338c0b32f5e417a5600e334e252b0c1bbf8bd28,True,True,True,1,0.7728633896231785,0.8153753728482582,0.4562325027043454,0.0426140273206793,0.4765050689670986,-0.063402365650512,0.8130489519522099,0.8815621456753365,0.8247485957132635,0.3114690125999967,0.0,0.1882023364305496,0.0,-10.384836196899414,100.0,0.0,0.0,-0.3644977211952209,-0.3166333436965942,-0.8784539103507996,-0.0632018893957138,-0.221821904182434,-0.1926931142807006,-0.5345995426177979,-0.0384626910090446,55.76171875,44.23828125,0.0,-0.0059435800649225,CDP_NEG,110,61699,467.8910126000119,128,128,600,300,300,300,EARLY_STOPPING,False,0,2048,deterministic_evenly_spaced_full_fold,3.663600349426268,6.020027899742124,192,182,94.79166666666669,CDP,1.4524627365104603,20,0.99,1.4524627365104603
TRIAL_0059_CDP_NEG,59,d875789f6411c7026763139eaec53d0e67191a6fa66db4115d3a7dc99ec8b4f0,FO_ONLY,COMPLETE,3,168,26466,3379,ad1e190147cfc7079fe69ab58be273b0089b28a9cb71d4377b9a01145e874910,b3de2bff6a2b887166deba8883b54b43de7150168fdd2094f9852f380bd9133e,26648,554.538074400014,0.0627632141113281,0.080078125,14269c18e6a56f09985dea654338c0b32f5e417a5600e334e252b0c1bbf8bd28,True,True,True,1,0.7511968049670472,1.0587775977053953,0.4621154783538666,0.032402686883064,0.4987279447108886,-0.0324901111024009,1.0584356086776832,0.8668980979460734,0.7436996461324755,0.5314569096809445,0.0,0.1982210129499435,0.0,-25.96516799926757,100.0,0.0,0.0,-0.1713903397321701,-0.1388479173183441,-0.4259630739688873,-0.0377333797514438,-0.1046783775091171,-0.0848027691245079,-0.2601612508296966,-0.0230460446327924,63.4765625,36.5234375,0.0,-0.0207259804010391,CDP_NEG,315,61699,554.5376430999895,128,128,600,300,300,375,EARLY_STOPPING,False,0,2048,deterministic_evenly_spaced_full_fold,3.652750015258789,5.9806626215577126,192,190,98.95833333333331,CDP,1.4666426917497315,20,0.99,1.4666426917497315
TRIAL_0059_CDP_NEG,59,d875789f6411c7026763139eaec53d0e67191a6fa66db4115d3a7dc99ec8b4f0,FO_ONLY,COMPLETE,4,168,27061,2784,2cf8e61e68345fca034455d14ca0a91ba8af3af3a30bcfad11a389cf00a64d26,e85c7d3201b31d98e24a7a8ea73439fb69c13286f849eaf6812d38684b5bedb5,26648,376.2562610000023,0.0597434043884277,0.080078125,14269c18e6a56f09985dea654338c0b32f5e417a5600e334e252b0c1bbf8bd28,True,True,True,1,0.7490675616491753,0.8819686353795831,0.4595647436051396,0.0276761979277697,0.5008415962883688,0.039822069798379,0.8812274473616225,0.8676287696087859,0.8018644582009011,0.4531895148599932,0.0,0.1791418045759201,0.0,-11.705703735351562,100.0,0.0,0.0,-0.2852637767791748,-0.2401053756475448,-0.6846217513084412,-0.0506855100393295,-0.1730638891458511,-0.1456671804189682,-0.4153464734554291,-0.0307498946785926,50.9765625,49.0234375,0.0,-0.0014236150309443,CDP_NEG,125,61699,376.25581989999046,128,128,600,300,300,300,EARLY_STOPPING,False,0,2048,deterministic_evenly_spaced_full_fold,3.65000057220459,6.01635006070137,192,187,97.39583333333331,CDP,1.460840537792371,20,0.99,1.460840537792371
TRIAL_0065_CDP_NEG,65,f6c923879d905defa9eab146df6cff2fda51dce75d0983bcb05bf23b4df0be8f,FO_ONLY,COMPLETE,0,21,25813,4032,81354305b7b8066000bae764cd84c6a44c1e035572eb00baa18e30401895a2a4,6d4d4bf8c14384a72deec9ae950f7dbc99365946e460adffb80cf5c9ed8ff111,26648,46.40059869998368,0.0531187057495117,0.064453125,14269c18e6a56f09985dea654338c0b32f5e417a5600e334e252b0c1bbf8bd28,True,True,True,1,0.846224986360646,0.6080353627605876,0.406033970344796,0.0270195972412903,0.39209294178179,-0.0582703967946664,0.605311850904177,0.921274814053085,0.879441169562057,0.1880629087573312,0.0,0.1462769657373428,6.179667980177328e-05,-3.315342664718628,97.216796875,2.783203125,0.0,-0.2204715609550476,-0.1820546388626098,-0.5568457841873169,-0.0177370477467775,-0.1322584152221679,-0.1092125326395034,-0.3340454995632171,-0.0106402551755309,65.771484375,34.228515625,0.0,-0.0590647794306278,CDP_NEG,210,25795,46.39902230000007,1024,1024,800,0,75,270,EARLY_STOPPING,False,0,2048,deterministic_evenly_spaced_full_fold,3.6649999618530273,6.109466117620462,192,187,97.39583333333331,CDP,1.4710406730757069,20,0.99,1.4710406730757069
TRIAL_0065_CDP_NEG,65,f6c923879d905defa9eab146df6cff2fda51dce75d0983bcb05bf23b4df0be8f,FO_ONLY,COMPLETE,1,21,27493,2352,db92a7db6dfa639d2026ff19c5b1159be2b53d1e09d9e6a72b1b767a05c21400,2ea764e1783688df4d4bc4d6bc4b7c6a52ae545bfb933c403a7aa96e5d21a797,26648,34.86563010001555,0.0483808517456054,0.060546875,14269c18e6a56f09985dea654338c0b32f5e417a5600e334e252b0c1bbf8bd28,True,True,True,1,0.7117583303054236,0.9883449193186972,0.5073531825415359,0.0271202665367139,0.5367672847373097,-0.0361578984639043,0.987893325980487,0.8440579560935889,0.7268006145794929,0.5820921941588917,0.0,0.2014507949352264,2.688710264919792e-05,-2.394057273864746,95.947265625,4.052734375,0.0,-0.2290858626365661,-0.2069974839687347,-0.5356950163841248,-0.0112165426835417,-0.1392888128757476,-0.1258586347103119,-0.3257133364677429,-0.00681988382712,50.48828125,49.51171875,0.0,-0.0029362586792558,CDP_NEG,150,25795,34.86516489999485,1024,1024,800,0,75,210,EARLY_STOPPING,False,0,2048,deterministic_evenly_spaced_full_fold,3.646400070190428,5.997169941663727,192,188,97.91666666666669,CDP,1.4510426770894138,20,0.99,1.4510426770894138
TRIAL_0065_CDP_NEG,65,f6c923879d905defa9eab146df6cff2fda51dce75d0983bcb05bf23b4df0be8f,FO_ONLY,COMPLETE,2,21,26989,2856,424f72a3df11b24bdd551a74968aa5efe8f47b52221df203d3bd3ed6f8a96c5a,f1c78e2ff146b5069b0310a8b0222fe8d495ed8d7dbf78dc149a7df8702a8f3a,26648,33.46869509998942,0.0507807731628418,0.0625,14269c18e6a56f09985dea654338c0b32f5e417a5600e334e252b0c1bbf8bd28,True,True,True,1,0.7723887901719009,0.8162267872655993,0.4721485555031094,0.0426585248594203,0.477002635240455,-0.0816316781774246,0.8122767123868729,0.8806014016897573,0.8002634248461797,0.3456146855232728,0.0,0.1911956071853637,5.245814918453107e-06,-2.247375965118408,98.828125,1.171875,0.0,-0.2265266329050064,-0.1855594217777252,-0.4985072612762451,-0.0297450050711631,-0.1378570050001144,-0.1129256561398506,-0.3033758997917175,-0.0181018784642219,72.55859375,27.44140625,0.0,-0.070051833987236,CDP_NEG,135,25795,33.46831830000156,1024,1024,800,0,75,195,EARLY_STOPPING,False,0,2048,deterministic_evenly_spaced_full_fold,3.663600349426268,6.020027899742124,192,186,96.875,CDP,1.4524627365104603,20,0.99,1.4524627365104603
TRIAL_0065_CDP_NEG,65,f6c923879d905defa9eab146df6cff2fda51dce75d0983bcb05bf23b4df0be8f,FO_ONLY,COMPLETE,3,21,26466,3379,ad1e190147cfc7079fe69ab58be273b0089b28a9cb71d4377b9a01145e874910,b3de2bff6a2b887166deba8883b54b43de7150168fdd2094f9852f380bd9133e,26648,52.86161649998394,0.0528182983398437,0.064453125,14269c18e6a56f09985dea654338c0b32f5e417a5600e334e252b0c1bbf8bd28,True,True,True,1,0.7484103449739081,1.0646899556191392,0.485226942852036,0.0325836278877045,0.5015129092937313,-0.0330692401679198,1.0643337709348824,0.8656910880866509,0.7254303095262092,0.5710764685817993,0.0,0.2057566493749618,1.5869634808041155e-05,-3.672248601913452,99.267578125,0.732421875,0.0,-0.2535178661346435,-0.2063611447811126,-0.556763231754303,-0.0559529550373554,-0.1548385918140411,-0.1260371506214141,-0.3400487303733825,-0.0341738350689411,56.396484375,43.603515625,0.0,-0.0150739382952451,CDP_NEG,275,25795,52.86125539999921,1024,1024,800,0,75,335,EARLY_STOPPING,False,0,2048,deterministic_evenly_spaced_full_fold,3.652750015258789,5.9806626215577126,192,189,98.4375,CDP,1.4666426917497315,20,0.99,1.4666426917497315
TRIAL_0065_CDP_NEG,65,f6c923879d905defa9eab146df6cff2fda51dce75d0983bcb05bf23b4df0be8f,FO_ONLY,COMPLETE,4,21,27061,2784,2cf8e61e68345fca034455d14ca0a91ba8af3af3a30bcfad11a389cf00a64d26,e85c7d3201b31d98e24a7a8ea73439fb69c13286f849eaf6812d38684b5bedb5,26648,40.76268880002317,0.0506463050842285,0.060546875,14269c18e6a56f09985dea654338c0b32f5e417a5600e334e252b0c1bbf8bd28,True,True,True,1,0.7558651915779542,0.8699405806547877,0.4543171624116376,0.0272987572684358,0.4940112512092406,-0.0319078205400979,0.8695113999074786,0.869626280121957,0.7497280178998591,0.4902311600378525,0.0,0.1789061874151229,4.316506419854704e-06,-2.9260385036468506,97.75390625,2.24609375,0.0,-0.2470180839300155,-0.2308522462844848,-0.4933522045612335,-0.0267346017062664,-0.1498609781265258,-0.1400534957647323,-0.2993070185184479,-0.0162193551659584,56.982421875,43.017578125,0.0,-0.0266492627561092,CDP_NEG,185,25795,40.76230619999114,1024,1024,800,0,75,245,EARLY_STOPPING,False,0,2048,deterministic_evenly_spaced_full_fold,3.65000057220459,6.01635006070137,192,187,97.39583333333331,CDP,1.460840537792371,20,0.99,1.460840537792371
TRIAL_0065_CDP_NEG,65,f6c923879d905defa9eab146df6cff2fda51dce75d0983bcb05bf23b4df0be8f,FO_ONLY,COMPLETE,0,42,25813,4032,81354305b7b8066000bae764cd84c6a44c1e035572eb00baa18e30401895a2a4,6d4d4bf8c14384a72deec9ae950f7dbc99365946e460adffb80cf5c9ed8ff111,26648,24.77287419998902,0.0531187057495117,0.064453125,14269c18e6a56f09985dea654338c0b32f5e417a5600e334e252b0c1bbf8bd28,True,True,True,1,0.8494243724810019,0.6016768360734773,0.3943606551457335,0.0267370399417383,0.3879926318543743,-0.0175101234812505,0.6014965854642783,0.921863844405316,0.8343784052852268,0.3208982266054243,0.0,0.1394424587488174,0.0001199996113427,-1.826189994812012,96.09375,3.90625,0.0,-0.3534227013587951,-0.2573553323745727,-0.9775316119194032,-0.0121325515210628,-0.2120143175125122,-0.1543845683336258,-0.5864102244377136,-0.0072781811468303,68.505859375,31.494140625,0.0,-0.0455516315996646,CDP_NEG,100,25795,24.77251219999744,1024,1024,800,0,75,160,EARLY_STOPPING,False,0,2048,deterministic_evenly_spaced_full_fold,3.6649999618530273,6.109466117620462,192,188,97.91666666666669,CDP,1.4710406730757069,20,0.99,1.4710406730757069
TRIAL_0065_CDP_NEG,65,f6c923879d905defa9eab146df6cff2fda51dce75d0983bcb05bf23b4df0be8f,FO_ONLY,COMPLETE,1,42,27493,2352,db92a7db6dfa639d2026ff19c5b1159be2b53d1e09d9e6a72b1b767a05c21400,2ea764e1783688df4d4bc4d6bc4b7c6a52ae545bfb933c403a7aa96e5d21a797,26648,29.36787109999568,0.0483803749084472,0.0625,14269c18e6a56f09985dea654338c0b32f5e417a5600e334e252b0c1bbf8bd28,True,True,True,1,0.7177085678958482,0.9780904086171568,0.4998738304759395,0.0268388819127902,0.5311980894513463,-0.0241180628420924,0.9780009384563084,0.8489645519918161,0.7661473227163986,0.5050904460575144,0.0,0.1986483037471771,9.76347510004416e-05,-2.008323431015014,96.58203125,3.41796875,0.0,-0.3907987177371979,-0.3100832104682922,-0.9468740224838256,-0.023476792499423,-0.2376134842634201,-0.1885368376970291,-0.5757184624671936,-0.0142743624746799,49.072265625,50.927734375,0.0,0.0018558917799964,CDP_NEG,120,25795,29.36749669999699,1024,1024,800,0,75,180,EARLY_STOPPING,False,0,2048,deterministic_evenly_spaced_full_fold,3.646400070190428,5.997169941663727,192,181,94.27083333333331,CDP,1.4510426770894138,20,0.99,1.4510426770894138
TRIAL_0065_CDP_NEG,65,f6c923879d905defa9eab146df6cff2fda51dce75d0983bcb05bf23b4df0be8f,FO_ONLY,COMPLETE,2,42,26989,2856,424f72a3df11b24bdd551a74968aa5efe8f47b52221df203d3bd3ed6f8a96c5a,f1c78e2ff146b5069b0310a8b0222fe8d495ed8d7dbf78dc149a7df8702a8f3a,26648,27.654007200006163,0.0507802963256835,0.0625,14269c18e6a56f09985dea654338c0b32f5e417a5600e334e252b0c1bbf8bd28,True,True,True,1,0.7791655097293935,0.8039841212626521,0.4631735870186813,0.0420186854420178,0.4698480257166263,-0.0653422324101672,0.8014647658446002,0.8835982270362798,0.790490979401381,0.3828078730190447,0.0,0.1886099427938461,3.6623030609916896e-05,-2.045931816101074,95.849609375,4.150390625,0.0,-0.3507233262062073,-0.3024536371231079,-0.9802813529968262,-0.0119745656847953,-0.213439255952835,-0.1840638220310211,-0.5965685248374939,-0.0072873458266258,68.75,31.25,0.0,-0.0527552142739295,CDP_NEG,120,25795,27.653608799999347,1024,1024,800,0,75,180,EARLY_STOPPING,False,0,2048,deterministic_evenly_spaced_full_fold,3.663600349426268,6.020027899742124,192,183,95.3125,CDP,1.4524627365104603,20,0.99,1.4524627365104603
TRIAL_0065_CDP_NEG,65,f6c923879d905defa9eab146df6cff2fda51dce75d0983bcb05bf23b4df0be8f,FO_ONLY,COMPLETE,3,42,26466,3379,ad1e190147cfc7079fe69ab58be273b0089b28a9cb71d4377b9a01145e874910,b3de2bff6a2b887166deba8883b54b43de7150168fdd2094f9852f380bd9133e,26648,61.29122810001718,0.0528182983398437,0.064453125,14269c18e6a56f09985dea654338c0b32f5e417a5600e334e252b0c1bbf8bd28,True,True,True,1,0.7568753103556063,1.0466254699940687,0.476633329088956,0.0320307848046233,0.4930037910354909,-0.0013098293888621,1.0467795567175615,0.8699887007660646,0.7587560325660132,0.529508074930815,0.0,0.2071444541215896,5.013169356971048e-05,-4.399864673614502,95.556640625,4.443359375,0.0,-0.3334248065948486,-0.2689457535743713,-0.849068284034729,-0.017921220511198,-0.2036425769329071,-0.1642613112926483,-0.5185770392417908,-0.0109455659985542,50.78125,49.21875,0.0,-0.0020425166003406,CDP_NEG,340,25795,61.29084010000224,1024,1024,800,0,75,400,EARLY_STOPPING,False,0,2048,deterministic_evenly_spaced_full_fold,3.652750015258789,5.9806626215577126,192,189,98.4375,CDP,1.4666426917497315,20,0.99,1.4666426917497315
TRIAL_0065_CDP_NEG,65,f6c923879d905defa9eab146df6cff2fda51dce75d0983bcb05bf23b4df0be8f,FO_ONLY,COMPLETE,4,42,27061,2784,2cf8e61e68345fca034455d14ca0a91ba8af3af3a30bcfad11a389cf00a64d26,e85c7d3201b31d98e24a7a8ea73439fb69c13286f849eaf6812d38684b5bedb5,26648,31.061170000000857,0.0506463050842285,0.0625,14269c18e6a56f09985dea654338c0b32f5e417a5600e334e252b0c1bbf8bd28,True,True,True,1,0.7586575588970131,0.8649511655102057,0.453956363293275,0.0271421892958958,0.4911779229645436,0.0107398762130737,0.8650398589229875,0.8711369203532054,0.7707207816532998,0.4890819436337637,0.0,0.1770569384098053,3.340368130011484e-05,-2.0890111923217773,99.462890625,0.537109375,0.0,-0.4857020378112793,-0.3951368331909179,-1.2244945764541626,-0.1126838698983192,-0.2946658134460449,-0.2397217154502868,-0.7428766489028931,-0.068363070487976,55.17578125,44.82421875,0.0,-0.0165306068956851,CDP_NEG,120,25795,31.060809699993115,1024,1024,800,0,75,180,EARLY_STOPPING,False,0,2048,deterministic_evenly_spaced_full_fold,3.65000057220459,6.01635006070137,192,190,98.95833333333331,CDP,1.460840537792371,20,0.99,1.460840537792371
TRIAL_0065_CDP_NEG,65,f6c923879d905defa9eab146df6cff2fda51dce75d0983bcb05bf23b4df0be8f,FO_ONLY,COMPLETE,0,84,25813,4032,81354305b7b8066000bae764cd84c6a44c1e035572eb00baa18e30401895a2a4,6d4d4bf8c14384a72deec9ae950f7dbc99365946e460adffb80cf5c9ed8ff111,26648,19.354270199983148,0.0531187057495117,0.064453125,14269c18e6a56f09985dea654338c0b32f5e417a5600e334e252b0c1bbf8bd28,True,True,True,1,0.8377324641940755,0.624599700380061,0.4040641614769739,0.0277556756973441,0.4027744913489053,0.0283507819850845,0.6240333329413439,0.9155952882087492,0.8238973527951405,0.3881746708271381,0.0,0.1487448662519455,9.737176878843457e-05,-1.0819240808486938,91.845703125,8.154296875,0.0,-0.1793124824762344,-0.1410493850708007,-0.5170669555664062,0.0183678995817899,-0.1075675338506698,-0.0846139341592788,-0.3101826310157776,0.0110186953097581,74.21875,25.78125,0.0,-0.046178363263607,CDP_NEG,60,25795,19.353883700008737,1024,1024,800,0,75,120,EARLY_STOPPING,False,0,2048,deterministic_evenly_spaced_full_fold,3.6649999618530273,6.109466117620462,192,189,98.4375,CDP,1.4710406730757069,20,0.99,1.4710406730757069
TRIAL_0065_CDP_NEG,65,f6c923879d905defa9eab146df6cff2fda51dce75d0983bcb05bf23b4df0be8f,FO_ONLY,COMPLETE,1,84,27493,2352,db92a7db6dfa639d2026ff19c5b1159be2b53d1e09d9e6a72b1b767a05c21400,2ea764e1783688df4d4bc4d6bc4b7c6a52ae545bfb933c403a7aa96e5d21a797,26648,60.25314749998506,0.0483803749084472,0.060546875,14269c18e6a56f09985dea654338c0b32f5e417a5600e334e252b0c1bbf8bd28,True,True,True,1,0.7247555491722855,0.9658049737791125,0.481077871229943,0.0265017685621627,0.5245259051046306,-0.0942552207516138,0.9613990744774392,0.8528640570619409,0.7271929029296583,0.523107123502161,0.0,0.188809260725975,1.0216996997769456e-05,-4.376498699188232,99.4140625,0.5859375,0.0,-0.3068904876708984,-0.2536687552928924,-0.7100021243095398,-0.0568462051451206,-0.1865955889225006,-0.1542357206344604,-0.4316955804824829,-0.0345636382699012,46.435546875,53.515625,0.048828125,0.014793261885643,CDP_NEG,315,25795,60.25271700002486,1024,1024,800,0,75,375,EARLY_STOPPING,False,0,2048,deterministic_evenly_spaced_full_fold,3.646400070190428,5.997169941663727,192,184,95.83333333333331,CDP,1.4510426770894138,20,0.99,1.4510426770894138
TRIAL_0065_CDP_NEG,65,f6c923879d905defa9eab146df6cff2fda51dce75d0983bcb05bf23b4df0be8f,FO_ONLY,COMPLETE,2,84,26989,2856,424f72a3df11b24bdd551a74968aa5efe8f47b52221df203d3bd3ed6f8a96c5a,f1c78e2ff146b5069b0310a8b0222fe8d495ed8d7dbf78dc149a7df8702a8f3a,26648,44.28990969998995,0.0507802963256835,0.060546875,14269c18e6a56f09985dea654338c0b32f5e417a5600e334e252b0c1bbf8bd28,True,True,True,1,0.7840775145730385,0.7949923603593461,0.4526323645978289,0.0415487483338415,0.464593243941211,-0.0349570946527921,0.7943625098587778,0.8861764877033375,0.8105883571297925,0.370203730782155,0.0,0.1815610378980636,1.142997916758759e-06,-3.202707052230835,99.462890625,0.537109375,0.0,-0.3318137228488922,-0.2859215438365936,-0.7561821937561035,-0.0788344591856002,-0.201931431889534,-0.1740028858184814,-0.4601887762546539,-0.0479761809110641,60.400390625,39.599609375,0.0,-0.0308698415756225,CDP_NEG,210,25795,44.28955109999515,1024,1024,800,0,75,270,EARLY_STOPPING,False,0,2048,deterministic_evenly_spaced_full_fold,3.663600349426268,6.020027899742124,192,182,94.79166666666669,CDP,1.4524627365104603,20,0.99,1.4524627365104603
TRIAL_0065_CDP_NEG,65,f6c923879d905defa9eab146df6cff2fda51dce75d0983bcb05bf23b4df0be8f,FO_ONLY,COMPLETE,3,84,26466,3379,ad1e190147cfc7079fe69ab58be273b0089b28a9cb71d4377b9a01145e874910,b3de2bff6a2b887166deba8883b54b43de7150168fdd2094f9852f380bd9133e,26648,41.427697500010254,0.0528178215026855,0.0625,14269c18e6a56f09985dea654338c0b32f5e417a5600e334e252b0c1bbf8bd28,True,True,True,1,0.7446990188851422,1.0725140964649609,0.479037982240057,0.032823076839501,0.5051984025376588,-0.0446493138937831,1.07174290698068,0.8632952602931445,0.7351657822116273,0.5380750790675976,0.0,0.2045092582702636,3.905581252183765e-05,-2.868175983428955,96.142578125,3.857421875,0.0,-0.2870955765247345,-0.2287692129611969,-0.7988477349281311,-0.0096136247739195,-0.1753465235233307,-0.1397231072187423,-0.4879043400287628,-0.0058716186322271,52.685546875,47.314453125,0.0,-0.0110514042899012,CDP_NEG,200,25795,41.42735309997806,1024,1024,800,0,75,260,EARLY_STOPPING,False,0,2048,deterministic_evenly_spaced_full_fold,3.652750015258789,5.9806626215577126,192,182,94.79166666666669,CDP,1.4666426917497315,20,0.99,1.4666426917497315
TRIAL_0065_CDP_NEG,65,f6c923879d905defa9eab146df6cff2fda51dce75d0983bcb05bf23b4df0be8f,FO_ONLY,COMPLETE,4,84,27061,2784,2cf8e61e68345fca034455d14ca0a91ba8af3af3a30bcfad11a389cf00a64d26,e85c7d3201b31d98e24a7a8ea73439fb69c13286f849eaf6812d38684b5bedb5,26648,20.637486999999965,0.0506463050842285,0.060546875,14269c18e6a56f09985dea654338c0b32f5e417a5600e334e252b0c1bbf8bd28,True,True,True,1,0.749631862081934,0.8809763854197697,0.4698630685359958,0.0276450610991116,0.5002781294780371,0.0362756332241974,0.8803873442682555,0.8661568837173353,0.7615668741899657,0.5337153713913383,0.0,0.1839053183794021,0.0001604166463948,-1.0539071559906006,85.107421875,14.892578125,0.0,-0.1974491626024246,-0.1621412336826324,-0.6247162222862244,0.0438157021999359,-0.1197884976863861,-0.0983678847551345,-0.379002958536148,0.0265821199864149,74.560546875,25.439453125,0.0,-0.0618150532245636,CDP_NEG,60,25795,20.636862200015457,1024,1024,800,0,75,120,EARLY_STOPPING,False,0,2048,deterministic_evenly_spaced_full_fold,3.65000057220459,6.01635006070137,192,192,100.0,CDP,1.460840537792371,20,0.99,1.460840537792371
TRIAL_0065_CDP_NEG,65,f6c923879d905defa9eab146df6cff2fda51dce75d0983bcb05bf23b4df0be8f,FO_ONLY,COMPLETE,0,126,25813,4032,81354305b7b8066000bae764cd84c6a44c1e035572eb00baa18e30401895a2a4,6d4d4bf8c14384a72deec9ae950f7dbc99365946e460adffb80cf5c9ed8ff111,26648,29.406864399992628,0.0531187057495117,0.064453125,14269c18e6a56f09985dea654338c0b32f5e417a5600e334e252b0c1bbf8bd28,True,True,True,1,0.8384405382849334,0.623235452179539,0.4011429774546987,0.0276950518600266,0.4018947528944928,-0.0382444377114769,0.6221380777742901,0.9161780866482372,0.8561105682750604,0.2557594044131196,0.0,0.1449950933456421,0.0001552140165586,-2.135024070739746,93.84765625,6.15234375,0.0,-0.2703138887882232,-0.1994618475437164,-0.8505672812461853,0.0087639391422271,-0.1621582508087158,-0.1196549162268638,-0.5102457404136658,0.0052573885768651,61.5234375,38.4765625,0.0,-0.0323472768068313,CDP_NEG,120,25795,29.40640040001017,1024,1024,800,0,75,180,EARLY_STOPPING,False,0,2048,deterministic_evenly_spaced_full_fold,3.6649999618530273,6.109466117620462,192,191,99.47916666666669,CDP,1.4710406730757069,20,0.99,1.4710406730757069
TRIAL_0065_CDP_NEG,65,f6c923879d905defa9eab146df6cff2fda51dce75d0983bcb05bf23b4df0be8f,FO_ONLY,COMPLETE,1,126,27493,2352,db92a7db6dfa639d2026ff19c5b1159be2b53d1e09d9e6a72b1b767a05c21400,2ea764e1783688df4d4bc4d6bc4b7c6a52ae545bfb933c403a7aa96e5d21a797,26648,49.493940299988026,0.0483803749084472,0.060546875,14269c18e6a56f09985dea654338c0b32f5e417a5600e334e252b0c1bbf8bd28,True,True,True,1,0.7279519656921465,0.9601806459123244,0.4729701859043391,0.0263474365391456,0.521471348807008,-0.0475333731757717,0.9592072983029138,0.8535940887032819,0.7268750666023699,0.5705482345510247,0.0,0.1918787509202957,2.049583417829126e-05,-3.317389488220215,98.193359375,1.806640625,0.0,-0.2096920609474182,-0.1802002489566803,-0.4801539182662964,-0.0442138947546482,-0.127496987581253,-0.1095653772354126,-0.2919432520866394,-0.0268829371780157,39.892578125,60.107421875,0.0,0.0237404927611351,CDP_NEG,225,25795,49.49358739997842,1024,1024,800,0,75,285,EARLY_STOPPING,False,0,2048,deterministic_evenly_spaced_full_fold,3.646400070190428,5.997169941663727,192,182,94.79166666666669,CDP,1.4510426770894138,20,0.99,1.4510426770894138
TRIAL_0065_CDP_NEG,65,f6c923879d905defa9eab146df6cff2fda51dce75d0983bcb05bf23b4df0be8f,FO_ONLY,COMPLETE,2,126,26989,2856,424f72a3df11b24bdd551a74968aa5efe8f47b52221df203d3bd3ed6f8a96c5a,f1c78e2ff146b5069b0310a8b0222fe8d495ed8d7dbf78dc149a7df8702a8f3a,26648,39.22169459998258,0.0507802963256835,0.060546875,14269c18e6a56f09985dea654338c0b32f5e417a5600e334e252b0c1bbf8bd28,True,True,True,1,0.7826024437702854,0.7977032268536103,0.4621117248771195,0.0416904265629077,0.466177473326626,-0.0476114425302094,0.7964205406037111,0.88508859214925,0.7853450260311037,0.4115461104009505,0.0,0.1908565163612365,2.953101102320943e-06,-2.8038125038146973,99.072265625,0.927734375,0.0,-0.2911007404327392,-0.2372218966484069,-0.7195607423782349,-0.0521906949579715,-0.1771548092365265,-0.1443658024072647,-0.4379021227359772,-0.0317616239190101,59.326171875,40.673828125,0.0,-0.0270712114870548,CDP_NEG,180,25795,39.22133749999921,1024,1024,800,0,75,240,EARLY_STOPPING,False,0,2048,deterministic_evenly_spaced_full_fold,3.663600349426268,6.020027899742124,192,183,95.3125,CDP,1.4524627365104603,20,0.99,1.4524627365104603
TRIAL_0065_CDP_NEG,65,f6c923879d905defa9eab146df6cff2fda51dce75d0983bcb05bf23b4df0be8f,FO_ONLY,COMPLETE,3,126,26466,3379,ad1e190147cfc7079fe69ab58be273b0089b28a9cb71d4377b9a01145e874910,b3de2bff6a2b887166deba8883b54b43de7150168fdd2094f9852f380bd9133e,26648,43.989184200007,0.0528182983398437,0.064453125,14269c18e6a56f09985dea654338c0b32f5e417a5600e334e252b0c1bbf8bd28,True,True,True,1,0.7423132291834905,1.0775137695169632,0.4852357104941895,0.0329760861596574,0.5075534548837375,0.0129560644425856,1.077595341178281,0.8617545967660908,0.7284478025447231,0.6104622731980719,0.0,0.2143547981977462,1.990355121961329e-05,-2.867013931274414,98.2421875,1.7578125,0.0,-0.2401488423347473,-0.1811473369598388,-0.6247149705886841,-0.025455379858613,-0.146673321723938,-0.1106375604867935,-0.3815509676933288,-0.0155471302568912,58.203125,41.796875,0.0,-0.0198536273092031,CDP_NEG,205,25795,43.988825199980056,1024,1024,800,0,75,265,EARLY_STOPPING,False,0,2048,deterministic_evenly_spaced_full_fold,3.652750015258789,5.9806626215577126,192,188,97.91666666666669,CDP,1.4666426917497315,20,0.99,1.4666426917497315
TRIAL_0065_CDP_NEG,65,f6c923879d905defa9eab146df6cff2fda51dce75d0983bcb05bf23b4df0be8f,FO_ONLY,COMPLETE,4,126,27061,2784,2cf8e61e68345fca034455d14ca0a91ba8af3af3a30bcfad11a389cf00a64d26,e85c7d3201b31d98e24a7a8ea73439fb69c13286f849eaf6812d38684b5bedb5,26648,36.81311839999398,0.0506463050842285,0.060546875,14269c18e6a56f09985dea654338c0b32f5e417a5600e334e252b0c1bbf8bd28,True,True,True,1,0.750060714180836,0.8802215559522839,0.4664732983816149,0.0276213745314653,0.4998494861224166,0.0298770650053024,0.879872393477786,0.8662334413550243,0.7473968219657044,0.556879587472251,0.0,0.1839912831783294,3.3186304790433496e-05,-2.537261962890625,98.33984375,1.66015625,0.0,-0.295604407787323,-0.251548171043396,-0.7545468807220459,-0.056257139891386,-0.1793373525142669,-0.1526093035936355,-0.4577686786651611,-0.0341300927102565,48.14453125,51.85546875,0.0,0.0048642521724104,CDP_NEG,155,25795,36.81276309999521,1024,1024,800,0,75,215,EARLY_STOPPING,False,0,2048,deterministic_evenly_spaced_full_fold,3.65000057220459,6.01635006070137,192,185,96.35416666666669,CDP,1.460840537792371,20,0.99,1.460840537792371
TRIAL_0065_CDP_NEG,65,f6c923879d905defa9eab146df6cff2fda51dce75d0983bcb05bf23b4df0be8f,FO_ONLY,COMPLETE,0,168,25813,4032,81354305b7b8066000bae764cd84c6a44c1e035572eb00baa18e30401895a2a4,6d4d4bf8c14384a72deec9ae950f7dbc99365946e460adffb80cf5c9ed8ff111,26648,27.990847000008216,0.0531187057495117,0.064453125,14269c18e6a56f09985dea654338c0b32f5e417a5600e334e252b0c1bbf8bd28,True,True,True,1,0.8418212769933333,0.6166801702234226,0.408782925467272,0.0274037512398568,0.3976675648988583,0.036578374008795,0.6156707443380461,0.9178345224906824,0.8364423901399545,0.3707694617843843,0.0,0.1521879881620407,2.446672078804113e-05,-2.031422615051269,95.99609375,4.00390625,0.0,-0.2610323429107666,-0.2191892862319946,-0.6595331430435181,-0.0048990286886692,-0.1565903723239898,-0.1314891874790191,-0.3956465125083923,-0.0029388722032308,67.48046875,32.51953125,0.0,-0.054409172385931,CDP_NEG,115,25795,27.99048659999972,1024,1024,800,0,75,175,EARLY_STOPPING,False,0,2048,deterministic_evenly_spaced_full_fold,3.6649999618530273,6.109466117620462,192,189,98.4375,CDP,1.4710406730757069,20,0.99,1.4710406730757069
TRIAL_0065_CDP_NEG,65,f6c923879d905defa9eab146df6cff2fda51dce75d0983bcb05bf23b4df0be8f,FO_ONLY,COMPLETE,1,168,27493,2352,db92a7db6dfa639d2026ff19c5b1159be2b53d1e09d9e6a72b1b767a05c21400,2ea764e1783688df4d4bc4d6bc4b7c6a52ae545bfb933c403a7aa96e5d21a797,26648,34.17599659998086,0.0483808517456054,0.060546875,14269c18e6a56f09985dea654338c0b32f5e417a5600e334e252b0c1bbf8bd28,True,True,True,1,0.7155499467373063,0.9818229090690624,0.4904048626713429,0.0269413020346783,0.5332251997179032,-0.0386636809487098,0.9812699612585876,0.8466317740778195,0.7406463367575974,0.5482535482934933,0.0,0.1972492784261703,1.1492293197079562e-05,-2.59377384185791,96.77734375,3.22265625,0.0,-0.2564848065376282,-0.2208109498023986,-0.6176069378852844,-0.020803514868021,-0.1559479236602783,-0.1342574954032898,-0.3755174279212951,-0.0126489549875259,51.3671875,48.6328125,0.0,-0.0039054953958839,CDP_NEG,165,25795,34.1754475000198,1024,1024,800,0,75,225,EARLY_STOPPING,False,0,2048,deterministic_evenly_spaced_full_fold,3.646400070190428,5.997169941663727,192,186,96.875,CDP,1.4510426770894138,20,0.99,1.4510426770894138
TRIAL_0065_CDP_NEG,65,f6c923879d905defa9eab146df6cff2fda51dce75d0983bcb05bf23b4df0be8f,FO_ONLY,COMPLETE,2,168,26989,2856,424f72a3df11b24bdd551a74968aa5efe8f47b52221df203d3bd3ed6f8a96c5a,f1c78e2ff146b5069b0310a8b0222fe8d495ed8d7dbf78dc149a7df8702a8f3a,26648,37.22447270000703,0.0507802963256835,0.060546875,14269c18e6a56f09985dea654338c0b32f5e417a5600e334e252b0c1bbf8bd28,True,True,True,1,0.7774162879582857,0.8071620048384069,0.4689809563243631,0.0421847714215908,0.471705179713251,0.0030511280949584,0.8072975840648624,0.8825081301579767,0.8118543698278041,0.4055038900657761,0.0,0.1910038888454437,5.543289717024891e-06,-2.854063034057617,98.583984375,1.416015625,0.0,-0.3161340355873108,-0.2771503031253814,-0.6512221693992615,-0.0445450767874717,-0.1923892796039581,-0.1686649918556213,-0.3963133990764618,-0.0271087381988763,57.8125,42.1875,0.0,-0.0212375074625015,CDP_NEG,185,25795,37.22409069997957,1024,1024,800,0,75,245,EARLY_STOPPING,False,0,2048,deterministic_evenly_spaced_full_fold,3.663600349426268,6.020027899742124,192,182,94.79166666666669,CDP,1.4524627365104603,20,0.99,1.4524627365104603
TRIAL_0065_CDP_NEG,65,f6c923879d905defa9eab146df6cff2fda51dce75d0983bcb05bf23b4df0be8f,FO_ONLY,COMPLETE,3,168,26466,3379,ad1e190147cfc7079fe69ab58be273b0089b28a9cb71d4377b9a01145e874910,b3de2bff6a2b887166deba8883b54b43de7150168fdd2094f9852f380bd9133e,26648,62.33959620000678,0.0528182983398437,0.064453125,14269c18e6a56f09985dea654338c0b32f5e417a5600e334e252b0c1bbf8bd28,True,True,True,1,0.7509299144804085,1.059345319371523,0.4764829123932125,0.0324200613604086,0.498995365045744,-0.0463015511631104,1.0584896076475394,0.8668628772669714,0.7456027084232285,0.513458092220865,0.0,0.2017984688282013,7.730263291705342e-07,-4.428027153015137,99.462890625,0.537109375,0.0,-0.3350145220756531,-0.2911036014556885,-0.7162624001502991,-0.0438778735697269,-0.2046135067939758,-0.1777944713830948,-0.4374644756317138,-0.0267988555133342,54.248046875,45.703125,0.048828125,-0.0097194854170084,CDP_NEG,340,25795,62.33915799998795,1024,1024,800,0,75,400,EARLY_STOPPING,False,0,2048,deterministic_evenly_spaced_full_fold,3.652750015258789,5.9806626215577126,192,190,98.95833333333331,CDP,1.4666426917497315,20,0.99,1.4666426917497315
TRIAL_0065_CDP_NEG,65,f6c923879d905defa9eab146df6cff2fda51dce75d0983bcb05bf23b4df0be8f,FO_ONLY,COMPLETE,4,168,27061,2784,2cf8e61e68345fca034455d14ca0a91ba8af3af3a30bcfad11a389cf00a64d26,e85c7d3201b31d98e24a7a8ea73439fb69c13286f849eaf6812d38684b5bedb5,26648,25.93263570001,0.0506463050842285,0.060546875,14269c18e6a56f09985dea654338c0b32f5e417a5600e334e252b0c1bbf8bd28,True,True,True,1,0.7533065931627789,0.874487304544012,0.4609167657555639,0.027441433578265,0.4965931893408403,0.0099155914465192,0.8745881756725636,0.8682342938676229,0.7730985337218126,0.4832969875579306,0.0,0.180115133523941,5.8117562730330974e-05,-1.6848080158233645,97.0703125,2.9296875,0.0,-0.2496741116046905,-0.1929260194301605,-0.6782211065292358,-0.0163568258285522,-0.1514723449945449,-0.1170444041490554,-0.4114633202552795,-0.0099233631044626,75.09765625,24.90234375,0.0,-0.0738482326269149,CDP_NEG,95,25795,25.932264400005806,1024,1024,800,0,75,155,EARLY_STOPPING,False,0,2048,deterministic_evenly_spaced_full_fold,3.65000057220459,6.01635006070137,192,187,97.39583333333331,CDP,1.460840537792371,20,0.99,1.460840537792371
TRIAL_0075_CDP_NEG,75,73c114f9f84ade0f7657d5cd25a7c20733c9658a09538f9d1fc4f8dfcffa6af0,FO_ONLY,COMPLETE,0,21,25813,4032,81354305b7b8066000bae764cd84c6a44c1e035572eb00baa18e30401895a2a4,6d4d4bf8c14384a72deec9ae950f7dbc99365946e460adffb80cf5c9ed8ff111,26648,204.6273513000051,0.0765047073364257,0.083984375,14269c18e6a56f09985dea654338c0b32f5e417a5600e334e252b0c1bbf8bd28,True,True,True,1,0.8499638353221721,0.6005980640949251,0.3785696437997912,0.026689101966152,0.3872969833699475,0.0027816484136911,0.6006661144923756,0.9220604735300242,0.8641324595141591,0.2803946631013631,0.0,0.0668677315115928,0.0,-4.897863388061523,100.0,0.0,0.0,-0.224242627620697,-0.1707147657871246,-0.6472207903862,-0.0332362316548824,-0.1345206350088119,-0.1024098694324493,-0.3882604837417602,-0.0199380405247211,58.984375,41.015625,0.0,-0.0200009923428297,CDP_NEG,70,72963,204.62696130000404,128,128,800,80,80,130,EARLY_STOPPING,False,0,2048,deterministic_evenly_spaced_full_fold,3.6649999618530273,6.109466117620462,3584,3525,98.35379464285714,CDP,1.4710406730757069,20,0.99,1.4710406730757069
TRIAL_0075_CDP_NEG,75,73c114f9f84ade0f7657d5cd25a7c20733c9658a09538f9d1fc4f8dfcffa6af0,FO_ONLY,COMPLETE,1,21,27493,2352,db92a7db6dfa639d2026ff19c5b1159be2b53d1e09d9e6a72b1b767a05c21400,2ea764e1783688df4d4bc4d6bc4b7c6a52ae545bfb933c403a7aa96e5d21a797,26648,484.7427231000038,0.0657801628112793,0.083984375,14269c18e6a56f09985dea654338c0b32f5e417a5600e334e252b0c1bbf8bd28,True,True,True,1,0.725276180391552,0.9648911202527336,0.4665347936445986,0.0264766923456249,0.5240295938812773,-0.1005161625703758,0.9598453445739248,0.8536563080895014,0.7472668443433907,0.4714188608303807,0.0,0.0886509269475936,6.97352902534476e-07,-11.573450088500977,99.951171875,0.048828125,0.0,-0.2796505093574524,-0.2172121107578277,-0.7082442045211792,-0.0667973011732101,-0.1700331568717956,-0.1320693343877792,-0.4306267499923706,-0.0406141020357608,44.287109375,55.712890625,0.0,0.0067724864929914,CDP_NEG,230,72963,484.74233379997895,128,128,800,80,80,290,EARLY_STOPPING,False,0,2048,deterministic_evenly_spaced_full_fold,3.646400070190428,5.997169941663727,3584,3509,97.90736607142856,CDP,1.4510426770894138,20,0.99,1.4510426770894138
TRIAL_0075_CDP_NEG,75,73c114f9f84ade0f7657d5cd25a7c20733c9658a09538f9d1fc4f8dfcffa6af0,FO_ONLY,COMPLETE,2,21,26989,2856,424f72a3df11b24bdd551a74968aa5efe8f47b52221df203d3bd3ed6f8a96c5a,f1c78e2ff146b5069b0310a8b0222fe8d495ed8d7dbf78dc149a7df8702a8f3a,26648,268.48538050000207,0.0683121681213378,0.083984375,14269c18e6a56f09985dea654338c0b32f5e417a5600e334e252b0c1bbf8bd28,True,True,True,1,0.7642940429235109,0.8306141002558429,0.4582464883041356,0.0434104501312074,0.485410575677409,-0.055440386968563,0.828906945091245,0.8760406820148894,0.8076225881303974,0.3560643643076681,0.0,0.0913450419902801,0.0,-6.062459945678711,100.0,0.0,0.0,-0.3089741766452789,-0.24873086810112,-0.7460072636604309,-0.0523067563772201,-0.1880320161581039,-0.1513698101043701,-0.4539966285228729,-0.031832255423069,57.03125,42.96875,0.0,-0.0087871430441737,CDP_NEG,100,72963,268.48497150000185,128,128,800,80,80,160,EARLY_STOPPING,False,0,2048,deterministic_evenly_spaced_full_fold,3.663600349426268,6.020027899742124,3584,3545,98.91183035714286,CDP,1.4524627365104603,20,0.99,1.4524627365104603
TRIAL_0075_CDP_NEG,75,73c114f9f84ade0f7657d5cd25a7c20733c9658a09538f9d1fc4f8dfcffa6af0,FO_ONLY,COMPLETE,3,21,26466,3379,ad1e190147cfc7079fe69ab58be273b0089b28a9cb71d4377b9a01145e874910,b3de2bff6a2b887166deba8883b54b43de7150168fdd2094f9852f380bd9133e,26648,379.7986756000028,0.0740399360656738,0.08203125,14269c18e6a56f09985dea654338c0b32f5e417a5600e334e252b0c1bbf8bd28,True,True,True,1,0.7372908235338976,1.0879636580988905,0.4634254497889388,0.033295893141234,0.5124757836770716,-0.0578353856023742,1.0865861233088672,0.8596688133445082,0.7118827273796057,0.5761195624835649,0.0,0.089779146015644,7.342868535431535e-09,-8.006991386413574,99.90234375,0.09765625,0.0,-0.2671545147895813,-0.1748171150684356,-0.7745820879936218,-0.0515238530933856,-0.1631673127412796,-0.106771320104599,-0.4730837941169739,-0.0314687117934227,55.46875,44.53125,0.0,-0.0106663797050714,CDP_NEG,150,72963,379.79830180000863,128,128,800,80,80,210,EARLY_STOPPING,False,0,2048,deterministic_evenly_spaced_full_fold,3.652750015258789,5.9806626215577126,3584,3530,98.49330357142856,CDP,1.4666426917497315,20,0.99,1.4666426917497315
TRIAL_0075_CDP_NEG,75,73c114f9f84ade0f7657d5cd25a7c20733c9658a09538f9d1fc4f8dfcffa6af0,FO_ONLY,COMPLETE,4,21,27061,2784,2cf8e61e68345fca034455d14ca0a91ba8af3af3a30bcfad11a389cf00a64d26,e85c7d3201b31d98e24a7a8ea73439fb69c13286f849eaf6812d38684b5bedb5,26648,226.6328594999796,0.0683169364929199,0.083984375,14269c18e6a56f09985dea654338c0b32f5e417a5600e334e252b0c1bbf8bd28,True,True,True,1,0.7411098073017341,0.8958443046836659,0.463270779580121,0.0281116167790022,0.508721142209903,-0.0162847944836472,0.8958571870564143,0.8625446551576654,0.789526340822872,0.4228234945028674,0.0,0.0847350060939788,1.2469912746837508e-07,-4.64553165435791,99.462890625,0.537109375,0.0,-0.2242578417062759,-0.1738258004188537,-0.619664192199707,-0.0314909890294075,-0.1360528022050857,-0.1054566726088523,-0.3759380280971527,-0.0191049594432115,53.759765625,46.240234375,0.0,-0.0067738471552729,CDP_NEG,65,72963,226.6324103999941,128,128,800,80,80,125,EARLY_STOPPING,False,0,2048,deterministic_evenly_spaced_full_fold,3.65000057220459,6.01635006070137,3584,3545,98.91183035714286,CDP,1.460840537792371,20,0.99,1.460840537792371
TRIAL_0075_CDP_NEG,75,73c114f9f84ade0f7657d5cd25a7c20733c9658a09538f9d1fc4f8dfcffa6af0,FO_ONLY,COMPLETE,0,42,25813,4032,81354305b7b8066000bae764cd84c6a44c1e035572eb00baa18e30401895a2a4,6d4d4bf8c14384a72deec9ae950f7dbc99365946e460adffb80cf5c9ed8ff111,26648,261.8808790999756,0.0765047073364257,0.08203125,14269c18e6a56f09985dea654338c0b32f5e417a5600e334e252b0c1bbf8bd28,True,True,True,1,0.8469416737513532,0.606616796130839,0.3788321354339363,0.0269565596264685,0.391178175968752,-0.0392628269431057,0.6054199152971267,0.9206670598132344,0.8538014308729902,0.2594591884348253,0.0,0.0690309628844261,0.0,-5.722361087799072,100.0,0.0,0.0,-0.3178892135620117,-0.2262699604034423,-0.9276791214942932,-0.046324536204338,-0.1906981617212295,-0.1357367932796478,-0.5565042495727539,-0.0277895666658878,54.833984375,45.166015625,0.0,-0.0094160176813602,CDP_NEG,90,72963,261.8804637999856,128,128,800,80,80,150,EARLY_STOPPING,False,0,2048,deterministic_evenly_spaced_full_fold,3.6649999618530273,6.109466117620462,3584,3514,98.046875,CDP,1.4710406730757069,20,0.99,1.4710406730757069
TRIAL_0075_CDP_NEG,75,73c114f9f84ade0f7657d5cd25a7c20733c9658a09538f9d1fc4f8dfcffa6af0,FO_ONLY,COMPLETE,1,42,27493,2352,db92a7db6dfa639d2026ff19c5b1159be2b53d1e09d9e6a72b1b767a05c21400,2ea764e1783688df4d4bc4d6bc4b7c6a52ae545bfb933c403a7aa96e5d21a797,26648,562.8734609000094,0.0657806396484375,0.083984375,14269c18e6a56f09985dea654338c0b32f5e417a5600e334e252b0c1bbf8bd28,True,True,True,1,0.7258857851990317,0.963819991927853,0.4690952392019407,0.0264473004955754,0.5234478671669359,-0.076865604817297,0.9609543547031132,0.853662139731892,0.757178127543934,0.4726401889301238,0.0,0.0889577493071556,0.0,-13.86711311340332,100.0,0.0,0.0,-0.2682663202285766,-0.2140357792377472,-0.61882084608078,-0.0678062140941619,-0.1631113290786743,-0.1301380693912506,-0.3762555122375488,-0.0412275418639183,49.0234375,50.9765625,0.0,0.0012658776249736,CDP_NEG,285,72963,562.873073900002,128,128,800,80,80,345,EARLY_STOPPING,False,0,2048,deterministic_evenly_spaced_full_fold,3.646400070190428,5.997169941663727,3584,3516,98.10267857142856,CDP,1.4510426770894138,20,0.99,1.4510426770894138
TRIAL_0075_CDP_NEG,75,73c114f9f84ade0f7657d5cd25a7c20733c9658a09538f9d1fc4f8dfcffa6af0,FO_ONLY,COMPLETE,2,42,26989,2856,424f72a3df11b24bdd551a74968aa5efe8f47b52221df203d3bd3ed6f8a96c5a,f1c78e2ff146b5069b0310a8b0222fe8d495ed8d7dbf78dc149a7df8702a8f3a,26648,214.0633097000245,0.0683112144470214,0.08203125,14269c18e6a56f09985dea654338c0b32f5e417a5600e334e252b0c1bbf8bd28,True,True,True,1,0.7669810804184698,0.825866047551653,0.4611538808078033,0.0431623022788267,0.4826358154177678,-0.0538322978342572,0.8242540236512154,0.8780676013052119,0.8193489305561363,0.3325892299159473,0.0,0.0903776139020919,3.287444485522429e-07,-4.339947700500488,99.51171875,0.48828125,0.0,-0.3535476922988891,-0.271289587020874,-1.0406500101089478,-0.0450903363525867,-0.2151580452919006,-0.1650983393192291,-0.6333070397377014,-0.0274405665695667,66.2109375,33.7890625,0.0,-0.0242537632584571,CDP_NEG,60,72963,214.06294669999625,128,128,800,80,80,120,EARLY_STOPPING,False,0,2048,deterministic_evenly_spaced_full_fold,3.663600349426268,6.020027899742124,3584,3524,98.32589285714286,CDP,1.4524627365104603,20,0.99,1.4524627365104603
TRIAL_0075_CDP_NEG,75,73c114f9f84ade0f7657d5cd25a7c20733c9658a09538f9d1fc4f8dfcffa6af0,FO_ONLY,COMPLETE,3,42,26466,3379,ad1e190147cfc7079fe69ab58be273b0089b28a9cb71d4377b9a01145e874910,b3de2bff6a2b887166deba8883b54b43de7150168fdd2094f9852f380bd9133e,26648,331.0892716999806,0.0740399360656738,0.08203125,14269c18e6a56f09985dea654338c0b32f5e417a5600e334e252b0c1bbf8bd28,True,True,True,1,0.7358791059968939,1.090882930967234,0.468304760917362,0.0333852341745957,0.5138508816776663,-0.0472381245911794,1.090020988378213,0.8585128893031502,0.7148220472535513,0.5802493307229866,0.0,0.0904118195176124,8.452776967260436e-08,-6.996522903442383,99.560546875,0.439453125,0.0,-0.3244649171829223,-0.2083730399608612,-0.9888798594474792,-0.0472772531211376,-0.1981702148914337,-0.1272659301757812,-0.6039683222770691,-0.02887505851686,54.1015625,45.8984375,0.0,-0.0048234835267066,CDP_NEG,125,72963,331.08887289999984,128,128,800,80,80,185,EARLY_STOPPING,False,0,2048,deterministic_evenly_spaced_full_fold,3.652750015258789,5.9806626215577126,3584,3537,98.68861607142856,CDP,1.4666426917497315,20,0.99,1.4666426917497315
TRIAL_0075_CDP_NEG,75,73c114f9f84ade0f7657d5cd25a7c20733c9658a09538f9d1fc4f8dfcffa6af0,FO_ONLY,COMPLETE,4,42,27061,2784,2cf8e61e68345fca034455d14ca0a91ba8af3af3a30bcfad11a389cf00a64d26,e85c7d3201b31d98e24a7a8ea73439fb69c13286f849eaf6812d38684b5bedb5,26648,302.24521530000493,0.0683169364929199,0.08203125,14269c18e6a56f09985dea654338c0b32f5e417a5600e334e252b0c1bbf8bd28,True,True,True,1,0.7445145393084626,0.8899340683203997,0.4565053914672204,0.0279261534134946,0.5053649092375754,-0.0013050368046418,0.8900929844509327,0.8648731155163233,0.7991019960612545,0.4178256948757003,0.0,0.0819245874881744,0.0,-6.391300201416016,100.0,0.0,0.0,-0.3136574625968933,-0.2268213778734207,-0.9217833280563354,-0.0562913566827774,-0.1902897804975509,-0.1376080363988876,-0.559227705001831,-0.0341508537530899,46.77734375,53.22265625,0.0,0.0048376936465501,CDP_NEG,105,72963,302.24485329998424,128,128,800,80,80,165,EARLY_STOPPING,False,0,2048,deterministic_evenly_spaced_full_fold,3.65000057220459,6.01635006070137,3584,3546,98.93973214285714,CDP,1.460840537792371,20,0.99,1.460840537792371
TRIAL_0075_CDP_NEG,75,73c114f9f84ade0f7657d5cd25a7c20733c9658a09538f9d1fc4f8dfcffa6af0,FO_ONLY,COMPLETE,0,84,25813,4032,81354305b7b8066000bae764cd84c6a44c1e035572eb00baa18e30401895a2a4,6d4d4bf8c14384a72deec9ae950f7dbc99365946e460adffb80cf5c9ed8ff111,35644,462.1809287000001,0.075268268585205,0.083984375,14269c18e6a56f09985dea654338c0b32f5e417a5600e334e252b0c1bbf8bd28,True,True,True,1,0.846429061460547,0.6076317663956206,0.3822683371516408,0.027001662410691,0.3918326817776451,-0.0629201724148024,0.6044402597001296,0.9209669188140904,0.8575869677632416,0.2280669983890967,0.0,0.0699379816651344,3.349607595737325e-07,-5.302535533905029,98.974609375,1.025390625,0.0,-0.2087582349777221,-0.1535525619983673,-0.6065739989280701,-0.0309714209288358,-0.1252317130565643,-0.0921144485473632,-0.3638769388198852,-0.0185794066637754,52.685546875,47.314453125,0.0,-0.0055395876988768,CDP_NEG,80,72963,462.1804189000004,128,128,800,80,80,140,EARLY_STOPPING,False,0,2048,deterministic_evenly_spaced_full_fold,3.6649999618530273,6.109466117620462,3584,3509,97.90736607142856,CDP,1.4710406730757069,20,0.99,1.4710406730757069
TRIAL_0075_CDP_NEG,75,73c114f9f84ade0f7657d5cd25a7c20733c9658a09538f9d1fc4f8dfcffa6af0,FO_ONLY,COMPLETE,1,84,27493,2352,db92a7db6dfa639d2026ff19c5b1159be2b53d1e09d9e6a72b1b767a05c21400,2ea764e1783688df4d4bc4d6bc4b7c6a52ae545bfb933c403a7aa96e5d21a797,24184,665.2268626999999,0.0643153190612793,0.083984375,14269c18e6a56f09985dea654338c0b32f5e417a5600e334e252b0c1bbf8bd28,True,True,True,1,0.7203309093785859,0.9735368316974102,0.4777911653517283,0.0267139313845434,0.5287250549152456,-0.1014686283468566,0.968440414941235,0.852558539575771,0.7772006778389546,0.4027261426272616,0.0,0.0900870412588119,0.0,-9.079463005065918,100.0,0.0,0.0,-0.263689249753952,-0.1897673606872558,-0.6641764640808105,-0.0566696673631668,-0.1603283733129501,-0.1153823733329773,-0.4038326740264892,-0.0344562977552413,52.05078125,47.94921875,0.0,-0.0035806917585432,CDP_NEG,170,72963,665.2263628000001,128,128,800,80,80,230,EARLY_STOPPING,False,0,2048,deterministic_evenly_spaced_full_fold,3.646400070190428,5.997169941663727,3584,3511,97.96316964285714,CDP,1.4510426770894138,20,0.99,1.4510426770894138
TRIAL_0075_CDP_NEG,75,73c114f9f84ade0f7657d5cd25a7c20733c9658a09538f9d1fc4f8dfcffa6af0,FO_ONLY,COMPLETE,2,84,26989,2856,424f72a3df11b24bdd551a74968aa5efe8f47b52221df203d3bd3ed6f8a96c5a,f1c78e2ff146b5069b0310a8b0222fe8d495ed8d7dbf78dc149a7df8702a8f3a,18764,423.8560152,0.0687103271484375,0.083984375,14269c18e6a56f09985dea654338c0b32f5e417a5600e334e252b0c1bbf8bd28,True,True,True,1,0.7657312011528419,0.8280779974748723,0.4590055205329668,0.0432779055918514,0.4839284781419724,-0.069290067371847,0.8253184564511643,0.8775645584804148,0.8161234311314073,0.3240309623812981,0.0,0.0919892787933349,2.340243696608013e-07,-4.325756549835205,99.658203125,0.341796875,0.0,-0.2501819729804992,-0.1923931539058685,-0.7457995414733887,-0.0262253545224666,-0.1522529125213623,-0.1170844435691833,-0.4538702368736267,-0.0159599296748638,59.033203125,40.966796875,0.0,-0.0143419075757265,CDP_NEG,60,72963,423.8555129000001,128,128,800,80,80,120,EARLY_STOPPING,False,0,2048,deterministic_evenly_spaced_full_fold,3.663600349426268,6.020027899742124,3584,3511,97.96316964285714,CDP,1.4524627365104603,20,0.99,1.4524627365104603
TRIAL_0075_CDP_NEG,75,73c114f9f84ade0f7657d5cd25a7c20733c9658a09538f9d1fc4f8dfcffa6af0,FO_ONLY,COMPLETE,3,84,26466,3379,ad1e190147cfc7079fe69ab58be273b0089b28a9cb71d4377b9a01145e874910,b3de2bff6a2b887166deba8883b54b43de7150168fdd2094f9852f380bd9133e,36608,629.4246091,0.0720124244689941,0.08203125,14269c18e6a56f09985dea654338c0b32f5e417a5600e334e252b0c1bbf8bd28,True,True,True,1,0.7368895916591109,1.0887941565923995,0.4664830488919062,0.033321309605183,0.5128669827425324,-0.031571137687625,1.0884974151814526,0.8588287234141501,0.7188500697416065,0.5870533127671679,0.0,0.0900428816676139,0.0,-8.206323623657227,100.0,0.0,0.0,-0.2638900279998779,-0.1926827430725097,-0.7567921280860901,-0.0441323406994342,-0.1611734926700592,-0.1176829263567924,-0.4622184336185455,-0.0269542727619409,58.251953125,41.748046875,0.0,-0.0095066372305154,CDP_NEG,155,72963,629.4241226000004,128,128,800,80,80,215,EARLY_STOPPING,False,0,2048,deterministic_evenly_spaced_full_fold,3.652750015258789,5.9806626215577126,3584,3506,97.82366071428572,CDP,1.4666426917497315,20,0.99,1.4666426917497315
TRIAL_0075_CDP_NEG,75,73c114f9f84ade0f7657d5cd25a7c20733c9658a09538f9d1fc4f8dfcffa6af0,FO_ONLY,COMPLETE,4,84,27061,2784,2cf8e61e68345fca034455d14ca0a91ba8af3af3a30bcfad11a389cf00a64d26,e85c7d3201b31d98e24a7a8ea73439fb69c13286f849eaf6812d38684b5bedb5,34972,680.943045,0.0675373077392578,0.083984375,14269c18e6a56f09985dea654338c0b32f5e417a5600e334e252b0c1bbf8bd28,True,True,True,1,0.7406308411682214,0.8966726110877801,0.4705370523601462,0.0281376090547652,0.5091915107525145,0.008278985998997,0.8967954671685341,0.8629396772426714,0.7993233424801436,0.4269479257018943,0.0,0.0851931273937225,0.0,-9.649704933166504,100.0,0.0,0.0,-0.2369578629732132,-0.1727398633956909,-0.6357141137123108,-0.036765232682228,-0.1437576413154602,-0.1047978550195694,-0.3856751620769501,-0.0223047379404306,45.41015625,54.58984375,0.0,0.0046243877150118,CDP_NEG,185,72963,680.9426172000003,128,128,800,80,80,245,EARLY_STOPPING,False,0,2048,deterministic_evenly_spaced_full_fold,3.65000057220459,6.01635006070137,3584,3507,97.8515625,CDP,1.460840537792371,20,0.99,1.460840537792371
TRIAL_0075_CDP_NEG,75,73c114f9f84ade0f7657d5cd25a7c20733c9658a09538f9d1fc4f8dfcffa6af0,FO_ONLY,COMPLETE,0,126,25813,4032,81354305b7b8066000bae764cd84c6a44c1e035572eb00baa18e30401895a2a4,6d4d4bf8c14384a72deec9ae950f7dbc99365946e460adffb80cf5c9ed8ff111,26448,384.5412766,0.075268268585205,0.083984375,14269c18e6a56f09985dea654338c0b32f5e417a5600e334e252b0c1bbf8bd28,True,True,True,1,0.8482791874289646,0.603960493136684,0.376292601023918,0.0268385200494165,0.3894652531372355,-0.0647929283123443,0.6005494176309903,0.9219854357936464,0.8448579891097087,0.2522028838879187,0.0,0.0682779848575592,8.783005114310072e-07,-4.124019622802734,99.462890625,0.537109375,0.0,-0.2516751587390899,-0.1697398424148559,-0.7982138991355896,-0.0318101160228252,-0.1509771049022674,-0.1018250286579132,-0.4788395464420318,-0.0190825294703245,55.029296875,44.970703125,0.0,-0.0071070552803575,CDP_NEG,55,72963,384.5406346,128,128,800,80,80,115,EARLY_STOPPING,False,0,2048,deterministic_evenly_spaced_full_fold,3.6649999618530273,6.109466117620462,3584,3507,97.8515625,CDP,1.4710406730757069,20,0.99,1.4710406730757069
TRIAL_0075_CDP_NEG,75,73c114f9f84ade0f7657d5cd25a7c20733c9658a09538f9d1fc4f8dfcffa6af0,FO_ONLY,COMPLETE,1,126,27493,2352,db92a7db6dfa639d2026ff19c5b1159be2b53d1e09d9e6a72b1b767a05c21400,2ea764e1783688df4d4bc4d6bc4b7c6a52ae545bfb933c403a7aa96e5d21a797,37176,557.9047248999996,0.0643153190612793,0.0859375,14269c18e6a56f09985dea654338c0b32f5e417a5600e334e252b0c1bbf8bd28,True,True,True,1,0.7183161123131775,0.9770373241627984,0.4798401569595978,0.026809985188044,0.5306261623112194,-0.096412602379652,0.972475516356118,0.849472743953805,0.7414341238528046,0.4887218650022745,0.0,0.091586172580719,0.0,-7.600752830505371,100.0,0.0,0.0,-0.3457793593406677,-0.26715087890625,-0.896359920501709,-0.0502875931560993,-0.2102407962083816,-0.1624331027269363,-0.5450048446655273,-0.0305758696049451,49.51171875,50.48828125,0.0,0.0005967135075479,CDP_NEG,135,72963,557.9042701999997,128,128,800,80,80,195,EARLY_STOPPING,False,0,2048,deterministic_evenly_spaced_full_fold,3.646400070190428,5.997169941663727,3584,3505,97.79575892857144,CDP,1.4510426770894138,20,0.99,1.4510426770894138
TRIAL_0075_CDP_NEG,75,73c114f9f84ade0f7657d5cd25a7c20733c9658a09538f9d1fc4f8dfcffa6af0,FO_ONLY,COMPLETE,2,126,26989,2856,424f72a3df11b24bdd551a74968aa5efe8f47b52221df203d3bd3ed6f8a96c5a,f1c78e2ff146b5069b0310a8b0222fe8d495ed8d7dbf78dc149a7df8702a8f3a,35480,507.6732591,0.0687098503112793,0.08203125,14269c18e6a56f09985dea654338c0b32f5e417a5600e334e252b0c1bbf8bd28,True,True,True,1,0.7608802451333846,0.8366074898173553,0.4637921736588707,0.0437236831218306,0.4889131103399154,-0.0759858202465734,0.833295492532212,0.8739808033774811,0.7913361697748548,0.3703563813802261,0.0,0.0930899009108543,2.151817568574188e-08,-6.247574806213379,99.90234375,0.09765625,0.0,-0.3636384308338165,-0.282476544380188,-1.0104498863220217,-0.0413082540035247,-0.221298947930336,-0.1719063520431518,-0.614928126335144,-0.025138908997178,54.1015625,45.8984375,0.0,-0.0044007422402501,CDP_NEG,105,72963,507.67279419999977,128,128,800,80,80,165,EARLY_STOPPING,False,0,2048,deterministic_evenly_spaced_full_fold,3.663600349426268,6.020027899742124,3584,3492,97.43303571428572,CDP,1.4524627365104603,20,0.99,1.4524627365104603
TRIAL_0075_CDP_NEG,75,73c114f9f84ade0f7657d5cd25a7c20733c9658a09538f9d1fc4f8dfcffa6af0,FO_ONLY,COMPLETE,3,126,26466,3379,ad1e190147cfc7079fe69ab58be273b0089b28a9cb71d4377b9a01145e874910,b3de2bff6a2b887166deba8883b54b43de7150168fdd2094f9852f380bd9133e,30504,605.8209399999996,0.0720133781433105,0.083984375,14269c18e6a56f09985dea654338c0b32f5e417a5600e334e252b0c1bbf8bd28,True,True,True,1,0.7387243951940555,1.084991155480355,0.4696037047522821,0.0332049230717726,0.5110756122673225,0.0184825812639566,1.0849942822355705,0.8605734174088141,0.7042138254269822,0.6693116941475636,0.0,0.0937373265624046,0.0,-8.96533489227295,100.0,0.0,0.0,-0.3327693343162536,-0.2648210823535919,-0.8944028615951538,-0.0576029494404792,-0.203242227435112,-0.1617421507835388,-0.5462655425071716,-0.0351815819740295,56.591796875,43.408203125,0.0,-0.0084587931632995,CDP_NEG,175,72963,605.8204834999997,128,128,800,80,80,235,EARLY_STOPPING,False,0,2048,deterministic_evenly_spaced_full_fold,3.652750015258789,5.9806626215577126,3584,3537,98.68861607142856,CDP,1.4666426917497315,20,0.99,1.4666426917497315
TRIAL_0075_CDP_NEG,75,73c114f9f84ade0f7657d5cd25a7c20733c9658a09538f9d1fc4f8dfcffa6af0,FO_ONLY,COMPLETE,4,126,27061,2784,2cf8e61e68345fca034455d14ca0a91ba8af3af3a30bcfad11a389cf00a64d26,e85c7d3201b31d98e24a7a8ea73439fb69c13286f849eaf6812d38684b5bedb5,2664,413.6699415000003,0.0675368309020996,0.08203125,14269c18e6a56f09985dea654338c0b32f5e417a5600e334e252b0c1bbf8bd28,True,True,True,1,0.7388435250884433,0.8997567979411791,0.4704202106638578,0.0282343909156804,0.510942921182482,0.0266138027120972,0.8995246755824767,0.8607405362807161,0.7774152885402558,0.490989212850196,0.0,0.0864982604980468,5.3113051734499095e-08,-4.388297080993652,99.609375,0.390625,0.0,-0.2663771510124206,-0.1774429380893707,-0.8897773027420044,-0.0353295467793941,-0.1616057306528091,-0.1076511293649673,-0.539810299873352,-0.021433737128973,52.63671875,47.36328125,0.0,-0.0038358629681169,CDP_NEG,60,72963,413.6692579000001,128,128,800,80,80,120,EARLY_STOPPING,False,0,2048,deterministic_evenly_spaced_full_fold,3.65000057220459,6.01635006070137,3584,3494,97.48883928571428,CDP,1.460840537792371,20,0.99,1.460840537792371
TRIAL_0075_CDP_NEG,75,73c114f9f84ade0f7657d5cd25a7c20733c9658a09538f9d1fc4f8dfcffa6af0,FO_ONLY,COMPLETE,0,168,25813,4032,81354305b7b8066000bae764cd84c6a44c1e035572eb00baa18e30401895a2a4,6d4d4bf8c14384a72deec9ae950f7dbc99365946e460adffb80cf5c9ed8ff111,26448,411.1117302000002,0.0752687454223632,0.083984375,14269c18e6a56f09985dea654338c0b32f5e417a5600e334e252b0c1bbf8bd28,True,True,True,1,0.8482045230319482,0.6041090844825859,0.3793551774416257,0.0268451230836571,0.3895610725936459,-0.0015000521972459,0.60418215013149,0.9211873008846748,0.8665570914635441,0.2711588035900005,0.0,0.0682071670889854,3.4864903852849245e-08,-4.649875640869141,99.8046875,0.1953125,0.0,-0.2786812782287597,-0.211667388677597,-0.7855786681175232,-0.0336930491030216,-0.1671777665615081,-0.126976877450943,-0.4712597727775574,-0.0202120821923017,56.0546875,43.9453125,0.0,-0.0115500409156084,CDP_NEG,65,72963,411.1112697999997,128,128,800,80,80,125,EARLY_STOPPING,False,0,2048,deterministic_evenly_spaced_full_fold,3.6649999618530273,6.109466117620462,3584,3516,98.10267857142856,CDP,1.4710406730757069,20,0.99,1.4710406730757069
TRIAL_0075_CDP_NEG,75,73c114f9f84ade0f7657d5cd25a7c20733c9658a09538f9d1fc4f8dfcffa6af0,FO_ONLY,COMPLETE,1,168,27493,2352,db92a7db6dfa639d2026ff19c5b1159be2b53d1e09d9e6a72b1b767a05c21400,2ea764e1783688df4d4bc4d6bc4b7c6a52ae545bfb933c403a7aa96e5d21a797,2664,662.8981780999993,0.0643157958984375,0.0859375,14269c18e6a56f09985dea654338c0b32f5e417a5600e334e252b0c1bbf8bd28,True,True,True,1,0.7259847123248178,0.9636460561363324,0.4673639691140198,0.0264425276830339,0.5233534031385301,-0.0704156924530128,0.961274273769994,0.8530075776281097,0.7388770929082962,0.5205053348651605,0.0,0.090589202940464,0.0,-10.73570156097412,100.0,0.0,0.0,-0.298122763633728,-0.2292614877223968,-0.7384008765220642,-0.0666369795799255,-0.1812646389007568,-0.1393955945968628,-0.4489625990390777,-0.0405166260898113,53.61328125,46.38671875,0.0,-0.0064261294901371,CDP_NEG,210,72963,662.8977676999993,128,128,800,80,80,270,EARLY_STOPPING,False,0,2048,deterministic_evenly_spaced_full_fold,3.646400070190428,5.997169941663727,3584,3521,98.2421875,CDP,1.4510426770894138,20,0.99,1.4510426770894138
TRIAL_0075_CDP_NEG,75,73c114f9f84ade0f7657d5cd25a7c20733c9658a09538f9d1fc4f8dfcffa6af0,FO_ONLY,COMPLETE,2,168,26989,2856,424f72a3df11b24bdd551a74968aa5efe8f47b52221df203d3bd3ed6f8a96c5a,f1c78e2ff146b5069b0310a8b0222fe8d495ed8d7dbf78dc149a7df8702a8f3a,35480,425.8456024999996,0.0687108039855957,0.08203125,14269c18e6a56f09985dea654338c0b32f5e417a5600e334e252b0c1bbf8bd28,True,True,True,1,0.7654441218628225,0.828585216662818,0.4604743320406192,0.0433044144282138,0.4842248968494558,-0.0561719554599051,0.826823766941352,0.8768639639379328,0.8115632331357818,0.3469035622225833,0.0,0.0927458703517913,0.0,-4.554118633270264,100.0,0.0,0.0,-0.3387179970741272,-0.259166419506073,-0.9603360891342164,-0.0427164360880851,-0.2061331570148468,-0.1577205657958984,-0.584430456161499,-0.0259958859533071,63.28125,36.71875,0.0,-0.0163602251559495,CDP_NEG,65,72963,425.8452046000002,128,128,800,80,80,125,EARLY_STOPPING,False,0,2048,deterministic_evenly_spaced_full_fold,3.663600349426268,6.020027899742124,3584,3526,98.38169642857144,CDP,1.4524627365104603,20,0.99,1.4524627365104603
TRIAL_0075_CDP_NEG,75,73c114f9f84ade0f7657d5cd25a7c20733c9658a09538f9d1fc4f8dfcffa6af0,FO_ONLY,COMPLETE,3,168,26466,3379,ad1e190147cfc7079fe69ab58be273b0089b28a9cb71d4377b9a01145e874910,b3de2bff6a2b887166deba8883b54b43de7150168fdd2094f9852f380bd9133e,37176,763.0185431999998,0.0720129013061523,0.083984375,14269c18e6a56f09985dea654338c0b32f5e417a5600e334e252b0c1bbf8bd28,True,True,True,1,0.7405340312054092,1.0812272168887531,0.4640058959336541,0.0330897320024724,0.5093026418513674,-0.0238554649038708,1.0811240082005713,0.8610431631277077,0.7180518138560931,0.5965254171034539,0.0,0.0901574566960334,0.0,-13.792980194091797,100.0,0.0,0.0,-0.2625741362571716,-0.1942770779132843,-0.7070905566215515,-0.044932086020708,-0.160369798541069,-0.1186566799879074,-0.4318627119064331,-0.0274427253752946,53.662109375,46.337890625,0.0,-0.0039127133786678,CDP_NEG,295,72963,763.0181517000001,128,128,800,80,80,355,EARLY_STOPPING,False,0,2048,deterministic_evenly_spaced_full_fold,3.652750015258789,5.9806626215577126,3584,3524,98.32589285714286,CDP,1.4666426917497315,20,0.99,1.4666426917497315
TRIAL_0075_CDP_NEG,75,73c114f9f84ade0f7657d5cd25a7c20733c9658a09538f9d1fc4f8dfcffa6af0,FO_ONLY,COMPLETE,4,168,27061,2784,2cf8e61e68345fca034455d14ca0a91ba8af3af3a30bcfad11a389cf00a64d26,e85c7d3201b31d98e24a7a8ea73439fb69c13286f849eaf6812d38684b5bedb5,30504,459.3126304999996,0.0675382614135742,0.08203125,14269c18e6a56f09985dea654338c0b32f5e417a5600e334e252b0c1bbf8bd28,True,True,True,1,0.7434998520682919,0.8916995502442465,0.4623980340803355,0.0279815542806028,0.5063674695889162,0.0248768623349515,0.8915126001543682,0.8632822248110131,0.7793171449381561,0.4852844557303516,0.0,0.0847918316721916,4.06968808874808e-07,-5.316462516784668,99.267578125,0.732421875,0.0,-0.2658877968788147,-0.1968506276607513,-0.8024400472640991,-0.0218584015965461,-0.1613088548183441,-0.1194253787398338,-0.4868245124816894,-0.0132610602304339,49.0234375,50.9765625,0.0,0.0013992558233439,CDP_NEG,80,72963,459.31224049999946,128,128,800,80,80,140,EARLY_STOPPING,False,0,2048,deterministic_evenly_spaced_full_fold,3.65000057220459,6.01635006070137,3584,3540,98.77232142857144,CDP,1.460840537792371,20,0.99,1.460840537792371
TRIAL_0081_CDP_NEG,81,1a908ae96518cd74cbef6c32a651eedb396d04c4637d6cbb23c0aedd89308720,FO_ONLY,COMPLETE,0,21,25813,4032,81354305b7b8066000bae764cd84c6a44c1e035572eb00baa18e30401895a2a4,6d4d4bf8c14384a72deec9ae950f7dbc99365946e460adffb80cf5c9ed8ff111,26648,69.99158669999451,0.0757880210876464,0.08203125,14269c18e6a56f09985dea654338c0b32f5e417a5600e334e252b0c1bbf8bd28,True,True,True,1,0.8604365284549874,0.5792577231747532,0.3702267042673257,0.0257407896607016,0.3735356175638091,0.0098126142479558,0.5792464400768856,0.9276195981607772,0.8593266386756913,0.2972451811719094,0.0,0.0644720196723938,9.664649951446336e-07,0.0644734874367713,99.31640625,0.68359375,0.0,-0.078975886106491,-0.063440591096878,-0.2058748006820678,-0.0136900208890438,-0.0473767444491386,-0.0380572974681854,-0.1235019788146019,-0.0082124890759587,60.986328125,39.013671875,0.0,-0.0204184502363204,CDP_NEG,215,76033,69.99121810001088,512,512,600,60,75,275,EARLY_STOPPING,False,0,2048,deterministic_evenly_spaced_full_fold,3.6649999618530273,6.109466117620462,448,439,97.99107142857144,CDP,1.4710406730757069,20,0.99,1.4710406730757069
TRIAL_0081_CDP_NEG,81,1a908ae96518cd74cbef6c32a651eedb396d04c4637d6cbb23c0aedd89308720,FO_ONLY,COMPLETE,1,21,27493,2352,db92a7db6dfa639d2026ff19c5b1159be2b53d1e09d9e6a72b1b767a05c21400,2ea764e1783688df4d4bc4d6bc4b7c6a52ae545bfb933c403a7aa96e5d21a797,26648,63.07309859999805,0.0669751167297363,0.083984375,14269c18e6a56f09985dea654338c0b32f5e417a5600e334e252b0c1bbf8bd28,True,True,True,1,0.7203575697764883,0.9734904277529548,0.4775892582921577,0.0267126580564599,0.5286998530663974,-0.0758938091303392,0.9707339443882927,0.849892209254034,0.736009671955428,0.5215161905805447,0.0,0.0911579728126525,2.230392652791125e-07,0.0911583080887794,97.265625,2.734375,0.0,-0.113283984363079,-0.0881503224372863,-0.322577565908432,-0.008123617619276,-0.0688789337873458,-0.0535971745848655,-0.1961336582899093,-0.0049393232911825,52.734375,47.265625,0.0,-0.0070297103375196,CDP_NEG,175,76033,63.072752499982016,512,512,600,60,75,235,EARLY_STOPPING,False,0,2048,deterministic_evenly_spaced_full_fold,3.646400070190428,5.997169941663727,448,441,98.4375,CDP,1.4510426770894138,20,0.99,1.4510426770894138
TRIAL_0081_CDP_NEG,81,1a908ae96518cd74cbef6c32a651eedb396d04c4637d6cbb23c0aedd89308720,FO_ONLY,COMPLETE,2,21,26989,2856,424f72a3df11b24bdd551a74968aa5efe8f47b52221df203d3bd3ed6f8a96c5a,f1c78e2ff146b5069b0310a8b0222fe8d495ed8d7dbf78dc149a7df8702a8f3a,26648,39.65452989999904,0.0699286460876464,0.083984375,14269c18e6a56f09985dea654338c0b32f5e417a5600e334e252b0c1bbf8bd28,True,True,True,1,0.7732155739236074,0.8147429917333276,0.4646192465514904,0.0425809771366706,0.4761355056753709,-0.0913740707123104,0.8097447152586055,0.8812266657326022,0.7570056740666687,0.4284027507084313,0.0,0.0880595594644546,0.0,0.0880595594644546,100.0,0.0,0.0,-0.164032369852066,-0.1354295313358307,-0.3654224276542663,-0.0339691564440727,-0.0998249500989914,-0.0824181735515594,-0.2223846316337585,-0.0206725634634494,62.5,37.5,0.0,-0.0220662504434585,CDP_NEG,85,76033,39.65415290000965,512,512,600,60,75,145,EARLY_STOPPING,False,0,2048,deterministic_evenly_spaced_full_fold,3.663600349426268,6.020027899742124,448,436,97.32142857142856,CDP,1.4524627365104603,20,0.99,1.4524627365104603
TRIAL_0081_CDP_NEG,81,1a908ae96518cd74cbef6c32a651eedb396d04c4637d6cbb23c0aedd89308720,FO_ONLY,COMPLETE,3,21,26466,3379,ad1e190147cfc7079fe69ab58be273b0089b28a9cb71d4377b9a01145e874910,b3de2bff6a2b887166deba8883b54b43de7150168fdd2094f9852f380bd9133e,26648,62.47475890000351,0.0750565528869628,0.083984375,14269c18e6a56f09985dea654338c0b32f5e417a5600e334e252b0c1bbf8bd28,True,True,True,1,0.745063835764091,1.071747528467352,0.4745952462936563,0.0327996168958311,0.5048373173742052,0.0163311018226534,1.0717817022500855,0.8646939836493158,0.7038372367563113,0.6679888364997199,0.0,0.095647893846035,1.5607756864710612e-08,0.0956479161977768,99.8046875,0.1953125,0.0,-0.1051887571811676,-0.0719324648380279,-0.2749484479427337,-0.0232691969722509,-0.0642450973391532,-0.0439334735274314,-0.1679275333881378,-0.0142118968069553,56.494140625,43.505859375,0.0,-0.0120210777968168,CDP_NEG,180,76033,62.47436059999745,512,512,600,60,75,240,EARLY_STOPPING,False,0,2048,deterministic_evenly_spaced_full_fold,3.652750015258789,5.9806626215577126,448,445,99.33035714285714,CDP,1.4666426917497315,20,0.99,1.4666426917497315
TRIAL_0081_CDP_NEG,81,1a908ae96518cd74cbef6c32a651eedb396d04c4637d6cbb23c0aedd89308720,FO_ONLY,COMPLETE,4,21,27061,2784,2cf8e61e68345fca034455d14ca0a91ba8af3af3a30bcfad11a389cf00a64d26,e85c7d3201b31d98e24a7a8ea73439fb69c13286f849eaf6812d38684b5bedb5,26648,99.55766990000848,0.0686898231506347,0.083984375,14269c18e6a56f09985dea654338c0b32f5e417a5600e334e252b0c1bbf8bd28,True,True,True,1,0.7510594678146716,0.8784611194609316,0.4552900876687895,0.0275661319901554,0.4988497909097703,0.0080683659857066,0.878581871540038,0.8679905373951193,0.7952795037923276,0.4351739105069283,0.0,0.0818146020174026,0.0,0.0818146020174026,100.0,0.0,0.0,-0.1096792370080947,-0.0734728872776031,-0.3114537596702575,-0.018029885366559,-0.0665402263402938,-0.0445745512843132,-0.1889528334140777,-0.010938374325633,53.61328125,46.38671875,0.0,-0.0067561706528067,CDP_NEG,210,76033,99.55731219999144,512,512,600,60,75,270,EARLY_STOPPING,False,0,2048,deterministic_evenly_spaced_full_fold,3.65000057220459,6.01635006070137,448,443,98.88392857142856,CDP,1.460840537792371,20,0.99,1.460840537792371
TRIAL_0081_CDP_NEG,81,1a908ae96518cd74cbef6c32a651eedb396d04c4637d6cbb23c0aedd89308720,FO_ONLY,COMPLETE,0,42,25813,4032,81354305b7b8066000bae764cd84c6a44c1e035572eb00baa18e30401895a2a4,6d4d4bf8c14384a72deec9ae950f7dbc99365946e460adffb80cf5c9ed8ff111,26648,80.52612910000607,0.0757884979248046,0.083984375,14269c18e6a56f09985dea654338c0b32f5e417a5600e334e252b0c1bbf8bd28,True,True,True,1,0.859703859002699,0.5807762039419725,0.3677343202579077,0.0258082672142482,0.3745148132282765,-0.0164076950783806,0.5806163936514809,0.927325999702123,0.8498740459035548,0.2903389976971488,0.0,0.0663207694888114,4.415114744915627e-07,0.0663214400410652,99.462890625,0.537109375,0.0,-0.0864722952246666,-0.0637075826525688,-0.244131788611412,-0.0156937669962644,-0.0518737509846687,-0.0382174625992774,-0.1464519053697586,-0.0094145145267248,61.474609375,38.525390625,0.0,-0.0242436900734901,CDP_NEG,160,76033,80.52574679997633,512,512,600,60,75,220,EARLY_STOPPING,False,0,2048,deterministic_evenly_spaced_full_fold,3.6649999618530273,6.109466117620462,448,444,99.10714285714286,CDP,1.4710406730757069,20,0.99,1.4710406730757069
TRIAL_0081_CDP_NEG,81,1a908ae96518cd74cbef6c32a651eedb396d04c4637d6cbb23c0aedd89308720,FO_ONLY,COMPLETE,1,42,27493,2352,db92a7db6dfa639d2026ff19c5b1159be2b53d1e09d9e6a72b1b767a05c21400,2ea764e1783688df4d4bc4d6bc4b7c6a52ae545bfb933c403a7aa96e5d21a797,26648,142.8852105999831,0.0669741630554199,0.08203125,14269c18e6a56f09985dea654338c0b32f5e417a5600e334e252b0c1bbf8bd28,True,True,True,1,0.7240067445833724,0.9671178213132032,0.4638883193628546,0.0265377932073556,0.5252389088266852,-0.1258096639304516,0.9591037035529514,0.8540932098357762,0.7053492322188688,0.5409848978203761,0.0,0.0869041457772255,3.325657189634512e-07,0.086904652416706,97.509765625,2.490234375,0.0,-0.081772580742836,-0.0631431117653846,-0.2305250763893127,-0.0062442794442176,-0.0497193746268749,-0.0383922830224037,-0.1401638835668563,-0.003796647535637,48.73046875,51.26953125,0.0,0.0033612691331654,CDP_NEG,305,76033,142.8847602000169,512,512,600,60,75,365,EARLY_STOPPING,False,0,2048,deterministic_evenly_spaced_full_fold,3.646400070190428,5.997169941663727,448,422,94.19642857142856,CDP,1.4510426770894138,20,0.99,1.4510426770894138
TRIAL_0081_CDP_NEG,81,1a908ae96518cd74cbef6c32a651eedb396d04c4637d6cbb23c0aedd89308720,FO_ONLY,COMPLETE,2,42,26989,2856,424f72a3df11b24bdd551a74968aa5efe8f47b52221df203d3bd3ed6f8a96c5a,f1c78e2ff146b5069b0310a8b0222fe8d495ed8d7dbf78dc149a7df8702a8f3a,26648,77.3078952000069,0.0699286460876464,0.083984375,14269c18e6a56f09985dea654338c0b32f5e417a5600e334e252b0c1bbf8bd28,True,True,True,1,0.7775257157965106,0.806963569717134,0.456253256369643,0.0421744005912212,0.4715892143011275,-0.0534490754681767,0.805332531434801,0.882367852834283,0.7860240073129314,0.4042561030870915,0.0,0.0878928080201149,8.9641023492959e-09,0.087892822921276,99.8046875,0.1953125,0.0,-0.1371647119522094,-0.1099131256341934,-0.3538175225257873,-0.0201502423733472,-0.0834741443395614,-0.066889688372612,-0.215322270989418,-0.0122628062963485,53.662109375,46.337890625,0.0,-0.008430914953351,CDP_NEG,145,76033,77.30754209999577,512,512,600,60,75,205,EARLY_STOPPING,False,0,2048,deterministic_evenly_spaced_full_fold,3.663600349426268,6.020027899742124,448,432,96.42857142857144,CDP,1.4524627365104603,20,0.99,1.4524627365104603
TRIAL_0081_CDP_NEG,81,1a908ae96518cd74cbef6c32a651eedb396d04c4637d6cbb23c0aedd89308720,FO_ONLY,COMPLETE,3,42,26466,3379,ad1e190147cfc7079fe69ab58be273b0089b28a9cb71d4377b9a01145e874910,b3de2bff6a2b887166deba8883b54b43de7150168fdd2094f9852f380bd9133e,26648,66.46718360000523,0.0750565528869628,0.083984375,14269c18e6a56f09985dea654338c0b32f5e417a5600e334e252b0c1bbf8bd28,True,True,True,1,0.7456844378813738,1.0704422329461476,0.4711477488663868,0.0327596698076465,0.504222469313629,-0.0531774722138061,1.0692787765431055,0.8640081094534992,0.7343539382178976,0.5313332507104326,0.0,0.0928272306919097,1.6456480622650815e-08,0.0928272530436515,99.560546875,0.439453125,0.0,-0.1217568442225456,-0.0815034210681915,-0.3562328219413757,-0.0164856687188148,-0.0743642225861549,-0.0497790351510047,-0.2175727933645248,-0.0100687881931662,61.572265625,38.427734375,0.0,-0.0182839855551719,CDP_NEG,120,76033,66.46658249999746,512,512,600,60,75,180,EARLY_STOPPING,False,0,2048,deterministic_evenly_spaced_full_fold,3.652750015258789,5.9806626215577126,448,442,98.66071428571428,CDP,1.4666426917497315,20,0.99,1.4666426917497315
TRIAL_0081_CDP_NEG,81,1a908ae96518cd74cbef6c32a651eedb396d04c4637d6cbb23c0aedd89308720,FO_ONLY,COMPLETE,4,42,27061,2784,2cf8e61e68345fca034455d14ca0a91ba8af3af3a30bcfad11a389cf00a64d26,e85c7d3201b31d98e24a7a8ea73439fb69c13286f849eaf6812d38684b5bedb5,26648,70.58846389999962,0.0686898231506347,0.083984375,14269c18e6a56f09985dea654338c0b32f5e417a5600e334e252b0c1bbf8bd28,True,True,True,1,0.7497167406537797,0.8808270406256004,0.4532762844445924,0.02764037465572,0.5001933213770359,-0.0166916418832746,0.8808270821346055,0.8669822198233027,0.7889641214578029,0.4235895976016344,0.0,0.0824277997016906,1.4018129712578542e-10,0.0824277997016906,99.755859375,0.244140625,0.0,-0.1239763647317886,-0.0842248350381851,-0.3721834123134613,-0.0131931202486157,-0.0752140060067176,-0.0510975420475006,-0.2257963120937347,-0.0080040050670504,49.8046875,50.146484375,0.048828125,0.0002708722022362,CDP_NEG,120,76033,70.58764350001002,512,512,600,60,75,180,EARLY_STOPPING,False,0,2048,deterministic_evenly_spaced_full_fold,3.65000057220459,6.01635006070137,448,446,99.55357142857144,CDP,1.460840537792371,20,0.99,1.460840537792371
TRIAL_0081_CDP_NEG,81,1a908ae96518cd74cbef6c32a651eedb396d04c4637d6cbb23c0aedd89308720,FO_ONLY,COMPLETE,0,84,25813,4032,81354305b7b8066000bae764cd84c6a44c1e035572eb00baa18e30401895a2a4,6d4d4bf8c14384a72deec9ae950f7dbc99365946e460adffb80cf5c9ed8ff111,26648,78.2382872000162,0.0757884979248046,0.083984375,14269c18e6a56f09985dea654338c0b32f5e417a5600e334e252b0c1bbf8bd28,True,True,True,1,0.8574721735217121,0.5853771719789737,0.3733927045226058,0.0260127229266847,0.3774817575923038,0.0119648773756962,0.5853274702823057,0.9260478778553484,0.8522486689037119,0.3138595926482619,0.0,0.068582147359848,2.496223885373184e-07,0.0685825273394584,99.51171875,0.48828125,0.0,-0.0812766999006271,-0.0569917485117912,-0.2420341819524765,-0.0127028319984674,-0.0487569794058799,-0.0341887101531028,-0.1451935917139053,-0.0076202857308089,61.62109375,38.37890625,0.0,-0.0214806795120239,CDP_NEG,155,76033,78.2379078999802,512,512,600,60,75,215,EARLY_STOPPING,False,0,2048,deterministic_evenly_spaced_full_fold,3.6649999618530273,6.109466117620462,448,444,99.10714285714286,CDP,1.4710406730757069,20,0.99,1.4710406730757069
TRIAL_0081_CDP_NEG,81,1a908ae96518cd74cbef6c32a651eedb396d04c4637d6cbb23c0aedd89308720,FO_ONLY,COMPLETE,1,84,27493,2352,db92a7db6dfa639d2026ff19c5b1159be2b53d1e09d9e6a72b1b767a05c21400,2ea764e1783688df4d4bc4d6bc4b7c6a52ae545bfb933c403a7aa96e5d21a797,26648,122.17003710000428,0.0669746398925781,0.08203125,14269c18e6a56f09985dea654338c0b32f5e417a5600e334e252b0c1bbf8bd28,True,True,True,1,0.7241236400820545,0.9669129907766963,0.4663648765144527,0.0265321726404499,0.5251276659510828,-0.0896233109754136,0.9629551633843152,0.852490424515601,0.7133663629806817,0.5590284872826237,0.0,0.0898618400096893,9.776279341622285e-08,0.0898619890213012,99.072265625,0.927734375,0.0,-0.091774120926857,-0.0803753435611724,-0.210810899734497,-0.0103850336745381,-0.055800512433052,-0.0488698258996009,-0.1281772702932357,-0.0063143093138933,51.318359375,48.681640625,0.0,-0.0022929045371711,CDP_NEG,260,76033,122.16964340000412,512,512,600,60,75,320,EARLY_STOPPING,False,0,2048,deterministic_evenly_spaced_full_fold,3.646400070190428,5.997169941663727,448,436,97.32142857142856,CDP,1.4510426770894138,20,0.99,1.4510426770894138
TRIAL_0081_CDP_NEG,81,1a908ae96518cd74cbef6c32a651eedb396d04c4637d6cbb23c0aedd89308720,FO_ONLY,COMPLETE,2,84,26989,2856,424f72a3df11b24bdd551a74968aa5efe8f47b52221df203d3bd3ed6f8a96c5a,f1c78e2ff146b5069b0310a8b0222fe8d495ed8d7dbf78dc149a7df8702a8f3a,26648,92.11526100002811,0.0699286460876464,0.083984375,14269c18e6a56f09985dea654338c0b32f5e417a5600e334e252b0c1bbf8bd28,True,True,True,1,0.7758243129951263,0.8100433752736889,0.4476456418659548,0.0423353607115532,0.4733890515392882,-0.0630781322232439,0.807725112513801,0.8822619378395102,0.8089800048504445,0.3455230378875448,0.0,0.0858853310346603,0.0,0.0858853310346603,100.0,0.0,0.0,-0.1220719814300537,-0.0976081192493438,-0.3334734737873077,-0.0215841773897409,-0.0742891803383827,-0.0594012401998043,-0.2029414921998977,-0.0131354536861181,63.8671875,36.1328125,0.0,-0.0217020865529775,CDP_NEG,185,76033,92.11477730001208,512,512,600,60,75,245,EARLY_STOPPING,False,0,2048,deterministic_evenly_spaced_full_fold,3.663600349426268,6.020027899742124,448,428,95.53571428571428,CDP,1.4524627365104603,20,0.99,1.4524627365104603
TRIAL_0081_CDP_NEG,81,1a908ae96518cd74cbef6c32a651eedb396d04c4637d6cbb23c0aedd89308720,FO_ONLY,COMPLETE,3,84,26466,3379,ad1e190147cfc7079fe69ab58be273b0089b28a9cb71d4377b9a01145e874910,b3de2bff6a2b887166deba8883b54b43de7150168fdd2094f9852f380bd9133e,26648,69.94774229999166,0.0750560760498046,0.08203125,14269c18e6a56f09985dea654338c0b32f5e417a5600e334e252b0c1bbf8bd28,True,True,True,1,0.7435710068767583,1.0748808624986814,0.4735854953488622,0.0328955090281706,0.5063132470169595,-0.0218413023662573,1.0748179903354038,0.8629217134307037,0.7179390523914416,0.5987876928063045,0.0,0.0941245034337043,1.1576923952816287e-06,0.0941262617707252,99.4140625,0.5859375,0.0,-0.1172285228967666,-0.0634634792804718,-0.3783725798130035,-0.0167883709073066,-0.0715985000133514,-0.0387609601020813,-0.2310948669910431,-0.0102536669000983,53.466796875,46.533203125,0.0,-0.0043139988556504,CDP_NEG,120,76033,69.94738060000236,512,512,600,60,75,180,EARLY_STOPPING,False,0,2048,deterministic_evenly_spaced_full_fold,3.652750015258789,5.9806626215577126,448,429,95.75892857142856,CDP,1.4666426917497315,20,0.99,1.4666426917497315
TRIAL_0081_CDP_NEG,81,1a908ae96518cd74cbef6c32a651eedb396d04c4637d6cbb23c0aedd89308720,FO_ONLY,COMPLETE,4,84,27061,2784,2cf8e61e68345fca034455d14ca0a91ba8af3af3a30bcfad11a389cf00a64d26,e85c7d3201b31d98e24a7a8ea73439fb69c13286f849eaf6812d38684b5bedb5,26648,80.94858870000462,0.0686898231506347,0.08203125,14269c18e6a56f09985dea654338c0b32f5e417a5600e334e252b0c1bbf8bd28,True,True,True,1,0.7498250813187874,0.8806363772208536,0.4616888432869144,0.0276343916332907,0.5000850497671888,0.018980838849613,0.8805899673819148,0.8667911526473446,0.7835920414961034,0.4704697745826075,0.0,0.0849489867687225,1.7265068663618877e-07,0.0849492475390434,97.705078125,2.294921875,0.0,-0.1173554062843322,-0.0906349569559097,-0.3323829472064972,-0.0066696931608021,-0.0711971968412399,-0.05498643592,-0.2016501575708389,-0.0040463707409799,54.248046875,45.751953125,0.0,-0.0056990953162312,CDP_NEG,145,76033,80.94821040000534,512,512,600,60,75,205,EARLY_STOPPING,False,0,2048,deterministic_evenly_spaced_full_fold,3.65000057220459,6.01635006070137,448,448,100.0,CDP,1.460840537792371,20,0.99,1.460840537792371
TRIAL_0081_CDP_NEG,81,1a908ae96518cd74cbef6c32a651eedb396d04c4637d6cbb23c0aedd89308720,FO_ONLY,COMPLETE,0,126,25813,4032,81354305b7b8066000bae764cd84c6a44c1e035572eb00baa18e30401895a2a4,6d4d4bf8c14384a72deec9ae950f7dbc99365946e460adffb80cf5c9ed8ff111,26648,66.34679680000409,0.0757884979248046,0.08203125,14269c18e6a56f09985dea654338c0b32f5e417a5600e334e252b0c1bbf8bd28,True,True,True,1,0.8589158166557487,0.582405027611876,0.3694172050495076,0.0258806481352164,0.375565163756372,0.0132858023625597,0.5823256877564355,0.927765201086961,0.8996595140361944,0.218307728159037,0.0,0.0640679895877838,6.476012259781784e-08,0.0640680864453315,99.51171875,0.48828125,0.0,-0.1112135797739029,-0.0705506652593612,-0.3618464171886444,-0.0149682043120265,-0.0667157769203186,-0.0423225536942482,-0.2170675992965698,-0.0089792571961879,62.6953125,37.3046875,0.0,-0.026666522026062,CDP_NEG,120,76033,66.34636739999405,512,512,600,60,75,180,EARLY_STOPPING,False,0,2048,deterministic_evenly_spaced_full_fold,3.6649999618530273,6.109466117620462,448,446,99.55357142857144,CDP,1.4710406730757069,20,0.99,1.4710406730757069
TRIAL_0081_CDP_NEG,81,1a908ae96518cd74cbef6c32a651eedb396d04c4637d6cbb23c0aedd89308720,FO_ONLY,COMPLETE,1,126,27493,2352,db92a7db6dfa639d2026ff19c5b1159be2b53d1e09d9e6a72b1b767a05c21400,2ea764e1783688df4d4bc4d6bc4b7c6a52ae545bfb933c403a7aa96e5d21a797,26648,98.0493817999959,0.0669746398925781,0.083984375,14269c18e6a56f09985dea654338c0b32f5e417a5600e334e252b0c1bbf8bd28,True,True,True,1,0.720301717401028,0.9735876394640268,0.4719445350766815,0.0267153255538722,0.5287526484672509,-0.1339011704596709,0.9645407822009372,0.8518544081830609,0.7188638954891624,0.5023097140776657,0.0,0.0900920927524566,4.38414190284675e-07,0.0900927558541297,97.265625,2.734375,0.0,-0.0916071683168411,-0.0678574740886688,-0.2655284404754638,-0.0081294709816575,-0.0556990057229995,-0.0412587113678455,-0.1614466309547424,-0.0049428818747401,49.560546875,50.439453125,0.0,0.0009013990638777,CDP_NEG,190,76033,98.04901350001457,512,512,600,60,75,250,EARLY_STOPPING,False,0,2048,deterministic_evenly_spaced_full_fold,3.646400070190428,5.997169941663727,448,427,95.3125,CDP,1.4510426770894138,20,0.99,1.4510426770894138
TRIAL_0081_CDP_NEG,81,1a908ae96518cd74cbef6c32a651eedb396d04c4637d6cbb23c0aedd89308720,FO_ONLY,COMPLETE,2,126,26989,2856,424f72a3df11b24bdd551a74968aa5efe8f47b52221df203d3bd3ed6f8a96c5a,f1c78e2ff146b5069b0310a8b0222fe8d495ed8d7dbf78dc149a7df8702a8f3a,26648,95.58108449997962,0.0699286460876464,0.083984375,14269c18e6a56f09985dea654338c0b32f5e417a5600e334e252b0c1bbf8bd28,True,True,True,1,0.7769745335114053,0.8079625815297877,0.4579004175277526,0.0422266120242565,0.4721730364381938,-0.0019744750743611,0.8081016557099051,0.8830670572984378,0.8267975679784717,0.3685140506667369,0.0,0.0871101096272468,1.7969548071761207e-10,0.0871101096272468,99.951171875,0.048828125,0.0,-0.1294449269771576,-0.1068339794874191,-0.3276027143001556,-0.0263379905372858,-0.0787761285901069,-0.0650158077478408,-0.1993687450885772,-0.0160284768790006,56.982421875,43.017578125,0.0,-0.0106623712927103,CDP_NEG,190,76033,95.58068529999582,512,512,600,60,75,250,EARLY_STOPPING,False,0,2048,deterministic_evenly_spaced_full_fold,3.663600349426268,6.020027899742124,448,427,95.3125,CDP,1.4524627365104603,20,0.99,1.4524627365104603
TRIAL_0081_CDP_NEG,81,1a908ae96518cd74cbef6c32a651eedb396d04c4637d6cbb23c0aedd89308720,FO_ONLY,COMPLETE,3,126,26466,3379,ad1e190147cfc7079fe69ab58be273b0089b28a9cb71d4377b9a01145e874910,b3de2bff6a2b887166deba8883b54b43de7150168fdd2094f9852f380bd9133e,26648,112.17514289999964,0.0750560760498046,0.083984375,14269c18e6a56f09985dea654338c0b32f5e417a5600e334e252b0c1bbf8bd28,True,True,True,1,0.7453976152927785,1.0710456967894435,0.4756092047019251,0.0327781381337633,0.5045067256890252,-0.0049307237572153,1.071192866164305,0.863389482276892,0.740092084295385,0.5669541469729555,0.0,0.0935875326395034,3.829018879741852e-08,0.0935875922441482,99.12109375,0.87890625,0.0,-0.0817476361989975,-0.0504137724637985,-0.2447394728660583,-0.009569420479238,-0.0499281883239746,-0.0307907201349735,-0.1494770944118499,-0.0058446205221116,58.10546875,41.89453125,0.0,-0.0110702132806181,CDP_NEG,235,76033,112.17476980001084,512,512,600,60,75,295,EARLY_STOPPING,False,0,2048,deterministic_evenly_spaced_full_fold,3.652750015258789,5.9806626215577126,448,440,98.21428571428572,CDP,1.4666426917497315,20,0.99,1.4666426917497315
TRIAL_0081_CDP_NEG,81,1a908ae96518cd74cbef6c32a651eedb396d04c4637d6cbb23c0aedd89308720,FO_ONLY,COMPLETE,4,126,27061,2784,2cf8e61e68345fca034455d14ca0a91ba8af3af3a30bcfad11a389cf00a64d26,e85c7d3201b31d98e24a7a8ea73439fb69c13286f849eaf6812d38684b5bedb5,26648,114.98315789998742,0.0686893463134765,0.08203125,14269c18e6a56f09985dea654338c0b32f5e417a5600e334e252b0c1bbf8bd28,True,True,True,1,0.7527645445580147,0.8754475136800636,0.4564221766604637,0.0274715649650688,0.4971384611987945,-0.0187195241249292,0.8754045875961188,0.8677149332801979,0.746695001157702,0.5097471974032323,0.0,0.0808324888348579,1.151940098864656e-09,0.0808324888348579,99.853515625,0.146484375,0.0,-0.0870121195912361,-0.0664354115724563,-0.2493921816349029,-0.0101549671962857,-0.052788533270359,-0.0403050519526004,-0.151301309466362,-0.0061608175747096,51.3671875,48.6328125,0.0,-0.0025920418556779,CDP_NEG,245,76033,114.9827763000212,512,512,600,60,75,305,EARLY_STOPPING,False,0,2048,deterministic_evenly_spaced_full_fold,3.65000057220459,6.01635006070137,448,436,97.32142857142856,CDP,1.460840537792371,20,0.99,1.460840537792371
TRIAL_0081_CDP_NEG,81,1a908ae96518cd74cbef6c32a651eedb396d04c4637d6cbb23c0aedd89308720,FO_ONLY,COMPLETE,0,168,25813,4032,81354305b7b8066000bae764cd84c6a44c1e035572eb00baa18e30401895a2a4,6d4d4bf8c14384a72deec9ae950f7dbc99365946e460adffb80cf5c9ed8ff111,26648,74.0912004999991,0.0757884979248046,0.083984375,14269c18e6a56f09985dea654338c0b32f5e417a5600e334e252b0c1bbf8bd28,True,True,True,1,0.8613418344157265,0.5773759318719892,0.3653021873863523,0.0256571674798106,0.3723221403009568,0.0044965533171697,0.5774300325715012,0.9281205690141598,0.8684484507544773,0.2732908660889462,0.0,0.0654335096478462,1.427726648017824e-08,0.065433531999588,99.658203125,0.341796875,0.0,-0.1086625158786773,-0.0779705047607421,-0.3171198964118957,-0.0179259646683931,-0.0651854276657104,-0.0467736274003982,-0.1902366578578949,-0.0107535840943455,61.865234375,38.134765625,0.0,-0.0243611522018909,CDP_NEG,145,76033,74.09083400000236,512,512,600,60,75,205,EARLY_STOPPING,False,0,2048,deterministic_evenly_spaced_full_fold,3.6649999618530273,6.109466117620462,448,442,98.66071428571428,CDP,1.4710406730757069,20,0.99,1.4710406730757069
TRIAL_0081_CDP_NEG,81,1a908ae96518cd74cbef6c32a651eedb396d04c4637d6cbb23c0aedd89308720,FO_ONLY,COMPLETE,1,168,27493,2352,db92a7db6dfa639d2026ff19c5b1159be2b53d1e09d9e6a72b1b767a05c21400,2ea764e1783688df4d4bc4d6bc4b7c6a52ae545bfb933c403a7aa96e5d21a797,26648,96.93951550000928,0.0669746398925781,0.08203125,14269c18e6a56f09985dea654338c0b32f5e417a5600e334e252b0c1bbf8bd28,True,True,True,1,0.719065914194419,0.9757360914438116,0.4836390880744296,0.0267742792543407,0.5299194665618615,-0.0807957677978414,0.9725919737294554,0.8493822441121684,0.7032723552749904,0.5906987655907068,0.0,0.0926848426461219,1.436050069969497e-07,0.0926850587129592,99.169921875,0.830078125,0.0,-0.1129340678453445,-0.0841990709304809,-0.3106472492218017,-0.0167924854904413,-0.0686661824584007,-0.0511947274208068,-0.1888797730207443,-0.0102101694792509,48.828125,51.171875,0.0,0.0044274693354964,CDP_NEG,195,76033,96.93912159997852,512,512,600,60,75,255,EARLY_STOPPING,False,0,2048,deterministic_evenly_spaced_full_fold,3.646400070190428,5.997169941663727,448,440,98.21428571428572,CDP,1.4510426770894138,20,0.99,1.4510426770894138
TRIAL_0081_CDP_NEG,81,1a908ae96518cd74cbef6c32a651eedb396d04c4637d6cbb23c0aedd89308720,FO_ONLY,COMPLETE,2,168,26989,2856,424f72a3df11b24bdd551a74968aa5efe8f47b52221df203d3bd3ed6f8a96c5a,f1c78e2ff146b5069b0310a8b0222fe8d495ed8d7dbf78dc149a7df8702a8f3a,26648,91.92841809999663,0.0699286460876464,0.083984375,14269c18e6a56f09985dea654338c0b32f5e417a5600e334e252b0c1bbf8bd28,True,True,True,1,0.7787799188393563,0.8046857185239112,0.452603876186373,0.0420553530749327,0.470258038898893,-0.0287120569606914,0.8043141403825941,0.8830725349580578,0.8040901801088133,0.3903486889107541,0.0,0.0880802273750305,1.9920751270774417e-08,0.0880802571773529,99.8046875,0.1953125,0.0,-0.145357146859169,-0.1126955673098564,-0.3822848498821258,-0.0217415783554315,-0.0884598046541214,-0.068582996726036,-0.232646569609642,-0.013231243006885,59.08203125,40.91796875,0.0,-0.0110585745424032,CDP_NEG,180,76033,91.92802089999896,512,512,600,60,75,240,EARLY_STOPPING,False,0,2048,deterministic_evenly_spaced_full_fold,3.663600349426268,6.020027899742124,448,428,95.53571428571428,CDP,1.4524627365104603,20,0.99,1.4524627365104603
TRIAL_0081_CDP_NEG,81,1a908ae96518cd74cbef6c32a651eedb396d04c4637d6cbb23c0aedd89308720,FO_ONLY,COMPLETE,3,168,26466,3379,ad1e190147cfc7079fe69ab58be273b0089b28a9cb71d4377b9a01145e874910,b3de2bff6a2b887166deba8883b54b43de7150168fdd2094f9852f380bd9133e,26648,67.35955599998124,0.0750565528869628,0.083984375,14269c18e6a56f09985dea654338c0b32f5e417a5600e334e252b0c1bbf8bd28,True,True,True,1,0.7453698803233305,1.071104032085027,0.4760839342388305,0.0327799234192861,0.5045342040207668,-0.0271531344671953,1.0709182810614202,0.8649379654970306,0.704148836920701,0.6238189749981549,0.0,0.0949231833219528,1.7106611949202488e-07,0.0949234440922737,98.974609375,1.025390625,0.0,-0.1268062889575958,-0.0803523808717727,-0.3735865354537964,-0.014084150083363,-0.0774482265114784,-0.0490760244429111,-0.2281717360019683,-0.0086020370945334,50.09765625,49.90234375,0.0,-0.0001888288825284,CDP_NEG,120,76033,67.359163599991,512,512,600,60,75,180,EARLY_STOPPING,False,0,2048,deterministic_evenly_spaced_full_fold,3.652750015258789,5.9806626215577126,448,446,99.55357142857144,CDP,1.4666426917497315,20,0.99,1.4666426917497315
TRIAL_0081_CDP_NEG,81,1a908ae96518cd74cbef6c32a651eedb396d04c4637d6cbb23c0aedd89308720,FO_ONLY,COMPLETE,4,168,27061,2784,2cf8e61e68345fca034455d14ca0a91ba8af3af3a30bcfad11a389cf00a64d26,e85c7d3201b31d98e24a7a8ea73439fb69c13286f849eaf6812d38684b5bedb5,26648,73.27427689998876,0.0686893463134765,0.083984375,14269c18e6a56f09985dea654338c0b32f5e417a5600e334e252b0c1bbf8bd28,True,True,True,1,0.7540419139381287,0.8731830366745178,0.4488064371700979,0.0274005056197652,0.4958525376038724,-0.0088374549535122,0.8732951696346967,0.8691248290978173,0.7868453307947206,0.4358641882361833,0.0,0.0802329331636428,3.2001974403783606e-08,0.080232985317707,99.951171875,0.048828125,0.0,-0.1258197575807571,-0.0880384296178817,-0.3817693889141083,-0.0150133874267339,-0.0763323530554771,-0.0534111782908439,-0.2316119372844696,-0.009108324535191,41.015625,58.984375,0.0,0.0182526819407939,CDP_NEG,140,76033,73.27385289999074,512,512,600,60,75,200,EARLY_STOPPING,False,0,2048,deterministic_evenly_spaced_full_fold,3.65000057220459,6.01635006070137,448,438,97.76785714285714,CDP,1.460840537792371,20,0.99,1.460840537792371
TRIAL_0086_CDP_NEG,86,48f77edf37346865aa74eb99498e9c0a53f446055d5f722a020faafca9c7a183,FO_ONLY,COMPLETE,0,21,25813,4032,81354305b7b8066000bae764cd84c6a44c1e035572eb00baa18e30401895a2a4,6d4d4bf8c14384a72deec9ae950f7dbc99365946e460adffb80cf5c9ed8ff111,35156,1171.9101756,0.1484026908874511,0.158203125,14269c18e6a56f09985dea654338c0b32f5e417a5600e334e252b0c1bbf8bd28,True,True,True,1,0.8516534700550633,0.5972066665092783,0.388484474222914,0.0265383965919888,0.3851100331733822,-0.0305342742595091,0.5964995453224182,0.9231509527367108,0.8641165257730972,0.2471112972395653,0.0,0.0692031979560852,0.0010788619983941,0.0755256414413452,100.0,0.0,0.0,-1.2499406337738037,-1.1658079624176023,-2.1113107204437256,-0.7333612442016602,-0.7498253583908081,-0.6993551254272461,-1.266551494598389,-0.4399351477622986,47.8515625,52.1484375,0.0,0.0029435534961521,CDP_NEG,185,92353,1171.9092060999992,128,128,800,400,400,400,EARLY_STOPPING,False,0,2048,deterministic_evenly_spaced_full_fold,3.6649999618530273,6.109466117620462,384,362,94.27083333333331,CDP,1.4710406730757069,20,0.99,1.4710406730757069
TRIAL_0086_CDP_NEG,86,48f77edf37346865aa74eb99498e9c0a53f446055d5f722a020faafca9c7a183,FO_ONLY,COMPLETE,1,21,27493,2352,db92a7db6dfa639d2026ff19c5b1159be2b53d1e09d9e6a72b1b767a05c21400,2ea764e1783688df4d4bc4d6bc4b7c6a52ae545bfb933c403a7aa96e5d21a797,24992,1222.3804554999988,0.1324048042297363,0.158203125,14269c18e6a56f09985dea654338c0b32f5e417a5600e334e252b0c1bbf8bd28,True,True,True,1,0.7148225367324232,0.983077491011498,0.4957814444581895,0.0269757278672049,0.533906559564611,-0.0715996321325576,0.980675146091111,0.8464283039642277,0.725139237814892,0.5504101553995626,0.0,0.0955184623599052,0.0008893471676856,0.1007302924990654,100.0,0.0,0.0,-1.215482473373413,-1.1547603607177734,-1.937767744064331,-0.6891992092132568,-0.7390377521514893,-0.7021175622940063,-1.1782017946243286,-0.4190469980239868,40.576171875,59.423828125,0.0,0.0266607478260993,CDP_NEG,220,92353,1222.3800699000003,128,128,800,400,400,400,EARLY_STOPPING,False,0,2048,deterministic_evenly_spaced_full_fold,3.646400070190428,5.997169941663727,384,376,97.91666666666669,CDP,1.4510426770894138,20,0.99,1.4510426770894138
TRIAL_0086_CDP_NEG,86,48f77edf37346865aa74eb99498e9c0a53f446055d5f722a020faafca9c7a183,FO_ONLY,COMPLETE,2,21,26989,2856,424f72a3df11b24bdd551a74968aa5efe8f47b52221df203d3bd3ed6f8a96c5a,f1c78e2ff146b5069b0310a8b0222fe8d495ed8d7dbf78dc149a7df8702a8f3a,37176,1203.203292099999,0.1392650604248047,0.15625,14269c18e6a56f09985dea654338c0b32f5e417a5600e334e252b0c1bbf8bd28,True,True,True,1,0.7742674481896069,0.8128513202948876,0.4574471515386837,0.0424821125633173,0.4750300135802537,-0.0965512581926141,0.8072380605261115,0.8817497606009542,0.7823403168858079,0.3690335154682341,0.0,0.0899574682116508,0.0023578517138957,0.1037751659750938,99.609375,0.390625,0.0,-1.1413894891738892,-1.0897958278656006,-1.788861870765686,-0.5936418771743774,-0.6946138143539429,-0.6632156372070312,-1.088645339012146,-0.3612718284130096,46.533203125,53.41796875,0.048828125,0.0074560893699526,CDP_NEG,255,92353,1203.2028586999986,128,128,800,400,400,400,EARLY_STOPPING,False,0,2048,deterministic_evenly_spaced_full_fold,3.663600349426268,6.020027899742124,384,374,97.39583333333331,CDP,1.4524627365104603,20,0.99,1.4524627365104603
TRIAL_0086_CDP_NEG,86,48f77edf37346865aa74eb99498e9c0a53f446055d5f722a020faafca9c7a183,FO_ONLY,COMPLETE,3,21,26466,3379,ad1e190147cfc7079fe69ab58be273b0089b28a9cb71d4377b9a01145e874910,b3de2bff6a2b887166deba8883b54b43de7150168fdd2094f9852f380bd9133e,37872,1261.8996994000008,0.1449847221374511,0.15625,14269c18e6a56f09985dea654338c0b32f5e417a5600e334e252b0c1bbf8bd28,True,True,True,1,0.7537778816188456,1.0532714172102275,0.4833935571625283,0.0322341764773913,0.4961343064553064,-0.0439117371166362,1.0525114157553648,0.8695265790007005,0.7184688136231011,0.5755516050873956,0.0,0.0986838787794113,0.0020980681292712,0.1109791696071624,99.70703125,0.29296875,0.0,-1.249884843826294,-1.2071775197982788,-1.9838742017745967,-0.5836983919143677,-0.7633797526359558,-0.7372958660125732,-1.211671233177185,-0.3564997017383575,35.9375,64.0625,0.0,0.0255623999983072,CDP_NEG,390,92353,1261.8993360000004,128,128,800,400,400,450,EARLY_STOPPING,False,0,2048,deterministic_evenly_spaced_full_fold,3.652750015258789,5.9806626215577126,384,377,98.17708333333331,CDP,1.4666426917497315,20,0.99,1.4666426917497315
TRIAL_0086_CDP_NEG,86,48f77edf37346865aa74eb99498e9c0a53f446055d5f722a020faafca9c7a183,FO_ONLY,COMPLETE,4,21,27061,2784,2cf8e61e68345fca034455d14ca0a91ba8af3af3a30bcfad11a389cf00a64d26,e85c7d3201b31d98e24a7a8ea73439fb69c13286f849eaf6812d38684b5bedb5,2664,1213.2360151000012,0.1381139755249023,0.158203125,14269c18e6a56f09985dea654338c0b32f5e417a5600e334e252b0c1bbf8bd28,True,True,True,1,0.7475142308581237,0.884694220491863,0.4744256542309039,0.0277617268570427,0.5023893683334218,0.0130033910144625,0.8847575669644397,0.8660955007515927,0.7938797244823796,0.4430292757823125,0.0,0.0906271710991859,0.0009319995297119,0.0960889607667923,100.0,0.0,0.0,-1.272250056266785,-1.2829971313476562,-1.867309808731079,-0.6714542508125305,-0.7718489170074463,-0.7783689498901367,-1.1328599452972412,-0.4073580205440521,34.765625,65.234375,0.0,0.0220305696129798,CDP_NEG,320,92353,1213.2356213000005,128,128,800,400,400,400,EARLY_STOPPING,False,0,2048,deterministic_evenly_spaced_full_fold,3.65000057220459,6.01635006070137,384,377,98.17708333333331,CDP,1.460840537792371,20,0.99,1.460840537792371
TRIAL_0086_CDP_NEG,86,48f77edf37346865aa74eb99498e9c0a53f446055d5f722a020faafca9c7a183,FO_ONLY,COMPLETE,0,42,25813,4032,81354305b7b8066000bae764cd84c6a44c1e035572eb00baa18e30401895a2a4,6d4d4bf8c14384a72deec9ae950f7dbc99365946e460adffb80cf5c9ed8ff111,35156,1171.8395767999991,0.1484026908874511,0.15625,14269c18e6a56f09985dea654338c0b32f5e417a5600e334e252b0c1bbf8bd28,True,True,True,1,0.8527611450987636,0.5949728751418235,0.3934830743037598,0.0264391323932822,0.3836695678941662,0.0195337691345937,0.5947258838773345,0.9236772738380328,0.8680693323376856,0.2891027202506938,0.0,0.0711651220917701,0.0026691756211221,0.0868072658777237,100.0,0.0,0.0,-1.21107816696167,-1.1598222255706787,-2.078016996383667,-0.4026424288749695,-0.7265121936798096,-0.6957643032073975,-1.2465790510177612,-0.2415406554937362,48.046875,51.953125,0.0,0.0050183124840259,CDP_NEG,220,92353,1171.8391671999998,128,128,800,400,400,400,EARLY_STOPPING,False,0,2048,deterministic_evenly_spaced_full_fold,3.6649999618530273,6.109466117620462,384,369,96.09375,CDP,1.4710406730757069,20,0.99,1.4710406730757069
TRIAL_0086_CDP_NEG,86,48f77edf37346865aa74eb99498e9c0a53f446055d5f722a020faafca9c7a183,FO_ONLY,COMPLETE,1,42,27493,2352,db92a7db6dfa639d2026ff19c5b1159be2b53d1e09d9e6a72b1b767a05c21400,2ea764e1783688df4d4bc4d6bc4b7c6a52ae545bfb933c403a7aa96e5d21a797,37176,1218.5445897999998,0.1324048042297363,0.158203125,14269c18e6a56f09985dea654338c0b32f5e417a5600e334e252b0c1bbf8bd28,True,True,True,1,0.7174688152012494,0.9785056710282471,0.4893854316466545,0.0268502767477829,0.5314236172731599,-0.1140248591862745,0.9720459925408282,0.849524347439764,0.7383879592304917,0.4780030774360404,0.0,0.0942815095186233,0.0030744913965463,0.1122989207506179,100.0,0.0,0.0,-1.1443734169006348,-1.122145652770996,-2.049022436141968,-0.4326871335506439,-0.6958020925521851,-0.6822872161865234,-1.24584698677063,-0.2630824744701385,38.720703125,61.279296875,0.0,0.0362254865467548,CDP_NEG,305,92353,1218.5442065999996,128,128,800,400,400,400,EARLY_STOPPING,False,0,2048,deterministic_evenly_spaced_full_fold,3.646400070190428,5.997169941663727,384,377,98.17708333333331,CDP,1.4510426770894138,20,0.99,1.4510426770894138
TRIAL_0086_CDP_NEG,86,48f77edf37346865aa74eb99498e9c0a53f446055d5f722a020faafca9c7a183,FO_ONLY,COMPLETE,2,42,26989,2856,424f72a3df11b24bdd551a74968aa5efe8f47b52221df203d3bd3ed6f8a96c5a,f1c78e2ff146b5069b0310a8b0222fe8d495ed8d7dbf78dc149a7df8702a8f3a,2664,1210.0021745000013,0.1392631530761718,0.15625,14269c18e6a56f09985dea654338c0b32f5e417a5600e334e252b0c1bbf8bd28,True,True,True,1,0.774169888271226,0.8130269554464815,0.4626737591479213,0.0424912917970761,0.4751326546984555,-0.0263459149732434,0.8127422765327434,0.8809848702918084,0.8127489551692002,0.3741932849279485,0.0,0.0919359773397445,0.0006487092468887,0.0957375988364219,100.0,0.0,0.0,-1.355015754699707,-1.2812085151672363,-2.2219438552856445,-0.7719628214836121,-0.8246201276779175,-0.7797033786773682,-1.3522053956985474,-0.469792366027832,48.046875,51.953125,0.0,0.0036794836632907,CDP_NEG,285,92353,1210.0017881999993,128,128,800,400,400,400,EARLY_STOPPING,False,0,2048,deterministic_evenly_spaced_full_fold,3.663600349426268,6.020027899742124,384,363,94.53125,CDP,1.4524627365104603,20,0.99,1.4524627365104603
TRIAL_0086_CDP_NEG,86,48f77edf37346865aa74eb99498e9c0a53f446055d5f722a020faafca9c7a183,FO_ONLY,COMPLETE,3,42,26466,3379,ad1e190147cfc7079fe69ab58be273b0089b28a9cb71d4377b9a01145e874910,b3de2bff6a2b887166deba8883b54b43de7150168fdd2094f9852f380bd9133e,24992,1197.4732308000002,0.1449828147888183,0.158203125,14269c18e6a56f09985dea654338c0b32f5e417a5600e334e252b0c1bbf8bd28,True,True,True,1,0.7421870006951417,1.0777776485693928,0.4749211447083319,0.0329841618786086,0.50767775280783,-0.0266647092946452,1.077607217888576,0.8618204625083863,0.7257213765595111,0.5768405540409263,0.0,0.095893457531929,0.004241719841957,0.1207511648535728,99.90234375,0.09765625,0.0,-1.127216100692749,-1.0660659074783323,-2.0212559700012207,-0.4926309883594513,-0.6884586215019226,-0.6511105298995972,-1.2345025539398191,-0.3008793592453003,36.279296875,63.720703125,0.0,0.0269190594553947,CDP_NEG,330,92353,1197.4718254999989,128,128,800,400,400,400,EARLY_STOPPING,False,0,2048,deterministic_evenly_spaced_full_fold,3.652750015258789,5.9806626215577126,384,369,96.09375,CDP,1.4666426917497315,20,0.99,1.4666426917497315
TRIAL_0086_CDP_NEG,86,48f77edf37346865aa74eb99498e9c0a53f446055d5f722a020faafca9c7a183,FO_ONLY,COMPLETE,4,42,27061,2784,2cf8e61e68345fca034455d14ca0a91ba8af3af3a30bcfad11a389cf00a64d26,e85c7d3201b31d98e24a7a8ea73439fb69c13286f849eaf6812d38684b5bedb5,37872,1211.3720431000002,0.1381139755249023,0.15625,14269c18e6a56f09985dea654338c0b32f5e417a5600e334e252b0c1bbf8bd28,True,True,True,1,0.7552998619777147,0.8709472350983509,0.4578207688361869,0.0273303461101557,0.4945828978621944,0.0034857830823443,0.8710967205334533,0.8690918769910482,0.7588944434176348,0.5065009766697076,0.0,0.0870712175965309,0.0012721256352961,0.0945262461900711,100.0,0.0,0.0,-1.1498792171478271,-1.0289521217346191,-1.9956518411636357,-0.6711465716362,-0.697609007358551,-0.6242449283599854,-1.2107224464416504,-0.4071713387966156,52.44140625,47.55859375,0.0,-0.0049216407351195,CDP_NEG,55,92353,1211.3716169999989,128,128,800,400,400,400,EARLY_STOPPING,False,0,2048,deterministic_evenly_spaced_full_fold,3.65000057220459,6.01635006070137,384,372,96.875,CDP,1.460840537792371,20,0.99,1.460840537792371
TRIAL_0086_CDP_NEG,86,48f77edf37346865aa74eb99498e9c0a53f446055d5f722a020faafca9c7a183,FO_ONLY,COMPLETE,0,84,25813,4032,81354305b7b8066000bae764cd84c6a44c1e035572eb00baa18e30401895a2a4,6d4d4bf8c14384a72deec9ae950f7dbc99365946e460adffb80cf5c9ed8ff111,35156,1184.0616852000005,0.1484045982360839,0.158203125,14269c18e6a56f09985dea654338c0b32f5e417a5600e334e252b0c1bbf8bd28,True,True,True,1,0.8566872192440251,0.5869869046562606,0.3882344775893938,0.0260842554908582,0.3785197972517968,0.0060799670998618,0.587028216558099,0.9255924657518686,0.8607365924746373,0.2906316286707327,0.0,0.0693123936653137,0.0022872942499816,0.0827165991067886,99.853515625,0.146484375,0.0,-1.1620341539382937,-1.0983061790466309,-2.038124084472656,-0.5329523086547852,-0.6970912218093872,-0.658861517906189,-1.2226476669311523,-0.3197121024131775,52.001953125,47.998046875,0.0,-0.0050746444612741,CDP_NEG,155,92353,1184.0612388000009,128,128,800,400,400,400,EARLY_STOPPING,False,0,2048,deterministic_evenly_spaced_full_fold,3.6649999618530273,6.109466117620462,384,376,97.91666666666669,CDP,1.4710406730757069,20,0.99,1.4710406730757069
TRIAL_0086_CDP_NEG,86,48f77edf37346865aa74eb99498e9c0a53f446055d5f722a020faafca9c7a183,FO_ONLY,COMPLETE,1,84,27493,2352,db92a7db6dfa639d2026ff19c5b1159be2b53d1e09d9e6a72b1b767a05c21400,2ea764e1783688df4d4bc4d6bc4b7c6a52ae545bfb933c403a7aa96e5d21a797,24992,1237.5700906000002,0.1324048042297363,0.15625,14269c18e6a56f09985dea654338c0b32f5e417a5600e334e252b0c1bbf8bd28,True,True,True,1,0.7182793163944774,0.9771011364955942,0.4890409088804431,0.0268117362037471,0.5306608186057356,-0.0877185030919531,0.9733626847809752,0.8490773676735103,0.7043252241183013,0.5813933885534782,0.0,0.0946266651153564,0.0019795086700469,0.106227159500122,100.0,0.0,0.0,-1.159238576889038,-1.1089130640029907,-1.97621750831604,-0.535445511341095,-0.704840362071991,-0.6742414236068726,-1.201580047607422,-0.3255616426467895,37.646484375,62.353515625,0.0,0.0357084721326828,CDP_NEG,270,92353,1237.5696519000012,128,128,800,400,400,400,EARLY_STOPPING,False,0,2048,deterministic_evenly_spaced_full_fold,3.646400070190428,5.997169941663727,384,370,96.35416666666669,CDP,1.4510426770894138,20,0.99,1.4510426770894138
TRIAL_0086_CDP_NEG,86,48f77edf37346865aa74eb99498e9c0a53f446055d5f722a020faafca9c7a183,FO_ONLY,COMPLETE,2,84,26989,2856,424f72a3df11b24bdd551a74968aa5efe8f47b52221df203d3bd3ed6f8a96c5a,f1c78e2ff146b5069b0310a8b0222fe8d495ed8d7dbf78dc149a7df8702a8f3a,2664,1223.7279548000006,0.1392650604248047,0.158203125,14269c18e6a56f09985dea654338c0b32f5e417a5600e334e252b0c1bbf8bd28,True,True,True,1,0.7676360432967114,0.8247045705472674,0.4674829782772006,0.043101599914682,0.4819570486822149,-0.0439304152910574,0.823677909239174,0.8780538437689763,0.8164612302047137,0.3486680456204993,0.0,0.0909123346209526,0.0020581586286425,0.1029737442731857,100.0,0.0,0.0,-1.237892508506775,-1.150734782218933,-2.2367608547210693,-0.458291232585907,-0.7533426284790039,-0.7003011107444763,-1.361222505569458,-0.2789016962051391,47.55859375,52.44140625,0.0,0.0068883192725479,CDP_NEG,190,92353,1223.7271194999994,128,128,800,400,400,400,EARLY_STOPPING,False,0,2048,deterministic_evenly_spaced_full_fold,3.663600349426268,6.020027899742124,384,377,98.17708333333331,CDP,1.4524627365104603,20,0.99,1.4524627365104603
TRIAL_0086_CDP_NEG,86,48f77edf37346865aa74eb99498e9c0a53f446055d5f722a020faafca9c7a183,FO_ONLY,COMPLETE,3,84,26466,3379,ad1e190147cfc7079fe69ab58be273b0089b28a9cb71d4377b9a01145e874910,b3de2bff6a2b887166deba8883b54b43de7150168fdd2094f9852f380bd9133e,37872,1364.6644594999998,0.1449847221374511,0.15625,14269c18e6a56f09985dea654338c0b32f5e417a5600e334e252b0c1bbf8bd28,True,True,True,1,0.7503503338600452,1.0605771398326,0.47413544101717,0.0324577598277571,0.4995756033206538,-0.0273519514927555,1.0603813012184315,0.8665793484303144,0.732712369379078,0.5607707752469033,0.0,0.0946409627795219,0.0019454314606264,0.1060417592525482,99.853515625,0.146484375,0.0,-1.2629952430725098,-1.2330901622772217,-2.046514749526977,-0.5155506730079651,-0.7713871002197266,-0.7531223297119141,-1.249929428100586,-0.3148777484893799,40.380859375,59.619140625,0.0,0.0189638528972864,CDP_NEG,445,92353,1364.6640499999994,128,128,800,400,400,505,EARLY_STOPPING,False,0,2048,deterministic_evenly_spaced_full_fold,3.652750015258789,5.9806626215577126,384,373,97.13541666666669,CDP,1.4666426917497315,20,0.99,1.4666426917497315
TRIAL_0086_CDP_NEG,86,48f77edf37346865aa74eb99498e9c0a53f446055d5f722a020faafca9c7a183,FO_ONLY,COMPLETE,4,84,27061,2784,2cf8e61e68345fca034455d14ca0a91ba8af3af3a30bcfad11a389cf00a64d26,e85c7d3201b31d98e24a7a8ea73439fb69c13286f849eaf6812d38684b5bedb5,37176,1220.659995600001,0.1381139755249023,0.158203125,14269c18e6a56f09985dea654338c0b32f5e417a5600e334e252b0c1bbf8bd28,True,True,True,1,0.7495688311155516,0.8810872727294483,0.4714762512368238,0.0276485407456741,0.5003410988115935,0.0128557111242242,0.8811517476403556,0.8658289430292931,0.7443496577333247,0.5462154902548925,0.0,0.088250808417797,0.0016782185994088,0.0980856567621231,99.951171875,0.048828125,0.0,-1.100592851638794,-0.9425159692764282,-1.896142601966858,-0.6253572702407837,-0.6677079200744629,-0.5718057751655579,-1.1503522396087646,-0.3793918788433075,60.791015625,39.208984375,0.0,-0.0161195639520883,CDP_NEG,55,92353,1220.6595407999994,128,128,800,400,400,400,EARLY_STOPPING,False,0,2048,deterministic_evenly_spaced_full_fold,3.65000057220459,6.01635006070137,384,374,97.39583333333331,CDP,1.460840537792371,20,0.99,1.460840537792371
TRIAL_0086_CDP_NEG,86,48f77edf37346865aa74eb99498e9c0a53f446055d5f722a020faafca9c7a183,FO_ONLY,COMPLETE,0,126,25813,4032,81354305b7b8066000bae764cd84c6a44c1e035572eb00baa18e30401895a2a4,6d4d4bf8c14384a72deec9ae950f7dbc99365946e460adffb80cf5c9ed8ff111,35156,1198.6584403999989,0.1484045982360839,0.158203125,14269c18e6a56f09985dea654338c0b32f5e417a5600e334e252b0c1bbf8bd28,True,True,True,1,0.8564612205944282,0.5874495500290712,0.3898763595815768,0.0261048143142499,0.3788181351385991,0.0337815933951152,0.586550172987923,0.9267939867233572,0.9005105439664036,0.237064641872772,0.0,0.0686111450195312,0.0016738444101065,0.0784203559160232,99.70703125,0.29296875,0.0,-1.3340970277786257,-1.248224139213562,-2.164740085601806,-0.7065010666847229,-0.8003097772598267,-0.7487956285476685,-1.2986032962799072,-0.4238220453262329,48.486328125,51.513671875,0.0,0.0030038603581488,CDP_NEG,350,92353,1198.6580096000016,128,128,800,400,400,410,EARLY_STOPPING,False,0,2048,deterministic_evenly_spaced_full_fold,3.6649999618530273,6.109466117620462,384,380,98.95833333333331,CDP,1.4710406730757069,20,0.99,1.4710406730757069
TRIAL_0086_CDP_NEG,86,48f77edf37346865aa74eb99498e9c0a53f446055d5f722a020faafca9c7a183,FO_ONLY,COMPLETE,1,126,27493,2352,db92a7db6dfa639d2026ff19c5b1159be2b53d1e09d9e6a72b1b767a05c21400,2ea764e1783688df4d4bc4d6bc4b7c6a52ae545bfb933c403a7aa96e5d21a797,37176,1220.2515755999991,0.1324048042297363,0.154296875,14269c18e6a56f09985dea654338c0b32f5e417a5600e334e252b0c1bbf8bd28,True,True,True,1,0.7102876624039233,0.990863080236743,0.4962831275477422,0.0271893650811035,0.5381348906935813,-0.0917794239203616,0.9868131595309207,0.8442788177241616,0.7176907666840278,0.5470862506023788,0.0,0.0967824384570121,0.002313147066161,0.1103381514549255,99.951171875,0.048828125,0.0,-1.1156524419784546,-1.0287244319915771,-1.961899757385254,-0.4959190785884857,-0.6783391237258911,-0.6254851818084717,-1.192874550819397,-0.3015287816524505,39.404296875,60.595703125,0.0,0.0247614346444606,CDP_NEG,245,92353,1220.2511153999983,128,128,800,400,400,400,EARLY_STOPPING,False,0,2048,deterministic_evenly_spaced_full_fold,3.646400070190428,5.997169941663727,384,380,98.95833333333331,CDP,1.4510426770894138,20,0.99,1.4510426770894138
TRIAL_0086_CDP_NEG,86,48f77edf37346865aa74eb99498e9c0a53f446055d5f722a020faafca9c7a183,FO_ONLY,COMPLETE,2,126,26989,2856,424f72a3df11b24bdd551a74968aa5efe8f47b52221df203d3bd3ed6f8a96c5a,f1c78e2ff146b5069b0310a8b0222fe8d495ed8d7dbf78dc149a7df8702a8f3a,2664,1212.4627951000002,0.1392650604248047,0.158203125,14269c18e6a56f09985dea654338c0b32f5e417a5600e334e252b0c1bbf8bd28,True,True,True,1,0.7707090693350733,0.819233038479773,0.4576989445204035,0.0428156408033641,0.4787594873478939,-0.090613415936942,0.8143489304544851,0.8797880192855622,0.7939485513935954,0.3501407728467122,0.0,0.0904914289712905,0.0010985628468915,0.0969293266534805,100.0,0.0,0.0,-1.1506396532058716,-1.103823184967041,-1.8164106607437132,-0.6649604439735413,-0.7002432346343994,-0.6717522144317627,-1.1054106950759888,-0.404674082994461,55.419921875,44.580078125,0.0,-0.0117819663137197,CDP_NEG,155,92353,1212.4623869000006,128,128,800,400,400,400,EARLY_STOPPING,False,0,2048,deterministic_evenly_spaced_full_fold,3.663600349426268,6.020027899742124,384,372,96.875,CDP,1.4524627365104603,20,0.99,1.4524627365104603
TRIAL_0086_CDP_NEG,86,48f77edf37346865aa74eb99498e9c0a53f446055d5f722a020faafca9c7a183,FO_ONLY,COMPLETE,3,126,26466,3379,ad1e190147cfc7079fe69ab58be273b0089b28a9cb71d4377b9a01145e874910,b3de2bff6a2b887166deba8883b54b43de7150168fdd2094f9852f380bd9133e,24992,1201.9079176000014,0.1449847221374511,0.15625,14269c18e6a56f09985dea654338c0b32f5e417a5600e334e252b0c1bbf8bd28,True,True,True,1,0.7528945294892107,1.055159096025371,0.473375163310974,0.0322919467454017,0.4970234810825285,-0.0061761117957004,1.0552971875083084,0.8679726944266516,0.7344874142179589,0.5780409190151853,0.0,0.0965358912944793,0.0011223349720239,0.1031130999326706,99.951171875,0.048828125,0.0,-1.3006031513214111,-1.225865125656128,-2.082854747772217,-0.7074005603790283,-0.7943564057350159,-0.7487094402313232,-1.2721246480941772,-0.4320520460605621,37.451171875,62.5,0.048828125,0.0257748216390609,CDP_NEG,340,92353,1201.9074420000015,128,128,800,400,400,400,EARLY_STOPPING,False,0,2048,deterministic_evenly_spaced_full_fold,3.652750015258789,5.9806626215577126,384,373,97.13541666666669,CDP,1.4666426917497315,20,0.99,1.4666426917497315
TRIAL_0086_CDP_NEG,86,48f77edf37346865aa74eb99498e9c0a53f446055d5f722a020faafca9c7a183,FO_ONLY,COMPLETE,4,126,27061,2784,2cf8e61e68345fca034455d14ca0a91ba8af3af3a30bcfad11a389cf00a64d26,e85c7d3201b31d98e24a7a8ea73439fb69c13286f849eaf6812d38684b5bedb5,37872,1215.771731499999,0.1381139755249023,0.15625,14269c18e6a56f09985dea654338c0b32f5e417a5600e334e252b0c1bbf8bd28,True,True,True,1,0.7516915185632791,0.877345220656174,0.4617832762795288,0.0275311150576377,0.4982161079008155,-0.025726515746111,0.877125492313267,0.8676751245955208,0.7796752998404638,0.4339338640218964,0.035919540229885,0.0882564336061477,0.0023001944646239,0.1017362400889396,99.4140625,0.5859375,0.0,-1.247328281402588,-1.1957587003707886,-1.998977303504944,-0.6850221753120422,-0.7567293643951416,-0.7254431247711182,-1.2127400636672974,-0.4155894219875335,40.087890625,59.912109375,0.0,0.0175551883876323,CDP_NEG,330,92353,1215.7713334,128,128,800,400,400,400,EARLY_STOPPING,False,0,2048,deterministic_evenly_spaced_full_fold,3.65000057220459,6.01635006070137,384,376,97.91666666666669,CDP,1.460840537792371,20,0.99,1.460840537792371
TRIAL_0086_CDP_NEG,86,48f77edf37346865aa74eb99498e9c0a53f446055d5f722a020faafca9c7a183,FO_ONLY,COMPLETE,0,168,25813,4032,81354305b7b8066000bae764cd84c6a44c1e035572eb00baa18e30401895a2a4,6d4d4bf8c14384a72deec9ae950f7dbc99365946e460adffb80cf5c9ed8ff111,35156,1182.4105801999976,0.1484026908874511,0.15625,14269c18e6a56f09985dea654338c0b32f5e417a5600e334e252b0c1bbf8bd28,True,True,True,1,0.8612571089337968,0.5775523044043729,0.3847471882531647,0.0256650050417047,0.3724358745166081,0.0084749697443118,0.5775617471260617,0.9280774343317094,0.8672514776341593,0.279715012491352,0.0,0.0685009956359863,0.0016502169892191,0.0781717449426651,100.0,0.0,0.0,-1.1824413537979126,-1.10333251953125,-1.9555168151855469,-0.5851266980171204,-0.7093333005905151,-0.6618767380714417,-1.173092484474182,-0.3510109186172485,46.19140625,53.80859375,0.0,0.0056864591315388,CDP_NEG,235,92353,1182.4101274999994,128,128,800,400,400,400,EARLY_STOPPING,False,0,2048,deterministic_evenly_spaced_full_fold,3.6649999618530273,6.109466117620462,384,369,96.09375,CDP,1.4710406730757069,20,0.99,1.4710406730757069
TRIAL_0086_CDP_NEG,86,48f77edf37346865aa74eb99498e9c0a53f446055d5f722a020faafca9c7a183,FO_ONLY,COMPLETE,1,168,27493,2352,db92a7db6dfa639d2026ff19c5b1159be2b53d1e09d9e6a72b1b767a05c21400,2ea764e1783688df4d4bc4d6bc4b7c6a52ae545bfb933c403a7aa96e5d21a797,24992,1236.5210368000007,0.1324028968811035,0.15625,14269c18e6a56f09985dea654338c0b32f5e417a5600e334e252b0c1bbf8bd28,True,True,True,1,0.7123890703142323,0.9872629624882042,0.4914357888585172,0.0270905775515726,0.5361796770926961,-0.1065077780584367,0.9817097379938198,0.8460657241771528,0.707766023440241,0.5548175861897555,0.0,0.0954792648553848,0.0012929491931572,0.1030563190579414,99.951171875,0.048828125,0.0,-1.178502321243286,-1.0869224071502686,-1.945122480392456,-0.6538033485412598,-0.7165530920028687,-0.6608707308769226,-1.182673692703247,-0.3975255787372589,41.357421875,58.642578125,0.0,0.0218502283096313,CDP_NEG,205,92353,1236.520582099998,128,128,800,400,400,400,EARLY_STOPPING,False,0,2048,deterministic_evenly_spaced_full_fold,3.646400070190428,5.997169941663727,384,369,96.09375,CDP,1.4510426770894138,20,0.99,1.4510426770894138
TRIAL_0086_CDP_NEG,86,48f77edf37346865aa74eb99498e9c0a53f446055d5f722a020faafca9c7a183,FO_ONLY,COMPLETE,2,168,26989,2856,424f72a3df11b24bdd551a74968aa5efe8f47b52221df203d3bd3ed6f8a96c5a,f1c78e2ff146b5069b0310a8b0222fe8d495ed8d7dbf78dc149a7df8702a8f3a,2664,1221.241162800001,0.1392650604248047,0.15625,14269c18e6a56f09985dea654338c0b32f5e417a5600e334e252b0c1bbf8bd28,True,True,True,1,0.775115224437171,0.8113234850823029,0.459630385894297,0.0424022631912874,0.4741371472421402,-0.0576167459878809,0.809416767934054,0.8824119641664953,0.8218935886788713,0.3233616328099467,0.0,0.0896763429045677,0.0005911743501201,0.0931407958269119,100.0,0.0,0.0,-1.2695443630218506,-1.1861164569854736,-1.9926012754440308,-0.8243832588195801,-0.7726048827171326,-0.721833348274231,-1.212634801864624,-0.501693844795227,45.654296875,54.345703125,0.0,0.0088256150484085,CDP_NEG,260,92353,1221.2407509000004,128,128,800,400,400,400,EARLY_STOPPING,False,0,2048,deterministic_evenly_spaced_full_fold,3.663600349426268,6.020027899742124,384,382,99.47916666666669,CDP,1.4524627365104603,20,0.99,1.4524627365104603
TRIAL_0086_CDP_NEG,86,48f77edf37346865aa74eb99498e9c0a53f446055d5f722a020faafca9c7a183,FO_ONLY,COMPLETE,3,168,26466,3379,ad1e190147cfc7079fe69ab58be273b0089b28a9cb71d4377b9a01145e874910,b3de2bff6a2b887166deba8883b54b43de7150168fdd2094f9852f380bd9133e,37872,1217.7806005999992,0.1449847221374511,0.15625,14269c18e6a56f09985dea654338c0b32f5e417a5600e334e252b0c1bbf8bd28,True,True,True,1,0.749913001179124,1.0615056852183746,0.4708919501796754,0.0324861769055808,0.5000129865188079,-0.0125769780769845,1.061588272837008,0.8659981833985761,0.7518392667934456,0.5334601383586148,0.0,0.0947494059801101,0.0021058053243905,0.1070900335907936,99.90234375,0.09765625,0.0,-1.2727909088134766,-1.2012863159179688,-2.0386407375335693,-0.6412723064422607,-0.7773699164390564,-0.733697772026062,-1.245120406150818,-0.391663521528244,41.30859375,58.69140625,0.0,0.0188500136137008,CDP_NEG,345,92353,1217.7801922,128,128,800,400,400,405,EARLY_STOPPING,False,0,2048,deterministic_evenly_spaced_full_fold,3.652750015258789,5.9806626215577126,384,371,96.61458333333331,CDP,1.4666426917497315,20,0.99,1.4666426917497315
TRIAL_0086_CDP_NEG,86,48f77edf37346865aa74eb99498e9c0a53f446055d5f722a020faafca9c7a183,FO_ONLY,COMPLETE,4,168,27061,2784,2cf8e61e68345fca034455d14ca0a91ba8af3af3a30bcfad11a389cf00a64d26,e85c7d3201b31d98e24a7a8ea73439fb69c13286f849eaf6812d38684b5bedb5,37176,1222.545566599998,0.1381139755249023,0.15625,14269c18e6a56f09985dea654338c0b32f5e417a5600e334e252b0c1bbf8bd28,True,True,True,1,0.7516508738967691,0.8774170223614217,0.4637853159214521,0.0275333681969516,0.4982568817778332,-0.0297497595865202,0.8770700625821781,0.8671426827236933,0.7517408840323045,0.4881898061723372,0.0,0.086031287908554,0.0013867639936506,0.0941581279039383,99.951171875,0.048828125,0.0,-1.1040645837783811,-0.9767487049102784,-1.875833511352539,-0.6761079430580139,-0.6698141098022461,-0.5925741195678711,-1.138031005859375,-0.410181313753128,50.146484375,49.853515625,0.0,-0.0001015727393678,CDP_NEG,90,92353,1222.5451861,128,128,800,400,400,400,EARLY_STOPPING,False,0,2048,deterministic_evenly_spaced_full_fold,3.65000057220459,6.01635006070137,384,380,98.95833333333331,CDP,1.460840537792371,20,0.99,1.460840537792371
TRIAL_0089_CDP_NEG,89,cc60cb3a934d733c81a034476c69e117792069e452dccda8feb7a6eefde729e2,FO_ONLY,COMPLETE,0,21,25813,4032,81354305b7b8066000bae764cd84c6a44c1e035572eb00baa18e30401895a2a4,6d4d4bf8c14384a72deec9ae950f7dbc99365946e460adffb80cf5c9ed8ff111,26648,39.48842959999456,0.0751552581787109,0.091796875,14269c18e6a56f09985dea654338c0b32f5e417a5600e334e252b0c1bbf8bd28,True,True,True,1,0.8397137816268744,0.6207747481833915,0.4144197791653809,0.027585704221751,0.4003079625072968,0.0428688710157912,0.6193695919276619,0.9179124285159338,0.8844773607847759,0.2789119172248787,0.0,0.0738557651638984,3.702763024193701e-06,0.0738890320062637,99.8046875,0.1953125,0.0,-0.2388793230056762,-0.2049552500247955,-0.5425447225570679,-0.0554012283682823,-0.1433010101318359,-0.1229503452777862,-0.3254664838314056,-0.0332345739006996,58.10546875,41.89453125,0.0,-0.0211898796260356,CDP_NEG,185,62977,39.48799859997234,1024,1024,500,125,125,245,EARLY_STOPPING,False,0,2048,deterministic_evenly_spaced_full_fold,3.6649999618530273,6.109466117620462,448,439,97.99107142857144,CDP,1.4710406730757069,20,0.99,1.4710406730757069
TRIAL_0089_CDP_NEG,89,cc60cb3a934d733c81a034476c69e117792069e452dccda8feb7a6eefde729e2,FO_ONLY,COMPLETE,1,21,27493,2352,db92a7db6dfa639d2026ff19c5b1159be2b53d1e09d9e6a72b1b767a05c21400,2ea764e1783688df4d4bc4d6bc4b7c6a52ae545bfb933c403a7aa96e5d21a797,26648,33.93566909999936,0.0669746398925781,0.072265625,14269c18e6a56f09985dea654338c0b32f5e417a5600e334e252b0c1bbf8bd28,True,True,True,1,0.73249268004972,0.952133809396917,0.472846463248197,0.0261266306779432,0.517101135025692,-0.0140011122523091,0.9522333128394318,0.856022970588015,0.7456099987548088,0.5616833520083742,0.0,0.094751700758934,2.571673030615784e-05,0.0949827283620834,97.021484375,2.978515625,0.0,-0.1974559873342514,-0.1828537583351135,-0.425333559513092,-0.0188330728560686,-0.1200572103261947,-0.111178770661354,-0.2586113512516022,-0.0114508867263793,39.16015625,60.83984375,0.0,0.0450617000460624,CDP_NEG,145,62977,33.93533450001269,1024,1024,500,125,125,205,EARLY_STOPPING,False,0,2048,deterministic_evenly_spaced_full_fold,3.646400070190428,5.997169941663727,448,441,98.4375,CDP,1.4510426770894138,20,0.99,1.4510426770894138
TRIAL_0089_CDP_NEG,89,cc60cb3a934d733c81a034476c69e117792069e452dccda8feb7a6eefde729e2,FO_ONLY,COMPLETE,2,21,26989,2856,424f72a3df11b24bdd551a74968aa5efe8f47b52221df203d3bd3ed6f8a96c5a,f1c78e2ff146b5069b0310a8b0222fe8d495ed8d7dbf78dc149a7df8702a8f3a,26648,29.65126119999332,0.0680427551269531,0.072265625,14269c18e6a56f09985dea654338c0b32f5e417a5600e334e252b0c1bbf8bd28,True,True,True,1,0.7814463225141421,0.7998215091395245,0.4584125417574238,0.0418011345168277,0.4674153967179291,-0.0943059486986584,0.7943813866960319,0.8862419105649788,0.8125958838347763,0.3065606783198202,0.0,0.0895568802952766,3.630386231634475e-07,0.0895601436495781,99.609375,0.390625,0.0,-0.2481032460927963,-0.2104106992483139,-0.5730410814285278,-0.0589906759560108,-0.1509878635406494,-0.1280493587255478,-0.3487348556518554,-0.0358998775482177,54.443359375,45.556640625,0.0,-0.0163779594004154,CDP_NEG,125,62977,29.65092750001349,1024,1024,500,125,125,185,EARLY_STOPPING,False,0,2048,deterministic_evenly_spaced_full_fold,3.663600349426268,6.020027899742124,448,436,97.32142857142856,CDP,1.4524627365104603,20,0.99,1.4524627365104603
TRIAL_0089_CDP_NEG,89,cc60cb3a934d733c81a034476c69e117792069e452dccda8feb7a6eefde729e2,FO_ONLY,COMPLETE,3,21,26466,3379,ad1e190147cfc7079fe69ab58be273b0089b28a9cb71d4377b9a01145e874910,b3de2bff6a2b887166deba8883b54b43de7150168fdd2094f9852f380bd9133e,26648,21.280967200000305,0.0674910545349121,0.091796875,14269c18e6a56f09985dea654338c0b32f5e417a5600e334e252b0c1bbf8bd28,True,True,True,1,0.7451155665726352,1.071638785207642,0.4841301238182255,0.0327962889317689,0.5047860948110022,-0.0047655109977841,1.0717867961897491,0.8636271313613916,0.722498490903748,0.6058311852463524,0.0,0.0990384966135025,2.2336834604175237e-09,0.0990385189652443,99.951171875,0.048828125,0.0,-0.1688444465398788,-0.1298699676990509,-0.4113152325153351,-0.0459793135523796,-0.1031234562397003,-0.0793193951249122,-0.2512149214744568,-0.0280823297798633,45.751953125,54.248046875,0.0,0.0106093045324087,CDP_NEG,70,62977,21.280632100009825,1024,1024,500,125,125,130,EARLY_STOPPING,False,0,2048,deterministic_evenly_spaced_full_fold,3.652750015258789,5.9806626215577126,448,445,99.33035714285714,CDP,1.4666426917497315,20,0.99,1.4666426917497315
TRIAL_0089_CDP_NEG,89,cc60cb3a934d733c81a034476c69e117792069e452dccda8feb7a6eefde729e2,FO_ONLY,COMPLETE,4,21,27061,2784,2cf8e61e68345fca034455d14ca0a91ba8af3af3a30bcfad11a389cf00a64d26,e85c7d3201b31d98e24a7a8ea73439fb69c13286f849eaf6812d38684b5bedb5,26648,21.201641399995424,0.0677862167358398,0.072265625,14269c18e6a56f09985dea654338c0b32f5e417a5600e334e252b0c1bbf8bd28,True,True,True,1,0.755332285083482,0.8708895323319527,0.4612803889490612,0.027328535395897,0.4945501303186856,-0.0345378297168427,0.8703607392067756,0.8705413507616696,0.7979736651059831,0.3869469232558397,0.0,0.0861170515418052,8.731046818866162e-07,0.0861248970031738,97.900390625,2.099609375,0.0,-0.1855008602142334,-0.138534665107727,-0.5104935169219971,-0.0135219246149063,-0.1125396937131881,-0.0840462446212768,-0.309706300497055,-0.0082034841179847,47.65625,52.34375,0.0,0.0037673492915928,CDP_NEG,50,62977,21.20128949999344,1024,1024,500,125,125,125,EARLY_STOPPING,False,0,2048,deterministic_evenly_spaced_full_fold,3.65000057220459,6.01635006070137,448,443,98.88392857142856,CDP,1.460840537792371,20,0.99,1.460840537792371
TRIAL_0089_CDP_NEG,89,cc60cb3a934d733c81a034476c69e117792069e452dccda8feb7a6eefde729e2,FO_ONLY,COMPLETE,0,42,25813,4032,81354305b7b8066000bae764cd84c6a44c1e035572eb00baa18e30401895a2a4,6d4d4bf8c14384a72deec9ae950f7dbc99365946e460adffb80cf5c9ed8ff111,26648,29.44328439998208,0.0751557350158691,0.09375,14269c18e6a56f09985dea654338c0b32f5e417a5600e334e252b0c1bbf8bd28,True,True,True,1,0.8365155406976968,0.6269374147434741,0.4080255105087879,0.0278595579785947,0.4042819716007687,-0.0449109157397908,0.625404299820962,0.915074836352546,0.8348603578991837,0.2925126787708368,0.0,0.0722803622484207,7.936814085951482e-07,0.0722874924540519,99.51171875,0.48828125,0.0,-0.1840584576129913,-0.1570565700531005,-0.4146784543991089,-0.0530531406402587,-0.1104146018624305,-0.0942164734005928,-0.2487609386444091,-0.0318259820342063,60.400390625,39.599609375,0.0,-0.025557555258274,CDP_NEG,115,62977,29.44293950000429,1024,1024,500,125,125,175,EARLY_STOPPING,False,0,2048,deterministic_evenly_spaced_full_fold,3.6649999618530273,6.109466117620462,448,444,99.10714285714286,CDP,1.4710406730757069,20,0.99,1.4710406730757069
TRIAL_0089_CDP_NEG,89,cc60cb3a934d733c81a034476c69e117792069e452dccda8feb7a6eefde729e2,FO_ONLY,COMPLETE,1,42,27493,2352,db92a7db6dfa639d2026ff19c5b1159be2b53d1e09d9e6a72b1b767a05c21400,2ea764e1783688df4d4bc4d6bc4b7c6a52ae545bfb933c403a7aa96e5d21a797,26648,25.880820399994263,0.0669736862182617,0.072265625,14269c18e6a56f09985dea654338c0b32f5e417a5600e334e252b0c1bbf8bd28,True,True,True,1,0.7240702211316007,0.9670065996981688,0.4781135511758806,0.0265347412770169,0.5251785046872607,-0.0576562829249139,0.9654915066006664,0.8515372877236436,0.7319605781437868,0.5489168143538236,0.0,0.0938863232731819,8.381397138823576e-12,0.0938863232731819,99.951171875,0.048828125,0.0,-0.1930824965238571,-0.1646570861339569,-0.4356808960437774,-0.0546711534261703,-0.1173980385065078,-0.1001148223876953,-0.2649027407169342,-0.0332411639392375,43.359375,56.640625,0.0,0.0324471443891525,CDP_NEG,100,62977,25.880467500013765,1024,1024,500,125,125,160,EARLY_STOPPING,False,0,2048,deterministic_evenly_spaced_full_fold,3.646400070190428,5.997169941663727,448,422,94.19642857142856,CDP,1.4510426770894138,20,0.99,1.4510426770894138
TRIAL_0089_CDP_NEG,89,cc60cb3a934d733c81a034476c69e117792069e452dccda8feb7a6eefde729e2,FO_ONLY,COMPLETE,2,42,26989,2856,424f72a3df11b24bdd551a74968aa5efe8f47b52221df203d3bd3ed6f8a96c5a,f1c78e2ff146b5069b0310a8b0222fe8d495ed8d7dbf78dc149a7df8702a8f3a,26648,38.84169420000399,0.0680427551269531,0.072265625,14269c18e6a56f09985dea654338c0b32f5e417a5600e334e252b0c1bbf8bd28,True,True,True,1,0.7753157650469026,0.8109616562418206,0.4622343146484814,0.0423833529021039,0.4739256946004127,-0.0671625778011205,0.8083172455269233,0.8817003677781836,0.7978595022362401,0.3652258946642012,0.0,0.090003028512001,6.347214025481662e-07,0.0900087282061576,99.70703125,0.29296875,0.0,-0.2708083987236023,-0.2316557168960571,-0.6035187840461731,-0.0705305188894271,-0.1648055016994476,-0.1409784257411956,-0.3672825992107391,-0.0429226644337177,53.41796875,46.58203125,0.0,-0.0128106111660599,CDP_NEG,175,62977,38.8412845999992,1024,1024,500,125,125,235,EARLY_STOPPING,False,0,2048,deterministic_evenly_spaced_full_fold,3.663600349426268,6.020027899742124,448,432,96.42857142857144,CDP,1.4524627365104603,20,0.99,1.4524627365104603
TRIAL_0089_CDP_NEG,89,cc60cb3a934d733c81a034476c69e117792069e452dccda8feb7a6eefde729e2,FO_ONLY,COMPLETE,3,42,26466,3379,ad1e190147cfc7079fe69ab58be273b0089b28a9cb71d4377b9a01145e874910,b3de2bff6a2b887166deba8883b54b43de7150168fdd2094f9852f380bd9133e,26648,20.952995100000408,0.0674910545349121,0.091796875,14269c18e6a56f09985dea654338c0b32f5e417a5600e334e252b0c1bbf8bd28,True,True,True,1,0.7371405076740314,1.0882748668821292,0.4955412047494598,0.0333054173328871,0.5126223758576929,-0.0410736789338953,1.0876604451385583,0.8617951855484297,0.6806895752290821,0.6615167000388145,0.0,0.1025134697556495,3.5286548154545017e-06,0.1025451719760894,99.12109375,0.87890625,0.0,-0.1996607184410095,-0.1541654169559478,-0.4726895689964294,-0.0382981225848197,-0.1219448000192642,-0.0941580832004547,-0.2886999249458313,-0.0233909636735916,57.6171875,42.3828125,0.0,-0.0342452712357044,CDP_NEG,50,62977,20.95266089998768,1024,1024,500,125,125,125,EARLY_STOPPING,False,0,2048,deterministic_evenly_spaced_full_fold,3.652750015258789,5.9806626215577126,448,442,98.66071428571428,CDP,1.4666426917497315,20,0.99,1.4666426917497315
TRIAL_0089_CDP_NEG,89,cc60cb3a934d733c81a034476c69e117792069e452dccda8feb7a6eefde729e2,FO_ONLY,COMPLETE,4,42,27061,2784,2cf8e61e68345fca034455d14ca0a91ba8af3af3a30bcfad11a389cf00a64d26,e85c7d3201b31d98e24a7a8ea73439fb69c13286f849eaf6812d38684b5bedb5,26648,20.13180440000724,0.0677862167358398,0.072265625,14269c18e6a56f09985dea654338c0b32f5e417a5600e334e252b0c1bbf8bd28,True,True,True,1,0.7515530229725516,0.8775898589093776,0.4747134995602534,0.027538791812167,0.4983550300895789,0.0242241402626243,0.8774130608733826,0.8670360179355684,0.74913092946957,0.5476088181882744,0.0,0.0952779054641723,2.5043284495041007e-06,0.095300406217575,97.412109375,2.587890625,0.0,-0.1665166318416595,-0.1097031533718109,-0.5293243527412415,-0.0129151185974478,-0.1010223478078842,-0.0665547326207161,-0.3211306035518646,-0.0078353472054004,73.2421875,26.7578125,0.0,-0.062270350754261,CDP_NEG,35,62977,20.13146110001253,1024,1024,500,125,125,125,EARLY_STOPPING,False,0,2048,deterministic_evenly_spaced_full_fold,3.65000057220459,6.01635006070137,448,446,99.55357142857144,CDP,1.460840537792371,20,0.99,1.460840537792371
TRIAL_0089_CDP_NEG,89,cc60cb3a934d733c81a034476c69e117792069e452dccda8feb7a6eefde729e2,FO_ONLY,COMPLETE,0,84,25813,4032,81354305b7b8066000bae764cd84c6a44c1e035572eb00baa18e30401895a2a4,6d4d4bf8c14384a72deec9ae950f7dbc99365946e460adffb80cf5c9ed8ff111,26648,20.75220509999781,0.0751557350158691,0.091796875,14269c18e6a56f09985dea654338c0b32f5e417a5600e334e252b0c1bbf8bd28,True,True,True,1,0.8456735691043769,0.6091245551869056,0.3931127564924065,0.0270679982759666,0.3927953099148909,-0.0070673955780211,0.6091590991636527,0.9234001431941108,0.9297785375629348,0.1364134668356337,0.0,0.0716094374656677,7.040874606900616e-06,0.071672685444355,98.2421875,1.7578125,0.0,-0.1883578896522522,-0.1397717595100402,-0.4919653534889221,-0.0189684983342885,-0.1129937767982482,-0.0838475003838539,-0.2951245009899139,-0.011378988623619,65.478515625,34.521484375,0.0,-0.0339910089969635,CDP_NEG,60,62977,20.751615499990294,1024,1024,500,125,125,125,EARLY_STOPPING,False,0,2048,deterministic_evenly_spaced_full_fold,3.6649999618530273,6.109466117620462,448,444,99.10714285714286,CDP,1.4710406730757069,20,0.99,1.4710406730757069
TRIAL_0089_CDP_NEG,89,cc60cb3a934d733c81a034476c69e117792069e452dccda8feb7a6eefde729e2,FO_ONLY,COMPLETE,1,84,27493,2352,db92a7db6dfa639d2026ff19c5b1159be2b53d1e09d9e6a72b1b767a05c21400,2ea764e1783688df4d4bc4d6bc4b7c6a52ae545bfb933c403a7aa96e5d21a797,26648,26.66997139999876,0.0669741630554199,0.072265625,14269c18e6a56f09985dea654338c0b32f5e417a5600e334e252b0c1bbf8bd28,True,True,True,1,0.7194063759752612,0.9751446688058364,0.4787621856714618,0.0267580505681157,0.5295982666271899,-0.0940964268314569,0.9708005411297246,0.8497364991846373,0.7269381867835588,0.5238423399522447,0.0,0.090738408267498,6.636405913695853e-08,0.0907390043139457,99.755859375,0.244140625,0.0,-0.1893038004636764,-0.1682474911212921,-0.382112056016922,-0.0361799038946628,-0.1151005327701568,-0.1022978574037551,-0.2323318123817443,-0.0219981092959642,45.60546875,54.39453125,0.0,0.0162984766066074,CDP_NEG,105,62977,26.669556500011826,1024,1024,500,125,125,165,EARLY_STOPPING,False,0,2048,deterministic_evenly_spaced_full_fold,3.646400070190428,5.997169941663727,448,436,97.32142857142856,CDP,1.4510426770894138,20,0.99,1.4510426770894138
TRIAL_0089_CDP_NEG,89,cc60cb3a934d733c81a034476c69e117792069e452dccda8feb7a6eefde729e2,FO_ONLY,COMPLETE,2,84,26989,2856,424f72a3df11b24bdd551a74968aa5efe8f47b52221df203d3bd3ed6f8a96c5a,f1c78e2ff146b5069b0310a8b0222fe8d495ed8d7dbf78dc149a7df8702a8f3a,26648,33.64265959998011,0.0680427551269531,0.072265625,14269c18e6a56f09985dea654338c0b32f5e417a5600e334e252b0c1bbf8bd28,True,True,True,1,0.7845716916090932,0.7940820984854012,0.4572049356783096,0.0415011752458419,0.4640612872357895,-0.0064535006197268,0.7941949261722289,0.8869309310744171,0.826907243133574,0.363800424567269,0.0,0.088726982474327,3.816330718109384e-07,0.0887304097414016,99.755859375,0.244140625,0.0,-0.2647467255592346,-0.2342291623353958,-0.5610406398773193,-0.0613434985280036,-0.1611165702342987,-0.142544537782669,-0.3414317369461059,-0.0373317301273345,54.248046875,45.751953125,0.0,-0.0110683757811784,CDP_NEG,145,62977,33.642224100010935,1024,1024,500,125,125,205,EARLY_STOPPING,False,0,2048,deterministic_evenly_spaced_full_fold,3.663600349426268,6.020027899742124,448,428,95.53571428571428,CDP,1.4524627365104603,20,0.99,1.4524627365104603
TRIAL_0089_CDP_NEG,89,cc60cb3a934d733c81a034476c69e117792069e452dccda8feb7a6eefde729e2,FO_ONLY,COMPLETE,3,84,26466,3379,ad1e190147cfc7079fe69ab58be273b0089b28a9cb71d4377b9a01145e874910,b3de2bff6a2b887166deba8883b54b43de7150168fdd2094f9852f380bd9133e,26648,23.18346840000595,0.0674905776977539,0.091796875,14269c18e6a56f09985dea654338c0b32f5e417a5600e334e252b0c1bbf8bd28,True,True,True,1,0.7535139529323698,1.0538357736711568,0.4749494447696467,0.0322514479664496,0.4964001416396298,-0.0244739714189921,1.0537074787479068,0.8681395813729544,0.7498386434645573,0.5259651895281007,0.0,0.0956803187727928,0.0,0.0956803187727928,100.0,0.0,0.0,-0.2032769620418548,-0.1614110916852951,-0.4564935863018036,-0.0649706870317459,-0.1241534575819969,-0.0985834598541259,-0.278808057308197,-0.039681501686573,44.091796875,55.908203125,0.0,0.0163910556584596,CDP_NEG,85,62977,23.183113100007176,1024,1024,500,125,125,145,EARLY_STOPPING,False,0,2048,deterministic_evenly_spaced_full_fold,3.652750015258789,5.9806626215577126,448,429,95.75892857142856,CDP,1.4666426917497315,20,0.99,1.4666426917497315
TRIAL_0089_CDP_NEG,89,cc60cb3a934d733c81a034476c69e117792069e452dccda8feb7a6eefde729e2,FO_ONLY,COMPLETE,4,84,27061,2784,2cf8e61e68345fca034455d14ca0a91ba8af3af3a30bcfad11a389cf00a64d26,e85c7d3201b31d98e24a7a8ea73439fb69c13286f849eaf6812d38684b5bedb5,26648,23.83071459998609,0.0677862167358398,0.072265625,14269c18e6a56f09985dea654338c0b32f5e417a5600e334e252b0c1bbf8bd28,True,True,True,1,0.7497476424511216,0.8807726622804526,0.4654038425030413,0.0276386682618836,0.5001624416653377,0.013525579605195,0.8808270121345704,0.8660562489274752,0.7636581988988257,0.5066022159086012,0.0,0.0857685804367065,6.757488790753996e-07,0.085774652659893,99.365234375,0.634765625,0.0,-0.1954659223556518,-0.170388326048851,-0.463239848613739,-0.0282957926392555,-0.11858531832695,-0.103371225297451,-0.2810384333133697,-0.0171664971858263,51.611328125,48.33984375,0.048828125,-0.0042148614302277,CDP_NEG,80,62977,23.83034030001727,1024,1024,500,125,125,140,EARLY_STOPPING,False,0,2048,deterministic_evenly_spaced_full_fold,3.65000057220459,6.01635006070137,448,448,100.0,CDP,1.460840537792371,20,0.99,1.460840537792371
TRIAL_0089_CDP_NEG,89,cc60cb3a934d733c81a034476c69e117792069e452dccda8feb7a6eefde729e2,FO_ONLY,COMPLETE,0,126,25813,4032,81354305b7b8066000bae764cd84c6a44c1e035572eb00baa18e30401895a2a4,6d4d4bf8c14384a72deec9ae950f7dbc99365946e460adffb80cf5c9ed8ff111,26648,19.666065700002942,0.0751557350158691,0.091796875,14269c18e6a56f09985dea654338c0b32f5e417a5600e334e252b0c1bbf8bd28,True,True,True,1,0.837283654436667,0.6254628825011431,0.4255481201905659,0.0277940333894882,0.4033311162392931,0.0794694766152552,0.6204707098579563,0.9205211051200006,0.9268051410360788,0.2290257678674001,0.0,0.0753164067864418,4.510001417656895e-06,0.0753569230437278,97.607421875,2.392578125,0.0,-0.1857631802558899,-0.1799921989440918,-0.4093091785907745,-0.0202535111457109,-0.1114372462034225,-0.1079753041267395,-0.245539978146553,-0.012149853631854,87.744140625,12.255859375,0.0,-0.0397433899343013,CDP_NEG,25,62977,19.665723300015088,1024,1024,500,125,125,125,EARLY_STOPPING,False,0,2048,deterministic_evenly_spaced_full_fold,3.6649999618530273,6.109466117620462,448,446,99.55357142857144,CDP,1.4710406730757069,20,0.99,1.4710406730757069
TRIAL_0089_CDP_NEG,89,cc60cb3a934d733c81a034476c69e117792069e452dccda8feb7a6eefde729e2,FO_ONLY,COMPLETE,1,126,27493,2352,db92a7db6dfa639d2026ff19c5b1159be2b53d1e09d9e6a72b1b767a05c21400,2ea764e1783688df4d4bc4d6bc4b7c6a52ae545bfb933c403a7aa96e5d21a797,26648,22.54189200000837,0.0669741630554199,0.072265625,14269c18e6a56f09985dea654338c0b32f5e417a5600e334e252b0c1bbf8bd28,True,True,True,1,0.7189102092436745,0.9760064500484844,0.4883287584006812,0.0267816979168703,0.5300662975429279,-0.0509860847306875,0.9748810637170696,0.8483998042694187,0.728473025509332,0.5634793426715596,0.0,0.0951394662261009,7.021523629191506e-07,0.0951457768678665,99.365234375,0.634765625,0.0,-0.1887530088424682,-0.1519514322280883,-0.4365767538547516,-0.049541912972927,-0.1147656366229057,-0.0923895239830017,-0.2654474675655365,-0.0301224794238805,49.072265625,50.927734375,0.0,0.0023427742999047,CDP_NEG,80,62977,22.54155090000131,1024,1024,500,125,125,140,EARLY_STOPPING,False,0,2048,deterministic_evenly_spaced_full_fold,3.646400070190428,5.997169941663727,448,427,95.3125,CDP,1.4510426770894138,20,0.99,1.4510426770894138
TRIAL_0089_CDP_NEG,89,cc60cb3a934d733c81a034476c69e117792069e452dccda8feb7a6eefde729e2,FO_ONLY,COMPLETE,2,126,26989,2856,424f72a3df11b24bdd551a74968aa5efe8f47b52221df203d3bd3ed6f8a96c5a,f1c78e2ff146b5069b0310a8b0222fe8d495ed8d7dbf78dc149a7df8702a8f3a,26648,33.75640289997682,0.0680427551269531,0.072265625,14269c18e6a56f09985dea654338c0b32f5e417a5600e334e252b0c1bbf8bd28,True,True,True,1,0.788720563962241,0.7863984238736066,0.4472614647403192,0.0410996027545285,0.4595709506095748,-0.0519451061107155,0.784818356205057,0.8888296124978833,0.807245423660667,0.3603664185273056,0.0,0.0866688415408134,1.01635819760304e-08,0.0866689309477806,99.90234375,0.09765625,0.0,-0.2601650357246399,-0.2235391736030578,-0.5488576292991638,-0.0966723039746284,-0.1583282947540283,-0.1360389292240142,-0.3340175747871399,-0.0588317364454269,65.380859375,34.619140625,0.0,-0.038680549710989,CDP_NEG,145,62977,33.75605180001003,1024,1024,500,125,125,205,EARLY_STOPPING,False,0,2048,deterministic_evenly_spaced_full_fold,3.663600349426268,6.020027899742124,448,427,95.3125,CDP,1.4524627365104603,20,0.99,1.4524627365104603
TRIAL_0089_CDP_NEG,89,cc60cb3a934d733c81a034476c69e117792069e452dccda8feb7a6eefde729e2,FO_ONLY,COMPLETE,3,126,26466,3379,ad1e190147cfc7079fe69ab58be273b0089b28a9cb71d4377b9a01145e874910,b3de2bff6a2b887166deba8883b54b43de7150168fdd2094f9852f380bd9133e,26648,26.29464469998493,0.0674905776977539,0.09375,14269c18e6a56f09985dea654338c0b32f5e417a5600e334e252b0c1bbf8bd28,True,True,True,1,0.7498930067893836,1.0615481179203592,0.4780026601970651,0.0324874755102727,0.5000329740726578,-0.0599321663162721,1.0600118272627543,0.8668290149345736,0.7284201666435131,0.537634850721055,0.0,0.0964617058634758,5.540330221265322e-07,0.0964666828513145,99.267578125,0.732421875,0.0,-0.1773768067359924,-0.1438052058219909,-0.4837916493415832,-0.0455640703439712,-0.1083346828818321,-0.087830476462841,-0.2954806387424469,-0.0278287157416343,57.275390625,42.724609375,0.0,-0.0131325758993625,CDP_NEG,105,62977,26.29428450000705,1024,1024,500,125,125,165,EARLY_STOPPING,False,0,2048,deterministic_evenly_spaced_full_fold,3.652750015258789,5.9806626215577126,448,440,98.21428571428572,CDP,1.4666426917497315,20,0.99,1.4666426917497315
TRIAL_0089_CDP_NEG,89,cc60cb3a934d733c81a034476c69e117792069e452dccda8feb7a6eefde729e2,FO_ONLY,COMPLETE,4,126,27061,2784,2cf8e61e68345fca034455d14ca0a91ba8af3af3a30bcfad11a389cf00a64d26,e85c7d3201b31d98e24a7a8ea73439fb69c13286f849eaf6812d38684b5bedb5,26648,21.34426940002595,0.0677857398986816,0.072265625,14269c18e6a56f09985dea654338c0b32f5e417a5600e334e252b0c1bbf8bd28,True,True,True,1,0.7528621225833946,0.8752747373483386,0.4653114791058894,0.0274661432394402,0.4970403470819078,0.0243027449102357,0.8750944582093934,0.8679359696666076,0.7393125313173269,0.5681714113315285,0.0,0.088357888162136,2.882073658838636e-06,0.0883837789297103,98.73046875,1.26953125,0.0,-0.198285162448883,-0.1594202220439911,-0.5417603850364685,-0.0291837863624095,-0.1202956736087799,-0.0967170894145965,-0.3286752998828888,-0.0177052244544029,64.404296875,35.595703125,0.0,-0.0296350251883268,CDP_NEG,50,62977,21.343919400009327,1024,1024,500,125,125,125,EARLY_STOPPING,False,0,2048,deterministic_evenly_spaced_full_fold,3.65000057220459,6.01635006070137,448,436,97.32142857142856,CDP,1.460840537792371,20,0.99,1.460840537792371
TRIAL_0089_CDP_NEG,89,cc60cb3a934d733c81a034476c69e117792069e452dccda8feb7a6eefde729e2,FO_ONLY,COMPLETE,0,168,25813,4032,81354305b7b8066000bae764cd84c6a44c1e035572eb00baa18e30401895a2a4,6d4d4bf8c14384a72deec9ae950f7dbc99365946e460adffb80cf5c9ed8ff111,26648,20.26299469999504,0.0751557350158691,0.091796875,14269c18e6a56f09985dea654338c0b32f5e417a5600e334e252b0c1bbf8bd28,True,True,True,1,0.83883078123143,0.6224822920637583,0.414161072492702,0.0276615832754131,0.4014090759363493,-0.0229769083196602,0.6221352431114682,0.9171305280740888,0.7993205807084722,0.3870637708306189,0.0,0.0734738409519195,8.452014299109578e-06,0.0735497698187828,98.6328125,1.3671875,0.0,-0.1583957076072693,-0.1384318768978119,-0.3373872637748718,-0.0313090607523918,-0.0950198024511337,-0.0830437242984771,-0.2023948282003402,-0.0187819525599479,74.90234375,25.09765625,0.0,-0.0371128693222999,CDP_NEG,25,62977,20.26265940000303,1024,1024,500,125,125,125,EARLY_STOPPING,False,0,2048,deterministic_evenly_spaced_full_fold,3.6649999618530273,6.109466117620462,448,442,98.66071428571428,CDP,1.4710406730757069,20,0.99,1.4710406730757069
TRIAL_0089_CDP_NEG,89,cc60cb3a934d733c81a034476c69e117792069e452dccda8feb7a6eefde729e2,FO_ONLY,COMPLETE,1,168,27493,2352,db92a7db6dfa639d2026ff19c5b1159be2b53d1e09d9e6a72b1b767a05c21400,2ea764e1783688df4d4bc4d6bc4b7c6a52ae545bfb933c403a7aa96e5d21a797,26648,24.548567799996817,0.0669741630554199,0.072265625,14269c18e6a56f09985dea654338c0b32f5e417a5600e334e252b0c1bbf8bd28,True,True,True,1,0.7244044296613356,0.9664207988927483,0.466340211456084,0.0265186668543433,0.5248603579536899,-0.1092572689395347,0.9604291732735462,0.8537052639525918,0.7542214793691455,0.4469394183657278,0.0,0.0891909524798393,1.4112202961769073e-08,0.0891910791397094,99.951171875,0.048828125,0.0,-0.149986132979393,-0.1415103077888488,-0.2970659434795379,-0.0308091361075639,-0.0911945924162864,-0.0860411152243614,-0.1806220859289169,-0.018732575699687,43.45703125,56.54296875,0.0,0.0224080421030521,CDP_NEG,95,62977,24.54823360001319,1024,1024,500,125,125,155,EARLY_STOPPING,False,0,2048,deterministic_evenly_spaced_full_fold,3.646400070190428,5.997169941663727,448,440,98.21428571428572,CDP,1.4510426770894138,20,0.99,1.4510426770894138
TRIAL_0089_CDP_NEG,89,cc60cb3a934d733c81a034476c69e117792069e452dccda8feb7a6eefde729e2,FO_ONLY,COMPLETE,2,168,26989,2856,424f72a3df11b24bdd551a74968aa5efe8f47b52221df203d3bd3ed6f8a96c5a,f1c78e2ff146b5069b0310a8b0222fe8d495ed8d7dbf78dc149a7df8702a8f3a,26648,24.349926299997605,0.0680427551269531,0.072265625,14269c18e6a56f09985dea654338c0b32f5e417a5600e334e252b0c1bbf8bd28,True,True,True,1,0.7753192723148078,0.810955326757045,0.4595568266355482,0.0423830221037426,0.4739219956518302,-0.0790423740468481,0.8072354096033644,0.8825261985217947,0.8118587306506098,0.3234010599093837,0.0,0.0904111191630363,9.740263067214985e-07,0.0904198661446571,99.70703125,0.29296875,0.0,-0.2192031294107437,-0.1897341161966323,-0.4892403185367584,-0.0640892088413238,-0.1334001719951629,-0.1154662370681762,-0.2977363169193268,-0.0390026867389678,59.033203125,40.966796875,0.0,-0.02808703109622,CDP_NEG,90,62977,24.349593599996297,1024,1024,500,125,125,150,EARLY_STOPPING,False,0,2048,deterministic_evenly_spaced_full_fold,3.663600349426268,6.020027899742124,448,428,95.53571428571428,CDP,1.4524627365104603,20,0.99,1.4524627365104603
TRIAL_0089_CDP_NEG,89,cc60cb3a934d733c81a034476c69e117792069e452dccda8feb7a6eefde729e2,FO_ONLY,COMPLETE,3,168,26466,3379,ad1e190147cfc7079fe69ab58be273b0089b28a9cb71d4377b9a01145e874910,b3de2bff6a2b887166deba8883b54b43de7150168fdd2094f9852f380bd9133e,26648,20.7665471000073,0.0674910545349121,0.091796875,14269c18e6a56f09985dea654338c0b32f5e417a5600e334e252b0c1bbf8bd28,True,True,True,1,0.7489172159961843,1.0636169135454667,0.4853232424110638,0.0325507886527217,0.501007462192139,-0.0354102768794662,1.0631846389716484,0.8657585508779811,0.7655569193575323,0.4804433880746097,0.0,0.1012647598981857,3.548970823885611e-07,0.1012679487466812,99.365234375,0.634765625,0.0,-0.1563822329044342,-0.1322238892316818,-0.3507401645183563,-0.0456750094890594,-0.0955120325088501,-0.0807570740580558,-0.2142180949449539,-0.0278964731842279,53.955078125,46.044921875,0.0,-0.0134372562170028,CDP_NEG,70,62977,20.766216799995163,1024,1024,500,125,125,130,EARLY_STOPPING,False,0,2048,deterministic_evenly_spaced_full_fold,3.652750015258789,5.9806626215577126,448,446,99.55357142857144,CDP,1.4666426917497315,20,0.99,1.4666426917497315
TRIAL_0089_CDP_NEG,89,cc60cb3a934d733c81a034476c69e117792069e452dccda8feb7a6eefde729e2,FO_ONLY,COMPLETE,4,168,27061,2784,2cf8e61e68345fca034455d14ca0a91ba8af3af3a30bcfad11a389cf00a64d26,e85c7d3201b31d98e24a7a8ea73439fb69c13286f849eaf6812d38684b5bedb5,26648,23.000646700005746,0.0677857398986816,0.072265625,14269c18e6a56f09985dea654338c0b32f5e417a5600e334e252b0c1bbf8bd28,True,True,True,1,0.7489232650414213,0.8822221832920099,0.4629162638382528,0.0276841542676292,0.5009855779857914,-0.0758919626829062,0.8791097707955959,0.8668395855725396,0.7731617628333164,0.3973575194062222,0.0,0.0902482792735099,1.9332242118252907e-06,0.0902656465768814,97.802734375,2.197265625,0.0,-0.1581679284572601,-0.1398074626922607,-0.3778539299964905,-0.018420385196805,-0.0959573462605476,-0.084818422794342,-0.2292365133762359,-0.0111752822995185,57.958984375,42.041015625,0.0,-0.0245584808290004,CDP_NEG,80,62977,23.000292699987767,1024,1024,500,125,125,140,EARLY_STOPPING,False,0,2048,deterministic_evenly_spaced_full_fold,3.65000057220459,6.01635006070137,448,438,97.76785714285714,CDP,1.460840537792371,20,0.99,1.460840537792371
TRIAL_0097_CDP_NEG,97,f65f6d1b38d5c7781b8394f65a2842751c4b8ab03b9f5397d4077b772ce935b6,FO_ONLY,COMPLETE,0,21,25813,4032,81354305b7b8066000bae764cd84c6a44c1e035572eb00baa18e30401895a2a4,6d4d4bf8c14384a72deec9ae950f7dbc99365946e460adffb80cf5c9ed8ff111,26648,516.018936700013,0.0667071342468261,0.072265625,14269c18e6a56f09985dea654338c0b32f5e417a5600e334e252b0c1bbf8bd28,True,True,True,1,0.8524032474732295,0.5956955449052076,0.3876222463074973,0.026471246061567,0.3841355830814664,-0.0202718540359268,0.5954243556169081,0.9234666687571232,0.866378900611294,0.2527510923906726,0.0,0.0722239539027214,0.0,-11.325031280517578,100.0,0.0,0.0,-0.150161013007164,-0.1132553443312645,-0.4186396896839142,-0.0354106202721595,-0.0900799036026001,-0.0679406076669693,-0.251137226819992,-0.0212424341589212,60.05859375,39.94140625,0.0,-0.0180161911994218,CDP_NEG,40,35043,516.0183837999939,128,128,800,400,400,400,EARLY_STOPPING,False,0,2048,deterministic_evenly_spaced_full_fold,3.6649999618530273,6.109466117620462,768,750,97.65625,CDP,1.4710406730757069,20,0.99,1.4710406730757069
TRIAL_0097_CDP_NEG,97,f65f6d1b38d5c7781b8394f65a2842751c4b8ab03b9f5397d4077b772ce935b6,FO_ONLY,COMPLETE,1,21,27493,2352,db92a7db6dfa639d2026ff19c5b1159be2b53d1e09d9e6a72b1b767a05c21400,2ea764e1783688df4d4bc4d6bc4b7c6a52ae545bfb933c403a7aa96e5d21a797,26648,573.3868933000194,0.0567774772644043,0.072265625,14269c18e6a56f09985dea654338c0b32f5e417a5600e334e252b0c1bbf8bd28,True,True,True,1,0.7179675490321855,0.9776416435098372,0.4810875787535923,0.0268265677610351,0.5309543664115124,-0.0860120485311842,0.9740577534757344,0.8486450298548778,0.7260666199052516,0.5338990737261994,0.0,0.0943375378847122,0.0,-14.918670654296877,100.0,0.0,0.0,-0.2076917737722396,-0.163311019539833,-0.5164690017700195,-0.0508425720036029,-0.1262807846069336,-0.0992963910102844,-0.3140235245227813,-0.0309133064001798,40.8203125,59.1796875,0.0,0.0197652913630008,CDP_NEG,55,35043,573.386457399989,128,128,800,400,400,400,EARLY_STOPPING,False,0,2048,deterministic_evenly_spaced_full_fold,3.646400070190428,5.997169941663727,768,745,97.00520833333331,CDP,1.4510426770894138,20,0.99,1.4510426770894138
TRIAL_0097_CDP_NEG,97,f65f6d1b38d5c7781b8394f65a2842751c4b8ab03b9f5397d4077b772ce935b6,FO_ONLY,COMPLETE,2,21,26989,2856,424f72a3df11b24bdd551a74968aa5efe8f47b52221df203d3bd3ed6f8a96c5a,f1c78e2ff146b5069b0310a8b0222fe8d495ed8d7dbf78dc149a7df8702a8f3a,26648,559.2535186000168,0.0610074996948242,0.072265625,14269c18e6a56f09985dea654338c0b32f5e417a5600e334e252b0c1bbf8bd28,True,True,True,1,0.7770982060292317,0.8077385339702763,0.4501024267091011,0.0422149026090104,0.4720421031265536,-0.089335060970602,0.8029237303224444,0.8830828016223504,0.7826917871750643,0.3754979004449544,0.0,0.0892610773444175,0.0,-10.34787940979004,100.0,0.0,0.0,-0.1775614321231842,-0.1544374078512191,-0.4050589203834533,-0.0312453508377075,-0.1080583184957504,-0.093985766172409,-0.2465061694383621,-0.0190149415284395,66.015625,33.984375,0.0,-0.0237255487591028,CDP_NEG,35,35043,559.2531091999845,128,128,800,400,400,400,EARLY_STOPPING,False,0,2048,deterministic_evenly_spaced_full_fold,3.663600349426268,6.020027899742124,768,747,97.265625,CDP,1.4524627365104603,20,0.99,1.4524627365104603
TRIAL_0097_CDP_NEG,97,f65f6d1b38d5c7781b8394f65a2842751c4b8ab03b9f5397d4077b772ce935b6,FO_ONLY,COMPLETE,3,21,26466,3379,ad1e190147cfc7079fe69ab58be273b0089b28a9cb71d4377b9a01145e874910,b3de2bff6a2b887166deba8883b54b43de7150168fdd2094f9852f380bd9133e,26648,522.7148847999924,0.0636200904846191,0.072265625,14269c18e6a56f09985dea654338c0b32f5e417a5600e334e252b0c1bbf8bd28,True,True,True,1,0.7540778796581376,1.0526295665340992,0.4777735658464908,0.0322145333658168,0.4958319682974058,-0.0037120276629575,1.0527788155334847,0.8685101351938996,0.7411692921307057,0.5658026233608155,0.0,0.0979815497994422,1.989074291941506e-07,1.488024677177161e+20,99.560546875,0.439453125,0.0,-0.1031961739063263,-0.0778055191040039,-0.2815271914005279,-0.0143696991726756,-0.0630280971527099,-0.0475205108523368,-0.171945571899414,-0.008776438422501,53.7109375,46.2890625,0.0,-0.0062333000823855,CDP_NEG,310,35043,522.7144945000182,128,128,800,400,400,400,EARLY_STOPPING,False,0,2048,deterministic_evenly_spaced_full_fold,3.652750015258789,5.9806626215577126,768,746,97.13541666666669,CDP,1.4666426917497315,20,0.99,1.4666426917497315
TRIAL_0097_CDP_NEG,97,f65f6d1b38d5c7781b8394f65a2842751c4b8ab03b9f5397d4077b772ce935b6,FO_ONLY,COMPLETE,4,21,27061,2784,2cf8e61e68345fca034455d14ca0a91ba8af3af3a30bcfad11a389cf00a64d26,e85c7d3201b31d98e24a7a8ea73439fb69c13286f849eaf6812d38684b5bedb5,26648,494.65535049999016,0.0613675117492675,0.072265625,14269c18e6a56f09985dea654338c0b32f5e417a5600e334e252b0c1bbf8bd28,True,True,True,1,0.7496209500379999,0.8809955834462417,0.4613179472188017,0.0276456635336644,0.5002890314192605,0.0511641677071513,0.87966663924965,0.8680552725382202,0.8014955404492581,0.4653012807801165,0.0,0.0861374884843826,0.0,-11.56887149810791,100.0,0.0,0.0,-0.1693931967020034,-0.1355579495429992,-0.3933251500129699,-0.0238291956484317,-0.1027674973011016,-0.0822403207421302,-0.2386225908994674,-0.014456701464951,55.322265625,44.677734375,0.0,-0.0127175040543079,CDP_NEG,40,35043,494.65485970000736,128,128,800,400,400,400,EARLY_STOPPING,False,0,2048,deterministic_evenly_spaced_full_fold,3.65000057220459,6.01635006070137,768,758,98.69791666666669,CDP,1.460840537792371,20,0.99,1.460840537792371
TRIAL_0097_CDP_NEG,97,f65f6d1b38d5c7781b8394f65a2842751c4b8ab03b9f5397d4077b772ce935b6,FO_ONLY,COMPLETE,0,42,25813,4032,81354305b7b8066000bae764cd84c6a44c1e035572eb00baa18e30401895a2a4,6d4d4bf8c14384a72deec9ae950f7dbc99365946e460adffb80cf5c9ed8ff111,26648,524.2423142000043,0.0667071342468261,0.072265625,14269c18e6a56f09985dea654338c0b32f5e417a5600e334e252b0c1bbf8bd28,True,True,True,1,0.8554166075154198,0.5895832767008943,0.3854830482089291,0.026199631883797,0.3801940734786242,-0.0159903675700502,0.5894394953488215,0.9250088519406952,0.8657072754541867,0.2584048851773814,0.0,0.0684890821576118,0.0,-11.342909812927246,100.0,0.0,0.0,-0.1592941582202911,-0.1310600042343139,-0.3873665630817413,-0.0435247384011745,-0.0955587774515152,-0.0786214172840118,-0.232376828789711,-0.0261100009083747,62.158203125,37.841796875,0.0,-0.0233379825949668,CDP_NEG,40,35043,524.2415526999976,128,128,800,400,400,400,EARLY_STOPPING,False,0,2048,deterministic_evenly_spaced_full_fold,3.6649999618530273,6.109466117620462,768,752,97.91666666666669,CDP,1.4710406730757069,20,0.99,1.4710406730757069
TRIAL_0097_CDP_NEG,97,f65f6d1b38d5c7781b8394f65a2842751c4b8ab03b9f5397d4077b772ce935b6,FO_ONLY,COMPLETE,1,42,27493,2352,db92a7db6dfa639d2026ff19c5b1159be2b53d1e09d9e6a72b1b767a05c21400,2ea764e1783688df4d4bc4d6bc4b7c6a52ae545bfb933c403a7aa96e5d21a797,26648,510.757598999975,0.0567779541015625,0.072265625,14269c18e6a56f09985dea654338c0b32f5e417a5600e334e252b0c1bbf8bd28,True,True,True,1,0.7204401679322299,0.973346646903326,0.4734792417045176,0.0267087126980242,0.5286217661002545,-0.0768411131496509,0.9705151239869376,0.8505229252941997,0.7529351232284792,0.4822665975530062,0.0,0.0926007330417633,0.0,-15.948248863220217,100.0,0.0,0.0,-0.2411244511604309,-0.2041555345058441,-0.5618086457252502,-0.0633806735277175,-0.1466085314750671,-0.1241306811571121,-0.3415909707546234,-0.0385367237031459,41.455078125,58.544921875,0.0,0.0147800985723733,CDP_NEG,60,35043,510.7571036000154,128,128,800,400,400,400,EARLY_STOPPING,False,0,2048,deterministic_evenly_spaced_full_fold,3.646400070190428,5.997169941663727,768,754,98.17708333333331,CDP,1.4510426770894138,20,0.99,1.4510426770894138
TRIAL_0097_CDP_NEG,97,f65f6d1b38d5c7781b8394f65a2842751c4b8ab03b9f5397d4077b772ce935b6,FO_ONLY,COMPLETE,2,42,26989,2856,424f72a3df11b24bdd551a74968aa5efe8f47b52221df203d3bd3ed6f8a96c5a,f1c78e2ff146b5069b0310a8b0222fe8d495ed8d7dbf78dc149a7df8702a8f3a,26648,505.9222427999776,0.0610074996948242,0.072265625,14269c18e6a56f09985dea654338c0b32f5e417a5600e334e252b0c1bbf8bd28,True,True,True,1,0.7701287769864863,0.8202690460071693,0.4623953505479196,0.0428697857463524,0.4793649297670928,-0.0403190061361307,0.8194210074180562,0.8800915696746715,0.8293606525469065,0.3246869555784348,0.0,0.092532642185688,6.114846407001551e-10,-7.997501373291016,99.951171875,0.048828125,0.0,-0.2003526240587234,-0.1589025557041168,-0.5226171016693115,-0.0358271710574626,-0.1219283267855644,-0.0967031195759773,-0.3180483877658844,-0.0218032915145158,62.109375,37.890625,0.0,-0.022126730531454,CDP_NEG,25,35043,505.92173020000337,128,128,800,400,400,400,EARLY_STOPPING,False,0,2048,deterministic_evenly_spaced_full_fold,3.663600349426268,6.020027899742124,768,753,98.046875,CDP,1.4524627365104603,20,0.99,1.4524627365104603
TRIAL_0097_CDP_NEG,97,f65f6d1b38d5c7781b8394f65a2842751c4b8ab03b9f5397d4077b772ce935b6,FO_ONLY,COMPLETE,3,42,26466,3379,ad1e190147cfc7079fe69ab58be273b0089b28a9cb71d4377b9a01145e874910,b3de2bff6a2b887166deba8883b54b43de7150168fdd2094f9852f380bd9133e,26648,527.7770807000052,0.0636200904846191,0.072265625,14269c18e6a56f09985dea654338c0b32f5e417a5600e334e252b0c1bbf8bd28,True,True,True,1,0.7505922023099082,1.060063255087526,0.477971391986726,0.0324420329682876,0.4993335423974869,-0.0036360107672309,1.0602139137230544,0.8663810885360939,0.7466408308725502,0.5538394139113507,0.0,0.0987524762749672,1.7157779552690045e-07,7.956482193787086e+19,99.609375,0.390625,0.0,-0.102931410074234,-0.0818234905600547,-0.261479914188385,-0.0172118376940488,-0.0628663972020149,-0.0499745234847068,-0.1597014963626861,-0.0105123035609722,59.130859375,40.869140625,0.0,-0.0139077641069889,CDP_NEG,305,35043,527.776669999992,128,128,800,400,400,400,EARLY_STOPPING,False,0,2048,deterministic_evenly_spaced_full_fold,3.652750015258789,5.9806626215577126,768,752,97.91666666666669,CDP,1.4666426917497315,20,0.99,1.4666426917497315
TRIAL_0097_CDP_NEG,97,f65f6d1b38d5c7781b8394f65a2842751c4b8ab03b9f5397d4077b772ce935b6,FO_ONLY,COMPLETE,4,42,27061,2784,2cf8e61e68345fca034455d14ca0a91ba8af3af3a30bcfad11a389cf00a64d26,e85c7d3201b31d98e24a7a8ea73439fb69c13286f849eaf6812d38684b5bedb5,26648,518.6169208000065,0.0613665580749511,0.072265625,14269c18e6a56f09985dea654338c0b32f5e417a5600e334e252b0c1bbf8bd28,True,True,True,1,0.7552789572420284,0.8709844368201314,0.4553863515786946,0.0273315135011194,0.4946040235224205,-0.0233940369108422,0.8708266188525222,0.8691773393734076,0.7586914021104345,0.4800447589522011,0.0,0.0857337862253189,0.0,-14.795212745666504,100.0,0.0,0.0,-0.2008124142885208,-0.1682238429784774,-0.4775188267230987,-0.0457651242613792,-0.1218289211392402,-0.1020580753684043,-0.2897012233734131,-0.0277647953480482,52.34375,47.607421875,0.048828125,-0.0050910487771034,CDP_NEG,55,35043,518.6165185999998,128,128,800,400,400,400,EARLY_STOPPING,False,0,2048,deterministic_evenly_spaced_full_fold,3.65000057220459,6.01635006070137,768,736,95.83333333333331,CDP,1.460840537792371,20,0.99,1.460840537792371
TRIAL_0097_CDP_NEG,97,f65f6d1b38d5c7781b8394f65a2842751c4b8ab03b9f5397d4077b772ce935b6,FO_ONLY,COMPLETE,0,84,25813,4032,81354305b7b8066000bae764cd84c6a44c1e035572eb00baa18e30401895a2a4,6d4d4bf8c14384a72deec9ae950f7dbc99365946e460adffb80cf5c9ed8ff111,26648,522.84510950002,0.0667076110839843,0.072265625,14269c18e6a56f09985dea654338c0b32f5e417a5600e334e252b0c1bbf8bd28,True,True,True,1,0.8544514404330936,0.5915478863628143,0.3782663371385997,0.0262869343090382,0.3814609563426369,0.0001543144031847,0.5916212365134309,0.9246084291023314,0.8353021708140975,0.3366751692690187,0.0,0.0690361484885215,0.0,-13.502894401550291,100.0,0.0,0.0,-0.2122588753700256,-0.1822754144668579,-0.5080358386039734,-0.0418595224618911,-0.1273317039012909,-0.1093449667096138,-0.3047649562358856,-0.0251110550016164,59.033203125,40.91796875,0.048828125,-0.0208348501473665,CDP_NEG,50,35043,522.8446680000052,128,128,800,400,400,400,EARLY_STOPPING,False,0,2048,deterministic_evenly_spaced_full_fold,3.6649999618530273,6.109466117620462,768,756,98.4375,CDP,1.4710406730757069,20,0.99,1.4710406730757069
TRIAL_0097_CDP_NEG,97,f65f6d1b38d5c7781b8394f65a2842751c4b8ab03b9f5397d4077b772ce935b6,FO_ONLY,COMPLETE,1,84,27493,2352,db92a7db6dfa639d2026ff19c5b1159be2b53d1e09d9e6a72b1b767a05c21400,2ea764e1783688df4d4bc4d6bc4b7c6a52ae545bfb933c403a7aa96e5d21a797,26648,584.0526953999943,0.0567779541015625,0.072265625,14269c18e6a56f09985dea654338c0b32f5e417a5600e334e252b0c1bbf8bd28,True,True,True,1,0.7262176321753595,0.9632364074355704,0.4679632461107127,0.0264312868887181,0.5231309241066597,-0.1033686839636466,0.9578775484483896,0.8548937984205319,0.7636519555854987,0.4314868396883256,0.0,0.0902026444673538,0.0,-13.876883506774902,100.0,0.0,0.0,-0.2160678207874298,-0.1848771572113037,-0.5057777166366577,-0.0437964797019958,-0.1313735842704773,-0.1124090254306793,-0.3075230121612549,-0.0266291424632072,49.462890625,50.537109375,0.0,0.0012176616583019,CDP_NEG,50,35043,584.0522880000062,128,128,800,400,400,400,EARLY_STOPPING,False,0,2048,deterministic_evenly_spaced_full_fold,3.646400070190428,5.997169941663727,768,761,99.08854166666669,CDP,1.4510426770894138,20,0.99,1.4510426770894138
TRIAL_0097_CDP_NEG,97,f65f6d1b38d5c7781b8394f65a2842751c4b8ab03b9f5397d4077b772ce935b6,FO_ONLY,COMPLETE,2,84,26989,2856,424f72a3df11b24bdd551a74968aa5efe8f47b52221df203d3bd3ed6f8a96c5a,f1c78e2ff146b5069b0310a8b0222fe8d495ed8d7dbf78dc149a7df8702a8f3a,26648,555.5900699000049,0.0610074996948242,0.072265625,14269c18e6a56f09985dea654338c0b32f5e417a5600e334e252b0c1bbf8bd28,True,True,True,1,0.7739792933202552,0.8133699702684928,0.4705246610055659,0.0425092188077307,0.4753331124346859,-0.0251802934897171,0.8131224771286966,0.8808670952471372,0.812574813687478,0.3757314036107379,0.0,0.0920786932110786,3.127218235476903e-07,-6.860267639160156,98.779296875,1.220703125,0.0,-0.232961431145668,-0.1655800938606262,-0.6309872269630432,-0.0169018171727657,-0.1417730152606964,-0.1007668524980545,-0.3839990496635437,-0.0102859167382121,63.330078125,36.669921875,0.0,-0.0350577421486377,CDP_NEG,20,35043,555.5888137999864,128,128,800,400,400,400,EARLY_STOPPING,False,0,2048,deterministic_evenly_spaced_full_fold,3.663600349426268,6.020027899742124,768,753,98.046875,CDP,1.4524627365104603,20,0.99,1.4524627365104603
TRIAL_0097_CDP_NEG,97,f65f6d1b38d5c7781b8394f65a2842751c4b8ab03b9f5397d4077b772ce935b6,FO_ONLY,COMPLETE,3,84,26466,3379,ad1e190147cfc7079fe69ab58be273b0089b28a9cb71d4377b9a01145e874910,b3de2bff6a2b887166deba8883b54b43de7150168fdd2094f9852f380bd9133e,26648,558.7659680999932,0.0636200904846191,0.072265625,14269c18e6a56f09985dea654338c0b32f5e417a5600e334e252b0c1bbf8bd28,True,True,True,1,0.7506402757463577,1.0599610863904836,0.4735116341779747,0.032438906211255,0.4992854167246354,-0.0213088700648932,1.059903722387977,0.866813382755533,0.7297057458803622,0.5734294400679687,0.0,0.0969015732407569,0.0,-18.52774810791016,100.0,0.0,0.0,-0.1933155357837677,-0.1727321445941925,-0.4340923428535461,-0.0441452376544475,-0.1180694103240966,-0.1054979041218757,-0.2651262581348419,-0.026962149888277,65.380859375,34.619140625,0.0,-0.0231253169476985,CDP_NEG,75,35043,558.7655535999802,128,128,800,400,400,400,EARLY_STOPPING,False,0,2048,deterministic_evenly_spaced_full_fold,3.652750015258789,5.9806626215577126,768,753,98.046875,CDP,1.4666426917497315,20,0.99,1.4666426917497315
TRIAL_0097_CDP_NEG,97,f65f6d1b38d5c7781b8394f65a2842751c4b8ab03b9f5397d4077b772ce935b6,FO_ONLY,COMPLETE,4,84,27061,2784,2cf8e61e68345fca034455d14ca0a91ba8af3af3a30bcfad11a389cf00a64d26,e85c7d3201b31d98e24a7a8ea73439fb69c13286f849eaf6812d38684b5bedb5,26648,556.3533176999772,0.0613670349121093,0.072265625,14269c18e6a56f09985dea654338c0b32f5e417a5600e334e252b0c1bbf8bd28,True,True,True,1,0.7502194546644889,0.8799419900813351,0.4583895067276146,0.027612601747414,0.499690729663902,0.012738680679894,0.8800078396233084,0.8663523219558784,0.76543490970753,0.5021085897553695,0.0,0.0834367349743843,0.0,-14.85713005065918,100.0,0.0,0.0,-0.1814373582601547,-0.1464402675628662,-0.4266603887081146,-0.0471236035227775,-0.1100744530558586,-0.0888424068689346,-0.2588464319705963,-0.0285889580845832,51.806640625,48.193359375,0.0,-0.004412586800754,CDP_NEG,55,35043,556.352842399996,128,128,800,400,400,400,EARLY_STOPPING,False,0,2048,deterministic_evenly_spaced_full_fold,3.65000057220459,6.01635006070137,768,749,97.52604166666669,CDP,1.460840537792371,20,0.99,1.460840537792371
TRIAL_0097_CDP_NEG,97,f65f6d1b38d5c7781b8394f65a2842751c4b8ab03b9f5397d4077b772ce935b6,FO_ONLY,COMPLETE,0,126,25813,4032,81354305b7b8066000bae764cd84c6a44c1e035572eb00baa18e30401895a2a4,6d4d4bf8c14384a72deec9ae950f7dbc99365946e460adffb80cf5c9ed8ff111,26648,551.3054797000077,0.0667071342468261,0.072265625,14269c18e6a56f09985dea654338c0b32f5e417a5600e334e252b0c1bbf8bd28,True,True,True,1,0.8564930912892589,0.5873843291013513,0.3929485738426881,0.026101916056506,0.378776077279827,0.0339645581676334,0.5864742657899477,0.9259851849453248,0.8776437366676089,0.2839704904761195,0.0,0.0701933205127716,0.0,-26.4457950592041,100.0,0.0,0.0,-0.1742153465747833,-0.1399254500865936,-0.423716276884079,-0.0386120826005935,-0.1045098155736923,-0.0839397013187408,-0.2541826367378235,-0.0231629554182291,62.109375,37.890625,0.0,-0.0201007016003131,CDP_NEG,115,35043,551.3050006999983,128,128,800,400,400,400,EARLY_STOPPING,False,0,2048,deterministic_evenly_spaced_full_fold,3.6649999618530273,6.109466117620462,768,746,97.13541666666669,CDP,1.4710406730757069,20,0.99,1.4710406730757069
TRIAL_0097_CDP_NEG,97,f65f6d1b38d5c7781b8394f65a2842751c4b8ab03b9f5397d4077b772ce935b6,FO_ONLY,COMPLETE,1,126,27493,2352,db92a7db6dfa639d2026ff19c5b1159be2b53d1e09d9e6a72b1b767a05c21400,2ea764e1783688df4d4bc4d6bc4b7c6a52ae545bfb933c403a7aa96e5d21a797,26648,568.7767891999974,0.0567774772644043,0.072265625,14269c18e6a56f09985dea654338c0b32f5e417a5600e334e252b0c1bbf8bd28,True,True,True,1,0.7250604433102252,0.965269904195686,0.4665471530554271,0.0264870862084272,0.5242353103519006,-0.069039321978114,0.9630025189844053,0.8525337880261458,0.7426934109451658,0.5132453792511819,0.0,0.0896975472569465,0.0,-14.97100830078125,100.0,0.0,0.0,-0.1984941065311432,-0.1626467406749725,-0.5114597082138062,-0.0465458147227764,-0.1206884086132049,-0.0988924950361251,-0.3109778165817261,-0.028300791978836,49.70703125,50.29296875,0.0,0.0005580787546932,CDP_NEG,55,35043,568.7763287999842,128,128,800,400,400,400,EARLY_STOPPING,False,0,2048,deterministic_evenly_spaced_full_fold,3.646400070190428,5.997169941663727,768,742,96.61458333333331,CDP,1.4510426770894138,20,0.99,1.4510426770894138
TRIAL_0097_CDP_NEG,97,f65f6d1b38d5c7781b8394f65a2842751c4b8ab03b9f5397d4077b772ce935b6,FO_ONLY,COMPLETE,2,126,26989,2856,424f72a3df11b24bdd551a74968aa5efe8f47b52221df203d3bd3ed6f8a96c5a,f1c78e2ff146b5069b0310a8b0222fe8d495ed8d7dbf78dc149a7df8702a8f3a,26648,558.5173949000018,0.0610065460205078,0.072265625,14269c18e6a56f09985dea654338c0b32f5e417a5600e334e252b0c1bbf8bd28,True,True,True,1,0.7781043884205524,0.8059133994057307,0.453236258416554,0.0421195154575371,0.4709754951561472,0.0001259301332574,0.8060545179087392,0.8839179075213135,0.8313633647936933,0.3608479917943682,0.0,0.0886663571000099,0.0,-10.37320327758789,100.0,0.0,0.0,-0.2231102734804153,-0.1976888179779052,-0.4628762006759643,-0.0664078146219253,-0.1357779204845428,-0.1203072145581245,-0.2816919386386871,-0.0404137149453163,60.44921875,39.55078125,0.0,-0.0217246562242507,CDP_NEG,35,35043,558.5168504000176,128,128,800,400,400,400,EARLY_STOPPING,False,0,2048,deterministic_evenly_spaced_full_fold,3.663600349426268,6.020027899742124,768,723,94.140625,CDP,1.4524627365104603,20,0.99,1.4524627365104603
TRIAL_0097_CDP_NEG,97,f65f6d1b38d5c7781b8394f65a2842751c4b8ab03b9f5397d4077b772ce935b6,FO_ONLY,COMPLETE,3,126,26466,3379,ad1e190147cfc7079fe69ab58be273b0089b28a9cb71d4377b9a01145e874910,b3de2bff6a2b887166deba8883b54b43de7150168fdd2094f9852f380bd9133e,26648,563.7230421999993,0.0636200904846191,0.072265625,14269c18e6a56f09985dea654338c0b32f5e417a5600e334e252b0c1bbf8bd28,True,True,True,1,0.7567394377472723,1.0469178875798135,0.4865006919500192,0.0320397339130012,0.4931415317865721,-0.0612323204041888,1.0452803545639284,0.8709520290942849,0.7312112464336705,0.5301933819268725,0.0,0.0978835970163345,0.0,-50.15103912353516,100.0,0.0,0.0,-0.160745769739151,-0.1302703469991684,-0.4005873501300812,-0.0321722030639648,-0.0981771051883697,-0.0795639306306839,-0.2446627616882324,-0.0196494981646537,57.6171875,42.3828125,0.0,-0.0112297059968113,CDP_NEG,235,35043,563.7226023999974,128,128,800,400,400,400,EARLY_STOPPING,False,0,2048,deterministic_evenly_spaced_full_fold,3.652750015258789,5.9806626215577126,768,744,96.875,CDP,1.4666426917497315,20,0.99,1.4666426917497315
TRIAL_0097_CDP_NEG,97,f65f6d1b38d5c7781b8394f65a2842751c4b8ab03b9f5397d4077b772ce935b6,FO_ONLY,COMPLETE,4,126,27061,2784,2cf8e61e68345fca034455d14ca0a91ba8af3af3a30bcfad11a389cf00a64d26,e85c7d3201b31d98e24a7a8ea73439fb69c13286f849eaf6812d38684b5bedb5,26648,568.4471986000135,0.0613670349121093,0.072265625,14269c18e6a56f09985dea654338c0b32f5e417a5600e334e252b0c1bbf8bd28,True,True,True,1,0.7534185917453617,0.8742887737873631,0.4605386722606694,0.0274352036781355,0.4964804501151086,0.0267445450186934,0.874036608509894,0.8693292961135248,0.7954199438508792,0.453557091384912,0.0,0.0849790126085281,0.0,-16.957632064819336,100.0,0.0,0.0,-0.2263878583908081,-0.1820446252822876,-0.5263734459877014,-0.0495342575013637,-0.1373450458049774,-0.1104428768157959,-0.3193403482437134,-0.0300514549016952,45.8984375,54.1015625,0.0,0.0077120414935052,CDP_NEG,65,35043,568.446775999997,128,128,800,400,400,400,EARLY_STOPPING,False,0,2048,deterministic_evenly_spaced_full_fold,3.65000057220459,6.01635006070137,768,747,97.265625,CDP,1.460840537792371,20,0.99,1.460840537792371
TRIAL_0097_CDP_NEG,97,f65f6d1b38d5c7781b8394f65a2842751c4b8ab03b9f5397d4077b772ce935b6,FO_ONLY,COMPLETE,0,168,25813,4032,81354305b7b8066000bae764cd84c6a44c1e035572eb00baa18e30401895a2a4,6d4d4bf8c14384a72deec9ae950f7dbc99365946e460adffb80cf5c9ed8ff111,26648,557.5542599999753,0.0667071342468261,0.072265625,14269c18e6a56f09985dea654338c0b32f5e417a5600e334e252b0c1bbf8bd28,True,True,True,1,0.8590154024987974,0.5821994427873705,0.376463386743299,0.0258715124508512,0.3754325919298583,-0.0110057929189116,0.5821676056135671,0.9268792538373092,0.8532896037352742,0.2887620195213071,0.0,0.0670511573553085,0.0,-21.59863471984864,100.0,0.0,0.0,-0.1775792092084884,-0.1400323808193206,-0.4143653810024261,-0.0477694906294345,-0.1065277680754661,-0.0840038433670997,-0.2485731244087219,-0.0286563802510499,62.646484375,37.353515625,0.0,-0.0211484283208847,CDP_NEG,90,35043,557.5538025000133,128,128,800,400,400,400,EARLY_STOPPING,False,0,2048,deterministic_evenly_spaced_full_fold,3.6649999618530273,6.109466117620462,768,750,97.65625,CDP,1.4710406730757069,20,0.99,1.4710406730757069
TRIAL_0097_CDP_NEG,97,f65f6d1b38d5c7781b8394f65a2842751c4b8ab03b9f5397d4077b772ce935b6,FO_ONLY,COMPLETE,1,168,27493,2352,db92a7db6dfa639d2026ff19c5b1159be2b53d1e09d9e6a72b1b767a05c21400,2ea764e1783688df4d4bc4d6bc4b7c6a52ae545bfb933c403a7aa96e5d21a797,26648,562.1022646999918,0.0567774772644043,0.072265625,14269c18e6a56f09985dea654338c0b32f5e417a5600e334e252b0c1bbf8bd28,True,True,True,1,0.7130074543733518,0.9862010484106096,0.4779447378340449,0.0270614385412326,0.5356029546095697,-0.0852180075796865,0.9827212235615844,0.8456698667832598,0.7174214132145328,0.554257213729578,0.0,0.0951151251792907,0.0,-19.204214096069336,100.0,0.0,0.0,-0.213907241821289,-0.1650021374225616,-0.5256067514419556,-0.0529725812375545,-0.1300598978996276,-0.1003246158361435,-0.3195794820785522,-0.0322083942592144,55.322265625,44.677734375,0.0,-0.0098466090857982,CDP_NEG,75,35043,562.1017885000037,128,128,800,400,400,400,EARLY_STOPPING,False,0,2048,deterministic_evenly_spaced_full_fold,3.646400070190428,5.997169941663727,768,746,97.13541666666669,CDP,1.4510426770894138,20,0.99,1.4510426770894138
TRIAL_0097_CDP_NEG,97,f65f6d1b38d5c7781b8394f65a2842751c4b8ab03b9f5397d4077b772ce935b6,FO_ONLY,COMPLETE,2,168,26989,2856,424f72a3df11b24bdd551a74968aa5efe8f47b52221df203d3bd3ed6f8a96c5a,f1c78e2ff146b5069b0310a8b0222fe8d495ed8d7dbf78dc149a7df8702a8f3a,26648,559.5867341000121,0.0610074996948242,0.072265625,14269c18e6a56f09985dea654338c0b32f5e417a5600e334e252b0c1bbf8bd28,True,True,True,1,0.7713473276659264,0.8180920280314589,0.4662046023365371,0.0427560080844511,0.4780926812602059,-0.0731034147884456,0.8149619666876635,0.879314638199803,0.7691522395315511,0.4206913053455037,0.0,0.0921480357646942,3.001741788466461e-07,-8.029777526855469,98.73046875,1.26953125,0.0,-0.1698383539915084,-0.1496705412864685,-0.3918360471725464,-0.0244214329868555,-0.1033582985401153,-0.0910848081111908,-0.2384591400623321,-0.0148621182888746,63.8671875,36.1328125,0.0,-0.023995816707611,CDP_NEG,25,35043,559.5862483999808,128,128,800,400,400,400,EARLY_STOPPING,False,0,2048,deterministic_evenly_spaced_full_fold,3.663600349426268,6.020027899742124,768,752,97.91666666666669,CDP,1.4524627365104603,20,0.99,1.4524627365104603
TRIAL_0097_CDP_NEG,97,f65f6d1b38d5c7781b8394f65a2842751c4b8ab03b9f5397d4077b772ce935b6,FO_ONLY,COMPLETE,3,168,26466,3379,ad1e190147cfc7079fe69ab58be273b0089b28a9cb71d4377b9a01145e874910,b3de2bff6a2b887166deba8883b54b43de7150168fdd2094f9852f380bd9133e,26648,540.9877613999997,0.0636196136474609,0.072265625,14269c18e6a56f09985dea654338c0b32f5e417a5600e334e252b0c1bbf8bd28,True,True,True,1,0.7469450316306014,1.0677859481628005,0.4723046529806355,0.0326783772261888,0.5029712495546952,-0.0397191010072923,1.067204893293775,0.8648777983424067,0.7248317902129859,0.565743551626742,0.0,0.0947919264435768,0.0,-12.342123985290527,100.0,0.0,0.0,-0.1756962835788726,-0.1467511653900146,-0.4170615077018738,-0.0472734980285167,-0.1073082685470581,-0.0896297544240951,-0.2547245025634765,-0.0288727656006813,53.3203125,46.6796875,0.0,-0.0042342720553278,CDP_NEG,45,35043,540.9873231999809,128,128,800,400,400,400,EARLY_STOPPING,False,0,2048,deterministic_evenly_spaced_full_fold,3.652750015258789,5.9806626215577126,768,738,96.09375,CDP,1.4666426917497315,20,0.99,1.4666426917497315
TRIAL_0097_CDP_NEG,97,f65f6d1b38d5c7781b8394f65a2842751c4b8ab03b9f5397d4077b772ce935b6,FO_ONLY,COMPLETE,4,168,27061,2784,2cf8e61e68345fca034455d14ca0a91ba8af3af3a30bcfad11a389cf00a64d26,e85c7d3201b31d98e24a7a8ea73439fb69c13286f849eaf6812d38684b5bedb5,26648,511.258093499986,0.0613670349121093,0.072265625,14269c18e6a56f09985dea654338c0b32f5e417a5600e334e252b0c1bbf8bd28,True,True,True,1,0.7499849866769517,0.8803548922000265,0.464569777195553,0.027625558626268,0.4999252034852384,-0.001831975081628,0.8805111380524705,0.8665515460274751,0.7772740196770457,0.4628381623351907,0.0,0.0863715857267379,0.0,-22.1997299194336,100.0,0.0,0.0,-0.2030242681503296,-0.1486492455005645,-0.5649114847183228,-0.0397043600678443,-0.1231708079576492,-0.0901825577020645,-0.3427205979824066,-0.0240878500044345,39.111328125,60.888671875,0.0,0.0216136910021305,CDP_NEG,90,35043,511.25736660000985,128,128,800,400,400,400,EARLY_STOPPING,False,0,2048,deterministic_evenly_spaced_full_fold,3.65000057220459,6.01635006070137,768,741,96.484375,CDP,1.460840537792371,20,0.99,1.460840537792371
TRIAL_0107_CDP_NEG,107,29ef0076663af1607b7722b944686fd0d36acd1a4880e000b8b5367301fdc784,FO_ONLY,COMPLETE,0,21,25813,4032,81354305b7b8066000bae764cd84c6a44c1e035572eb00baa18e30401895a2a4,6d4d4bf8c14384a72deec9ae950f7dbc99365946e460adffb80cf5c9ed8ff111,35156,281.175145600002,0.0657825469970703,0.087890625,14269c18e6a56f09985dea654338c0b32f5e417a5600e334e252b0c1bbf8bd28,True,True,True,1,0.8512486148156502,0.5980210351017344,0.3711411595700949,0.0265745851308827,0.3856351805524114,-0.006551146193704,0.5980593197774549,0.9226503075392392,0.8551016437592639,0.289514193293846,0.0,0.0679497867822647,4.0488322383680497e-07,0.0679502263665199,99.609375,0.390625,0.0,-0.2538626492023468,-0.1499600410461425,-0.8403080701828003,-0.0380019582808017,-0.1522893458604812,-0.0899593383073806,-0.5040913224220276,-0.0227969475090503,61.962890625,38.037109375,0.0,-0.0340049192309379,CDP_NEG,290,42209,281.174633300001,512,512,600,150,150,350,EARLY_STOPPING,False,0,2048,deterministic_evenly_spaced_full_fold,3.6649999618530273,6.109466117620462,1536,1496,97.39583333333331,CDP,1.4710406730757069,20,0.99,1.4710406730757069
TRIAL_0107_CDP_NEG,107,29ef0076663af1607b7722b944686fd0d36acd1a4880e000b8b5367301fdc784,FO_ONLY,COMPLETE,1,21,27493,2352,db92a7db6dfa639d2026ff19c5b1159be2b53d1e09d9e6a72b1b767a05c21400,2ea764e1783688df4d4bc4d6bc4b7c6a52ae545bfb933c403a7aa96e5d21a797,37872,332.6704341000004,0.0593094825744628,0.064453125,14269c18e6a56f09985dea654338c0b32f5e417a5600e334e252b0c1bbf8bd28,True,True,True,1,0.726957918993167,0.9619332667403424,0.465588902397284,0.0263955285999885,0.5224231921408897,-0.0996130935857262,0.9569651009468336,0.8546777178533075,0.751200110947366,0.4634209491686977,0.0,0.0885317549109458,2.7486557883094065e-06,0.0885347202420234,97.36328125,2.63671875,0.0,-0.2269286066293716,-0.1446268856525421,-0.6861465573310852,-0.0201310906559228,-0.1379771530628204,-0.08793605864048,-0.4171909391880035,-0.01224010810256,55.859375,44.140625,0.0,-0.0146044194698333,CDP_NEG,385,42209,332.6700002000034,512,512,600,150,150,445,EARLY_STOPPING,False,0,2048,deterministic_evenly_spaced_full_fold,3.646400070190428,5.997169941663727,1536,1495,97.33072916666669,CDP,1.4510426770894138,20,0.99,1.4510426770894138
TRIAL_0107_CDP_NEG,107,29ef0076663af1607b7722b944686fd0d36acd1a4880e000b8b5367301fdc784,FO_ONLY,COMPLETE,2,21,26989,2856,424f72a3df11b24bdd551a74968aa5efe8f47b52221df203d3bd3ed6f8a96c5a,f1c78e2ff146b5069b0310a8b0222fe8d495ed8d7dbf78dc149a7df8702a8f3a,2664,218.9645934,0.0611519813537597,0.0859375,14269c18e6a56f09985dea654338c0b32f5e417a5600e334e252b0c1bbf8bd28,True,True,True,1,0.7607954371347829,0.8367558353962852,0.4721227189870316,0.0437314361185041,0.4889998034418569,-0.0474943340695997,0.8355531498679126,0.873845850990443,0.8030797179033794,0.3737278401861872,0.0,0.0933220386505127,0.0,0.0933220386505127,100.0,0.0,0.0,-0.3870038390159607,-0.2693078815937042,-1.1201590299606323,-0.0352709218859672,-0.2355184257030487,-0.1638923287391662,-0.6816936731338501,-0.0214647781103849,62.646484375,37.353515625,0.0,-0.0248848348855972,CDP_NEG,185,42209,218.9637156999997,512,512,600,150,150,245,EARLY_STOPPING,False,0,2048,deterministic_evenly_spaced_full_fold,3.663600349426268,6.020027899742124,1536,1509,98.2421875,CDP,1.4524627365104603,20,0.99,1.4524627365104603
TRIAL_0107_CDP_NEG,107,29ef0076663af1607b7722b944686fd0d36acd1a4880e000b8b5367301fdc784,FO_ONLY,COMPLETE,3,21,26466,3379,ad1e190147cfc7079fe69ab58be273b0089b28a9cb71d4377b9a01145e874910,b3de2bff6a2b887166deba8883b54b43de7150168fdd2094f9852f380bd9133e,37176,260.8695212999992,0.0631232261657714,0.0859375,14269c18e6a56f09985dea654338c0b32f5e417a5600e334e252b0c1bbf8bd28,True,True,True,1,0.7363796270828163,1.0898488044641603,0.4785421705985055,0.0333535859064899,0.5133637654158879,-0.0216235534749343,1.089795540242826,0.85878390437842,0.7099966517919094,0.6164813955478087,0.0,0.0960846543312072,1.2889823430839442e-08,0.0960846692323684,99.8046875,0.1953125,0.0,-0.2931777238845825,-0.1818669438362121,-0.8880559206008911,-0.0366360992193222,-0.1790612637996673,-0.111077070236206,-0.5423891544342041,-0.0223758667707443,55.6640625,44.3359375,0.0,-0.0066020740196108,CDP_NEG,250,42209,260.8686340999993,512,512,600,150,150,310,EARLY_STOPPING,False,0,2048,deterministic_evenly_spaced_full_fold,3.652750015258789,5.9806626215577126,1536,1502,97.78645833333331,CDP,1.4666426917497315,20,0.99,1.4666426917497315
TRIAL_0107_CDP_NEG,107,29ef0076663af1607b7722b944686fd0d36acd1a4880e000b8b5367301fdc784,FO_ONLY,COMPLETE,4,21,27061,2784,2cf8e61e68345fca034455d14ca0a91ba8af3af3a30bcfad11a389cf00a64d26,e85c7d3201b31d98e24a7a8ea73439fb69c13286f849eaf6812d38684b5bedb5,24992,397.6646784000004,0.0603628158569335,0.0859375,14269c18e6a56f09985dea654338c0b32f5e417a5600e334e252b0c1bbf8bd28,True,True,True,1,0.7427834077254746,0.8929440088178936,0.4525492502492769,0.0280206054218969,0.5070741575521133,0.0167501915726545,0.8929472773678385,0.8645169630343488,0.8054839807396817,0.4225662767388496,0.0,0.0800558775663375,4.206197612433016e-09,0.0800558850169181,99.853515625,0.146484375,0.0,-0.1945439726114273,-0.1518746316432953,-0.5406819581985474,-0.0211272351443767,-0.1180259734392166,-0.092139333486557,-0.3280210494995117,-0.0128174750134348,45.458984375,54.541015625,0.0,0.004710687790066,CDP_NEG,540,42209,397.6642321,512,512,600,150,150,600,MAX_EPOCHS,False,0,2048,deterministic_evenly_spaced_full_fold,3.65000057220459,6.01635006070137,1536,1512,98.4375,CDP,1.460840537792371,20,0.99,1.460840537792371
TRIAL_0107_CDP_NEG,107,29ef0076663af1607b7722b944686fd0d36acd1a4880e000b8b5367301fdc784,FO_ONLY,COMPLETE,0,42,25813,4032,81354305b7b8066000bae764cd84c6a44c1e035572eb00baa18e30401895a2a4,6d4d4bf8c14384a72deec9ae950f7dbc99365946e460adffb80cf5c9ed8ff111,2664,273.93693509999866,0.0657825469970703,0.087890625,14269c18e6a56f09985dea654338c0b32f5e417a5600e334e252b0c1bbf8bd28,True,True,True,1,0.85341290672427,0.5936545730729751,0.3713246649975421,0.0263805502891412,0.3828194579038772,0.0005519150580521,0.5937279480612245,0.9239874859755912,0.870786372816832,0.2645692399671334,0.0,0.066157765686512,5.497302026924444e-07,0.0661583617329597,98.828125,1.171875,0.0,-0.1994630694389343,-0.1311127245426178,-0.6250019073486328,-0.0236417520791292,-0.1196556612849235,-0.0786530375480651,-0.3749316036701202,-0.0141824213787913,55.615234375,44.384765625,0.0,-0.0076581980101764,CDP_NEG,275,42209,273.936446599997,512,512,600,150,150,335,EARLY_STOPPING,False,0,2048,deterministic_evenly_spaced_full_fold,3.6649999618530273,6.109466117620462,1536,1496,97.39583333333331,CDP,1.4710406730757069,20,0.99,1.4710406730757069
TRIAL_0107_CDP_NEG,107,29ef0076663af1607b7722b944686fd0d36acd1a4880e000b8b5367301fdc784,FO_ONLY,COMPLETE,1,42,27493,2352,db92a7db6dfa639d2026ff19c5b1159be2b53d1e09d9e6a72b1b767a05c21400,2ea764e1783688df4d4bc4d6bc4b7c6a52ae545bfb933c403a7aa96e5d21a797,37176,296.4252287999989,0.0593094825744628,0.064453125,14269c18e6a56f09985dea654338c0b32f5e417a5600e334e252b0c1bbf8bd28,True,True,True,1,0.7253449927118585,0.964770270602428,0.4704166498355137,0.0264733762212,0.5239639607835722,-0.0832450164681566,0.9613765669809152,0.8535122195303335,0.7567044487841466,0.4673327121105297,0.0,0.0904680490493774,2.43762883656018e-07,0.0904683098196983,99.267578125,0.732421875,0.0,-0.1830822825431823,-0.1210881769657135,-0.5458313822746277,-0.0229328945279121,-0.1113177090883255,-0.0736240446567535,-0.3318764865398407,-0.0139436610043048,54.052734375,45.947265625,0.0,-0.0109370956197381,CDP_NEG,310,42209,296.4247961999972,512,512,600,150,150,370,EARLY_STOPPING,False,0,2048,deterministic_evenly_spaced_full_fold,3.646400070190428,5.997169941663727,1536,1500,97.65625,CDP,1.4510426770894138,20,0.99,1.4510426770894138
TRIAL_0107_CDP_NEG,107,29ef0076663af1607b7722b944686fd0d36acd1a4880e000b8b5367301fdc784,FO_ONLY,COMPLETE,2,42,26989,2856,424f72a3df11b24bdd551a74968aa5efe8f47b52221df203d3bd3ed6f8a96c5a,f1c78e2ff146b5069b0310a8b0222fe8d495ed8d7dbf78dc149a7df8702a8f3a,35156,200.06587890000085,0.0611515045166015,0.0859375,14269c18e6a56f09985dea654338c0b32f5e417a5600e334e252b0c1bbf8bd28,True,True,True,1,0.7590092137466542,0.8398741976874208,0.4616597781730007,0.0438944113324918,0.4908221732215712,-0.0668692067865522,0.8373545738011319,0.8732733502163984,0.8023328812261531,0.3559504878751868,0.0,0.0921582356095314,6.682312800876389e-07,0.0921589583158493,97.55859375,2.44140625,0.0,-0.2182470262050628,-0.1684408634901046,-0.6078359484672546,-0.0143389366567134,-0.1328182965517044,-0.1025078296661377,-0.3699098825454712,-0.0087262280285358,69.970703125,30.029296875,0.0,-0.036659650504589,CDP_NEG,160,42209,200.0651070999993,512,512,600,150,150,220,EARLY_STOPPING,False,0,2048,deterministic_evenly_spaced_full_fold,3.663600349426268,6.020027899742124,1536,1495,97.33072916666669,CDP,1.4524627365104603,20,0.99,1.4524627365104603
TRIAL_0107_CDP_NEG,107,29ef0076663af1607b7722b944686fd0d36acd1a4880e000b8b5367301fdc784,FO_ONLY,COMPLETE,3,42,26466,3379,ad1e190147cfc7079fe69ab58be273b0089b28a9cb71d4377b9a01145e874910,b3de2bff6a2b887166deba8883b54b43de7150168fdd2094f9852f380bd9133e,37872,274.798869000002,0.0631232261657714,0.087890625,14269c18e6a56f09985dea654338c0b32f5e417a5600e334e252b0c1bbf8bd28,True,True,True,1,0.7368267046980006,1.088924267113932,0.480903924245845,0.0333252914900458,0.5129282701678896,-0.0070558803391639,1.089062570485421,0.8597319952168319,0.697895713630904,0.6576752044715538,0.0,0.0974888652563095,0.0,0.0974888652563095,100.0,0.0,0.0,-0.208286315202713,-0.1374651491641998,-0.6341354846954346,-0.0273719392716884,-0.1272129714488983,-0.0839582234621048,-0.3873046338558197,-0.0167176891118288,56.689453125,43.310546875,0.0,-0.0127918794751167,CDP_NEG,270,42209,274.7984264000006,512,512,600,150,150,330,EARLY_STOPPING,False,0,2048,deterministic_evenly_spaced_full_fold,3.652750015258789,5.9806626215577126,1536,1505,97.98177083333331,CDP,1.4666426917497315,20,0.99,1.4666426917497315
TRIAL_0107_CDP_NEG,107,29ef0076663af1607b7722b944686fd0d36acd1a4880e000b8b5367301fdc784,FO_ONLY,COMPLETE,4,42,27061,2784,2cf8e61e68345fca034455d14ca0a91ba8af3af3a30bcfad11a389cf00a64d26,e85c7d3201b31d98e24a7a8ea73439fb69c13286f849eaf6812d38684b5bedb5,24992,296.64390739999726,0.0603628158569335,0.0859375,14269c18e6a56f09985dea654338c0b32f5e417a5600e334e252b0c1bbf8bd28,True,True,True,1,0.7365962479954538,0.9036197532331648,0.4671971503654464,0.0283556105497563,0.5131365691391307,0.0303287837192621,0.9032728776618044,0.8611038394450815,0.7999461627960983,0.4476983419966909,0.0,0.0840136185288429,0.0,0.0840136185288429,100.0,0.0,0.0,-0.2188584059476852,-0.1457800567150116,-0.6625958681106567,-0.0371474437415599,-0.132777065038681,-0.0884418711066246,-0.4019837975502014,-0.0225366204977035,54.39453125,45.60546875,0.0,-0.0091478880494833,CDP_NEG,315,42209,296.6431825,512,512,600,150,150,375,EARLY_STOPPING,False,0,2048,deterministic_evenly_spaced_full_fold,3.65000057220459,6.01635006070137,1536,1511,98.37239583333331,CDP,1.460840537792371,20,0.99,1.460840537792371
TRIAL_0107_CDP_NEG,107,29ef0076663af1607b7722b944686fd0d36acd1a4880e000b8b5367301fdc784,FO_ONLY,COMPLETE,0,84,25813,4032,81354305b7b8066000bae764cd84c6a44c1e035572eb00baa18e30401895a2a4,6d4d4bf8c14384a72deec9ae950f7dbc99365946e460adffb80cf5c9ed8ff111,35156,197.7196101000009,0.0657820701599121,0.087890625,14269c18e6a56f09985dea654338c0b32f5e417a5600e334e252b0c1bbf8bd28,True,True,True,1,0.8468155303851237,0.6068667169514504,0.3792884029287037,0.0269676654935425,0.3913393379599249,0.0050683678159007,0.6069208195082054,0.920684754383714,0.8742521424063593,0.2620042166010975,0.0,0.0691574439406395,0.0,0.0691574439406395,100.0,0.0,0.0,-0.2352910190820694,-0.1735698878765106,-0.6640990376472473,-0.0519457161426544,-0.1411484181880951,-0.1041226238012313,-0.3983855247497558,-0.0311616510152816,64.208984375,35.791015625,0.0,-0.0362644083797931,CDP_NEG,180,42209,197.71915730000185,512,512,600,150,150,240,EARLY_STOPPING,False,0,2048,deterministic_evenly_spaced_full_fold,3.6649999618530273,6.109466117620462,1536,1493,97.20052083333331,CDP,1.4710406730757069,20,0.99,1.4710406730757069
TRIAL_0107_CDP_NEG,107,29ef0076663af1607b7722b944686fd0d36acd1a4880e000b8b5367301fdc784,FO_ONLY,COMPLETE,1,84,27493,2352,db92a7db6dfa639d2026ff19c5b1159be2b53d1e09d9e6a72b1b767a05c21400,2ea764e1783688df4d4bc4d6bc4b7c6a52ae545bfb933c403a7aa96e5d21a797,2664,303.0336673999991,0.0593094825744628,0.064453125,14269c18e6a56f09985dea654338c0b32f5e417a5600e334e252b0c1bbf8bd28,True,True,True,1,0.7313463690761717,0.954171650236439,0.4596461807931995,0.0261825491995513,0.5182078805279717,-0.0816530469079584,0.9508736720137771,0.8564445144011411,0.7450979748921779,0.4951901271353601,0.0,0.0855669155716896,4.751634151034523e-06,0.0855720341205596,97.265625,2.734375,0.0,-0.1689171493053436,-0.1254697740077972,-0.4720610380172729,-0.0127777652814984,-0.102705031633377,-0.0762881487607956,-0.2870226204395294,-0.0077691385522484,52.880859375,47.119140625,0.0,-0.0062671932391822,CDP_NEG,405,42209,303.03324259999863,512,512,600,150,150,465,EARLY_STOPPING,False,0,2048,deterministic_evenly_spaced_full_fold,3.646400070190428,5.997169941663727,1536,1498,97.52604166666669,CDP,1.4510426770894138,20,0.99,1.4510426770894138
TRIAL_0107_CDP_NEG,107,29ef0076663af1607b7722b944686fd0d36acd1a4880e000b8b5367301fdc784,FO_ONLY,COMPLETE,2,84,26989,2856,424f72a3df11b24bdd551a74968aa5efe8f47b52221df203d3bd3ed6f8a96c5a,f1c78e2ff146b5069b0310a8b0222fe8d495ed8d7dbf78dc149a7df8702a8f3a,37872,221.0520861999976,0.0611515045166015,0.0859375,14269c18e6a56f09985dea654338c0b32f5e417a5600e334e252b0c1bbf8bd28,True,True,True,1,0.762005218154328,0.8346372000274411,0.4650404874146694,0.0436207097113831,0.4877616737090191,-0.0821511179954857,0.8307298510141371,0.8747642639956351,0.7914790538689853,0.363885447522349,0.0,0.0921778753399849,0.0,0.0921778753399849,100.0,0.0,0.0,-0.2876781821250915,-0.2232653498649597,-0.7767574787139893,-0.0361948758363723,-0.1750719398260116,-0.1358723044395446,-0.4727102518081665,-0.0220270697027444,59.521484375,40.478515625,0.0,-0.0210757292807102,CDP_NEG,215,42209,221.05164479999803,512,512,600,150,150,275,EARLY_STOPPING,False,0,2048,deterministic_evenly_spaced_full_fold,3.663600349426268,6.020027899742124,1536,1495,97.33072916666669,CDP,1.4524627365104603,20,0.99,1.4524627365104603
TRIAL_0107_CDP_NEG,107,29ef0076663af1607b7722b944686fd0d36acd1a4880e000b8b5367301fdc784,FO_ONLY,COMPLETE,3,84,26466,3379,ad1e190147cfc7079fe69ab58be273b0089b28a9cb71d4377b9a01145e874910,b3de2bff6a2b887166deba8883b54b43de7150168fdd2094f9852f380bd9133e,37176,284.0788100999998,0.0631227493286132,0.0859375,14269c18e6a56f09985dea654338c0b32f5e417a5600e334e252b0c1bbf8bd28,True,True,True,1,0.7401566515438285,1.0820132253683583,0.4672886688339157,0.0331137869000328,0.5096728842841584,-0.027601151183254,1.0818212201620885,0.8612507081972867,0.7092179328659171,0.6122172415071009,0.0,0.0926903337240219,0.0,0.0926903337240219,100.0,0.0,0.0,-0.2105543911457061,-0.1302749812602996,-0.6964026689529419,-0.031731978058815,-0.1285982131958007,-0.0795667618513107,-0.4253349304199219,-0.0193806253373622,53.41796875,46.58203125,0.0,-0.0041122841648757,CDP_NEG,380,42209,284.07831709999664,512,512,600,150,150,440,EARLY_STOPPING,False,0,2048,deterministic_evenly_spaced_full_fold,3.652750015258789,5.9806626215577126,1536,1490,97.00520833333331,CDP,1.4666426917497315,20,0.99,1.4666426917497315
TRIAL_0107_CDP_NEG,107,29ef0076663af1607b7722b944686fd0d36acd1a4880e000b8b5367301fdc784,FO_ONLY,COMPLETE,4,84,27061,2784,2cf8e61e68345fca034455d14ca0a91ba8af3af3a30bcfad11a389cf00a64d26,e85c7d3201b31d98e24a7a8ea73439fb69c13286f849eaf6812d38684b5bedb5,24992,149.8923434999997,0.0603618621826171,0.083984375,14269c18e6a56f09985dea654338c0b32f5e417a5600e334e252b0c1bbf8bd28,True,True,True,1,0.7269320712230785,0.920047152903328,0.4917996045853591,0.02887110276396,0.5224651605919668,-0.0025405769580362,0.9202089274304212,0.8551709444708511,0.7879345105048634,0.4398887256414429,0.0,0.0896949842572212,1.1002527014469798e-11,0.0896949842572212,99.951171875,0.048828125,0.0,-0.2036159038543701,-0.1278276145458221,-0.6457957625389099,-0.0224541872739791,-0.1235297247767448,-0.0775504857301712,-0.3917915225028991,-0.013622511178255,73.33984375,26.66015625,0.0,-0.0482960566878318,CDP_NEG,105,42209,149.89181219999955,512,512,600,150,150,165,EARLY_STOPPING,False,0,2048,deterministic_evenly_spaced_full_fold,3.65000057220459,6.01635006070137,1536,1491,97.0703125,CDP,1.460840537792371,20,0.99,1.460840537792371
TRIAL_0107_CDP_NEG,107,29ef0076663af1607b7722b944686fd0d36acd1a4880e000b8b5367301fdc784,FO_ONLY,COMPLETE,0,126,25813,4032,81354305b7b8066000bae764cd84c6a44c1e035572eb00baa18e30401895a2a4,6d4d4bf8c14384a72deec9ae950f7dbc99365946e460adffb80cf5c9ed8ff111,24992,251.49784670000008,0.0657820701599121,0.087890625,14269c18e6a56f09985dea654338c0b32f5e417a5600e334e252b0c1bbf8bd28,True,True,True,1,0.8496212198234883,0.6012834217403774,0.3772577531149542,0.0267195575756124,0.3877389377558864,-0.0084267747557273,0.6012989401696284,0.9218350838791968,0.8602566942850847,0.2771054446633871,0.0,0.0694247931241989,0.0,0.0694247931241989,100.0,0.0,0.0,-0.206875741481781,-0.1382513344287872,-0.59855717420578,-0.0390929318964481,-0.1241024285554885,-0.0829354226589202,-0.3590677082538605,-0.0234514102339744,60.9375,39.0625,0.0,-0.016920980066061,CDP_NEG,260,42209,251.4968507999984,512,512,600,150,150,320,EARLY_STOPPING,False,0,2048,deterministic_evenly_spaced_full_fold,3.6649999618530273,6.109466117620462,1536,1489,96.94010416666669,CDP,1.4710406730757069,20,0.99,1.4710406730757069
TRIAL_0107_CDP_NEG,107,29ef0076663af1607b7722b944686fd0d36acd1a4880e000b8b5367301fdc784,FO_ONLY,COMPLETE,1,126,27493,2352,db92a7db6dfa639d2026ff19c5b1159be2b53d1e09d9e6a72b1b767a05c21400,2ea764e1783688df4d4bc4d6bc4b7c6a52ae545bfb933c403a7aa96e5d21a797,35156,323.34017179999864,0.0593090057373046,0.064453125,14269c18e6a56f09985dea654338c0b32f5e417a5600e334e252b0c1bbf8bd28,True,True,True,1,0.726961864566694,0.9619263165440042,0.4614254163885425,0.0263953378860247,0.5224194175092364,-0.0923489479547632,0.9576867237738508,0.8542400155874956,0.7431677643026185,0.4888622918290397,0.0,0.0874376446008682,1.6107577494040015e-08,0.0874376595020294,99.90234375,0.09765625,0.0,-0.152143657207489,-0.1126545518636703,-0.4137818515300751,-0.0227666348218917,-0.0925064086914062,-0.0684962347149849,-0.2515876889228821,-0.0138425715267658,53.466796875,46.533203125,0.0,-0.0042387014254927,CDP_NEG,420,42209,323.3397291000001,512,512,600,150,150,480,EARLY_STOPPING,False,0,2048,deterministic_evenly_spaced_full_fold,3.646400070190428,5.997169941663727,1536,1488,96.875,CDP,1.4510426770894138,20,0.99,1.4510426770894138
TRIAL_0107_CDP_NEG,107,29ef0076663af1607b7722b944686fd0d36acd1a4880e000b8b5367301fdc784,FO_ONLY,COMPLETE,2,126,26989,2856,424f72a3df11b24bdd551a74968aa5efe8f47b52221df203d3bd3ed6f8a96c5a,f1c78e2ff146b5069b0310a8b0222fe8d495ed8d7dbf78dc149a7df8702a8f3a,37872,238.53018179999708,0.0611510276794433,0.0859375,14269c18e6a56f09985dea654338c0b32f5e417a5600e334e252b0c1bbf8bd28,True,True,True,1,0.766549032398117,0.8266313256451203,0.4628890063691915,0.04320229806809,0.4830830436550308,-0.0779413581911881,0.8230927691966813,0.8769132051482538,0.7854363129168053,0.3810209275990415,0.0,0.0903614610433578,2.612039679661393e-06,0.0903642773628234,97.16796875,2.83203125,0.0,-0.2436874806880951,-0.1999957114458084,-0.6547202467918396,-0.0086346063762903,-0.1483005583286285,-0.1217111200094223,-0.3984422087669372,-0.0052547506056725,57.91015625,42.08984375,0.0,-0.008758595213294,CDP_NEG,225,42209,238.5297638000011,512,512,600,150,150,285,EARLY_STOPPING,False,0,2048,deterministic_evenly_spaced_full_fold,3.663600349426268,6.020027899742124,1536,1483,96.54947916666669,CDP,1.4524627365104603,20,0.99,1.4524627365104603
TRIAL_0107_CDP_NEG,107,29ef0076663af1607b7722b944686fd0d36acd1a4880e000b8b5367301fdc784,FO_ONLY,COMPLETE,3,126,26466,3379,ad1e190147cfc7079fe69ab58be273b0089b28a9cb71d4377b9a01145e874910,b3de2bff6a2b887166deba8883b54b43de7150168fdd2094f9852f380bd9133e,37176,353.91003869999986,0.0631232261657714,0.0859375,14269c18e6a56f09985dea654338c0b32f5e417a5600e334e252b0c1bbf8bd28,True,True,True,1,0.7404851254931786,1.081329110204292,0.470535194480971,0.0330928503317665,0.5093506378081657,-0.0127619853995917,1.0814138299283589,0.8610676427427665,0.7153738341012156,0.6135113531794546,0.0,0.0927463993430137,8.623941027963157e-08,0.0927464887499809,99.169921875,0.830078125,0.0,-0.165117859840393,-0.1171130985021591,-0.4793950021266937,-0.0184024088084697,-0.1008473932743072,-0.0715280026197433,-0.2927953600883484,-0.011239456012845,53.7109375,46.2890625,0.0,-0.0037991749122738,CDP_NEG,590,42209,353.90959909999947,512,512,600,150,150,600,MAX_EPOCHS,False,0,2048,deterministic_evenly_spaced_full_fold,3.652750015258789,5.9806626215577126,1536,1504,97.91666666666669,CDP,1.4666426917497315,20,0.99,1.4666426917497315
TRIAL_0107_CDP_NEG,107,29ef0076663af1607b7722b944686fd0d36acd1a4880e000b8b5367301fdc784,FO_ONLY,COMPLETE,4,126,27061,2784,2cf8e61e68345fca034455d14ca0a91ba8af3af3a30bcfad11a389cf00a64d26,e85c7d3201b31d98e24a7a8ea73439fb69c13286f849eaf6812d38684b5bedb5,2664,174.57952329999898,0.0603618621826171,0.0859375,14269c18e6a56f09985dea654338c0b32f5e417a5600e334e252b0c1bbf8bd28,True,True,True,1,0.7309700669628949,0.91321921187973,0.4701058372586143,0.0286568418031641,0.5185877926851705,0.0176152999061825,0.9132133289897922,0.8594589688759531,0.813593411654362,0.4065127913275771,0.0,0.0841919630765914,4.6870624714756566e-08,0.0841920152306556,99.0234375,0.9765625,0.0,-0.2330007851123809,-0.1283790171146392,-0.8133228421211243,-0.0177973806858062,-0.141356959939003,-0.0778850018978118,-0.4934268593788147,-0.0107973180711269,57.91015625,42.08984375,0.0,-0.0162641461938619,CDP_NEG,135,42209,174.57908809999935,512,512,600,150,150,195,EARLY_STOPPING,False,0,2048,deterministic_evenly_spaced_full_fold,3.65000057220459,6.01635006070137,1536,1484,96.61458333333331,CDP,1.460840537792371,20,0.99,1.460840537792371
TRIAL_0107_CDP_NEG,107,29ef0076663af1607b7722b944686fd0d36acd1a4880e000b8b5367301fdc784,FO_ONLY,COMPLETE,0,168,25813,4032,81354305b7b8066000bae764cd84c6a44c1e035572eb00baa18e30401895a2a4,6d4d4bf8c14384a72deec9ae950f7dbc99365946e460adffb80cf5c9ed8ff111,2664,234.33378599999924,0.0657825469970703,0.087890625,14269c18e6a56f09985dea654338c0b32f5e417a5600e334e252b0c1bbf8bd28,True,True,True,1,0.8462073416698112,0.6080702458277291,0.3798755636129903,0.027021147359067,0.3921154362044035,-0.009465138920022,0.6080719852591692,0.9207758553014878,0.8844696253570097,0.2265937127965066,0.0,0.069554217159748,6.187705281490707e-08,0.0695542842149734,99.70703125,0.29296875,0.0,-0.1824781000614166,-0.1211617141962051,-0.5557149052619934,-0.0203360915184021,-0.109466552734375,-0.0726835429668426,-0.3333671391010284,-0.012199392542243,61.572265625,38.427734375,0.0,-0.0182098411023616,CDP_NEG,255,42209,234.33329709999816,512,512,600,150,150,315,EARLY_STOPPING,False,0,2048,deterministic_evenly_spaced_full_fold,3.6649999618530273,6.109466117620462,1536,1495,97.33072916666669,CDP,1.4710406730757069,20,0.99,1.4710406730757069
TRIAL_0107_CDP_NEG,107,29ef0076663af1607b7722b944686fd0d36acd1a4880e000b8b5367301fdc784,FO_ONLY,COMPLETE,1,168,27493,2352,db92a7db6dfa639d2026ff19c5b1159be2b53d1e09d9e6a72b1b767a05c21400,2ea764e1783688df4d4bc4d6bc4b7c6a52ae545bfb933c403a7aa96e5d21a797,37872,240.4621975000009,0.0593094825744628,0.064453125,14269c18e6a56f09985dea654338c0b32f5e417a5600e334e252b0c1bbf8bd28,True,True,True,1,0.7206227881579722,0.9730286795089228,0.4807517361925395,0.0266999876463568,0.5284490789223344,-0.0804610847777427,0.9699024626489988,0.8502153980744933,0.7383833289685303,0.5115773301254151,0.0,0.0922337993979454,1.3194604662203346e-06,0.0922352224588394,98.291015625,1.708984375,0.0,-0.1779803335666656,-0.121277704834938,-0.5051920413970947,-0.0250742528587579,-0.1082156226038932,-0.0737392827868461,-0.3071669340133667,-0.0152456499636173,52.099609375,47.900390625,0.0,-0.0035005549434572,CDP_NEG,255,42209,240.46172849999857,512,512,600,150,150,315,EARLY_STOPPING,False,0,2048,deterministic_evenly_spaced_full_fold,3.646400070190428,5.997169941663727,1536,1500,97.65625,CDP,1.4510426770894138,20,0.99,1.4510426770894138
TRIAL_0107_CDP_NEG,107,29ef0076663af1607b7722b944686fd0d36acd1a4880e000b8b5367301fdc784,FO_ONLY,COMPLETE,2,168,26989,2856,424f72a3df11b24bdd551a74968aa5efe8f47b52221df203d3bd3ed6f8a96c5a,f1c78e2ff146b5069b0310a8b0222fe8d495ed8d7dbf78dc149a7df8702a8f3a,24992,189.17559679999977,0.0611515045166015,0.0859375,14269c18e6a56f09985dea654338c0b32f5e417a5600e334e252b0c1bbf8bd28,True,True,True,1,0.7630835319004123,0.832744254072326,0.4688668185845017,0.0435217785278644,0.4866554367868242,-0.0809701421801574,0.8289435605662466,0.875131775191154,0.7860449625487594,0.3766902120944239,0.0,0.091965340077877,0.0,0.091965340077877,100.0,0.0,0.0,-0.222989410161972,-0.1775090098381042,-0.5924051403999329,-0.0289314668625593,-0.13570436835289,-0.1080264300107956,-0.3605192005634308,-0.017606783658266,70.60546875,29.39453125,0.0,-0.0348052978515625,CDP_NEG,160,42209,189.1751371000028,512,512,600,150,150,220,EARLY_STOPPING,False,0,2048,deterministic_evenly_spaced_full_fold,3.663600349426268,6.020027899742124,1536,1497,97.4609375,CDP,1.4524627365104603,20,0.99,1.4524627365104603
TRIAL_0107_CDP_NEG,107,29ef0076663af1607b7722b944686fd0d36acd1a4880e000b8b5367301fdc784,FO_ONLY,COMPLETE,3,168,26466,3379,ad1e190147cfc7079fe69ab58be273b0089b28a9cb71d4377b9a01145e874910,b3de2bff6a2b887166deba8883b54b43de7150168fdd2094f9852f380bd9133e,35156,236.8562477000014,0.0631232261657714,0.087890625,14269c18e6a56f09985dea654338c0b32f5e417a5600e334e252b0c1bbf8bd28,True,True,True,1,0.7361340533283879,1.0903563068995314,0.4824444836931964,0.0333691174426136,0.5136028200077842,0.0071120388204771,1.0904944873308966,0.8588632740651143,0.7043731355617875,0.6575906158013911,0.0,0.0982969105243682,4.025680766517326e-07,0.0982973426580429,99.755859375,0.244140625,0.0,-0.1820392608642578,-0.1245463639497757,-0.4987657964229584,-0.0220550205558538,-0.1111823171377182,-0.0760679543018341,-0.3046262264251709,-0.0134703265503048,55.712890625,44.287109375,0.0,-0.0090922033414244,CDP_NEG,255,42209,236.85584179999933,512,512,600,150,150,315,EARLY_STOPPING,False,0,2048,deterministic_evenly_spaced_full_fold,3.652750015258789,5.9806626215577126,1536,1495,97.33072916666669,CDP,1.4666426917497315,20,0.99,1.4666426917497315
TRIAL_0107_CDP_NEG,107,29ef0076663af1607b7722b944686fd0d36acd1a4880e000b8b5367301fdc784,FO_ONLY,COMPLETE,4,168,27061,2784,2cf8e61e68345fca034455d14ca0a91ba8af3af3a30bcfad11a389cf00a64d26,e85c7d3201b31d98e24a7a8ea73439fb69c13286f849eaf6812d38684b5bedb5,37176,151.78671589999794,0.0603628158569335,0.0859375,14269c18e6a56f09985dea654338c0b32f5e417a5600e334e252b0c1bbf8bd28,True,True,True,1,0.72982426006913,0.9151618602112191,0.4855839452191022,0.0287178021565935,0.5196909601361891,0.0328346420731044,0.9147369409533916,0.8572699030078808,0.7939304586337368,0.4627546808814978,0.0,0.0889649465680122,3.5508418250174145e-07,0.0889653265476226,97.8515625,2.1484375,0.0,-0.1805817186832428,-0.1022960841655731,-0.609768807888031,-0.0139972632750868,-0.1095553487539291,-0.0620610080659389,-0.3699346482753753,-0.008491862565279,71.09375,28.90625,0.0,-0.0488429442048072,CDP_NEG,110,42209,151.78627840000263,512,512,600,150,150,170,EARLY_STOPPING,False,0,2048,deterministic_evenly_spaced_full_fold,3.65000057220459,6.01635006070137,1536,1510,98.30729166666669,CDP,1.460840537792371,20,0.99,1.460840537792371
TRIAL_0116_CDP_NEG,116,07019e7fe1426c583572257383e96cda6947ebfda6dd38c83e754c43f1271f92,FO_ONLY,COMPLETE,0,21,25813,4032,81354305b7b8066000bae764cd84c6a44c1e035572eb00baa18e30401895a2a4,6d4d4bf8c14384a72deec9ae950f7dbc99365946e460adffb80cf5c9ed8ff111,2664,1023.0777584999996,0.0680713653564453,0.0859375,14269c18e6a56f09985dea654338c0b32f5e417a5600e334e252b0c1bbf8bd28,True,True,True,1,0.8616591742580894,0.5767148480453145,0.3682376717411061,0.0256277905392025,0.371895838940476,0.0144127140385015,0.5766062336161616,0.9284231475221328,0.8758638337005943,0.2680554548647352,0.0,0.0640666931867599,3.3654745493549854e-05,0.0641172751784324,97.75390625,2.24609375,0.0,-0.1104867681860923,-0.0738233253359794,-0.3207140862941742,-0.0099453814327716,-0.0662797689437866,-0.0442857816815376,-0.1923927813768386,-0.0059661227278411,61.62109375,38.37890625,0.0,-0.0343973338603973,CDP_NEG,245,54913,1023.0773964,128,128,700,350,350,350,EARLY_STOPPING,False,0,2048,deterministic_evenly_spaced_full_fold,3.6649999618530273,6.109466117620462,448,439,97.99107142857144,CDP,1.4710406730757069,20,0.99,1.4710406730757069
TRIAL_0116_CDP_NEG,116,07019e7fe1426c583572257383e96cda6947ebfda6dd38c83e754c43f1271f92,FO_ONLY,COMPLETE,1,21,27493,2352,db92a7db6dfa639d2026ff19c5b1159be2b53d1e09d9e6a72b1b767a05c21400,2ea764e1783688df4d4bc4d6bc4b7c6a52ae545bfb933c403a7aa96e5d21a797,37176,1072.7296660000002,0.0596594810485839,0.068359375,14269c18e6a56f09985dea654338c0b32f5e417a5600e334e252b0c1bbf8bd28,True,True,True,1,0.7155717131858921,0.9817853432354994,0.4889998486800892,0.0269402712250905,0.533204797821676,-0.107983321900207,0.9760364232012594,0.8479766368313902,0.7129545970050103,0.5416003025850593,0.0,0.0955449342727661,4.1861973443246825e-08,0.0955449938774108,99.609375,0.390625,0.0,-0.1379203498363495,-0.0988080278038978,-0.3671260774135589,-0.0273242946714162,-0.0838583558797836,-0.0600772723555564,-0.2232200503349304,-0.0166137218475341,59.765625,40.234375,0.0,-0.0186549872159957,CDP_NEG,245,54913,1072.7292686,128,128,700,350,350,350,EARLY_STOPPING,False,0,2048,deterministic_evenly_spaced_full_fold,3.646400070190428,5.997169941663727,448,441,98.4375,CDP,1.4510426770894138,20,0.99,1.4510426770894138
TRIAL_0116_CDP_NEG,116,07019e7fe1426c583572257383e96cda6947ebfda6dd38c83e754c43f1271f92,FO_ONLY,COMPLETE,2,21,26989,2856,424f72a3df11b24bdd551a74968aa5efe8f47b52221df203d3bd3ed6f8a96c5a,f1c78e2ff146b5069b0310a8b0222fe8d495ed8d7dbf78dc149a7df8702a8f3a,24992,1064.355782199999,0.063387393951416,0.0859375,14269c18e6a56f09985dea654338c0b32f5e417a5600e334e252b0c1bbf8bd28,True,True,True,1,0.7739140594333597,0.8134873388439123,0.472238473189833,0.0425153528508305,0.4754017025871325,-0.0540838127914054,0.8118296357825232,0.8804281905832344,0.7888051147842612,0.3976724400186833,0.0,0.0916371494531631,4.752529747520384e-08,0.0916372239589691,99.31640625,0.68359375,0.0,-0.1520480513572693,-0.1164963543415069,-0.3734388947486877,-0.016286576166749,-0.092531681060791,-0.0708960369229316,-0.2272632122039795,-0.0099114999175071,54.00390625,45.99609375,0.0,-0.007655662484467,CDP_NEG,290,54913,1064.3553903000002,128,128,700,350,350,350,EARLY_STOPPING,False,0,2048,deterministic_evenly_spaced_full_fold,3.663600349426268,6.020027899742124,448,436,97.32142857142856,CDP,1.4524627365104603,20,0.99,1.4524627365104603
TRIAL_0116_CDP_NEG,116,07019e7fe1426c583572257383e96cda6947ebfda6dd38c83e754c43f1271f92,FO_ONLY,COMPLETE,3,21,26466,3379,ad1e190147cfc7079fe69ab58be273b0089b28a9cb71d4377b9a01145e874910,b3de2bff6a2b887166deba8883b54b43de7150168fdd2094f9852f380bd9133e,35156,1196.6931915999994,0.0646414756774902,0.0859375,14269c18e6a56f09985dea654338c0b32f5e417a5600e334e252b0c1bbf8bd28,True,True,True,1,0.7424209985125141,1.0772884279534227,0.4830580895652268,0.0329691898368216,0.5074473097073698,-0.0810184819889216,1.0743965658932144,0.8651144334782026,0.6900990295715319,0.6008679312515975,0.0,0.0969936698675155,1.304075794905657e-06,0.0969956293702125,97.607421875,2.392578125,0.0,-0.0954422503709793,-0.0690871253609657,-0.2649987637996673,-0.0087205599993467,-0.0582923181354999,-0.0421956591308116,-0.1618506610393524,-0.0053261700086295,56.34765625,43.65234375,0.0,-0.0161798745393753,CDP_NEG,400,54913,1196.6927925999998,128,128,700,350,350,460,EARLY_STOPPING,False,0,2048,deterministic_evenly_spaced_full_fold,3.652750015258789,5.9806626215577126,448,445,99.33035714285714,CDP,1.4666426917497315,20,0.99,1.4666426917497315
TRIAL_0116_CDP_NEG,116,07019e7fe1426c583572257383e96cda6947ebfda6dd38c83e754c43f1271f92,FO_ONLY,COMPLETE,4,21,27061,2784,2cf8e61e68345fca034455d14ca0a91ba8af3af3a30bcfad11a389cf00a64d26,e85c7d3201b31d98e24a7a8ea73439fb69c13286f849eaf6812d38684b5bedb5,37872,1101.4702150000005,0.0636024475097656,0.0859375,14269c18e6a56f09985dea654338c0b32f5e417a5600e334e252b0c1bbf8bd28,True,True,True,1,0.7540481345348697,0.8731719946429595,0.4478157614506216,0.0274001591205376,0.4958462671896081,0.0055295097169211,0.8733113449854241,0.868916333291328,0.7819042574482772,0.4605396460045008,0.0,0.0827704593539238,9.981245057133492e-07,0.0827719569206237,99.31640625,0.68359375,0.0,-0.1247658804059028,-0.0892680883407592,-0.3252561688423157,-0.0146103715524077,-0.0756929963827133,-0.0541571825742721,-0.1973264962434768,-0.0088638234883546,58.544921875,41.455078125,0.0,-0.0123064136132597,CDP_NEG,315,54913,1101.4698279000004,128,128,700,350,350,375,EARLY_STOPPING,False,0,2048,deterministic_evenly_spaced_full_fold,3.65000057220459,6.01635006070137,448,443,98.88392857142856,CDP,1.460840537792371,20,0.99,1.460840537792371
TRIAL_0116_CDP_NEG,116,07019e7fe1426c583572257383e96cda6947ebfda6dd38c83e754c43f1271f92,FO_ONLY,COMPLETE,0,42,25813,4032,81354305b7b8066000bae764cd84c6a44c1e035572eb00baa18e30401895a2a4,6d4d4bf8c14384a72deec9ae950f7dbc99365946e460adffb80cf5c9ed8ff111,2664,1112.8657815000006,0.0680718421936035,0.0859375,14269c18e6a56f09985dea654338c0b32f5e417a5600e334e252b0c1bbf8bd28,True,True,True,1,0.8623035077234694,0.5753702327790988,0.3673827184676257,0.0255680391412366,0.3710287608269572,0.0252279100512544,0.574888185373699,0.9289746984357404,0.8821624155940585,0.266000996348901,0.0,0.0648283809423446,3.65117898581957e-06,0.064833864569664,97.8515625,2.1484375,0.0,-0.0997303128242492,-0.0576570928096771,-0.3186498582363128,-0.0066236858256161,-0.0598270893096923,-0.03458783775568,-0.1911544501781463,-0.0039734747260808,64.501953125,35.498046875,0.0,-0.0355133712291717,CDP_NEG,325,54913,1112.8653667999995,128,128,700,350,350,385,EARLY_STOPPING,False,0,2048,deterministic_evenly_spaced_full_fold,3.6649999618530273,6.109466117620462,448,444,99.10714285714286,CDP,1.4710406730757069,20,0.99,1.4710406730757069
TRIAL_0116_CDP_NEG,116,07019e7fe1426c583572257383e96cda6947ebfda6dd38c83e754c43f1271f92,FO_ONLY,COMPLETE,1,42,27493,2352,db92a7db6dfa639d2026ff19c5b1159be2b53d1e09d9e6a72b1b767a05c21400,2ea764e1783688df4d4bc4d6bc4b7c6a52ae545bfb933c403a7aa96e5d21a797,24992,1151.4906437,0.0596585273742675,0.068359375,14269c18e6a56f09985dea654338c0b32f5e417a5600e334e252b0c1bbf8bd28,True,True,True,1,0.7176019651935973,0.9782750710385412,0.4812770023527016,0.0268439490649447,0.5312983790815979,-0.1218076485769861,0.9708685650590528,0.8500205780362267,0.7425580879398,0.4607832885557039,0.0,0.0938687995076179,9.012406735564582e-06,0.0938823446631431,99.072265625,0.927734375,0.0,-0.1465927213430404,-0.1142097264528274,-0.3526249527931213,-0.0241434890776872,-0.0891313254833221,-0.0694418177008628,-0.2144030630588531,-0.0146797262132167,55.859375,44.140625,0.0,-0.0138217601925134,CDP_NEG,330,54913,1151.4902856,128,128,700,350,350,390,EARLY_STOPPING,False,0,2048,deterministic_evenly_spaced_full_fold,3.646400070190428,5.997169941663727,448,422,94.19642857142856,CDP,1.4510426770894138,20,0.99,1.4510426770894138
TRIAL_0116_CDP_NEG,116,07019e7fe1426c583572257383e96cda6947ebfda6dd38c83e754c43f1271f92,FO_ONLY,COMPLETE,2,42,26989,2856,424f72a3df11b24bdd551a74968aa5efe8f47b52221df203d3bd3ed6f8a96c5a,f1c78e2ff146b5069b0310a8b0222fe8d495ed8d7dbf78dc149a7df8702a8f3a,37176,1104.9730080999998,0.063387393951416,0.0859375,14269c18e6a56f09985dea654338c0b32f5e417a5600e334e252b0c1bbf8bd28,True,True,True,1,0.7753577777151704,0.8108858337083065,0.4626505712088959,0.0423793901830639,0.4738813839396243,-0.034919106062366,0.8102754929806146,0.8810876190120823,0.7968096281523038,0.3997150987349532,0.0,0.0890166759490966,5.998134838591795e-06,0.0890256911516189,99.169921875,0.830078125,0.0,-0.1564264595508575,-0.1296756565570831,-0.3769517242908478,-0.0277284905314445,-0.09519624710083,-0.078916534781456,-0.2294010072946548,-0.0168746896088123,59.375,40.625,0.0,-0.0179198458790779,CDP_NEG,305,54913,1104.9726324000003,128,128,700,350,350,365,EARLY_STOPPING,False,0,2048,deterministic_evenly_spaced_full_fold,3.663600349426268,6.020027899742124,448,432,96.42857142857144,CDP,1.4524627365104603,20,0.99,1.4524627365104603
TRIAL_0116_CDP_NEG,116,07019e7fe1426c583572257383e96cda6947ebfda6dd38c83e754c43f1271f92,FO_ONLY,COMPLETE,3,42,26466,3379,ad1e190147cfc7079fe69ab58be273b0089b28a9cb71d4377b9a01145e874910,b3de2bff6a2b887166deba8883b54b43de7150168fdd2094f9852f380bd9133e,37872,1125.773105599999,0.0646414756774902,0.0859375,14269c18e6a56f09985dea654338c0b32f5e417a5600e334e252b0c1bbf8bd28,True,True,True,1,0.7418100050227099,1.0785653688959744,0.4834434193407985,0.0330082691653031,0.5080488015911954,-0.0286759465654159,1.07834367340515,0.8628906357523449,0.7006851781010697,0.6299173777865548,0.0,0.097896821796894,1.3413055057753809e-06,0.0978988409042358,97.265625,2.734375,0.0,-0.1148767173290252,-0.0746585875749588,-0.3137729167938232,-0.0065620997920632,-0.0701621174812316,-0.0455984845757484,-0.1916399747133255,-0.0040078689344227,54.296875,45.703125,0.0,-0.0060293283313512,CDP_NEG,325,54913,1125.7727485000005,128,128,700,350,350,385,EARLY_STOPPING,False,0,2048,deterministic_evenly_spaced_full_fold,3.652750015258789,5.9806626215577126,448,442,98.66071428571428,CDP,1.4666426917497315,20,0.99,1.4666426917497315
TRIAL_0116_CDP_NEG,116,07019e7fe1426c583572257383e96cda6947ebfda6dd38c83e754c43f1271f92,FO_ONLY,COMPLETE,4,42,27061,2784,2cf8e61e68345fca034455d14ca0a91ba8af3af3a30bcfad11a389cf00a64d26,e85c7d3201b31d98e24a7a8ea73439fb69c13286f849eaf6812d38684b5bedb5,35156,1075.6417099,0.0636024475097656,0.0859375,14269c18e6a56f09985dea654338c0b32f5e417a5600e334e252b0c1bbf8bd28,True,True,True,1,0.7562330985393277,0.8692848407609376,0.4506405538963552,0.0272781801340987,0.4936388776326626,0.018212899339682,0.8692501545717336,0.8698488096104471,0.7416501128771142,0.5572047016293878,0.0,0.0820457637310028,5.853783591192041e-07,0.0820466428995132,98.974609375,1.025390625,0.0,-0.1089985817670822,-0.0859818160533905,-0.2800566554069519,-0.0149327358230948,-0.0661272853612899,-0.0521634668111801,-0.1699048429727554,-0.0090593956410884,47.900390625,52.099609375,0.0,0.0027358485385775,CDP_NEG,285,54913,1075.640249,128,128,700,350,350,350,EARLY_STOPPING,False,0,2048,deterministic_evenly_spaced_full_fold,3.65000057220459,6.01635006070137,448,446,99.55357142857144,CDP,1.460840537792371,20,0.99,1.460840537792371
TRIAL_0116_CDP_NEG,116,07019e7fe1426c583572257383e96cda6947ebfda6dd38c83e754c43f1271f92,FO_ONLY,COMPLETE,0,84,25813,4032,81354305b7b8066000bae764cd84c6a44c1e035572eb00baa18e30401895a2a4,6d4d4bf8c14384a72deec9ae950f7dbc99365946e460adffb80cf5c9ed8ff111,35156,1024.312063899999,0.0680718421936035,0.0859375,14269c18e6a56f09985dea654338c0b32f5e417a5600e334e252b0c1bbf8bd28,True,True,True,1,0.8608943719421772,0.578306803718584,0.3658890059500302,0.0256985331370054,0.3729224150598065,-0.0252166226815057,0.577828426194719,0.9280756395113812,0.8732650575922881,0.2337360992288445,0.0,0.0655665174126625,1.6871790649020113e-06,0.0655690506100654,98.974609375,1.025390625,0.0,-0.1008875742554664,-0.0684219449758529,-0.3086782693862915,-0.0080530224367976,-0.0605213195085525,-0.0410455539822578,-0.1851726174354553,-0.0048309173434972,65.8203125,34.1796875,0.0,-0.0380727648735046,CDP_NEG,230,54913,1024.3113931999997,128,128,700,350,350,350,EARLY_STOPPING,False,0,2048,deterministic_evenly_spaced_full_fold,3.6649999618530273,6.109466117620462,448,444,99.10714285714286,CDP,1.4710406730757069,20,0.99,1.4710406730757069
TRIAL_0116_CDP_NEG,116,07019e7fe1426c583572257383e96cda6947ebfda6dd38c83e754c43f1271f92,FO_ONLY,COMPLETE,1,84,27493,2352,db92a7db6dfa639d2026ff19c5b1159be2b53d1e09d9e6a72b1b767a05c21400,2ea764e1783688df4d4bc4d6bc4b7c6a52ae545bfb933c403a7aa96e5d21a797,37176,1070.5686022999998,0.0596590042114257,0.068359375,14269c18e6a56f09985dea654338c0b32f5e417a5600e334e252b0c1bbf8bd28,True,True,True,1,0.7136131566528345,0.9851598023202792,0.4936510635314978,0.0270328666621769,0.5350374568509175,-0.0887526167148002,0.9813624603785454,0.8464861245731327,0.7372949327058947,0.5057488384662445,0.0,0.0968177765607833,6.802375764891622e-07,0.0968187972903251,98.92578125,1.07421875,0.0,-0.1455655395984649,-0.0934502482414245,-0.3748354017734527,-0.0275576990097761,-0.0885067731142044,-0.0568196326494216,-0.2279074639081955,-0.0167556349188089,56.494140625,43.505859375,0.0,-0.0127147268503904,CDP_NEG,280,54913,1070.568228,128,128,700,350,350,350,EARLY_STOPPING,False,0,2048,deterministic_evenly_spaced_full_fold,3.646400070190428,5.997169941663727,448,436,97.32142857142856,CDP,1.4510426770894138,20,0.99,1.4510426770894138
TRIAL_0116_CDP_NEG,116,07019e7fe1426c583572257383e96cda6947ebfda6dd38c83e754c43f1271f92,FO_ONLY,COMPLETE,2,84,26989,2856,424f72a3df11b24bdd551a74968aa5efe8f47b52221df203d3bd3ed6f8a96c5a,f1c78e2ff146b5069b0310a8b0222fe8d495ed8d7dbf78dc149a7df8702a8f3a,2664,1059.2805947999996,0.063387393951416,0.0859375,14269c18e6a56f09985dea654338c0b32f5e417a5600e334e252b0c1bbf8bd28,True,True,True,1,0.7743887871965748,0.8126328231638352,0.4678196752840439,0.0424706932305509,0.4749023239369702,-0.0610591350749385,0.8104775661090671,0.8807843280774602,0.7853701602521055,0.3980446545205912,0.0,0.0891338363289833,4.029920717130153e-07,0.0891344398260116,99.31640625,0.68359375,0.0,-0.16264508664608,-0.1359193623065948,-0.3951393365859985,-0.0225545801222324,-0.0989807024598121,-0.0827162563800811,-0.2404694259166717,-0.0137260109186172,64.111328125,35.888671875,0.0,-0.0231032408773899,CDP_NEG,195,54913,1059.2802,128,128,700,350,350,350,EARLY_STOPPING,False,0,2048,deterministic_evenly_spaced_full_fold,3.663600349426268,6.020027899742124,448,428,95.53571428571428,CDP,1.4524627365104603,20,0.99,1.4524627365104603
TRIAL_0116_CDP_NEG,116,07019e7fe1426c583572257383e96cda6947ebfda6dd38c83e754c43f1271f92,FO_ONLY,COMPLETE,3,84,26466,3379,ad1e190147cfc7079fe69ab58be273b0089b28a9cb71d4377b9a01145e874910,b3de2bff6a2b887166deba8883b54b43de7150168fdd2094f9852f380bd9133e,37872,1088.0880951,0.064640998840332,0.0859375,14269c18e6a56f09985dea654338c0b32f5e417a5600e334e252b0c1bbf8bd28,True,True,True,1,0.7405098634325626,1.0812775707857172,0.4911128389025673,0.0330912730263477,0.5093263606149637,0.0275904277936331,1.0810854908395358,0.8616733857058786,0.7059009007408706,0.6747074073042366,0.0,0.1023645028471946,3.4889112612290774e-06,0.1023697480559349,94.82421875,5.17578125,0.048828125,-0.1045523360371589,-0.0828669220209121,-0.2484815865755081,0.0003279026714153,-0.0638563930988311,-0.0506118088960647,-0.1517626345157623,0.0002002698602154,71.826171875,28.173828125,0.0,-0.0331853553652763,CDP_NEG,315,54913,1088.087733800001,128,128,700,350,350,375,EARLY_STOPPING,False,0,2048,deterministic_evenly_spaced_full_fold,3.652750015258789,5.9806626215577126,448,429,95.75892857142856,CDP,1.4666426917497315,20,0.99,1.4666426917497315
TRIAL_0116_CDP_NEG,116,07019e7fe1426c583572257383e96cda6947ebfda6dd38c83e754c43f1271f92,FO_ONLY,COMPLETE,4,84,27061,2784,2cf8e61e68345fca034455d14ca0a91ba8af3af3a30bcfad11a389cf00a64d26,e85c7d3201b31d98e24a7a8ea73439fb69c13286f849eaf6812d38684b5bedb5,24992,1101.8073581000008,0.0636024475097656,0.0859375,14269c18e6a56f09985dea654338c0b32f5e417a5600e334e252b0c1bbf8bd28,True,True,True,1,0.7527839328994881,0.8754131864673924,0.4508729484883567,0.0274704877762731,0.4971189678797572,-0.0108124007772063,0.8755036634419174,0.8681716052356951,0.7797712788974721,0.4486477392094139,0.0,0.0835584849119186,0.0001178446982521,0.0837355926632881,96.19140625,3.80859375,0.0,-0.1226603761315345,-0.0847950130701065,-0.3355776071548462,-0.003795349271968,-0.0744156241416931,-0.0514434576034545,-0.2035882920026779,-0.0023025632835924,57.373046875,42.626953125,0.0,-0.0151017196476459,CDP_NEG,315,54913,1101.8070005000009,128,128,700,350,350,375,EARLY_STOPPING,False,0,2048,deterministic_evenly_spaced_full_fold,3.65000057220459,6.01635006070137,448,448,100.0,CDP,1.460840537792371,20,0.99,1.460840537792371
TRIAL_0116_CDP_NEG,116,07019e7fe1426c583572257383e96cda6947ebfda6dd38c83e754c43f1271f92,FO_ONLY,COMPLETE,0,126,25813,4032,81354305b7b8066000bae764cd84c6a44c1e035572eb00baa18e30401895a2a4,6d4d4bf8c14384a72deec9ae950f7dbc99365946e460adffb80cf5c9ed8ff111,35156,1024.0656064999985,0.0680718421936035,0.0859375,14269c18e6a56f09985dea654338c0b32f5e417a5600e334e252b0c1bbf8bd28,True,True,True,1,0.8594963074972608,0.5812056399407827,0.3673390321287332,0.0258273502946731,0.3747917359771707,0.0010547242232456,0.5812767703293917,0.9270908788609038,0.8602882268215771,0.2865225144013126,0.0,0.065544269979,2.7445144951343536e-05,0.0655855163931846,96.6796875,3.3203125,0.0,-0.1102696657180786,-0.0713164210319519,-0.3292806446552276,-0.0090189827606081,-0.0661495327949523,-0.0427819155156612,-0.1975317448377609,-0.005410386249423,65.625,34.375,0.0,-0.0481115281581878,CDP_NEG,185,54913,1024.0652025,128,128,700,350,350,350,EARLY_STOPPING,False,0,2048,deterministic_evenly_spaced_full_fold,3.6649999618530273,6.109466117620462,448,446,99.55357142857144,CDP,1.4710406730757069,20,0.99,1.4710406730757069
TRIAL_0116_CDP_NEG,116,07019e7fe1426c583572257383e96cda6947ebfda6dd38c83e754c43f1271f92,FO_ONLY,COMPLETE,1,126,27493,2352,db92a7db6dfa639d2026ff19c5b1159be2b53d1e09d9e6a72b1b767a05c21400,2ea764e1783688df4d4bc4d6bc4b7c6a52ae545bfb933c403a7aa96e5d21a797,2664,1149.2156830000004,0.0596590042114257,0.068359375,14269c18e6a56f09985dea654338c0b32f5e417a5600e334e252b0c1bbf8bd28,True,True,True,1,0.7160625761668917,0.9809378006279188,0.4985523195636338,0.0269170145856628,0.5327444998677149,0.0072997179100936,0.9811192330085484,0.8462948270723473,0.7261073414040083,0.627118687433167,0.0,0.0966019034385681,1.8918409523394075e-06,0.0966047495603561,99.4140625,0.5859375,0.0,-0.1337151676416397,-0.0942170023918151,-0.3370324075222015,-0.0218902863562107,-0.081301525235176,-0.057285837829113,-0.2049224823713302,-0.0133097348734736,60.9375,39.0625,0.0,-0.0170852094888687,CDP_NEG,350,54913,1149.2152803000008,128,128,700,350,350,410,EARLY_STOPPING,False,0,2048,deterministic_evenly_spaced_full_fold,3.646400070190428,5.997169941663727,448,427,95.3125,CDP,1.4510426770894138,20,0.99,1.4510426770894138
TRIAL_0116_CDP_NEG,116,07019e7fe1426c583572257383e96cda6947ebfda6dd38c83e754c43f1271f92,FO_ONLY,COMPLETE,2,126,26989,2856,424f72a3df11b24bdd551a74968aa5efe8f47b52221df203d3bd3ed6f8a96c5a,f1c78e2ff146b5069b0310a8b0222fe8d495ed8d7dbf78dc149a7df8702a8f3a,37176,1054.0799289999995,0.063387393951416,0.0859375,14269c18e6a56f09985dea654338c0b32f5e417a5600e334e252b0c1bbf8bd28,True,True,True,1,0.7755888098038958,0.8104687508506645,0.4681444160081968,0.0423575921488304,0.4736376408705254,-0.0398472351431637,0.8096303546821328,0.8809836425640715,0.7769716037433407,0.4372214801348112,0.0,0.0906729400157928,2.443175795008301e-08,0.0906729772686958,99.8046875,0.1953125,0.0,-0.1330717504024505,-0.1044794246554374,-0.3668942153453827,-0.0179751794785261,-0.0809832960367202,-0.0635829046368599,-0.2232803255319595,-0.0109391305595636,64.453125,35.546875,0.0,-0.0270467922091484,CDP_NEG,215,54913,1054.079558400001,128,128,700,350,350,350,EARLY_STOPPING,False,0,2048,deterministic_evenly_spaced_full_fold,3.663600349426268,6.020027899742124,448,427,95.3125,CDP,1.4524627365104603,20,0.99,1.4524627365104603
TRIAL_0116_CDP_NEG,116,07019e7fe1426c583572257383e96cda6947ebfda6dd38c83e754c43f1271f92,FO_ONLY,COMPLETE,3,126,26466,3379,ad1e190147cfc7079fe69ab58be273b0089b28a9cb71d4377b9a01145e874910,b3de2bff6a2b887166deba8883b54b43de7150168fdd2094f9852f380bd9133e,37872,1043.4166700000003,0.064640998840332,0.087890625,14269c18e6a56f09985dea654338c0b32f5e417a5600e334e252b0c1bbf8bd28,True,True,True,1,0.7398581871673985,1.0826344645154182,0.489366702876628,0.03313279921915,0.5099655135612213,-0.0007735260489375,1.0827944241287104,0.8619774786384756,0.6946509743832288,0.6710970769260464,0.0,0.1019528359174728,1.8844824808184057e-05,0.1019811555743217,95.41015625,4.58984375,0.0,-0.1218030303716659,-0.0889936909079551,-0.3401897549629211,-0.0027161198668181,-0.0743924230337143,-0.0543537959456443,-0.2077743262052536,-0.0016588976141065,57.275390625,42.724609375,0.0,-0.0090334918349981,CDP_NEG,210,54913,1043.4162720000004,128,128,700,350,350,350,EARLY_STOPPING,False,0,2048,deterministic_evenly_spaced_full_fold,3.652750015258789,5.9806626215577126,448,440,98.21428571428572,CDP,1.4666426917497315,20,0.99,1.4666426917497315
TRIAL_0116_CDP_NEG,116,07019e7fe1426c583572257383e96cda6947ebfda6dd38c83e754c43f1271f92,FO_ONLY,COMPLETE,4,126,27061,2784,2cf8e61e68345fca034455d14ca0a91ba8af3af3a30bcfad11a389cf00a64d26,e85c7d3201b31d98e24a7a8ea73439fb69c13286f849eaf6812d38684b5bedb5,24992,1116.6558351999993,0.0636019706726074,0.0859375,14269c18e6a56f09985dea654338c0b32f5e417a5600e334e252b0c1bbf8bd28,True,True,True,1,0.7578889881733135,0.866327317432603,0.442524143643321,0.027185372977781,0.4919593953411119,-0.0196863534155214,0.8662592051163349,0.8706722592249077,0.7645958326047168,0.4714341106338379,0.0,0.0809895545244216,1.275750634022188e-07,0.0809897482395172,99.951171875,0.048828125,0.0,-0.0958402007818222,-0.0655364096164703,-0.2759008109569549,-0.0166003070771694,-0.0581443533301353,-0.0397596433758735,-0.1673835664987564,-0.0100710773840546,59.08203125,40.91796875,0.0,-0.0253304690122604,CDP_NEG,330,54913,1116.655044699999,128,128,700,350,350,390,EARLY_STOPPING,False,0,2048,deterministic_evenly_spaced_full_fold,3.65000057220459,6.01635006070137,448,436,97.32142857142856,CDP,1.460840537792371,20,0.99,1.460840537792371
TRIAL_0116_CDP_NEG,116,07019e7fe1426c583572257383e96cda6947ebfda6dd38c83e754c43f1271f92,FO_ONLY,COMPLETE,0,168,25813,4032,81354305b7b8066000bae764cd84c6a44c1e035572eb00baa18e30401895a2a4,6d4d4bf8c14384a72deec9ae950f7dbc99365946e460adffb80cf5c9ed8ff111,35156,1024.0168016000007,0.0680718421936035,0.0859375,14269c18e6a56f09985dea654338c0b32f5e417a5600e334e252b0c1bbf8bd28,True,True,True,1,0.8603518057006903,0.5794335172541875,0.3638275903385153,0.0257486015175682,0.3736489787628029,0.0027820492445792,0.5794987053478997,0.9275686681029514,0.8653449623336376,0.2779176027091433,0.0,0.0642163008451461,3.6052786072104936e-06,0.0642217174172401,98.486328125,1.513671875,0.0,-0.1267871558666229,-0.0775050222873687,-0.4021873474121094,-0.0202659163624048,-0.0760581791400909,-0.0464943908154964,-0.2412676513195037,-0.0121572948992252,62.6953125,37.3046875,0.0,-0.0358036458492279,CDP_NEG,235,54913,1024.0164048999995,128,128,700,350,350,350,EARLY_STOPPING,False,0,2048,deterministic_evenly_spaced_full_fold,3.6649999618530273,6.109466117620462,448,442,98.66071428571428,CDP,1.4710406730757069,20,0.99,1.4710406730757069
TRIAL_0116_CDP_NEG,116,07019e7fe1426c583572257383e96cda6947ebfda6dd38c83e754c43f1271f92,FO_ONLY,COMPLETE,1,168,27493,2352,db92a7db6dfa639d2026ff19c5b1159be2b53d1e09d9e6a72b1b767a05c21400,2ea764e1783688df4d4bc4d6bc4b7c6a52ae545bfb933c403a7aa96e5d21a797,37872,1091.4405083,0.0596590042114257,0.068359375,14269c18e6a56f09985dea654338c0b32f5e417a5600e334e252b0c1bbf8bd28,True,True,True,1,0.717710654322683,0.9780867940585588,0.4792901844841105,0.0268387827290026,0.5311961263949615,-0.1333669610432393,0.9691575611652758,0.8503844354765969,0.711293290553119,0.5199761992337191,0.0,0.092876560986042,1.5110574622667627e-06,0.092878833413124,96.923828125,3.076171875,0.0,-0.1356852501630783,-0.0872310027480125,-0.401914119720459,-0.0149499699473381,-0.0824993550777435,-0.0530382059514522,-0.2443718612194061,-0.0090898824855685,51.3671875,48.6328125,0.0,-0.003888968611136,CDP_NEG,305,54913,1091.4401364000005,128,128,700,350,350,365,EARLY_STOPPING,False,0,2048,deterministic_evenly_spaced_full_fold,3.646400070190428,5.997169941663727,448,440,98.21428571428572,CDP,1.4510426770894138,20,0.99,1.4510426770894138
TRIAL_0116_CDP_NEG,116,07019e7fe1426c583572257383e96cda6947ebfda6dd38c83e754c43f1271f92,FO_ONLY,COMPLETE,2,168,26989,2856,424f72a3df11b24bdd551a74968aa5efe8f47b52221df203d3bd3ed6f8a96c5a,f1c78e2ff146b5069b0310a8b0222fe8d495ed8d7dbf78dc149a7df8702a8f3a,37176,1073.6702807,0.063387393951416,0.0859375,14269c18e6a56f09985dea654338c0b32f5e417a5600e334e252b0c1bbf8bd28,True,True,True,1,0.7752677595941404,0.8110482856002602,0.4628515209016554,0.0423878804190859,0.4739763207657255,-0.0362493945181328,0.8103796920487117,0.8814732350687337,0.8085116447659041,0.3733536208624478,0.0,0.0897698104381561,7.30153715267079e-08,0.089769922196865,99.755859375,0.244140625,0.0,-0.1364023089408874,-0.1081195026636123,-0.3703045547008514,-0.0161401834338903,-0.0830101817846298,-0.0657981485128402,-0.2253557592630386,-0.0098224096000194,55.615234375,44.384765625,0.0,-0.0088973771780729,CDP_NEG,300,54913,1073.669898099999,128,128,700,350,350,360,EARLY_STOPPING,False,0,2048,deterministic_evenly_spaced_full_fold,3.663600349426268,6.020027899742124,448,428,95.53571428571428,CDP,1.4524627365104603,20,0.99,1.4524627365104603
TRIAL_0116_CDP_NEG,116,07019e7fe1426c583572257383e96cda6947ebfda6dd38c83e754c43f1271f92,FO_ONLY,COMPLETE,3,168,26466,3379,ad1e190147cfc7079fe69ab58be273b0089b28a9cb71d4377b9a01145e874910,b3de2bff6a2b887166deba8883b54b43de7150168fdd2094f9852f380bd9133e,24992,1045.6896003000002,0.0646414756774902,0.0859375,14269c18e6a56f09985dea654338c0b32f5e417a5600e334e252b0c1bbf8bd28,True,True,True,1,0.7399283245777593,1.08248850893892,0.4894824826941381,0.0331283324143608,0.5098967624610433,-0.0080468153817747,1.082618809976928,0.8605382040795404,0.7197425358628218,0.6086139093012245,0.0,0.0990152508020401,4.727283157990314e-05,0.0990862995386123,89.599609375,10.400390625,0.0,-0.1228702291846275,-0.0900010466575622,-0.3803452551364898,0.0256094709038734,-0.0750442296266555,-0.0549690462648868,-0.2322997152805328,0.0156412422657012,54.638671875,45.361328125,0.0,-0.0073946388438344,CDP_NEG,265,54913,1045.6892095000003,128,128,700,350,350,350,EARLY_STOPPING,False,0,2048,deterministic_evenly_spaced_full_fold,3.652750015258789,5.9806626215577126,448,446,99.55357142857144,CDP,1.4666426917497315,20,0.99,1.4666426917497315
TRIAL_0116_CDP_NEG,116,07019e7fe1426c583572257383e96cda6947ebfda6dd38c83e754c43f1271f92,FO_ONLY,COMPLETE,4,168,27061,2784,2cf8e61e68345fca034455d14ca0a91ba8af3af3a30bcfad11a389cf00a64d26,e85c7d3201b31d98e24a7a8ea73439fb69c13286f849eaf6812d38684b5bedb5,2664,1135.9995627999997,0.0636019706726074,0.0859375,14269c18e6a56f09985dea654338c0b32f5e417a5600e334e252b0c1bbf8bd28,True,True,True,1,0.7504139212741907,0.8795993840258457,0.4514692964812325,0.0276018507607886,0.4994961747139343,0.0386431806162718,0.8789079883390428,0.8680453064394503,0.797824090312225,0.4604399894158895,0.0,0.0827486962080001,7.4597856780656e-08,0.0827488079667091,99.51171875,0.48828125,0.0,-0.1295060813426971,-0.0881432890892028,-0.3510407507419586,-0.0181264337152242,-0.0785687789320945,-0.0534747913479805,-0.2129694670438766,-0.0109969479963183,52.9296875,47.0703125,0.0,-0.005091403145343,CDP_NEG,345,54913,1135.9991809000005,128,128,700,350,350,405,EARLY_STOPPING,False,0,2048,deterministic_evenly_spaced_full_fold,3.65000057220459,6.01635006070137,448,438,97.76785714285714,CDP,1.460840537792371,20,0.99,1.460840537792371
