trial_number,status,fold,seed,N_train,N_validation,train_signature,validation_signature,worker_pid,worker_wall_time_s,worker_peak_gpu_allocated_gb,worker_peak_gpu_reserved_gb,worker_runtime_signature,worker_tf32_matmul,worker_tf32_cudnn,worker_deterministic_algorithms,worker_inner_threads,R2,RMSE,MAE,NRMSE_range,NRMSE_std,bias,residual_std,pearson_r,slope,intercept,negative_prediction_pct,val_data_loss,val_physics_loss,val_total_loss,active_cdp_pcd_pct,active_cdp_violation_pct,active_cdp_near_zero_pct,dCO_dCDP_phys_mean,dCO_dCDP_phys_median,dCO_dCDP_phys_q05,dCO_dCDP_phys_q95,g_star_cdp_mean,g_star_cdp_median,g_star_cdp_q05,g_star_cdp_q95,diagnostic_only_tit_negative_gradient_pct,diagnostic_only_tit_positive_gradient_pct,diagnostic_only_tit_near_zero_pct,diagnostic_only_dCO_dTIT_median,physics_mode,best_epoch,parameter_count,training_time_s,requested_batch_size,effective_batch_size,requested_max_epochs,physics_warmup_epochs,effective_min_epochs,stopped_epoch,stop_reason,use_lbfgs,lbfgs_outer_steps_executed,physics_evaluation_rows,physics_evaluation_sampling,physical_scale_cdp_delta_x,physical_scale_co_delta_y,synthetic_attempted,synthetic_accepted,synthetic_acceptance_pct,synthetic_feature,knn_threshold,knn_k,knn_quantile,train_kth_at_protocol_quantile
0,COMPLETE,0,42,25813,4032,81354305b7b8066000bae764cd84c6a44c1e035572eb00baa18e30401895a2a4,6d4d4bf8c14384a72deec9ae950f7dbc99365946e460adffb80cf5c9ed8ff111,37080,1.4144315999983519,0.4108290672302246,0.576171875,14269c18e6a56f09985dea654338c0b32f5e417a5600e334e252b0c1bbf8bd28,True,True,True,1,-0.00030739720430927875,1.5507889265403152,1.0143672907090928,0.06891324874778867,1.0000296521063299,-0.005659225637611512,1.5509709451580305,-0.14035979576845153,-0.0001464933673144183,2.037902335572357,0.0,0.2760525643825531,8.930402373152901e-07,-0.010915964841842651,50.9765625,49.0234375,0.146484375,-0.00017229736840818077,-4.009003168903291e-05,-0.0045432294718921185,0.003748985705897212,-0.0001033592561725527,-2.404955739621073e-05,-0.00272543216124177,0.002248974284157157,50.1953125,48.779296875,1.025390625,-1.3322019185579848e-06,CDP_NEG,10,143363,1.4140101000011782,FULL_BATCH,25813,300,30,75,75,EARLY_STOPPING,False,0,2048,deterministic_evenly_spaced_full_fold,3.6649999618530273,6.109466117620462,192,192,100.0,CDP,1.4710406730757069,20,0.99,1.4710406730757069
0,COMPLETE,1,42,27493,2352,db92a7db6dfa639d2026ff19c5b1159be2b53d1e09d9e6a72b1b767a05c21400,2ea764e1783688df4d4bc4d6bc4b7c6a52ae545bfb933c403a7aa96e5d21a797,37080,1.9178973999987647,0.43427562713623047,0.615234375,14269c18e6a56f09985dea654338c0b32f5e417a5600e334e252b0c1bbf8bd28,True,True,True,1,-0.009598490622143574,1.8497136350993786,1.224194515890879,0.050756295519857206,1.0045741583194372,-0.17120174671916075,1.8421653942033862,-0.1353187231069832,-0.0004688409419088527,2.092858813397048,0.0,0.3388473093509674,1.734509351081215e-05,0.21324339509010315,52.83203125,47.16796875,0.0,-3.079004818573594e-05,-0.0007522339001297951,-0.014380192384123802,0.016416065394878387,-1.872106804512441e-05,-0.0004573733313009143,-0.008743446320295334,0.009981297887861729,47.55859375,52.34375,0.09765625,4.4553493353305385e-05,CDP_NEG,5,143363,1.9175168000001577,FULL_BATCH,27493,300,30,75,75,EARLY_STOPPING,False,0,2048,deterministic_evenly_spaced_full_fold,3.6464000701904276,5.997169941663727,192,182,94.79166666666667,CDP,1.4510426770894138,20,0.99,1.4510426770894138
0,COMPLETE,2,42,26989,2856,424f72a3df11b24bdd551a74968aa5efe8f47b52221df203d3bd3ed6f8a96c5a,f1c78e2ff146b5069b0310a8b0222fe8d495ed8d7dbf78dc149a7df8702a8f3a,37080,5.263408599999821,0.4280991554260254,0.59375,14269c18e6a56f09985dea654338c0b32f5e417a5600e334e252b0c1bbf8bd28,True,True,True,1,0.1122055336646699,1.6120192987543513,1.009587270249443,0.08424909155474866,0.9420634872083468,-0.16689954221989511,1.6036368667683654,0.4191424713413605,0.07831814586580904,1.8046233016282602,0.0,0.2719230353832245,0.0017707981169223785,-2.4333364963531494,60.791015625,39.208984375,0.0,-0.03622107952833176,-0.008677473291754723,-0.27409571409225464,0.16759930551052094,-0.0220430139452219,-0.005280838347971439,-0.16680605709552765,0.10199569165706635,56.54296875,43.359375,0.09765625,-0.0005560939898714423,CDP_NEG,295,143363,5.263052499998594,FULL_BATCH,26989,300,30,75,300,MAX_EPOCHS,False,0,2048,deterministic_evenly_spaced_full_fold,3.663600349426268,6.020027899742124,192,187,97.39583333333333,CDP,1.4524627365104603,20,0.99,1.4524627365104603
0,COMPLETE,3,42,26466,3379,ad1e190147cfc7079fe69ab58be273b0089b28a9cb71d4377b9a01145e874910,b3de2bff6a2b887166deba8883b54b43de7150168fdd2094f9852f380bd9133e,37080,1.7930932999988727,0.4196157455444336,0.5859375,14269c18e6a56f09985dea654338c0b32f5e417a5600e334e252b0c1bbf8bd28,True,True,True,1,-0.0020126515383063204,2.124777063549704,1.34706913145363,0.06502639084518534,1.0008576873647064,-0.08231803790480326,2.1234961263616605,-0.0854331581680181,-0.0002500617937242394,2.118568671282071,0.0,0.4074624180793762,1.943138340720907e-05,0.2802886962890625,55.17578125,44.82421875,0.0,-0.0002909908362198621,-0.001097147585824132,-0.015238390304148197,0.01739674061536789,-0.0001777255820343271,-0.0006700939266011119,-0.009307000786066055,0.010625235736370087,60.302734375,39.599609375,0.09765625,-0.0002112526271957904,CDP_NEG,5,143363,1.7927165000000969,FULL_BATCH,26466,300,30,75,75,EARLY_STOPPING,False,0,2048,deterministic_evenly_spaced_full_fold,3.652750015258789,5.9806626215577126,192,191,99.47916666666667,CDP,1.4666426917497317,20,0.99,1.4666426917497317
0,COMPLETE,4,42,27061,2784,2cf8e61e68345fca034455d14ca0a91ba8af3af3a30bcfad11a389cf00a64d26,e85c7d3201b31d98e24a7a8ea73439fb69c13286f849eaf6812d38684b5bedb5,37080,1.8963055000021996,0.42868947982788086,0.59375,14269c18e6a56f09985dea654338c0b32f5e417a5600e334e252b0c1bbf8bd28,True,True,True,1,-0.0013600167086236237,1.7618537731879433,1.1437657450624101,0.055287015649430005,1.0005000413765988,-0.06034579008253828,1.7611363333374226,-0.1291004340389086,-9.237866044065886e-05,2.026133130552683,0.0,0.3273884654045105,4.787509055859118e-07,0.04066905379295349,53.515625,46.484375,0.09765625,-0.000170535669894889,-9.712387691251934e-05,-0.0031274815555661917,0.0026922577526420355,-0.00010346062481403351,-5.892313492950052e-05,-0.0018973812693729997,0.001633339561522007,53.271484375,46.044921875,0.68359375,-6.669458798569394e-06,CDP_NEG,10,143363,1.8959396000027482,FULL_BATCH,27061,300,30,75,75,EARLY_STOPPING,False,0,2048,deterministic_evenly_spaced_full_fold,3.65000057220459,6.01635006070137,192,192,100.0,CDP,1.460840537792371,20,0.99,1.460840537792371
1,COMPLETE,0,42,25813,4032,81354305b7b8066000bae764cd84c6a44c1e035572eb00baa18e30401895a2a4,6d4d4bf8c14384a72deec9ae950f7dbc99365946e460adffb80cf5c9ed8ff111,26648,1.3952822999999626,0.4108290672302246,0.576171875,14269c18e6a56f09985dea654338c0b32f5e417a5600e334e252b0c1bbf8bd28,True,True,True,1,-0.00030739720430927875,1.5507889265403152,1.0143672907090928,0.06891324874778867,1.0000296521063299,-0.005659225637611512,1.5509709451580305,-0.14035979576845153,-0.0001464933673144183,2.037902335572357,0.0,0.2760525643825531,8.930402373152901e-07,-0.010915964841842651,50.9765625,49.0234375,0.146484375,-0.00017229736840818077,-4.009003168903291e-05,-0.0045432294718921185,0.003748985705897212,-0.0001033592561725527,-2.404955739621073e-05,-0.00272543216124177,0.002248974284157157,50.1953125,48.779296875,1.025390625,-1.3322019185579848e-06,CDP_NEG,10,143363,1.394910200000595,FULL_BATCH,25813,300,30,75,75,EARLY_STOPPING,False,0,2048,deterministic_evenly_spaced_full_fold,3.6649999618530273,6.109466117620462,192,192,100.0,CDP,1.4710406730757069,20,0.99,1.4710406730757069
1,COMPLETE,1,42,27493,2352,db92a7db6dfa639d2026ff19c5b1159be2b53d1e09d9e6a72b1b767a05c21400,2ea764e1783688df4d4bc4d6bc4b7c6a52ae545bfb933c403a7aa96e5d21a797,26648,1.9730682000008528,0.43427562713623047,0.615234375,14269c18e6a56f09985dea654338c0b32f5e417a5600e334e252b0c1bbf8bd28,True,True,True,1,-0.009598490622143574,1.8497136350993786,1.224194515890879,0.050756295519857206,1.0045741583194372,-0.17120174671916075,1.8421653942033862,-0.1353187231069832,-0.0004688409419088527,2.092858813397048,0.0,0.3388473093509674,1.734509351081215e-05,0.21324339509010315,52.83203125,47.16796875,0.0,-3.079004818573594e-05,-0.0007522339001297951,-0.014380192384123802,0.016416065394878387,-1.872106804512441e-05,-0.0004573733313009143,-0.008743446320295334,0.009981297887861729,47.55859375,52.34375,0.09765625,4.4553493353305385e-05,CDP_NEG,5,143363,1.9727101000025868,FULL_BATCH,27493,300,30,75,75,EARLY_STOPPING,False,0,2048,deterministic_evenly_spaced_full_fold,3.6464000701904276,5.997169941663727,192,182,94.79166666666667,CDP,1.4510426770894138,20,0.99,1.4510426770894138
1,COMPLETE,2,42,26989,2856,424f72a3df11b24bdd551a74968aa5efe8f47b52221df203d3bd3ed6f8a96c5a,f1c78e2ff146b5069b0310a8b0222fe8d495ed8d7dbf78dc149a7df8702a8f3a,26648,5.656197799999063,0.4280991554260254,0.59375,14269c18e6a56f09985dea654338c0b32f5e417a5600e334e252b0c1bbf8bd28,True,True,True,1,0.1122055336646699,1.6120192987543513,1.009587270249443,0.08424909155474866,0.9420634872083468,-0.16689954221989511,1.6036368667683654,0.4191424713413605,0.07831814586580904,1.8046233016282602,0.0,0.2719230353832245,0.0017707981169223785,-2.4333364963531494,60.791015625,39.208984375,0.0,-0.03622107952833176,-0.008677473291754723,-0.27409571409225464,0.16759930551052094,-0.0220430139452219,-0.005280838347971439,-0.16680605709552765,0.10199569165706635,56.54296875,43.359375,0.09765625,-0.0005560939898714423,CDP_NEG,295,143363,5.655794700000115,FULL_BATCH,26989,300,30,75,300,MAX_EPOCHS,False,0,2048,deterministic_evenly_spaced_full_fold,3.663600349426268,6.020027899742124,192,187,97.39583333333333,CDP,1.4524627365104603,20,0.99,1.4524627365104603
1,COMPLETE,3,42,26466,3379,ad1e190147cfc7079fe69ab58be273b0089b28a9cb71d4377b9a01145e874910,b3de2bff6a2b887166deba8883b54b43de7150168fdd2094f9852f380bd9133e,26648,1.8658342000017,0.4196157455444336,0.5859375,14269c18e6a56f09985dea654338c0b32f5e417a5600e334e252b0c1bbf8bd28,True,True,True,1,-0.0020126515383063204,2.124777063549704,1.34706913145363,0.06502639084518534,1.0008576873647064,-0.08231803790480326,2.1234961263616605,-0.0854331581680181,-0.0002500617937242394,2.118568671282071,0.0,0.4074624180793762,1.943138340720907e-05,0.2802886962890625,55.17578125,44.82421875,0.0,-0.0002909908362198621,-0.001097147585824132,-0.015238390304148197,0.01739674061536789,-0.0001777255820343271,-0.0006700939266011119,-0.009307000786066055,0.010625235736370087,60.302734375,39.599609375,0.09765625,-0.0002112526271957904,CDP_NEG,5,143363,1.8654800000003888,FULL_BATCH,26466,300,30,75,75,EARLY_STOPPING,False,0,2048,deterministic_evenly_spaced_full_fold,3.652750015258789,5.9806626215577126,192,191,99.47916666666667,CDP,1.4666426917497317,20,0.99,1.4666426917497317
1,COMPLETE,4,42,27061,2784,2cf8e61e68345fca034455d14ca0a91ba8af3af3a30bcfad11a389cf00a64d26,e85c7d3201b31d98e24a7a8ea73439fb69c13286f849eaf6812d38684b5bedb5,26648,1.9441489000018919,0.42868947982788086,0.59375,14269c18e6a56f09985dea654338c0b32f5e417a5600e334e252b0c1bbf8bd28,True,True,True,1,-0.0013600167086236237,1.7618537731879433,1.1437657450624101,0.055287015649430005,1.0005000413765988,-0.06034579008253828,1.7611363333374226,-0.1291004340389086,-9.237866044065886e-05,2.026133130552683,0.0,0.3273884654045105,4.787509055859118e-07,0.04066905379295349,53.515625,46.484375,0.09765625,-0.000170535669894889,-9.712387691251934e-05,-0.0031274815555661917,0.0026922577526420355,-0.00010346062481403351,-5.892313492950052e-05,-0.0018973812693729997,0.001633339561522007,53.271484375,46.044921875,0.68359375,-6.669458798569394e-06,CDP_NEG,10,143363,1.9437207000009948,FULL_BATCH,27061,300,30,75,75,EARLY_STOPPING,False,0,2048,deterministic_evenly_spaced_full_fold,3.65000057220459,6.01635006070137,192,192,100.0,CDP,1.460840537792371,20,0.99,1.460840537792371
2,COMPLETE,0,42,25813,4032,81354305b7b8066000bae764cd84c6a44c1e035572eb00baa18e30401895a2a4,6d4d4bf8c14384a72deec9ae950f7dbc99365946e460adffb80cf5c9ed8ff111,26648,44.60580040000059,0.1053476333618164,0.119140625,14269c18e6a56f09985dea654338c0b32f5e417a5600e334e252b0c1bbf8bd28,True,True,True,1,-0.022816055102173438,1.568139589814301,1.1123176990921142,0.06968426958349118,1.0112182655022273,0.23583358613021638,1.5504968664939265,0.04405899142122713,0.00016574693362197542,2.27875715852446,0.0,0.4016202390193939,9.585059160599485e-05,-0.23144599795341492,50.1953125,49.8046875,0.0,-6.143085192888975e-05,-0.0001283566525671631,-0.03916279226541519,0.038744449615478516,-3.6851706681773067e-05,-7.699971320107579e-05,-0.023493317887187004,0.02324235811829567,48.2421875,51.611328125,0.146484375,7.633226050529629e-05,CDP_NEG,10,65395,44.6053877000013,512,512,200,100,100,100,EARLY_STOPPING,False,0,2048,deterministic_evenly_spaced_full_fold,3.6649999618530273,6.109466117620462,1280,1275,99.609375,CDP,1.4710406730757069,20,0.99,1.4710406730757069
2,COMPLETE,1,42,27493,2352,db92a7db6dfa639d2026ff19c5b1159be2b53d1e09d9e6a72b1b767a05c21400,2ea764e1783688df4d4bc4d6bc4b7c6a52ae545bfb933c403a7aa96e5d21a797,26648,48.80323900000076,0.08888053894042969,0.09765625,14269c18e6a56f09985dea654338c0b32f5e417a5600e334e252b0c1bbf8bd28,True,True,True,1,0.0004469335219929871,1.8404883788092192,1.2651337908888172,0.050503153722324536,0.999563948145758,-0.02846404883319981,1.840659598743979,0.04350732448642006,0.00038143545713602327,2.2336723361548128,0.0,0.5805813074111938,0.0015180467162281275,0.5412403345108032,51.025390625,48.974609375,0.0,-0.0002551809884607792,-0.0017478305380791426,-0.1484486609697342,0.15034367144107819,-0.00015515531413257122,-0.0010627161245793104,-0.09025977551937103,0.09141197800636292,48.095703125,51.85546875,0.048828125,0.00042490800842642784,CDP_NEG,1,65395,48.80286949999936,512,512,200,100,100,100,EARLY_STOPPING,False,0,2048,deterministic_evenly_spaced_full_fold,3.6464000701904276,5.997169941663727,1280,1275,99.609375,CDP,1.4510426770894138,20,0.99,1.4510426770894138
2,COMPLETE,2,42,26989,2856,424f72a3df11b24bdd551a74968aa5efe8f47b52221df203d3bd3ed6f8a96c5a,f1c78e2ff146b5069b0310a8b0222fe8d495ed8d7dbf78dc149a7df8702a8f3a,26648,46.876482400002715,0.0950474739074707,0.1171875,14269c18e6a56f09985dea654338c0b32f5e417a5600e334e252b0c1bbf8bd28,True,True,True,1,-0.034769324074675145,1.740346774471639,1.2980755394773364,0.09095588052374541,1.0170580169712902,0.3181073369291358,1.7113269856452031,-0.017221159924221966,-8.630887616605419e-05,2.4573411679144614,0.0,0.5114806294441223,0.00033456081291660666,0.20991629362106323,49.365234375,50.634765625,0.0,0.0008991028880700469,0.0008079647086560726,-0.0664183497428894,0.0693962424993515,0.0005471657495945692,0.0004917019978165627,-0.04042012616991997,0.04223237931728363,49.169921875,50.78125,0.048828125,4.986791464034468e-05,CDP_NEG,5,65395,46.87611000000106,512,512,200,100,100,100,EARLY_STOPPING,False,0,2048,deterministic_evenly_spaced_full_fold,3.663600349426268,6.020027899742124,1280,1275,99.609375,CDP,1.4524627365104603,20,0.99,1.4524627365104603
2,COMPLETE,3,42,26466,3379,ad1e190147cfc7079fe69ab58be273b0089b28a9cb71d4377b9a01145e874910,b3de2bff6a2b887166deba8883b54b43de7150168fdd2094f9852f380bd9133e,26648,45.069247300001734,0.09892082214355469,0.1171875,14269c18e6a56f09985dea654338c0b32f5e417a5600e334e252b0c1bbf8bd28,True,True,True,1,-0.0115645755519449,2.1348805137328086,1.4642552659974766,0.06533559547270228,1.005616829374538,0.22799655290830206,2.122985215669949,-0.0049933798389177825,-1.1156984518967168e-05,2.428357591126061,0.0,0.788286566734314,2.735146881605033e-05,-0.20884591341018677,49.951171875,50.048828125,0.0,-0.00011436979548307136,1.9821130990749225e-05,-0.02003483846783638,0.02002689428627491,-6.985248910496011e-05,1.210595655720681e-05,-0.012236479669809341,0.01223162841051817,50.341796875,49.560546875,0.09765625,-1.4721687875862699e-05,CDP_NEG,15,65395,45.068642800000816,512,512,200,100,100,100,EARLY_STOPPING,False,0,2048,deterministic_evenly_spaced_full_fold,3.652750015258789,5.9806626215577126,1280,1275,99.609375,CDP,1.4666426917497317,20,0.99,1.4666426917497317
2,COMPLETE,4,42,27061,2784,2cf8e61e68345fca034455d14ca0a91ba8af3af3a30bcfad11a389cf00a64d26,e85c7d3201b31d98e24a7a8ea73439fb69c13286f849eaf6812d38684b5bedb5,26648,46.593649800001,0.09523391723632812,0.1171875,14269c18e6a56f09985dea654338c0b32f5e417a5600e334e252b0c1bbf8bd28,True,True,True,1,-0.016006065459784447,1.7746915765475386,1.2724504170220678,0.05568986624125976,1.007790216638544,0.221569751612914,1.7611221138620885,-0.0047812268836019385,-4.338677918866839e-05,2.307946461162744,0.0,0.5345131754875183,0.0016059208428487182,0.49613156914711,51.5625,48.4375,0.0,-0.0032718228176236153,-0.005174536257982254,-0.16296535730361938,0.15378253161907196,-0.00198495015501976,-0.003139288630336523,-0.09886785596609116,0.09329681843519211,49.21875,50.78125,0.0,0.00013180539826862514,CDP_NEG,1,65395,46.5932701999991,512,512,200,100,100,100,EARLY_STOPPING,False,0,2048,deterministic_evenly_spaced_full_fold,3.65000057220459,6.01635006070137,1280,1257,98.203125,CDP,1.460840537792371,20,0.99,1.460840537792371
3,COMPLETE,0,42,25813,4032,81354305b7b8066000bae764cd84c6a44c1e035572eb00baa18e30401895a2a4,6d4d4bf8c14384a72deec9ae950f7dbc99365946e460adffb80cf5c9ed8ff111,26648,15.05285979999826,0.058465003967285156,0.080078125,14269c18e6a56f09985dea654338c0b32f5e417a5600e334e252b0c1bbf8bd28,True,True,True,1,0.38683413984638115,1.2141572407496348,1.0344501055941302,0.05395416392182573,0.7829519686976395,0.8453838292850941,0.8716033514290763,0.838966755062138,0.5858973594807365,1.6915041168357339,0.0,0.11781856417655945,0.03577878326177597,0.11950512230396271,72.0703125,27.9296875,0.0,-0.3149263262748718,-0.004451740067452192,-2.3966567516326904,0.07594659179449081,-0.1889207661151886,-0.0026705488562583923,-1.4377273321151733,0.04555950313806534,40.13671875,59.66796875,0.1953125,7.547191489720717e-05,CDP_NEG,40,39425,15.052521199999319,1024,1024,800,80,80,100,EARLY_STOPPING,False,0,2048,deterministic_evenly_spaced_full_fold,3.6649999618530273,6.109466117620462,3584,3514,98.046875,CDP,1.4710406730757069,20,0.99,1.4710406730757069
3,COMPLETE,1,42,27493,2352,db92a7db6dfa639d2026ff19c5b1159be2b53d1e09d9e6a72b1b767a05c21400,2ea764e1783688df4d4bc4d6bc4b7c6a52ae545bfb933c403a7aa96e5d21a797,26648,13.347568299999693,0.05254507064819336,0.060546875,14269c18e6a56f09985dea654338c0b32f5e417a5600e334e252b0c1bbf8bd28,True,True,True,1,0.4051331291887612,1.4198420795978683,1.070017995846578,0.03896058439323024,0.7711121521693902,0.6549686643177782,1.2600169038032483,0.7331847368740654,0.48151956216102365,1.828289673893497,0.0,0.13687843084335327,0.036211930215358734,0.1385854035615921,64.35546875,35.64453125,0.048828125,-0.3711424171924591,-0.0031461426988244057,-2.9994051456451416,0.0563758984208107,-0.22566205263137817,-0.0019129181746393442,-1.8236987590789795,0.03427768126130104,45.947265625,53.857421875,0.1953125,2.9427214030874893e-05,CDP_NEG,25,39425,13.347191799999564,1024,1024,800,80,80,85,EARLY_STOPPING,False,0,2048,deterministic_evenly_spaced_full_fold,3.6464000701904276,5.997169941663727,3584,3516,98.10267857142857,CDP,1.4510426770894138,20,0.99,1.4510426770894138
3,COMPLETE,2,42,26989,2856,424f72a3df11b24bdd551a74968aa5efe8f47b52221df203d3bd3ed6f8a96c5a,f1c78e2ff146b5069b0310a8b0222fe8d495ed8d7dbf78dc149a7df8702a8f3a,26648,15.965499699999782,0.054042816162109375,0.05859375,14269c18e6a56f09985dea654338c0b32f5e417a5600e334e252b0c1bbf8bd28,True,True,True,1,0.43480801372481914,1.2862104023292626,1.0578845261885714,0.06722131554395304,0.7516608875825874,0.7235992612651124,1.0635494180604947,0.7993805570406763,0.5118132240691594,1.76785479965407,0.0,0.13073068857192993,0.0237035620957613,0.1318480372428894,68.603515625,31.396484375,0.048828125,-0.40604472160339355,-0.004069208167493343,-2.8592145442962646,0.01779034174978733,-0.24710610508918762,-0.002476392313838005,-1.7400283813476562,0.01082664541900158,45.361328125,54.39453125,0.244140625,2.6607001927914098e-05,CDP_NEG,45,39425,15.965169000002788,1024,1024,800,80,80,105,EARLY_STOPPING,False,0,2048,deterministic_evenly_spaced_full_fold,3.663600349426268,6.020027899742124,3584,3524,98.32589285714286,CDP,1.4524627365104603,20,0.99,1.4524627365104603
3,COMPLETE,3,42,26466,3379,ad1e190147cfc7079fe69ab58be273b0089b28a9cb71d4377b9a01145e874910,b3de2bff6a2b887166deba8883b54b43de7150168fdd2094f9852f380bd9133e,26648,16.897403800001484,0.05742359161376953,0.078125,14269c18e6a56f09985dea654338c0b32f5e417a5600e334e252b0c1bbf8bd28,True,True,True,1,0.4336147604592503,1.5974700716939894,1.1689232913554841,0.04888875874437338,0.7524743320218812,0.7664839121502629,1.4017826414123147,0.7707203982300523,0.4605112599781577,1.9535406722776172,0.0,0.16571730375289917,0.03227945417165756,0.16723890602588654,71.044921875,28.955078125,0.048828125,-0.47846144437789917,-0.004539671819657087,-3.2800447940826416,0.05610888823866844,-0.2922251224517822,-0.002772650448605418,-2.0033204555511475,0.034269072115421295,41.552734375,57.958984375,0.48828125,3.9496637327829376e-05,CDP_NEG,55,39425,16.897086999997555,1024,1024,800,80,80,115,EARLY_STOPPING,False,0,2048,deterministic_evenly_spaced_full_fold,3.652750015258789,5.9806626215577126,3584,3537,98.68861607142857,CDP,1.4666426917497317,20,0.99,1.4666426917497317
3,COMPLETE,4,42,27061,2784,2cf8e61e68345fca034455d14ca0a91ba8af3af3a30bcfad11a389cf00a64d26,e85c7d3201b31d98e24a7a8ea73439fb69c13286f849eaf6812d38684b5bedb5,26648,21.847022499998275,0.0540471076965332,0.05859375,14269c18e6a56f09985dea654338c0b32f5e417a5600e334e252b0c1bbf8bd28,True,True,True,1,0.38225876517071056,1.3838149990572344,1.105134219786374,0.04342414942322912,0.7858239911188308,0.8160785075222144,1.1177694766819677,0.7841497884055094,0.5102943300961614,1.8377446849392371,0.0,0.13697481155395508,0.025996273383498192,0.13820023834705353,69.3359375,30.6640625,0.244140625,-0.43602287769317627,-0.00083970429841429,-3.043584108352661,0.016584277153015137,-0.26452645659446716,-0.000509431934915483,-1.846482276916504,0.010061352513730526,45.3125,53.61328125,1.07421875,6.674330506939441e-06,CDP_NEG,90,39425,21.846698400000605,1024,1024,800,80,80,150,EARLY_STOPPING,False,0,2048,deterministic_evenly_spaced_full_fold,3.65000057220459,6.01635006070137,3584,3546,98.93973214285714,CDP,1.460840537792371,20,0.99,1.460840537792371
4,COMPLETE,0,42,25813,4032,81354305b7b8066000bae764cd84c6a44c1e035572eb00baa18e30401895a2a4,6d4d4bf8c14384a72deec9ae950f7dbc99365946e460adffb80cf5c9ed8ff111,26648,6.882406799999444,0.30439329147338867,0.390625,14269c18e6a56f09985dea654338c0b32f5e417a5600e334e252b0c1bbf8bd28,True,True,True,1,0.8066109908039722,0.681870411156471,0.47599988694925005,0.030300645338378514,0.4397056352289339,0.058169030166200605,0.679469002268281,0.8992929779250481,0.8326816245711344,0.4000443482101852,0.0,0.03629869967699051,0.001579773030243814,-0.11347156018018723,98.33984375,1.66015625,0.0,-0.9210294485092163,-0.8037235140800476,-2.0655524730682373,-0.20784413814544678,-0.5525152087211609,-0.48214468359947205,-1.239101767539978,-0.12468335777521133,78.271484375,21.728515625,0.0,-0.0190350990742445,CDP_NEG,430,54915,6.881815000000643,FULL_BATCH,25813,500,250,250,490,EARLY_STOPPING,False,0,2048,deterministic_evenly_spaced_full_fold,3.6649999618530273,6.109466117620462,640,624,97.5,CDP,1.4710406730757069,20,0.99,1.4710406730757069
4,COMPLETE,1,42,27493,2352,db92a7db6dfa639d2026ff19c5b1159be2b53d1e09d9e6a72b1b767a05c21400,2ea764e1783688df4d4bc4d6bc4b7c6a52ae545bfb933c403a7aa96e5d21a797,26648,7.4628434000005655,0.3216066360473633,0.43359375,14269c18e6a56f09985dea654338c0b32f5e417a5600e334e252b0c1bbf8bd28,True,True,True,1,0.6609251420106237,1.0719584348176854,0.5838208076287517,0.029414628334989184,0.5821775446622264,-0.08771856492670367,1.0685905834425724,0.8144531961722118,0.6729141503980492,0.6524765731434452,0.0,0.060984086245298386,0.001371969236060977,-0.08799028396606445,98.583984375,1.416015625,0.0,-0.9734753370285034,-0.84731125831604,-2.106682538986206,-0.2393934726715088,-0.5918926000595093,-0.5151823163032532,-1.2809053659439087,-0.14555604755878448,80.029296875,19.970703125,0.0,-0.025566602125763893,CDP_NEG,490,54915,7.461940900000627,FULL_BATCH,27493,500,250,250,500,MAX_EPOCHS,False,0,2048,deterministic_evenly_spaced_full_fold,3.6464000701904276,5.997169941663727,640,640,100.0,CDP,1.4510426770894138,20,0.99,1.4510426770894138
4,COMPLETE,2,42,26989,2856,424f72a3df11b24bdd551a74968aa5efe8f47b52221df203d3bd3ed6f8a96c5a,f1c78e2ff146b5069b0310a8b0222fe8d495ed8d7dbf78dc149a7df8702a8f3a,26648,7.3767575999991095,0.3158411979675293,0.416015625,14269c18e6a56f09985dea654338c0b32f5e417a5600e334e252b0c1bbf8bd28,True,True,True,1,0.7494374746071932,0.8563909687942084,0.5497846004033998,0.04475762864151531,0.5004745682011511,-0.019212218849327552,0.8563253688752723,0.8659245566595317,0.7358155520340791,0.5458913164085063,0.0,0.05195797234773636,1.9966342733823694e-05,-0.09908883273601532,99.31640625,0.68359375,0.0,-0.906710147857666,-0.8069537878036499,-1.9344754219055176,-0.23788002133369446,-0.5517953634262085,-0.49108678102493286,-1.1772611141204834,-0.14476633071899414,82.470703125,17.529296875,0.0,-0.022274702787399292,CDP_NEG,495,54915,7.376304900000832,FULL_BATCH,26989,500,250,250,500,MAX_EPOCHS,False,0,2048,deterministic_evenly_spaced_full_fold,3.663600349426268,6.020027899742124,640,619,96.71875,CDP,1.4524627365104603,20,0.99,1.4524627365104603
4,COMPLETE,3,42,26466,3379,ad1e190147cfc7079fe69ab58be273b0089b28a9cb71d4377b9a01145e874910,b3de2bff6a2b887166deba8883b54b43de7150168fdd2094f9852f380bd9133e,26648,5.527376400001231,0.3097529411315918,0.416015625,14269c18e6a56f09985dea654338c0b32f5e417a5600e334e252b0c1bbf8bd28,True,True,True,1,0.6953694957893002,1.171557103823363,0.5951187591333629,0.035854175686271604,0.5518517465495574,-0.02993631174822814,1.1713479067279273,0.8365166660955636,0.6456010365053936,0.7498606593273275,0.0,0.0671330988407135,0.0008698038291186094,-0.07189875096082687,98.291015625,1.708984375,0.0,-0.9384119510650635,-0.7723301649093628,-2.195859670639038,-0.18879354000091553,-0.5731445550918579,-0.47170841693878174,-1.3411433696746826,-0.11530756205320358,77.392578125,22.607421875,0.0,-0.02014952152967453,CDP_NEG,320,54915,5.526972999999998,FULL_BATCH,26466,500,250,250,380,EARLY_STOPPING,False,0,2048,deterministic_evenly_spaced_full_fold,3.652750015258789,5.9806626215577126,640,625,97.65625,CDP,1.4666426917497317,20,0.99,1.4666426917497317
4,COMPLETE,4,42,27061,2784,2cf8e61e68345fca034455d14ca0a91ba8af3af3a30bcfad11a389cf00a64d26,e85c7d3201b31d98e24a7a8ea73439fb69c13286f849eaf6812d38684b5bedb5,26648,3.659595299999637,0.3161191940307617,0.416015625,14269c18e6a56f09985dea654338c0b32f5e417a5600e334e252b0c1bbf8bd28,True,True,True,1,0.6831017521016695,0.9911392082734032,0.5947005331889514,0.03110197324686258,0.5628360502887931,0.09420934833208033,0.986828923673239,0.8294358512260994,0.7250477399944459,0.6678384519265028,0.0,0.057789649814367294,0.0009972224943339825,-0.028193118050694466,97.265625,2.734375,0.0,-0.9087564945220947,-0.8260998725891113,-1.9989945888519287,-0.0856730043888092,-0.5513246059417725,-0.5011784434318542,-1.2127504348754883,-0.05197611451148987,71.38671875,28.61328125,0.0,-0.018602456897497177,CDP_NEG,160,54915,3.6580505999991146,FULL_BATCH,27061,500,250,250,250,EARLY_STOPPING,False,0,2048,deterministic_evenly_spaced_full_fold,3.65000057220459,6.01635006070137,640,633,98.90625,CDP,1.460840537792371,20,0.99,1.460840537792371
5,COMPLETE,0,42,25813,4032,81354305b7b8066000bae764cd84c6a44c1e035572eb00baa18e30401895a2a4,6d4d4bf8c14384a72deec9ae950f7dbc99365946e460adffb80cf5c9ed8ff111,26648,174.6558651000014,0.14808368682861328,0.15625,14269c18e6a56f09985dea654338c0b32f5e417a5600e334e252b0c1bbf8bd28,True,True,True,1,0.7552899319573265,0.7670291515122678,0.4885644309091269,0.03408489047757981,0.49462043635651787,0.011765634267205661,0.7670340325422494,0.8720829259034287,0.6977561066925779,0.6293291677791436,0.0,0.10092224925756454,0.031778059899806976,0.1118888258934021,95.166015625,4.833984375,0.0,-0.7396182417869568,-0.5214236974716187,-2.436427116394043,-0.009560924954712391,-0.44368863105773926,-0.3127962052822113,-1.4615851640701294,-0.005735491402447224,72.314453125,27.685546875,0.0,-0.010586131364107132,CDP_NEG,165,138401,174.6554655,256,256,400,40,75,225,EARLY_STOPPING,False,0,2048,deterministic_evenly_spaced_full_fold,3.6649999618530273,6.109466117620462,2560,2530,98.828125,CDP,1.4710406730757069,20,0.99,1.4710406730757069
5,COMPLETE,1,42,27493,2352,db92a7db6dfa639d2026ff19c5b1159be2b53d1e09d9e6a72b1b767a05c21400,2ea764e1783688df4d4bc4d6bc4b7c6a52ae545bfb933c403a7aa96e5d21a797,26648,221.29698830000052,0.12632322311401367,0.134765625,14269c18e6a56f09985dea654338c0b32f5e417a5600e334e252b0c1bbf8bd28,True,True,True,1,0.6776171736343333,1.045240191623294,0.552521520872366,0.028681477526338157,0.5676669435835152,-0.058472608791056035,1.043825304011574,0.8238025836523117,0.6827392226521313,0.6594883949608104,0.0,0.1214170902967453,0.06790989637374878,0.14485272765159607,94.189453125,5.810546875,0.0,-0.8209704160690308,-0.583780825138092,-2.9100284576416016,0.04320772737264633,-0.4991665482521057,-0.354950487613678,-1.7693557739257812,0.026271168142557144,74.755859375,25.244140625,0.0,-0.012531343847513199,CDP_NEG,215,138401,221.2965770999981,256,256,400,40,75,275,EARLY_STOPPING,False,0,2048,deterministic_evenly_spaced_full_fold,3.6464000701904276,5.997169941663727,2560,2527,98.7109375,CDP,1.4510426770894138,20,0.99,1.4510426770894138
5,COMPLETE,2,42,26989,2856,424f72a3df11b24bdd551a74968aa5efe8f47b52221df203d3bd3ed6f8a96c5a,f1c78e2ff146b5069b0310a8b0222fe8d495ed8d7dbf78dc149a7df8702a8f3a,26648,153.5621515999992,0.13013219833374023,0.134765625,14269c18e6a56f09985dea654338c0b32f5e417a5600e334e252b0c1bbf8bd28,True,True,True,1,0.6985470631355624,0.9393420833805439,0.5540334985562775,0.049092909275409,0.5489511691546306,-0.08186575778465227,0.9359317597385431,0.8395787743678897,0.6514240309687247,0.6637553941118771,0.0,0.12296910583972931,0.018723120912909508,0.12943044304847717,94.873046875,5.126953125,0.0,-0.7583372592926025,-0.5580776929855347,-2.3633670806884766,0.006552672944962978,-0.46150028705596924,-0.3396286368370056,-1.438271164894104,0.0039877514354884624,77.978515625,22.021484375,0.0,-0.014883903786540031,CDP_NEG,130,138401,153.5617940000011,256,256,400,40,75,190,EARLY_STOPPING,False,0,2048,deterministic_evenly_spaced_full_fold,3.663600349426268,6.020027899742124,2560,2542,99.296875,CDP,1.4524627365104603,20,0.99,1.4524627365104603
5,COMPLETE,3,42,26466,3379,ad1e190147cfc7079fe69ab58be273b0089b28a9cb71d4377b9a01145e874910,b3de2bff6a2b887166deba8883b54b43de7150168fdd2094f9852f380bd9133e,26648,198.14339889999974,0.13892698287963867,0.15625,14269c18e6a56f09985dea654338c0b32f5e417a5600e334e252b0c1bbf8bd28,True,True,True,1,0.6652148842528449,1.228173826112988,0.5870018273429689,0.03758686622361576,0.5785205593436382,-0.02584193331368538,1.228083663107628,0.8189802275281448,0.6107385917244884,0.8306641471124458,0.0,0.14177390933036804,0.062049031257629395,0.1631869673728943,92.431640625,7.568359375,0.0,-0.7410867214202881,-0.5745084881782532,-2.6208627223968506,0.16332611441612244,-0.4526262581348419,-0.35088688135147095,-1.600718379020691,0.09975307434797287,72.16796875,27.83203125,0.0,-0.013790016993880272,CDP_NEG,195,138401,198.1428474000022,256,256,400,40,75,255,EARLY_STOPPING,False,0,2048,deterministic_evenly_spaced_full_fold,3.652750015258789,5.9806626215577126,2560,2541,99.2578125,CDP,1.4666426917497317,20,0.99,1.4666426917497317
5,COMPLETE,4,42,27061,2784,2cf8e61e68345fca034455d14ca0a91ba8af3af3a30bcfad11a389cf00a64d26,e85c7d3201b31d98e24a7a8ea73439fb69c13286f849eaf6812d38684b5bedb5,26648,188.18361169999844,0.13039255142211914,0.13671875,14269c18e6a56f09985dea654338c0b32f5e417a5600e334e252b0c1bbf8bd28,True,True,True,1,0.6742041342742254,1.0049570983058926,0.5661794328300638,0.03153557898310143,0.5706827852219811,0.052392298461534495,1.0037707536492653,0.8218048477364869,0.6889560658135964,0.7013189635568694,0.0,0.11986342072486877,0.032665763050317764,0.13113634288311005,93.84765625,6.15234375,0.0,-0.6582239866256714,-0.41990652680397034,-2.3542213439941406,0.03855084627866745,-0.3993314802646637,-0.25474900007247925,-1.4282596111297607,0.023388035595417023,67.431640625,32.568359375,0.0,-0.0075876954942941666,CDP_NEG,170,138401,188.1832355000006,256,256,400,40,75,230,EARLY_STOPPING,False,0,2048,deterministic_evenly_spaced_full_fold,3.65000057220459,6.01635006070137,2560,2548,99.53125,CDP,1.460840537792371,20,0.99,1.460840537792371
6,COMPLETE,0,42,25813,4032,81354305b7b8066000bae764cd84c6a44c1e035572eb00baa18e30401895a2a4,6d4d4bf8c14384a72deec9ae950f7dbc99365946e460adffb80cf5c9ed8ff111,26648,4.061136100001022,0.13581228256225586,0.19140625,14269c18e6a56f09985dea654338c0b32f5e417a5600e334e252b0c1bbf8bd28,True,True,True,1,0.801902401421148,0.6901214982401118,0.4861710412266788,0.030667303370882738,0.44502636689301694,-0.05903241344755756,0.6876773540241148,0.8978089417660492,0.8527903176851986,0.24175557132416348,0.0,0.09263958036899567,5.684148050022486e-07,0.09264388680458069,98.6328125,1.3671875,0.0,-0.17874538898468018,-0.15008485317230225,-0.39049971103668213,-0.027132108807563782,-0.10722734034061432,-0.09003420919179916,-0.23425638675689697,-0.016276247799396515,99.072265625,0.927734375,0.0,-0.037299372255802155,CDP_NEG,260,8193,4.060774199999287,FULL_BATCH,25813,600,150,150,320,EARLY_STOPPING,False,0,2048,deterministic_evenly_spaced_full_fold,3.6649999618530273,6.109466117620462,1280,1274,99.53125,CDP,1.4710406730757069,20,0.99,1.4710406730757069
6,COMPLETE,1,42,27493,2352,db92a7db6dfa639d2026ff19c5b1159be2b53d1e09d9e6a72b1b767a05c21400,2ea764e1783688df4d4bc4d6bc4b7c6a52ae545bfb933c403a7aa96e5d21a797,26648,2.7088784000006854,0.14220094680786133,0.197265625,14269c18e6a56f09985dea654338c0b32f5e417a5600e334e252b0c1bbf8bd28,True,True,True,1,0.6611415426201139,1.0716163134885508,0.5816977806785303,0.029405240497350053,0.5819917395517828,-0.05978931997091744,1.0701746103546472,0.814904214743073,0.6993316948869601,0.6206229261941235,0.0,0.12629462778568268,1.397445703332778e-05,0.12640051543712616,96.728515625,3.271484375,0.0,-0.2082728147506714,-0.15315164625644684,-0.5835108757019043,-0.01243501529097557,-0.12663406133651733,-0.09311927855014801,-0.35478633642196655,-0.0075607397593557835,99.90234375,0.09765625,0.0,-0.04250875860452652,CDP_NEG,145,8193,2.7085162999974273,FULL_BATCH,27493,600,150,150,205,EARLY_STOPPING,False,0,2048,deterministic_evenly_spaced_full_fold,3.6464000701904276,5.997169941663727,1280,1273,99.453125,CDP,1.4510426770894138,20,0.99,1.4510426770894138
6,COMPLETE,2,42,26989,2856,424f72a3df11b24bdd551a74968aa5efe8f47b52221df203d3bd3ed6f8a96c5a,f1c78e2ff146b5069b0310a8b0222fe8d495ed8d7dbf78dc149a7df8702a8f3a,26648,3.7941925000013725,0.14053010940551758,0.189453125,14269c18e6a56f09985dea654338c0b32f5e417a5600e334e252b0c1bbf8bd28,True,True,True,1,0.7241833521702679,0.8985127783493883,0.5847934224885427,0.046959044091323024,0.5250905382628877,0.02681259869621331,0.8982699045974203,0.8511639745191524,0.7305674062572198,0.6031421760427719,0.0,0.13635879755020142,1.1535850035215844e-06,0.1363675445318222,95.60546875,4.39453125,0.0,-0.15197709202766418,-0.0975121557712555,-0.401410311460495,-0.002221964532509446,-0.09248849749565125,-0.059342846274375916,-0.2442857325077057,-0.0013522179797291756,100.0,0.0,0.0,-0.03349919617176056,CDP_NEG,245,8193,3.793848799999978,FULL_BATCH,26989,600,150,150,305,EARLY_STOPPING,False,0,2048,deterministic_evenly_spaced_full_fold,3.663600349426268,6.020027899742124,1280,1272,99.375,CDP,1.4524627365104603,20,0.99,1.4524627365104603
6,COMPLETE,3,42,26466,3379,ad1e190147cfc7079fe69ab58be273b0089b28a9cb71d4377b9a01145e874910,b3de2bff6a2b887166deba8883b54b43de7150168fdd2094f9852f380bd9133e,26648,2.944493999999395,0.14012479782104492,0.189453125,14269c18e6a56f09985dea654338c0b32f5e417a5600e334e252b0c1bbf8bd28,True,True,True,1,0.7014562816492689,1.1597936748610986,0.5938322190356043,0.03549416929195282,0.5463106860267269,-0.020763617525902913,1.1597794244296555,0.8390710874330396,0.6621848434403486,0.7225433980225212,0.0,0.1323593556880951,9.60836132435361e-06,0.13243216276168823,93.603515625,6.396484375,0.0,-0.18886107206344604,-0.1263376921415329,-0.5444209575653076,0.008131242357194424,-0.11534881591796875,-0.07716201990842819,-0.3325105905532837,0.004966238047927618,99.90234375,0.09765625,0.0,-0.036511924117803574,CDP_NEG,170,8193,2.9441627000014705,FULL_BATCH,26466,600,150,150,230,EARLY_STOPPING,False,0,2048,deterministic_evenly_spaced_full_fold,3.652750015258789,5.9806626215577126,1280,1272,99.375,CDP,1.4666426917497317,20,0.99,1.4666426917497317
6,COMPLETE,4,42,27061,2784,2cf8e61e68345fca034455d14ca0a91ba8af3af3a30bcfad11a389cf00a64d26,e85c7d3201b31d98e24a7a8ea73439fb69c13286f849eaf6812d38684b5bedb5,26648,3.0630369999998948,0.14064788818359375,0.189453125,14269c18e6a56f09985dea654338c0b32f5e417a5600e334e252b0c1bbf8bd28,True,True,True,1,0.6512686025636238,1.0397292519756718,0.6413408146580951,0.03262673003851901,0.5904287719291631,-0.09475515461808649,1.0355885258613595,0.8092931259607689,0.6777075380941641,0.5776391585421334,0.0,0.13369540870189667,3.6384526538313366e-06,0.13372297585010529,98.291015625,1.708984375,0.0,-0.16148293018341064,-0.12768477201461792,-0.40496471524238586,-0.015281538479030132,-0.09796850383281708,-0.07746382802724838,-0.24568407237529755,-0.009271007031202316,99.951171875,0.048828125,0.0,-0.0413418747484684,CDP_NEG,175,8193,3.0626867999999376,FULL_BATCH,27061,600,150,150,235,EARLY_STOPPING,False,0,2048,deterministic_evenly_spaced_full_fold,3.65000057220459,6.01635006070137,1280,1253,97.890625,CDP,1.460840537792371,20,0.99,1.460840537792371
7,COMPLETE,0,42,25813,4032,81354305b7b8066000bae764cd84c6a44c1e035572eb00baa18e30401895a2a4,6d4d4bf8c14384a72deec9ae950f7dbc99365946e460adffb80cf5c9ed8ff111,26648,63.26731800000198,0.09114885330200195,0.109375,14269c18e6a56f09985dea654338c0b32f5e417a5600e334e252b0c1bbf8bd28,True,True,True,1,0.8479670756967255,0.6045813911780371,0.40636007370561683,0.026866111232483766,0.3898656406056146,0.006967879945780926,0.6046162188379173,0.9208733179140174,0.8521666745944438,0.30903013109411,0.0,0.14930468797683716,8.198390423785895e-05,0.14950929582118988,92.138671875,7.861328125,0.0,-0.23469018936157227,-0.12118148803710938,-0.8394729495048523,0.022353488951921463,-0.1407880038022995,-0.07269541174173355,-0.5035904049873352,0.01340960618108511,70.458984375,29.541015625,0.0,-0.05225382745265961,CDP_NEG,195,29089,63.26694900000075,512,512,200,100,100,200,MAX_EPOCHS,False,0,2048,deterministic_evenly_spaced_full_fold,3.6649999618530273,6.109466117620462,320,320,100.0,CDP,1.4710406730757069,20,0.99,1.4710406730757069
7,COMPLETE,1,42,27493,2352,db92a7db6dfa639d2026ff19c5b1159be2b53d1e09d9e6a72b1b767a05c21400,2ea764e1783688df4d4bc4d6bc4b7c6a52ae545bfb933c403a7aa96e5d21a797,26648,32.14118310000049,0.08179235458374023,0.09375,14269c18e6a56f09985dea654338c0b32f5e417a5600e334e252b0c1bbf8bd28,True,True,True,1,0.6602808430448306,1.0729764016660124,0.5952072125957759,0.029442561429714048,0.5827303995314614,-0.056754160531460734,1.0717022212476246,0.8133802830908977,0.6769381737005076,0.6743346145224173,0.0,0.2710508108139038,9.826113455346785e-06,0.2710753381252289,97.412109375,2.587890625,0.0,-0.29371729493141174,-0.21579954028129578,-0.7654823660850525,-0.02640063688158989,-0.17858603596687317,-0.13121047616004944,-0.4654286801815033,-0.016052117571234703,99.609375,0.390625,0.0,-0.046698637306690216,CDP_NEG,35,29089,32.14059880000059,512,512,200,100,100,100,EARLY_STOPPING,False,0,2048,deterministic_evenly_spaced_full_fold,3.6464000701904276,5.997169941663727,320,302,94.375,CDP,1.4510426770894138,20,0.99,1.4510426770894138
7,COMPLETE,2,42,26989,2856,424f72a3df11b24bdd551a74968aa5efe8f47b52221df203d3bd3ed6f8a96c5a,f1c78e2ff146b5069b0310a8b0222fe8d495ed8d7dbf78dc149a7df8702a8f3a,26648,64.48521359999722,0.08720111846923828,0.109375,14269c18e6a56f09985dea654338c0b32f5e417a5600e334e252b0c1bbf8bd28,True,True,True,1,0.7599279953386128,0.8382716512529355,0.49975566374247565,0.04381065732198838,0.4898856456727689,0.017381112054720812,0.8382382011076065,0.8733821247204242,0.8087226943192973,0.42653268205441214,0.0,0.20367726683616638,4.493158121476881e-05,0.20378939807415009,94.82421875,5.17578125,0.0,-0.3642962574958801,-0.22731971740722656,-1.0256638526916504,0.0011278807651251554,-0.22169926762580872,-0.13833965361118317,-0.6241869330406189,0.0006863928865641356,74.51171875,25.48828125,0.0,-0.0721718817949295,CDP_NEG,190,29089,64.4848482999987,512,512,200,100,100,200,MAX_EPOCHS,False,0,2048,deterministic_evenly_spaced_full_fold,3.663600349426268,6.020027899742124,320,312,97.5,CDP,1.4524627365104603,20,0.99,1.4524627365104603
7,COMPLETE,3,42,26466,3379,ad1e190147cfc7079fe69ab58be273b0089b28a9cb71d4377b9a01145e874910,b3de2bff6a2b887166deba8883b54b43de7150168fdd2094f9852f380bd9133e,26648,33.00929720000204,0.09172725677490234,0.109375,14269c18e6a56f09985dea654338c0b32f5e417a5600e334e252b0c1bbf8bd28,True,True,True,1,0.6965187764935481,1.1693450464401938,0.6350695143621939,0.03578647818028967,0.5508097762295568,0.04771846892019253,1.168543921934968,0.8422742141014092,0.6156277598381776,0.8934667343444413,0.0,0.3109074532985687,0.0011388667626306415,0.313749760389328,73.876953125,26.123046875,0.0,-0.10864809155464172,-0.05310846120119095,-0.4128579795360565,0.08166210353374481,-0.06635791808366776,-0.03243652731180191,-0.25215721130371094,0.049875952303409576,100.0,0.0,0.0,-0.04031722992658615,CDP_NEG,15,29089,33.0089332000025,512,512,200,100,100,100,EARLY_STOPPING,False,0,2048,deterministic_evenly_spaced_full_fold,3.652750015258789,5.9806626215577126,320,318,99.375,CDP,1.4666426917497317,20,0.99,1.4666426917497317
7,COMPLETE,4,42,27061,2784,2cf8e61e68345fca034455d14ca0a91ba8af3af3a30bcfad11a389cf00a64d26,e85c7d3201b31d98e24a7a8ea73439fb69c13286f849eaf6812d38684b5bedb5,26648,66.85502890000134,0.08717060089111328,0.109375,14269c18e6a56f09985dea654338c0b32f5e417a5600e334e252b0c1bbf8bd28,True,True,True,1,0.7368672082257426,0.9031548623304259,0.48860098906248595,0.02834102226155323,0.5128725725609219,0.030038792040624224,0.9028173397795722,0.8587348986949385,0.7514662948217968,0.5485512294779227,0.035919540229885055,0.19164784252643585,1.9234361388953403e-05,0.19169583916664124,95.703125,4.296875,0.0,-0.4335017204284668,-0.29595059156417847,-1.3843610286712646,-0.008562691509723663,-0.2629969120025635,-0.17954736948013306,-0.8398644328117371,-0.005194815341383219,65.283203125,34.716796875,0.0,-0.026295950636267662,CDP_NEG,190,29089,66.85467179999978,512,512,200,100,100,200,MAX_EPOCHS,False,0,2048,deterministic_evenly_spaced_full_fold,3.65000057220459,6.01635006070137,320,320,100.0,CDP,1.460840537792371,20,0.99,1.460840537792371
8,COMPLETE,0,42,25813,4032,81354305b7b8066000bae764cd84c6a44c1e035572eb00baa18e30401895a2a4,6d4d4bf8c14384a72deec9ae950f7dbc99365946e460adffb80cf5c9ed8ff111,26648,148.10847359999752,0.07526397705078125,0.087890625,14269c18e6a56f09985dea654338c0b32f5e417a5600e334e252b0c1bbf8bd28,True,True,True,1,0.8493882672849924,0.6017489671294252,0.3881575992687315,0.026740245268598743,0.38803914572454135,0.04390805812184385,0.6002193373080186,0.9231430522815397,0.8108786072194678,0.430332658169757,0.0,0.06624551862478256,0.04947780817747116,0.06737343966960907,50.927734375,49.072265625,0.0,-0.07811765372753143,-0.0063773877918720245,-0.620406985282898,0.3025312125682831,-0.04686190187931061,-0.0038257231935858727,-0.3721751868724823,0.18148507177829742,68.896484375,31.103515625,0.0,-0.022416284307837486,CDP_NEG,40,23329,148.1080903999973,256,256,400,200,200,200,EARLY_STOPPING,False,0,2048,deterministic_evenly_spaced_full_fold,3.6649999618530273,6.109466117620462,2560,2534,98.984375,CDP,1.4710406730757069,20,0.99,1.4710406730757069
8,COMPLETE,1,42,27493,2352,db92a7db6dfa639d2026ff19c5b1159be2b53d1e09d9e6a72b1b767a05c21400,2ea764e1783688df4d4bc4d6bc4b7c6a52ae545bfb933c403a7aa96e5d21a797,26648,154.3693598000027,0.06357336044311523,0.083984375,14269c18e6a56f09985dea654338c0b32f5e417a5600e334e252b0c1bbf8bd28,True,True,True,1,0.7183390707893632,0.9769975069311416,0.4804774157617393,0.026808892599905897,0.530604537687159,-0.09119689178044851,0.972938705983414,0.8495971794259475,0.6946527737074827,0.5998037510170899,0.0,0.08281489461660385,0.014888005331158638,0.08315429091453552,80.17578125,19.82421875,0.0,-0.18789982795715332,-0.14650094509124756,-0.6326812505722046,0.10681678354740143,-0.11424687504768372,-0.08907552808523178,-0.38468292355537415,0.06494675576686859,67.724609375,32.275390625,0.0,-0.025289449840784073,CDP_NEG,100,23329,154.3690076999992,256,256,400,200,200,200,EARLY_STOPPING,False,0,2048,deterministic_evenly_spaced_full_fold,3.6464000701904276,5.997169941663727,2560,2534,98.984375,CDP,1.4510426770894138,20,0.99,1.4510426770894138
8,COMPLETE,2,42,26989,2856,424f72a3df11b24bdd551a74968aa5efe8f47b52221df203d3bd3ed6f8a96c5a,f1c78e2ff146b5069b0310a8b0222fe8d495ed8d7dbf78dc149a7df8702a8f3a,26648,159.3498047999965,0.06763935089111328,0.0859375,14269c18e6a56f09985dea654338c0b32f5e417a5600e334e252b0c1bbf8bd28,True,True,True,1,0.7714614271070505,0.8178878854558144,0.46950988215068223,0.04274533896494438,0.47797338041384013,-0.012127147770958956,0.8179411830237577,0.8790597930974338,0.8036316344657147,0.4079144497970469,0.0,0.0794253721833229,0.023408379405736923,0.07995900511741638,82.8125,17.1875,0.0,-0.212422177195549,-0.1695275753736496,-0.7998465299606323,0.24276135861873627,-0.12927347421646118,-0.10316917300224304,-0.48676154017448425,0.14773696660995483,65.673828125,34.326171875,0.0,-0.023106303066015244,CDP_NEG,60,23329,159.349432899995,256,256,400,200,200,200,EARLY_STOPPING,False,0,2048,deterministic_evenly_spaced_full_fold,3.663600349426268,6.020027899742124,2560,2545,99.4140625,CDP,1.4524627365104603,20,0.99,1.4524627365104603
8,COMPLETE,3,42,26466,3379,ad1e190147cfc7079fe69ab58be273b0089b28a9cb71d4377b9a01145e874910,b3de2bff6a2b887166deba8883b54b43de7150168fdd2094f9852f380bd9133e,26648,147.81732589999592,0.07192659378051758,0.0859375,14269c18e6a56f09985dea654338c0b32f5e417a5600e334e252b0c1bbf8bd28,True,True,True,1,0.7479282745881611,1.0657094925132258,0.4861900330794617,0.03261482965738351,0.5019931532475576,-0.030516703377360548,1.0654301447242895,0.8649851608112675,0.7551387940578577,0.5082603428215802,0.0,0.08341149240732193,0.01109335571527481,0.08366438001394272,90.33203125,9.66796875,0.0,-0.27932000160217285,-0.11485645174980164,-1.2347073554992676,0.027015380561351776,-0.17059749364852905,-0.0701497346162796,-0.7541099786758423,0.016499917954206467,70.60546875,29.39453125,0.0,-0.023174546658992767,CDP_NEG,70,23329,147.81687000000238,256,256,400,200,200,200,EARLY_STOPPING,False,0,2048,deterministic_evenly_spaced_full_fold,3.652750015258789,5.9806626215577126,2560,2542,99.296875,CDP,1.4666426917497317,20,0.99,1.4666426917497317
8,COMPLETE,4,42,27061,2784,2cf8e61e68345fca034455d14ca0a91ba8af3af3a30bcfad11a389cf00a64d26,e85c7d3201b31d98e24a7a8ea73439fb69c13286f849eaf6812d38684b5bedb5,26648,156.73058149999997,0.06742191314697266,0.083984375,14269c18e6a56f09985dea654338c0b32f5e417a5600e334e252b0c1bbf8bd28,True,True,True,1,0.7510027121058487,0.8785612535002614,0.4574504478276495,0.027569274198824406,0.4989066538072577,0.024957874049986218,0.8783644508900751,0.8681755469988622,0.7973551728460107,0.44773297888470087,0.0,0.07607892900705338,0.013852774165570736,0.07639472186565399,86.5234375,13.4765625,0.0,-0.23448573052883148,-0.18826939165592194,-0.7988883256912231,0.07900673896074295,-0.14225785434246063,-0.1142193153500557,-0.4846697449684143,0.04793182760477066,60.15625,39.84375,0.0,-0.011261861771345139,CDP_NEG,80,23329,156.73018780000712,256,256,400,200,200,200,EARLY_STOPPING,False,0,2048,deterministic_evenly_spaced_full_fold,3.65000057220459,6.01635006070137,2560,2549,99.5703125,CDP,1.460840537792371,20,0.99,1.460840537792371
9,COMPLETE,0,42,25813,4032,81354305b7b8066000bae764cd84c6a44c1e035572eb00baa18e30401895a2a4,6d4d4bf8c14384a72deec9ae950f7dbc99365946e460adffb80cf5c9ed8ff111,26648,52.50682840000081,0.17874383926391602,0.201171875,14269c18e6a56f09985dea654338c0b32f5e417a5600e334e252b0c1bbf8bd28,True,True,True,1,0.7328355442141895,0.8014478904040983,0.5387024196691254,0.03561437464802036,0.516815435876358,0.02398586307979366,0.8011882434481824,0.8564478599073869,0.7512232274028636,0.5323020479315941,0.0992063492063492,0.04293449968099594,0.04569973796606064,-0.6967999935150146,90.625,9.375,0.0,-1.2207660675048828,-1.241621732711792,-2.7991788387298584,0.4312134087085724,-0.7323238849639893,-0.7448348999023438,-1.6791958808898926,0.2586800754070282,74.658203125,25.341796875,0.0,-0.04715707153081894,CDP_NEG,170,71619,52.50640109999949,1024,1024,300,30,75,230,EARLY_STOPPING,False,0,2048,deterministic_evenly_spaced_full_fold,3.6649999618530273,6.109466117620462,2560,2534,98.984375,CDP,1.4710406730757069,20,0.99,1.4710406730757069
9,COMPLETE,1,42,27493,2352,db92a7db6dfa639d2026ff19c5b1159be2b53d1e09d9e6a72b1b767a05c21400,2ea764e1783688df4d4bc4d6bc4b7c6a52ae545bfb933c403a7aa96e5d21a797,26648,30.870554000000993,0.15618610382080078,0.1796875,14269c18e6a56f09985dea654338c0b32f5e417a5600e334e252b0c1bbf8bd28,True,True,True,1,0.5924272462925537,1.1752566668520823,0.6775978088084305,0.032249140387193925,0.6382785175548574,-0.07386174610004995,1.1731827912175359,0.7707490235003432,0.5908775513293917,0.8519821806545609,0.0,0.06879722326993942,0.0497913658618927,-0.4854217767715454,91.9921875,8.0078125,0.0,-1.1479328870773315,-1.2126390933990479,-2.5121829509735107,0.33669233322143555,-0.6979662775993347,-0.7373089790344238,-1.5274578332901,0.20471571385860443,64.74609375,35.25390625,0.0,-0.03162844479084015,CDP_NEG,75,71619,30.870150499999,1024,1024,300,30,75,135,EARLY_STOPPING,False,0,2048,deterministic_evenly_spaced_full_fold,3.6464000701904276,5.997169941663727,2560,2534,98.984375,CDP,1.4510426770894138,20,0.99,1.4510426770894138
9,COMPLETE,2,42,26989,2856,424f72a3df11b24bdd551a74968aa5efe8f47b52221df203d3bd3ed6f8a96c5a,f1c78e2ff146b5069b0310a8b0222fe8d495ed8d7dbf78dc149a7df8702a8f3a,26648,42.34782840000116,0.16579008102416992,0.177734375,14269c18e6a56f09985dea654338c0b32f5e417a5600e334e252b0c1bbf8bd28,True,True,True,1,0.6946251500644061,0.9454327737717144,0.6298498665700022,0.0494112275069549,0.5525105663863177,-0.013455522671884516,0.9455025621970533,0.8344216942734037,0.7293489772901457,0.5654803341966335,0.1400560224089636,0.0566822849214077,0.05328824743628502,-0.691644549369812,91.357421875,8.642578125,0.0,-1.3248932361602783,-1.3548409938812256,-3.0360326766967773,0.4991273880004883,-0.8062885403633118,-0.8245137929916382,-1.8476344347000122,0.3037532866001129,78.22265625,21.77734375,0.0,-0.05451573431491852,CDP_NEG,125,71619,42.34742600000027,1024,1024,300,30,75,185,EARLY_STOPPING,False,0,2048,deterministic_evenly_spaced_full_fold,3.663600349426268,6.020027899742124,2560,2545,99.4140625,CDP,1.4524627365104603,20,0.99,1.4524627365104603
9,COMPLETE,3,42,26466,3379,ad1e190147cfc7079fe69ab58be273b0089b28a9cb71d4377b9a01145e874910,b3de2bff6a2b887166deba8883b54b43de7150168fdd2094f9852f380bd9133e,26648,62.47621870000148,0.17206478118896484,0.1796875,14269c18e6a56f09985dea654338c0b32f5e417a5600e334e252b0c1bbf8bd28,True,True,True,1,0.662645750310396,1.2328773098150905,0.6973650279717863,0.037730811004832436,0.5807360942820564,-0.0032264207899326543,1.233055560213264,0.8161764163560197,0.6178867094715816,0.8375513953289042,0.0,0.07332444190979004,0.05952199921011925,-1.0651888847351074,90.576171875,9.423828125,0.0,-1.2242226600646973,-1.264857292175293,-3.057572841644287,0.44224441051483154,-0.747706413269043,-0.772524356842041,-1.8674434423446655,0.270105242729187,67.28515625,32.71484375,0.0,-0.038768790662288666,CDP_NEG,270,71619,62.47576800000388,1024,1024,300,30,75,300,MAX_EPOCHS,False,0,2048,deterministic_evenly_spaced_full_fold,3.652750015258789,5.9806626215577126,2560,2542,99.296875,CDP,1.4666426917497317,20,0.99,1.4666426917497317
9,COMPLETE,4,42,27061,2784,2cf8e61e68345fca034455d14ca0a91ba8af3af3a30bcfad11a389cf00a64d26,e85c7d3201b31d98e24a7a8ea73439fb69c13286f849eaf6812d38684b5bedb5,26648,38.63623020000523,0.1659235954284668,0.177734375,14269c18e6a56f09985dea654338c0b32f5e417a5600e334e252b0c1bbf8bd28,True,True,True,1,0.6304666964084447,1.0702901533018547,0.6360993072720985,0.0335857318896341,0.6077833239962321,0.07428434799336152,1.0679009686376468,0.7986904535471936,0.6979923914908701,0.7043586515989706,0.21551724137931033,0.06136929243803024,0.04101153463125229,-0.6931521892547607,90.72265625,9.27734375,0.0,-1.1832544803619385,-1.1855545043945312,-2.7890875339508057,0.43592432141304016,-0.7178571224212646,-0.7192524671554565,-1.6920841932296753,0.26446667313575745,73.33984375,26.66015625,0.0,-0.045149821788072586,CDP_NEG,110,71619,38.63583720000315,1024,1024,300,30,75,170,EARLY_STOPPING,False,0,2048,deterministic_evenly_spaced_full_fold,3.65000057220459,6.01635006070137,2560,2549,99.5703125,CDP,1.460840537792371,20,0.99,1.460840537792371
10,COMPLETE,0,42,25813,4032,81354305b7b8066000bae764cd84c6a44c1e035572eb00baa18e30401895a2a4,6d4d4bf8c14384a72deec9ae950f7dbc99365946e460adffb80cf5c9ed8ff111,26648,975.2873710999993,0.1580982208251953,0.1796875,14269c18e6a56f09985dea654338c0b32f5e417a5600e334e252b0c1bbf8bd28,True,True,True,1,0.8516297188726158,0.5972544728071237,0.3811265585738713,0.026540520986378557,0.3851408611697554,-0.0056857244923040045,0.5973014835202934,0.9228924513242387,0.8431069055523875,0.31488801061419247,0.0,0.13649490475654602,6.037993443896994e-06,41.07575225830078,99.90234375,0.09765625,0.0,-0.2540154755115509,-0.21571718156337738,-0.5637507438659668,-0.06900268793106079,-0.152381032705307,-0.12940630316734314,-0.33818772435188293,-0.041393935680389404,55.224609375,44.775390625,0.0,-0.006783304736018181,CDP_NEG,195,77251,975.2866724999985,64,64,800,80,80,255,EARLY_STOPPING,False,0,2048,deterministic_evenly_spaced_full_fold,3.6649999618530273,6.109466117620462,768,752,97.91666666666667,CDP,1.4710406730757069,20,0.99,1.4710406730757069
10,COMPLETE,1,42,27493,2352,db92a7db6dfa639d2026ff19c5b1159be2b53d1e09d9e6a72b1b767a05c21400,2ea764e1783688df4d4bc4d6bc4b7c6a52ae545bfb933c403a7aa96e5d21a797,26648,768.4321689000062,0.14037704467773438,0.16796875,14269c18e6a56f09985dea654338c0b32f5e417a5600e334e252b0c1bbf8bd28,True,True,True,1,0.7181969814901884,0.9772439084965604,0.4827742202565403,0.026815653879291867,0.5307383576690698,-0.1126773325444459,0.9709326895420816,0.8496900044919096,0.7266063494924281,0.5060123818874775,0.0,0.19107334315776825,0.0,-12.312321662902832,100.0,0.0,0.0,-0.2709599733352661,-0.2122814655303955,-0.6348633170127869,-0.07747730612754822,-0.1647491157054901,-0.1290713995695114,-0.38600966334342957,-0.0471077598631382,46.728515625,53.271484375,0.0,0.0035926843993365765,CDP_NEG,130,77251,768.431728699994,64,64,800,80,80,190,EARLY_STOPPING,False,0,2048,deterministic_evenly_spaced_full_fold,3.6464000701904276,5.997169941663727,768,754,98.17708333333333,CDP,1.4510426770894138,20,0.99,1.4510426770894138
10,COMPLETE,2,42,26989,2856,424f72a3df11b24bdd551a74968aa5efe8f47b52221df203d3bd3ed6f8a96c5a,f1c78e2ff146b5069b0310a8b0222fe8d495ed8d7dbf78dc149a7df8702a8f3a,26648,697.0466710999972,0.14841985702514648,0.158203125,14269c18e6a56f09985dea654338c0b32f5e417a5600e334e252b0c1bbf8bd28,True,True,True,1,0.773195073879504,0.8147798150066925,0.457816216773784,0.042582901634306336,0.47615702518282554,-0.07029594173941876,0.8118838736140023,0.8804323171754469,0.7898344128102338,0.379258591939247,0.0,0.18705858290195465,0.0,-10.893110275268555,100.0,0.0,0.0,-0.32085108757019043,-0.27443820238113403,-0.6920788884162903,-0.09172000735998154,-0.1952599138021469,-0.167014479637146,-0.42117753624916077,-0.055817924439907074,47.8515625,52.1484375,0.0,0.0018882418517023325,CDP_NEG,115,77251,697.0461387000032,64,64,800,80,80,175,EARLY_STOPPING,False,0,2048,deterministic_evenly_spaced_full_fold,3.663600349426268,6.020027899742124,768,753,98.046875,CDP,1.4524627365104603,20,0.99,1.4524627365104603
10,COMPLETE,3,42,26466,3379,ad1e190147cfc7079fe69ab58be273b0089b28a9cb71d4377b9a01145e874910,b3de2bff6a2b887166deba8883b54b43de7150168fdd2094f9852f380bd9133e,26648,665.3083205000003,0.1527700424194336,0.162109375,14269c18e6a56f09985dea654338c0b32f5e417a5600e334e252b0c1bbf8bd28,True,True,True,1,0.7369781161302814,1.0886109767703542,0.4843132039827841,0.03331570359460072,0.5127806974864417,0.033820329855339365,1.0882465375917627,0.8604241013141782,0.6924413829230859,0.7105527775460735,0.0,0.2099631279706955,1.0148869300508068e-08,-10.178135871887207,99.951171875,0.048828125,0.0,-0.30939191579818726,-0.23845073580741882,-0.7676936388015747,-0.07121868431568146,-0.18896424770355225,-0.1456362009048462,-0.46887660026550293,-0.04349752888083458,49.462890625,50.537109375,0.0,0.0009898360585793853,CDP_NEG,110,77251,665.3079228999995,64,64,800,80,80,170,EARLY_STOPPING,False,0,2048,deterministic_evenly_spaced_full_fold,3.652750015258789,5.9806626215577126,768,752,97.91666666666667,CDP,1.4666426917497317,20,0.99,1.4666426917497317
10,COMPLETE,4,42,27061,2784,2cf8e61e68345fca034455d14ca0a91ba8af3af3a30bcfad11a389cf00a64d26,e85c7d3201b31d98e24a7a8ea73439fb69c13286f849eaf6812d38684b5bedb5,26648,567.3781176000048,0.14612102508544922,0.16015625,14269c18e6a56f09985dea654338c0b32f5e417a5600e334e252b0c1bbf8bd28,True,True,True,1,0.7484039682674497,0.8831340529055142,0.4608313829957788,0.027712768759001475,0.5015033993850044,-0.019930078285278274,0.8830677499846751,0.8652249936174246,0.7564581202875139,0.48816798260846456,0.0,0.1732569932937622,0.0,-8.515530586242676,100.0,0.0,0.0,-0.27920955419540405,-0.2365346997976303,-0.6727700233459473,-0.0731993019580841,-0.16939091682434082,-0.1435009241104126,-0.40815627574920654,-0.04440856724977493,57.6171875,42.3828125,0.0,-0.01136408094316721,CDP_NEG,85,77251,567.3775311999998,64,64,800,80,80,145,EARLY_STOPPING,False,0,2048,deterministic_evenly_spaced_full_fold,3.65000057220459,6.01635006070137,768,736,95.83333333333333,CDP,1.460840537792371,20,0.99,1.460840537792371
11,COMPLETE,0,42,25813,4032,81354305b7b8066000bae764cd84c6a44c1e035572eb00baa18e30401895a2a4,6d4d4bf8c14384a72deec9ae950f7dbc99365946e460adffb80cf5c9ed8ff111,26648,97.50458190000063,0.08461904525756836,0.109375,14269c18e6a56f09985dea654338c0b32f5e417a5600e334e252b0c1bbf8bd28,True,True,True,1,0.43078003068154536,1.1698387820528702,0.992966276175312,0.051984760532350766,0.7543731130752382,0.8148665210366801,0.8394582200560525,0.8586010878196897,0.5879123143616554,1.6568697273701916,0.0,0.11007648706436157,0.00027377743390388787,151.5047149658203,98.92578125,1.07421875,63.720703125,-0.21784847974777222,-1.617724847851644e-14,-1.3446221351623535,7.379656533219504e-37,-0.13068485260009766,-9.704549650316717e-15,-0.806623637676239,4.42697314018479e-37,23.974609375,10.498046875,65.52734375,-8.884992124779638e-22,CDP_NEG,15,29571,97.5042409000016,128,128,150,15,75,75,EARLY_STOPPING,False,0,2048,deterministic_evenly_spaced_full_fold,3.6649999618530273,6.109466117620462,384,374,97.39583333333333,CDP,1.4710406730757069,20,0.99,1.4710406730757069
11,COMPLETE,1,42,27493,2352,db92a7db6dfa639d2026ff19c5b1159be2b53d1e09d9e6a72b1b767a05c21400,2ea764e1783688df4d4bc4d6bc4b7c6a52ae545bfb933c403a7aa96e5d21a797,26648,104.81053100000281,0.07764768600463867,0.091796875,14269c18e6a56f09985dea654338c0b32f5e417a5600e334e252b0c1bbf8bd28,True,True,True,1,0.4510893536538122,1.3638951302255073,1.0057471635431483,0.037425395463498705,0.7407275247817783,0.6547982712627902,1.1966862656557988,0.7765410750197154,0.47923631825764584,1.8332862608175124,0.0,0.12441147118806839,0.0031783762387931347,4238.51953125,97.412109375,2.587890625,59.716796875,-0.276438444852829,-6.296363430635665e-11,-1.6200615167617798,0.0,-0.168080136179924,-3.82831544243345e-11,-0.9850300550460815,0.0,26.953125,10.400390625,62.646484375,-3.4456175328671866e-17,CDP_NEG,15,29571,104.81018489999406,128,128,150,15,75,75,EARLY_STOPPING,False,0,2048,deterministic_evenly_spaced_full_fold,3.6464000701904276,5.997169941663727,384,384,100.0,CDP,1.4510426770894138,20,0.99,1.4510426770894138
11,COMPLETE,2,42,26989,2856,424f72a3df11b24bdd551a74968aa5efe8f47b52221df203d3bd3ed6f8a96c5a,f1c78e2ff146b5069b0310a8b0222fe8d495ed8d7dbf78dc149a7df8702a8f3a,26648,99.78464530000201,0.08334064483642578,0.107421875,14269c18e6a56f09985dea654338c0b32f5e417a5600e334e252b0c1bbf8bd28,True,True,True,1,0.45969977315959054,1.257568338949714,1.0214875810479624,0.06572439313003087,0.7349224762440693,0.7324060698376358,1.0224605231226984,0.8164948951316033,0.5409642594993079,1.7143061088592397,0.0,0.12561817467212677,0.00039320404175668955,448.0165100097656,99.4140625,0.5859375,57.8125,-0.2949422001838684,-1.0053128272067332e-14,-1.7484804391860962,0.0,-0.17949256300926208,-6.118019028130035e-15,-1.0640703439712524,0.0,29.98046875,10.15625,59.86328125,-2.583676155350916e-33,CDP_NEG,15,29571,99.78430310000113,128,128,150,15,75,75,EARLY_STOPPING,False,0,2048,deterministic_evenly_spaced_full_fold,3.663600349426268,6.020027899742124,384,371,96.61458333333333,CDP,1.4524627365104603,20,0.99,1.4524627365104603
11,COMPLETE,3,42,26466,3379,ad1e190147cfc7079fe69ab58be273b0089b28a9cb71d4377b9a01145e874910,b3de2bff6a2b887166deba8883b54b43de7150168fdd2094f9852f380bd9133e,26648,142.98371680000128,0.0837244987487793,0.087890625,14269c18e6a56f09985dea654338c0b32f5e417a5600e334e252b0c1bbf8bd28,True,True,True,1,0.506249264757149,1.49152536967744,1.1016375598104138,0.04564644136459352,0.7025700049901873,0.7884260466591618,1.2662965087413458,0.8235280158388562,0.5263823994111385,1.8305441351136926,0.0,0.14960350096225739,0.007581582758575678,31538156666880.0,97.998046875,2.001953125,70.01953125,-0.25496405363082886,0.0,-1.6639045476913452,0.0,-0.15572185814380646,0.0,-1.0162465572357178,0.0,19.43359375,9.912109375,70.654296875,0.0,CDP_NEG,45,29571,142.98332539999683,128,128,150,15,75,105,EARLY_STOPPING,False,0,2048,deterministic_evenly_spaced_full_fold,3.652750015258789,5.9806626215577126,384,375,97.65625,CDP,1.4666426917497317,20,0.99,1.4666426917497317
11,COMPLETE,4,42,27061,2784,2cf8e61e68345fca034455d14ca0a91ba8af3af3a30bcfad11a389cf00a64d26,e85c7d3201b31d98e24a7a8ea73439fb69c13286f849eaf6812d38684b5bedb5,26648,100.11158490000525,0.0832681655883789,0.107421875,14269c18e6a56f09985dea654338c0b32f5e417a5600e334e252b0c1bbf8bd28,True,True,True,1,0.4111546748842825,1.3510622308624263,1.081030425924837,0.042396366734730524,0.7672247484161799,0.8454201506631334,1.0540555006547474,0.8131666739316211,0.5476318196083502,1.7891896392553015,0.0,0.1317020058631897,0.002710830420255661,-5.797944068908691,97.8515625,2.1484375,68.26171875,-0.18444547057151794,-1.5233351543331657e-17,-1.357982873916626,1.848244000025067e-21,-0.11189942061901093,-9.241773001060983e-18,-0.8238613605499268,1.121293100594192e-21,18.75,10.595703125,70.654296875,-1.0883643970993295e-25,CDP_NEG,5,29571,100.11119730000064,128,128,150,15,75,75,EARLY_STOPPING,False,0,2048,deterministic_evenly_spaced_full_fold,3.65000057220459,6.01635006070137,384,379,98.69791666666667,CDP,1.460840537792371,20,0.99,1.460840537792371
12,COMPLETE,0,42,25813,4032,81354305b7b8066000bae764cd84c6a44c1e035572eb00baa18e30401895a2a4,6d4d4bf8c14384a72deec9ae950f7dbc99365946e460adffb80cf5c9ed8ff111,26648,176.81192730000475,0.08499860763549805,0.1015625,14269c18e6a56f09985dea654338c0b32f5e417a5600e334e252b0c1bbf8bd28,True,True,True,1,0.7328072681310798,0.8014903010000429,0.5687829824417436,0.035616259270677804,0.5168427844424861,0.0038706421188498285,0.8015803631783492,0.8567828022540273,0.7036245520745181,0.609443402792886,0.0,0.11712951213121414,0.011994387954473495,-2.109396457672119,100.0,0.0,0.0,-1.0166524648666382,-0.78162682056427,-1.7640901803970337,-0.6457791328430176,-0.609878420829773,-0.46888911724090576,-1.058257818222046,-0.3873956501483917,100.0,0.0,0.0,-0.03400614857673645,CDP_NEG,710,53315,176.81145889999607,1024,1024,800,200,200,770,EARLY_STOPPING,False,0,2048,deterministic_evenly_spaced_full_fold,3.6649999618530273,6.109466117620462,2560,2530,98.828125,CDP,1.4710406730757069,20,0.99,1.4710406730757069
12,COMPLETE,1,42,27493,2352,db92a7db6dfa639d2026ff19c5b1159be2b53d1e09d9e6a72b1b767a05c21400,2ea764e1783688df4d4bc4d6bc4b7c6a52ae545bfb933c403a7aa96e5d21a797,26648,48.85359949999838,0.07142829895019531,0.083984375,14269c18e6a56f09985dea654338c0b32f5e417a5600e334e252b0c1bbf8bd28,True,True,True,1,0.6236966962832236,1.1292735788238304,0.628497499556021,0.030987360638918368,0.613305234622644,-0.10390380408684564,1.1247224794324686,0.7944591253929271,0.579172687081918,0.8484282254649208,0.0,0.13973595201969147,0.02453671023249626,-0.7542575597763062,100.0,0.0,0.0,-0.7851303219795227,-0.6318441033363342,-1.708439826965332,-0.3398107588291168,-0.4773750305175781,-0.3841739296913147,-1.038765788078308,-0.2066117823123932,100.0,0.0,0.0,-0.03066960535943508,CDP_NEG,140,53315,48.85319519999757,1024,1024,800,200,200,200,EARLY_STOPPING,False,0,2048,deterministic_evenly_spaced_full_fold,3.6464000701904276,5.997169941663727,2560,2527,98.7109375,CDP,1.4510426770894138,20,0.99,1.4510426770894138
12,COMPLETE,2,42,26989,2856,424f72a3df11b24bdd551a74968aa5efe8f47b52221df203d3bd3ed6f8a96c5a,f1c78e2ff146b5069b0310a8b0222fe8d495ed8d7dbf78dc149a7df8702a8f3a,26648,81.61593809999613,0.07679271697998047,0.080078125,14269c18e6a56f09985dea654338c0b32f5e417a5600e334e252b0c1bbf8bd28,True,True,True,1,0.6556497919806052,1.0039548792768125,0.6945257384345687,0.052469772915490355,0.5867108633886606,-0.0013518635606189736,1.0041297775274793,0.814046053862737,0.5944630432939823,0.8661116441392606,0.0,0.16729091107845306,0.014915134757757187,-1.4057364463806152,100.0,0.0,0.0,-0.9442485570907593,-0.7800995111465454,-1.651358723640442,-0.5291505455970764,-0.5746400356292725,-0.47474414110183716,-1.0049651861190796,-0.3220244348049164,100.0,0.0,0.0,-0.03345024585723877,CDP_NEG,295,53315,81.61551529999997,1024,1024,800,200,200,355,EARLY_STOPPING,False,0,2048,deterministic_evenly_spaced_full_fold,3.663600349426268,6.020027899742124,2560,2542,99.296875,CDP,1.4524627365104603,20,0.99,1.4524627365104603
12,COMPLETE,3,42,26466,3379,ad1e190147cfc7079fe69ab58be273b0089b28a9cb71d4377b9a01145e874910,b3de2bff6a2b887166deba8883b54b43de7150168fdd2094f9852f380bd9133e,26648,93.85258369999792,0.08035135269165039,0.08203125,14269c18e6a56f09985dea654338c0b32f5e417a5600e334e252b0c1bbf8bd28,True,True,True,1,0.6442751864499238,1.2660004128428892,0.6875007538096565,0.038744505985092,0.5963384428123826,-0.0949629691334037,1.2626206395512924,0.8232086716706293,0.5318092477889973,0.9352142268145246,0.0,0.15948748588562012,0.014375241473317146,-1.5633071660995483,100.0,0.0,0.0,-0.9622510075569153,-0.7556432485580444,-1.8090183734893799,-0.547642171382904,-0.5877045392990112,-0.46151673793792725,-1.1048762798309326,-0.334477961063385,100.0,0.0,0.0,-0.032071903347969055,CDP_NEG,360,53315,93.85213669999939,1024,1024,800,200,200,420,EARLY_STOPPING,False,0,2048,deterministic_evenly_spaced_full_fold,3.652750015258789,5.9806626215577126,2560,2541,99.2578125,CDP,1.4666426917497317,20,0.99,1.4666426917497317
12,COMPLETE,4,42,27061,2784,2cf8e61e68345fca034455d14ca0a91ba8af3af3a30bcfad11a389cf00a64d26,e85c7d3201b31d98e24a7a8ea73439fb69c13286f849eaf6812d38684b5bedb5,26648,198.21197470000334,0.0769662857055664,0.08203125,14269c18e6a56f09985dea654338c0b32f5e417a5600e334e252b0c1bbf8bd28,True,True,True,1,0.5950692869511395,1.120379352890992,0.7074832940226519,0.035157532230669926,0.6362273680049324,0.04651210140101525,1.1196145691517818,0.7718620247345653,0.5972786972799021,0.8867039946156474,0.0,0.15438540279865265,0.012079188600182533,-2.0619194507598877,100.0,0.0,0.0,-1.0306906700134277,-0.8073865175247192,-1.9749743938446045,-0.6154969334602356,-0.6252996325492859,-0.48982542753219604,-1.1981779336929321,-0.37340980768203735,100.0,0.0,0.0,-0.036706700921058655,CDP_NEG,740,53315,198.21153070000582,1024,1024,800,200,200,800,MAX_EPOCHS,False,0,2048,deterministic_evenly_spaced_full_fold,3.65000057220459,6.01635006070137,2560,2548,99.53125,CDP,1.460840537792371,20,0.99,1.460840537792371
13,COMPLETE,0,42,25813,4032,81354305b7b8066000bae764cd84c6a44c1e035572eb00baa18e30401895a2a4,6d4d4bf8c14384a72deec9ae950f7dbc99365946e460adffb80cf5c9ed8ff111,26648,171.31584529999964,0.06557512283325195,0.083984375,14269c18e6a56f09985dea654338c0b32f5e417a5600e334e252b0c1bbf8bd28,True,True,True,1,0.0064676085370591885,1.545528316392421,0.9684231159870194,0.06867948016105022,0.9966373360754166,-0.13531294384186382,1.5397844699225194,0.154264055902151,0.03900171923035992,1.8282585529273128,0.0,0.23628729581832886,0.37444794178009033,0.07755446434020996,47.55859375,52.44140625,0.0,0.09491655230522156,0.084312804043293,-2.241891622543335,2.5096426010131836,0.056939370930194855,0.05057830363512039,-1.3448854684829712,1.5055062770843506,51.7578125,48.2421875,0.0,-0.0027933388482779264,CDP_NEG,1,49763,171.31549079999968,64,64,500,0,75,75,EARLY_STOPPING,False,0,2048,deterministic_evenly_spaced_full_fold,3.6649999618530273,6.109466117620462,384,374,97.39583333333333,CDP,1.4710406730757069,20,0.99,1.4710406730757069
13,COMPLETE,1,42,27493,2352,db92a7db6dfa639d2026ff19c5b1159be2b53d1e09d9e6a72b1b767a05c21400,2ea764e1783688df4d4bc4d6bc4b7c6a52ae545bfb933c403a7aa96e5d21a797,26648,185.66320009999617,0.05858898162841797,0.064453125,14269c18e6a56f09985dea654338c0b32f5e417a5600e334e252b0c1bbf8bd28,True,True,True,1,-0.028002631535750222,1.866496865129485,1.2036468341556967,0.05121682874349864,1.0136890823062898,-0.33462927629696015,1.8366458579626668,0.19680932894376368,0.07486032656678605,1.7589614098926838,0.0,0.3119490146636963,0.9656460285186768,4.628133296966553,50.1953125,49.8046875,0.0,0.08202619850635529,-0.02864661067724228,-6.334557056427002,6.706015586853027,0.04987359046936035,-0.01741771586239338,-3.8515384197235107,4.077392101287842,49.8046875,50.1953125,0.0,0.0008807016420178115,CDP_NEG,5,49763,185.66285290000087,64,64,500,0,75,75,EARLY_STOPPING,False,0,2048,deterministic_evenly_spaced_full_fold,3.6464000701904276,5.997169941663727,384,384,100.0,CDP,1.4510426770894138,20,0.99,1.4510426770894138
13,COMPLETE,2,42,26989,2856,424f72a3df11b24bdd551a74968aa5efe8f47b52221df203d3bd3ed6f8a96c5a,f1c78e2ff146b5069b0310a8b0222fe8d495ed8d7dbf78dc149a7df8702a8f3a,26648,177.39110020000226,0.06138324737548828,0.083984375,14269c18e6a56f09985dea654338c0b32f5e417a5600e334e252b0c1bbf8bd28,True,True,True,1,0.03747659796529301,1.678493518744878,1.0696966155700867,0.08772323894885241,0.9809109970006431,-0.23766833554995076,1.6618728227523405,0.2718425769160833,0.10947102748202808,1.667216961423889,0.0,0.27327170968055725,0.9086914658546448,4.02665901184082,51.416015625,48.583984375,0.0,-0.10862164199352264,-0.11265182495117188,-6.512125492095947,6.456940650939941,-0.0661037415266037,-0.06855636835098267,-3.9630753993988037,3.9294917583465576,49.169921875,50.830078125,0.0,0.004131220281124115,CDP_NEG,5,49763,177.3907623999985,64,64,500,0,75,75,EARLY_STOPPING,False,0,2048,deterministic_evenly_spaced_full_fold,3.663600349426268,6.020027899742124,384,371,96.61458333333333,CDP,1.4524627365104603,20,0.99,1.4524627365104603
13,COMPLETE,3,42,26466,3379,ad1e190147cfc7079fe69ab58be273b0089b28a9cb71d4377b9a01145e874910,b3de2bff6a2b887166deba8883b54b43de7150168fdd2094f9852f380bd9133e,26648,179.8178415999937,0.06465768814086914,0.083984375,14269c18e6a56f09985dea654338c0b32f5e417a5600e334e252b0c1bbf8bd28,True,True,True,1,-0.00478211068323775,2.127711369241554,1.3007794701271609,0.06511619194105123,1.0022398664455834,-0.156832728617537,2.1222375156501343,0.1692349471662568,0.05694042328771985,1.918215669415443,0.0,0.34950998425483704,0.9935756921768188,4.688583850860596,49.0234375,50.9765625,0.0,0.08500166982412338,0.13331389427185059,-6.540633201599121,6.617602825164795,0.051915623247623444,0.08142280578613281,-3.994757652282715,4.041767597198486,51.5625,48.4375,0.0,-0.007986812852323055,CDP_NEG,5,49763,179.81747529999848,64,64,500,0,75,75,EARLY_STOPPING,False,0,2048,deterministic_evenly_spaced_full_fold,3.652750015258789,5.9806626215577126,384,375,97.65625,CDP,1.4666426917497317,20,0.99,1.4666426917497317
13,COMPLETE,4,42,27061,2784,2cf8e61e68345fca034455d14ca0a91ba8af3af3a30bcfad11a389cf00a64d26,e85c7d3201b31d98e24a7a8ea73439fb69c13286f849eaf6812d38684b5bedb5,26648,179.39830100000108,0.060611724853515625,0.083984375,14269c18e6a56f09985dea654338c0b32f5e417a5600e334e252b0c1bbf8bd28,True,True,True,1,0.0586327692300721,1.7082611960594993,1.099826503479604,0.05360527923322772,0.9700665420417098,-0.12158352374381033,1.704235023098176,0.2812045531939024,0.11428224005208408,1.7262772091205805,0.0,0.28060775995254517,1.0496066808700562,4.980299949645996,46.044921875,53.955078125,0.0,0.31160128116607666,0.33554375171661377,-6.452357769012451,7.105078220367432,0.1890423446893692,0.2035677433013916,-3.914517879486084,4.310510635375977,48.974609375,51.025390625,0.0,0.005181805696338415,CDP_NEG,5,49763,179.39785149999807,64,64,500,0,75,75,EARLY_STOPPING,False,0,2048,deterministic_evenly_spaced_full_fold,3.65000057220459,6.01635006070137,384,379,98.69791666666667,CDP,1.460840537792371,20,0.99,1.460840537792371
14,COMPLETE,0,42,25813,4032,81354305b7b8066000bae764cd84c6a44c1e035572eb00baa18e30401895a2a4,6d4d4bf8c14384a72deec9ae950f7dbc99365946e460adffb80cf5c9ed8ff111,26648,56.13572690000001,0.07450723648071289,0.087890625,14269c18e6a56f09985dea654338c0b32f5e417a5600e334e252b0c1bbf8bd28,True,True,True,1,0.7865494927612132,0.7163653094704602,0.49943383707281935,0.031833513846373895,0.46194974631975755,-0.01732540159130059,0.7162445956395901,0.8893952921024473,0.7323667573976216,0.5295194963424037,0.0,0.040129080414772034,1.0878977718675742e-08,-11.38298225402832,98.486328125,1.513671875,0.0,-0.14732253551483154,-0.050674669444561005,-0.6445109844207764,-0.00025523523800075054,-0.08837713301181793,-0.03039916604757309,-0.386634886264801,-0.0001531127345515415,91.259765625,8.642578125,0.09765625,-0.009652815759181976,CDP_NEG,15,41763,56.13535289999709,256,256,600,0,75,75,EARLY_STOPPING,False,0,2048,deterministic_evenly_spaced_full_fold,3.6649999618530273,6.109466117620462,1280,1274,99.53125,CDP,1.4710406730757069,20,0.99,1.4710406730757069
14,COMPLETE,1,42,27493,2352,db92a7db6dfa639d2026ff19c5b1159be2b53d1e09d9e6a72b1b767a05c21400,2ea764e1783688df4d4bc4d6bc4b7c6a52ae545bfb933c403a7aa96e5d21a797,26648,62.38647589999891,0.0644073486328125,0.0859375,14269c18e6a56f09985dea654338c0b32f5e417a5600e334e252b0c1bbf8bd28,True,True,True,1,0.6554821756231979,1.0805279360468911,0.5842937622488584,0.02964977615927604,0.5868316161472344,-0.08416905389547501,1.0774738010950224,0.8158772999473457,0.5923033634279075,0.8384482606886403,0.0,0.0636843740940094,1.2099553714506328e-07,-4.957706928253174,97.0703125,2.9296875,0.0,-0.16761183738708496,-0.06564142554998398,-0.7368684411048889,-0.0011573823867365718,-0.10191136598587036,-0.03991130739450455,-0.44803085923194885,-0.0007037118193693459,89.6484375,10.3515625,0.0,-0.012215528637170792,CDP_NEG,5,41763,62.38607369999954,256,256,600,0,75,75,EARLY_STOPPING,False,0,2048,deterministic_evenly_spaced_full_fold,3.6464000701904276,5.997169941663727,1280,1273,99.453125,CDP,1.4510426770894138,20,0.99,1.4510426770894138
14,COMPLETE,2,42,26989,2856,424f72a3df11b24bdd551a74968aa5efe8f47b52221df203d3bd3ed6f8a96c5a,f1c78e2ff146b5069b0310a8b0222fe8d495ed8d7dbf78dc149a7df8702a8f3a,26648,59.75336170000082,0.06992769241333008,0.0859375,14269c18e6a56f09985dea654338c0b32f5e417a5600e334e252b0c1bbf8bd28,True,True,True,1,0.6962713551889406,0.9428810255412977,0.6199685154868817,0.049277865288242524,0.5510193256559607,-0.07004822147566647,0.940440082357875,0.8370850602720984,0.6567051812721593,0.6642762900255754,0.0,0.06616438925266266,1.6792365897799755e-07,-11.558686256408691,96.38671875,3.61328125,0.09765625,-0.16656741499900818,-0.018740709871053696,-0.8972011208534241,-0.00013867033703718334,-0.10136771202087402,-0.011405007913708687,-0.5460084676742554,-8.439042721875012e-05,92.48046875,7.470703125,0.048828125,-0.0016975931357592344,CDP_NEG,15,41763,59.752909000002546,256,256,600,0,75,75,EARLY_STOPPING,False,0,2048,deterministic_evenly_spaced_full_fold,3.663600349426268,6.020027899742124,1280,1272,99.375,CDP,1.4524627365104603,20,0.99,1.4524627365104603
14,COMPLETE,3,42,26466,3379,ad1e190147cfc7079fe69ab58be273b0089b28a9cb71d4377b9a01145e874910,b3de2bff6a2b887166deba8883b54b43de7150168fdd2094f9852f380bd9133e,26648,104.50483030000032,0.07098388671875,0.0859375,14269c18e6a56f09985dea654338c0b32f5e417a5600e334e252b0c1bbf8bd28,True,True,True,1,0.681376263450916,1.1981627960984107,0.6681624724447583,0.03666841270636334,0.5643841256390865,0.17547092487540888,1.1854197185178723,0.8296189156913532,0.6819729368822901,0.8752374763738555,0.0,0.07753735780715942,2.1218509457698606e-27,-47.74848937988281,100.0,0.0,49.8046875,-0.3059121370315552,-1.929246081999736e-06,-1.7340736389160156,-5.631141525432948e-15,-0.18683892488479614,-1.178306547444663e-06,-1.0591028928756714,-3.4392764854053633e-15,46.728515625,0.09765625,53.173828125,-1.3630972262035357e-07,CDP_NEG,75,41763,104.50435740000103,256,256,600,0,75,135,EARLY_STOPPING,False,0,2048,deterministic_evenly_spaced_full_fold,3.652750015258789,5.9806626215577126,1280,1272,99.375,CDP,1.4666426917497317,20,0.99,1.4666426917497317
14,COMPLETE,4,42,27061,2784,2cf8e61e68345fca034455d14ca0a91ba8af3af3a30bcfad11a389cf00a64d26,e85c7d3201b31d98e24a7a8ea73439fb69c13286f849eaf6812d38684b5bedb5,26648,123.22294750000583,0.06861448287963867,0.0859375,14269c18e6a56f09985dea654338c0b32f5e417a5600e334e252b0c1bbf8bd28,True,True,True,1,0.6322067787609955,1.0677672540040888,0.6624106891954973,0.0335065632463107,0.6063506507005155,-0.13433454592630098,1.0594736097254094,0.8073849465973152,0.7468619355964987,0.3937839025871775,0.0,0.0710199847817421,0.0,-61.87603759765625,100.0,0.0,68.45703125,-0.18978406488895416,-1.0330842847849908e-09,-1.1638513803482056,-2.2084769654858415e-14,-0.1151382327079773,-6.267517616009854e-10,-0.7060855627059937,-1.3398393417689888e-14,31.103515625,0.09765625,68.798828125,-1.3041537294533612e-10,CDP_NEG,100,41763,123.22255790000054,256,256,600,0,75,160,EARLY_STOPPING,False,0,2048,deterministic_evenly_spaced_full_fold,3.65000057220459,6.01635006070137,1280,1253,97.890625,CDP,1.460840537792371,20,0.99,1.460840537792371
15,COMPLETE,0,42,25813,4032,81354305b7b8066000bae764cd84c6a44c1e035572eb00baa18e30401895a2a4,6d4d4bf8c14384a72deec9ae950f7dbc99365946e460adffb80cf5c9ed8ff111,26648,2.550862500000221,0.26624059677124023,0.37109375,14269c18e6a56f09985dea654338c0b32f5e417a5600e334e252b0c1bbf8bd28,True,True,True,1,0.7922117661804967,0.7067998145283996,0.49057535439420635,0.031408446758869904,0.4557814158555504,0.012083879342493933,0.7067841625857919,0.8901039955744566,0.7954473734750233,0.4300385365683529,0.0,0.19348664581775665,0.0007854800205677748,0.19378173351287842,86.865234375,13.134765625,0.0,-0.3935680389404297,-0.3301289677619934,-1.2965863943099976,0.13153401017189026,-0.2360970377922058,-0.1980406492948532,-0.7778075933456421,0.07890576869249344,99.4140625,0.5859375,0.0,-0.03176848590373993,CDP_NEG,200,56993,2.550527900006273,FULL_BATCH,25813,200,50,75,200,MAX_EPOCHS,False,0,2048,deterministic_evenly_spaced_full_fold,3.6649999618530273,6.109466117620462,320,320,100.0,CDP,1.4710406730757069,20,0.99,1.4710406730757069
15,COMPLETE,1,42,27493,2352,db92a7db6dfa639d2026ff19c5b1159be2b53d1e09d9e6a72b1b767a05c21400,2ea764e1783688df4d4bc4d6bc4b7c6a52ae545bfb933c403a7aa96e5d21a797,26648,2.7259687000041595,0.27950048446655273,0.392578125,14269c18e6a56f09985dea654338c0b32f5e417a5600e334e252b0c1bbf8bd28,True,True,True,1,0.6553433515364121,1.0807456144736272,0.5898558857682838,0.02965574927335492,0.5869498366750898,-0.15567775558344513,1.0697018395720077,0.8139961483924059,0.6546579962140754,0.6258310516144915,0.0,0.2658146619796753,0.00046460775774903595,0.2659892141819,92.08984375,7.91015625,0.0,-0.4024052023887634,-0.32736721634864807,-1.30829918384552,0.07553927600383759,-0.24467048048973083,-0.19904585182666779,-0.795472264289856,0.04592939838767052,99.658203125,0.341796875,0.0,-0.03631936013698578,CDP_NEG,150,56993,2.725508399998944,FULL_BATCH,27493,200,50,75,200,MAX_EPOCHS,False,0,2048,deterministic_evenly_spaced_full_fold,3.6464000701904276,5.997169941663727,320,302,94.375,CDP,1.4510426770894138,20,0.99,1.4510426770894138
15,COMPLETE,2,42,26989,2856,424f72a3df11b24bdd551a74968aa5efe8f47b52221df203d3bd3ed6f8a96c5a,f1c78e2ff146b5069b0310a8b0222fe8d495ed8d7dbf78dc149a7df8702a8f3a,26648,2.6607230000008713,0.2750391960144043,0.384765625,14269c18e6a56f09985dea654338c0b32f5e417a5600e334e252b0c1bbf8bd28,True,True,True,1,0.7096528935822981,0.9218765567491503,0.6059618970034879,0.04818010708169009,0.5387443217942949,-0.06800495217233396,0.9195258373220893,0.8444129000851274,0.6772050838707088,0.6224692588283415,0.0,0.27389878034591675,0.001284402096644044,0.2743813097476959,86.03515625,13.96484375,0.0,-0.4067367613315582,-0.27319902181625366,-1.5096523761749268,0.15162122249603271,-0.24752725660800934,-0.16626036167144775,-0.9187272191047668,0.09227192401885986,98.876953125,1.123046875,0.0,-0.030088555067777634,CDP_NEG,200,56993,2.6603971000004094,FULL_BATCH,26989,200,50,75,200,MAX_EPOCHS,False,0,2048,deterministic_evenly_spaced_full_fold,3.663600349426268,6.020027899742124,320,312,97.5,CDP,1.4524627365104603,20,0.99,1.4524627365104603
15,COMPLETE,3,42,26466,3379,ad1e190147cfc7079fe69ab58be273b0089b28a9cb71d4377b9a01145e874910,b3de2bff6a2b887166deba8883b54b43de7150168fdd2094f9852f380bd9133e,26648,1.506390399998054,0.2730550765991211,0.37890625,14269c18e6a56f09985dea654338c0b32f5e417a5600e334e252b0c1bbf8bd28,True,True,True,1,0.684406351086635,1.1924519674926102,0.6418193354101053,0.03649363927749817,0.5616940896774836,-0.07164060260477835,1.1904741666114056,0.8293408561736949,0.6483728939220578,0.7020573494543152,0.0,0.3184840977191925,0.0005280672921799123,0.3186824917793274,89.55078125,10.44921875,0.0,-0.31751173734664917,-0.24193310737609863,-1.0564614534378052,0.06860717386007309,-0.19392351806163788,-0.14776308834552765,-0.6452445387840271,0.04190252348780632,94.091796875,5.859375,0.048828125,-0.01380955707281828,CDP_NEG,50,56993,1.5060421999951359,FULL_BATCH,26466,200,50,75,110,EARLY_STOPPING,False,0,2048,deterministic_evenly_spaced_full_fold,3.652750015258789,5.9806626215577126,320,318,99.375,CDP,1.4666426917497317,20,0.99,1.4666426917497317
15,COMPLETE,4,42,27061,2784,2cf8e61e68345fca034455d14ca0a91ba8af3af3a30bcfad11a389cf00a64d26,e85c7d3201b31d98e24a7a8ea73439fb69c13286f849eaf6812d38684b5bedb5,26648,2.7249301000047126,0.27636289596557617,0.384765625,14269c18e6a56f09985dea654338c0b32f5e417a5600e334e252b0c1bbf8bd28,True,True,True,1,0.6634028540253885,1.0214801986197317,0.6249729846003275,0.03205407428590706,0.5800657219896298,-0.009764357738810037,1.0216170252179084,0.81544329494347,0.69667843223862,0.6230512409120276,0.0,0.26314881443977356,0.0010789018124341965,0.2635541260242462,84.619140625,15.380859375,0.0,-0.3935503363609314,-0.2947615385055542,-1.5152075290679932,0.1344488263130188,-0.23875920474529266,-0.1788259893655777,-0.9192463755607605,0.0815674364566803,99.609375,0.390625,0.0,-0.03443298488855362,CDP_NEG,200,56993,2.724582899994857,FULL_BATCH,27061,200,50,75,200,MAX_EPOCHS,False,0,2048,deterministic_evenly_spaced_full_fold,3.65000057220459,6.01635006070137,320,320,100.0,CDP,1.460840537792371,20,0.99,1.460840537792371
16,COMPLETE,0,42,25813,4032,81354305b7b8066000bae764cd84c6a44c1e035572eb00baa18e30401895a2a4,6d4d4bf8c14384a72deec9ae950f7dbc99365946e460adffb80cf5c9ed8ff111,26648,6.46728609999991,0.3844766616821289,0.48828125,14269c18e6a56f09985dea654338c0b32f5e417a5600e334e252b0c1bbf8bd28,True,True,True,1,0.7878326109103843,0.7142089152750131,0.4999957095330631,0.0317376889877836,0.46055919077723895,-0.016444330189274513,0.7141081391954133,0.8878879493150336,0.7705889503848667,0.452302604204207,0.0,0.19738437235355377,0.06851408630609512,0.19982445240020752,100.0,0.0,0.0,-0.31305253505706787,-0.2777637243270874,-0.6271939873695374,-0.09368526190519333,-0.1877966970205307,-0.16662731766700745,-0.3762466311454773,-0.05620073527097702,100.0,0.0,0.0,-0.03633900359272957,CDP_NEG,390,93025,6.466829700002563,FULL_BATCH,25813,400,0,75,400,MAX_EPOCHS,False,0,2048,deterministic_evenly_spaced_full_fold,3.6649999618530273,6.109466117620462,320,316,98.75,CDP,1.4710406730757069,20,0.99,1.4710406730757069
16,COMPLETE,1,42,27493,2352,db92a7db6dfa639d2026ff19c5b1159be2b53d1e09d9e6a72b1b767a05c21400,2ea764e1783688df4d4bc4d6bc4b7c6a52ae545bfb933c403a7aa96e5d21a797,26648,3.1723979999951553,0.40055418014526367,0.521484375,14269c18e6a56f09985dea654338c0b32f5e417a5600e334e252b0c1bbf8bd28,True,True,True,1,0.654533467903563,1.0820146522296274,0.5868501487476308,0.02969057177460439,0.5876390474325923,-0.042085118932320045,1.0814258083898358,0.8094756328736655,0.6439558061260602,0.7636427398677935,0.0,0.27952757477760315,0.06537976115942001,0.2818560302257538,100.0,0.0,0.0,-0.33013612031936646,-0.2676157057285309,-0.6994948387145996,-0.12619440257549286,-0.2007293999195099,-0.16271573305130005,-0.42530691623687744,-0.07672873139381409,100.0,0.0,0.0,-0.02787594124674797,CDP_NEG,130,93025,3.171970199997304,FULL_BATCH,27493,400,0,75,190,EARLY_STOPPING,False,0,2048,deterministic_evenly_spaced_full_fold,3.6464000701904276,5.997169941663727,320,301,94.0625,CDP,1.4510426770894138,20,0.99,1.4510426770894138
16,COMPLETE,2,42,26989,2856,424f72a3df11b24bdd551a74968aa5efe8f47b52221df203d3bd3ed6f8a96c5a,f1c78e2ff146b5069b0310a8b0222fe8d495ed8d7dbf78dc149a7df8702a8f3a,26648,6.597328500000003,0.39539432525634766,0.49609375,14269c18e6a56f09985dea654338c0b32f5e417a5600e334e252b0c1bbf8bd28,True,True,True,1,0.708604592531493,0.9235392794181363,0.604424453585693,0.04826700608747606,0.5397160163124782,-0.0750755753227267,0.9206439225665934,0.845832685835894,0.6562081794588069,0.6603120475157543,0.0,0.28409576416015625,0.06690346449613571,0.2864784896373749,100.0,0.0,0.0,-0.31986063718795776,-0.27490246295928955,-0.6259483695030212,-0.09679961204528809,-0.19465716183185577,-0.16729703545570374,-0.3809325695037842,-0.05890921130776405,100.0,0.0,0.0,-0.034453973174095154,CDP_NEG,395,93025,6.596889300002658,FULL_BATCH,26989,400,0,75,400,MAX_EPOCHS,False,0,2048,deterministic_evenly_spaced_full_fold,3.663600349426268,6.020027899742124,320,308,96.25,CDP,1.4524627365104603,20,0.99,1.4524627365104603
16,COMPLETE,3,42,26466,3379,ad1e190147cfc7079fe69ab58be273b0089b28a9cb71d4377b9a01145e874910,b3de2bff6a2b887166deba8883b54b43de7150168fdd2094f9852f380bd9133e,26648,3.5266759999940405,0.39057493209838867,0.48828125,14269c18e6a56f09985dea654338c0b32f5e417a5600e334e252b0c1bbf8bd28,True,True,True,1,0.6773307578879475,1.2057452274991896,0.643121700849747,0.036900464414884766,0.5679557637589496,-0.02080746121380655,1.205744108179505,0.8332670693754827,0.585986346742608,0.8901618870330403,0.0,0.31399282813072205,0.06728945672512054,0.3163892924785614,100.0,0.0,0.0,-0.3185617923736572,-0.24801743030548096,-0.6785694360733032,-0.12870800495147705,-0.1945648342370987,-0.15147915482521057,-0.41444313526153564,-0.07860971242189407,100.0,0.0,0.0,-0.02739069238305092,CDP_NEG,160,93025,3.5262576999957673,FULL_BATCH,26466,400,0,75,220,EARLY_STOPPING,False,0,2048,deterministic_evenly_spaced_full_fold,3.652750015258789,5.9806626215577126,320,316,98.75,CDP,1.4666426917497317,20,0.99,1.4666426917497317
16,COMPLETE,4,42,27061,2784,2cf8e61e68345fca034455d14ca0a91ba8af3af3a30bcfad11a389cf00a64d26,e85c7d3201b31d98e24a7a8ea73439fb69c13286f849eaf6812d38684b5bedb5,26648,6.727172099999734,0.39581298828125,0.515625,14269c18e6a56f09985dea654338c0b32f5e417a5600e334e252b0c1bbf8bd28,True,True,True,1,0.6443596330029646,1.0499781523848761,0.65067519594248,0.032948340790748376,0.5962487925458115,-0.01243684222593391,1.0500931047316784,0.8028238226278087,0.6531936357028113,0.7111004870130359,0.0,0.2799261212348938,0.070468470454216,0.282435804605484,100.0,0.0,0.0,-0.2921137511730194,-0.26020801067352295,-0.5708172917366028,-0.09749872982501984,-0.17721962928771973,-0.157863050699234,-0.3463035523891449,-0.05915055051445961,100.0,0.0,0.0,-0.043000444769859314,CDP_NEG,390,93025,6.726303700001154,FULL_BATCH,27061,400,0,75,400,MAX_EPOCHS,False,0,2048,deterministic_evenly_spaced_full_fold,3.65000057220459,6.01635006070137,320,318,99.375,CDP,1.460840537792371,20,0.99,1.460840537792371
17,COMPLETE,0,42,25813,4032,81354305b7b8066000bae764cd84c6a44c1e035572eb00baa18e30401895a2a4,6d4d4bf8c14384a72deec9ae950f7dbc99365946e460adffb80cf5c9ed8ff111,26648,60.49822200000199,0.14669513702392578,0.166015625,14269c18e6a56f09985dea654338c0b32f5e417a5600e334e252b0c1bbf8bd28,True,True,True,1,0.014236712768646465,1.539473689306191,0.9850559327265179,0.0684104274129117,0.9927329964744215,-0.07993096280679021,1.5375879274313988,0.1312526978962267,0.01962294797502121,1.9232364454648687,0.0,0.3099597990512848,0.1759834587574005,0.3129206895828247,51.416015625,48.583984375,0.0,-0.0532291978597641,-0.032883211970329285,-1.4187737703323364,1.2060414552688599,-0.03193160146474838,-0.01972626894712448,-0.8511064052581787,0.7234907150268555,49.90234375,50.09765625,0.0,0.0002673517446964979,CDP_NEG,5,59665,60.497817499999655,256,256,200,0,75,75,EARLY_STOPPING,False,0,2048,deterministic_evenly_spaced_full_fold,3.6649999618530273,6.109466117620462,896,868,96.875,CDP,1.4710406730757069,20,0.99,1.4710406730757069
17,COMPLETE,1,42,27493,2352,db92a7db6dfa639d2026ff19c5b1159be2b53d1e09d9e6a72b1b767a05c21400,2ea764e1783688df4d4bc4d6bc4b7c6a52ae545bfb933c403a7aa96e5d21a797,26648,63.19401430000289,0.13026905059814453,0.1484375,14269c18e6a56f09985dea654338c0b32f5e417a5600e334e252b0c1bbf8bd28,True,True,True,1,-0.036132592028249144,1.8738629269373352,1.212736244017233,0.05141895409027789,1.0176895693007821,-0.2736963930644323,1.8541613337597957,0.10139582940412083,0.026090200780655423,1.9302610669672922,0.0,0.4177773892879486,0.48250603675842285,0.42589545249938965,48.486328125,51.513671875,0.0,0.0566490963101387,0.07534490525722504,-3.156334161758423,3.2610998153686523,0.034443795680999756,0.04581122100353241,-1.9191147089004517,1.9828144311904907,55.17578125,44.82421875,0.0,-0.01557122077792883,CDP_NEG,10,59665,63.193593600000895,256,256,200,0,75,75,EARLY_STOPPING,False,0,2048,deterministic_evenly_spaced_full_fold,3.6464000701904276,5.997169941663727,896,889,99.21875,CDP,1.4510426770894138,20,0.99,1.4510426770894138
17,COMPLETE,2,42,26989,2856,424f72a3df11b24bdd551a74968aa5efe8f47b52221df203d3bd3ed6f8a96c5a,f1c78e2ff146b5069b0310a8b0222fe8d495ed8d7dbf78dc149a7df8702a8f3a,26648,62.40331570000126,0.13554906845092773,0.146484375,14269c18e6a56f09985dea654338c0b32f5e417a5600e334e252b0c1bbf8bd28,True,True,True,1,0.02705842874963571,1.687552916837563,1.1053924288845904,0.08819671098478357,0.986205305924735,-0.110667307709842,1.6842151865749182,0.21305137739612454,0.07073261223868857,1.8770813658663967,0.0,0.3837145268917084,0.5457484126091003,0.3928966224193573,52.63671875,47.36328125,0.0,-0.07797814160585403,-0.11849581450223923,-3.9490303993225098,3.751131296157837,-0.04745505005121231,-0.07211284339427948,-2.4032561779022217,2.2828209400177,52.197265625,47.802734375,0.0,-0.006165924482047558,CDP_NEG,15,59665,62.40293509999901,256,256,200,0,75,75,EARLY_STOPPING,False,0,2048,deterministic_evenly_spaced_full_fold,3.663600349426268,6.020027899742124,896,858,95.75892857142857,CDP,1.4524627365104603,20,0.99,1.4524627365104603
17,COMPLETE,3,42,26466,3379,ad1e190147cfc7079fe69ab58be273b0089b28a9cb71d4377b9a01145e874910,b3de2bff6a2b887166deba8883b54b43de7150168fdd2094f9852f380bd9133e,26648,57.87046790000022,0.14156055450439453,0.166015625,14269c18e6a56f09985dea654338c0b32f5e417a5600e334e252b0c1bbf8bd28,True,True,True,1,0.010852196328243746,2.111092984919468,1.291819301901676,0.06460760514732045,0.9944119215822508,-0.18351380546635085,2.103412855234447,0.1579687854821431,0.03781420307009341,1.933618712809989,0.0,0.47520068287849426,0.4716256856918335,0.4831356704235077,51.85546875,48.14453125,0.0,-0.06057059019804001,-0.08606572449207306,-3.3374860286712646,3.3407816886901855,-0.03699410706758499,-0.05256550759077072,-2.038403272628784,2.0404162406921387,49.51171875,50.48828125,0.0,0.0014756843447685242,CDP_NEG,10,59665,57.87004789999628,256,256,200,0,75,75,EARLY_STOPPING,False,0,2048,deterministic_evenly_spaced_full_fold,3.652750015258789,5.9806626215577126,896,867,96.76339285714286,CDP,1.4666426917497317,20,0.99,1.4666426917497317
17,COMPLETE,4,42,27061,2784,2cf8e61e68345fca034455d14ca0a91ba8af3af3a30bcfad11a389cf00a64d26,e85c7d3201b31d98e24a7a8ea73439fb69c13286f849eaf6812d38684b5bedb5,26648,88.19475560000137,0.13684606552124023,0.14453125,14269c18e6a56f09985dea654338c0b32f5e417a5600e334e252b0c1bbf8bd28,True,True,True,1,-0.005108367832540317,1.765148231641742,1.18165849440278,0.05539039583844648,1.0023708582795106,0.048004700961626796,1.764812331356238,0.23123384407892578,0.10907785728336927,1.9067232657358906,0.0,0.4143674075603485,0.8557379245758057,0.4287649989128113,51.26953125,48.73046875,0.0,-0.15908145904541016,-0.08123427629470825,-6.639105796813965,6.145172119140625,-0.09651157259941101,-0.0492832288146019,-4.027813911437988,3.728154182434082,51.025390625,48.974609375,0.0,-0.004610360134392977,CDP_NEG,50,59665,88.19438160000573,256,256,200,0,75,110,EARLY_STOPPING,False,0,2048,deterministic_evenly_spaced_full_fold,3.65000057220459,6.01635006070137,896,874,97.54464285714286,CDP,1.460840537792371,20,0.99,1.460840537792371
18,COMPLETE,0,42,25813,4032,81354305b7b8066000bae764cd84c6a44c1e035572eb00baa18e30401895a2a4,6d4d4bf8c14384a72deec9ae950f7dbc99365946e460adffb80cf5c9ed8ff111,26648,17.357439799998247,0.04226875305175781,0.048828125,14269c18e6a56f09985dea654338c0b32f5e417a5600e334e252b0c1bbf8bd28,True,True,True,1,-0.0020552238949467228,1.5521431738979832,0.9978258658069074,0.06897342817222732,1.0009029414952193,-0.06587678822746504,1.5509368974063353,0.033750042064478784,0.0023970068170366607,1.972487735106411,0.0,0.32450178265571594,0.17419278621673584,0.32451966404914856,52.05078125,47.94921875,0.0,-0.02952619269490242,-0.03833920508623123,-1.2574397325515747,1.201189398765564,-0.017712432891130447,-0.02299925871193409,-0.7543238997459412,0.7205800414085388,50.537109375,49.462890625,0.0,-0.0005385467666201293,CDP_NEG,70,20449,17.35713570000371,1024,1024,600,60,75,130,EARLY_STOPPING,False,0,2048,deterministic_evenly_spaced_full_fold,3.6649999618530273,6.109466117620462,896,868,96.875,CDP,1.4710406730757069,20,0.99,1.4710406730757069
18,COMPLETE,1,42,27493,2352,db92a7db6dfa639d2026ff19c5b1159be2b53d1e09d9e6a72b1b767a05c21400,2ea764e1783688df4d4bc4d6bc4b7c6a52ae545bfb933c403a7aa96e5d21a797,26648,12.831802000000607,0.03937816619873047,0.052734375,14269c18e6a56f09985dea654338c0b32f5e417a5600e334e252b0c1bbf8bd28,True,True,True,1,-0.027052021582963715,1.8656336762546448,1.1887751611561015,0.05119314276919998,1.0132202869095543,-0.31252658451894666,1.8396616739013625,0.04236366184144464,0.0015811850568166828,1.9468947676369643,0.0,0.4038030207157135,0.11915473639965057,0.40381526947021484,49.51171875,50.48828125,0.0,0.010512273758649826,0.00385168194770813,-0.7290089130401611,0.7167134881019592,0.006391673814505339,0.002341900020837784,-0.4432520866394043,0.4357762038707733,49.8046875,50.1953125,0.0,0.00019766905461438,CDP_NEG,25,20449,12.831491400000232,1024,1024,600,60,75,85,EARLY_STOPPING,False,0,2048,deterministic_evenly_spaced_full_fold,3.6464000701904276,5.997169941663727,896,889,99.21875,CDP,1.4510426770894138,20,0.99,1.4510426770894138
18,COMPLETE,2,42,26989,2856,424f72a3df11b24bdd551a74968aa5efe8f47b52221df203d3bd3ed6f8a96c5a,f1c78e2ff146b5069b0310a8b0222fe8d495ed8d7dbf78dc149a7df8702a8f3a,26648,27.600143200004823,0.0421299934387207,0.048828125,14269c18e6a56f09985dea654338c0b32f5e417a5600e334e252b0c1bbf8bd28,True,True,True,1,-0.004781996490337503,1.7149439970141558,1.1097918904989081,0.08962825316505674,1.0022126431380698,-0.1499995014053725,1.7086706282179842,0.06158826714533556,0.005628615271791103,1.97700982558433,0.0,0.40120619535446167,0.2929806709289551,0.40123629570007324,50.830078125,49.169921875,0.0,-0.025436947122216225,-0.02671971172094345,-2.0273821353912354,1.9765901565551758,-0.015480130910873413,-0.0162607803940773,-1.233801245689392,1.2028908729553223,49.755859375,50.244140625,0.0,0.00020982028217986226,CDP_NEG,130,20449,27.599830599996494,1024,1024,600,60,75,190,EARLY_STOPPING,False,0,2048,deterministic_evenly_spaced_full_fold,3.663600349426268,6.020027899742124,896,858,95.75892857142857,CDP,1.4524627365104603,20,0.99,1.4524627365104603
18,COMPLETE,3,42,26466,3379,ad1e190147cfc7079fe69ab58be273b0089b28a9cb71d4377b9a01145e874910,b3de2bff6a2b887166deba8883b54b43de7150168fdd2094f9852f380bd9133e,26648,17.48157789999823,0.04291105270385742,0.048828125,14269c18e6a56f09985dea654338c0b32f5e417a5600e334e252b0c1bbf8bd28,True,True,True,1,-0.009696754221582893,2.1329086090756944,1.3038305876527725,0.06527524756837731,1.0046879808997122,-0.22807626632816655,2.1209930918090167,0.042997954238036894,0.0018277510215439626,1.9682385555037583,0.0,0.4930243492126465,0.17348656058311462,0.4930421710014343,51.513671875,48.486328125,0.0,-0.01179113145917654,-0.017826303839683533,-1.146929383277893,1.1414172649383545,-0.007201552856713533,-0.010887594893574715,-0.7004987001419067,0.6971321105957031,50.390625,49.609375,0.0,-0.0006197863258421421,CDP_NEG,70,20449,17.481255799997598,1024,1024,600,60,75,130,EARLY_STOPPING,False,0,2048,deterministic_evenly_spaced_full_fold,3.652750015258789,5.9806626215577126,896,867,96.76339285714286,CDP,1.4666426917497317,20,0.99,1.4666426917497317
18,COMPLETE,4,42,27061,2784,2cf8e61e68345fca034455d14ca0a91ba8af3af3a30bcfad11a389cf00a64d26,e85c7d3201b31d98e24a7a8ea73439fb69c13286f849eaf6812d38684b5bedb5,26648,10.856733399996301,0.041712284088134766,0.048828125,14269c18e6a56f09985dea654338c0b32f5e417a5600e334e252b0c1bbf8bd28,True,True,True,1,-0.00492377256923926,1.7649861332178298,1.1198202028173345,0.05538530918583322,1.0022788078027347,-0.12552885206045092,1.7608328298513107,0.023099603900809968,0.0009804117864817957,1.9587119206781136,0.0,0.3905332684516907,0.1250234842300415,0.39054611325263977,50.390625,49.609375,0.0,0.0019940119236707687,-0.0054189059883356094,-0.8028431534767151,0.8177660703659058,0.0012097284197807312,-0.0032875430770218372,-0.4870690703392029,0.49612247943878174,50.29296875,49.70703125,0.0,-0.0003035308909602463,CDP_NEG,20,20449,10.856419600000663,1024,1024,600,60,75,80,EARLY_STOPPING,False,0,2048,deterministic_evenly_spaced_full_fold,3.65000057220459,6.01635006070137,896,874,97.54464285714286,CDP,1.460840537792371,20,0.99,1.460840537792371
19,COMPLETE,0,42,25813,4032,81354305b7b8066000bae764cd84c6a44c1e035572eb00baa18e30401895a2a4,6d4d4bf8c14384a72deec9ae950f7dbc99365946e460adffb80cf5c9ed8ff111,26648,67.04177540000092,0.11751556396484375,0.134765625,14269c18e6a56f09985dea654338c0b32f5e417a5600e334e252b0c1bbf8bd28,True,True,True,1,0.7760786566728588,0.733725641251502,0.494567614946203,0.03260496432676909,0.4731445944737074,0.06934491146874655,0.7305319707175872,0.8832562239789798,0.7400260196786169,0.600539928021605,0.0,0.2151443511247635,0.00010272282816004008,-8.55882453918457,100.0,0.0,0.0,-2.7485148906707764,-2.710994005203247,-3.905520439147949,-1.8539916276931763,-1.6488031148910522,-1.6262948513031006,-2.3428778648376465,-1.112188696861267,62.109375,37.890625,0.0,-0.015634382143616676,CDP_NEG,50,76195,67.04129830000602,512,512,600,150,150,150,EARLY_STOPPING,False,0,2048,deterministic_evenly_spaced_full_fold,3.6649999618530273,6.109466117620462,3584,3544,98.88392857142857,CDP,1.4710406730757069,20,0.99,1.4710406730757069
19,COMPLETE,1,42,27493,2352,db92a7db6dfa639d2026ff19c5b1159be2b53d1e09d9e6a72b1b767a05c21400,2ea764e1783688df4d4bc4d6bc4b7c6a52ae545bfb933c403a7aa96e5d21a797,26648,70.76124740000523,0.09707784652709961,0.103515625,14269c18e6a56f09985dea654338c0b32f5e417a5600e334e252b0c1bbf8bd28,True,True,True,1,0.6486201935857177,1.0912356640398269,0.5766775332229707,0.02994359710325502,0.5926469524414057,-0.16145872781971837,1.079454385837107,0.8131345380724999,0.7179627826500775,0.47679137468793037,0.0,0.25751376152038574,0.005405394826084375,-4.488931655883789,100.0,0.0,0.0,-1.3751258850097656,-1.1515467166900635,-2.954751968383789,-0.5938287973403931,-0.8361042737960815,-0.7001635432243347,-1.7965487241744995,-0.36105987429618835,90.4296875,9.5703125,0.0,-0.038151443004608154,CDP_NEG,20,76195,70.76081949999934,512,512,600,150,150,150,EARLY_STOPPING,False,0,2048,deterministic_evenly_spaced_full_fold,3.6464000701904276,5.997169941663727,3584,3540,98.77232142857143,CDP,1.4510426770894138,20,0.99,1.4510426770894138
19,COMPLETE,2,42,26989,2856,424f72a3df11b24bdd551a74968aa5efe8f47b52221df203d3bd3ed6f8a96c5a,f1c78e2ff146b5069b0310a8b0222fe8d495ed8d7dbf78dc149a7df8702a8f3a,26648,66.58944509999856,0.10442447662353516,0.115234375,14269c18e6a56f09985dea654338c0b32f5e417a5600e334e252b0c1bbf8bd28,True,True,True,1,0.7337586607525232,0.8827785347860263,0.5750407377696213,0.04613672408092444,0.5158954520928026,0.04336915597455258,0.8818669729524918,0.8617897096713891,0.8211008302351744,0.4260432840967175,0.0,0.2507722079753876,0.0002235237043350935,-7.340495586395264,100.0,0.0,0.0,-2.3235795497894287,-2.129075527191162,-3.759183168411255,-1.527801275253296,-1.414057731628418,-1.2956887483596802,-2.2877211570739746,-0.9297720193862915,86.23046875,13.76953125,0.0,-0.04833308979868889,CDP_NEG,35,76195,66.58904830000392,512,512,600,150,150,150,EARLY_STOPPING,False,0,2048,deterministic_evenly_spaced_full_fold,3.663600349426268,6.020027899742124,3584,3559,99.30245535714286,CDP,1.4524627365104603,20,0.99,1.4524627365104603
19,COMPLETE,3,42,26466,3379,ad1e190147cfc7079fe69ab58be273b0089b28a9cb71d4377b9a01145e874910,b3de2bff6a2b887166deba8883b54b43de7150168fdd2094f9852f380bd9133e,26648,68.80815740000253,0.10952472686767578,0.115234375,14269c18e6a56f09985dea654338c0b32f5e417a5600e334e252b0c1bbf8bd28,True,True,True,1,0.6919565234244517,1.1781016796996768,0.5768591011482479,0.036054465004219244,0.5549345118846686,0.022914024097002248,1.17805315294836,0.8319142373397029,0.6896929955703656,0.7056938487661011,0.0,0.26122865080833435,0.0023583415895700455,-5.258540153503418,99.951171875,0.048828125,0.0,-1.7787063121795654,-1.5645177364349365,-3.433797836303711,-0.9047026634216309,-1.0863628387451172,-0.9555449485778809,-2.097226858139038,-0.5525563359260559,88.4765625,11.5234375,0.0,-0.038695529103279114,CDP_NEG,25,76195,68.80771709999681,512,512,600,150,150,150,EARLY_STOPPING,False,0,2048,deterministic_evenly_spaced_full_fold,3.652750015258789,5.9806626215577126,3584,3558,99.27455357142857,CDP,1.4666426917497317,20,0.99,1.4666426917497317
19,COMPLETE,4,42,27061,2784,2cf8e61e68345fca034455d14ca0a91ba8af3af3a30bcfad11a389cf00a64d26,e85c7d3201b31d98e24a7a8ea73439fb69c13286f849eaf6812d38684b5bedb5,26648,70.46773860000394,0.10454940795898438,0.115234375,14269c18e6a56f09985dea654338c0b32f5e417a5600e334e252b0c1bbf8bd28,True,True,True,1,0.6525830084392438,1.0377679768789794,0.62107936042138,0.03256518517672978,0.589315026937806,0.013685911112515478,1.0378641439532081,0.8179706091133285,0.7739309649580741,0.4853306174296642,0.10775862068965517,0.2840996980667114,0.0016005393117666245,-5.586953163146973,99.951171875,0.048828125,0.0,-1.8313971757888794,-1.6649158000946045,-3.1242098808288574,-0.9996726512908936,-1.1110724210739136,-1.0100715160369873,-1.8953962326049805,-0.6064816117286682,85.595703125,14.404296875,0.0,-0.0410214439034462,CDP_NEG,25,76195,70.46731629999704,512,512,600,150,150,150,EARLY_STOPPING,False,0,2048,deterministic_evenly_spaced_full_fold,3.65000057220459,6.01635006070137,3584,3567,99.52566964285714,CDP,1.460840537792371,20,0.99,1.460840537792371
20,COMPLETE,0,42,25813,4032,81354305b7b8066000bae764cd84c6a44c1e035572eb00baa18e30401895a2a4,6d4d4bf8c14384a72deec9ae950f7dbc99365946e460adffb80cf5c9ed8ff111,26648,424.65983839999535,0.07747411727905273,0.091796875,14269c18e6a56f09985dea654338c0b32f5e417a5600e334e252b0c1bbf8bd28,True,True,True,1,0.8466011141446581,0.6072912919043613,0.4059626329203999,0.026986532561034008,0.3916131260526731,0.05791735357458478,0.6045981746915009,0.9212936818495363,0.8229577902510116,0.4196610150822109,0.0,0.02652234397828579,7.869941327953711e-06,0.026528269052505493,97.802734375,2.197265625,0.0,-0.34376174211502075,-0.23737359046936035,-1.0608817338943481,-0.035004280507564545,-0.20621879398822784,-0.14239773154258728,-0.6364110112190247,-0.020998673513531685,84.033203125,15.966796875,0.0,-0.02030840329825878,CDP_NEG,90,27153,424.6594628000021,64,64,400,40,75,150,EARLY_STOPPING,False,0,2048,deterministic_evenly_spaced_full_fold,3.6649999618530273,6.109466117620462,1792,1785,99.609375,CDP,1.4710406730757069,20,0.99,1.4710406730757069
20,COMPLETE,1,42,27493,2352,db92a7db6dfa639d2026ff19c5b1159be2b53d1e09d9e6a72b1b767a05c21400,2ea764e1783688df4d4bc4d6bc4b7c6a52ae545bfb933c403a7aa96e5d21a797,26648,976.6356444999983,0.06417179107666016,0.07421875,14269c18e6a56f09985dea654338c0b32f5e417a5600e334e252b0c1bbf8bd28,True,True,True,1,0.7031204638224375,1.00304468978569,0.5022835199464568,0.02752362945718931,0.5447506878242284,-0.011988972559203805,1.0031863227172557,0.8385488713659073,0.7041321412937978,0.6575598654356823,0.0,0.04484674707055092,0.0001436787424609065,0.04495490342378616,97.265625,2.734375,0.0,-0.2623555064201355,-0.18036311864852905,-0.7238775491714478,-0.024472223594784737,-0.15951743721961975,-0.10966441035270691,-0.44013211131095886,-0.014879604801535606,59.716796875,40.283203125,0.0,-0.010381052270531654,CDP_NEG,265,27153,976.6352436000016,64,64,400,40,75,325,EARLY_STOPPING,False,0,2048,deterministic_evenly_spaced_full_fold,3.6464000701904276,5.997169941663727,1792,1785,99.609375,CDP,1.4510426770894138,20,0.99,1.4510426770894138
20,COMPLETE,2,42,26989,2856,424f72a3df11b24bdd551a74968aa5efe8f47b52221df203d3bd3ed6f8a96c5a,f1c78e2ff146b5069b0310a8b0222fe8d495ed8d7dbf78dc149a7df8702a8f3a,26648,687.7110608000003,0.06922245025634766,0.091796875,14269c18e6a56f09985dea654338c0b32f5e417a5600e334e252b0c1bbf8bd28,True,True,True,1,0.7755459949518021,0.8105460608206695,0.47362977776843374,0.04236163260588082,0.4736828207886537,-0.0036855746211917127,0.8106796197035346,0.880655442646222,0.7739366153414016,0.4798751302065371,0.0,0.040362536907196045,2.7899983251700178e-05,0.04038354009389877,96.38671875,3.61328125,0.0,-0.3771297335624695,-0.32299262285232544,-0.8868690133094788,-0.01886841095983982,-0.22950933873653412,-0.19656318426132202,-0.5397206544876099,-0.01148272305727005,76.708984375,23.291015625,0.0,-0.03883562609553337,CDP_NEG,175,27153,687.7106542000038,64,64,400,40,75,235,EARLY_STOPPING,False,0,2048,deterministic_evenly_spaced_full_fold,3.663600349426268,6.020027899742124,1792,1785,99.609375,CDP,1.4524627365104603,20,0.99,1.4524627365104603
20,COMPLETE,3,42,26466,3379,ad1e190147cfc7079fe69ab58be273b0089b28a9cb71d4377b9a01145e874910,b3de2bff6a2b887166deba8883b54b43de7150168fdd2094f9852f380bd9133e,26648,705.2611692999999,0.0749821662902832,0.091796875,14269c18e6a56f09985dea654338c0b32f5e417a5600e334e252b0c1bbf8bd28,True,True,True,1,0.7360871529633594,1.0904532042773278,0.4967604004978654,0.0333720828769025,0.5136484626717214,0.08103935241258019,1.0875986757290257,0.8598004235778994,0.7036812302521819,0.7330403538932185,0.0,0.04433447867631912,0.00010582961840555072,0.04441414400935173,94.482421875,5.517578125,0.0,-0.25242292881011963,-0.17332172393798828,-0.7677345275878906,0.0037713409401476383,-0.15416984260082245,-0.10585799813270569,-0.4689016044139862,0.0023033847101032734,76.025390625,23.974609375,0.0,-0.020377924665808678,CDP_NEG,185,27153,705.2608171000029,64,64,400,40,75,245,EARLY_STOPPING,False,0,2048,deterministic_evenly_spaced_full_fold,3.652750015258789,5.9806626215577126,1792,1785,99.609375,CDP,1.4666426917497317,20,0.99,1.4666426917497317
20,COMPLETE,4,42,27061,2784,2cf8e61e68345fca034455d14ca0a91ba8af3af3a30bcfad11a389cf00a64d26,e85c7d3201b31d98e24a7a8ea73439fb69c13286f849eaf6812d38684b5bedb5,26648,562.6420395000023,0.06910037994384766,0.08984375,14269c18e6a56f09985dea654338c0b32f5e417a5600e334e252b0c1bbf8bd28,True,True,True,1,0.7340619207292034,0.9079564152132915,0.5101506808953244,0.028491695111602655,0.5155992198747262,0.08184153946187989,0.904422815516431,0.8582615585130183,0.7535679466526106,0.5959693297035039,0.0,0.04139889404177666,6.910211959620938e-05,0.04145091399550438,92.67578125,7.32421875,0.0,-0.29434090852737427,-0.2295946478843689,-0.8082230687141418,0.02158304862678051,-0.17857080698013306,-0.13929054141044617,-0.4903329610824585,0.013094008900225163,65.380859375,34.619140625,0.0,-0.014300389215350151,CDP_NEG,130,27153,562.6416671999978,64,64,400,40,75,190,EARLY_STOPPING,False,0,2048,deterministic_evenly_spaced_full_fold,3.65000057220459,6.01635006070137,1792,1759,98.15848214285714,CDP,1.460840537792371,20,0.99,1.460840537792371
21,COMPLETE,0,42,25813,4032,81354305b7b8066000bae764cd84c6a44c1e035572eb00baa18e30401895a2a4,6d4d4bf8c14384a72deec9ae950f7dbc99365946e460adffb80cf5c9ed8ff111,26648,565.7239847000019,0.045076847076416016,0.048828125,14269c18e6a56f09985dea654338c0b32f5e417a5600e334e252b0c1bbf8bd28,True,True,True,1,0.8501143876752768,0.6002966562758949,0.40052823826893774,0.026675708143400333,0.3871026198745366,0.0281661924020718,0.5997098803018024,0.9222127406191356,0.8452616564962477,0.34433720627517467,0.0,0.023506350815296173,0.0,-16.099140167236328,100.0,0.0,0.0,-0.2817057967185974,-0.2432832419872284,-0.5309422016143799,-0.1485462486743927,-0.16899213194847107,-0.14594286680221558,-0.31850624084472656,-0.08911122381687164,88.37890625,11.62109375,0.0,-0.06315196305513382,CDP_NEG,270,9379,565.7236523999964,64,64,300,30,75,300,MAX_EPOCHS,False,0,2048,deterministic_evenly_spaced_full_fold,3.6649999618530273,6.109466117620462,3584,3514,98.046875,CDP,1.4710406730757069,20,0.99,1.4710406730757069
21,COMPLETE,1,42,27493,2352,db92a7db6dfa639d2026ff19c5b1159be2b53d1e09d9e6a72b1b767a05c21400,2ea764e1783688df4d4bc4d6bc4b7c6a52ae545bfb933c403a7aa96e5d21a797,26648,155.6010737999968,0.039559364318847656,0.046875,14269c18e6a56f09985dea654338c0b32f5e417a5600e334e252b0c1bbf8bd28,True,True,True,1,0.667128932854854,1.0621067668436424,0.5757976781187237,0.029144297748910558,0.5768271321036169,-0.07272307999070962,1.05983947568527,0.8180767645383745,0.6498888708116031,0.7195782559578683,0.0,0.047296781092882156,2.3594039078034257e-07,-0.5445430278778076,99.267578125,0.732421875,0.0,-0.12084309756755829,-0.1060945987701416,-0.2753845155239105,-0.025387324392795563,-0.07347503304481506,-0.06450764834880829,-0.16743934154510498,-0.015436004847288132,100.0,0.0,0.0,-0.04176943004131317,CDP_NEG,5,9379,155.600761099995,64,64,300,30,75,75,EARLY_STOPPING,False,0,2048,deterministic_evenly_spaced_full_fold,3.6464000701904276,5.997169941663727,3584,3516,98.10267857142857,CDP,1.4510426770894138,20,0.99,1.4510426770894138
21,COMPLETE,2,42,26989,2856,424f72a3df11b24bdd551a74968aa5efe8f47b52221df203d3bd3ed6f8a96c5a,f1c78e2ff146b5069b0310a8b0222fe8d495ed8d7dbf78dc149a7df8702a8f3a,26648,583.9994136999958,0.04162406921386719,0.048828125,14269c18e6a56f09985dea654338c0b32f5e417a5600e334e252b0c1bbf8bd28,True,True,True,1,0.7715636368632466,0.8177049721972011,0.49686319103167087,0.04273577935490535,0.4778664859725645,-0.025265863486135208,0.8174576651123496,0.8785764475701033,0.7813119096621386,0.44251872383617247,0.0,0.03611408546566963,0.0,-17.71624755859375,100.0,0.0,0.0,-0.2735058069229126,-0.2533431053161621,-0.4471621513366699,-0.15466023981571198,-0.16644705832004547,-0.15417668223381042,-0.2721288800239563,-0.09412138164043427,85.791015625,14.208984375,0.0,-0.09938418865203857,CDP_NEG,295,9379,583.9990783999965,64,64,300,30,75,300,MAX_EPOCHS,False,0,2048,deterministic_evenly_spaced_full_fold,3.663600349426268,6.020027899742124,3584,3524,98.32589285714286,CDP,1.4524627365104603,20,0.99,1.4524627365104603
21,COMPLETE,3,42,26466,3379,ad1e190147cfc7079fe69ab58be273b0089b28a9cb71d4377b9a01145e874910,b3de2bff6a2b887166deba8883b54b43de7150168fdd2094f9852f380bd9133e,26648,157.92142660000536,0.042984962463378906,0.048828125,14269c18e6a56f09985dea654338c0b32f5e417a5600e334e252b0c1bbf8bd28,True,True,True,1,0.6998060323014937,1.1629947322047554,0.6084159060290433,0.03559213401941403,0.5478185161445567,-0.01798151730027198,1.1630278234401175,0.8414265680137428,0.6321727621995622,0.7913621757160162,0.0,0.051224593073129654,2.7960263437876165e-08,-2.1018424034118652,99.70703125,0.29296875,0.0,-0.16206121444702148,-0.14900733530521393,-0.31579601764678955,-0.03270807862281799,-0.09898052364587784,-0.09100773930549622,-0.19287560880184174,-0.019976789131760597,100.0,0.0,0.0,-0.041770316660404205,CDP_NEG,20,9379,157.92101640000328,64,64,300,30,75,80,EARLY_STOPPING,False,0,2048,deterministic_evenly_spaced_full_fold,3.652750015258789,5.9806626215577126,3584,3537,98.68861607142857,CDP,1.4666426917497317,20,0.99,1.4666426917497317
21,COMPLETE,4,42,27061,2784,2cf8e61e68345fca034455d14ca0a91ba8af3af3a30bcfad11a389cf00a64d26,e85c7d3201b31d98e24a7a8ea73439fb69c13286f849eaf6812d38684b5bedb5,26648,473.78934630000003,0.041090965270996094,0.048828125,14269c18e6a56f09985dea654338c0b32f5e417a5600e334e252b0c1bbf8bd28,True,True,True,1,0.7080730711424277,0.9512875585364395,0.55657069044516,0.029851427477291453,0.540205581280793,0.11816953614917979,0.9440890488183874,0.8458823896299,0.7613767195271566,0.6160059913637428,0.0,0.04280604422092438,4.710493684001449e-08,-9.161895751953125,99.951171875,0.048828125,0.0,-0.26635801792144775,-0.2237735092639923,-0.6227155327796936,-0.09866490960121155,-0.16159412264823914,-0.13575896620750427,-0.3777891993522644,-0.0598580501973629,81.4453125,18.5546875,0.0,-0.0636354386806488,CDP_NEG,185,9379,473.78901459999906,64,64,300,30,75,245,EARLY_STOPPING,False,0,2048,deterministic_evenly_spaced_full_fold,3.65000057220459,6.01635006070137,3584,3546,98.93973214285714,CDP,1.460840537792371,20,0.99,1.460840537792371
22,COMPLETE,0,42,25813,4032,81354305b7b8066000bae764cd84c6a44c1e035572eb00baa18e30401895a2a4,6d4d4bf8c14384a72deec9ae950f7dbc99365946e460adffb80cf5c9ed8ff111,26648,25.855404099995212,0.05797147750854492,0.076171875,14269c18e6a56f09985dea654338c0b32f5e417a5600e334e252b0c1bbf8bd28,True,True,True,1,-0.07247417993189176,1.6057553352815928,1.2210225866591726,0.07135582086932866,1.0354748617479177,0.45726284104903386,1.539463762441622,0.12043587785117188,0.014107301692483847,2.4717001610815945,0.0,0.4211190938949585,0.003918834496289492,-0.7798372507095337,50.0,50.0,0.439453125,-0.014554532244801521,1.6741919353080448e-06,-0.0010731496149674058,0.0013754810206592083,-0.008731101639568806,1.0043288511951687e-06,-0.000643770326860249,0.0008251355611719191,52.44140625,41.69921875,5.859375,-1.7783124803827377e-06,CDP_NEG,15,48643,25.855035199994745,512,512,400,0,75,75,EARLY_STOPPING,False,0,2048,deterministic_evenly_spaced_full_fold,3.6649999618530273,6.109466117620462,1280,1275,99.609375,CDP,1.4710406730757069,20,0.99,1.4710406730757069
22,COMPLETE,1,42,27493,2352,db92a7db6dfa639d2026ff19c5b1159be2b53d1e09d9e6a72b1b767a05c21400,2ea764e1783688df4d4bc4d6bc4b7c6a52ae545bfb933c403a7aa96e5d21a797,26648,27.458098000002792,0.05160188674926758,0.0546875,14269c18e6a56f09985dea654338c0b32f5e417a5600e334e252b0c1bbf8bd28,True,True,True,1,-0.0053948544241009255,1.8458588186356675,1.3392133323149438,0.05065051903646311,1.0024806185784596,0.1986632983336466,1.8355272098978659,0.09651118386008002,0.003972785764342266,2.4526724591090083,0.0,0.5839744210243225,0.007280397228896618,0.16520550847053528,60.009765625,39.990234375,0.09765625,-0.016739148646593094,-0.00025784035096876323,-0.04231368005275726,0.019535869359970093,-0.010177738964557648,-0.00015677211922593415,-0.025727568194270134,0.011878201737999916,64.2578125,34.228515625,1.513671875,-2.4693434170330875e-05,CDP_NEG,5,48643,27.457754600000044,512,512,400,0,75,75,EARLY_STOPPING,False,0,2048,deterministic_evenly_spaced_full_fold,3.6464000701904276,5.997169941663727,1280,1275,99.609375,CDP,1.4510426770894138,20,0.99,1.4510426770894138
22,COMPLETE,2,42,26989,2856,424f72a3df11b24bdd551a74968aa5efe8f47b52221df203d3bd3ed6f8a96c5a,f1c78e2ff146b5069b0310a8b0222fe8d495ed8d7dbf78dc149a7df8702a8f3a,26648,27.50773990000016,0.054042816162109375,0.0546875,14269c18e6a56f09985dea654338c0b32f5e417a5600e334e252b0c1bbf8bd28,True,True,True,1,0.030945874922257754,1.6841781832283118,1.2840936566293448,0.08802033701640838,0.9842331128407025,0.3463821748417674,1.648462017112853,0.2699890078176377,0.06453875729979491,2.3473798089446105,0.0,0.47899794578552246,0.004098907113075256,-0.7622989416122437,52.490234375,47.509765625,0.9765625,-0.01829507388174534,-8.384886314161122e-06,-0.000825870840344578,0.0006069308146834373,-0.011133809573948383,-5.102779141452629e-06,-0.0005025991122238338,0.00036935906973667443,39.84375,45.99609375,14.16015625,4.4776936647394905e-07,CDP_NEG,15,48643,27.507384799995634,512,512,400,0,75,75,EARLY_STOPPING,False,0,2048,deterministic_evenly_spaced_full_fold,3.663600349426268,6.020027899742124,1280,1275,99.609375,CDP,1.4524627365104603,20,0.99,1.4524627365104603
22,COMPLETE,3,42,26466,3379,ad1e190147cfc7079fe69ab58be273b0089b28a9cb71d4377b9a01145e874910,b3de2bff6a2b887166deba8883b54b43de7150168fdd2094f9852f380bd9133e,26648,50.89948220000224,0.05711698532104492,0.078125,14269c18e6a56f09985dea654338c0b32f5e417a5600e334e252b0c1bbf8bd28,True,True,True,1,0.0562949219281772,2.0620296849719173,1.4557493785851854,0.06310607852917538,0.9713010824441674,0.3008579507285775,2.0402653853446506,0.27719445382107616,0.0709413903782287,2.3450995099896557,0.0,0.7354053258895874,0.006060078740119934,-2.6126089096069336,62.3046875,37.6953125,0.048828125,-0.024857744574546814,-0.001016382360830903,-0.007960332557559013,0.005523320287466049,-0.015182118862867355,-0.000620765786152333,-0.004861853551119566,0.0033734235912561417,72.4609375,27.34375,0.1953125,-0.00013485706585925072,CDP_NEG,85,48643,50.89908809999906,512,512,400,0,75,145,EARLY_STOPPING,False,0,2048,deterministic_evenly_spaced_full_fold,3.652750015258789,5.9806626215577126,1280,1275,99.609375,CDP,1.4666426917497317,20,0.99,1.4666426917497317
22,COMPLETE,4,42,27061,2784,2cf8e61e68345fca034455d14ca0a91ba8af3af3a30bcfad11a389cf00a64d26,e85c7d3201b31d98e24a7a8ea73439fb69c13286f849eaf6812d38684b5bedb5,26648,26.52727930000401,0.05395936965942383,0.056640625,14269c18e6a56f09985dea654338c0b32f5e417a5600e334e252b0c1bbf8bd28,True,True,True,1,-0.015032734280910232,1.7738412978909475,1.3478777978942518,0.05566318447566223,1.0073073707610671,0.39897880043670364,1.728699594281012,0.1912911601852201,0.03342649254562011,2.4155277628928533,0.0,0.5340011119842529,0.011828148737549782,-0.2825658917427063,47.802734375,52.197265625,0.537109375,-0.011006143875420094,1.4309125617728569e-05,-0.00208900379948318,0.001228689099662006,-0.00667720939964056,8.681063263793476e-06,-0.001267357263714075,0.0007454213337041438,51.07421875,43.359375,5.56640625,-1.399047278027865e-06,CDP_NEG,10,48643,26.526926600003208,512,512,400,0,75,75,EARLY_STOPPING,False,0,2048,deterministic_evenly_spaced_full_fold,3.65000057220459,6.01635006070137,1280,1257,98.203125,CDP,1.460840537792371,20,0.99,1.460840537792371
23,COMPLETE,0,42,25813,4032,81354305b7b8066000bae764cd84c6a44c1e035572eb00baa18e30401895a2a4,6d4d4bf8c14384a72deec9ae950f7dbc99365946e460adffb80cf5c9ed8ff111,26648,347.2372331999941,0.05133199691772461,0.068359375,14269c18e6a56f09985dea654338c0b32f5e417a5600e334e252b0c1bbf8bd28,True,True,True,1,0.3937580055491845,1.2072826500688485,0.7359035102818448,0.05364867400665001,0.7785188737681978,0.0017799465146261296,1.2074310782654831,0.6368562588499388,0.4748440377967406,1.0748112925383286,0.0,0.3922906517982483,0.3890417516231537,3.307845115661621,61.1328125,38.8671875,0.0,-0.582377552986145,-0.4773982763290405,-4.834052085876465,3.198373794555664,-0.34936171770095825,-0.2863858640193939,-2.8998935222625732,1.9186683893203735,58.935546875,41.064453125,0.0,-0.0197526216506958,CDP_NEG,5,18657,347.23682610000105,128,128,700,350,350,350,EARLY_STOPPING,False,0,2048,deterministic_evenly_spaced_full_fold,3.6649999618530273,6.109466117620462,192,192,100.0,CDP,1.4710406730757069,20,0.99,1.4710406730757069
23,COMPLETE,1,42,27493,2352,db92a7db6dfa639d2026ff19c5b1159be2b53d1e09d9e6a72b1b767a05c21400,2ea764e1783688df4d4bc4d6bc4b7c6a52ae545bfb933c403a7aa96e5d21a797,26648,365.5376344999968,0.04475259780883789,0.0703125,14269c18e6a56f09985dea654338c0b32f5e417a5600e334e252b0c1bbf8bd28,True,True,True,1,0.4176017506354033,1.4048830801952228,0.8320454794257803,0.03855010820926609,0.7629879625926581,-0.14118409651445643,1.3980681510606459,0.6528762112793877,0.4605701559248932,1.0795454104337745,0.0,0.4532880485057831,0.4753674864768982,4.01578426361084,56.787109375,43.212890625,0.0,-0.357604056596756,-0.27873528003692627,-4.7581400871276855,3.7126519680023193,-0.2174304723739624,-0.1694766730070114,-2.893044948577881,2.2573671340942383,57.763671875,42.236328125,0.0,-0.01746852695941925,CDP_NEG,5,18657,365.5370909999983,128,128,700,350,350,350,EARLY_STOPPING,False,0,2048,deterministic_evenly_spaced_full_fold,3.6464000701904276,5.997169941663727,192,182,94.79166666666667,CDP,1.4510426770894138,20,0.99,1.4510426770894138
23,COMPLETE,2,42,26989,2856,424f72a3df11b24bdd551a74968aa5efe8f47b52221df203d3bd3ed6f8a96c5a,f1c78e2ff146b5069b0310a8b0222fe8d495ed8d7dbf78dc149a7df8702a8f3a,26648,362.25324920000276,0.04643869400024414,0.06640625,14269c18e6a56f09985dea654338c0b32f5e417a5600e334e252b0c1bbf8bd28,True,True,True,1,0.5414194793214465,1.1585687802367204,0.7314957484357706,0.060550371396956244,0.6770671704265038,-0.016400726723382955,1.1586555535045848,0.737289185041292,0.5772529508698139,0.8878760156157515,0.0,0.36484992504119873,0.34676268696784973,2.9635567665100098,65.72265625,34.27734375,0.0,-0.8716585040092468,-0.7421368360519409,-5.406241416931152,3.023223876953125,-0.5304640531539917,-0.4516412317752838,-3.290069103240967,1.8398393392562866,60.791015625,39.208984375,0.0,-0.025698790326714516,CDP_NEG,5,18657,362.25290590000077,128,128,700,350,350,350,EARLY_STOPPING,False,0,2048,deterministic_evenly_spaced_full_fold,3.663600349426268,6.020027899742124,192,187,97.39583333333333,CDP,1.4524627365104603,20,0.99,1.4524627365104603
23,COMPLETE,3,42,26466,3379,ad1e190147cfc7079fe69ab58be273b0089b28a9cb71d4377b9a01145e874910,b3de2bff6a2b887166deba8883b54b43de7150168fdd2094f9852f380bd9133e,26648,355.39717609999934,0.04890918731689453,0.06640625,14269c18e6a56f09985dea654338c0b32f5e417a5600e334e252b0c1bbf8bd28,True,True,True,1,0.4718541241073564,1.5426013728879624,0.8570843291499822,0.04720956448209778,0.7266289104302309,0.028261097681748736,1.5425707490017135,0.6917073627364874,0.5339152265493563,1.053804431717995,0.11837821840781297,0.5419424772262573,0.3727693557739258,3.3355484008789062,68.06640625,31.93359375,0.0,-1.16652512550354,-0.944665789604187,-6.378015995025635,3.337383508682251,-0.7124670147895813,-0.5769641399383545,-3.895437717437744,2.0383408069610596,58.49609375,41.50390625,0.0,-0.02104075625538826,CDP_NEG,10,18657,355.3968473000059,128,128,700,350,350,350,EARLY_STOPPING,False,0,2048,deterministic_evenly_spaced_full_fold,3.652750015258789,5.9806626215577126,192,191,99.47916666666667,CDP,1.4666426917497317,20,0.99,1.4666426917497317
23,COMPLETE,4,42,27061,2784,2cf8e61e68345fca034455d14ca0a91ba8af3af3a30bcfad11a389cf00a64d26,e85c7d3201b31d98e24a7a8ea73439fb69c13286f849eaf6812d38684b5bedb5,26648,365.57556789999944,0.04619312286376953,0.06640625,14269c18e6a56f09985dea654338c0b32f5e417a5600e334e252b0c1bbf8bd28,True,True,True,1,0.4888844437033817,1.258734939346737,0.7339905349929712,0.039499134008281735,0.7147950517027613,0.054817347771388775,1.2577666495660653,0.7092793330430033,0.5846392543040004,0.9213787363451527,0.14367816091954022,0.3924662172794342,0.3283986449241638,2.8535497188568115,66.30859375,33.69140625,0.0,-1.1324477195739746,-0.7387460470199585,-6.745312690734863,2.7653794288635254,-0.6870336532592773,-0.448182612657547,-4.09224796295166,1.6777009963989258,56.0546875,43.9453125,0.0,-0.012861939147114754,CDP_NEG,10,18657,365.5752457000053,128,128,700,350,350,350,EARLY_STOPPING,False,0,2048,deterministic_evenly_spaced_full_fold,3.65000057220459,6.01635006070137,192,192,100.0,CDP,1.460840537792371,20,0.99,1.460840537792371
24,COMPLETE,0,42,25813,4032,81354305b7b8066000bae764cd84c6a44c1e035572eb00baa18e30401895a2a4,6d4d4bf8c14384a72deec9ae950f7dbc99365946e460adffb80cf5c9ed8ff111,26648,57.97982369999954,0.03509950637817383,0.056640625,14269c18e6a56f09985dea654338c0b32f5e417a5600e334e252b0c1bbf8bd28,True,True,True,1,-0.07983800608069336,1.611258626349584,1.217539956921962,0.07160037359975474,1.0390236711042244,0.44207552611577927,1.5496190355897599,0.045302947281704316,0.0031651628701839215,2.478870505194256,0.0,0.42401057481765747,0.0575704351067543,0.3813934922218323,48.53515625,51.46484375,0.0,0.010261905379593372,0.02280956692993641,-0.9312390089035034,0.9437795281410217,0.0061560021713376045,0.013683201745152473,-0.5586398243904114,0.5661627054214478,51.07421875,48.92578125,0.0,-0.0010039665503427386,CDP_NEG,25,10467,57.97925660000328,1024,1024,800,400,400,400,EARLY_STOPPING,False,0,2048,deterministic_evenly_spaced_full_fold,3.6649999618530273,6.109466117620462,1280,1274,99.53125,CDP,1.4710406730757069,20,0.99,1.4710406730757069
24,COMPLETE,1,42,27493,2352,db92a7db6dfa639d2026ff19c5b1159be2b53d1e09d9e6a72b1b767a05c21400,2ea764e1783688df4d4bc4d6bc4b7c6a52ae545bfb933c403a7aa96e5d21a797,26648,57.08587819999957,0.032518863677978516,0.0546875,14269c18e6a56f09985dea654338c0b32f5e417a5600e334e252b0c1bbf8bd28,True,True,True,1,-0.00692318871065134,1.8472612616730106,1.3390702101082042,0.05068900218969419,1.003242281360793,0.18437780841684515,1.8384275860732797,0.07198234024143543,0.001903808635333996,2.443069063552246,0.0,0.584862232208252,0.004144159145653248,0.20253902673721313,50.5859375,49.4140625,0.0,-0.00315655255690217,-0.002494499087333679,-0.2505202889442444,0.24302589893341064,-0.0019192475592717528,-0.0015167056117206812,-0.15232138335704803,0.1477646380662918,50.439453125,49.560546875,0.0,-0.0002709377440623939,CDP_NEG,90,10467,57.085522400004265,1024,1024,800,400,400,400,EARLY_STOPPING,False,0,2048,deterministic_evenly_spaced_full_fold,3.6464000701904276,5.997169941663727,1280,1273,99.453125,CDP,1.4510426770894138,20,0.99,1.4510426770894138
24,COMPLETE,2,42,26989,2856,424f72a3df11b24bdd551a74968aa5efe8f47b52221df203d3bd3ed6f8a96c5a,f1c78e2ff146b5069b0310a8b0222fe8d495ed8d7dbf78dc149a7df8702a8f3a,26648,56.84418739999819,0.03327369689941406,0.0546875,14269c18e6a56f09985dea654338c0b32f5e417a5600e334e252b0c1bbf8bd28,True,True,True,1,-0.03420907279885754,1.7398755759683942,1.2975727396544998,0.0909312542392642,1.0167826487387404,0.32143684228522185,1.7102249823459565,0.034440298051292347,0.0015238189383309452,2.4572265306376457,0.0,0.5112037062644958,0.013260768726468086,0.3073083162307739,51.46484375,48.53515625,0.0,-0.013265307992696762,-0.009087364189326763,-0.46428877115249634,0.45329394936561584,-0.008072851225733757,-0.005530285183340311,-0.2825515866279602,0.2758604884147644,50.78125,49.21875,0.0,-0.000348124944139272,CDP_NEG,50,10467,56.84283470000082,1024,1024,800,400,400,400,EARLY_STOPPING,False,0,2048,deterministic_evenly_spaced_full_fold,3.663600349426268,6.020027899742124,1280,1272,99.375,CDP,1.4524627365104603,20,0.99,1.4524627365104603
24,COMPLETE,3,42,26466,3379,ad1e190147cfc7079fe69ab58be273b0089b28a9cb71d4377b9a01145e874910,b3de2bff6a2b887166deba8883b54b43de7150168fdd2094f9852f380bd9133e,26648,57.09778219999862,0.03412199020385742,0.0546875,14269c18e6a56f09985dea654338c0b32f5e417a5600e334e252b0c1bbf8bd28,True,True,True,1,-0.01223242164917715,2.1355851332913214,1.4725509295386985,0.06535715955469235,1.0059487342665396,0.2535345961587865,2.1207958804687137,0.04544635694388831,0.0018116090797844421,2.4498849356941697,0.0,0.7888069748878479,0.034723445773124695,0.6931551098823547,49.609375,50.390625,0.0,-0.002155817812308669,0.005530394148081541,-0.6917722225189209,0.6835209727287292,-0.0013166870921850204,0.003377743996679783,-0.42250683903694153,0.417467325925827,48.193359375,51.806640625,0.0,0.0019765421748161316,CDP_NEG,30,10467,57.09742520000145,1024,1024,800,400,400,400,EARLY_STOPPING,False,0,2048,deterministic_evenly_spaced_full_fold,3.652750015258789,5.9806626215577126,1280,1272,99.375,CDP,1.4666426917497317,20,0.99,1.4666426917497317
24,COMPLETE,4,42,27061,2784,2cf8e61e68345fca034455d14ca0a91ba8af3af3a30bcfad11a389cf00a64d26,e85c7d3201b31d98e24a7a8ea73439fb69c13286f849eaf6812d38684b5bedb5,26648,58.53717329999927,0.03316450119018555,0.056640625,14269c18e6a56f09985dea654338c0b32f5e417a5600e334e252b0c1bbf8bd28,True,True,True,1,-0.04439946876036882,1.7993185559448566,1.3505919305916696,0.05646266147322392,1.0217750854630516,0.3748564789509157,1.7601541763659054,0.03098407793312252,0.0007902511123714678,2.4594939812781953,0.0,0.5494507551193237,0.003525322303175926,0.12604817748069763,48.73046875,51.26953125,0.0,0.002659367863088846,0.005585094913840294,-0.2386692464351654,0.22767475247383118,0.0016133858589455485,0.0033883664291352034,-0.14479590952396393,0.13812577724456787,49.951171875,50.048828125,0.0,2.2131956939119846e-05,CDP_NEG,100,10467,58.536813699996856,1024,1024,800,400,400,400,EARLY_STOPPING,False,0,2048,deterministic_evenly_spaced_full_fold,3.65000057220459,6.01635006070137,1280,1253,97.890625,CDP,1.460840537792371,20,0.99,1.460840537792371
25,COMPLETE,0,42,25813,4032,81354305b7b8066000bae764cd84c6a44c1e035572eb00baa18e30401895a2a4,6d4d4bf8c14384a72deec9ae950f7dbc99365946e460adffb80cf5c9ed8ff111,26648,19.53780540000298,0.09737348556518555,0.111328125,14269c18e6a56f09985dea654338c0b32f5e417a5600e334e252b0c1bbf8bd28,True,True,True,1,0.39971976117116337,1.2013318030750446,1.0354219144463146,0.0533842329907737,0.7746814569881929,0.8219197064092787,0.8762628218426675,0.8504677637152505,0.5477850975506664,1.7459133395223594,0.0,0.23570680618286133,0.006043518893420696,-0.6994565725326538,100.0,0.0,0.0,-0.1898280382156372,-0.009072971530258656,-0.9071886539459229,-7.659620314370841e-05,-0.11387570202350616,-0.005442773457616568,-0.5442122220993042,-4.594920392264612e-05,99.4140625,0.0,0.5859375,-0.0002796911576297134,CDP_NEG,65,49731,19.537439400002768,1024,1024,150,75,75,125,EARLY_STOPPING,False,0,2048,deterministic_evenly_spaced_full_fold,3.6649999618530273,6.109466117620462,768,765,99.609375,CDP,1.4710406730757069,20,0.99,1.4710406730757069
25,COMPLETE,1,42,27493,2352,db92a7db6dfa639d2026ff19c5b1159be2b53d1e09d9e6a72b1b767a05c21400,2ea764e1783688df4d4bc4d6bc4b7c6a52ae545bfb933c403a7aa96e5d21a797,26648,21.91626830000314,0.08768701553344727,0.11328125,14269c18e6a56f09985dea654338c0b32f5e417a5600e334e252b0c1bbf8bd28,True,True,True,1,0.45566217319137414,1.3582021362198946,1.0091760715700964,0.03726917923593863,0.7376356761015372,0.6571854626281555,1.1888739440973641,0.777321994661614,0.4912516058810796,1.808482861418393,0.0,0.3161736726760864,0.005505972541868687,-0.6969693303108215,100.0,0.0,0.0,-0.21708297729492188,-0.014338741078972816,-1.0286709070205688,-0.00012927190982736647,-0.13199082016944885,-0.00871824286878109,-0.6254525780677795,-7.859992183512077e-05,98.92578125,0.0,1.07421875,-0.0003893710963893682,CDP_NEG,75,49731,21.91588110000157,1024,1024,150,75,75,135,EARLY_STOPPING,False,0,2048,deterministic_evenly_spaced_full_fold,3.6464000701904276,5.997169941663727,768,765,99.609375,CDP,1.4510426770894138,20,0.99,1.4510426770894138
25,COMPLETE,2,42,26989,2856,424f72a3df11b24bdd551a74968aa5efe8f47b52221df203d3bd3ed6f8a96c5a,f1c78e2ff146b5069b0310a8b0222fe8d495ed8d7dbf78dc149a7df8702a8f3a,26648,16.59249930000078,0.0931386947631836,0.111328125,14269c18e6a56f09985dea654338c0b32f5e417a5600e334e252b0c1bbf8bd28,True,True,True,1,0.4155519417346649,1.3079374648163715,1.0879198284402323,0.06835683872168835,0.764358174934678,0.7636972568976153,1.0620083903993525,0.8092383720265843,0.49290294729001327,1.8484028079306865,0.0,0.2888893485069275,0.005683769006282091,-0.36353805661201477,99.951171875,0.048828125,0.0,-0.1944347620010376,-0.011559927836060524,-0.8322890400886536,-5.818747740704566e-05,-0.11832690984010696,-0.007035010028630495,-0.506505012512207,-3.541107798810117e-05,99.658203125,0.0,0.341796875,-0.0005515852244570851,CDP_NEG,40,49731,16.592114299994137,1024,1024,150,75,75,100,EARLY_STOPPING,False,0,2048,deterministic_evenly_spaced_full_fold,3.663600349426268,6.020027899742124,768,765,99.609375,CDP,1.4524627365104603,20,0.99,1.4524627365104603
25,COMPLETE,3,42,26466,3379,ad1e190147cfc7079fe69ab58be273b0089b28a9cb71d4377b9a01145e874910,b3de2bff6a2b887166deba8883b54b43de7150168fdd2094f9852f380bd9133e,26648,12.508830200000375,0.09547996520996094,0.111328125,14269c18e6a56f09985dea654338c0b32f5e417a5600e334e252b0c1bbf8bd28,True,True,True,1,0.4613224273310389,1.557905872343905,1.1577376627969664,0.04767794132048921,0.7338379612970353,0.7422846206907106,1.3699049719269867,0.7982664176791288,0.45238647087660905,1.9472186507444262,0.0,0.4197777509689331,0.0061028506606817245,0.11317373812198639,99.70703125,0.29296875,0.0,-0.11477652192115784,-0.01130908727645874,-0.5571537017822266,-0.000320871127769351,-0.07010092586278915,-0.0069071389734745026,-0.3402872681617737,-0.00019597528444137424,100.0,0.0,0.0,-0.0009871050715446472,CDP_NEG,20,49731,12.508486699996865,1024,1024,150,75,75,80,EARLY_STOPPING,False,0,2048,deterministic_evenly_spaced_full_fold,3.652750015258789,5.9806626215577126,768,765,99.609375,CDP,1.4666426917497317,20,0.99,1.4666426917497317
25,COMPLETE,4,42,27061,2784,2cf8e61e68345fca034455d14ca0a91ba8af3af3a30bcfad11a389cf00a64d26,e85c7d3201b31d98e24a7a8ea73439fb69c13286f849eaf6812d38684b5bedb5,26648,24.02534829999786,0.09310626983642578,0.111328125,14269c18e6a56f09985dea654338c0b32f5e417a5600e334e252b0c1bbf8bd28,True,True,True,1,0.3688863786396287,1.3987126880057548,1.1376860950172838,0.043891639276570846,0.7942839090962692,0.8525284189590298,1.1090691146728113,0.7918555154470589,0.5051587105158346,1.884908968595451,0.0,0.33202415704727173,0.005937944166362286,-0.8174768090248108,100.0,0.0,0.0,-0.25176185369491577,-0.010686169378459454,-1.1469064950942993,-0.00011031307076336816,-0.15273891389369965,-0.006483087316155434,-0.6958054900169373,-6.692475290037692e-05,98.4375,0.0,1.5625,-0.00024048550403676927,CDP_NEG,110,49731,24.02499440000247,1024,1024,150,75,75,150,MAX_EPOCHS,False,0,2048,deterministic_evenly_spaced_full_fold,3.65000057220459,6.01635006070137,768,754,98.17708333333333,CDP,1.460840537792371,20,0.99,1.460840537792371
26,COMPLETE,0,42,25813,4032,81354305b7b8066000bae764cd84c6a44c1e035572eb00baa18e30401895a2a4,6d4d4bf8c14384a72deec9ae950f7dbc99365946e460adffb80cf5c9ed8ff111,26648,837.676169600003,0.059499263763427734,0.080078125,14269c18e6a56f09985dea654338c0b32f5e417a5600e334e252b0c1bbf8bd28,True,True,True,1,0.8498581682649872,0.6008095206463863,0.38458777775205877,0.02669849857563304,0.38743334159251047,0.008450872933151134,0.6008245951558234,0.9219601010951871,0.8602169315533542,0.2940643380404446,0.0,0.14337028563022614,0.014213789254426956,0.14340831339359283,48.046875,51.953125,0.0,-0.01208851020783186,0.004697502590715885,-0.4847710430622101,0.342735230922699,-0.0072517599910497665,0.0028179786168038845,-0.29080870747566223,0.2056030035018921,63.916015625,36.083984375,0.0,-0.017953667789697647,CDP_NEG,185,32929,837.6757099999959,64,64,600,300,300,300,EARLY_STOPPING,False,0,2048,deterministic_evenly_spaced_full_fold,3.6649999618530273,6.109466117620462,768,752,97.91666666666667,CDP,1.4710406730757069,20,0.99,1.4710406730757069
26,COMPLETE,1,42,27493,2352,db92a7db6dfa639d2026ff19c5b1159be2b53d1e09d9e6a72b1b767a05c21400,2ea764e1783688df4d4bc4d6bc4b7c6a52ae545bfb933c403a7aa96e5d21a797,26648,899.7366806999999,0.05314826965332031,0.060546875,14269c18e6a56f09985dea654338c0b32f5e417a5600e334e252b0c1bbf8bd28,True,True,True,1,0.7235086379892904,0.9679901444544065,0.4665060888383487,0.02656172982668069,0.5257126650172264,-0.10735401874693225,0.9622233047472619,0.8526062105282164,0.7314448630040473,0.500386141672963,0.0,0.18087464570999146,0.02755514159798622,0.18094836175441742,55.908203125,44.091796875,0.0,-0.049227237701416016,-0.022882159799337387,-0.5821965932846069,0.47558873891830444,-0.02993115223944187,-0.013912813737988472,-0.3539872467517853,0.28916752338409424,53.90625,46.09375,0.0,-0.006723265163600445,CDP_NEG,125,32929,899.7362662000014,64,64,600,300,300,300,EARLY_STOPPING,False,0,2048,deterministic_evenly_spaced_full_fold,3.6464000701904276,5.997169941663727,768,754,98.17708333333333,CDP,1.4510426770894138,20,0.99,1.4510426770894138
26,COMPLETE,2,42,26989,2856,424f72a3df11b24bdd551a74968aa5efe8f47b52221df203d3bd3ed6f8a96c5a,f1c78e2ff146b5069b0310a8b0222fe8d495ed8d7dbf78dc149a7df8702a8f3a,26648,703.4039921000003,0.0547938346862793,0.060546875,14269c18e6a56f09985dea654338c0b32f5e417a5600e334e252b0c1bbf8bd28,True,True,True,1,0.7716073005440371,0.8176268197640909,0.45703552958897264,0.04273169486813933,0.47782081371930646,-0.037812934564922206,0.8168950072974432,0.8811041448002317,0.8337768716857197,0.31774651708051754,0.0,0.18611350655555725,0.01696907915174961,0.1861589103937149,65.625,34.375,0.0,-0.04731563478708267,-0.04016180336475372,-0.48615580797195435,0.42975133657455444,-0.02879481203854084,-0.02444121614098549,-0.2958591878414154,0.2615332007408142,64.892578125,35.107421875,0.0,-0.011651950888335705,CDP_NEG,190,32929,703.4036312000026,64,64,600,300,300,300,EARLY_STOPPING,False,0,2048,deterministic_evenly_spaced_full_fold,3.663600349426268,6.020027899742124,768,753,98.046875,CDP,1.4524627365104603,20,0.99,1.4524627365104603
26,COMPLETE,3,42,26466,3379,ad1e190147cfc7079fe69ab58be273b0089b28a9cb71d4377b9a01145e874910,b3de2bff6a2b887166deba8883b54b43de7150168fdd2094f9852f380bd9133e,26648,679.1503680999958,0.05826759338378906,0.080078125,14269c18e6a56f09985dea654338c0b32f5e417a5600e334e252b0c1bbf8bd28,True,True,True,1,0.7490553876071806,1.0633242174792332,0.4563951807466242,0.032541831021764514,0.5008695902652547,-0.055774452495979204,1.0620176050336516,0.8665520226847935,0.7213149373984237,0.5574264597127218,0.0,0.19492533802986145,0.007495987694710493,0.19494539499282837,50.87890625,49.12109375,0.0,-0.023940814658999443,-0.0015264496905729175,-0.3999005854129791,0.29858341813087463,-0.014622093178331852,-0.0009322945261374116,-0.244243323802948,0.18236282467842102,63.18359375,36.81640625,0.0,-0.011738309636712074,CDP_NEG,275,32929,679.1500044999993,64,64,600,300,300,335,EARLY_STOPPING,False,0,2048,deterministic_evenly_spaced_full_fold,3.652750015258789,5.9806626215577126,768,752,97.91666666666667,CDP,1.4666426917497317,20,0.99,1.4666426917497317
26,COMPLETE,4,42,27061,2784,2cf8e61e68345fca034455d14ca0a91ba8af3af3a30bcfad11a389cf00a64d26,e85c7d3201b31d98e24a7a8ea73439fb69c13286f849eaf6812d38684b5bedb5,26648,619.7669517999966,0.05477476119995117,0.060546875,14269c18e6a56f09985dea654338c0b32f5e417a5600e334e252b0c1bbf8bd28,True,True,True,1,0.7461354200210621,0.8871065646885329,0.46449655703222614,0.027837426278517353,0.5037592609461417,0.037324429456344954,0.8864802404940718,0.8653720140272504,0.7902249833594478,0.4749751501654388,0.0,0.18175208568572998,0.005676379892975092,0.1817672699689865,64.0625,35.9375,0.0,-0.10263079404830933,-0.04032563418149948,-0.6502088904380798,0.25093385577201843,-0.06226406991481781,-0.024464765563607216,-0.39446887373924255,0.15223659574985504,57.958984375,42.041015625,0.0,-0.007718703243881464,CDP_NEG,160,32929,619.7665018999978,64,64,600,300,300,300,EARLY_STOPPING,False,0,2048,deterministic_evenly_spaced_full_fold,3.65000057220459,6.01635006070137,768,736,95.83333333333333,CDP,1.460840537792371,20,0.99,1.460840537792371
27,COMPLETE,0,42,25813,4032,81354305b7b8066000bae764cd84c6a44c1e035572eb00baa18e30401895a2a4,6d4d4bf8c14384a72deec9ae950f7dbc99365946e460adffb80cf5c9ed8ff111,26648,45.84821459999512,0.08029937744140625,0.087890625,14269c18e6a56f09985dea654338c0b32f5e417a5600e334e252b0c1bbf8bd28,True,True,True,1,0.8398780131899348,0.620456639313238,0.4080202163095237,0.027571568245331173,0.400102829302315,0.03318953483366862,0.6196451599510978,0.9168578535577533,0.8562992577617289,0.3268078348556652,0.0,0.04679400846362114,0.06312845647335052,0.0468812920153141,50.830078125,49.169921875,0.0,-0.07354725152254105,-0.003522841027006507,-0.7803409099578857,0.3942178785800934,-0.044120170176029205,-0.002113312715664506,-0.46811771392822266,0.23648686707019806,92.578125,7.421875,0.0,-0.02618742547929287,CDP_NEG,90,25921,45.84786300000269,512,512,400,0,75,150,EARLY_STOPPING,False,0,2048,deterministic_evenly_spaced_full_fold,3.6649999618530273,6.109466117620462,2560,2534,98.984375,CDP,1.4710406730757069,20,0.99,1.4710406730757069
27,COMPLETE,1,42,27493,2352,db92a7db6dfa639d2026ff19c5b1159be2b53d1e09d9e6a72b1b767a05c21400,2ea764e1783688df4d4bc4d6bc4b7c6a52ae545bfb933c403a7aa96e5d21a797,26648,123.8378473000048,0.06680440902709961,0.0859375,14269c18e6a56f09985dea654338c0b32f5e417a5600e334e252b0c1bbf8bd28,True,True,True,1,0.7144918580699815,0.9836472915892307,0.48044315001572524,0.026991363242304143,0.5342160166205164,-0.07363996121772648,0.9810955086688391,0.8462435313518384,0.7212114815704804,0.557258337019385,0.0,0.054349351674318314,0.023146498948335648,0.0543813556432724,79.638671875,20.361328125,0.0,-0.19709718227386475,-0.12657734751701355,-0.7091625332832336,0.10575851798057556,-0.11983904987573624,-0.07696157693862915,-0.4311850965023041,0.06430330872535706,52.34375,47.65625,0.0,-0.0031275376677513123,CDP_NEG,390,25921,123.83737010000186,512,512,400,0,75,400,MAX_EPOCHS,False,0,2048,deterministic_evenly_spaced_full_fold,3.6464000701904276,5.997169941663727,2560,2534,98.984375,CDP,1.4510426770894138,20,0.99,1.4510426770894138
27,COMPLETE,2,42,26989,2856,424f72a3df11b24bdd551a74968aa5efe8f47b52221df203d3bd3ed6f8a96c5a,f1c78e2ff146b5069b0310a8b0222fe8d495ed8d7dbf78dc149a7df8702a8f3a,26648,74.20965960000467,0.07093143463134766,0.083984375,14269c18e6a56f09985dea654338c0b32f5e417a5600e334e252b0c1bbf8bd28,True,True,True,1,0.7681680608757002,0.8237599129367231,0.4655298082293624,0.043052229199591924,0.4814049911209345,-0.05209444177073507,0.8222550055447527,0.8779323411135688,0.8066421838952246,0.36150744241223526,0.0,0.052047163248062134,0.041769422590732574,0.05210491642355919,70.3125,29.6875,0.0,-0.17263606190681458,-0.12009266018867493,-0.7626132369041443,0.3165387809276581,-0.10506089776754379,-0.07308463007211685,-0.46410253643989563,0.19263559579849243,67.578125,32.421875,0.0,-0.019191764295101166,CDP_NEG,175,25921,74.20930229999794,512,512,400,0,75,235,EARLY_STOPPING,False,0,2048,deterministic_evenly_spaced_full_fold,3.663600349426268,6.020027899742124,2560,2545,99.4140625,CDP,1.4524627365104603,20,0.99,1.4524627365104603
27,COMPLETE,3,42,26466,3379,ad1e190147cfc7079fe69ab58be273b0089b28a9cb71d4377b9a01145e874910,b3de2bff6a2b887166deba8883b54b43de7150168fdd2094f9852f380bd9133e,26648,77.63608340000064,0.07608652114868164,0.0859375,14269c18e6a56f09985dea654338c0b32f5e417a5600e334e252b0c1bbf8bd28,True,True,True,1,0.7451007066402596,1.071670023380115,0.4862021772480089,0.03279724494058862,0.5048008092794494,-0.017199364221990678,1.0716905898969302,0.8649000335724497,0.7015907048185516,0.6394014966516512,0.0,0.05530557781457901,0.04851687699556351,0.055372659116983414,62.939453125,37.060546875,0.0,-0.12018564343452454,-0.06089971959590912,-0.7474408745765686,0.3159332275390625,-0.07340459525585175,-0.0371951162815094,-0.4565070569515228,0.19295941293239594,73.73046875,26.26953125,0.0,-0.030285410583019257,CDP_NEG,170,25921,77.63570949999848,512,512,400,0,75,230,EARLY_STOPPING,False,0,2048,deterministic_evenly_spaced_full_fold,3.652750015258789,5.9806626215577126,2560,2542,99.296875,CDP,1.4666426917497317,20,0.99,1.4666426917497317
27,COMPLETE,4,42,27061,2784,2cf8e61e68345fca034455d14ca0a91ba8af3af3a30bcfad11a389cf00a64d26,e85c7d3201b31d98e24a7a8ea73439fb69c13286f849eaf6812d38684b5bedb5,26648,133.85100809999858,0.07078266143798828,0.0859375,14269c18e6a56f09985dea654338c0b32f5e417a5600e334e252b0c1bbf8bd28,True,True,True,1,0.7406953924753625,0.8965610230501255,0.4757646057935316,0.028134107419341234,0.5091281434980978,0.0019098504744761158,0.8967200521946919,0.8608951433257952,0.7592781554077711,0.5041245110349934,0.0,0.0530141182243824,0.025683792307972908,0.05304963141679764,79.00390625,20.99609375,0.0,-0.268582284450531,-0.16992893815040588,-0.9893299341201782,0.17470432817935944,-0.16294357180595398,-0.10309252887964249,-0.6002068519592285,0.10598965734243393,56.73828125,43.26171875,0.0,-0.010587641969323158,CDP_NEG,285,25921,133.8506359000021,512,512,400,0,75,345,EARLY_STOPPING,False,0,2048,deterministic_evenly_spaced_full_fold,3.65000057220459,6.01635006070137,2560,2549,99.5703125,CDP,1.460840537792371,20,0.99,1.460840537792371
28,COMPLETE,0,42,25813,4032,81354305b7b8066000bae764cd84c6a44c1e035572eb00baa18e30401895a2a4,6d4d4bf8c14384a72deec9ae950f7dbc99365946e460adffb80cf5c9ed8ff111,26648,71.84673089999706,0.18001270294189453,0.1875,14269c18e6a56f09985dea654338c0b32f5e417a5600e334e252b0c1bbf8bd28,True,True,True,1,0.8473692204381755,0.6057689547217548,0.40146425231449984,0.026918883637864943,0.3906314435702564,-0.004616341764862198,0.605826496699955,0.9205315765763216,0.8468748997347844,0.30825839312009284,0.0,0.1478312760591507,8.199048170354217e-05,-1.730465054512024,92.529296875,7.470703125,0.0,-0.27269816398620605,-0.18243852257728577,-0.9525435566902161,0.014708281494677067,-0.16358855366706848,-0.1094428151845932,-0.5714201927185059,0.008823332376778126,82.8125,17.1875,0.0,-0.029593780636787415,CDP_NEG,375,142819,71.84633369999938,1024,1024,500,50,75,435,EARLY_STOPPING,False,0,2048,deterministic_evenly_spaced_full_fold,3.6649999618530273,6.109466117620462,768,752,97.91666666666667,CDP,1.4710406730757069,20,0.99,1.4710406730757069
28,COMPLETE,1,42,27493,2352,db92a7db6dfa639d2026ff19c5b1159be2b53d1e09d9e6a72b1b767a05c21400,2ea764e1783688df4d4bc4d6bc4b7c6a52ae545bfb933c403a7aa96e5d21a797,26648,20.066298600002483,0.16036367416381836,0.171875,14269c18e6a56f09985dea654338c0b32f5e417a5600e334e252b0c1bbf8bd28,True,True,True,1,0.6584703352368527,1.0758317760381297,0.5899737618473948,0.029520913139244064,0.5842811451453372,-0.15849105248284734,1.0643196038589136,0.8162227612779681,0.6512351704891524,0.6307636078699509,0.0,0.26805123686790466,1.3005450455239043e-05,-0.25294190645217896,89.794921875,10.205078125,0.0,-0.106504887342453,-0.0896514356136322,-0.3315776288509369,0.013178752735257149,-0.06475710868835449,-0.054509878158569336,-0.2016058713197708,0.00801294669508934,99.51171875,0.48828125,0.0,-0.0423484668135643,CDP_NEG,55,142819,20.065916300001845,1024,1024,500,50,75,115,EARLY_STOPPING,False,0,2048,deterministic_evenly_spaced_full_fold,3.6464000701904276,5.997169941663727,768,754,98.17708333333333,CDP,1.4510426770894138,20,0.99,1.4510426770894138
28,COMPLETE,2,42,26989,2856,424f72a3df11b24bdd551a74968aa5efe8f47b52221df203d3bd3ed6f8a96c5a,f1c78e2ff146b5069b0310a8b0222fe8d495ed8d7dbf78dc149a7df8702a8f3a,26648,61.94921450000402,0.16991281509399414,0.1875,14269c18e6a56f09985dea654338c0b32f5e417a5600e334e252b0c1bbf8bd28,True,True,True,1,0.7603190666189885,0.8375886112176623,0.5180663011096814,0.043774959546836585,0.4894864773265651,-0.05783347071458896,0.8357359201412101,0.8727935475512738,0.7770565378017552,0.4190535664326593,0.0,0.21456027030944824,9.473984391661361e-06,-1.493191123008728,94.287109375,5.712890625,0.0,-0.24844041466712952,-0.19123902916908264,-0.6970049738883972,0.003604453057050705,-0.1511930525302887,-0.11638207733631134,-0.4241754114627838,0.002193557098507881,90.185546875,9.814453125,0.0,-0.05823620781302452,CDP_NEG,295,142819,61.948824300001434,1024,1024,500,50,75,355,EARLY_STOPPING,False,0,2048,deterministic_evenly_spaced_full_fold,3.663600349426268,6.020027899742124,768,753,98.046875,CDP,1.4524627365104603,20,0.99,1.4524627365104603
28,COMPLETE,3,42,26466,3379,ad1e190147cfc7079fe69ab58be273b0089b28a9cb71d4377b9a01145e874910,b3de2bff6a2b887166deba8883b54b43de7150168fdd2094f9852f380bd9133e,26648,19.215817100004642,0.172637939453125,0.189453125,14269c18e6a56f09985dea654338c0b32f5e417a5600e334e252b0c1bbf8bd28,True,True,True,1,0.6916067195057936,1.1787703964373824,0.6154991042340546,0.03607493032112082,0.5552495050663456,-0.12315589825212545,1.1724926951424501,0.8408452871754267,0.6147277481702905,0.7245726956855881,0.0,0.2803327441215515,5.603881072602235e-05,-0.21911540627479553,80.95703125,19.04296875,0.0,-0.09140586853027344,-0.06390736997127533,-0.3189595639705658,0.0343802273273468,-0.0558270588517189,-0.03903207182884216,-0.194807767868042,0.020998070016503334,99.267578125,0.732421875,0.0,-0.04162674397230148,CDP_NEG,55,142819,19.21543369999563,1024,1024,500,50,75,115,EARLY_STOPPING,False,0,2048,deterministic_evenly_spaced_full_fold,3.652750015258789,5.9806626215577126,768,752,97.91666666666667,CDP,1.4666426917497317,20,0.99,1.4666426917497317
28,COMPLETE,4,42,27061,2784,2cf8e61e68345fca034455d14ca0a91ba8af3af3a30bcfad11a389cf00a64d26,e85c7d3201b31d98e24a7a8ea73439fb69c13286f849eaf6812d38684b5bedb5,26648,83.3434103000036,0.1647186279296875,0.1875,14269c18e6a56f09985dea654338c0b32f5e417a5600e334e252b0c1bbf8bd28,True,True,True,1,0.7389025762091341,0.899655068410872,0.48676883137192617,0.028231198640464604,0.5108851522570294,0.020556989892768263,0.8995817529297998,0.8599749316554702,0.7591292726348807,0.5230822625266393,0.0,0.18964408338069916,1.1807713235612027e-05,-1.6769949197769165,93.26171875,6.73828125,0.0,-0.24419012665748596,-0.18069341778755188,-0.7669388651847839,0.009549485519528389,-0.14814531803131104,-0.10962311923503876,-0.46528664231300354,0.005793483462184668,69.62890625,30.37109375,0.0,-0.028557538986206055,CDP_NEG,370,142819,83.34302120000211,1024,1024,500,50,75,430,EARLY_STOPPING,False,0,2048,deterministic_evenly_spaced_full_fold,3.65000057220459,6.01635006070137,768,736,95.83333333333333,CDP,1.460840537792371,20,0.99,1.460840537792371
29,COMPLETE,0,42,25813,4032,81354305b7b8066000bae764cd84c6a44c1e035572eb00baa18e30401895a2a4,6d4d4bf8c14384a72deec9ae950f7dbc99365946e460adffb80cf5c9ed8ff111,26648,252.72503280000092,0.05185079574584961,0.05859375,14269c18e6a56f09985dea654338c0b32f5e417a5600e334e252b0c1bbf8bd28,True,True,True,1,0.8524484715105259,0.5956042765642773,0.37726429757781765,0.026467190320792977,0.38407672849096297,-0.017415688820908562,0.5954234433435268,0.923378386793038,0.8459042551836058,0.29744232742086896,0.0,0.138020321726799,0.01890980638563633,0.13804985582828522,41.40625,58.59375,0.0,0.026561453938484192,0.040350522845983505,-0.5198376774787903,0.4771714210510254,0.015933915972709656,0.024205824360251427,-0.3118447959423065,0.2862497866153717,56.396484375,43.603515625,0.0,-0.012209571897983551,CDP_NEG,70,33825,252.72471349999978,64,64,600,0,75,130,EARLY_STOPPING,False,0,2048,deterministic_evenly_spaced_full_fold,3.6649999618530273,6.109466117620462,768,765,99.609375,CDP,1.4710406730757069,20,0.99,1.4710406730757069
29,COMPLETE,1,42,27493,2352,db92a7db6dfa639d2026ff19c5b1159be2b53d1e09d9e6a72b1b767a05c21400,2ea764e1783688df4d4bc4d6bc4b7c6a52ae545bfb933c403a7aa96e5d21a797,26648,469.8700179000007,0.0479731559753418,0.056640625,14269c18e6a56f09985dea654338c0b32f5e417a5600e334e252b0c1bbf8bd28,True,True,True,1,0.7202337084585159,0.9737059967180588,0.47452699099223883,0.026718573286736706,0.528816927951704,-0.0964387366595697,0.9691244805516379,0.8505348332022785,0.7410757408200773,0.48950675137248284,0.0,0.1932159811258316,0.02591720037162304,0.1932564526796341,42.08984375,57.91015625,0.0,0.041347384452819824,0.04090043157339096,-0.4474063813686371,0.532115638256073,0.02514004334807396,0.02486828714609146,-0.27203208208084106,0.3235369920730591,51.26953125,48.73046875,0.0,-0.002293710131198168,CDP_NEG,160,33825,469.8696506999986,64,64,600,0,75,220,EARLY_STOPPING,False,0,2048,deterministic_evenly_spaced_full_fold,3.6464000701904276,5.997169941663727,768,765,99.609375,CDP,1.4510426770894138,20,0.99,1.4510426770894138
29,COMPLETE,2,42,26989,2856,424f72a3df11b24bdd551a74968aa5efe8f47b52221df203d3bd3ed6f8a96c5a,f1c78e2ff146b5069b0310a8b0222fe8d495ed8d7dbf78dc149a7df8702a8f3a,26648,207.89056179999898,0.04988908767700195,0.056640625,14269c18e6a56f09985dea654338c0b32f5e417a5600e334e252b0c1bbf8bd28,True,True,True,1,0.7746441702921911,0.8121727585988031,0.4666234743846607,0.04244664883995927,0.47463346237383003,-0.06064072683067465,0.8100475578180943,0.8813230372242594,0.8021179721573523,0.362638668905346,0.0,0.18814967572689056,0.02945694699883461,0.18819567561149597,53.955078125,46.044921875,0.0,-0.02476004883646965,-0.02017945423722267,-0.6783945560455322,0.590620219707489,-0.015068190172314644,-0.012280583381652832,-0.41284966468811035,0.3594329357147217,62.40234375,37.59765625,0.0,-0.023765135556459427,CDP_NEG,40,33825,207.89019670000562,64,64,600,0,75,100,EARLY_STOPPING,False,0,2048,deterministic_evenly_spaced_full_fold,3.663600349426268,6.020027899742124,768,765,99.609375,CDP,1.4524627365104603,20,0.99,1.4524627365104603
29,COMPLETE,3,42,26466,3379,ad1e190147cfc7079fe69ab58be273b0089b28a9cb71d4377b9a01145e874910,b3de2bff6a2b887166deba8883b54b43de7150168fdd2094f9852f380bd9133e,26648,392.53086160000385,0.04974651336669922,0.056640625,14269c18e6a56f09985dea654338c0b32f5e417a5600e334e252b0c1bbf8bd28,True,True,True,1,0.7407995421159668,1.0806738666685436,0.46772819529256165,0.033072797346921555,0.5090419910606551,-0.024350454489944835,1.0805593968098692,0.8615606849158903,0.7105646425567237,0.6125047237275064,0.0,0.200548455119133,0.01871110498905182,0.20057767629623413,36.23046875,63.76953125,0.0,0.06848675012588501,0.06719982624053955,-0.3255419135093689,0.46119385957717896,0.04182897135615349,0.04104296863079071,-0.19882802665233612,0.28167879581451416,61.083984375,38.916015625,0.0,-0.01472645066678524,CDP_NEG,135,33825,392.5305268000011,64,64,600,0,75,195,EARLY_STOPPING,False,0,2048,deterministic_evenly_spaced_full_fold,3.652750015258789,5.9806626215577126,768,765,99.609375,CDP,1.4666426917497317,20,0.99,1.4666426917497317
29,COMPLETE,4,42,27061,2784,2cf8e61e68345fca034455d14ca0a91ba8af3af3a30bcfad11a389cf00a64d26,e85c7d3201b31d98e24a7a8ea73439fb69c13286f849eaf6812d38684b5bedb5,26648,290.41465840000456,0.049655914306640625,0.056640625,14269c18e6a56f09985dea654338c0b32f5e417a5600e334e252b0c1bbf8bd28,True,True,True,1,0.7414771393930054,0.8952085348052261,0.465556533856111,0.02809166630425021,0.5083601089622153,0.03963347132485487,0.8944914232872934,0.8644906738812513,0.8106367577892618,0.43469938888045145,0.0,0.1761474907398224,0.016523491591215134,0.17617329955101013,58.3984375,41.6015625,0.0,-0.07363153994083405,-0.04886644333600998,-0.6078023314476013,0.35459911823272705,-0.044670794159173965,-0.02964630536735058,-0.3687416613101959,0.21512827277183533,51.171875,48.828125,0.0,-0.0026792259886860847,CDP_NEG,80,33825,290.4143427000017,64,64,600,0,75,140,EARLY_STOPPING,False,0,2048,deterministic_evenly_spaced_full_fold,3.65000057220459,6.01635006070137,768,754,98.17708333333333,CDP,1.460840537792371,20,0.99,1.460840537792371
30,COMPLETE,0,42,25813,4032,81354305b7b8066000bae764cd84c6a44c1e035572eb00baa18e30401895a2a4,6d4d4bf8c14384a72deec9ae950f7dbc99365946e460adffb80cf5c9ed8ff111,26648,124.97651570000016,0.1266155242919922,0.13671875,14269c18e6a56f09985dea654338c0b32f5e417a5600e334e252b0c1bbf8bd28,True,True,True,1,0.8448676892701411,0.610712883334065,0.386509239499338,0.027138579675424046,0.39381954681602627,-0.02129992453572211,0.6104170312331632,0.9195317544277053,0.8253454961196682,0.3355650277377848,0.0,0.04534776881337166,2.1865283997613005e-05,-11.678947448730469,99.951171875,0.048828125,0.0,-1.099693775177002,-0.9198859930038452,-2.0514302253723145,-0.6491984128952026,-0.6596938967704773,-0.5518292188644409,-1.2306299209594727,-0.38944682478904724,81.689453125,18.310546875,0.0,-0.019952353090047836,CDP_NEG,95,45427,124.97613789999741,256,256,400,200,200,200,EARLY_STOPPING,False,0,2048,deterministic_evenly_spaced_full_fold,3.6649999618530273,6.109466117620462,1536,1520,98.95833333333333,CDP,1.4710406730757069,20,0.99,1.4710406730757069
30,COMPLETE,1,42,27493,2352,db92a7db6dfa639d2026ff19c5b1159be2b53d1e09d9e6a72b1b767a05c21400,2ea764e1783688df4d4bc4d6bc4b7c6a52ae545bfb933c403a7aa96e5d21a797,26648,226.50043110000115,0.10638761520385742,0.11328125,14269c18e6a56f09985dea654338c0b32f5e417a5600e334e252b0c1bbf8bd28,True,True,True,1,0.7091094067234742,0.9928759482926094,0.5056359704067538,0.027244598347457506,0.5392280735488406,0.025667340756032844,0.992755190441308,0.8422030246408749,0.7105338390513356,0.6807291394574427,0.0,0.05848286300897598,1.233449060154357e-15,-33.83626174926758,100.0,0.0,0.0,-2.7280869483947754,-2.499530553817749,-4.251651287078857,-1.9024474620819092,-1.6587318181991577,-1.5197649002075195,-2.585089683532715,-1.156726360321045,37.3046875,62.6953125,0.0,0.019881393760442734,CDP_NEG,265,45427,226.50003569999535,256,256,400,200,200,325,EARLY_STOPPING,False,0,2048,deterministic_evenly_spaced_full_fold,3.6464000701904276,5.997169941663727,1536,1520,98.95833333333333,CDP,1.4510426770894138,20,0.99,1.4510426770894138
30,COMPLETE,2,42,26989,2856,424f72a3df11b24bdd551a74968aa5efe8f47b52221df203d3bd3ed6f8a96c5a,f1c78e2ff146b5069b0310a8b0222fe8d495ed8d7dbf78dc149a7df8702a8f3a,26648,161.60041939999792,0.11144208908081055,0.11328125,14269c18e6a56f09985dea654338c0b32f5e417a5600e334e252b0c1bbf8bd28,True,True,True,1,0.7628878904897456,0.83308801582477,0.5010743722324821,0.04353974457540315,0.4868563310289257,0.09815836022934075,0.8274299356564175,0.8756926542391414,0.7893002325587785,0.5488555317539756,0.0,0.05913948267698288,9.469835049458197e-08,-12.958383560180664,100.0,0.0,0.0,-1.1697319746017456,-0.975472092628479,-2.3249990940093994,-0.6650862097740173,-0.7118622064590454,-0.5936417579650879,-1.414921522140503,-0.40475064516067505,79.736328125,20.263671875,0.0,-0.022394366562366486,CDP_NEG,90,45427,161.5999981999994,256,256,400,200,200,200,EARLY_STOPPING,False,0,2048,deterministic_evenly_spaced_full_fold,3.663600349426268,6.020027899742124,1536,1527,99.4140625,CDP,1.4524627365104603,20,0.99,1.4524627365104603
30,COMPLETE,3,42,26466,3379,ad1e190147cfc7079fe69ab58be273b0089b28a9cb71d4377b9a01145e874910,b3de2bff6a2b887166deba8883b54b43de7150168fdd2094f9852f380bd9133e,26648,142.18688480000128,0.11887645721435547,0.134765625,14269c18e6a56f09985dea654338c0b32f5e417a5600e334e252b0c1bbf8bd28,True,True,True,1,0.7488536081741173,1.0637516302115397,0.4820384363886957,0.032554911503411256,0.5010709193016722,0.012220815512139877,1.063838859856561,0.8655371699667666,0.7349894422665358,0.5953332156891905,0.0,0.05690884217619896,7.18278214684176e-10,-18.570722579956055,100.0,0.0,0.0,-1.499875783920288,-1.3142210245132446,-2.6175742149353027,-1.0021785497665405,-0.9160642027854919,-0.8026737570762634,-1.5987098217010498,-0.6120907068252563,64.013671875,35.986328125,0.0,-0.013094160705804825,CDP_NEG,140,45427,142.18649949999963,256,256,400,200,200,200,EARLY_STOPPING,False,0,2048,deterministic_evenly_spaced_full_fold,3.652750015258789,5.9806626215577126,1536,1525,99.28385416666667,CDP,1.4666426917497317,20,0.99,1.4666426917497317
30,COMPLETE,4,42,27061,2784,2cf8e61e68345fca034455d14ca0a91ba8af3af3a30bcfad11a389cf00a64d26,e85c7d3201b31d98e24a7a8ea73439fb69c13286f849eaf6812d38684b5bedb5,26648,126.14189669999905,0.1109151840209961,0.115234375,14269c18e6a56f09985dea654338c0b32f5e417a5600e334e252b0c1bbf8bd28,True,True,True,1,0.7348904470123955,0.9065409492731517,0.4766848986827813,0.028447277754853378,0.5147954223330524,-0.06182884890707404,0.904592511189226,0.8589926058328964,0.7737475837273871,0.4101984431395872,0.0,0.05546312779188156,3.737372367140779e-07,-13.008684158325195,100.0,0.0,0.0,-1.0474276542663574,-0.8852195143699646,-2.0501837730407715,-0.6471689939498901,-0.6354537010192871,-0.5370451807975769,-1.243806004524231,-0.3926246166229248,78.125,21.875,0.0,-0.019238077104091644,CDP_NEG,90,45427,126.14152310000645,256,256,400,200,200,200,EARLY_STOPPING,False,0,2048,deterministic_evenly_spaced_full_fold,3.65000057220459,6.01635006070137,1536,1529,99.54427083333333,CDP,1.460840537792371,20,0.99,1.460840537792371
31,COMPLETE,0,42,25813,4032,81354305b7b8066000bae764cd84c6a44c1e035572eb00baa18e30401895a2a4,6d4d4bf8c14384a72deec9ae950f7dbc99365946e460adffb80cf5c9ed8ff111,26648,134.42655260000174,0.051825523376464844,0.072265625,14269c18e6a56f09985dea654338c0b32f5e417a5600e334e252b0c1bbf8bd28,True,True,True,1,0.8537480085489172,0.5929756301019378,0.38453595506132204,0.026350379732047464,0.38238164003485153,0.03576888306939971,0.5919692530064663,0.9253298699710807,0.8153194217016507,0.4131197345850354,0.0,0.06973095238208771,0.00507719162851572,0.06975454092025757,71.923828125,28.076171875,0.0,-0.13171623647212982,-0.09355854988098145,-0.6356554627418518,0.19440604746341705,-0.0790150910615921,-0.0561247244477272,-0.3813225328922272,0.11662199348211288,63.8671875,36.1328125,0.0,-0.020055901259183884,CDP_NEG,165,8513,134.42607480000152,256,256,400,200,200,225,EARLY_STOPPING,False,0,2048,deterministic_evenly_spaced_full_fold,3.6649999618530273,6.109466117620462,320,320,100.0,CDP,1.4710406730757069,20,0.99,1.4710406730757069
31,COMPLETE,1,42,27493,2352,db92a7db6dfa639d2026ff19c5b1159be2b53d1e09d9e6a72b1b767a05c21400,2ea764e1783688df4d4bc4d6bc4b7c6a52ae545bfb933c403a7aa96e5d21a797,26648,126.38144480000483,0.04540443420410156,0.0703125,14269c18e6a56f09985dea654338c0b32f5e417a5600e334e252b0c1bbf8bd28,True,True,True,1,0.7072104982623472,0.9961113805902762,0.5020164925823635,0.027333378877977866,0.5409852275296262,-0.07911027756164826,0.9931761343210215,0.8422069168568816,0.6958568396940269,0.6091655644221572,0.0,0.09175356477499008,0.004757066257297993,0.09177566319704056,73.583984375,26.416015625,0.0,-0.1913028359413147,-0.14530542492866516,-0.7540496587753296,0.205094575881958,-0.11631596088409424,-0.0883486270904541,-0.4584773778915405,0.12470163404941559,62.939453125,37.060546875,0.0,-0.021540720015764236,CDP_NEG,100,8513,126.38107280000258,256,256,400,200,200,200,EARLY_STOPPING,False,0,2048,deterministic_evenly_spaced_full_fold,3.6464000701904276,5.997169941663727,320,304,95.0,CDP,1.4510426770894138,20,0.99,1.4510426770894138
31,COMPLETE,2,42,26989,2856,424f72a3df11b24bdd551a74968aa5efe8f47b52221df203d3bd3ed6f8a96c5a,f1c78e2ff146b5069b0310a8b0222fe8d495ed8d7dbf78dc149a7df8702a8f3a,26648,160.85654929999873,0.04732847213745117,0.068359375,14269c18e6a56f09985dea654338c0b32f5e417a5600e334e252b0c1bbf8bd28,True,True,True,1,0.7759752195644133,0.8097706841373855,0.47106492368332226,0.04232110903322267,0.47322969093920403,-0.010477286163477503,0.8098446926217759,0.8811097305757416,0.7600684926274993,0.5027480156280633,0.0,0.08398035168647766,0.0008578698034398258,0.08398433774709702,80.810546875,19.189453125,0.0,-0.20085397362709045,-0.14402902126312256,-0.6596457958221436,0.10133714228868484,-0.12223343551158905,-0.08765154331922531,-0.40143975615501404,0.061670608818531036,68.75,31.25,0.0,-0.02963213622570038,CDP_NEG,205,8513,160.85615650000545,256,256,400,200,200,265,EARLY_STOPPING,False,0,2048,deterministic_evenly_spaced_full_fold,3.663600349426268,6.020027899742124,320,311,97.1875,CDP,1.4524627365104603,20,0.99,1.4524627365104603
31,COMPLETE,3,42,26466,3379,ad1e190147cfc7079fe69ab58be273b0089b28a9cb71d4377b9a01145e874910,b3de2bff6a2b887166deba8883b54b43de7150168fdd2094f9852f380bd9133e,26648,155.58724559999973,0.049329280853271484,0.0703125,14269c18e6a56f09985dea654338c0b32f5e417a5600e334e252b0c1bbf8bd28,True,True,True,1,0.7435388537062506,1.0749482490759834,0.47905912190313915,0.03289757131789906,0.5063449888759408,-0.06674553579376231,1.0730328621266485,0.8644928322881505,0.7014381326321031,0.5901910352289435,0.0,0.09096112847328186,0.004230637103319168,0.09098078310489655,81.15234375,18.84765625,0.0,-0.1450432389974594,-0.09821178019046783,-0.5743158459663391,0.15491658449172974,-0.08858662843704224,-0.059983838349580765,-0.3507692217826843,0.09461686760187149,59.814453125,40.185546875,0.0,-0.01075194776058197,CDP_NEG,190,8513,155.5868726999979,256,256,400,200,200,250,EARLY_STOPPING,False,0,2048,deterministic_evenly_spaced_full_fold,3.652750015258789,5.9806626215577126,320,319,99.6875,CDP,1.4666426917497317,20,0.99,1.4666426917497317
31,COMPLETE,4,42,27061,2784,2cf8e61e68345fca034455d14ca0a91ba8af3af3a30bcfad11a389cf00a64d26,e85c7d3201b31d98e24a7a8ea73439fb69c13286f849eaf6812d38684b5bedb5,26648,123.7982678000044,0.0470585823059082,0.068359375,14269c18e6a56f09985dea654338c0b32f5e417a5600e334e252b0c1bbf8bd28,True,True,True,1,0.7438149252401962,0.8911517202766441,0.48034419646986254,0.027964363362461397,0.5060563745856902,-0.023175358998292494,0.8910103570228132,0.8631700124133632,0.7167709880382975,0.5677214179194308,0.0,0.08177920430898666,0.0037161512300372124,0.08179646730422974,85.791015625,14.208984375,0.0,-0.28852900862693787,-0.24345366656780243,-0.9723305106163025,0.15124620497226715,-0.17504484951496124,-0.1476985216140747,-0.5898936986923218,0.09175807982683182,48.53515625,51.46484375,0.0,0.0018023850861936808,CDP_NEG,100,8513,123.79790800000046,256,256,400,200,200,200,EARLY_STOPPING,False,0,2048,deterministic_evenly_spaced_full_fold,3.65000057220459,6.01635006070137,320,320,100.0,CDP,1.460840537792371,20,0.99,1.460840537792371
32,COMPLETE,0,42,25813,4032,81354305b7b8066000bae764cd84c6a44c1e035572eb00baa18e30401895a2a4,6d4d4bf8c14384a72deec9ae950f7dbc99365946e460adffb80cf5c9ed8ff111,26648,599.8144872999983,0.05205392837524414,0.05859375,14269c18e6a56f09985dea654338c0b32f5e417a5600e334e252b0c1bbf8bd28,True,True,True,1,0.8550626436715407,0.5903045337826743,0.36996058907878626,0.026231682775983072,0.3806591776950832,-0.027119219484799062,0.5897544005791377,0.9249141372640677,0.8646043659406082,0.24952956662238424,0.0,0.1347319334745407,0.043800417333841324,0.1347896009683609,44.82421875,55.17578125,0.0,0.034449417144060135,0.040610428899526596,-0.5475870966911316,0.7005372047424316,0.020665820688009262,0.024361740797758102,-0.32849133014678955,0.42024436593055725,55.17578125,44.82421875,0.0,-0.012558206915855408,CDP_NEG,115,33825,599.8141353999963,64,64,600,300,300,300,EARLY_STOPPING,False,0,2048,deterministic_evenly_spaced_full_fold,3.6649999618530273,6.109466117620462,1792,1770,98.77232142857143,CDP,1.4710406730757069,20,0.99,1.4710406730757069
32,COMPLETE,1,42,27493,2352,db92a7db6dfa639d2026ff19c5b1159be2b53d1e09d9e6a72b1b767a05c21400,2ea764e1783688df4d4bc4d6bc4b7c6a52ae545bfb933c403a7aa96e5d21a797,26648,626.7507238000035,0.04817628860473633,0.056640625,14269c18e6a56f09985dea654338c0b32f5e417a5600e334e252b0c1bbf8bd28,True,True,True,1,0.7218148329434608,0.9709506043874652,0.4758485138153366,0.026642965092716315,0.5273204822971866,-0.08986196021840838,0.9669888659982745,0.8510364692367202,0.7311463595923992,0.518553713294663,0.0,0.19012372195720673,0.05721433833241463,0.19019904732704163,44.23828125,55.76171875,0.0,0.059701107442379,0.03510730713605881,-0.5490482449531555,0.8214272260665894,0.03629947453737259,0.021345946937799454,-0.33383238315582275,0.49944430589675903,45.458984375,54.541015625,0.0,0.00820272695273161,CDP_NEG,195,33825,626.7503496000063,64,64,600,300,300,300,EARLY_STOPPING,False,0,2048,deterministic_evenly_spaced_full_fold,3.6464000701904276,5.997169941663727,1792,1769,98.71651785714286,CDP,1.4510426770894138,20,0.99,1.4510426770894138
32,COMPLETE,2,42,26989,2856,424f72a3df11b24bdd551a74968aa5efe8f47b52221df203d3bd3ed6f8a96c5a,f1c78e2ff146b5069b0310a8b0222fe8d495ed8d7dbf78dc149a7df8702a8f3a,26648,613.8597111999989,0.050092220306396484,0.05859375,14269c18e6a56f09985dea654338c0b32f5e417a5600e334e252b0c1bbf8bd28,True,True,True,1,0.7729008283289658,0.8153081713155318,0.4649202249427678,0.04261051516168242,0.47646579641601006,-0.05026686697394824,0.813899625559777,0.8796790289334331,0.7812536366794093,0.4176423691261512,0.0,0.186246857047081,0.07074995338916779,0.18634000420570374,43.896484375,56.103515625,0.0,0.11607389152050018,0.05146075040102005,-0.49475008249282837,0.9897032976150513,0.07063893973827362,0.03131740167737007,-0.30108940601348877,0.6023024320602417,59.66796875,40.33203125,0.0,-0.020608969032764435,CDP_NEG,85,33825,613.8593278999979,64,64,600,300,300,300,EARLY_STOPPING,False,0,2048,deterministic_evenly_spaced_full_fold,3.663600349426268,6.020027899742124,1792,1768,98.66071428571429,CDP,1.4524627365104603,20,0.99,1.4524627365104603
32,COMPLETE,3,42,26466,3379,ad1e190147cfc7079fe69ab58be273b0089b28a9cb71d4377b9a01145e874910,b3de2bff6a2b887166deba8883b54b43de7150168fdd2094f9852f380bd9133e,26648,603.5244639000011,0.04994964599609375,0.056640625,14269c18e6a56f09985dea654338c0b32f5e417a5600e334e252b0c1bbf8bd28,True,True,True,1,0.7404384806200233,1.0814262841968194,0.47094702948423706,0.03309582423153536,0.5093964107690572,-0.02163840971655797,1.0813698046709344,0.8616747413136231,0.7045211383267171,0.6285145113801927,0.0,0.20145566761493683,0.03368712216615677,0.2015000283718109,36.71875,63.28125,0.0,0.08771680295467377,0.0806315541267395,-0.37810713052749634,0.5971771478652954,0.05357392132282257,0.04924653843045235,-0.23093274235725403,0.36473196744918823,66.2109375,33.7890625,0.0,-0.020387347787618637,CDP_NEG,190,33825,603.5240952999957,64,64,600,300,300,300,EARLY_STOPPING,False,0,2048,deterministic_evenly_spaced_full_fold,3.652750015258789,5.9806626215577126,1792,1768,98.66071428571429,CDP,1.4666426917497317,20,0.99,1.4666426917497317
32,COMPLETE,4,42,27061,2784,2cf8e61e68345fca034455d14ca0a91ba8af3af3a30bcfad11a389cf00a64d26,e85c7d3201b31d98e24a7a8ea73439fb69c13286f849eaf6812d38684b5bedb5,26648,616.7011383999998,0.04985761642456055,0.056640625,14269c18e6a56f09985dea654338c0b32f5e417a5600e334e252b0c1bbf8bd28,True,True,True,1,0.7417014768601544,0.894820034535196,0.4680481843381298,0.028079475156019957,0.5081394921652057,0.003264047568200635,0.8949748312181084,0.8620987236402433,0.7767064459087061,0.4691183063010242,0.0,0.18071074783802032,0.05056406930088997,0.18077732622623444,44.384765625,55.615234375,0.0,-0.03242773562669754,0.0614650659263134,-1.0290067195892334,0.7684895992279053,-0.019673265516757965,0.03728964179754257,-0.6242780089378357,0.4662274420261383,62.5,37.5,0.0,-0.020843874663114548,CDP_NEG,30,33825,616.7007775999955,64,64,600,300,300,300,EARLY_STOPPING,False,0,2048,deterministic_evenly_spaced_full_fold,3.65000057220459,6.01635006070137,1792,1732,96.65178571428571,CDP,1.460840537792371,20,0.99,1.460840537792371
33,COMPLETE,0,42,25813,4032,81354305b7b8066000bae764cd84c6a44c1e035572eb00baa18e30401895a2a4,6d4d4bf8c14384a72deec9ae950f7dbc99365946e460adffb80cf5c9ed8ff111,26648,332.11310579999554,0.07201623916625977,0.09765625,14269c18e6a56f09985dea654338c0b32f5e417a5600e334e252b0c1bbf8bd28,True,True,True,1,0.838025610273938,0.6240352568444403,0.3826509841808094,0.027730593213771665,0.4024105086927874,-0.03190587932996485,0.6232963744572811,0.9157414620215522,0.8491590123461185,0.2763018145115512,0.0,0.06242716684937477,0.038938477635383606,0.06247183308005333,37.158203125,62.841796875,0.0,0.11053343117237091,0.064401775598526,-0.25139933824539185,0.6409311890602112,0.06630776077508926,0.03863389790058136,-0.15081162750720978,0.38448742032051086,57.666015625,42.333984375,0.0,-0.020962849259376526,CDP_NEG,95,51185,332.1127634000004,128,128,600,300,300,300,EARLY_STOPPING,False,0,2048,deterministic_evenly_spaced_full_fold,3.6649999618530273,6.109466117620462,1792,1770,98.77232142857143,CDP,1.4710406730757069,20,0.99,1.4710406730757069
33,COMPLETE,1,42,27493,2352,db92a7db6dfa639d2026ff19c5b1159be2b53d1e09d9e6a72b1b767a05c21400,2ea764e1783688df4d4bc4d6bc4b7c6a52ae545bfb933c403a7aa96e5d21a797,26648,356.2809474999958,0.0646967887878418,0.076171875,14269c18e6a56f09985dea654338c0b32f5e417a5600e334e252b0c1bbf8bd28,True,True,True,1,0.7266543477241363,0.9624678623236362,0.4616609128195235,0.02641019794712121,0.5227135294655101,-0.07850745962584252,0.9594646239459844,0.8536126611131555,0.7401554175124433,0.5095207196586528,0.0,0.07513803988695145,0.014852253720164299,0.07515507936477661,38.916015625,61.083984375,0.0,0.040588878095149994,0.028584841638803482,-0.3331460952758789,0.4858342409133911,0.024678852409124374,0.017380159348249435,-0.20255953073501587,0.29539698362350464,50.927734375,49.072265625,0.0,-0.0012927884235978127,CDP_NEG,135,51185,356.28059349999967,128,128,600,300,300,300,EARLY_STOPPING,False,0,2048,deterministic_evenly_spaced_full_fold,3.6464000701904276,5.997169941663727,1792,1769,98.71651785714286,CDP,1.4510426770894138,20,0.99,1.4510426770894138
33,COMPLETE,2,42,26989,2856,424f72a3df11b24bdd551a74968aa5efe8f47b52221df203d3bd3ed6f8a96c5a,f1c78e2ff146b5069b0310a8b0222fe8d495ed8d7dbf78dc149a7df8702a8f3a,26648,340.6078095000048,0.06721305847167969,0.076171875,14269c18e6a56f09985dea654338c0b32f5e417a5600e334e252b0c1bbf8bd28,True,True,True,1,0.7545019190653953,0.8476919729504465,0.46959455477475537,0.04430299233670072,0.4953908782192026,-0.09587175752550196,0.8424005935828858,0.8706842384058487,0.7765395385557966,0.38212116645144545,0.0,0.0793038159608841,0.1178031712770462,0.0794389471411705,44.775390625,55.224609375,0.0,0.12489378452301025,0.027816839516162872,-0.44836875796318054,1.2095552682876587,0.0760064497590065,0.016928456723690033,-0.2728631794452667,0.7360973954200745,65.380859375,34.619140625,0.0,-0.028417697176337242,CDP_NEG,70,51185,340.60746060000383,128,128,600,300,300,300,EARLY_STOPPING,False,0,2048,deterministic_evenly_spaced_full_fold,3.663600349426268,6.020027899742124,1792,1768,98.66071428571429,CDP,1.4524627365104603,20,0.99,1.4524627365104603
33,COMPLETE,3,42,26466,3379,ad1e190147cfc7079fe69ab58be273b0089b28a9cb71d4377b9a01145e874910,b3de2bff6a2b887166deba8883b54b43de7150168fdd2094f9852f380bd9133e,26648,335.386563,0.06852293014526367,0.078125,14269c18e6a56f09985dea654338c0b32f5e417a5600e334e252b0c1bbf8bd28,True,True,True,1,0.7202565744303108,1.1226818753968684,0.4946699493597774,0.03435840478360598,0.5288294968596813,-0.006017664569165044,1.1228319085452194,0.8496747670971462,0.6870939873877455,0.6824808526396159,0.0,0.08506418764591217,0.012385865673422813,0.0850783959031105,46.337890625,53.662109375,0.0,0.019688306376338005,0.01562858559191227,-0.4013354182243347,0.37326040863990784,0.012024830095469952,0.009545315988361835,-0.24511966109275818,0.22797256708145142,58.203125,41.796875,0.0,-0.012417270801961422,CDP_NEG,165,51185,335.38621240000066,128,128,600,300,300,300,EARLY_STOPPING,False,0,2048,deterministic_evenly_spaced_full_fold,3.652750015258789,5.9806626215577126,1792,1768,98.66071428571429,CDP,1.4666426917497317,20,0.99,1.4666426917497317
33,COMPLETE,4,42,27061,2784,2cf8e61e68345fca034455d14ca0a91ba8af3af3a30bcfad11a389cf00a64d26,e85c7d3201b31d98e24a7a8ea73439fb69c13286f849eaf6812d38684b5bedb5,26648,343.73557560000336,0.06704568862915039,0.078125,14269c18e6a56f09985dea654338c0b32f5e417a5600e334e252b0c1bbf8bd28,True,True,True,1,0.7344021887771739,0.9073753637027895,0.4724603396367958,0.028473461700610707,0.5152692594267332,-0.012291120173787261,0.9074551048784681,0.8580145307082085,0.771959106600134,0.4634674470087275,0.0,0.07778190821409225,0.018282730132341385,0.0778028815984726,51.708984375,48.291015625,0.0,-0.0415804460644722,-0.012149235233664513,-0.6456151604652405,0.40426909923553467,-0.025226034224033356,-0.007370700128376484,-0.3916819393634796,0.24526207149028778,52.587890625,47.412109375,0.0,-0.004839484579861164,CDP_NEG,75,51185,343.7352205000061,128,128,600,300,300,300,EARLY_STOPPING,False,0,2048,deterministic_evenly_spaced_full_fold,3.65000057220459,6.01635006070137,1792,1732,96.65178571428571,CDP,1.460840537792371,20,0.99,1.460840537792371
34,COMPLETE,0,42,25813,4032,81354305b7b8066000bae764cd84c6a44c1e035572eb00baa18e30401895a2a4,6d4d4bf8c14384a72deec9ae950f7dbc99365946e460adffb80cf5c9ed8ff111,26648,510.7070034999997,0.13007211685180664,0.15234375,14269c18e6a56f09985dea654338c0b32f5e417a5600e334e252b0c1bbf8bd28,True,True,True,1,0.8512111786019967,0.5980962822492353,0.3894564870347422,0.026577928929193757,0.3856837038410741,-0.0027878464848433235,0.598163966537734,0.9226700920367233,0.8418346447812973,0.3203854510106412,0.0,0.14409227669239044,0.008847426623106003,0.14414741098880768,75.5859375,24.4140625,0.0,-0.1598787158727646,-0.10803478956222534,-0.727267861366272,0.28481242060661316,-0.09590943157672882,-0.06480885297060013,-0.4362798035144806,0.17085577547550201,54.98046875,45.01953125,0.0,-0.008470708504319191,CDP_NEG,120,55521,510.7066188000026,64,64,800,200,200,200,EARLY_STOPPING,False,0,2048,deterministic_evenly_spaced_full_fold,3.6649999618530273,6.109466117620462,1536,1496,97.39583333333333,CDP,1.4710406730757069,20,0.99,1.4710406730757069
34,COMPLETE,1,42,27493,2352,db92a7db6dfa639d2026ff19c5b1159be2b53d1e09d9e6a72b1b767a05c21400,2ea764e1783688df4d4bc4d6bc4b7c6a52ae545bfb933c403a7aa96e5d21a797,26648,637.5771714000002,0.11210107803344727,0.138671875,14269c18e6a56f09985dea654338c0b32f5e417a5600e334e252b0c1bbf8bd28,True,True,True,1,0.711950579382036,0.9880152652276565,0.4936090752016753,0.027111220801121876,0.5365882505480385,-0.11962054506242022,0.9809557684815885,0.8463553342405837,0.7061451823311614,0.5453727819239488,0.0,0.1991145759820938,0.003654052736237645,0.199137344956398,65.869140625,34.130859375,0.0,-0.14764820039272308,-0.052473872900009155,-0.7403379082679749,0.23105891048908234,-0.08977307379245758,-0.031905170530080795,-0.4501403570175171,0.14048846065998077,41.162109375,58.837890625,0.0,0.013645024970173836,CDP_NEG,180,55521,637.576777299997,64,64,800,200,200,240,EARLY_STOPPING,False,0,2048,deterministic_evenly_spaced_full_fold,3.6464000701904276,5.997169941663727,1536,1500,97.65625,CDP,1.4510426770894138,20,0.99,1.4510426770894138
34,COMPLETE,2,42,26989,2856,424f72a3df11b24bdd551a74968aa5efe8f47b52221df203d3bd3ed6f8a96c5a,f1c78e2ff146b5069b0310a8b0222fe8d495ed8d7dbf78dc149a7df8702a8f3a,26648,527.5943507999982,0.12109231948852539,0.1328125,14269c18e6a56f09985dea654338c0b32f5e417a5600e334e252b0c1bbf8bd28,True,True,True,1,0.7724362499285139,0.8161416861314356,0.47725322146845217,0.04265407721214396,0.4769529021688487,-0.03779766628002169,0.8154087278015683,0.8791665961793387,0.7702153541476525,0.4537229993720356,0.0,0.19242212176322937,0.02702016569674015,0.19259048998355865,59.5703125,40.4296875,0.0,-0.09587114304304123,-0.05983361601829529,-0.9408861994743347,0.7306524515151978,-0.05834416300058365,-0.03641286492347717,-0.5725938677787781,0.44465216994285583,50.439453125,49.560546875,0.0,-0.0005957662942819297,CDP_NEG,65,55521,527.5939648999993,64,64,800,200,200,200,EARLY_STOPPING,False,0,2048,deterministic_evenly_spaced_full_fold,3.663600349426268,6.020027899742124,1536,1495,97.33072916666667,CDP,1.4524627365104603,20,0.99,1.4524627365104603
34,COMPLETE,3,42,26466,3379,ad1e190147cfc7079fe69ab58be273b0089b28a9cb71d4377b9a01145e874910,b3de2bff6a2b887166deba8883b54b43de7150168fdd2094f9852f380bd9133e,26648,752.7255686999997,0.1264042854309082,0.15234375,14269c18e6a56f09985dea654338c0b32f5e417a5600e334e252b0c1bbf8bd28,True,True,True,1,0.7569923044613146,1.046373616211696,0.4678901219644904,0.03202307710541606,0.49288515750988304,-0.04067565052899,1.0457374777654034,0.8727014122053534,0.7047263677124291,0.6090256968617431,0.0,0.20203667879104614,0.0036845686845481396,0.20205964148044586,65.869140625,34.130859375,0.0,-0.0808803141117096,-0.05819524824619293,-0.39888760447502136,0.1442296952009201,-0.04939846321940422,-0.03554333746433258,-0.24362464249134064,0.08808974176645279,58.349609375,41.650390625,0.0,-0.014846413396298885,CDP_NEG,230,55521,752.7252063000051,64,64,800,200,200,290,EARLY_STOPPING,False,0,2048,deterministic_evenly_spaced_full_fold,3.652750015258789,5.9806626215577126,1536,1505,97.98177083333333,CDP,1.4666426917497317,20,0.99,1.4666426917497317
34,COMPLETE,4,42,27061,2784,2cf8e61e68345fca034455d14ca0a91ba8af3af3a30bcfad11a389cf00a64d26,e85c7d3201b31d98e24a7a8ea73439fb69c13286f849eaf6812d38684b5bedb5,26648,524.3068438999981,0.12095403671264648,0.130859375,14269c18e6a56f09985dea654338c0b32f5e417a5600e334e252b0c1bbf8bd28,True,True,True,1,0.7481180333815176,0.8836357443029754,0.4638690316352385,0.027728511847653174,0.5017882937795092,0.018194013252583716,0.8836071256229039,0.8658974287524726,0.7839076733084193,0.46902445069369136,0.0,0.17380177974700928,0.005482676438987255,0.17383594810962677,77.587890625,22.412109375,0.0,-0.3362627625465393,-0.26563435792922974,-1.2481471300125122,0.17152681946754456,-0.2040039747953415,-0.161155104637146,-0.7572261691093445,0.10406192392110825,45.99609375,54.00390625,0.0,0.003989348188042641,CDP_NEG,90,55521,524.3063968999995,64,64,800,200,200,200,EARLY_STOPPING,False,0,2048,deterministic_evenly_spaced_full_fold,3.65000057220459,6.01635006070137,1536,1511,98.37239583333333,CDP,1.460840537792371,20,0.99,1.460840537792371
35,COMPLETE,0,42,25813,4032,81354305b7b8066000bae764cd84c6a44c1e035572eb00baa18e30401895a2a4,6d4d4bf8c14384a72deec9ae950f7dbc99365946e460adffb80cf5c9ed8ff111,26648,183.2089352999974,0.08362913131713867,0.099609375,14269c18e6a56f09985dea654338c0b32f5e417a5600e334e252b0c1bbf8bd28,True,True,True,1,0.8031706830139959,0.6879087661420141,0.4435606963209769,0.030568974994352086,0.44359948172999114,-0.015215636693548211,0.6878257717686382,0.8963783500435802,0.817004426469395,0.3586923082112538,0.0,0.05324781686067581,0.07267855107784271,0.053281161934137344,72.75390625,27.24609375,0.0,-0.6852040886878967,-0.2825653553009033,-3.3974950313568115,0.6746248006820679,-0.41104623675346375,-0.16950777173042297,-2.038118839263916,0.40469983220100403,61.572265625,38.37890625,0.048828125,-0.010936686769127846,CDP_NEG,115,21665,183.2085378999982,256,256,600,300,300,300,EARLY_STOPPING,False,0,2048,deterministic_evenly_spaced_full_fold,3.6649999618530273,6.109466117620462,2560,2534,98.984375,CDP,1.4710406730757069,20,0.99,1.4710406730757069
35,COMPLETE,1,42,27493,2352,db92a7db6dfa639d2026ff19c5b1159be2b53d1e09d9e6a72b1b767a05c21400,2ea764e1783688df4d4bc4d6bc4b7c6a52ae545bfb933c403a7aa96e5d21a797,26648,196.20717299999524,0.07157039642333984,0.078125,14269c18e6a56f09985dea654338c0b32f5e417a5600e334e252b0c1bbf8bd28,True,True,True,1,0.6784957742357649,1.0438149059978952,0.5367325462264699,0.028642367570596787,0.5668928750572685,-0.06918829656522847,1.0417408230165437,0.8247369272268495,0.6940571589947837,0.6231602220729779,0.0,0.06482196599245071,0.07798482477664948,0.06485774368047714,74.4140625,25.5859375,0.0,-0.7168841361999512,-0.39362847805023193,-3.2638301849365234,0.596230149269104,-0.43588000535964966,-0.23933403193950653,-1.9844744205474854,0.3625199496746063,69.62890625,30.37109375,0.0,-0.02154136821627617,CDP_NEG,120,21665,196.20676529999764,256,256,600,300,300,300,EARLY_STOPPING,False,0,2048,deterministic_evenly_spaced_full_fold,3.6464000701904276,5.997169941663727,2560,2534,98.984375,CDP,1.4510426770894138,20,0.99,1.4510426770894138
35,COMPLETE,2,42,26989,2856,424f72a3df11b24bdd551a74968aa5efe8f47b52221df203d3bd3ed6f8a96c5a,f1c78e2ff146b5069b0310a8b0222fe8d495ed8d7dbf78dc149a7df8702a8f3a,26648,185.03999530000146,0.07451868057250977,0.078125,14269c18e6a56f09985dea654338c0b32f5e417a5600e334e252b0c1bbf8bd28,True,True,True,1,0.7403887584263446,0.8717175046880901,0.54485261415494,0.04555864059387751,0.5094313901586619,-0.0005418424486738293,0.8718699879555207,0.8606974526142226,0.7582543661011132,0.5165639652596942,0.0,0.06947632879018784,0.02334352768957615,0.06948703527450562,83.349609375,16.650390625,0.0,-0.7706120014190674,-0.3175390064716339,-3.1361238956451416,0.1727256178855896,-0.4689703583717346,-0.19324429333209991,-1.908546805381775,0.10511539876461029,79.98046875,20.01953125,0.0,-0.04536823183298111,CDP_NEG,10,21665,185.0396466999955,256,256,600,300,300,300,EARLY_STOPPING,False,0,2048,deterministic_evenly_spaced_full_fold,3.663600349426268,6.020027899742124,2560,2545,99.4140625,CDP,1.4524627365104603,20,0.99,1.4524627365104603
35,COMPLETE,3,42,26466,3379,ad1e190147cfc7079fe69ab58be273b0089b28a9cb71d4377b9a01145e874910,b3de2bff6a2b887166deba8883b54b43de7150168fdd2094f9852f380bd9133e,26648,186.26467419999972,0.07818889617919922,0.099609375,14269c18e6a56f09985dea654338c0b32f5e417a5600e334e252b0c1bbf8bd28,True,True,True,1,0.7135463095490656,1.136067086717362,0.5395990816883217,0.034768043986609105,0.5351344838048698,-0.11003456471110486,1.1308931472800565,0.8463146929796846,0.712968534929296,0.5215312414031121,0.0,0.06726153194904327,0.06270721554756165,0.067290298640728,76.85546875,23.14453125,0.0,-0.7033333778381348,-0.3644009232521057,-3.045010805130005,0.6559359431266785,-0.42956796288490295,-0.2225615382194519,-1.8597710132598877,0.4006195068359375,73.095703125,26.904296875,0.0,-0.021959111094474792,CDP_NEG,75,21665,186.2643115000028,256,256,600,300,300,300,EARLY_STOPPING,False,0,2048,deterministic_evenly_spaced_full_fold,3.652750015258789,5.9806626215577126,2560,2542,99.296875,CDP,1.4666426917497317,20,0.99,1.4666426917497317
35,COMPLETE,4,42,27061,2784,2cf8e61e68345fca034455d14ca0a91ba8af3af3a30bcfad11a389cf00a64d26,e85c7d3201b31d98e24a7a8ea73439fb69c13286f849eaf6812d38684b5bedb5,26648,214.79005500000494,0.0752720832824707,0.078125,14269c18e6a56f09985dea654338c0b32f5e417a5600e334e252b0c1bbf8bd28,True,True,True,1,0.6809323974728239,0.9945258872074667,0.5591028532129628,0.031208247316865775,0.5647592362337475,0.08668001941230447,0.9909192782839963,0.8285979032607829,0.7335811437251172,0.6425060006300075,0.0,0.0681111291050911,0.10549996793270111,0.06815952807664871,71.484375,28.515625,0.0,-0.5411851406097412,-0.23448117077350616,-3.0825650691986084,0.9167764782905579,-0.3283263146877289,-0.14225509762763977,-1.870131254196167,0.5561901926994324,66.943359375,33.056640625,0.0,-0.012488764710724354,CDP_NEG,290,21665,214.78969669999788,256,256,600,300,300,350,EARLY_STOPPING,False,0,2048,deterministic_evenly_spaced_full_fold,3.65000057220459,6.01635006070137,2560,2549,99.5703125,CDP,1.460840537792371,20,0.99,1.460840537792371
36,COMPLETE,0,42,25813,4032,81354305b7b8066000bae764cd84c6a44c1e035572eb00baa18e30401895a2a4,6d4d4bf8c14384a72deec9ae950f7dbc99365946e460adffb80cf5c9ed8ff111,26648,372.44264660000044,0.057457923889160156,0.06640625,14269c18e6a56f09985dea654338c0b32f5e417a5600e334e252b0c1bbf8bd28,True,True,True,1,0.8515894517230366,0.5973355136445462,0.3719022572441313,0.026544122242031367,0.3851931205321141,-0.013923324929713826,0.597247289837738,0.9231942788960208,0.8752303387015545,0.24101381230528854,0.0,0.13807637989521027,0.009363207966089249,0.1381669044494629,34.619140625,65.380859375,0.0,0.04219449311494827,0.03488022834062576,-0.26984140276908875,0.35316601395606995,0.025311999022960663,0.02092425897717476,-0.16187481582164764,0.2118603140115738,57.861328125,42.138671875,0.0,-0.009807752445340157,CDP_NEG,130,30081,372.44227469999896,128,128,600,300,300,300,EARLY_STOPPING,False,0,2048,deterministic_evenly_spaced_full_fold,3.6649999618530273,6.109466117620462,192,188,97.91666666666667,CDP,1.4710406730757069,20,0.99,1.4710406730757069
36,COMPLETE,1,42,27493,2352,db92a7db6dfa639d2026ff19c5b1159be2b53d1e09d9e6a72b1b767a05c21400,2ea764e1783688df4d4bc4d6bc4b7c6a52ae545bfb933c403a7aa96e5d21a797,26648,397.30107419999695,0.04987049102783203,0.06640625,14269c18e6a56f09985dea654338c0b32f5e417a5600e334e252b0c1bbf8bd28,True,True,True,1,0.7253103900556563,0.964831042410154,0.4608728888073974,0.026475043804643095,0.523996965777663,-0.05526999676707803,0.9634515178362358,0.8524276422393978,0.7091405989971983,0.6029447035823,0.0,0.1815849244594574,0.010510668158531189,0.18168653547763824,58.984375,41.015625,0.0,-0.05238641798496246,-0.021540720015764236,-0.4495027959346771,0.3263781666755676,-0.03185199201107025,-0.013097192160785198,-0.2733067572116852,0.19844450056552887,52.197265625,47.802734375,0.0,-0.002196062356233597,CDP_NEG,225,30081,397.3007018999997,128,128,600,300,300,300,EARLY_STOPPING,False,0,2048,deterministic_evenly_spaced_full_fold,3.6464000701904276,5.997169941663727,192,181,94.27083333333333,CDP,1.4510426770894138,20,0.99,1.4510426770894138
36,COMPLETE,2,42,26989,2856,424f72a3df11b24bdd551a74968aa5efe8f47b52221df203d3bd3ed6f8a96c5a,f1c78e2ff146b5069b0310a8b0222fe8d495ed8d7dbf78dc149a7df8702a8f3a,26648,397.0059567999997,0.05258035659790039,0.064453125,14269c18e6a56f09985dea654338c0b32f5e417a5600e334e252b0c1bbf8bd28,True,True,True,1,0.7724964169915863,0.8160337864890125,0.4600809649994769,0.04264843804463508,0.47688984565737386,-0.024561078376358465,0.8158069175104676,0.8802827319948824,0.8161413209647845,0.3687216841427975,0.0,0.18694564700126648,0.009594975970685482,0.18703840672969818,67.1875,32.8125,0.0,-0.06382647156715393,-0.04635338485240936,-0.4644532799720764,0.23309488594532013,-0.03884279355406761,-0.02820921689271927,-0.28265172243118286,0.14185425639152527,61.279296875,38.720703125,0.0,-0.009549252688884735,CDP_NEG,240,30081,397.0055805000011,128,128,600,300,300,300,EARLY_STOPPING,False,0,2048,deterministic_evenly_spaced_full_fold,3.663600349426268,6.020027899742124,192,183,95.3125,CDP,1.4524627365104603,20,0.99,1.4524627365104603
36,COMPLETE,3,42,26466,3379,ad1e190147cfc7079fe69ab58be273b0089b28a9cb71d4377b9a01145e874910,b3de2bff6a2b887166deba8883b54b43de7150168fdd2094f9852f380bd9133e,26648,565.8089007999952,0.055889129638671875,0.06640625,14269c18e6a56f09985dea654338c0b32f5e417a5600e334e252b0c1bbf8bd28,True,True,True,1,0.747107880039865,1.0674423168390945,0.4599424516218003,0.03266786077947768,0.5028093850194221,-0.0037238895340994073,1.0675938077268,0.8644392538233386,0.7368723863748453,0.575245400014507,0.0,0.1963837742805481,0.00790187157690525,0.19646017253398895,50.341796875,49.658203125,0.0,-0.0169666837900877,-0.0003701493260450661,-0.32863470911979675,0.19422069191932678,-0.010362573899328709,-0.00022607241407968104,-0.20071695744991302,0.11862224340438843,60.693359375,39.306640625,0.0,-0.014990516938269138,CDP_NEG,385,30081,565.8085026000044,128,128,600,300,300,445,EARLY_STOPPING,False,0,2048,deterministic_evenly_spaced_full_fold,3.652750015258789,5.9806626215577126,192,189,98.4375,CDP,1.4666426917497317,20,0.99,1.4666426917497317
36,COMPLETE,4,42,27061,2784,2cf8e61e68345fca034455d14ca0a91ba8af3af3a30bcfad11a389cf00a64d26,e85c7d3201b31d98e24a7a8ea73439fb69c13286f849eaf6812d38684b5bedb5,26648,422.4589855999948,0.052457332611083984,0.064453125,14269c18e6a56f09985dea654338c0b32f5e417a5600e334e252b0c1bbf8bd28,True,True,True,1,0.7446385729684265,0.8897180184918231,0.4725296992753634,0.027919373764448054,0.5052422214948581,0.054744343539750426,0.8881917433701918,0.8651702224762596,0.795223946278203,0.48196579693556885,0.0,0.18402151763439178,0.004601696040481329,0.1840660125017166,54.248046875,45.751953125,0.0,-0.0208992138504982,-0.006901312619447708,-0.3067704737186432,0.1746196448802948,-0.012679139152169228,-0.004186890088021755,-0.18611156940460205,0.10593828558921814,67.138671875,32.861328125,0.0,-0.015404751524329185,CDP_NEG,260,30081,422.4585834000027,128,128,600,300,300,320,EARLY_STOPPING,False,0,2048,deterministic_evenly_spaced_full_fold,3.65000057220459,6.01635006070137,192,190,98.95833333333333,CDP,1.460840537792371,20,0.99,1.460840537792371
37,COMPLETE,0,42,25813,4032,81354305b7b8066000bae764cd84c6a44c1e035572eb00baa18e30401895a2a4,6d4d4bf8c14384a72deec9ae950f7dbc99365946e460adffb80cf5c9ed8ff111,26648,444.92930329999945,0.0600433349609375,0.08203125,14269c18e6a56f09985dea654338c0b32f5e417a5600e334e252b0c1bbf8bd28,True,True,True,1,0.8532912899568023,0.593900786364433,0.3788812293717037,0.0263914914027312,0.3829782290867163,0.006168136790201681,0.5939424131131387,0.9238758233939125,0.8678419257244048,0.2762017392516264,0.0,0.13755372166633606,0.012082229368388653,0.13766168057918549,42.724609375,57.275390625,0.0,-0.011430160142481327,0.018634315580129623,-0.4338606894016266,0.3032665252685547,-0.006856825202703476,0.01117851585149765,-0.2602681517601013,0.1819261759519577,59.716796875,40.283203125,0.0,-0.01944529265165329,CDP_NEG,95,46449,444.9289465000038,128,128,800,400,400,400,EARLY_STOPPING,False,0,2048,deterministic_evenly_spaced_full_fold,3.6649999618530273,6.109466117620462,448,444,99.10714285714286,CDP,1.4710406730757069,20,0.99,1.4710406730757069
37,COMPLETE,1,42,27493,2352,db92a7db6dfa639d2026ff19c5b1159be2b53d1e09d9e6a72b1b767a05c21400,2ea764e1783688df4d4bc4d6bc4b7c6a52ae545bfb933c403a7aa96e5d21a797,26648,469.85624069999903,0.05321073532104492,0.0625,14269c18e6a56f09985dea654338c0b32f5e417a5600e334e252b0c1bbf8bd28,True,True,True,1,0.7200205158124662,0.9740769267263276,0.47865827794845667,0.026728751636920012,0.5290183789729763,-0.07057582204179445,0.9717234060268513,0.8496128282610996,0.7377745128366934,0.5228403435079058,0.0,0.1884148269891739,0.021926455199718475,0.1886107474565506,67.96875,32.03125,0.0,-0.0748143196105957,-0.071038156747818,-0.5237952470779419,0.3440474271774292,-0.04548861086368561,-0.04319262504577637,-0.3184780180454254,0.20918776094913483,43.45703125,56.494140625,0.048828125,0.007930451072752476,CDP_NEG,235,46449,469.8558716999978,128,128,800,400,400,400,EARLY_STOPPING,False,0,2048,deterministic_evenly_spaced_full_fold,3.6464000701904276,5.997169941663727,448,422,94.19642857142857,CDP,1.4510426770894138,20,0.99,1.4510426770894138
37,COMPLETE,2,42,26989,2856,424f72a3df11b24bdd551a74968aa5efe8f47b52221df203d3bd3ed6f8a96c5a,f1c78e2ff146b5069b0310a8b0222fe8d495ed8d7dbf78dc149a7df8702a8f3a,26648,459.49463220000325,0.05533742904663086,0.060546875,14269c18e6a56f09985dea654338c0b32f5e417a5600e334e252b0c1bbf8bd28,True,True,True,1,0.7706947140850822,0.8192586829982249,0.45306647448156145,0.0428169810648515,0.47877447399507567,-0.0247152965875859,0.8190291941198898,0.8804219427963461,0.832467612445193,0.3336447250046739,0.0,0.18536081910133362,0.018316607922315598,0.18552447855472565,70.703125,29.296875,0.0,-0.10892924666404724,-0.12422706186771393,-0.5504166483879089,0.3350430727005005,-0.06629091501235962,-0.07560069859027863,-0.3349663317203522,0.20389670133590698,56.15234375,43.84765625,0.0,-0.009395746514201164,CDP_NEG,190,46449,459.4942958000029,128,128,800,400,400,400,EARLY_STOPPING,False,0,2048,deterministic_evenly_spaced_full_fold,3.663600349426268,6.020027899742124,448,432,96.42857142857143,CDP,1.4524627365104603,20,0.99,1.4524627365104603
37,COMPLETE,3,42,26466,3379,ad1e190147cfc7079fe69ab58be273b0089b28a9cb71d4377b9a01145e874910,b3de2bff6a2b887166deba8883b54b43de7150168fdd2094f9852f380bd9133e,26648,453.06491720001213,0.0576481819152832,0.080078125,14269c18e6a56f09985dea654338c0b32f5e417a5600e334e252b0c1bbf8bd28,True,True,True,1,0.7420417750110586,1.07808116111709,0.4639814373114343,0.03299345053570662,0.5078207197438844,-0.03213124385755909,1.077761724450576,0.8620301075209194,0.7183361126392259,0.5876240851634327,0.0,0.19595478475093842,0.01099204272031784,0.19605299830436707,69.140625,30.859375,0.0,-0.06964650750160217,-0.04780970513820648,-0.46919864416122437,0.2520599961280823,-0.04253730922937393,-0.02920025959610939,-0.2865678071975708,0.15394818782806396,58.740234375,41.259765625,0.0,-0.012415659613907337,CDP_NEG,250,46449,453.06452739999804,128,128,800,400,400,400,EARLY_STOPPING,False,0,2048,deterministic_evenly_spaced_full_fold,3.652750015258789,5.9806626215577126,448,442,98.66071428571429,CDP,1.4666426917497317,20,0.99,1.4666426917497317
37,COMPLETE,4,42,27061,2784,2cf8e61e68345fca034455d14ca0a91ba8af3af3a30bcfad11a389cf00a64d26,e85c7d3201b31d98e24a7a8ea73439fb69c13286f849eaf6812d38684b5bedb5,26648,502.5070405000006,0.05511140823364258,0.060546875,14269c18e6a56f09985dea654338c0b32f5e417a5600e334e252b0c1bbf8bd28,True,True,True,1,0.7453428051392175,0.8884903455408132,0.46910065749603097,0.027880849356413866,0.5045450655464051,-0.02294457944809364,0.8883535936696486,0.8635386095261322,0.757485407899312,0.4830102654856227,0.0,0.1818716675043106,0.0037650857120752335,0.18190531432628632,71.630859375,28.369140625,0.0,-0.0686817467212677,-0.04977300018072128,-0.3610207140445709,0.1643890142440796,-0.04166786000132561,-0.03019629418849945,-0.21902412176132202,0.09973155707120895,57.568359375,42.431640625,0.0,-0.007660392671823502,CDP_NEG,370,46449,502.5066897999932,128,128,800,400,400,430,EARLY_STOPPING,False,0,2048,deterministic_evenly_spaced_full_fold,3.65000057220459,6.01635006070137,448,446,99.55357142857143,CDP,1.460840537792371,20,0.99,1.460840537792371
38,COMPLETE,0,42,25813,4032,81354305b7b8066000bae764cd84c6a44c1e035572eb00baa18e30401895a2a4,6d4d4bf8c14384a72deec9ae950f7dbc99365946e460adffb80cf5c9ed8ff111,26648,458.55910559999757,0.08338499069213867,0.08984375,14269c18e6a56f09985dea654338c0b32f5e417a5600e334e252b0c1bbf8bd28,True,True,True,1,0.8603035213831592,0.5795336801461465,0.37850379126665223,0.025753052510331137,0.37371356902411157,0.002836336857904421,0.5795986186317404,0.9276479064764791,0.8466539785015533,0.3161624717560375,0.0,0.13633771240711212,0.0024682311341166496,0.13638056814670563,63.037109375,36.962890625,0.0,-0.11252958327531815,-0.046266283839941025,-0.6052506566047668,0.1900283694267273,-0.06750522553920746,-0.02775462344288826,-0.3630830645561218,0.11399587988853455,63.720703125,36.279296875,0.0,-0.019924530759453773,CDP_NEG,205,46449,458.5587544000009,128,128,800,400,400,400,EARLY_STOPPING,False,0,2048,deterministic_evenly_spaced_full_fold,3.6649999618530273,6.109466117620462,320,320,100.0,CDP,1.4710406730757069,20,0.99,1.4710406730757069
38,COMPLETE,1,42,27493,2352,db92a7db6dfa639d2026ff19c5b1159be2b53d1e09d9e6a72b1b767a05c21400,2ea764e1783688df4d4bc4d6bc4b7c6a52ae545bfb933c403a7aa96e5d21a797,26648,486.91969229999813,0.0684504508972168,0.08984375,14269c18e6a56f09985dea654338c0b32f5e417a5600e334e252b0c1bbf8bd28,True,True,True,1,0.7118103206151274,0.9882557811386253,0.48576127498435984,0.02711782057766172,0.5367188740479356,-0.12563555285835093,0.9804457668336738,0.8472136247627162,0.6871892450415366,0.5822550521252723,0.0,0.1956789344549179,0.009062698110938072,0.19583630561828613,66.69921875,33.30078125,0.0,-0.13347245752811432,-0.07299338281154633,-0.6492414474487305,0.27266156673431396,-0.08115393668413162,-0.04438144713640213,-0.3947518765926361,0.16578371822834015,49.853515625,50.146484375,0.0,0.0001493260933784768,CDP_NEG,330,46449,486.9193062999984,128,128,800,400,400,400,EARLY_STOPPING,False,0,2048,deterministic_evenly_spaced_full_fold,3.6464000701904276,5.997169941663727,320,304,95.0,CDP,1.4510426770894138,20,0.99,1.4510426770894138
38,COMPLETE,2,42,26989,2856,424f72a3df11b24bdd551a74968aa5efe8f47b52221df203d3bd3ed6f8a96c5a,f1c78e2ff146b5069b0310a8b0222fe8d495ed8d7dbf78dc149a7df8702a8f3a,26648,487.28932870000426,0.07363128662109375,0.0859375,14269c18e6a56f09985dea654338c0b32f5e417a5600e334e252b0c1bbf8bd28,True,True,True,1,0.7690384744295511,0.822212054457788,0.4697786256676169,0.04297133335001595,0.48050042319330644,-0.09793917729104516,0.8165010773552124,0.8789883348403429,0.7572707587901781,0.4212706148607464,0.0,0.1908891648054123,0.0034903010819107294,0.19094978272914886,79.345703125,20.654296875,0.0,-0.1482509970664978,-0.10410042107105255,-0.6087166666984558,0.17822152376174927,-0.09022090584039688,-0.06335225701332092,-0.3704458773136139,0.10846003890037537,59.765625,40.234375,0.0,-0.014981541782617569,CDP_NEG,135,46449,487.28898379999737,128,128,800,400,400,400,EARLY_STOPPING,False,0,2048,deterministic_evenly_spaced_full_fold,3.663600349426268,6.020027899742124,320,311,97.1875,CDP,1.4524627365104603,20,0.99,1.4524627365104603
38,COMPLETE,3,42,26466,3379,ad1e190147cfc7079fe69ab58be273b0089b28a9cb71d4377b9a01145e874910,b3de2bff6a2b887166deba8883b54b43de7150168fdd2094f9852f380bd9133e,26648,470.2489562999981,0.07854461669921875,0.087890625,14269c18e6a56f09985dea654338c0b32f5e417a5600e334e252b0c1bbf8bd28,True,True,True,1,0.7476793529359639,1.066235558474724,0.47285968196024947,0.03263092930915855,0.5022409520263842,-0.03128759347094409,1.0659341492793908,0.8663644222591359,0.7056473459655107,0.6163872918638684,0.0,0.20017877221107483,0.006163360085338354,0.20028580725193024,71.09375,28.90625,0.0,-0.10370855033397675,-0.07624687254428864,-0.5094587802886963,0.20859435200691223,-0.06334103643894196,-0.046568550169467926,-0.31115707755088806,0.12740111351013184,52.685546875,47.314453125,0.0,-0.0033511435613036156,CDP_NEG,250,46449,470.2486130000034,128,128,800,400,400,400,EARLY_STOPPING,False,0,2048,deterministic_evenly_spaced_full_fold,3.652750015258789,5.9806626215577126,320,319,99.6875,CDP,1.4666426917497317,20,0.99,1.4666426917497317
38,COMPLETE,4,42,27061,2784,2cf8e61e68345fca034455d14ca0a91ba8af3af3a30bcfad11a389cf00a64d26,e85c7d3201b31d98e24a7a8ea73439fb69c13286f849eaf6812d38684b5bedb5,26648,470.3065998999955,0.07348251342773438,0.0859375,14269c18e6a56f09985dea654338c0b32f5e417a5600e334e252b0c1bbf8bd28,True,True,True,1,0.7512159496589608,0.8781849795657146,0.4618167325884994,0.027557466713308672,0.4986929799525871,0.02459570060994432,0.8779981814832096,0.8673217537594868,0.7773233457347043,0.489162929753748,0.0,0.17797324061393738,0.005196170881390572,0.17806346714496613,83.642578125,16.357421875,0.0,-0.20613911747932434,-0.1571054756641388,-0.8143215775489807,0.15223009884357452,-0.12506051361560822,-0.09531278908252716,-0.4940328001976013,0.09235499054193497,52.1484375,47.8515625,0.0,-0.0035251067019999027,CDP_NEG,145,46449,470.3062498999934,128,128,800,400,400,400,EARLY_STOPPING,False,0,2048,deterministic_evenly_spaced_full_fold,3.65000057220459,6.01635006070137,320,320,100.0,CDP,1.460840537792371,20,0.99,1.460840537792371
39,COMPLETE,0,42,25813,4032,81354305b7b8066000bae764cd84c6a44c1e035572eb00baa18e30401895a2a4,6d4d4bf8c14384a72deec9ae950f7dbc99365946e460adffb80cf5c9ed8ff111,26648,434.98842340000556,0.052474021911621094,0.060546875,14269c18e6a56f09985dea654338c0b32f5e417a5600e334e252b0c1bbf8bd28,True,True,True,1,0.848658598510877,0.6032048527629447,0.38049495387542903,0.026804941248234664,0.3889779767792892,-0.0045165281475102155,0.6032627576633977,0.9219529713282291,0.8836226404734276,0.23327293579682035,0.0,0.06604297459125519,0.016397811472415924,0.06627033650875092,48.73046875,51.26953125,0.0,-0.060083143413066864,0.01129300706088543,-0.7372055649757385,0.4713597893714905,-0.0360432043671608,0.0067745475098490715,-0.4422413110733032,0.28276342153549194,62.59765625,37.40234375,0.0,-0.027125950902700424,CDP_NEG,95,28785,434.98807339998893,128,128,800,400,400,400,EARLY_STOPPING,False,0,2048,deterministic_evenly_spaced_full_fold,3.6649999618530273,6.109466117620462,448,448,100.0,CDP,1.4710406730757069,20,0.99,1.4710406730757069
39,COMPLETE,1,42,27493,2352,db92a7db6dfa639d2026ff19c5b1159be2b53d1e09d9e6a72b1b767a05c21400,2ea764e1783688df4d4bc4d6bc4b7c6a52ae545bfb933c403a7aa96e5d21a797,26648,463.2801114999893,0.045693397521972656,0.0625,14269c18e6a56f09985dea654338c0b32f5e417a5600e334e252b0c1bbf8bd28,True,True,True,1,0.6624556149509835,1.069536463952645,0.5706468655737307,0.029348169253629888,0.5808621792472488,-0.11988150220535392,1.0630226350413277,0.8167032819845255,0.6813343657288903,0.6012586921643046,0.0,0.11991532891988754,0.012293953448534012,0.12008579075336456,20.80078125,79.19921875,0.0,0.09714963287115097,0.1432378739118576,-0.33070212602615356,0.3289150297641754,0.05906893312931061,0.08709150552749634,-0.2010735422372818,0.19998696446418762,99.853515625,0.146484375,0.0,-0.055804356932640076,CDP_NEG,10,28785,463.2797344999999,128,128,800,400,400,400,EARLY_STOPPING,False,0,2048,deterministic_evenly_spaced_full_fold,3.6464000701904276,5.997169941663727,448,424,94.64285714285714,CDP,1.4510426770894138,20,0.99,1.4510426770894138
40,COMPLETE,0,42,25813,4032,81354305b7b8066000bae764cd84c6a44c1e035572eb00baa18e30401895a2a4,6d4d4bf8c14384a72deec9ae950f7dbc99365946e460adffb80cf5c9ed8ff111,26648,131.1631619999971,0.09789276123046875,0.1015625,14269c18e6a56f09985dea654338c0b32f5e417a5600e334e252b0c1bbf8bd28,True,True,True,1,0.8509334976774205,0.5986541283010417,0.3846675137251695,0.026602718236799192,0.3860434320952353,0.030563966337280046,0.5979475605833706,0.9227447456836639,0.840704129231971,0.35604720356286823,0.0,0.14074328541755676,0.014418636448681355,0.14095310866832733,79.052734375,20.947265625,0.0,-0.20941147208213806,-0.10965365171432495,-0.9261118769645691,0.1017666608095169,-0.12562358379364014,-0.06577999144792557,-0.5555641055107117,0.06104867532849312,59.912109375,40.087890625,0.0,-0.025358159095048904,CDP_NEG,185,78785,131.1627981999918,256,256,400,200,200,245,EARLY_STOPPING,False,0,2048,deterministic_evenly_spaced_full_fold,3.6649999618530273,6.109466117620462,2560,2534,98.984375,CDP,1.4710406730757069,20,0.99,1.4710406730757069
40,COMPLETE,1,42,27493,2352,db92a7db6dfa639d2026ff19c5b1159be2b53d1e09d9e6a72b1b767a05c21400,2ea764e1783688df4d4bc4d6bc4b7c6a52ae545bfb933c403a7aa96e5d21a797,26648,112.52449209999759,0.08122110366821289,0.099609375,14269c18e6a56f09985dea654338c0b32f5e417a5600e334e252b0c1bbf8bd28,True,True,True,1,0.7051142438512024,0.9996708980765111,0.5150454040429853,0.02743105233294471,0.5429183912447575,-0.009980827758443497,0.9998336442424662,0.8401884601990476,0.6825568430324112,0.7083929009950205,0.0,0.21950076520442963,0.02597837895154953,0.21987882256507874,69.287109375,30.712890625,0.0,-0.25120604038238525,-0.09960340708494186,-1.2531687021255493,0.2082880139350891,-0.15273833274841309,-0.06056087464094162,-0.7619518041610718,0.1266433149576187,59.5703125,40.4296875,0.0,-0.011319538578391075,CDP_NEG,135,78785,112.52412499999627,256,256,400,200,200,200,EARLY_STOPPING,False,0,2048,deterministic_evenly_spaced_full_fold,3.6464000701904276,5.997169941663727,2560,2534,98.984375,CDP,1.4510426770894138,20,0.99,1.4510426770894138
40,COMPLETE,2,42,26989,2856,424f72a3df11b24bdd551a74968aa5efe8f47b52221df203d3bd3ed6f8a96c5a,f1c78e2ff146b5069b0310a8b0222fe8d495ed8d7dbf78dc149a7df8702a8f3a,26648,114.65798089999589,0.08499908447265625,0.099609375,14269c18e6a56f09985dea654338c0b32f5e417a5600e334e252b0c1bbf8bd28,True,True,True,1,0.764808672134717,0.829706843047259,0.500500148243117,0.04336303407627012,0.4848803748973228,-0.10078308176958845,0.8237073410380059,0.876824431664178,0.7484027444362352,0.4373958294984681,0.0,0.19621075689792633,0.0422050915658474,0.19682495296001434,57.373046875,42.626953125,0.0,-0.1057291254401207,-0.03854163736104965,-0.6342270374298096,0.30048707127571106,-0.06434343010187149,-0.02345523238182068,-0.38597068190574646,0.18286702036857605,75.29296875,24.70703125,0.0,-0.042054325342178345,CDP_NEG,120,78785,114.65760749999026,256,256,400,200,200,200,EARLY_STOPPING,False,0,2048,deterministic_evenly_spaced_full_fold,3.663600349426268,6.020027899742124,2560,2545,99.4140625,CDP,1.4524627365104603,20,0.99,1.4524627365104603
40,COMPLETE,3,42,26466,3379,ad1e190147cfc7079fe69ab58be273b0089b28a9cb71d4377b9a01145e874910,b3de2bff6a2b887166deba8883b54b43de7150168fdd2094f9852f380bd9133e,26648,138.65147850000358,0.09295225143432617,0.1015625,14269c18e6a56f09985dea654338c0b32f5e417a5600e334e252b0c1bbf8bd28,True,True,True,1,0.7325778567247847,1.0976792375994096,0.49335710407767297,0.03359322742666388,0.5170522225878214,-0.06508260996869693,1.09591030603707,0.8566771522352981,0.7172448528298745,0.5570738578298963,0.0,0.21278871595859528,0.014441398903727531,0.2129988819360733,76.85546875,23.14453125,0.0,-0.19194073975086212,-0.13350972533226013,-0.7461313009262085,0.11289084702730179,-0.11722974479198456,-0.08154240995645523,-0.45570722222328186,0.06894922256469727,78.7109375,21.2890625,0.0,-0.031214658170938492,CDP_NEG,190,78785,138.6511121000076,256,256,400,200,200,250,EARLY_STOPPING,False,0,2048,deterministic_evenly_spaced_full_fold,3.652750015258789,5.9806626215577126,2560,2542,99.296875,CDP,1.4666426917497317,20,0.99,1.4666426917497317
40,COMPLETE,4,42,27061,2784,2cf8e61e68345fca034455d14ca0a91ba8af3af3a30bcfad11a389cf00a64d26,e85c7d3201b31d98e24a7a8ea73439fb69c13286f849eaf6812d38684b5bedb5,26648,109.86139130000083,0.08491897583007812,0.099609375,14269c18e6a56f09985dea654338c0b32f5e417a5600e334e252b0c1bbf8bd28,True,True,True,1,0.7349984363938946,0.9063562958598139,0.4958199485589067,0.028441483326105497,0.514690563603857,0.07407393273187436,0.9034865767840201,0.8591465139929025,0.7698661117459881,0.5541990861791727,0.0,0.19415292143821716,0.0379953533411026,0.19470585882663727,64.16015625,35.83984375,0.0,-0.12817946076393127,-0.06553211808204651,-0.8097223043441772,0.3041536808013916,-0.07776394486427307,-0.03975704312324524,-0.49124249815940857,0.18452401459217072,77.34375,22.65625,0.0,-0.02279440313577652,CDP_NEG,100,78785,109.86102440000104,256,256,400,200,200,200,EARLY_STOPPING,False,0,2048,deterministic_evenly_spaced_full_fold,3.65000057220459,6.01635006070137,2560,2549,99.5703125,CDP,1.460840537792371,20,0.99,1.460840537792371
41,COMPLETE,0,42,25813,4032,81354305b7b8066000bae764cd84c6a44c1e035572eb00baa18e30401895a2a4,6d4d4bf8c14384a72deec9ae950f7dbc99365946e460adffb80cf5c9ed8ff111,26648,53.24596329999622,0.08075904846191406,0.0859375,14269c18e6a56f09985dea654338c0b32f5e417a5600e334e252b0c1bbf8bd28,True,True,True,1,0.8562566666921374,0.5878679816114087,0.37989903309709105,0.026123408385450773,0.3790879616653134,-0.01424088195718858,0.5877683587402667,0.9254775344365941,0.8684916101529884,0.25446524484544636,0.0,0.06712090969085693,0.04392442852258682,0.06747707724571228,63.671875,36.328125,0.0,-0.17225950956344604,-0.06785672158002853,-0.9457179307937622,0.2919238805770874,-0.10333654284477234,-0.040706485509872437,-0.5673255324363708,0.17512184381484985,70.99609375,29.00390625,0.0,-0.03780665248632431,CDP_NEG,160,35473,53.245590000005905,1024,1024,700,350,350,350,EARLY_STOPPING,False,0,2048,deterministic_evenly_spaced_full_fold,3.6649999618530273,6.109466117620462,2560,2534,98.984375,CDP,1.4710406730757069,20,0.99,1.4710406730757069
41,COMPLETE,1,42,27493,2352,db92a7db6dfa639d2026ff19c5b1159be2b53d1e09d9e6a72b1b767a05c21400,2ea764e1783688df4d4bc4d6bc4b7c6a52ae545bfb933c403a7aa96e5d21a797,26648,54.723619399999734,0.06688261032104492,0.087890625,14269c18e6a56f09985dea654338c0b32f5e417a5600e334e252b0c1bbf8bd28,True,True,True,1,0.679130735637695,1.0427836446795222,0.5409247485087665,0.028614069674511525,0.5663327999995658,-0.09889512857403226,1.038304314128271,0.8264688192851836,0.7096267777444109,0.5582193494778731,0.0,0.1085633635520935,0.058873750269412994,0.1090407520532608,69.23828125,30.76171875,0.0,-0.21662166714668274,-0.10221675038337708,-1.2530409097671509,0.5059890151023865,-0.13171035051345825,-0.062149837613105774,-0.7618740797042847,0.30765148997306824,63.818359375,36.181640625,0.0,-0.02757204696536064,CDP_NEG,60,35473,54.72322460000578,1024,1024,700,350,350,350,EARLY_STOPPING,False,0,2048,deterministic_evenly_spaced_full_fold,3.6464000701904276,5.997169941663727,2560,2534,98.984375,CDP,1.4510426770894138,20,0.99,1.4510426770894138
41,COMPLETE,2,42,26989,2856,424f72a3df11b24bdd551a74968aa5efe8f47b52221df203d3bd3ed6f8a96c5a,f1c78e2ff146b5069b0310a8b0222fe8d495ed8d7dbf78dc149a7df8702a8f3a,26648,54.90024009998888,0.07059192657470703,0.083984375,14269c18e6a56f09985dea654338c0b32f5e417a5600e334e252b0c1bbf8bd28,True,True,True,1,0.7692664214192639,0.8218062140722049,0.4830141689664885,0.04295012288198493,0.48026325022075717,-0.0841234634794733,0.8176324192331736,0.8784604358087891,0.7691174112876641,0.40974575598212026,0.0,0.0879770889878273,0.03697066754102707,0.08827687054872513,74.365234375,25.634765625,0.0,-0.2443397045135498,-0.20774516463279724,-0.9152554869651794,0.2952277958393097,-0.14869749546051025,-0.12642720341682434,-0.5569958090782166,0.17966638505458832,70.80078125,29.150390625,0.048828125,-0.03855597600340843,CDP_NEG,80,35473,54.89985539999907,1024,1024,700,350,350,350,EARLY_STOPPING,False,0,2048,deterministic_evenly_spaced_full_fold,3.663600349426268,6.020027899742124,2560,2545,99.4140625,CDP,1.4524627365104603,20,0.99,1.4524627365104603
41,COMPLETE,3,42,26466,3379,ad1e190147cfc7079fe69ab58be273b0089b28a9cb71d4377b9a01145e874910,b3de2bff6a2b887166deba8883b54b43de7150168fdd2094f9852f380bd9133e,26648,51.9340927000012,0.0747990608215332,0.083984375,14269c18e6a56f09985dea654338c0b32f5e417a5600e334e252b0c1bbf8bd28,True,True,True,1,0.7316942388868756,1.0994912211780237,0.49196146203466623,0.033648681127858855,0.5179057416346642,0.028027986425834896,1.0992965995178177,0.8554971206256384,0.7296557781485773,0.622876242382221,0.0,0.09639069437980652,0.04727739095687866,0.09677404910326004,67.529296875,32.470703125,0.0,-0.21852219104766846,-0.15259362757205963,-1.0744928121566772,0.3406485617160797,-0.13346463441848755,-0.09319809824228287,-0.6562573313713074,0.2080545425415039,59.08203125,40.91796875,0.0,-0.018641332164406776,CDP_NEG,60,35473,51.93369669999811,1024,1024,700,350,350,350,EARLY_STOPPING,False,0,2048,deterministic_evenly_spaced_full_fold,3.652750015258789,5.9806626215577126,2560,2542,99.296875,CDP,1.4666426917497317,20,0.99,1.4666426917497317
41,COMPLETE,4,42,27061,2784,2cf8e61e68345fca034455d14ca0a91ba8af3af3a30bcfad11a389cf00a64d26,e85c7d3201b31d98e24a7a8ea73439fb69c13286f849eaf6812d38684b5bedb5,26648,52.94103429999086,0.0703573226928711,0.083984375,14269c18e6a56f09985dea654338c0b32f5e417a5600e334e252b0c1bbf8bd28,True,True,True,1,0.745155573382035,0.8888169081633546,0.46850870985245224,0.027891096899710432,0.5047305099472611,0.006446576997195839,0.8889531976781093,0.8641190037293427,0.7805313644992348,0.4643209608878837,0.0,0.08339538425207138,0.03209586814045906,0.08365564048290253,77.63671875,22.36328125,0.0,-0.30086076259613037,-0.2016393393278122,-1.4031116962432861,0.27631261944770813,-0.18252626061439514,-0.12233059853315353,-0.8512400984764099,0.16763339936733246,67.08984375,32.91015625,0.0,-0.024526963010430336,CDP_NEG,85,35473,52.940656599996146,1024,1024,700,350,350,350,EARLY_STOPPING,False,0,2048,deterministic_evenly_spaced_full_fold,3.65000057220459,6.01635006070137,2560,2549,99.5703125,CDP,1.460840537792371,20,0.99,1.460840537792371
42,COMPLETE,0,42,25813,4032,81354305b7b8066000bae764cd84c6a44c1e035572eb00baa18e30401895a2a4,6d4d4bf8c14384a72deec9ae950f7dbc99365946e460adffb80cf5c9ed8ff111,26648,304.669762599995,0.06965208053588867,0.083984375,14269c18e6a56f09985dea654338c0b32f5e417a5600e334e252b0c1bbf8bd28,True,True,True,1,0.8408488603078328,0.6185728118744283,0.3942028402588986,0.027487855583558287,0.3988880390326527,0.022128927664963403,0.6182535362630784,0.917090732355269,0.8395015302567801,0.3500693899626263,0.0,0.15253230929374695,0.005110916681587696,0.15254390239715576,78.955078125,21.044921875,0.0,-0.11853806674480438,-0.08550280332565308,-0.541387677192688,0.17907792329788208,-0.07110965251922607,-0.05129216983914375,-0.32477235794067383,0.10742682963609695,72.216796875,27.783203125,0.0,-0.01507516484707594,CDP_NEG,75,28689,304.66941100000986,64,64,600,150,150,150,EARLY_STOPPING,False,0,2048,deterministic_evenly_spaced_full_fold,3.6649999618530273,6.109466117620462,1792,1770,98.77232142857143,CDP,1.4710406730757069,20,0.99,1.4710406730757069
42,COMPLETE,1,42,27493,2352,db92a7db6dfa639d2026ff19c5b1159be2b53d1e09d9e6a72b1b767a05c21400,2ea764e1783688df4d4bc4d6bc4b7c6a52ae545bfb933c403a7aa96e5d21a797,26648,472.01131709999754,0.05916643142700195,0.080078125,14269c18e6a56f09985dea654338c0b32f5e417a5600e334e252b0c1bbf8bd28,True,True,True,1,0.6993701880895081,1.0093601956105587,0.49832646377847156,0.02769692746068659,0.5481806208841306,-0.09134380538238301,1.005432302853433,0.8379089849484016,0.715582143498056,0.5522936825103874,0.0,0.20381397008895874,0.011076061986386776,0.20383910834789276,63.037109375,36.962890625,0.0,-0.052301038056612015,-0.036257535219192505,-0.5226603746414185,0.31767863035202026,-0.03180008381605148,-0.022045312449336052,-0.3177880048751831,0.19315499067306519,62.939453125,37.060546875,0.0,-0.010696634650230408,CDP_NEG,160,28689,472.01096719999623,64,64,600,150,150,220,EARLY_STOPPING,False,0,2048,deterministic_evenly_spaced_full_fold,3.6464000701904276,5.997169941663727,1792,1769,98.71651785714286,CDP,1.4510426770894138,20,0.99,1.4510426770894138
42,COMPLETE,2,42,26989,2856,424f72a3df11b24bdd551a74968aa5efe8f47b52221df203d3bd3ed6f8a96c5a,f1c78e2ff146b5069b0310a8b0222fe8d495ed8d7dbf78dc149a7df8702a8f3a,26648,367.83719020000717,0.06287431716918945,0.08203125,14269c18e6a56f09985dea654338c0b32f5e417a5600e334e252b0c1bbf8bd28,True,True,True,1,0.7685376174081268,0.8231030852493599,0.4781390265574684,0.04301790136244312,0.48102114126123957,-0.07952668953749563,0.8193956809025748,0.8778943694259747,0.7710812476073905,0.4101417873917887,0.0,0.1929149478673935,0.006380647420883179,0.1929294317960739,79.052734375,20.947265625,0.0,-0.10988511145114899,-0.10336363315582275,-0.4481602609157562,0.334121972322464,-0.06687264144420624,-0.06290386617183685,-0.2727363109588623,0.2033361792564392,71.826171875,28.173828125,0.0,-0.019261518493294716,CDP_NEG,110,28689,367.8368443999934,64,64,600,150,150,170,EARLY_STOPPING,False,0,2048,deterministic_evenly_spaced_full_fold,3.663600349426268,6.020027899742124,1792,1768,98.66071428571429,CDP,1.4524627365104603,20,0.99,1.4524627365104603
42,COMPLETE,3,42,26466,3379,ad1e190147cfc7079fe69ab58be273b0089b28a9cb71d4377b9a01145e874910,b3de2bff6a2b887166deba8883b54b43de7150168fdd2094f9852f380bd9133e,26648,404.59541969999555,0.06678962707519531,0.08203125,14269c18e6a56f09985dea654338c0b32f5e417a5600e334e252b0c1bbf8bd28,True,True,True,1,0.7453287207562469,1.0711905976431189,0.492936199598848,0.03278257265995741,0.5045749799712247,-0.03909905912132645,1.070635227579608,0.8641822694292987,0.717594760116542,0.5822874949066112,0.0,0.21036763489246368,0.0037715784274041653,0.21037618815898895,78.515625,21.484375,0.0,-0.11872569471597672,-0.08905267715454102,-0.4611096680164337,0.13699114322662354,-0.0725129246711731,-0.054389823228120804,-0.281627357006073,0.08366872370243073,65.966796875,34.033203125,0.0,-0.014306643977761269,CDP_NEG,130,28689,404.59507199999643,64,64,600,150,150,190,EARLY_STOPPING,False,0,2048,deterministic_evenly_spaced_full_fold,3.652750015258789,5.9806626215577126,1792,1768,98.66071428571429,CDP,1.4666426917497317,20,0.99,1.4666426917497317
42,COMPLETE,4,42,27061,2784,2cf8e61e68345fca034455d14ca0a91ba8af3af3a30bcfad11a389cf00a64d26,e85c7d3201b31d98e24a7a8ea73439fb69c13286f849eaf6812d38684b5bedb5,26648,317.10617519999505,0.06269979476928711,0.080078125,14269c18e6a56f09985dea654338c0b32f5e417a5600e334e252b0c1bbf8bd28,True,True,True,1,0.7397620474428399,0.8981731215371234,0.4895033961064206,0.0281846951103491,0.510043602333269,0.008146166618257405,0.8982975257677593,0.8601083419128832,0.74125241482502,0.5479676808627554,0.0,0.18544214963912964,0.00275218952447176,0.18544839322566986,77.1484375,22.8515625,0.0,-0.09660232067108154,-0.07062551379203796,-0.4871734380722046,0.14362004399299622,-0.058606717735528946,-0.042847104370594025,-0.29555848240852356,0.08713144809007645,78.3203125,21.6796875,0.0,-0.020027194172143936,CDP_NEG,90,28689,317.10577059999923,64,64,600,150,150,150,EARLY_STOPPING,False,0,2048,deterministic_evenly_spaced_full_fold,3.65000057220459,6.01635006070137,1792,1732,96.65178571428571,CDP,1.460840537792371,20,0.99,1.460840537792371
43,COMPLETE,0,42,25813,4032,81354305b7b8066000bae764cd84c6a44c1e035572eb00baa18e30401895a2a4,6d4d4bf8c14384a72deec9ae950f7dbc99365946e460adffb80cf5c9ed8ff111,26648,113.89176099999167,0.1289687156677246,0.138671875,14269c18e6a56f09985dea654338c0b32f5e417a5600e334e252b0c1bbf8bd28,True,True,True,1,0.8333320597301398,0.6330120615135221,0.408499608662082,0.028129500352282667,0.4081992209389313,0.029376619158563065,0.6324084723141249,0.9133729289469713,0.8558470695150087,0.32391885834902795,0.0,0.15574946999549866,0.02114650048315525,0.1558394432067871,47.36328125,52.63671875,0.0,-0.08223430812358856,0.02183607593178749,-0.9113351106643677,0.49902936816215515,-0.049331434071063995,0.013099215924739838,-0.5466997027397156,0.2993621230125427,76.904296875,23.095703125,0.0,-0.026807108893990517,CDP_NEG,40,95121,113.89137470000423,512,512,600,300,300,300,EARLY_STOPPING,False,0,2048,deterministic_evenly_spaced_full_fold,3.6649999618530273,6.109466117620462,192,188,97.91666666666667,CDP,1.4710406730757069,20,0.99,1.4710406730757069
43,COMPLETE,1,42,27493,2352,db92a7db6dfa639d2026ff19c5b1159be2b53d1e09d9e6a72b1b767a05c21400,2ea764e1783688df4d4bc4d6bc4b7c6a52ae545bfb933c403a7aa96e5d21a797,26648,113.9417792000022,0.10688591003417969,0.119140625,14269c18e6a56f09985dea654338c0b32f5e417a5600e334e252b0c1bbf8bd28,True,True,True,1,0.7102561017127262,0.9909170501027028,0.4973708284261706,0.027190846018700483,0.5381642015726505,-0.05723224440747935,0.989473262023075,0.8455361922369514,0.7664245892059932,0.47134881054449496,0.0,0.20923320949077606,0.020590361207723618,0.2093208134174347,62.939453125,37.060546875,0.0,-0.1555841714143753,-0.06433162093162537,-1.0224885940551758,0.535038411617279,-0.09459830820560455,-0.039114922285079956,-0.6216936111450195,0.32531410455703735,69.775390625,30.224609375,0.0,-0.03379730135202408,CDP_NEG,75,95121,113.94138299999759,512,512,600,300,300,300,EARLY_STOPPING,False,0,2048,deterministic_evenly_spaced_full_fold,3.6464000701904276,5.997169941663727,192,181,94.27083333333333,CDP,1.4510426770894138,20,0.99,1.4510426770894138
43,COMPLETE,2,42,26989,2856,424f72a3df11b24bdd551a74968aa5efe8f47b52221df203d3bd3ed6f8a96c5a,f1c78e2ff146b5069b0310a8b0222fe8d495ed8d7dbf78dc149a7df8702a8f3a,26648,110.49008010000398,0.1134800910949707,0.1171875,14269c18e6a56f09985dea654338c0b32f5e417a5600e334e252b0c1bbf8bd28,True,True,True,1,0.7733089601041367,0.814575225428204,0.4682157002206819,0.04257220915305469,0.47603746310816164,-0.06564767025045905,0.8120677819994515,0.8806370060555149,0.799481141636904,0.36327203573264094,0.0,0.19782473146915436,0.05449352785944939,0.19805659353733063,59.1796875,40.8203125,0.0,-0.0992007851600647,-0.08762392401695251,-1.0669310092926025,0.9509642124176025,-0.06037050485610962,-0.05332517251372337,-0.6493008136749268,0.5787270069122314,69.873046875,30.126953125,0.0,-0.028164874762296677,CDP_NEG,145,95121,110.48967859998811,512,512,600,300,300,300,EARLY_STOPPING,False,0,2048,deterministic_evenly_spaced_full_fold,3.663600349426268,6.020027899742124,192,183,95.3125,CDP,1.4524627365104603,20,0.99,1.4524627365104603
43,COMPLETE,3,42,26466,3379,ad1e190147cfc7079fe69ab58be273b0089b28a9cb71d4377b9a01145e874910,b3de2bff6a2b887166deba8883b54b43de7150168fdd2094f9852f380bd9133e,26648,119.87907599999744,0.11841583251953125,0.13671875,14269c18e6a56f09985dea654338c0b32f5e417a5600e334e252b0c1bbf8bd28,True,True,True,1,0.7362997429730959,1.09001391880264,0.5206194083348059,0.0333586390434483,0.5134415410836493,-0.03518367200622613,1.0896071823945663,0.8597778223501784,0.6950131441036088,0.6358900357177592,0.0,0.24049922823905945,0.06647194176912308,0.24078205227851868,55.56640625,44.43359375,0.0,-0.05689171701669693,-0.05463319271802902,-0.9704099893569946,0.9402948617935181,-0.03474719077348709,-0.03336777538061142,-0.5926876664161682,0.5742945671081543,60.693359375,39.306640625,0.0,-0.011450732126832008,CDP_NEG,195,95121,119.87864629999967,512,512,600,300,300,300,EARLY_STOPPING,False,0,2048,deterministic_evenly_spaced_full_fold,3.652750015258789,5.9806626215577126,192,189,98.4375,CDP,1.4666426917497317,20,0.99,1.4666426917497317
43,COMPLETE,4,42,27061,2784,2cf8e61e68345fca034455d14ca0a91ba8af3af3a30bcfad11a389cf00a64d26,e85c7d3201b31d98e24a7a8ea73439fb69c13286f849eaf6812d38684b5bedb5,26648,111.73223599999619,0.11319923400878906,0.1171875,14269c18e6a56f09985dea654338c0b32f5e417a5600e334e252b0c1bbf8bd28,True,True,True,1,0.7178925705560002,0.9351515530932046,0.5335589008736233,0.029345079221246795,0.5310424632290616,0.020945869117362046,0.9350849011990621,0.8478513045578298,0.743097038919206,0.5569189695841563,0.0,0.22176332771778107,0.013620458543300629,0.22182127833366394,61.474609375,38.525390625,0.0,-0.12807351350784302,-0.07729136943817139,-0.7596306204795837,0.3414178490638733,-0.077699676156044,-0.046891145408153534,-0.46085286140441895,0.20713144540786743,75.146484375,24.853515625,0.0,-0.02564196102321148,CDP_NEG,20,95121,111.73185280000325,512,512,600,300,300,300,EARLY_STOPPING,False,0,2048,deterministic_evenly_spaced_full_fold,3.65000057220459,6.01635006070137,192,190,98.95833333333333,CDP,1.460840537792371,20,0.99,1.460840537792371
44,COMPLETE,0,42,25813,4032,81354305b7b8066000bae764cd84c6a44c1e035572eb00baa18e30401895a2a4,6d4d4bf8c14384a72deec9ae950f7dbc99365946e460adffb80cf5c9ed8ff111,26648,190.8444587999984,0.055619239807128906,0.0625,14269c18e6a56f09985dea654338c0b32f5e417a5600e334e252b0c1bbf8bd28,True,True,True,1,0.841659539195903,0.6169953675123195,0.38310118495162837,0.027417757832761014,0.3978708205642593,-0.033658940940638,0.6161529981204014,0.9176822942465538,0.8450468558186424,0.28295096704546446,0.0,0.14344598352909088,0.017125187441706657,0.1434924304485321,46.09375,53.90625,0.0,0.002512546256184578,0.012365157715976238,-0.5517127513885498,0.45368337631225586,0.0015072450041770935,0.007417718879878521,-0.3309662640094757,0.27215954661369324,61.767578125,38.232421875,0.0,-0.016674671322107315,CDP_NEG,105,34609,190.8440760000085,128,128,150,75,75,150,MAX_EPOCHS,False,0,2048,deterministic_evenly_spaced_full_fold,3.6649999618530273,6.109466117620462,384,369,96.09375,CDP,1.4710406730757069,20,0.99,1.4710406730757069
44,COMPLETE,1,42,27493,2352,db92a7db6dfa639d2026ff19c5b1159be2b53d1e09d9e6a72b1b767a05c21400,2ea764e1783688df4d4bc4d6bc4b7c6a52ae545bfb933c403a7aa96e5d21a797,26648,196.67194559999916,0.05114173889160156,0.05859375,14269c18e6a56f09985dea654338c0b32f5e417a5600e334e252b0c1bbf8bd28,True,True,True,1,0.7206162075801583,0.9730401390213034,0.46281445326860104,0.026700302096326806,0.5284553025505685,-0.11040111345897878,0.9669623814890888,0.8510176171999899,0.7278638485309797,0.5054428811853218,0.0,0.18684260547161102,0.01733265072107315,0.1868896186351776,50.09765625,49.90234375,0.0,0.008358413353562355,-0.00044630718184635043,-0.35573217272758484,0.41487953066825867,0.00508208479732275,-0.0002713637368287891,-0.21629230678081512,0.2522551119327545,48.681640625,51.318359375,0.0,0.0013657014351338148,CDP_NEG,145,34609,196.67157069999666,128,128,150,75,75,150,MAX_EPOCHS,False,0,2048,deterministic_evenly_spaced_full_fold,3.6464000701904276,5.997169941663727,384,377,98.17708333333333,CDP,1.4510426770894138,20,0.99,1.4510426770894138
44,COMPLETE,2,42,26989,2856,424f72a3df11b24bdd551a74968aa5efe8f47b52221df203d3bd3ed6f8a96c5a,f1c78e2ff146b5069b0310a8b0222fe8d495ed8d7dbf78dc149a7df8702a8f3a,26648,195.89057350000076,0.053236961364746094,0.060546875,14269c18e6a56f09985dea654338c0b32f5e417a5600e334e252b0c1bbf8bd28,True,True,True,1,0.7651740126724167,0.8290621692928727,0.4643245871290982,0.0433293414410776,0.48450362779160383,-0.049764626779455264,0.8277121758399117,0.8758702540693959,0.796573319434641,0.38537505399418176,0.0,0.1887965351343155,0.007697403430938721,0.18881741166114807,44.970703125,55.029296875,0.0,0.008212873712182045,0.010271642357110977,-0.32434260845184326,0.3229552209377289,0.004998096264898777,0.006250999867916107,-0.1973847597837448,0.19654041528701782,60.498046875,39.501953125,0.0,-0.011738426983356476,CDP_NEG,125,34609,195.8902023999981,128,128,150,75,75,150,MAX_EPOCHS,False,0,2048,deterministic_evenly_spaced_full_fold,3.663600349426268,6.020027899742124,384,363,94.53125,CDP,1.4524627365104603,20,0.99,1.4524627365104603
44,COMPLETE,3,42,26466,3379,ad1e190147cfc7079fe69ab58be273b0089b28a9cb71d4377b9a01145e874910,b3de2bff6a2b887166deba8883b54b43de7150168fdd2094f9852f380bd9133e,26648,184.84386399999494,0.05328226089477539,0.060546875,14269c18e6a56f09985dea654338c0b32f5e417a5600e334e252b0c1bbf8bd28,True,True,True,1,0.7335465558594134,1.0956893395393803,0.48195464533138577,0.03353232885466152,0.5161148984776273,-0.03338821429213742,1.0953426058177493,0.8576686827152991,0.699191654980581,0.6284913634791545,0.0,0.20768634974956512,0.005358962342143059,0.20770087838172913,44.62890625,55.37109375,0.0,-0.003368005156517029,0.012757260352373123,-0.3065861463546753,0.24025848507881165,-0.0020570429041981697,0.007791625335812569,-0.18725058436393738,0.14674030244350433,65.478515625,34.521484375,0.0,-0.013497311621904373,CDP_NEG,145,34609,184.84349539999675,128,128,150,75,75,150,MAX_EPOCHS,False,0,2048,deterministic_evenly_spaced_full_fold,3.652750015258789,5.9806626215577126,384,369,96.09375,CDP,1.4666426917497317,20,0.99,1.4666426917497317
44,COMPLETE,4,42,27061,2784,2cf8e61e68345fca034455d14ca0a91ba8af3af3a30bcfad11a389cf00a64d26,e85c7d3201b31d98e24a7a8ea73439fb69c13286f849eaf6812d38684b5bedb5,26648,184.63666200000443,0.05297660827636719,0.060546875,14269c18e6a56f09985dea654338c0b32f5e417a5600e334e252b0c1bbf8bd28,True,True,True,1,0.740397524976975,0.8970758225028415,0.46859133563514754,0.028150261839096018,0.5094204815352159,-0.02812305391598366,0.8967959665093906,0.861452664734456,0.7748815472362656,0.44153846571951977,0.0,0.17692197859287262,0.015210338868200779,0.1769632250070572,51.416015625,48.583984375,0.0,-0.022400349378585815,-0.005105473101139069,-0.4485774040222168,0.3456984758377075,-0.013589847832918167,-0.0030973898246884346,-0.27214303612709045,0.2097284346818924,53.02734375,46.97265625,0.0,-0.004185408353805542,CDP_NEG,80,34609,184.636310899994,128,128,150,75,75,140,EARLY_STOPPING,False,0,2048,deterministic_evenly_spaced_full_fold,3.65000057220459,6.01635006070137,384,372,96.875,CDP,1.460840537792371,20,0.99,1.460840537792371
45,COMPLETE,0,42,25813,4032,81354305b7b8066000bae764cd84c6a44c1e035572eb00baa18e30401895a2a4,6d4d4bf8c14384a72deec9ae950f7dbc99365946e460adffb80cf5c9ed8ff111,26648,88.70047830000112,0.06714487075805664,0.076171875,14269c18e6a56f09985dea654338c0b32f5e417a5600e334e252b0c1bbf8bd28,True,True,True,1,0.8455005944364817,0.6094658240475305,0.40015740114916026,0.027083163425446095,0.3930153778906965,-1.6927287293901104e-05,0.60954141647307,0.9196172233040458,0.8328460880389325,0.3415223487635993,0.0,0.144790381193161,0.0037914530839771032,0.14487987756729126,75.78125,24.21875,0.0,-0.19988375902175903,-0.14302027225494385,-0.8336074352264404,0.20063690841197968,-0.11990801244974136,-0.08579625189304352,-0.5000717043876648,0.12035982310771942,41.064453125,58.935546875,0.0,0.02571188658475876,CDP_NEG,130,36193,88.7001264999999,256,256,300,150,150,190,EARLY_STOPPING,False,0,2048,deterministic_evenly_spaced_full_fold,3.6649999618530273,6.109466117620462,768,752,97.91666666666667,CDP,1.4710406730757069,20,0.99,1.4710406730757069
45,COMPLETE,1,42,27493,2352,db92a7db6dfa639d2026ff19c5b1159be2b53d1e09d9e6a72b1b767a05c21400,2ea764e1783688df4d4bc4d6bc4b7c6a52ae545bfb933c403a7aa96e5d21a797,26648,96.68343180000375,0.05990743637084961,0.07421875,14269c18e6a56f09985dea654338c0b32f5e417a5600e334e252b0c1bbf8bd28,True,True,True,1,0.7197199169709294,0.9745996933250165,0.48781231012936604,0.02674309639573428,0.5293022920100595,-0.060287247606724194,0.9729401221546428,0.8491224323093498,0.7335029735016679,0.5427954096353224,0.0,0.19744855165481567,0.00442246999591589,0.19755294919013977,76.416015625,23.583984375,0.0,-0.27638566493988037,-0.2012465000152588,-1.1932274103164673,0.25208160281181335,-0.16804805397987366,-0.1223619133234024,-0.7255062460899353,0.1532706916332245,47.021484375,52.978515625,0.0,0.0064490241929888725,CDP_NEG,135,36193,96.6830864000076,256,256,300,150,150,195,EARLY_STOPPING,False,0,2048,deterministic_evenly_spaced_full_fold,3.6464000701904276,5.997169941663727,768,754,98.17708333333333,CDP,1.4510426770894138,20,0.99,1.4510426770894138
45,COMPLETE,2,42,26989,2856,424f72a3df11b24bdd551a74968aa5efe8f47b52221df203d3bd3ed6f8a96c5a,f1c78e2ff146b5069b0310a8b0222fe8d495ed8d7dbf78dc149a7df8702a8f3a,26648,82.9695509000012,0.06363916397094727,0.076171875,14269c18e6a56f09985dea654338c0b32f5e417a5600e334e252b0c1bbf8bd28,True,True,True,1,0.7757565504013648,0.8101657937516198,0.46161111705370395,0.04234175867810565,0.4734605928529111,-0.08515471123753726,0.8058192415743153,0.883201110980135,0.817622213505596,0.3049603492590619,0.0,0.18898378312587738,0.003049864899367094,0.18905578553676605,71.728515625,28.271484375,0.0,-0.23642858862876892,-0.17071078717708588,-0.9828786253929138,0.2523793876171112,-0.14388303458690643,-0.10388924181461334,-0.5981491208076477,0.15359018743038177,57.373046875,42.626953125,0.0,-0.028822237625718117,CDP_NEG,120,36193,82.96921080000175,256,256,300,150,150,180,EARLY_STOPPING,False,0,2048,deterministic_evenly_spaced_full_fold,3.663600349426268,6.020027899742124,768,753,98.046875,CDP,1.4524627365104603,20,0.99,1.4524627365104603
45,COMPLETE,3,42,26466,3379,ad1e190147cfc7079fe69ab58be273b0089b28a9cb71d4377b9a01145e874910,b3de2bff6a2b887166deba8883b54b43de7150168fdd2094f9852f380bd9133e,26648,76.85848399999668,0.06450796127319336,0.07421875,14269c18e6a56f09985dea654338c0b32f5e417a5600e334e252b0c1bbf8bd28,True,True,True,1,0.7440754065180432,1.0738231888103862,0.4826209050893198,0.03286314012518236,0.5058150390591396,0.029471556106836543,1.0735775546276423,0.863481343772361,0.77711235279209,0.5198993792275167,0.0,0.20939810574054718,0.00903246272355318,0.20961132645606995,58.69140625,41.30859375,0.0,-0.12983140349388123,-0.053516075015068054,-0.913009762763977,0.3411732614040375,-0.07929584383964539,-0.03268548101186752,-0.5576299428939819,0.2083750069141388,63.18359375,36.81640625,0.0,-0.05109220743179321,CDP_NEG,60,36193,76.8581492999947,256,256,300,150,150,150,EARLY_STOPPING,False,0,2048,deterministic_evenly_spaced_full_fold,3.652750015258789,5.9806626215577126,768,752,97.91666666666667,CDP,1.4666426917497317,20,0.99,1.4666426917497317
45,COMPLETE,4,42,27061,2784,2cf8e61e68345fca034455d14ca0a91ba8af3af3a30bcfad11a389cf00a64d26,e85c7d3201b31d98e24a7a8ea73439fb69c13286f849eaf6812d38684b5bedb5,26648,74.43783060001442,0.062418460845947266,0.07421875,14269c18e6a56f09985dea654338c0b32f5e417a5600e334e252b0c1bbf8bd28,True,True,True,1,0.7556450572785566,0.8703327013269639,0.4549273537117208,0.027311062024976355,0.49423392391608334,0.0004611349192193051,0.8704889310160289,0.8692787483529494,0.755084562951831,0.5114248295167473,0.0,0.1801190823316574,0.024791747331619263,0.18070432543754578,43.212890625,56.787109375,0.0,-0.06972865760326385,0.06330525875091553,-1.193373680114746,0.46702200174331665,-0.042302992194890976,0.03840605169534683,-0.7239962220191956,0.2833330035209656,61.572265625,38.427734375,0.0,-0.04285441339015961,CDP_NEG,45,36193,74.43748789999518,256,256,300,150,150,150,EARLY_STOPPING,False,0,2048,deterministic_evenly_spaced_full_fold,3.65000057220459,6.01635006070137,768,736,95.83333333333333,CDP,1.460840537792371,20,0.99,1.460840537792371
46,COMPLETE,0,42,25813,4032,81354305b7b8066000bae764cd84c6a44c1e035572eb00baa18e30401895a2a4,6d4d4bf8c14384a72deec9ae950f7dbc99365946e460adffb80cf5c9ed8ff111,26648,468.0634311000031,0.084503173828125,0.103515625,14269c18e6a56f09985dea654338c0b32f5e417a5600e334e252b0c1bbf8bd28,True,True,True,1,0.8549213870339785,0.590592120533494,0.3729812447751996,0.0262444624244295,0.3808446286442424,-0.01254709086823,0.5905320596330881,0.924686268042895,0.862076350744691,0.2692670932229388,0.0,0.06870435923337936,0.0005213696276769042,0.06873387098312378,61.767578125,38.232421875,0.0,-0.072896309196949,-0.019952286034822464,-0.4204171597957611,0.08574499934911728,-0.04372967779636383,-0.011969150975346565,-0.2522035241127014,0.051437463611364365,64.794921875,35.205078125,0.0,-0.020197793841362,CDP_NEG,130,81377,468.0629220999981,128,128,800,400,400,400,EARLY_STOPPING,False,0,2048,deterministic_evenly_spaced_full_fold,3.6649999618530273,6.109466117620462,448,444,99.10714285714286,CDP,1.4710406730757069,20,0.99,1.4710406730757069
46,COMPLETE,1,42,27493,2352,db92a7db6dfa639d2026ff19c5b1159be2b53d1e09d9e6a72b1b767a05c21400,2ea764e1783688df4d4bc4d6bc4b7c6a52ae545bfb933c403a7aa96e5d21a797,26648,533.7108799999987,0.07549095153808594,0.083984375,14269c18e6a56f09985dea654338c0b32f5e417a5600e334e252b0c1bbf8bd28,True,True,True,1,0.7299275360713129,0.9566879524903257,0.4521908773391248,0.026251596742042308,0.5195744770490812,-0.0444422392222118,0.9558583519034435,0.8551344129163788,0.7545878448310444,0.5109253631991133,0.0,0.08389093726873398,0.0019419966265559196,0.08400086313486099,73.193359375,26.806640625,0.0,-0.04957110434770584,-0.031510259956121445,-0.24163557589054108,0.12341833859682083,-0.030140230432152748,-0.019158873707056046,-0.14691929519176483,0.07504083216190338,56.640625,43.359375,0.0,-0.007177544292062521,CDP_NEG,260,81377,533.7104550000076,128,128,800,400,400,400,EARLY_STOPPING,False,0,2048,deterministic_evenly_spaced_full_fold,3.6464000701904276,5.997169941663727,448,422,94.19642857142857,CDP,1.4510426770894138,20,0.99,1.4510426770894138
46,COMPLETE,2,42,26989,2856,424f72a3df11b24bdd551a74968aa5efe8f47b52221df203d3bd3ed6f8a96c5a,f1c78e2ff146b5069b0310a8b0222fe8d495ed8d7dbf78dc149a7df8702a8f3a,26648,513.6609519000049,0.0762939453125,0.08203125,14269c18e6a56f09985dea654338c0b32f5e417a5600e334e252b0c1bbf8bd28,True,True,True,1,0.7729681448956482,0.8151873258403368,0.4689422062094681,0.04260419940509592,0.4763951743646094,-0.0640046033950872,0.8128130856933719,0.8801334010809864,0.7602508929373555,0.4488305351573768,0.0,0.09106966853141785,0.010351823642849922,0.09165563434362411,50.830078125,49.169921875,0.0,-0.05303564667701721,-0.004388099070638418,-0.5890051126480103,0.41197067499160767,-0.03227583318948746,-0.002670459682121873,-0.3584500551223755,0.25071245431900024,75.634765625,24.365234375,0.0,-0.03871849924325943,CDP_NEG,55,81377,513.6605271000008,128,128,800,400,400,400,EARLY_STOPPING,False,0,2048,deterministic_evenly_spaced_full_fold,3.663600349426268,6.020027899742124,448,432,96.42857142857143,CDP,1.4524627365104603,20,0.99,1.4524627365104603
46,COMPLETE,3,42,26466,3379,ad1e190147cfc7079fe69ab58be273b0089b28a9cb71d4377b9a01145e874910,b3de2bff6a2b887166deba8883b54b43de7150168fdd2094f9852f380bd9133e,26648,507.74546530000225,0.07874584197998047,0.083984375,14269c18e6a56f09985dea654338c0b32f5e417a5600e334e252b0c1bbf8bd28,True,True,True,1,0.746604023355334,1.068505161974798,0.4605793499447369,0.03270038794874535,0.5033100289423991,-0.059469784192873076,1.0670068233112877,0.8651644344006867,0.7195487053134151,0.5576174329206872,0.0,0.09062014520168304,9.856463293544948e-05,0.09062572568655014,81.298828125,18.701171875,0.0,-0.07515960931777954,-0.041419513523578644,-0.2734709680080414,0.027931125834584236,-0.0459044948220253,-0.025297388434410095,-0.1670251488685608,0.017059218138456345,61.5234375,38.4765625,0.0,-0.013846509158611298,CDP_NEG,365,81377,507.74508390000847,128,128,800,400,400,425,EARLY_STOPPING,False,0,2048,deterministic_evenly_spaced_full_fold,3.652750015258789,5.9806626215577126,448,442,98.66071428571429,CDP,1.4666426917497317,20,0.99,1.4666426917497317
46,COMPLETE,4,42,27061,2784,2cf8e61e68345fca034455d14ca0a91ba8af3af3a30bcfad11a389cf00a64d26,e85c7d3201b31d98e24a7a8ea73439fb69c13286f849eaf6812d38684b5bedb5,26648,489.6307261000038,0.07758474349975586,0.08203125,14269c18e6a56f09985dea654338c0b32f5e417a5600e334e252b0c1bbf8bd28,True,True,True,1,0.7477203710111391,0.8843329956955631,0.46625842144270396,0.027750391613863185,0.5021842403999098,0.006878522523247634,0.8844651061816645,0.8648951827714456,0.7632235889327249,0.5008618795979705,0.0,0.08549746125936508,0.00010865518561331555,0.08550361543893814,83.837890625,16.162109375,0.0,-0.06849025189876556,-0.042581163346767426,-0.24616126716136932,0.023480406031012535,-0.041551679372787476,-0.02583315037190914,-0.1493411660194397,0.014245097525417805,53.759765625,46.240234375,0.0,-0.00468746293336153,CDP_NEG,285,81377,489.6303612000047,128,128,800,400,400,400,EARLY_STOPPING,False,0,2048,deterministic_evenly_spaced_full_fold,3.65000057220459,6.01635006070137,448,446,99.55357142857143,CDP,1.460840537792371,20,0.99,1.460840537792371
47,COMPLETE,0,42,25813,4032,81354305b7b8066000bae764cd84c6a44c1e035572eb00baa18e30401895a2a4,6d4d4bf8c14384a72deec9ae950f7dbc99365946e460adffb80cf5c9ed8ff111,26648,27.857891299994662,0.03330421447753906,0.05859375,14269c18e6a56f09985dea654338c0b32f5e417a5600e334e252b0c1bbf8bd28,True,True,True,1,0.8441612592294513,0.6121018135035254,0.40763088612434256,0.027200300318783854,0.39471520149242645,0.01320632483146342,0.6120352331622606,0.9190182645294117,0.8620503272903566,0.2950736816641476,0.0,0.1488817036151886,0.0041694678366184235,0.14938807487487793,52.24609375,47.75390625,0.0,-0.06454378366470337,-0.0061741238459944725,-0.6077998280525208,0.2930534780025482,-0.03871908783912659,-0.0037037874571979046,-0.36461225152015686,0.17579948902130127,85.986328125,14.013671875,0.0,-0.047419771552085876,CDP_NEG,15,7969,27.85755380000046,256,256,300,30,75,75,EARLY_STOPPING,False,0,2048,deterministic_evenly_spaced_full_fold,3.6649999618530273,6.109466117620462,768,752,97.91666666666667,CDP,1.4710406730757069,20,0.99,1.4710406730757069
47,COMPLETE,1,42,27493,2352,db92a7db6dfa639d2026ff19c5b1159be2b53d1e09d9e6a72b1b767a05c21400,2ea764e1783688df4d4bc4d6bc4b7c6a52ae545bfb933c403a7aa96e5d21a797,26648,49.63657370000146,0.030884742736816406,0.056640625,14269c18e6a56f09985dea654338c0b32f5e417a5600e334e252b0c1bbf8bd28,True,True,True,1,0.7111694574844051,0.9893539901199482,0.49594685771236463,0.02714795552316943,0.537315308188949,-0.07305601592568466,0.9868628114743005,0.8444541992775072,0.7290928076457347,0.5400068447663654,0.0,0.19926393032073975,0.0015221750363707542,0.19944879412651062,82.861328125,17.138671875,0.0,-0.22982527315616608,-0.14389070868492126,-0.8667206168174744,0.1361086070537567,-0.13973838090896606,-0.08748844265937805,-0.5269835591316223,0.08275677263736725,58.30078125,41.69921875,0.0,-0.020171910524368286,CDP_NEG,65,7969,49.63622989998839,256,256,300,30,75,125,EARLY_STOPPING,False,0,2048,deterministic_evenly_spaced_full_fold,3.6464000701904276,5.997169941663727,768,754,98.17708333333333,CDP,1.4510426770894138,20,0.99,1.4510426770894138
47,COMPLETE,2,42,26989,2856,424f72a3df11b24bdd551a74968aa5efe8f47b52221df203d3bd3ed6f8a96c5a,f1c78e2ff146b5069b0310a8b0222fe8d495ed8d7dbf78dc149a7df8702a8f3a,26648,58.938501099997666,0.03160858154296875,0.056640625,14269c18e6a56f09985dea654338c0b32f5e417a5600e334e252b0c1bbf8bd28,True,True,True,1,0.7855086765863406,0.7923533242986384,0.4521281602570698,0.041410824184380905,0.46305099223483254,-0.11182963369930742,0.7845593963934231,0.888978434605583,0.8101895080595364,0.2941843495250986,0.0,0.1828204095363617,3.934882624889724e-05,0.18282519280910492,97.412109375,2.587890625,0.0,-0.3123498857021332,-0.23484379053115845,-0.8878591656684875,-0.03566710650920868,-0.19008636474609375,-0.14291857182979584,-0.5403232574462891,-0.021705882623791695,56.005859375,43.994140625,0.0,-0.011838526464998722,CDP_NEG,90,7969,58.938160700010485,256,256,300,30,75,150,EARLY_STOPPING,False,0,2048,deterministic_evenly_spaced_full_fold,3.663600349426268,6.020027899742124,768,753,98.046875,CDP,1.4524627365104603,20,0.99,1.4524627365104603
47,COMPLETE,3,42,26466,3379,ad1e190147cfc7079fe69ab58be273b0089b28a9cb71d4377b9a01145e874910,b3de2bff6a2b887166deba8883b54b43de7150168fdd2094f9852f380bd9133e,26648,36.02310740000394,0.032361507415771484,0.056640625,14269c18e6a56f09985dea654338c0b32f5e417a5600e334e252b0c1bbf8bd28,True,True,True,1,0.7403551327515538,1.0815998988013398,0.49471216216652314,0.033101137509489856,0.5094781904129332,-0.0021197551270164374,1.08175790417798,0.8605415000037951,0.7291301252505303,0.5938851140815419,0.0,0.22430093586444855,0.0010258997790515423,0.2244255244731903,74.90234375,25.09765625,0.0,-0.24864444136619568,-0.16330337524414062,-0.9981120228767395,0.12854184210300446,-0.15186209976673126,-0.0997391790151596,-0.6096069812774658,0.07850822806358337,76.611328125,23.388671875,0.0,-0.06722155213356018,CDP_NEG,35,7969,36.02277060000051,256,256,300,30,75,95,EARLY_STOPPING,False,0,2048,deterministic_evenly_spaced_full_fold,3.652750015258789,5.9806626215577126,768,752,97.91666666666667,CDP,1.4666426917497317,20,0.99,1.4666426917497317
47,COMPLETE,4,42,27061,2784,2cf8e61e68345fca034455d14ca0a91ba8af3af3a30bcfad11a389cf00a64d26,e85c7d3201b31d98e24a7a8ea73439fb69c13286f849eaf6812d38684b5bedb5,26648,60.36548619999667,0.03150749206542969,0.056640625,14269c18e6a56f09985dea654338c0b32f5e417a5600e334e252b0c1bbf8bd28,True,True,True,1,0.7560081392773933,0.8696858561968938,0.4536388814223087,0.027290764008550034,0.49386660138952176,-2.8575825293872226e-05,0.8698420913984487,0.8698354550708093,0.7780190838732264,0.4630871444466465,0.0,0.1732971966266632,0.0003435123653616756,0.17333891987800598,83.447265625,16.552734375,0.0,-0.24426467716693878,-0.1796317994594574,-0.8649684190750122,0.07202808558940887,-0.14819052815437317,-0.10897905379533768,-0.5247592329978943,0.043698012828826904,59.47265625,40.52734375,0.0,-0.02429898828268051,CDP_NEG,75,7969,60.365147299991804,256,256,300,30,75,135,EARLY_STOPPING,False,0,2048,deterministic_evenly_spaced_full_fold,3.65000057220459,6.01635006070137,768,736,95.83333333333333,CDP,1.460840537792371,20,0.99,1.460840537792371
48,COMPLETE,0,42,25813,4032,81354305b7b8066000bae764cd84c6a44c1e035572eb00baa18e30401895a2a4,6d4d4bf8c14384a72deec9ae950f7dbc99365946e460adffb80cf5c9ed8ff111,26648,227.93708299999707,0.10503053665161133,0.125,14269c18e6a56f09985dea654338c0b32f5e417a5600e334e252b0c1bbf8bd28,True,True,True,1,0.4510547026914027,1.148816026435968,0.9665107632840989,0.05105056093729459,0.7408165428508244,0.8156349882884237,0.8091231053165575,0.86999813024415,0.6083962744106751,1.6157840925927405,0.0,0.10706310719251633,0.018376391381025314,0.10843603312969208,99.365234375,0.634765625,61.181640625,-0.21884863078594208,-2.1443386566318565e-15,-1.2167965173721313,0.0,-0.13128483295440674,-1.2863645847978724e-15,-0.7299425601959229,0.0,26.46484375,9.47265625,64.0625,-7.098996898971846e-22,CDP_NEG,315,49953,227.9367224000016,256,256,700,350,350,375,EARLY_STOPPING,False,0,2048,deterministic_evenly_spaced_full_fold,3.6649999618530273,6.109466117620462,2560,2530,98.828125,CDP,1.4710406730757069,20,0.99,1.4710406730757069
48,COMPLETE,1,42,27493,2352,db92a7db6dfa639d2026ff19c5b1159be2b53d1e09d9e6a72b1b767a05c21400,2ea764e1783688df4d4bc4d6bc4b7c6a52ae545bfb933c403a7aa96e5d21a797,26648,226.2359426000039,0.08906269073486328,0.103515625,14269c18e6a56f09985dea654338c0b32f5e417a5600e334e252b0c1bbf8bd28,True,True,True,1,0.46697336092860564,1.3440165259201968,0.9837574748604299,0.03687992491308648,0.7299315119235503,0.7137486720410157,1.1390763412106761,0.7984963604929981,0.5238327452228673,1.7913149664043098,0.0,0.12127804756164551,0.021457841619849205,0.12288118898868561,97.75390625,2.24609375,55.2734375,-0.2196875363588333,-1.454593556715622e-09,-1.1315770149230957,0.0,-0.13357442617416382,-8.844222021409109e-10,-0.6880216002464294,0.0,20.361328125,20.361328125,59.27734375,-7.283461002848656e-21,CDP_NEG,285,49953,226.23555979999946,256,256,700,350,350,350,EARLY_STOPPING,False,0,2048,deterministic_evenly_spaced_full_fold,3.6464000701904276,5.997169941663727,2560,2527,98.7109375,CDP,1.4510426770894138,20,0.99,1.4510426770894138
49,COMPLETE,0,42,25813,4032,81354305b7b8066000bae764cd84c6a44c1e035572eb00baa18e30401895a2a4,6d4d4bf8c14384a72deec9ae950f7dbc99365946e460adffb80cf5c9ed8ff111,26648,462.3668894000002,0.07321500778198242,0.08203125,14269c18e6a56f09985dea654338c0b32f5e417a5600e334e252b0c1bbf8bd28,True,True,True,1,0.8478085521724266,0.60489650516835,0.38237349438748514,0.026880114123803596,0.3900688425557404,-0.033973640943937455,0.6040166047548129,0.9210349773298592,0.8520804105763915,0.26826487021487594,0.0,0.06975914537906647,0.00039317490882240236,0.06978386640548706,75.09765625,24.90234375,0.0,-0.06354895234107971,-0.03132461756467819,-0.3142997920513153,0.06509272009134293,-0.03812229633331299,-0.018791284412145615,-0.18854489922523499,0.039048388600349426,64.6484375,35.3515625,0.0,-0.019276991486549377,CDP_NEG,110,58657,462.36630170000717,128,128,800,400,400,400,EARLY_STOPPING,False,0,2048,deterministic_evenly_spaced_full_fold,3.6649999618530273,6.109466117620462,448,444,99.10714285714286,CDP,1.4710406730757069,20,0.99,1.4710406730757069
49,COMPLETE,1,42,27493,2352,db92a7db6dfa639d2026ff19c5b1159be2b53d1e09d9e6a72b1b767a05c21400,2ea764e1783688df4d4bc4d6bc4b7c6a52ae545bfb933c403a7aa96e5d21a797,26648,495.58614189999935,0.06408166885375977,0.080078125,14269c18e6a56f09985dea654338c0b32f5e417a5600e334e252b0c1bbf8bd28,True,True,True,1,0.7275214353685155,0.9609401137448061,0.4680485208059477,0.026368276399441764,0.5218838136037791,-0.09341932563142864,0.9565917578766294,0.8545638559022349,0.7418313509283171,0.49081621704812345,0.0,0.09148243069648743,0.0008666960056871176,0.09153693169355392,75.48828125,24.51171875,0.0,-0.10648350417613983,-0.03955177217721939,-0.44397303462028503,0.05885758250951767,-0.06474411487579346,-0.024048276245594025,-0.26994454860687256,0.035786595195531845,55.126953125,44.873046875,0.0,-0.0077053252607584,CDP_NEG,130,58657,495.58576610000455,128,128,800,400,400,400,EARLY_STOPPING,False,0,2048,deterministic_evenly_spaced_full_fold,3.6464000701904276,5.997169941663727,448,422,94.19642857142857,CDP,1.4510426770894138,20,0.99,1.4510426770894138
49,COMPLETE,2,42,26989,2856,424f72a3df11b24bdd551a74968aa5efe8f47b52221df203d3bd3ed6f8a96c5a,f1c78e2ff146b5069b0310a8b0222fe8d495ed8d7dbf78dc149a7df8702a8f3a,26648,490.5695642000064,0.06620407104492188,0.080078125,14269c18e6a56f09985dea654338c0b32f5e417a5600e334e252b0c1bbf8bd28,True,True,True,1,0.7727571170387642,0.8155660992896846,0.4495501760889043,0.04262399527170698,0.4766165294295458,-0.07666156278970111,0.812097275677775,0.8803488259452603,0.7889087001704763,0.37487311578162463,0.0,0.08864213526248932,0.0006849401397630572,0.08868520706892014,89.306640625,10.693359375,0.0,-0.1040220558643341,-0.07405883818864822,-0.3507004380226135,0.022421997040510178,-0.06330456584692001,-0.04506988823413849,-0.21342529356479645,0.013645324856042862,62.3046875,37.6953125,0.0,-0.01180756464600563,CDP_NEG,205,58657,490.56914450001204,128,128,800,400,400,400,EARLY_STOPPING,False,0,2048,deterministic_evenly_spaced_full_fold,3.663600349426268,6.020027899742124,448,432,96.42857142857143,CDP,1.4524627365104603,20,0.99,1.4524627365104603
49,COMPLETE,3,42,26466,3379,ad1e190147cfc7079fe69ab58be273b0089b28a9cb71d4377b9a01145e874910,b3de2bff6a2b887166deba8883b54b43de7150168fdd2094f9852f380bd9133e,26648,633.9651338999975,0.06984806060791016,0.08203125,14269c18e6a56f09985dea654338c0b32f5e417a5600e334e252b0c1bbf8bd28,True,True,True,1,0.7469398064543595,1.0677969721332106,0.4596159442131158,0.03267871460229332,0.5029764422997222,-0.03198801752994803,1.0674757007420934,0.864458810940738,0.7377357968567319,0.545081478430294,0.0,0.09129147231578827,0.00044649423216469586,0.09131954610347748,82.763671875,17.236328125,0.048828125,-0.08858023583889008,-0.046857692301273346,-0.3766450881958008,0.06340304017066956,-0.05410126596689224,-0.028618808835744858,-0.2300397902727127,0.03872404620051384,57.373046875,42.626953125,0.0,-0.008807336911559105,CDP_NEG,485,58657,633.9647623999917,128,128,800,400,400,545,EARLY_STOPPING,False,0,2048,deterministic_evenly_spaced_full_fold,3.652750015258789,5.9806626215577126,448,442,98.66071428571429,CDP,1.4666426917497317,20,0.99,1.4666426917497317
49,COMPLETE,4,42,27061,2784,2cf8e61e68345fca034455d14ca0a91ba8af3af3a30bcfad11a389cf00a64d26,e85c7d3201b31d98e24a7a8ea73439fb69c13286f849eaf6812d38684b5bedb5,26648,489.85006379999686,0.06615161895751953,0.080078125,14269c18e6a56f09985dea654338c0b32f5e417a5600e334e252b0c1bbf8bd28,True,True,True,1,0.7496510104803574,0.8809426958106864,0.45982473546881786,0.02764400391833254,0.5002589982335519,-0.025204306790725953,0.8807402598485756,0.8659433434492322,0.7510628053050413,0.49414992525412105,0.0,0.08305898308753967,0.00045589092769660056,0.08308765292167664,79.8828125,20.1171875,0.0,-0.06302385032176971,-0.04402308911085129,-0.22870348393917084,0.0239096786826849,-0.03823532536625862,-0.026707936078310013,-0.1387498825788498,0.014505528844892979,54.6875,45.263671875,0.048828125,-0.003467988921329379,CDP_NEG,185,58657,489.8496840000007,128,128,800,400,400,400,EARLY_STOPPING,False,0,2048,deterministic_evenly_spaced_full_fold,3.65000057220459,6.01635006070137,448,446,99.55357142857143,CDP,1.460840537792371,20,0.99,1.460840537792371
50,COMPLETE,0,42,25813,4032,81354305b7b8066000bae764cd84c6a44c1e035572eb00baa18e30401895a2a4,6d4d4bf8c14384a72deec9ae950f7dbc99365946e460adffb80cf5c9ed8ff111,26648,33.93857189999835,0.09041404724121094,0.115234375,14269c18e6a56f09985dea654338c0b32f5e417a5600e334e252b0c1bbf8bd28,True,True,True,1,0.8415553528118418,0.6171983224145823,0.40384297798300395,0.02742677664984492,0.3980016964796271,0.02048526903453176,0.6169347776696474,0.9177275327313686,0.8218278610097678,0.3845376722910972,0.0,0.14718666672706604,0.02063172310590744,0.14961938560009003,100.0,0.0,0.0,-0.7388105392456055,-0.6626636385917664,-1.5301556587219238,-0.2574103772640228,-0.4432041347026825,-0.39752447605133057,-0.9179231524467468,-0.15441758930683136,67.431640625,32.568359375,0.0,-0.027119623497128487,CDP_NEG,10,136705,33.93805940001039,256,256,300,0,75,75,EARLY_STOPPING,False,0,2048,deterministic_evenly_spaced_full_fold,3.6649999618530273,6.109466117620462,384,369,96.09375,CDP,1.4710406730757069,20,0.99,1.4710406730757069
50,COMPLETE,1,42,27493,2352,db92a7db6dfa639d2026ff19c5b1159be2b53d1e09d9e6a72b1b767a05c21400,2ea764e1783688df4d4bc4d6bc4b7c6a52ae545bfb933c403a7aa96e5d21a797,26648,54.144982300000265,0.07961368560791016,0.095703125,14269c18e6a56f09985dea654338c0b32f5e417a5600e334e252b0c1bbf8bd28,True,True,True,1,0.7109394904730422,0.989747773804816,0.49755172610289233,0.027158760980133572,0.5375291709762905,-0.07001445615873197,0.9874782127392674,0.8441686638830794,0.7255548077292024,0.5510548968346414,0.0,0.19907274842262268,0.03985830396413803,0.20377250015735626,89.6484375,10.3515625,0.0,-0.6371073126792908,-0.588021993637085,-1.4586795568466187,0.11199881881475449,-0.38737407326698303,-0.3575291931629181,-0.8869065046310425,0.0680975392460823,38.525390625,61.474609375,0.0,0.03404559940099716,CDP_NEG,50,136705,54.144633299991256,256,256,300,0,75,110,EARLY_STOPPING,False,0,2048,deterministic_evenly_spaced_full_fold,3.6464000701904276,5.997169941663727,384,377,98.17708333333333,CDP,1.4510426770894138,20,0.99,1.4510426770894138
50,COMPLETE,2,42,26989,2856,424f72a3df11b24bdd551a74968aa5efe8f47b52221df203d3bd3ed6f8a96c5a,f1c78e2ff146b5069b0310a8b0222fe8d495ed8d7dbf78dc149a7df8702a8f3a,26648,35.65604590000294,0.0847625732421875,0.095703125,14269c18e6a56f09985dea654338c0b32f5e417a5600e334e252b0c1bbf8bd28,True,True,True,1,0.7675579939019995,0.8248430651081409,0.48560315184034303,0.04310883806682323,0.48203798485281574,-0.05964190613854082,0.8228280415789345,0.8768471869838902,0.7770734123387266,0.417209035543694,0.0,0.20125165581703186,0.012753264047205448,0.202755406498909,100.0,0.0,0.0,-0.8718954920768738,-0.799877405166626,-1.5683867931365967,-0.3757456839084625,-0.5306082367897034,-0.4867803454399109,-0.9544710516929626,-0.22866705060005188,73.193359375,26.806640625,0.0,-0.08818838745355606,CDP_NEG,15,136705,35.655676599999424,256,256,300,0,75,75,EARLY_STOPPING,False,0,2048,deterministic_evenly_spaced_full_fold,3.663600349426268,6.020027899742124,384,363,94.53125,CDP,1.4524627365104603,20,0.99,1.4524627365104603
50,COMPLETE,3,42,26466,3379,ad1e190147cfc7079fe69ab58be273b0089b28a9cb71d4377b9a01145e874910,b3de2bff6a2b887166deba8883b54b43de7150168fdd2094f9852f380bd9133e,26648,60.44483699998818,0.0875849723815918,0.095703125,14269c18e6a56f09985dea654338c0b32f5e417a5600e334e252b0c1bbf8bd28,True,True,True,1,0.7473013280876748,1.06703397248926,0.48122834816438137,0.0326553638640378,0.5026170379781089,-0.02625729112961895,1.066868736519833,0.8646226717059028,0.7569652475346906,0.5085009428386074,0.0,0.20843912661075592,0.0391031950712204,0.21304984390735626,91.69921875,8.30078125,0.0,-0.6619364023208618,-0.6083645224571228,-1.54141366481781,0.11297562718391418,-0.40428435802459717,-0.3715647757053375,-0.9414339661598206,0.06900100409984589,54.638671875,45.361328125,0.0,-0.015922151505947113,CDP_NEG,65,136705,60.4444785000087,256,256,300,0,75,125,EARLY_STOPPING,False,0,2048,deterministic_evenly_spaced_full_fold,3.652750015258789,5.9806626215577126,384,369,96.09375,CDP,1.4666426917497317,20,0.99,1.4666426917497317
50,COMPLETE,4,42,27061,2784,2cf8e61e68345fca034455d14ca0a91ba8af3af3a30bcfad11a389cf00a64d26,e85c7d3201b31d98e24a7a8ea73439fb69c13286f849eaf6812d38684b5bedb5,26648,68.40218029999232,0.08473491668701172,0.095703125,14269c18e6a56f09985dea654338c0b32f5e417a5600e334e252b0c1bbf8bd28,True,True,True,1,0.7415655447499638,0.8950554574392748,0.47600121154253683,0.02808686273266231,0.5082731812538557,0.010563422501715764,0.89515390266464,0.863041788934023,0.7939632075680129,0.4404151376607167,0.0,0.18642224371433258,0.022879749536514282,0.18912002444267273,97.8515625,2.1484375,0.0,-0.7479043006896973,-0.6977826356887817,-1.4818930625915527,-0.17711323499679565,-0.4537386894226074,-0.4233309030532837,-0.8990351557731628,-0.10745109617710114,49.755859375,50.244140625,0.0,0.0007216950180009007,CDP_NEG,55,136705,68.40180979999423,256,256,300,0,75,115,EARLY_STOPPING,False,0,2048,deterministic_evenly_spaced_full_fold,3.65000057220459,6.01635006070137,384,372,96.875,CDP,1.460840537792371,20,0.99,1.460840537792371
51,COMPLETE,0,42,25813,4032,81354305b7b8066000bae764cd84c6a44c1e035572eb00baa18e30401895a2a4,6d4d4bf8c14384a72deec9ae950f7dbc99365946e460adffb80cf5c9ed8ff111,26648,69.8683017000003,0.059824466705322266,0.076171875,14269c18e6a56f09985dea654338c0b32f5e417a5600e334e252b0c1bbf8bd28,True,True,True,1,0.8484716723894552,0.6035772556456596,0.3811295421618279,0.026821489917142286,0.38921812159775626,-0.00891497325845569,0.6035862680929198,0.9212043841089173,0.858400844500863,0.2804092339420155,0.0,0.13883472979068756,0.00023856025654822588,0.13885144889354706,86.083984375,13.916015625,0.0,-0.12854282557964325,-0.05714598298072815,-0.5173518657684326,0.03654702380299568,-0.0771113932132721,-0.034281231462955475,-0.3103535771369934,0.021924149245023727,60.205078125,39.794921875,0.0,-0.023934945464134216,CDP_NEG,110,28801,69.86793910000415,256,256,150,75,75,150,MAX_EPOCHS,False,0,2048,deterministic_evenly_spaced_full_fold,3.6649999618530273,6.109466117620462,1536,1496,97.39583333333333,CDP,1.4710406730757069,20,0.99,1.4710406730757069
51,COMPLETE,1,42,27493,2352,db92a7db6dfa639d2026ff19c5b1159be2b53d1e09d9e6a72b1b767a05c21400,2ea764e1783688df4d4bc4d6bc4b7c6a52ae545bfb933c403a7aa96e5d21a797,26648,75.18634319999546,0.054388999938964844,0.072265625,14269c18e6a56f09985dea654338c0b32f5e417a5600e334e252b0c1bbf8bd28,True,True,True,1,0.7132065345719161,0.9858589364580526,0.49114058391178395,0.027052050960887603,0.5354171545915185,-0.10161509201228365,0.9808166137448189,0.846942711419257,0.7448673700978574,0.47574994058217535,0.0,0.19989526271820068,0.0004512796294875443,0.19992689788341522,78.515625,21.484375,0.0,-0.10650502145290375,-0.039673179388046265,-0.4659082293510437,0.0689956471323967,-0.06475719809532166,-0.024122092872858047,-0.2832815945148468,0.04195074364542961,61.962890625,38.037109375,0.0,-0.0198808703571558,CDP_NEG,150,28801,75.18600839999272,256,256,150,75,75,150,MAX_EPOCHS,False,0,2048,deterministic_evenly_spaced_full_fold,3.6464000701904276,5.997169941663727,1536,1500,97.65625,CDP,1.4510426770894138,20,0.99,1.4510426770894138
51,COMPLETE,2,42,26989,2856,424f72a3df11b24bdd551a74968aa5efe8f47b52221df203d3bd3ed6f8a96c5a,f1c78e2ff146b5069b0310a8b0222fe8d495ed8d7dbf78dc149a7df8702a8f3a,26648,67.69408430000476,0.055715084075927734,0.07421875,14269c18e6a56f09985dea654338c0b32f5e417a5600e334e252b0c1bbf8bd28,True,True,True,1,0.7634010469130845,0.8321860458271011,0.47517255027139305,0.04349260484638628,0.48632922009296,-0.08611291426518301,0.8278636072493541,0.8756301178637553,0.7913958421280611,0.3601016452615087,0.0,0.19096875190734863,0.0008060230175033212,0.1910252571105957,73.681640625,26.318359375,0.0,-0.1298888474702835,-0.04640534520149231,-0.5222305655479431,0.10507699847221375,-0.07904627174139023,-0.028240839019417763,-0.3178131580352783,0.06394656747579575,71.923828125,28.076171875,0.0,-0.024978168308734894,CDP_NEG,70,28801,67.69351660000393,256,256,150,75,75,130,EARLY_STOPPING,False,0,2048,deterministic_evenly_spaced_full_fold,3.663600349426268,6.020027899742124,1536,1495,97.33072916666667,CDP,1.4524627365104603,20,0.99,1.4524627365104603
51,COMPLETE,3,42,26466,3379,ad1e190147cfc7079fe69ab58be273b0089b28a9cb71d4377b9a01145e874910,b3de2bff6a2b887166deba8883b54b43de7150168fdd2094f9852f380bd9133e,26648,75.97809469999629,0.05943012237548828,0.07421875,14269c18e6a56f09985dea654338c0b32f5e417a5600e334e252b0c1bbf8bd28,True,True,True,1,0.7410317090074972,1.080189776281705,0.4806329033636892,0.03305798230997534,0.5088139645098426,-0.0005467037307562929,1.0803495120758426,0.860940420996691,0.729456778707669,0.594739417956771,0.0,0.2080267369747162,2.4464892703690566e-05,0.20802845060825348,90.478515625,9.521484375,0.0,-0.11995205283164978,-0.06382913887500763,-0.43646156787872314,0.013868149369955063,-0.07326193153858185,-0.03898428753018379,-0.26657330989837646,0.008470111526548862,60.400390625,39.599609375,0.0,-0.007611053995788097,CDP_NEG,145,28801,75.97772109998914,256,256,150,75,75,150,MAX_EPOCHS,False,0,2048,deterministic_evenly_spaced_full_fold,3.652750015258789,5.9806626215577126,1536,1505,97.98177083333333,CDP,1.4666426917497317,20,0.99,1.4666426917497317
51,COMPLETE,4,42,27061,2784,2cf8e61e68345fca034455d14ca0a91ba8af3af3a30bcfad11a389cf00a64d26,e85c7d3201b31d98e24a7a8ea73439fb69c13286f849eaf6812d38684b5bedb5,26648,80.61374020000221,0.05533170700073242,0.07421875,14269c18e6a56f09985dea654338c0b32f5e417a5600e334e252b0c1bbf8bd28,True,True,True,1,0.7360335094733776,0.9045844895709373,0.4694378275583393,0.02838588400026381,0.5136844118492055,0.02907015944056811,0.9042796837782621,0.8616445331341867,0.8098666422556462,0.4257427584004333,0.0,0.17731402814388275,0.00021521627786569297,0.17732910811901093,82.861328125,17.138671875,0.0,-0.14408710598945618,-0.07226601243019104,-0.6290662288665771,0.04732454940676689,-0.08741478621959686,-0.04384236037731171,-0.38164204359054565,0.02871086820960045,60.986328125,39.013671875,0.0,-0.0197923444211483,CDP_NEG,120,28801,80.61340010000276,256,256,150,75,75,150,MAX_EPOCHS,False,0,2048,deterministic_evenly_spaced_full_fold,3.65000057220459,6.01635006070137,1536,1511,98.37239583333333,CDP,1.460840537792371,20,0.99,1.460840537792371
52,COMPLETE,0,42,25813,4032,81354305b7b8066000bae764cd84c6a44c1e035572eb00baa18e30401895a2a4,6d4d4bf8c14384a72deec9ae950f7dbc99365946e460adffb80cf5c9ed8ff111,26648,130.7095560000016,0.09543704986572266,0.1015625,14269c18e6a56f09985dea654338c0b32f5e417a5600e334e252b0c1bbf8bd28,True,True,True,1,0.859345081717736,0.5815183350627963,0.38970752705998685,0.025841245697430255,0.3749933781147505,0.03149664741587393,0.5807367560725145,0.928433697480821,0.9058464236267147,0.22387709448326962,0.0,0.06847899407148361,0.0080787418410182,0.06893342733383179,69.921875,30.078125,0.0,-0.16638411581516266,-0.09678442776203156,-0.7854374647140503,0.3311479687690735,-0.09981197118759155,-0.05805988609790802,-0.47117507457733154,0.19865193963050842,69.189453125,30.810546875,0.0,-0.046114642173051834,CDP_NEG,110,46433,130.70916539999598,512,512,800,400,400,400,EARLY_STOPPING,False,0,2048,deterministic_evenly_spaced_full_fold,3.6649999618530273,6.109466117620462,448,444,99.10714285714286,CDP,1.4710406730757069,20,0.99,1.4710406730757069
52,COMPLETE,1,42,27493,2352,db92a7db6dfa639d2026ff19c5b1159be2b53d1e09d9e6a72b1b767a05c21400,2ea764e1783688df4d4bc4d6bc4b7c6a52ae545bfb933c403a7aa96e5d21a797,26648,142.2969779999985,0.07957983016967773,0.1015625,14269c18e6a56f09985dea654338c0b32f5e417a5600e334e252b0c1bbf8bd28,True,True,True,1,0.7175233439975052,0.9784112401937665,0.48707288948559285,0.02684768555785486,0.5313723321583897,-0.055775608777125577,0.977027889434733,0.8476577239979735,0.7262136705099278,0.563802738024627,0.0,0.09842301905155182,0.007785183843225241,0.09886094182729721,70.1171875,29.8828125,0.0,-0.13302701711654663,-0.13419464230537415,-0.6187548637390137,0.30303940176963806,-0.08088310807943344,-0.08159304410219193,-0.3762154281139374,0.18425405025482178,54.345703125,45.654296875,0.0,-0.009010190144181252,CDP_NEG,240,46433,142.29658039999777,512,512,800,400,400,400,EARLY_STOPPING,False,0,2048,deterministic_evenly_spaced_full_fold,3.6464000701904276,5.997169941663727,448,422,94.19642857142857,CDP,1.4510426770894138,20,0.99,1.4510426770894138
52,COMPLETE,2,42,26989,2856,424f72a3df11b24bdd551a74968aa5efe8f47b52221df203d3bd3ed6f8a96c5a,f1c78e2ff146b5069b0310a8b0222fe8d495ed8d7dbf78dc149a7df8702a8f3a,26648,147.54743909998797,0.08316516876220703,0.1015625,14269c18e6a56f09985dea654338c0b32f5e417a5600e334e252b0c1bbf8bd28,True,True,True,1,0.7667617122447957,0.8262546986278531,0.4697227108080973,0.04318261438062784,0.4828629429642154,-0.06602058885488607,0.8237570669726348,0.8772766040878206,0.8020070681752322,0.35749603595670154,0.0,0.0926542580127716,0.001557356445118785,0.09274186193943024,78.41796875,21.58203125,0.0,-0.19515463709831238,-0.13080713152885437,-0.7553931474685669,0.131275936961174,-0.11876499652862549,-0.0796051174402237,-0.4597086012363434,0.0798904225230217,71.6796875,28.3203125,0.0,-0.060005996376276016,CDP_NEG,165,46433,147.54686770000262,512,512,800,400,400,400,EARLY_STOPPING,False,0,2048,deterministic_evenly_spaced_full_fold,3.663600349426268,6.020027899742124,448,432,96.42857142857143,CDP,1.4524627365104603,20,0.99,1.4524627365104603
52,COMPLETE,3,42,26466,3379,ad1e190147cfc7079fe69ab58be273b0089b28a9cb71d4377b9a01145e874910,b3de2bff6a2b887166deba8883b54b43de7150168fdd2094f9852f380bd9133e,26648,147.67833539999265,0.08964920043945312,0.103515625,14269c18e6a56f09985dea654338c0b32f5e417a5600e334e252b0c1bbf8bd28,True,True,True,1,0.7486025331580133,1.0642832220407155,0.49037579686498955,0.032571180268095835,0.5013213209922298,-0.027643447223061696,1.0640816259665369,0.8673646475085428,0.700647338408419,0.6310331371853838,0.0,0.100602887570858,0.0127283725887537,0.10131886601448059,69.7265625,30.2734375,0.0,-0.17473891377449036,-0.1343236267566681,-0.7253710031509399,0.28897199034690857,-0.10672356188297272,-0.08203952014446259,-0.44302767515182495,0.17649255692958832,58.203125,41.796875,0.0,-0.015066057443618774,CDP_NEG,275,46433,147.67793859999801,512,512,800,400,400,400,EARLY_STOPPING,False,0,2048,deterministic_evenly_spaced_full_fold,3.652750015258789,5.9806626215577126,448,442,98.66071428571429,CDP,1.4666426917497317,20,0.99,1.4666426917497317
52,COMPLETE,4,42,27061,2784,2cf8e61e68345fca034455d14ca0a91ba8af3af3a30bcfad11a389cf00a64d26,e85c7d3201b31d98e24a7a8ea73439fb69c13286f849eaf6812d38684b5bedb5,26648,146.45270949999394,0.08292913436889648,0.1015625,14269c18e6a56f09985dea654338c0b32f5e417a5600e334e252b0c1bbf8bd28,True,True,True,1,0.7483270191678225,0.883269093141519,0.47414643326438877,0.027717006324998676,0.5015800843879068,-0.003557656694816803,0.8834206028558985,0.865169713959183,0.7603664624691744,0.4963864838704999,0.0,0.09135373681783676,0.004635411314666271,0.0916144847869873,86.9140625,13.0859375,0.0,-0.23775523900985718,-0.23329445719718933,-0.6462752819061279,0.10185933113098145,-0.14424139261245728,-0.14153513312339783,-0.39208242297172546,0.06179603934288025,61.81640625,38.18359375,0.0,-0.03186686336994171,CDP_NEG,190,46433,146.4523244000011,512,512,800,400,400,400,EARLY_STOPPING,False,0,2048,deterministic_evenly_spaced_full_fold,3.65000057220459,6.01635006070137,448,446,99.55357142857143,CDP,1.460840537792371,20,0.99,1.460840537792371
53,COMPLETE,0,42,25813,4032,81354305b7b8066000bae764cd84c6a44c1e035572eb00baa18e30401895a2a4,6d4d4bf8c14384a72deec9ae950f7dbc99365946e460adffb80cf5c9ed8ff111,26648,709.4432766999962,0.08718490600585938,0.09765625,14269c18e6a56f09985dea654338c0b32f5e417a5600e334e252b0c1bbf8bd28,True,True,True,1,0.8508002808070882,0.5989215694037922,0.3856599563024781,0.026614602662154447,0.3862158920789025,-0.013104715603168145,0.5988524503033316,0.9228246741501431,0.8266094676286532,0.34117761141758235,0.0,0.07175038754940033,0.0003426324692554772,0.07176952064037323,77.294921875,22.705078125,0.048828125,-0.05084291100502014,-0.02733081951737404,-0.22173979878425598,0.04868526756763458,-0.03050009161233902,-0.01639545150101185,-0.13301920890808105,0.029205743223428726,62.3046875,37.6953125,0.0,-0.011356232687830925,CDP_NEG,355,94721,709.4428146999999,128,128,800,400,400,415,EARLY_STOPPING,False,0,2048,deterministic_evenly_spaced_full_fold,3.6649999618530273,6.109466117620462,192,188,97.91666666666667,CDP,1.4710406730757069,20,0.99,1.4710406730757069
53,COMPLETE,1,42,27493,2352,db92a7db6dfa639d2026ff19c5b1159be2b53d1e09d9e6a72b1b767a05c21400,2ea764e1783688df4d4bc4d6bc4b7c6a52ae545bfb933c403a7aa96e5d21a797,26648,694.1936023000017,0.07721424102783203,0.09765625,14269c18e6a56f09985dea654338c0b32f5e417a5600e334e252b0c1bbf8bd28,True,True,True,1,0.7314943090648724,0.9539088963305073,0.45903539978328867,0.026175339210585857,0.5180651796369323,-0.09619999120525104,0.9492475191151518,0.8568706493150864,0.7354986665988066,0.502366413409604,0.0,0.08939554542303085,0.00579863041639328,0.08971940726041794,72.802734375,27.197265625,0.0,-0.04207620397210121,-0.02916870266199112,-0.2429952770471573,0.09016108512878418,-0.02558317966759205,-0.017735159024596214,-0.1477460116147995,0.054819755256175995,60.009765625,39.94140625,0.048828125,-0.01217274833470583,CDP_NEG,95,94721,694.193102899997,128,128,800,400,400,400,EARLY_STOPPING,False,0,2048,deterministic_evenly_spaced_full_fold,3.6464000701904276,5.997169941663727,192,181,94.27083333333333,CDP,1.4510426770894138,20,0.99,1.4510426770894138
53,COMPLETE,2,42,26989,2856,424f72a3df11b24bdd551a74968aa5efe8f47b52221df203d3bd3ed6f8a96c5a,f1c78e2ff146b5069b0310a8b0222fe8d495ed8d7dbf78dc149a7df8702a8f3a,26648,691.0315119000006,0.07807493209838867,0.095703125,14269c18e6a56f09985dea654338c0b32f5e417a5600e334e252b0c1bbf8bd28,True,True,True,1,0.7727552845939547,0.8155693875705607,0.4631565313614091,0.04262416712738936,0.4766184510996843,-0.03845771460295642,0.8148048174413179,0.8796644665327292,0.7944207931607411,0.40128632580078627,0.0,0.09148943424224854,0.0004780508461408317,0.09151613712310791,89.35546875,10.64453125,0.0,-0.13797599077224731,-0.0874081701040268,-0.46651944518089294,0.021845698356628418,-0.08396785706281662,-0.053193870931863785,-0.2839091122150421,0.013294607400894165,61.328125,38.671875,0.0,-0.011187579482793808,CDP_NEG,310,94721,691.0310136000044,128,128,800,400,400,400,EARLY_STOPPING,False,0,2048,deterministic_evenly_spaced_full_fold,3.663600349426268,6.020027899742124,192,183,95.3125,CDP,1.4524627365104603,20,0.99,1.4524627365104603
53,COMPLETE,3,42,26466,3379,ad1e190147cfc7079fe69ab58be273b0089b28a9cb71d4377b9a01145e874910,b3de2bff6a2b887166deba8883b54b43de7150168fdd2094f9852f380bd9133e,26648,690.7990050999942,0.0823221206665039,0.09765625,14269c18e6a56f09985dea654338c0b32f5e417a5600e334e252b0c1bbf8bd28,True,True,True,1,0.75037448655163,1.0605258351131812,0.4679349686297534,0.032456189705039655,0.49955143668044055,-0.015692802442007728,1.060566670670132,0.866376905639975,0.7389917728475615,0.5586131237161808,0.0,0.09418155997991562,0.0004421911435201764,0.09420625865459442,78.80859375,21.19140625,0.0,-0.07229384779930115,-0.03974923491477966,-0.27576062083244324,0.062277160584926605,-0.044154196977615356,-0.02427724562585354,-0.1684235781431198,0.03803640604019165,53.3203125,46.6796875,0.0,-0.003977215848863125,CDP_NEG,305,94721,690.798572300002,128,128,800,400,400,400,EARLY_STOPPING,False,0,2048,deterministic_evenly_spaced_full_fold,3.652750015258789,5.9806626215577126,192,189,98.4375,CDP,1.4666426917497317,20,0.99,1.4666426917497317
53,COMPLETE,4,42,27061,2784,2cf8e61e68345fca034455d14ca0a91ba8af3af3a30bcfad11a389cf00a64d26,e85c7d3201b31d98e24a7a8ea73439fb69c13286f849eaf6812d38684b5bedb5,26648,703.3963711999968,0.08002996444702148,0.09765625,14269c18e6a56f09985dea654338c0b32f5e417a5600e334e252b0c1bbf8bd28,True,True,True,1,0.7448430483482996,0.889361735507407,0.47419733101188105,0.02790819359544947,0.5050398998572315,0.01895001174054268,0.8893195586694141,0.8637804259453904,0.7755071639200576,0.4873063159269708,0.0,0.08881929516792297,0.000684718310367316,0.08885753899812698,78.955078125,21.044921875,0.0,-0.061848826706409454,-0.02645048499107361,-0.25833186507225037,0.027680832892656326,-0.03752245754003525,-0.016046985983848572,-0.15672484040260315,0.01679341308772564,64.794921875,35.205078125,0.0,-0.011243604123592377,CDP_NEG,200,94721,703.3958780999965,128,128,800,400,400,400,EARLY_STOPPING,False,0,2048,deterministic_evenly_spaced_full_fold,3.65000057220459,6.01635006070137,192,190,98.95833333333333,CDP,1.460840537792371,20,0.99,1.460840537792371
54,COMPLETE,0,42,25813,4032,81354305b7b8066000bae764cd84c6a44c1e035572eb00baa18e30401895a2a4,6d4d4bf8c14384a72deec9ae950f7dbc99365946e460adffb80cf5c9ed8ff111,26648,752.1165256000095,0.08861351013183594,0.099609375,14269c18e6a56f09985dea654338c0b32f5e417a5600e334e252b0c1bbf8bd28,True,True,True,1,-0.0011621939792665348,1.5514513860518035,0.999422813968392,0.06894268682044914,1.0004568405801904,-0.052964267591296306,1.5507393773232028,0.007986922082270566,0.00012523901358043688,1.9900420731062618,0.0,0.32069677114486694,0.0013750336365774274,0.3208143711090088,50.146484375,49.853515625,0.0,7.299130083993077e-05,-0.00011434461339376867,-0.1500512659549713,0.14775440096855164,4.3786567403003573e-05,-6.859404675196856e-05,-0.09001406282186508,0.08863620460033417,49.462890625,50.537109375,0.0,3.890608059009537e-05,CDP_NEG,145,95169,752.1161308999872,128,128,800,400,400,400,EARLY_STOPPING,False,0,2048,deterministic_evenly_spaced_full_fold,3.6649999618530273,6.109466117620462,192,188,97.91666666666667,CDP,1.4710406730757069,20,0.99,1.4710406730757069
54,COMPLETE,1,42,27493,2352,db92a7db6dfa639d2026ff19c5b1159be2b53d1e09d9e6a72b1b767a05c21400,2ea764e1783688df4d4bc4d6bc4b7c6a52ae545bfb933c403a7aa96e5d21a797,26648,783.5460452999978,0.07844400405883789,0.09765625,14269c18e6a56f09985dea654338c0b32f5e417a5600e334e252b0c1bbf8bd28,True,True,True,1,-0.019164174221372177,1.8584557548352258,1.2019305387971175,0.050996180010279314,1.0093219784192196,-0.2548444657665709,1.8412912772848788,,-3.7433688337829644e-16,2.0081551074981694,0.0,0.4014647901058197,1.0087578084813132e-27,0.4014647901058197,100.0,0.0,100.0,3.416455511982201e-15,3.781758164001642e-15,-1.1559983113980377e-13,1.2392945827541246e-13,2.0772737642418132e-15,2.2993850730114408e-15,-7.02870243561235e-14,7.535160375434641e-14,0.0,0.0,100.0,2.426599574931025e-16,CDP_NEG,85,95169,783.5455406999972,128,128,800,400,400,400,EARLY_STOPPING,False,0,2048,deterministic_evenly_spaced_full_fold,3.6464000701904276,5.997169941663727,192,181,94.27083333333333,CDP,1.4510426770894138,20,0.99,1.4510426770894138
55,COMPLETE,0,42,25813,4032,81354305b7b8066000bae764cd84c6a44c1e035572eb00baa18e30401895a2a4,6d4d4bf8c14384a72deec9ae950f7dbc99365946e460adffb80cf5c9ed8ff111,26648,187.46532139999908,0.07486772537231445,0.091796875,14269c18e6a56f09985dea654338c0b32f5e417a5600e334e252b0c1bbf8bd28,True,True,True,1,0.8532217632883832,0.5940414973420971,0.3846989399415121,0.026397744252773754,0.38306896687032616,0.03462309531055831,0.5931052076305878,0.9240888787205533,0.8676430872033001,0.30506297701338636,0.0,0.0703052505850792,0.0006011452060192823,0.07034669071435928,69.384765625,30.615234375,0.0,-0.03508653864264488,-0.01743376813828945,-0.22608907520771027,0.07227174937725067,-0.02104802057147026,-0.010458320379257202,-0.13562829792499542,0.04335501044988632,63.0859375,36.9140625,0.0,-0.019178956747055054,CDP_NEG,85,58945,187.4647818999947,128,128,800,80,80,145,EARLY_STOPPING,False,0,2048,deterministic_evenly_spaced_full_fold,3.6649999618530273,6.109466117620462,448,448,100.0,CDP,1.4710406730757069,20,0.99,1.4710406730757069
55,COMPLETE,1,42,27493,2352,db92a7db6dfa639d2026ff19c5b1159be2b53d1e09d9e6a72b1b767a05c21400,2ea764e1783688df4d4bc4d6bc4b7c6a52ae545bfb933c403a7aa96e5d21a797,26648,239.52447770000435,0.06708097457885742,0.072265625,14269c18e6a56f09985dea654338c0b32f5e417a5600e334e252b0c1bbf8bd28,True,True,True,1,0.7229877148367434,0.9689015855756375,0.47311505320684694,0.026586739846621243,0.5262076660702782,-0.05798422904894212,0.9673706571983337,0.8516977465491825,0.7573615109664555,0.4911065680915689,0.0,0.09038437157869339,0.005634846165776253,0.090772844851017,78.759765625,21.240234375,0.0,-0.0739380419254303,-0.053136102855205536,-0.31887882947921753,0.12649235129356384,-0.04495581239461899,-0.03230781853199005,-0.1938847452402115,0.07690989226102829,49.755859375,50.244140625,0.0,0.00025622238172218204,CDP_NEG,120,58945,239.5240124999982,128,128,800,80,80,180,EARLY_STOPPING,False,0,2048,deterministic_evenly_spaced_full_fold,3.6464000701904276,5.997169941663727,448,426,95.08928571428571,CDP,1.4510426770894138,20,0.99,1.4510426770894138
55,COMPLETE,2,42,26989,2856,424f72a3df11b24bdd551a74968aa5efe8f47b52221df203d3bd3ed6f8a96c5a,f1c78e2ff146b5069b0310a8b0222fe8d495ed8d7dbf78dc149a7df8702a8f3a,26648,219.39081710000755,0.07043170928955078,0.072265625,14269c18e6a56f09985dea654338c0b32f5e417a5600e334e252b0c1bbf8bd28,True,True,True,1,0.7734024878701639,0.8144071701295486,0.4543489954598686,0.04256342606574697,0.47593925165323825,-0.052506798860050885,0.8128551064427223,0.8810897763279447,0.8154737954099077,0.34220383367128826,0.0,0.09132266044616699,0.0013183741830289364,0.09141355007886887,82.91015625,17.08984375,0.0,-0.07477183640003204,-0.04865512624382973,-0.3125801384449005,0.09063135087490082,-0.04550379887223244,-0.029609985649585724,-0.1902264803647995,0.055155400186777115,68.84765625,31.15234375,0.0,-0.01853042095899582,CDP_NEG,105,58945,219.39041170000564,128,128,800,80,80,165,EARLY_STOPPING,False,0,2048,deterministic_evenly_spaced_full_fold,3.663600349426268,6.020027899742124,448,435,97.09821428571429,CDP,1.4524627365104603,20,0.99,1.4524627365104603
55,COMPLETE,3,42,26466,3379,ad1e190147cfc7079fe69ab58be273b0089b28a9cb71d4377b9a01145e874910,b3de2bff6a2b887166deba8883b54b43de7150168fdd2094f9852f380bd9133e,26648,437.805053700009,0.07348966598510742,0.091796875,14269c18e6a56f09985dea654338c0b32f5e417a5600e334e252b0c1bbf8bd28,True,True,True,1,0.7503108509105304,1.0606610034699715,0.4700842268322636,0.03246032637921095,0.499615106554943,-0.01897746384285154,1.06064817510609,0.8665379046444237,0.7315667314339255,0.5716660518708216,0.0,0.09817009419202805,0.003755580633878708,0.09842900931835175,68.1640625,31.8359375,0.0,-0.041222892701625824,-0.0308186374604702,-0.2754252851009369,0.17156343162059784,-0.025177299976348877,-0.018822794780135155,-0.16821876168251038,0.10478410124778748,62.6953125,37.3046875,0.0,-0.017710860818624496,CDP_NEG,265,58945,437.8046471999987,128,128,800,80,80,325,EARLY_STOPPING,False,0,2048,deterministic_evenly_spaced_full_fold,3.652750015258789,5.9806626215577126,448,446,99.55357142857143,CDP,1.4666426917497317,20,0.99,1.4666426917497317
55,COMPLETE,4,42,27061,2784,2cf8e61e68345fca034455d14ca0a91ba8af3af3a30bcfad11a389cf00a64d26,e85c7d3201b31d98e24a7a8ea73439fb69c13286f849eaf6812d38684b5bedb5,26648,199.50854439999966,0.06933021545410156,0.072265625,14269c18e6a56f09985dea654338c0b32f5e417a5600e334e252b0c1bbf8bd28,True,True,True,1,0.7462483498088122,0.8869092313312825,0.4682000796352001,0.027831233952811053,0.5036472016849826,-0.008935684585636388,0.8870235380011146,0.8646299897228931,0.778890257152234,0.4523625189032,0.0,0.08658044785261154,0.0015312315663322806,0.08668601512908936,81.15234375,18.84765625,0.0,-0.0828944742679596,-0.06248347833752632,-0.29635462164878845,0.09394681453704834,-0.05029044300317764,-0.03790748864412308,-0.17979249358177185,0.05699567124247551,53.41796875,46.58203125,0.0,-0.0037910137325525284,CDP_NEG,80,58945,199.50812819998828,128,128,800,80,80,140,EARLY_STOPPING,False,0,2048,deterministic_evenly_spaced_full_fold,3.65000057220459,6.01635006070137,448,448,100.0,CDP,1.460840537792371,20,0.99,1.460840537792371
56,COMPLETE,0,42,25813,4032,81354305b7b8066000bae764cd84c6a44c1e035572eb00baa18e30401895a2a4,6d4d4bf8c14384a72deec9ae950f7dbc99365946e460adffb80cf5c9ed8ff111,26648,142.1190678999992,0.07994890213012695,0.09765625,14269c18e6a56f09985dea654338c0b32f5e417a5600e334e252b0c1bbf8bd28,True,True,True,1,0.8495535586625003,0.6014186767248572,0.3814870034198282,0.026725567974726274,0.3878261572302844,0.0033502983004880314,0.6014839383753625,0.9219148325824142,0.8676299123207004,0.27381709974340623,0.0,0.06857769936323166,0.00030328426510095596,0.06863941997289658,79.98046875,20.01953125,0.0,-0.1223461776971817,-0.059077341109514236,-0.5143539905548096,0.0431978777050972,-0.07339409738779068,-0.035439830273389816,-0.30855515599250793,0.025913920253515244,65.33203125,34.66796875,0.0,-0.04128351807594299,CDP_NEG,40,71169,142.11871560000873,128,128,500,50,75,100,EARLY_STOPPING,False,0,2048,deterministic_evenly_spaced_full_fold,3.6649999618530273,6.109466117620462,448,448,100.0,CDP,1.4710406730757069,20,0.99,1.4710406730757069
56,COMPLETE,1,42,27493,2352,db92a7db6dfa639d2026ff19c5b1159be2b53d1e09d9e6a72b1b767a05c21400,2ea764e1783688df4d4bc4d6bc4b7c6a52ae545bfb933c403a7aa96e5d21a797,26648,340.28758150000067,0.07136106491088867,0.078125,14269c18e6a56f09985dea654338c0b32f5e417a5600e334e252b0c1bbf8bd28,True,True,True,1,0.7237884286468483,0.967500250035384,0.46168791863997627,0.02654828708320213,0.5254466047664307,-0.09403228864776997,0.9631246306241129,0.8525041495096152,0.7104588994252063,0.5611990983955903,0.0,0.0902857780456543,0.0031640431843698025,0.09092969447374344,76.07421875,23.92578125,0.0,-0.06518463790416718,-0.04678382724523544,-0.2915869355201721,0.13057447969913483,-0.03963357210159302,-0.02844550833106041,-0.17729072272777557,0.07939191907644272,54.19921875,45.80078125,0.0,-0.004942859522998333,CDP_NEG,160,71169,340.2871974000009,128,128,500,50,75,220,EARLY_STOPPING,False,0,2048,deterministic_evenly_spaced_full_fold,3.6464000701904276,5.997169941663727,448,426,95.08928571428571,CDP,1.4510426770894138,20,0.99,1.4510426770894138
56,COMPLETE,2,42,26989,2856,424f72a3df11b24bdd551a74968aa5efe8f47b52221df203d3bd3ed6f8a96c5a,f1c78e2ff146b5069b0310a8b0222fe8d495ed8d7dbf78dc149a7df8702a8f3a,26648,237.845127099994,0.0749521255493164,0.078125,14269c18e6a56f09985dea654338c0b32f5e417a5600e334e252b0c1bbf8bd28,True,True,True,1,0.7723556973692554,0.8162861214483794,0.46255591883472785,0.04266162584648745,0.47703731011511913,-0.0338298006358893,0.81572762850135,0.8800559603646372,0.8113328183167055,0.3697385856837891,0.0,0.09171774983406067,0.0003398458648007363,0.09178691357374191,78.41796875,21.58203125,0.0,-0.08113546669483185,-0.04162848740816116,-0.32291585206985474,0.06028469651937485,-0.04937650263309479,-0.025333791971206665,-0.1965164691209793,0.03668737784028053,63.037109375,36.962890625,0.0,-0.019843939691781998,CDP_NEG,95,71169,237.8447387000051,128,128,500,50,75,155,EARLY_STOPPING,False,0,2048,deterministic_evenly_spaced_full_fold,3.663600349426268,6.020027899742124,448,435,97.09821428571429,CDP,1.4524627365104603,20,0.99,1.4524627365104603
56,COMPLETE,3,42,26466,3379,ad1e190147cfc7079fe69ab58be273b0089b28a9cb71d4377b9a01145e874910,b3de2bff6a2b887166deba8883b54b43de7150168fdd2094f9852f380bd9133e,26648,503.3407711000036,0.07825994491577148,0.09765625,14269c18e6a56f09985dea654338c0b32f5e417a5600e334e252b0c1bbf8bd28,True,True,True,1,0.7450727731282492,1.0717287420352122,0.45889127429348514,0.032799041958394275,0.5048284681893435,-0.04361239931840446,1.0709994941569583,0.8637448077169168,0.7256120562287413,0.5601334055299612,0.0,0.09252726286649704,0.0013971441658213735,0.09281159192323685,69.189453125,30.810546875,0.048828125,-0.0690741240978241,-0.02862280048429966,-0.3845634460449219,0.11726628988981247,-0.04218771681189537,-0.017481664195656776,-0.23487600684165955,0.07162156701087952,62.060546875,37.939453125,0.0,-0.013537447899580002,CDP_NEG,280,71169,503.34033619999536,128,128,500,50,75,340,EARLY_STOPPING,False,0,2048,deterministic_evenly_spaced_full_fold,3.652750015258789,5.9806626215577126,448,446,99.55357142857143,CDP,1.4666426917497317,20,0.99,1.4666426917497317
56,COMPLETE,4,42,27061,2784,2cf8e61e68345fca034455d14ca0a91ba8af3af3a30bcfad11a389cf00a64d26,e85c7d3201b31d98e24a7a8ea73439fb69c13286f849eaf6812d38684b5bedb5,26648,245.08261979999952,0.07381629943847656,0.078125,14269c18e6a56f09985dea654338c0b32f5e417a5600e334e252b0c1bbf8bd28,True,True,True,1,0.7432134639779033,0.8921972125088905,0.46053798045927424,0.02799717093496554,0.5066500759685971,0.001901384752272861,0.89235546584574,0.8650044903674042,0.809508663988998,0.39932082882699316,0.0,0.08562169969081879,0.0015294647309929132,0.08593296259641647,80.419921875,19.580078125,0.0,-0.08661912381649017,-0.054207488894462585,-0.36542418599128723,0.04192392900586128,-0.05255011096596718,-0.03288660943508148,-0.22169561684131622,0.02543441765010357,61.23046875,38.76953125,0.0,-0.01013987883925438,CDP_NEG,100,71169,245.0821098000015,128,128,500,50,75,160,EARLY_STOPPING,False,0,2048,deterministic_evenly_spaced_full_fold,3.65000057220459,6.01635006070137,448,448,100.0,CDP,1.460840537792371,20,0.99,1.460840537792371
57,COMPLETE,0,42,25813,4032,81354305b7b8066000bae764cd84c6a44c1e035572eb00baa18e30401895a2a4,6d4d4bf8c14384a72deec9ae950f7dbc99365946e460adffb80cf5c9ed8ff111,26648,861.159296400001,0.08004379272460938,0.095703125,14269c18e6a56f09985dea654338c0b32f5e417a5600e334e252b0c1bbf8bd28,True,True,True,1,0.7595520201738054,0.7603201798502768,0.49905286223333356,0.03378676026458165,0.4902941412158247,-0.019844393043188444,0.7601554370810376,0.8726148591047084,0.7978655054348873,0.393169386465372,0.0,0.10681658238172531,0.10319790244102478,0.12238091230392456,67.48046875,32.51953125,0.0,-0.48943084478378296,-0.2296249270439148,-2.751356363296509,1.1150165796279907,-0.2936040759086609,-0.13774940371513367,-1.6505078077316284,0.6688858866691589,63.427734375,36.572265625,0.0,-0.017537297680974007,CDP_NEG,295,94625,861.1588542999962,64,64,600,300,300,355,EARLY_STOPPING,False,0,2048,deterministic_evenly_spaced_full_fold,3.6649999618530273,6.109466117620462,768,752,97.91666666666667,CDP,1.4710406730757069,20,0.99,1.4710406730757069
57,COMPLETE,1,42,27493,2352,db92a7db6dfa639d2026ff19c5b1159be2b53d1e09d9e6a72b1b767a05c21400,2ea764e1783688df4d4bc4d6bc4b7c6a52ae545bfb933c403a7aa96e5d21a797,26648,720.2785970999976,0.07059192657470703,0.080078125,14269c18e6a56f09985dea654338c0b32f5e417a5600e334e252b0c1bbf8bd28,True,True,True,1,0.6517239315402097,1.0864055317381849,0.5942903209848291,0.02981105787239782,0.5900237214723413,-0.12211006812491537,1.0797508046742803,0.8103318361814358,0.675006583657254,0.6133498943725689,0.0,0.13244129717350006,0.08123160898685455,0.14469265937805176,71.044921875,28.955078125,0.0,-0.5912877321243286,-0.3395261764526367,-2.792245626449585,0.796638011932373,-0.35951483249664307,-0.20643875002861023,-1.6977416276931763,0.48437196016311646,67.08984375,32.91015625,0.0,-0.02417406253516674,CDP_NEG,130,94625,720.2782248000003,64,64,600,300,300,300,EARLY_STOPPING,False,0,2048,deterministic_evenly_spaced_full_fold,3.6464000701904276,5.997169941663727,768,754,98.17708333333333,CDP,1.4510426770894138,20,0.99,1.4510426770894138
58,COMPLETE,0,42,25813,4032,81354305b7b8066000bae764cd84c6a44c1e035572eb00baa18e30401895a2a4,6d4d4bf8c14384a72deec9ae950f7dbc99365946e460adffb80cf5c9ed8ff111,26648,8.900406400003703,0.1694965362548828,0.234375,14269c18e6a56f09985dea654338c0b32f5e417a5600e334e252b0c1bbf8bd28,True,True,True,1,0.8284442301922483,0.6422270822879107,0.43582726631714086,0.02853899322908454,0.4141415473648254,-0.005470498025787824,0.6422834361639137,0.9102175354927527,0.8342009448350934,0.3333004502971776,0.0,0.08178732544183731,0.0006721982499584556,0.08184243738651276,74.4140625,25.5859375,0.0,-0.10576078295707703,-0.0833471417427063,-0.43730035424232483,0.1084156334400177,-0.06344470381736755,-0.04999901354312897,-0.2623315453529358,0.0650373175740242,91.69921875,8.30078125,0.0,-0.04516248404979706,CDP_NEG,790,41281,8.900021099994774,FULL_BATCH,25813,800,400,400,800,MAX_EPOCHS,False,0,2048,deterministic_evenly_spaced_full_fold,3.6649999618530273,6.109466117620462,448,448,100.0,CDP,1.4710406730757069,20,0.99,1.4710406730757069
58,COMPLETE,1,42,27493,2352,db92a7db6dfa639d2026ff19c5b1159be2b53d1e09d9e6a72b1b767a05c21400,2ea764e1783688df4d4bc4d6bc4b7c6a52ae545bfb933c403a7aa96e5d21a797,26648,4.624187299996265,0.17954587936401367,0.2421875,14269c18e6a56f09985dea654338c0b32f5e417a5600e334e252b0c1bbf8bd28,True,True,True,1,0.6531342742403452,1.084203602633038,0.5885350127549221,0.029750636755175204,0.5888278601046636,-0.14988715301559238,1.0740212922649188,0.8123583876524817,0.6495685694065022,0.6431390248760449,0.0,0.12952685356140137,0.00019074817828368396,0.1295424848794937,70.556640625,29.443359375,0.0,-0.05341609567403793,-0.055900491774082184,-0.16059808433055878,0.034594979137182236,-0.03247806429862976,-0.033988624811172485,-0.09764686971902847,0.021034443750977516,100.0,0.0,0.0,-0.04934486001729965,CDP_NEG,325,41281,4.623825199989369,FULL_BATCH,27493,800,400,400,400,EARLY_STOPPING,False,0,2048,deterministic_evenly_spaced_full_fold,3.6464000701904276,5.997169941663727,448,426,95.08928571428571,CDP,1.4510426770894138,20,0.99,1.4510426770894138
59,COMPLETE,0,42,25813,4032,81354305b7b8066000bae764cd84c6a44c1e035572eb00baa18e30401895a2a4,6d4d4bf8c14384a72deec9ae950f7dbc99365946e460adffb80cf5c9ed8ff111,26648,311.5569378999935,0.06416988372802734,0.08203125,14269c18e6a56f09985dea654338c0b32f5e417a5600e334e252b0c1bbf8bd28,True,True,True,1,0.8494275606513984,0.6016704663227329,0.3871289067858939,0.02673675688566932,0.38798852430658887,0.005286019402052579,0.6017218684361993,0.9221396989278992,0.878043314227279,0.2544755099721742,0.0,0.14136986434459686,2.9246257327031344e-07,-7.51901912689209,99.70703125,0.29296875,0.0,-0.290585994720459,-0.23407670855522156,-0.7678754329681396,-0.0447295643389225,-0.17431925237178802,-0.14041998982429504,-0.4606398344039917,-0.026832763105630875,53.90625,46.09375,0.0,-0.005127585493028164,CDP_NEG,75,61699,311.5565876000037,128,128,600,300,300,300,EARLY_STOPPING,False,0,2048,deterministic_evenly_spaced_full_fold,3.6649999618530273,6.109466117620462,192,188,97.91666666666667,CDP,1.4710406730757069,20,0.99,1.4710406730757069
59,COMPLETE,1,42,27493,2352,db92a7db6dfa639d2026ff19c5b1159be2b53d1e09d9e6a72b1b767a05c21400,2ea764e1783688df4d4bc4d6bc4b7c6a52ae545bfb933c403a7aa96e5d21a797,26648,331.84000340000784,0.05688905715942383,0.060546875,14269c18e6a56f09985dea654338c0b32f5e417a5600e334e252b0c1bbf8bd28,True,True,True,1,0.7229152940822732,0.9690282297752961,0.4704806009944224,0.026590214973960833,0.5262764461710808,-0.06367224317873973,0.9671397222235842,0.851911198267117,0.7602639892314114,0.478850246886767,0.0,0.18597528338432312,0.0,-13.858406066894531,100.0,0.0,0.0,-0.3195623755455017,-0.2454843968153,-0.8460613489151001,-0.07482311129570007,-0.1943003535270691,-0.14925944805145264,-0.5144222974777222,-0.0454939603805542,44.677734375,55.322265625,0.0,0.0074897934682667255,CDP_NEG,150,61699,331.83962749999773,128,128,600,300,300,300,EARLY_STOPPING,False,0,2048,deterministic_evenly_spaced_full_fold,3.6464000701904276,5.997169941663727,192,181,94.27083333333333,CDP,1.4510426770894138,20,0.99,1.4510426770894138
59,COMPLETE,2,42,26989,2856,424f72a3df11b24bdd551a74968aa5efe8f47b52221df203d3bd3ed6f8a96c5a,f1c78e2ff146b5069b0310a8b0222fe8d495ed8d7dbf78dc149a7df8702a8f3a,26648,331.99249030000647,0.05981636047363281,0.080078125,14269c18e6a56f09985dea654338c0b32f5e417a5600e334e252b0c1bbf8bd28,True,True,True,1,0.7715118931934828,0.8177975771129447,0.45738765622648286,0.04274061917290935,0.4779206042513751,-0.0721784080000443,0.8147487851944263,0.8804611555128923,0.8137926278939297,0.32612832458167546,0.0,0.1874959021806717,0.0,-17.170682907104492,100.0,0.0,0.0,-0.294186532497406,-0.25549277663230896,-0.6673770546913147,-0.06528204679489136,-0.17903269827365875,-0.1554848998785019,-0.40614473819732666,-0.03972860798239708,53.41796875,46.58203125,0.0,-0.0041948468424379826,CDP_NEG,195,61699,331.9921493999864,128,128,600,300,300,300,EARLY_STOPPING,False,0,2048,deterministic_evenly_spaced_full_fold,3.663600349426268,6.020027899742124,192,183,95.3125,CDP,1.4524627365104603,20,0.99,1.4524627365104603
59,COMPLETE,3,42,26466,3379,ad1e190147cfc7079fe69ab58be273b0089b28a9cb71d4377b9a01145e874910,b3de2bff6a2b887166deba8883b54b43de7150168fdd2094f9852f380bd9133e,26648,429.3846327000065,0.06276321411132812,0.080078125,14269c18e6a56f09985dea654338c0b32f5e417a5600e334e252b0c1bbf8bd28,True,True,True,1,0.7515348928637275,1.0580579896277007,0.4583885430801032,0.032380664094453344,0.49838897960777,-0.0036931066544480915,1.058208141871915,0.8670156946426306,0.7401392087084815,0.5680880745100594,0.0,0.19364571571350098,0.0,-26.778675079345703,100.0,0.0,0.0,-0.1820296198129654,-0.14858193695545197,-0.45917949080467224,-0.039127785712480545,-0.11117642372846603,-0.09074792265892029,-0.2804485261440277,-0.023897690698504448,57.177734375,42.7734375,0.048828125,-0.013231554999947548,CDP_NEG,325,61699,429.3842180000065,128,128,600,300,300,385,EARLY_STOPPING,False,0,2048,deterministic_evenly_spaced_full_fold,3.652750015258789,5.9806626215577126,192,189,98.4375,CDP,1.4666426917497317,20,0.99,1.4666426917497317
59,COMPLETE,4,42,27061,2784,2cf8e61e68345fca034455d14ca0a91ba8af3af3a30bcfad11a389cf00a64d26,e85c7d3201b31d98e24a7a8ea73439fb69c13286f849eaf6812d38684b5bedb5,26648,361.6505124999967,0.059743404388427734,0.080078125,14269c18e6a56f09985dea654338c0b32f5e417a5600e334e252b0c1bbf8bd28,True,True,True,1,0.7469534796044539,0.8856760941518704,0.4632015388189924,0.027792538077152377,0.5029469427771207,-0.0005367001766240593,0.8858350397633795,0.8651091919929211,0.7814735561088721,0.45537200236836517,0.0,0.18044914305210114,0.0,-9.663342475891113,100.0,0.0,0.0,-0.30315035581588745,-0.24669897556304932,-0.7385238409042358,-0.05667201057076454,-0.18391531705856323,-0.1496673822402954,-0.44804778695106506,-0.03438178822398186,56.591796875,43.408203125,0.0,-0.007929826155304909,CDP_NEG,100,61699,361.6501070000086,128,128,600,300,300,300,EARLY_STOPPING,False,0,2048,deterministic_evenly_spaced_full_fold,3.65000057220459,6.01635006070137,192,190,98.95833333333333,CDP,1.460840537792371,20,0.99,1.460840537792371
60,COMPLETE,0,42,25813,4032,81354305b7b8066000bae764cd84c6a44c1e035572eb00baa18e30401895a2a4,6d4d4bf8c14384a72deec9ae950f7dbc99365946e460adffb80cf5c9ed8ff111,26648,89.86580340001092,0.0975503921508789,0.109375,14269c18e6a56f09985dea654338c0b32f5e417a5600e334e252b0c1bbf8bd28,True,True,True,1,0.35025702585131735,1.2498466977377818,0.762223301026097,0.05554011568160813,0.8059663935783633,0.0026077969097449178,1.2499989965678913,0.608033562119632,0.45449216209397,1.1172233620058734,0.0,0.20832817256450653,2.0382676124572754,0.910524308681488,53.662109375,46.337890625,0.0,-0.10320144891738892,-0.16951331496238708,-5.235871315002441,5.072363376617432,-0.06190938502550125,-0.10168913006782532,-3.1409404277801514,3.042853593826294,59.423828125,40.576171875,0.0,-0.016776379197835922,CDP_NEG,5,104881,89.86542339999869,128,128,800,80,80,80,EARLY_STOPPING,False,0,2048,deterministic_evenly_spaced_full_fold,3.6649999618530273,6.109466117620462,448,448,100.0,CDP,1.4710406730757069,20,0.99,1.4710406730757069
60,COMPLETE,1,42,27493,2352,db92a7db6dfa639d2026ff19c5b1159be2b53d1e09d9e6a72b1b767a05c21400,2ea764e1783688df4d4bc4d6bc4b7c6a52ae545bfb933c403a7aa96e5d21a797,26648,94.52164250001078,0.08476448059082031,0.087890625,14269c18e6a56f09985dea654338c0b32f5e417a5600e334e252b0c1bbf8bd28,True,True,True,1,0.3124075416739692,1.5264961171473592,0.9128537854531362,0.04188718002702253,0.829035653391185,-0.11569828021365414,1.5224289009509906,0.5815464457819672,0.4241368702211834,1.187479736734705,0.0,0.27033111453056335,3.6914756298065186,1.5420680046081543,53.076171875,46.923828125,0.0,-0.38573992252349854,-0.2134634256362915,-7.674879550933838,6.1182861328125,-0.23453760147094727,-0.1297900527715683,-4.6664814949035645,3.720041036605835,58.349609375,41.650390625,0.0,-0.019307762384414673,CDP_NEG,10,104881,94.5212950999994,128,128,800,80,80,80,EARLY_STOPPING,False,0,2048,deterministic_evenly_spaced_full_fold,3.6464000701904276,5.997169941663727,448,426,95.08928571428571,CDP,1.4510426770894138,20,0.99,1.4510426770894138
61,COMPLETE,0,42,25813,4032,81354305b7b8066000bae764cd84c6a44c1e035572eb00baa18e30401895a2a4,6d4d4bf8c14384a72deec9ae950f7dbc99365946e460adffb80cf5c9ed8ff111,26648,162.74528610000561,0.11790609359741211,0.119140625,14269c18e6a56f09985dea654338c0b32f5e417a5600e334e252b0c1bbf8bd28,True,True,True,1,0.8564356166875507,0.5875019412119866,0.38447751065229696,0.02610714244966453,0.3788519197081996,-0.022460432099164575,0.5871452637984117,0.9255553286132274,0.8541654843943122,0.27551772646645867,0.0,0.140951007604599,1.587074279996159e-06,-6.076927185058594,97.75390625,2.24609375,0.0,-0.2761487364768982,-0.18225917220115662,-0.8307029604911804,-0.025540398433804512,-0.16565853357315063,-0.10933522135019302,-0.4983293414115906,-0.015321397222578526,59.1796875,40.8203125,0.0,-0.010663723573088646,CDP_NEG,75,104899,162.74489569998696,128,128,600,60,75,135,EARLY_STOPPING,False,0,2048,deterministic_evenly_spaced_full_fold,3.6649999618530273,6.109466117620462,192,188,97.91666666666667,CDP,1.4710406730757069,20,0.99,1.4710406730757069
61,COMPLETE,1,42,27493,2352,db92a7db6dfa639d2026ff19c5b1159be2b53d1e09d9e6a72b1b767a05c21400,2ea764e1783688df4d4bc4d6bc4b7c6a52ae545bfb933c403a7aa96e5d21a797,26648,211.9266668999917,0.0967550277709961,0.099609375,14269c18e6a56f09985dea654338c0b32f5e417a5600e334e252b0c1bbf8bd28,True,True,True,1,0.7194362462994481,0.9750927633808214,0.4781611412589369,0.026756626278949463,0.5295700769400636,-0.08462937617655464,0.9716198565408178,0.8498955268736917,0.7459482636429866,0.4902895947865321,0.0,0.19375571608543396,4.576280687729195e-08,-9.567219734191895,99.90234375,0.09765625,0.0,-0.30425477027893066,-0.20277126133441925,-0.7925349473953247,-0.0696437731385231,-0.18499302864074707,-0.12328900396823883,-0.4818771779537201,-0.04234481602907181,45.166015625,54.833984375,0.0,0.008887238800525665,CDP_NEG,110,104899,211.92630669999926,128,128,600,60,75,170,EARLY_STOPPING,False,0,2048,deterministic_evenly_spaced_full_fold,3.6464000701904276,5.997169941663727,192,181,94.27083333333333,CDP,1.4510426770894138,20,0.99,1.4510426770894138
61,COMPLETE,2,42,26989,2856,424f72a3df11b24bdd551a74968aa5efe8f47b52221df203d3bd3ed6f8a96c5a,f1c78e2ff146b5069b0310a8b0222fe8d495ed8d7dbf78dc149a7df8702a8f3a,26648,174.95253759999468,0.10243749618530273,0.119140625,14269c18e6a56f09985dea654338c0b32f5e417a5600e334e252b0c1bbf8bd28,True,True,True,1,0.7728078632032646,0.8154750311741424,0.45588390164192066,0.04261923577161293,0.47656330925620954,-0.09224923528699565,0.810382347338013,0.8810386313204357,0.7962007871359267,0.3436873104066698,0.0,0.18328610062599182,0.0,-6.357938766479492,100.0,0.0,0.0,-0.3199452757835388,-0.24136468768119812,-0.9580543041229248,-0.04974595829844475,-0.1947086751461029,-0.14688698947429657,-0.5830418467521667,-0.030273832380771637,53.662109375,46.337890625,0.0,-0.005125417374074459,CDP_NEG,75,104899,174.95218469999963,128,128,600,60,75,135,EARLY_STOPPING,False,0,2048,deterministic_evenly_spaced_full_fold,3.663600349426268,6.020027899742124,192,183,95.3125,CDP,1.4524627365104603,20,0.99,1.4524627365104603
61,COMPLETE,3,42,26466,3379,ad1e190147cfc7079fe69ab58be273b0089b28a9cb71d4377b9a01145e874910,b3de2bff6a2b887166deba8883b54b43de7150168fdd2094f9852f380bd9133e,26648,119.88136210000084,0.11001443862915039,0.119140625,14269c18e6a56f09985dea654338c0b32f5e417a5600e334e252b0c1bbf8bd28,True,True,True,1,0.7444313573026733,1.0730761695444446,0.47949773094593195,0.032840278448261366,0.5054631621550855,-0.01791582686956335,1.0730853990807778,0.8628457016068735,0.744219025561769,0.5448883844038205,0.0,0.20808474719524384,1.6779800716903992e-05,-4.163632392883301,92.96875,7.03125,0.0,-0.24498853087425232,-0.14018253982067108,-0.9085729718208313,0.01452261209487915,-0.14962922036647797,-0.08561789989471436,-0.5549200773239136,0.008869831450283527,56.93359375,43.06640625,0.0,-0.010884303599596024,CDP_NEG,40,104899,119.8808166999952,128,128,600,60,75,100,EARLY_STOPPING,False,0,2048,deterministic_evenly_spaced_full_fold,3.652750015258789,5.9806626215577126,192,189,98.4375,CDP,1.4666426917497317,20,0.99,1.4666426917497317
61,COMPLETE,4,42,27061,2784,2cf8e61e68345fca034455d14ca0a91ba8af3af3a30bcfad11a389cf00a64d26,e85c7d3201b31d98e24a7a8ea73439fb69c13286f849eaf6812d38684b5bedb5,26648,190.37985290000506,0.10118865966796875,0.119140625,14269c18e6a56f09985dea654338c0b32f5e417a5600e334e252b0c1bbf8bd28,True,True,True,1,0.7459251436331082,0.887473884447804,0.47311245435834615,0.027848952781788065,0.50396785001292,0.010880141421453693,0.8875666076818634,0.8649682856511837,0.7888034342183292,0.4514966204753576,0.0,0.17891526222229004,1.2503014090725628e-07,-6.836265563964844,99.90234375,0.09765625,0.0,-0.26698070764541626,-0.16270461678504944,-0.8511145114898682,-0.03471085801720619,-0.16197191178798676,-0.09870966523885727,-0.5163543224334717,-0.02105838991701603,53.955078125,46.044921875,0.0,-0.005334525369107723,CDP_NEG,90,104899,190.37947850000637,128,128,600,60,75,150,EARLY_STOPPING,False,0,2048,deterministic_evenly_spaced_full_fold,3.65000057220459,6.01635006070137,192,190,98.95833333333333,CDP,1.460840537792371,20,0.99,1.460840537792371
62,COMPLETE,0,42,25813,4032,81354305b7b8066000bae764cd84c6a44c1e035572eb00baa18e30401895a2a4,6d4d4bf8c14384a72deec9ae950f7dbc99365946e460adffb80cf5c9ed8ff111,26648,298.32616569999664,0.05462932586669922,0.07421875,14269c18e6a56f09985dea654338c0b32f5e417a5600e334e252b0c1bbf8bd28,True,True,True,1,0.8413326907847487,0.6176318441035785,0.39116122854061863,0.027446041288300915,0.39828125389482905,-0.027927613274461315,0.6170766432466116,0.9176002580003948,0.8252422924496303,0.3291482111607379,0.0,0.1431235671043396,0.0,-24.58324432373047,100.0,0.0,0.0,-0.18487811088562012,-0.1417936086654663,-0.47049733996391296,-0.032407425343990326,-0.11090629547834396,-0.08506038784980774,-0.28224605321884155,-0.019440848380327225,57.470703125,42.529296875,0.0,-0.009786151349544525,CDP_NEG,55,41123,298.3257910000102,128,128,600,300,300,300,EARLY_STOPPING,False,0,2048,deterministic_evenly_spaced_full_fold,3.6649999618530273,6.109466117620462,192,188,97.91666666666667,CDP,1.4710406730757069,20,0.99,1.4710406730757069
62,COMPLETE,1,42,27493,2352,db92a7db6dfa639d2026ff19c5b1159be2b53d1e09d9e6a72b1b767a05c21400,2ea764e1783688df4d4bc4d6bc4b7c6a52ae545bfb933c403a7aa96e5d21a797,26648,336.2273046999908,0.0486607551574707,0.052734375,14269c18e6a56f09985dea654338c0b32f5e417a5600e334e252b0c1bbf8bd28,True,True,True,1,0.7214707890930252,0.9715508275560994,0.49679701741258964,0.02665943526623235,0.5276464617747625,-0.005728658021041224,0.9717405376204052,0.8494084067184026,0.7246919073950271,0.6172934380603405,0.0,0.1945090889930725,0.0,-43.10829544067383,100.0,0.0,0.0,-0.19246996939182281,-0.12770390510559082,-0.5864692330360413,-0.022241035476326942,-0.11702562123537064,-0.07764654606580734,-0.3565850853919983,-0.013522997498512268,49.51171875,50.48828125,0.0,0.000290710071567446,CDP_NEG,95,41123,336.22696069999074,128,128,600,300,300,300,EARLY_STOPPING,False,0,2048,deterministic_evenly_spaced_full_fold,3.6464000701904276,5.997169941663727,192,181,94.27083333333333,CDP,1.4510426770894138,20,0.99,1.4510426770894138
62,COMPLETE,2,42,26989,2856,424f72a3df11b24bdd551a74968aa5efe8f47b52221df203d3bd3ed6f8a96c5a,f1c78e2ff146b5069b0310a8b0222fe8d495ed8d7dbf78dc149a7df8702a8f3a,26648,324.24255860000267,0.05097770690917969,0.0546875,14269c18e6a56f09985dea654338c0b32f5e417a5600e334e252b0c1bbf8bd28,True,True,True,1,0.7678622520678562,0.824303043486793,0.4713368861328195,0.043080614874300885,0.48172239641527775,0.0318553108716754,0.8238315277784721,0.8767567908473941,0.7881801457690638,0.4849484031612793,0.0,0.1947423666715622,6.648455119773189e-09,7724131840.0,99.90234375,0.09765625,0.0,-0.18702833354473114,-0.13834261894226074,-0.506997287273407,-0.020121555775403976,-0.11381959170103073,-0.0841909795999527,-0.3085426688194275,-0.01224534772336483,57.861328125,42.138671875,0.0,-0.007127465680241585,CDP_NEG,95,41123,324.24222179999924,128,128,600,300,300,300,EARLY_STOPPING,False,0,2048,deterministic_evenly_spaced_full_fold,3.663600349426268,6.020027899742124,192,183,95.3125,CDP,1.4524627365104603,20,0.99,1.4524627365104603
62,COMPLETE,3,42,26466,3379,ad1e190147cfc7079fe69ab58be273b0089b28a9cb71d4377b9a01145e874910,b3de2bff6a2b887166deba8883b54b43de7150168fdd2094f9852f380bd9133e,26648,330.7071866000042,0.053924560546875,0.07421875,14269c18e6a56f09985dea654338c0b32f5e417a5600e334e252b0c1bbf8bd28,True,True,True,1,0.737960253843435,1.086576610222813,0.4819509874777718,0.033253444115000634,0.5118224268833965,-0.05521336295524475,1.0853335077947788,0.8598241876171462,0.761399887123253,0.46978717171027146,0.0,0.2063947319984436,0.0,-16.264812469482422,100.0,0.0,0.0,-0.25534993410110474,-0.1936679184436798,-0.6883233189582825,-0.04927458241581917,-0.15595754981040955,-0.11828464269638062,-0.4204004406929016,-0.030094949528574944,57.6171875,42.3828125,0.0,-0.011019987985491753,CDP_NEG,35,41123,330.70683710000594,128,128,600,300,300,300,EARLY_STOPPING,False,0,2048,deterministic_evenly_spaced_full_fold,3.652750015258789,5.9806626215577126,192,189,98.4375,CDP,1.4666426917497317,20,0.99,1.4666426917497317
62,COMPLETE,4,42,27061,2784,2cf8e61e68345fca034455d14ca0a91ba8af3af3a30bcfad11a389cf00a64d26,e85c7d3201b31d98e24a7a8ea73439fb69c13286f849eaf6812d38684b5bedb5,26648,318.56954099998984,0.05090475082397461,0.052734375,14269c18e6a56f09985dea654338c0b32f5e417a5600e334e252b0c1bbf8bd28,True,True,True,1,0.7388022040440563,0.8998279763794551,0.47568720934427333,0.028236624496861117,0.5109833411262502,-0.03434891392994202,0.8993336737874094,0.8601494724647201,0.7175212981627205,0.554982501335245,0.0,0.1817384511232376,9.614549867364985e-08,1.676090715018363e+17,99.31640625,0.68359375,0.0,-0.10947293043136597,-0.07020138204097748,-0.3464358448982239,-0.007844393141567707,-0.06641506403684616,-0.042589787393808365,-0.2101757675409317,-0.004759038332849741,58.642578125,41.357421875,0.0,-0.0037775624077767134,CDP_NEG,130,41123,318.5692037999979,128,128,600,300,300,300,EARLY_STOPPING,False,0,2048,deterministic_evenly_spaced_full_fold,3.65000057220459,6.01635006070137,192,190,98.95833333333333,CDP,1.460840537792371,20,0.99,1.460840537792371
63,COMPLETE,0,42,25813,4032,81354305b7b8066000bae764cd84c6a44c1e035572eb00baa18e30401895a2a4,6d4d4bf8c14384a72deec9ae950f7dbc99365946e460adffb80cf5c9ed8ff111,26648,599.9926104999904,0.11180496215820312,0.123046875,14269c18e6a56f09985dea654338c0b32f5e417a5600e334e252b0c1bbf8bd28,True,True,True,1,0.8560130882797528,0.5883658528402255,0.376771657368596,0.026145532559313914,0.3794090150228828,-0.014271394782611871,0.5882656981264167,0.9253047919170174,0.8650232951302025,0.2615214091315618,0.0,0.06782679259777069,0.0008335886523127556,0.06786446273326874,80.224609375,19.775390625,0.0,-0.17094174027442932,-0.12666553258895874,-0.6180486679077148,0.06632968038320541,-0.10254602134227753,-0.07598522305488586,-0.370760440826416,0.039790429174900055,64.16015625,35.83984375,0.0,-0.024973422288894653,CDP_NEG,385,87473,599.9922268000082,128,128,800,400,400,445,EARLY_STOPPING,False,0,2048,deterministic_evenly_spaced_full_fold,3.6649999618530273,6.109466117620462,1792,1770,98.77232142857143,CDP,1.4710406730757069,20,0.99,1.4710406730757069
63,COMPLETE,1,42,27493,2352,db92a7db6dfa639d2026ff19c5b1159be2b53d1e09d9e6a72b1b767a05c21400,2ea764e1783688df4d4bc4d6bc4b7c6a52ae545bfb933c403a7aa96e5d21a797,26648,909.8371215999941,0.09408092498779297,0.099609375,14269c18e6a56f09985dea654338c0b32f5e417a5600e334e252b0c1bbf8bd28,True,True,True,1,0.7176971330574341,0.9781102182735014,0.4785492825432725,0.02683942549140295,0.5312088480187653,-0.11477638993786052,0.9715592154068979,0.8494658182821336,0.7192239525761056,0.5206196855653706,0.0,0.09292203933000565,0.00044182190322317183,0.0929420068860054,78.466796875,21.533203125,0.0,-0.13813285529613495,-0.08529840409755707,-0.4842929542064667,0.07147499918937683,-0.08398754894733429,-0.05186314135789871,-0.29445984959602356,0.0434582382440567,64.599609375,35.400390625,0.0,-0.01852160505950451,CDP_NEG,570,87473,909.8367228999996,128,128,800,400,400,630,EARLY_STOPPING,False,0,2048,deterministic_evenly_spaced_full_fold,3.6464000701904276,5.997169941663727,1792,1769,98.71651785714286,CDP,1.4510426770894138,20,0.99,1.4510426770894138
63,COMPLETE,2,42,26989,2856,424f72a3df11b24bdd551a74968aa5efe8f47b52221df203d3bd3ed6f8a96c5a,f1c78e2ff146b5069b0310a8b0222fe8d495ed8d7dbf78dc149a7df8702a8f3a,26648,568.3745944999973,0.09889078140258789,0.12109375,14269c18e6a56f09985dea654338c0b32f5e417a5600e334e252b0c1bbf8bd28,True,True,True,1,0.7690298464804478,0.822227411858744,0.4608860923217333,0.042972135975071483,0.48050939805279497,-0.11176384783790809,0.8147387199655486,0.8795470476672745,0.7889800363754099,0.33961823908046357,0.0,0.09181084483861923,0.00022929486294742674,0.09182120859622955,85.205078125,14.794921875,0.0,-0.19906334578990936,-0.15717878937721252,-0.5755047798156738,0.06416923552751541,-0.12114371359348297,-0.09565408527851105,-0.35023418068885803,0.03905138745903969,57.470703125,42.529296875,0.0,-0.014905637130141258,CDP_NEG,330,87473,568.3740827000001,128,128,800,400,400,400,EARLY_STOPPING,False,0,2048,deterministic_evenly_spaced_full_fold,3.663600349426268,6.020027899742124,1792,1768,98.66071428571429,CDP,1.4524627365104603,20,0.99,1.4524627365104603
63,COMPLETE,3,42,26466,3379,ad1e190147cfc7079fe69ab58be273b0089b28a9cb71d4377b9a01145e874910,b3de2bff6a2b887166deba8883b54b43de7150168fdd2094f9852f380bd9133e,26648,544.7530125000048,0.10522174835205078,0.12109375,14269c18e6a56f09985dea654338c0b32f5e417a5600e334e252b0c1bbf8bd28,True,True,True,1,0.7329588411172832,1.0968970516035046,0.4863052765345475,0.03356928951187937,0.5166837807026089,-0.02683102291429274,1.096731146185252,0.8568743525971524,0.7056207806586609,0.6209023150345252,0.0,0.09836792200803757,0.004284942522644997,0.09856155514717102,88.818359375,11.181640625,0.0,-0.1792387217283249,-0.15280741453170776,-0.5080284476280212,0.06369256973266602,-0.1094718649983406,-0.09332866966724396,-0.31028348207473755,0.03890087828040123,51.220703125,48.779296875,0.0,-0.0020088814198970795,CDP_NEG,325,87473,544.7526050999877,128,128,800,400,400,400,EARLY_STOPPING,False,0,2048,deterministic_evenly_spaced_full_fold,3.652750015258789,5.9806626215577126,1792,1768,98.66071428571429,CDP,1.4666426917497317,20,0.99,1.4666426917497317
63,COMPLETE,4,42,27061,2784,2cf8e61e68345fca034455d14ca0a91ba8af3af3a30bcfad11a389cf00a64d26,e85c7d3201b31d98e24a7a8ea73439fb69c13286f849eaf6812d38684b5bedb5,26648,575.888518000007,0.09869766235351562,0.119140625,14269c18e6a56f09985dea654338c0b32f5e417a5600e334e252b0c1bbf8bd28,True,True,True,1,0.7531470436478981,0.8747700471493394,0.45695802622792364,0.027450306048320983,0.4967537497645451,-0.025733244103446788,0.8745485468576628,0.8679745733500851,0.757182883312109,0.48085275369938607,0.0,0.08404937386512756,0.0006198359187692404,0.0840773805975914,86.03515625,13.96484375,0.0,-0.21687504649162292,-0.1555500030517578,-0.6708072423934937,0.09292745590209961,-0.13157379627227783,-0.09436911344528198,-0.4069654941558838,0.05637724697589874,60.498046875,39.501953125,0.0,-0.015963077545166016,CDP_NEG,300,87473,575.8881251999992,128,128,800,400,400,400,EARLY_STOPPING,False,0,2048,deterministic_evenly_spaced_full_fold,3.65000057220459,6.01635006070137,1792,1732,96.65178571428571,CDP,1.460840537792371,20,0.99,1.460840537792371
64,COMPLETE,0,42,25813,4032,81354305b7b8066000bae764cd84c6a44c1e035572eb00baa18e30401895a2a4,6d4d4bf8c14384a72deec9ae950f7dbc99365946e460adffb80cf5c9ed8ff111,26648,192.40568669998902,0.06574249267578125,0.0859375,14269c18e6a56f09985dea654338c0b32f5e417a5600e334e252b0c1bbf8bd28,True,True,True,1,0.8428933078874998,0.6145868920672277,0.39102615870196755,0.027310731102939804,0.39631770987315124,-0.01004313992113263,0.6145810453328115,0.9185474734541266,0.8696155516391371,0.25636647968643145,0.0,0.14357809722423553,0.00018011630163528025,-5.31635046005249,100.0,0.0,0.0,-2.111793041229248,-1.8580211400985718,-3.567909002304077,-1.3919085264205933,-1.2668408155441284,-1.1146059036254883,-2.140348434448242,-0.8349902629852295,48.583984375,51.416015625,0.0,0.004592344164848328,CDP_NEG,195,39427,192.40530220000073,256,256,600,300,300,300,EARLY_STOPPING,False,0,2048,deterministic_evenly_spaced_full_fold,3.6649999618530273,6.109466117620462,768,765,99.609375,CDP,1.4710406730757069,20,0.99,1.4710406730757069
64,COMPLETE,1,42,27493,2352,db92a7db6dfa639d2026ff19c5b1159be2b53d1e09d9e6a72b1b767a05c21400,2ea764e1783688df4d4bc4d6bc4b7c6a52ae545bfb933c403a7aa96e5d21a797,26648,215.60300899999856,0.05624580383300781,0.072265625,14269c18e6a56f09985dea654338c0b32f5e417a5600e334e252b0c1bbf8bd28,True,True,True,1,0.7139918702759385,0.9845082066348599,0.4934626377906752,0.027014986822540714,0.5346835771071433,-0.06206415374256468,0.9827589152061537,0.8468223191820031,0.7547848209609782,0.49285769178077715,0.0,0.20207399129867554,4.6693734475411475e-05,-6.26999568939209,100.0,0.0,0.0,-2.5326039791107178,-2.281139850616455,-4.268665313720703,-1.7103238105773926,-1.5398743152618408,-1.386979103088379,-2.5954344272613525,-1.0399112701416016,37.20703125,62.79296875,0.0,0.025180477648973465,CDP_NEG,240,39427,215.6026256000041,256,256,600,300,300,300,EARLY_STOPPING,False,0,2048,deterministic_evenly_spaced_full_fold,3.6464000701904276,5.997169941663727,768,765,99.609375,CDP,1.4510426770894138,20,0.99,1.4510426770894138
64,COMPLETE,2,42,26989,2856,424f72a3df11b24bdd551a74968aa5efe8f47b52221df203d3bd3ed6f8a96c5a,f1c78e2ff146b5069b0310a8b0222fe8d495ed8d7dbf78dc149a7df8702a8f3a,26648,206.62083770000027,0.061098575592041016,0.06640625,14269c18e6a56f09985dea654338c0b32f5e417a5600e334e252b0c1bbf8bd28,True,True,True,1,0.7621723048200439,0.8343441658039438,0.47094134491521356,0.043605394840684514,0.48759042461623675,-0.07409020088853038,0.8311935604074815,0.8745287999115469,0.7887971377742907,0.37768311513845,0.0,0.1952209770679474,9.056420822162181e-05,-5.886307239532471,100.0,0.0,0.0,-2.321216344833374,-2.1752872467041016,-3.6335854530334473,-1.4660730361938477,-1.4126195907592773,-1.3238115310668945,-2.2112863063812256,-0.8922061324119568,52.294921875,47.705078125,0.0,-0.002951460424810648,CDP_NEG,225,39427,206.62023139999656,256,256,600,300,300,300,EARLY_STOPPING,False,0,2048,deterministic_evenly_spaced_full_fold,3.663600349426268,6.020027899742124,768,765,99.609375,CDP,1.4524627365104603,20,0.99,1.4524627365104603
64,COMPLETE,3,42,26466,3379,ad1e190147cfc7079fe69ab58be273b0089b28a9cb71d4377b9a01145e874910,b3de2bff6a2b887166deba8883b54b43de7150168fdd2094f9852f380bd9133e,26648,286.4047711000021,0.06291675567626953,0.0859375,14269c18e6a56f09985dea654338c0b32f5e417a5600e334e252b0c1bbf8bd28,True,True,True,1,0.7424062784136637,1.0773192098989715,0.4955805568684111,0.03297013188333395,0.507461809274107,0.03605227089256115,1.0768751599072626,0.8620536317092143,0.7250188080266351,0.6411034214071116,0.0,0.2232673019170761,2.0381799004098866e-06,-8.669015884399414,100.0,0.0,0.0,-3.3745131492614746,-3.0791449546813965,-5.188536167144775,-2.4438109397888184,-2.0610179901123047,-1.880618929862976,-3.1689507961273193,-1.4925822019577026,28.955078125,71.044921875,0.0,0.04806053638458252,CDP_NEG,375,39427,286.40439860000333,256,256,600,300,300,435,EARLY_STOPPING,False,0,2048,deterministic_evenly_spaced_full_fold,3.652750015258789,5.9806626215577126,768,765,99.609375,CDP,1.4666426917497317,20,0.99,1.4666426917497317
64,COMPLETE,4,42,27061,2784,2cf8e61e68345fca034455d14ca0a91ba8af3af3a30bcfad11a389cf00a64d26,e85c7d3201b31d98e24a7a8ea73439fb69c13286f849eaf6812d38684b5bedb5,26648,241.29025350000302,0.06114530563354492,0.06640625,14269c18e6a56f09985dea654338c0b32f5e417a5600e334e252b0c1bbf8bd28,True,True,True,1,0.734985974064402,0.9063776073906762,0.4846910543609916,0.028442152082479168,0.5147026657361872,0.014635428437157254,0.9064222453241401,0.8591431024907848,0.7857438579342005,0.4616350592469609,0.0,0.1880151629447937,1.761886232998222e-05,-7.289775848388672,100.0,0.0,0.0,-2.7140238285064697,-2.5464916229248047,-4.144132614135742,-1.8894541263580322,-1.6465445756912231,-1.5449060201644897,-2.5141632556915283,-1.1462944746017456,25.439453125,74.560546875,0.0,0.036318257451057434,CDP_NEG,290,39427,241.2898664999957,256,256,600,300,300,350,EARLY_STOPPING,False,0,2048,deterministic_evenly_spaced_full_fold,3.65000057220459,6.01635006070137,768,754,98.17708333333333,CDP,1.460840537792371,20,0.99,1.460840537792371
65,COMPLETE,0,42,25813,4032,81354305b7b8066000bae764cd84c6a44c1e035572eb00baa18e30401895a2a4,6d4d4bf8c14384a72deec9ae950f7dbc99365946e460adffb80cf5c9ed8ff111,26648,20.38785149999603,0.05311870574951172,0.064453125,14269c18e6a56f09985dea654338c0b32f5e417a5600e334e252b0c1bbf8bd28,True,True,True,1,0.8494243724810019,0.6016768360734773,0.3943606551457335,0.026737039941738393,0.3879926318543743,-0.017510123481250566,0.6014965854642783,0.921863844405316,0.8343784052852268,0.32089822660542433,0.0,0.13944245874881744,0.00011999961134279147,-1.8261899948120117,96.09375,3.90625,0.0,-0.35342270135879517,-0.25735533237457275,-0.9775316119194031,-0.012132551521062851,-0.2120143175125122,-0.1543845683336258,-0.5864102244377136,-0.00727818114683032,68.505859375,31.494140625,0.0,-0.04555163159966469,CDP_NEG,100,25795,20.387501000004704,1024,1024,800,0,75,160,EARLY_STOPPING,False,0,2048,deterministic_evenly_spaced_full_fold,3.6649999618530273,6.109466117620462,192,188,97.91666666666667,CDP,1.4710406730757069,20,0.99,1.4710406730757069
65,COMPLETE,1,42,27493,2352,db92a7db6dfa639d2026ff19c5b1159be2b53d1e09d9e6a72b1b767a05c21400,2ea764e1783688df4d4bc4d6bc4b7c6a52ae545bfb933c403a7aa96e5d21a797,26648,25.234292599998298,0.048380374908447266,0.0625,14269c18e6a56f09985dea654338c0b32f5e417a5600e334e252b0c1bbf8bd28,True,True,True,1,0.7177085678958482,0.9780904086171568,0.4998738304759395,0.026838881912790297,0.5311980894513463,-0.024118062842092444,0.9780009384563083,0.8489645519918161,0.7661473227163986,0.5050904460575144,0.0,0.19864830374717712,9.763475100044161e-05,-2.0083234310150146,96.58203125,3.41796875,0.0,-0.3907987177371979,-0.31008321046829224,-0.9468740224838257,-0.023476792499423027,-0.2376134842634201,-0.1885368376970291,-0.5757184624671936,-0.014274362474679947,49.072265625,50.927734375,0.0,0.0018558917799964547,CDP_NEG,120,25795,25.233933800001978,1024,1024,800,0,75,180,EARLY_STOPPING,False,0,2048,deterministic_evenly_spaced_full_fold,3.6464000701904276,5.997169941663727,192,181,94.27083333333333,CDP,1.4510426770894138,20,0.99,1.4510426770894138
65,COMPLETE,2,42,26989,2856,424f72a3df11b24bdd551a74968aa5efe8f47b52221df203d3bd3ed6f8a96c5a,f1c78e2ff146b5069b0310a8b0222fe8d495ed8d7dbf78dc149a7df8702a8f3a,26648,23.595983599996543,0.050780296325683594,0.0625,14269c18e6a56f09985dea654338c0b32f5e417a5600e334e252b0c1bbf8bd28,True,True,True,1,0.7791655097293935,0.8039841212626521,0.46317358701868133,0.042018685442017874,0.4698480257166263,-0.06534223241016728,0.8014647658446002,0.8835982270362798,0.790490979401381,0.3828078730190447,0.0,0.18860994279384613,3.6623030609916896e-05,-2.045931816101074,95.849609375,4.150390625,0.0,-0.3507233262062073,-0.3024536371231079,-0.9802813529968262,-0.01197456568479538,-0.21343925595283508,-0.18406382203102112,-0.5965685248374939,-0.007287345826625824,68.75,31.25,0.0,-0.052755214273929596,CDP_NEG,120,25795,23.595624600013252,1024,1024,800,0,75,180,EARLY_STOPPING,False,0,2048,deterministic_evenly_spaced_full_fold,3.663600349426268,6.020027899742124,192,183,95.3125,CDP,1.4524627365104603,20,0.99,1.4524627365104603
65,COMPLETE,3,42,26466,3379,ad1e190147cfc7079fe69ab58be273b0089b28a9cb71d4377b9a01145e874910,b3de2bff6a2b887166deba8883b54b43de7150168fdd2094f9852f380bd9133e,26648,48.42610219999915,0.05281829833984375,0.064453125,14269c18e6a56f09985dea654338c0b32f5e417a5600e334e252b0c1bbf8bd28,True,True,True,1,0.7568753103556063,1.0466254699940687,0.47663332908895606,0.03203078480462336,0.49300379103549097,-0.0013098293888621302,1.0467795567175617,0.8699887007660646,0.7587560325660132,0.529508074930815,0.0,0.20714445412158966,5.013169356971048e-05,-4.399864673614502,95.556640625,4.443359375,0.0,-0.33342480659484863,-0.26894575357437134,-0.849068284034729,-0.017921220511198044,-0.2036425769329071,-0.16426131129264832,-0.5185770392417908,-0.01094556599855423,50.78125,49.21875,0.0,-0.0020425166003406048,CDP_NEG,340,25795,48.42574249999598,1024,1024,800,0,75,400,EARLY_STOPPING,False,0,2048,deterministic_evenly_spaced_full_fold,3.652750015258789,5.9806626215577126,192,189,98.4375,CDP,1.4666426917497317,20,0.99,1.4666426917497317
65,COMPLETE,4,42,27061,2784,2cf8e61e68345fca034455d14ca0a91ba8af3af3a30bcfad11a389cf00a64d26,e85c7d3201b31d98e24a7a8ea73439fb69c13286f849eaf6812d38684b5bedb5,26648,27.5060022000107,0.050646305084228516,0.0625,14269c18e6a56f09985dea654338c0b32f5e417a5600e334e252b0c1bbf8bd28,True,True,True,1,0.7586575588970131,0.8649511655102057,0.45395636329327504,0.027142189295895822,0.4911779229645436,0.010739876213073717,0.8650398589229875,0.8711369203532054,0.7707207816532998,0.4890819436337637,0.0,0.1770569384098053,3.340368130011484e-05,-2.0890111923217773,99.462890625,0.537109375,0.0,-0.4857020378112793,-0.39513683319091797,-1.2244945764541626,-0.11268386989831924,-0.2946658134460449,-0.23972171545028687,-0.7428766489028931,-0.06836307048797607,55.17578125,44.82421875,0.0,-0.016530606895685196,CDP_NEG,120,25795,27.505647199999657,1024,1024,800,0,75,180,EARLY_STOPPING,False,0,2048,deterministic_evenly_spaced_full_fold,3.65000057220459,6.01635006070137,192,190,98.95833333333333,CDP,1.460840537792371,20,0.99,1.460840537792371
66,COMPLETE,0,42,25813,4032,81354305b7b8066000bae764cd84c6a44c1e035572eb00baa18e30401895a2a4,6d4d4bf8c14384a72deec9ae950f7dbc99365946e460adffb80cf5c9ed8ff111,26648,201.18527289999474,0.08019876480102539,0.1015625,14269c18e6a56f09985dea654338c0b32f5e417a5600e334e252b0c1bbf8bd28,True,True,True,1,0.8426007350940763,0.6151588847861974,0.399624528625166,0.027336149053667772,0.3966865606367653,0.03464256630162246,0.6142588428131803,0.9184222202495518,0.8618556426747295,0.3169077148575133,0.0,0.07235114276409149,0.0034935534931719303,0.07247355580329895,58.447265625,41.552734375,0.0,-0.11059294641017914,-0.036498136818408966,-0.6546051502227783,0.2228815257549286,-0.06634345650672913,-0.021894820034503937,-0.3926902413368225,0.13370411098003387,62.158203125,37.841796875,0.0,-0.028756916522979736,CDP_NEG,45,72321,201.18489950000367,128,128,400,200,200,200,EARLY_STOPPING,False,0,2048,deterministic_evenly_spaced_full_fold,3.6649999618530273,6.109466117620462,192,188,97.91666666666667,CDP,1.4710406730757069,20,0.99,1.4710406730757069
66,COMPLETE,1,42,27493,2352,db92a7db6dfa639d2026ff19c5b1159be2b53d1e09d9e6a72b1b767a05c21400,2ea764e1783688df4d4bc4d6bc4b7c6a52ae545bfb933c403a7aa96e5d21a797,26648,211.16181069999584,0.06866025924682617,0.083984375,14269c18e6a56f09985dea654338c0b32f5e417a5600e334e252b0c1bbf8bd28,True,True,True,1,0.7163523502647383,0.9804371217762526,0.4933449247373635,0.02690327591645833,0.5324725826225497,-0.02271076902386029,0.9803824880437318,0.8493694822594204,0.7810296344643047,0.47281907474104096,0.0,0.09467159956693649,0.00937257893383503,0.0950000137090683,76.708984375,23.291015625,0.0,-0.22937241196632385,-0.16547292470932007,-0.8774744272232056,0.33882713317871094,-0.13946303725242615,-0.10061086714267731,-0.5335221290588379,0.2060137242078781,45.80078125,54.19921875,0.0,0.007196013815701008,CDP_NEG,25,72321,211.16145990000223,128,128,400,200,200,200,EARLY_STOPPING,False,0,2048,deterministic_evenly_spaced_full_fold,3.6464000701904276,5.997169941663727,192,181,94.27083333333333,CDP,1.4510426770894138,20,0.99,1.4510426770894138
66,COMPLETE,2,42,26989,2856,424f72a3df11b24bdd551a74968aa5efe8f47b52221df203d3bd3ed6f8a96c5a,f1c78e2ff146b5069b0310a8b0222fe8d495ed8d7dbf78dc149a7df8702a8f3a,26648,208.14094409999961,0.07215309143066406,0.080078125,14269c18e6a56f09985dea654338c0b32f5e417a5600e334e252b0c1bbf8bd28,True,True,True,1,0.7773486123096696,0.8072847026319784,0.4548964083993009,0.0421911839860385,0.4717768842588318,-0.09595773182026729,0.8017017829824357,0.883616604855401,0.7658903144870539,0.4048144065098867,0.0,0.09195907413959503,0.0009962510084733367,0.09199398010969162,80.224609375,19.775390625,0.0,-0.18299469351768494,-0.14219620823860168,-0.6381195783615112,0.12326639890670776,-0.11136484146118164,-0.08653615415096283,-0.3883395791053772,0.0750160664319992,55.224609375,44.775390625,0.0,-0.010411258786916733,CDP_NEG,40,72321,208.14058870000008,128,128,400,200,200,200,EARLY_STOPPING,False,0,2048,deterministic_evenly_spaced_full_fold,3.663600349426268,6.020027899742124,192,183,95.3125,CDP,1.4524627365104603,20,0.99,1.4524627365104603
66,COMPLETE,3,42,26466,3379,ad1e190147cfc7079fe69ab58be273b0089b28a9cb71d4377b9a01145e874910,b3de2bff6a2b887166deba8883b54b43de7150168fdd2094f9852f380bd9133e,26648,204.34354850000818,0.07593584060668945,0.08203125,14269c18e6a56f09985dea654338c0b32f5e417a5600e334e252b0c1bbf8bd28,True,True,True,1,0.7535701982364176,1.053715530160477,0.47434935260591443,0.03224776805025691,0.49634350198360006,-0.01869774460739829,1.053705556512974,0.8685777297125344,0.7301772902019567,0.5750030093484336,0.0,0.09731894731521606,0.012267325073480606,0.09774879366159439,71.19140625,28.80859375,0.0,-0.07183478027582169,-0.07293832302093506,-0.4634619653224945,0.2873130142688751,-0.04387381672859192,-0.04454781860113144,-0.283064067363739,0.17547933757305145,60.83984375,39.16015625,0.0,-0.018157560378313065,CDP_NEG,70,72321,204.34320730000036,128,128,400,200,200,200,EARLY_STOPPING,False,0,2048,deterministic_evenly_spaced_full_fold,3.652750015258789,5.9806626215577126,192,189,98.4375,CDP,1.4666426917497317,20,0.99,1.4666426917497317
66,COMPLETE,4,42,27061,2784,2cf8e61e68345fca034455d14ca0a91ba8af3af3a30bcfad11a389cf00a64d26,e85c7d3201b31d98e24a7a8ea73439fb69c13286f849eaf6812d38684b5bedb5,26648,204.04484869999578,0.07080078125,0.08203125,14269c18e6a56f09985dea654338c0b32f5e417a5600e334e252b0c1bbf8bd28,True,True,True,1,0.7524705452873329,0.875967876869093,0.46894344711426517,0.027487893975008875,0.49743395870266105,-0.000798454461226189,0.8761248771151954,0.8674529403719712,0.7507719166737569,0.5191626545185698,0.0,0.08818961679935455,0.0028039179742336273,0.08828786760568619,72.314453125,27.685546875,0.0,-0.11213366687297821,-0.07903537154197693,-0.47991541028022766,0.13573643565177917,-0.06802928447723389,-0.04794919490814209,-0.2911551594734192,0.08234861493110657,47.900390625,52.099609375,0.0,0.006063088774681091,CDP_NEG,45,72321,204.04449519999616,128,128,400,200,200,200,EARLY_STOPPING,False,0,2048,deterministic_evenly_spaced_full_fold,3.65000057220459,6.01635006070137,192,190,98.95833333333333,CDP,1.460840537792371,20,0.99,1.460840537792371
67,COMPLETE,0,42,25813,4032,81354305b7b8066000bae764cd84c6a44c1e035572eb00baa18e30401895a2a4,6d4d4bf8c14384a72deec9ae950f7dbc99365946e460adffb80cf5c9ed8ff111,26648,464.1879184999998,0.07664346694946289,0.095703125,14269c18e6a56f09985dea654338c0b32f5e417a5600e334e252b0c1bbf8bd28,True,True,True,1,0.8589219828356645,0.5823923002694518,0.38430289186050814,0.025880082563397258,0.37555695650160065,0.027400811316814117,0.5818195113466197,0.9281133332429841,0.9045300554154156,0.22247094384013955,0.0,0.0667707547545433,0.0002895747311413288,0.0667777955532074,82.666015625,17.333984375,0.0,-0.07743701338768005,-0.04290395230054855,-0.32408279180526733,0.04322328418493271,-0.04645358771085739,-0.025737598538398743,-0.19441363215446472,0.02592916041612625,60.595703125,39.404296875,0.0,-0.02081282064318657,CDP_NEG,350,90529,464.1875671000016,128,128,700,350,350,410,EARLY_STOPPING,False,0,2048,deterministic_evenly_spaced_full_fold,3.6649999618530273,6.109466117620462,448,444,99.10714285714286,CDP,1.4710406730757069,20,0.99,1.4710406730757069
67,COMPLETE,1,42,27493,2352,db92a7db6dfa639d2026ff19c5b1159be2b53d1e09d9e6a72b1b767a05c21400,2ea764e1783688df4d4bc4d6bc4b7c6a52ae545bfb933c403a7aa96e5d21a797,26648,422.5450583000056,0.0667414665222168,0.076171875,14269c18e6a56f09985dea654338c0b32f5e417a5600e334e252b0c1bbf8bd28,True,True,True,1,0.7243352738359716,0.9665420443753255,0.47059844288702574,0.026521993840438574,0.5249262060267639,-0.060790844804917775,0.9648335551588688,0.8520947855269676,0.747618196703809,0.510349068354147,0.0,0.09082499146461487,0.0006665496621280909,0.09084119647741318,80.126953125,19.873046875,0.0,-0.07779109477996826,-0.05002480745315552,-0.28089970350265503,0.04120992496609688,-0.047298554331064224,-0.030416090041399002,-0.17079266905784607,0.025056462734937668,47.216796875,52.783203125,0.0,0.003993301652371883,CDP_NEG,290,90529,422.54467660000955,128,128,700,350,350,350,EARLY_STOPPING,False,0,2048,deterministic_evenly_spaced_full_fold,3.6464000701904276,5.997169941663727,448,422,94.19642857142857,CDP,1.4510426770894138,20,0.99,1.4510426770894138
67,COMPLETE,2,42,26989,2856,424f72a3df11b24bdd551a74968aa5efe8f47b52221df203d3bd3ed6f8a96c5a,f1c78e2ff146b5069b0310a8b0222fe8d495ed8d7dbf78dc149a7df8702a8f3a,26648,410.573426700008,0.0708308219909668,0.076171875,14269c18e6a56f09985dea654338c0b32f5e417a5600e334e252b0c1bbf8bd28,True,True,True,1,0.7749411918972191,0.8116373555520191,0.4577775134806748,0.04241866702836306,0.474320573029574,-0.04740079708073904,0.8103939238128914,0.8814906533527285,0.8090150836681842,0.3611253377126033,0.0,0.08851955831050873,0.0004889441188424826,0.08853144943714142,83.30078125,16.69921875,0.0,-0.12877336144447327,-0.08704319596290588,-0.460786372423172,0.07257386296987534,-0.0783674344420433,-0.05297175794839859,-0.2804201543331146,0.04416617751121521,61.279296875,38.720703125,0.0,-0.014719336293637753,CDP_NEG,190,90529,410.5729244999966,128,128,700,350,350,350,EARLY_STOPPING,False,0,2048,deterministic_evenly_spaced_full_fold,3.663600349426268,6.020027899742124,448,432,96.42857142857143,CDP,1.4524627365104603,20,0.99,1.4524627365104603
67,COMPLETE,3,42,26466,3379,ad1e190147cfc7079fe69ab58be273b0089b28a9cb71d4377b9a01145e874910,b3de2bff6a2b887166deba8883b54b43de7150168fdd2094f9852f380bd9133e,26648,407.64468480000505,0.0736703872680664,0.095703125,14269c18e6a56f09985dea654338c0b32f5e417a5600e334e252b0c1bbf8bd28,True,True,True,1,0.7493843637987561,1.062627005714482,0.46673915596518234,0.032520493646896194,0.5005411747498375,-0.014660797453062764,1.0626831250390265,0.865697467906984,0.7492647135114723,0.5370412025119891,0.0,0.09313888847827911,0.00013439639587886631,0.09314215928316116,79.443359375,20.556640625,0.0,-0.0763259083032608,-0.04066905379295349,-0.29320645332336426,0.028877414762973785,-0.0466168150305748,-0.02483903244137764,-0.17907880246639252,0.01763717271387577,59.765625,40.234375,0.0,-0.014425992034375668,CDP_NEG,300,90529,407.64427380000416,128,128,700,350,350,360,EARLY_STOPPING,False,0,2048,deterministic_evenly_spaced_full_fold,3.652750015258789,5.9806626215577126,448,442,98.66071428571429,CDP,1.4666426917497317,20,0.99,1.4666426917497317
67,COMPLETE,4,42,27061,2784,2cf8e61e68345fca034455d14ca0a91ba8af3af3a30bcfad11a389cf00a64d26,e85c7d3201b31d98e24a7a8ea73439fb69c13286f849eaf6812d38684b5bedb5,26648,410.16928740000003,0.06966304779052734,0.076171875,14269c18e6a56f09985dea654338c0b32f5e417a5600e334e252b0c1bbf8bd28,True,True,True,1,0.7535646005723509,0.8740298881280416,0.4549685918831654,0.027427079839644476,0.4963334372830537,0.03150285967643575,0.8736188852587564,0.8691270376666538,0.7890099406163195,0.47168850728358763,0.0,0.08160766959190369,0.00017211755039170384,0.08161185681819916,84.033203125,15.966796875,0.0,-0.10624431073665619,-0.06329934298992157,-0.4318437874317169,0.0399678498506546,-0.06445632129907608,-0.038402456790208817,-0.26199108362197876,0.024247702211141586,55.76171875,44.23828125,0.0,-0.006561783608049154,CDP_NEG,245,90529,410.16893510000955,128,128,700,350,350,350,EARLY_STOPPING,False,0,2048,deterministic_evenly_spaced_full_fold,3.65000057220459,6.01635006070137,448,446,99.55357142857143,CDP,1.460840537792371,20,0.99,1.460840537792371
68,COMPLETE,0,42,25813,4032,81354305b7b8066000bae764cd84c6a44c1e035572eb00baa18e30401895a2a4,6d4d4bf8c14384a72deec9ae950f7dbc99365946e460adffb80cf5c9ed8ff111,26648,455.8258638999978,0.08513116836547852,0.08984375,14269c18e6a56f09985dea654338c0b32f5e417a5600e334e252b0c1bbf8bd28,True,True,True,1,0.8553972369852609,0.5896227700270492,0.37706472470722113,0.026201386870154393,0.38021954083690834,0.00975767479013441,0.5896151460472522,0.9250792276276364,0.8726966867119824,0.2698717274567353,0.0,0.06686091423034668,0.006814519874751568,0.0671922117471695,57.32421875,42.67578125,0.0,-0.05155947059392929,-0.024889390915632248,-0.5156795978546143,0.27203604578971863,-0.030929945409297943,-0.014930864796042442,-0.3093504011631012,0.16319136321544647,60.3515625,39.6484375,0.0,-0.022817889228463173,CDP_NEG,40,103777,455.8255149000033,128,128,800,400,400,400,EARLY_STOPPING,False,0,2048,deterministic_evenly_spaced_full_fold,3.6649999618530273,6.109466117620462,448,444,99.10714285714286,CDP,1.4710406730757069,20,0.99,1.4710406730757069
68,COMPLETE,1,42,27493,2352,db92a7db6dfa639d2026ff19c5b1159be2b53d1e09d9e6a72b1b767a05c21400,2ea764e1783688df4d4bc4d6bc4b7c6a52ae545bfb933c403a7aa96e5d21a797,26648,495.9803222999908,0.07335329055786133,0.08984375,14269c18e6a56f09985dea654338c0b32f5e417a5600e334e252b0c1bbf8bd28,True,True,True,1,0.7261852379164617,0.9632933913948754,0.47239520782319716,0.026432850533286416,0.5231618719311608,-0.04140686853091885,0.9626077069657151,0.8525563020762514,0.7376729053397089,0.5522392347410979,0.0,0.08782638609409332,0.0021265759132802486,0.08792977035045624,82.91015625,17.08984375,0.0,-0.06304754316806793,-0.04228384047746658,-0.244410902261734,0.05551338940858841,-0.03833417221903801,-0.025709427893161774,-0.14860674738883972,0.03375325724482536,43.408203125,56.591796875,0.0,0.009037547744810581,CDP_NEG,170,103777,495.97993249999126,128,128,800,400,400,400,EARLY_STOPPING,False,0,2048,deterministic_evenly_spaced_full_fold,3.6464000701904276,5.997169941663727,448,422,94.19642857142857,CDP,1.4510426770894138,20,0.99,1.4510426770894138
68,COMPLETE,2,42,26989,2856,424f72a3df11b24bdd551a74968aa5efe8f47b52221df203d3bd3ed6f8a96c5a,f1c78e2ff146b5069b0310a8b0222fe8d495ed8d7dbf78dc149a7df8702a8f3a,26648,469.24383490000037,0.07701730728149414,0.08984375,14269c18e6a56f09985dea654338c0b32f5e417a5600e334e252b0c1bbf8bd28,True,True,True,1,0.7783484296716967,0.805470104878947,0.4597137292210503,0.04209634752077514,0.4707164339972114,-0.015581308791012155,0.8054604098271013,0.8830981764996707,0.8132689165803487,0.3838456680633647,0.0,0.08857785910367966,0.001533997943624854,0.08865243941545486,82.8125,17.1875,0.0,-0.12156996130943298,-0.09194722771644592,-0.4570179283618927,0.0967014729976654,-0.07398366928100586,-0.05595619976520538,-0.2781267762184143,0.058849483728408813,60.205078125,39.794921875,0.0,-0.013614083640277386,CDP_NEG,190,103777,469.24348770000506,128,128,800,400,400,400,EARLY_STOPPING,False,0,2048,deterministic_evenly_spaced_full_fold,3.663600349426268,6.020027899742124,448,432,96.42857142857143,CDP,1.4524627365104603,20,0.99,1.4524627365104603
68,COMPLETE,3,42,26466,3379,ad1e190147cfc7079fe69ab58be273b0089b28a9cb71d4377b9a01145e874910,b3de2bff6a2b887166deba8883b54b43de7150168fdd2094f9852f380bd9133e,26648,465.52699890000804,0.08241462707519531,0.08984375,14269c18e6a56f09985dea654338c0b32f5e417a5600e334e252b0c1bbf8bd28,True,True,True,1,0.749528772294022,1.0623208107758668,0.4684540822123854,0.03251112289826812,0.5003969442969574,-0.06409111267735947,1.0605426437645478,0.8667613109131689,0.7262331395625831,0.5382880998487827,0.0,0.09286561608314514,0.00019446606165729463,0.09287507086992264,81.787109375,18.212890625,0.0,-0.06090356409549713,-0.035172972828149796,-0.23960699141025543,0.02410072647035122,-0.03719746693968773,-0.021482247859239578,-0.14634239673614502,0.014719761908054352,55.810546875,44.189453125,0.0,-0.008908135816454887,CDP_NEG,305,103777,465.5266391000041,128,128,800,400,400,400,EARLY_STOPPING,False,0,2048,deterministic_evenly_spaced_full_fold,3.652750015258789,5.9806626215577126,448,442,98.66071428571429,CDP,1.4666426917497317,20,0.99,1.4666426917497317
68,COMPLETE,4,42,27061,2784,2cf8e61e68345fca034455d14ca0a91ba8af3af3a30bcfad11a389cf00a64d26,e85c7d3201b31d98e24a7a8ea73439fb69c13286f849eaf6812d38684b5bedb5,26648,480.6749908999918,0.07701492309570312,0.08984375,14269c18e6a56f09985dea654338c0b32f5e417a5600e334e252b0c1bbf8bd28,True,True,True,1,0.7578079952338139,0.8664722107365086,0.44613884862433906,0.027189919733296392,0.4920416755840917,-0.005083993549504512,0.8666129512091497,0.8706183528919381,0.7689882855748176,0.47687255651795674,0.0,0.08130335807800293,0.0011200604494661093,0.08135781437158585,83.3984375,16.6015625,0.0,-0.1145927757024765,-0.07274200022220612,-0.4761863052845001,0.05070529878139496,-0.06952117383480072,-0.04413112998008728,-0.28889280557632446,0.030761899426579475,54.248046875,45.751953125,0.0,-0.005443597212433815,CDP_NEG,75,103777,480.6746414999943,128,128,800,400,400,400,EARLY_STOPPING,False,0,2048,deterministic_evenly_spaced_full_fold,3.65000057220459,6.01635006070137,448,446,99.55357142857143,CDP,1.460840537792371,20,0.99,1.460840537792371
69,COMPLETE,0,42,25813,4032,81354305b7b8066000bae764cd84c6a44c1e035572eb00baa18e30401895a2a4,6d4d4bf8c14384a72deec9ae950f7dbc99365946e460adffb80cf5c9ed8ff111,26648,247.72739019998698,0.06502294540405273,0.07421875,14269c18e6a56f09985dea654338c0b32f5e417a5600e334e252b0c1bbf8bd28,True,True,True,1,0.8567373093287713,0.5868843150852929,0.3735536661266769,0.026079696662443877,0.3784536421411891,-0.0016945241254039242,0.5869546603115057,0.9262653826328252,0.8904404657346678,0.22216433492522922,0.0,0.06380089372396469,0.0007599571254104376,0.06382967531681061,74.267578125,25.732421875,0.0,-0.08927758038043976,-0.04452742636203766,-0.3912908732891083,0.0824805349111557,-0.053556617349386215,-0.02671150304377079,-0.23473098874092102,0.04947914555668831,62.40234375,37.59765625,0.0,-0.03302755206823349,CDP_NEG,130,64769,247.72706299999845,128,128,500,250,250,250,EARLY_STOPPING,False,0,2048,deterministic_evenly_spaced_full_fold,3.6649999618530273,6.109466117620462,448,444,99.10714285714286,CDP,1.4710406730757069,20,0.99,1.4710406730757069
69,COMPLETE,1,42,27493,2352,db92a7db6dfa639d2026ff19c5b1159be2b53d1e09d9e6a72b1b767a05c21400,2ea764e1783688df4d4bc4d6bc4b7c6a52ae545bfb933c403a7aa96e5d21a797,26648,266.75107939999725,0.0573887825012207,0.076171875,14269c18e6a56f09985dea654338c0b32f5e417a5600e334e252b0c1bbf8bd28,True,True,True,1,0.717469145815832,0.9785050985103164,0.4928710985893929,0.026850261037843444,0.5314233063403173,-0.0968835684676737,0.9739040358960174,0.8488341920204389,0.7347382485037973,0.5034036619716894,0.0,0.09515015035867691,0.0003395243256818503,0.0951630100607872,82.12890625,17.87109375,0.048828125,-0.11731919646263123,-0.05846123397350311,-0.4608571231365204,0.05281592905521393,-0.0713324248790741,-0.035545606166124344,-0.28021040558815,0.032113149762153625,49.267578125,50.732421875,0.0,0.0016033202409744263,CDP_NEG,125,64769,266.7507433999999,128,128,500,250,250,250,EARLY_STOPPING,False,0,2048,deterministic_evenly_spaced_full_fold,3.6464000701904276,5.997169941663727,448,422,94.19642857142857,CDP,1.4510426770894138,20,0.99,1.4510426770894138
69,COMPLETE,2,42,26989,2856,424f72a3df11b24bdd551a74968aa5efe8f47b52221df203d3bd3ed6f8a96c5a,f1c78e2ff146b5069b0310a8b0222fe8d495ed8d7dbf78dc149a7df8702a8f3a,26648,310.37229270000535,0.05875253677368164,0.07421875,14269c18e6a56f09985dea654338c0b32f5e417a5600e334e252b0c1bbf8bd28,True,True,True,1,0.7727993357002014,0.8154903351821781,0.4599506829993105,0.042620035606190064,0.4765722529128949,-0.1001159116933618,0.8094632255514068,0.8812921267910083,0.7954149690494604,0.3375015375589756,0.0,0.09022051841020584,5.5086879001464695e-05,0.09022260457277298,93.45703125,6.54296875,0.0,-0.15505871176719666,-0.11692440509796143,-0.46537041664123535,0.011601117439568043,-0.09436388313770294,-0.07115653157234192,-0.2832098603248596,0.007060076575726271,57.32421875,42.67578125,0.0,-0.011407461017370224,CDP_NEG,235,64769,310.37191330001224,128,128,500,250,250,295,EARLY_STOPPING,False,0,2048,deterministic_evenly_spaced_full_fold,3.663600349426268,6.020027899742124,448,432,96.42857142857143,CDP,1.4524627365104603,20,0.99,1.4524627365104603
69,COMPLETE,3,42,26466,3379,ad1e190147cfc7079fe69ab58be273b0089b28a9cb71d4377b9a01145e874910,b3de2bff6a2b887166deba8883b54b43de7150168fdd2094f9852f380bd9133e,26648,302.1873484000098,0.06264209747314453,0.076171875,14269c18e6a56f09985dea654338c0b32f5e417a5600e334e252b0c1bbf8bd28,True,True,True,1,0.7489201513355768,1.0636106963016954,0.46675474604599787,0.032550598381031456,0.5010045336137344,-0.02848616318030478,1.063386526304644,0.8673334024784761,0.7034572438012748,0.624007683861328,0.0,0.09347490221261978,0.00015159172471612692,0.09348064661026001,87.890625,12.109375,0.0,-0.10667368769645691,-0.06278044730424881,-0.35820937156677246,0.0334484800696373,-0.06515203416347504,-0.03834379464387894,-0.21877998113632202,0.02042899839580059,50.78125,49.21875,0.0,-0.002213977510109544,CDP_NEG,235,64769,302.1870123999979,128,128,500,250,250,295,EARLY_STOPPING,False,0,2048,deterministic_evenly_spaced_full_fold,3.652750015258789,5.9806626215577126,448,442,98.66071428571429,CDP,1.4666426917497317,20,0.99,1.4666426917497317
69,COMPLETE,4,42,27061,2784,2cf8e61e68345fca034455d14ca0a91ba8af3af3a30bcfad11a389cf00a64d26,e85c7d3201b31d98e24a7a8ea73439fb69c13286f849eaf6812d38684b5bedb5,26648,258.7286315000092,0.05871391296386719,0.076171875,14269c18e6a56f09985dea654338c0b32f5e417a5600e334e252b0c1bbf8bd28,True,True,True,1,0.7541925971695487,0.8729155232097671,0.4507549353916617,0.027392111040523116,0.4957006253188548,-0.03368031828860443,0.8724222245096346,0.8688793477916095,0.772171574475117,0.4416349801000235,0.0,0.08212298899888992,0.000708011444658041,0.08214980363845825,78.80859375,21.19140625,0.0,-0.16648085415363312,-0.1179332360625267,-0.6384304165840149,0.08344018459320068,-0.10100064426660538,-0.07154776155948639,-0.3873231112957001,0.050621505826711655,59.619140625,40.380859375,0.0,-0.01198507659137249,CDP_NEG,90,64769,258.7282455999957,128,128,500,250,250,250,EARLY_STOPPING,False,0,2048,deterministic_evenly_spaced_full_fold,3.65000057220459,6.01635006070137,448,446,99.55357142857143,CDP,1.460840537792371,20,0.99,1.460840537792371
70,COMPLETE,0,42,25813,4032,81354305b7b8066000bae764cd84c6a44c1e035572eb00baa18e30401895a2a4,6d4d4bf8c14384a72deec9ae950f7dbc99365946e460adffb80cf5c9ed8ff111,26648,10.522873800000525,0.23241233825683594,0.35546875,14269c18e6a56f09985dea654338c0b32f5e417a5600e334e252b0c1bbf8bd28,True,True,True,1,0.811345184963399,0.6734725485858495,0.4694517224186076,0.02992746496394157,0.4342902550690621,0.034640740495455076,0.6726644887329793,0.9020523806876329,0.8525412067341513,0.33593772426623575,0.0,0.09032796323299408,0.04008347541093826,0.09143725782632828,96.09375,3.90625,0.0,-0.3399471044540405,-0.19801145792007446,-1.1168453693389893,-0.010162594728171825,-0.20393045246601105,-0.1187848448753357,-0.6699829697608948,-0.00609642593190074,95.068359375,4.931640625,0.0,-0.056458041071891785,CDP_NEG,800,96113,10.52249689999735,FULL_BATCH,25813,800,400,400,800,MAX_EPOCHS,False,0,2048,deterministic_evenly_spaced_full_fold,3.6649999618530273,6.109466117620462,448,444,99.10714285714286,CDP,1.4710406730757069,20,0.99,1.4710406730757069
70,COMPLETE,1,42,27493,2352,db92a7db6dfa639d2026ff19c5b1159be2b53d1e09d9e6a72b1b767a05c21400,2ea764e1783688df4d4bc4d6bc4b7c6a52ae545bfb933c403a7aa96e5d21a797,26648,5.756486699989182,0.24415826797485352,0.380859375,14269c18e6a56f09985dea654338c0b32f5e417a5600e334e252b0c1bbf8bd28,True,True,True,1,0.6528753261816518,1.084608226121069,0.5940083591346661,0.029761739657236948,0.5890476099579446,-0.10374501640084802,1.0798646997940615,0.810155089574819,0.6423192257343431,0.7056864231273345,0.0,0.13018906116485596,0.032821618020534515,0.13109739124774933,100.0,0.0,0.0,-0.28678086400032043,-0.23685960471630096,-0.6005159616470337,-0.13156624138355255,-0.17436856031417847,-0.14401540160179138,-0.36512574553489685,-0.07999491691589355,100.0,0.0,0.0,-0.05373243987560272,CDP_NEG,400,96113,5.7561228000122355,FULL_BATCH,27493,800,400,400,460,EARLY_STOPPING,False,0,2048,deterministic_evenly_spaced_full_fold,3.6464000701904276,5.997169941663727,448,422,94.19642857142857,CDP,1.4510426770894138,20,0.99,1.4510426770894138
71,COMPLETE,0,42,25813,4032,81354305b7b8066000bae764cd84c6a44c1e035572eb00baa18e30401895a2a4,6d4d4bf8c14384a72deec9ae950f7dbc99365946e460adffb80cf5c9ed8ff111,26648,365.5041973000043,0.08762407302856445,0.095703125,14269c18e6a56f09985dea654338c0b32f5e417a5600e334e252b0c1bbf8bd28,True,True,True,1,0.8508347170238374,0.5988524480163675,0.39499151266477023,0.026611531077566843,0.38617131900010604,-0.001795943778970035,0.5989240309535694,0.9229187097435816,0.8234393856474321,0.3589636920417111,0.0,0.14394325017929077,0.0005869085434824228,0.1443350911140442,75.78125,24.21875,0.0,-0.11316832900047302,-0.04965214803814888,-0.5174123644828796,0.06887912005186081,-0.06788840889930725,-0.02978576347231865,-0.3103898763656616,0.04131980612874031,59.326171875,40.673828125,0.0,-0.012780343182384968,CDP_NEG,165,105025,365.50382369999716,128,128,600,300,300,300,EARLY_STOPPING,False,0,2048,deterministic_evenly_spaced_full_fold,3.6649999618530273,6.109466117620462,192,192,100.0,CDP,1.4710406730757069,20,0.99,1.4710406730757069
71,COMPLETE,1,42,27493,2352,db92a7db6dfa639d2026ff19c5b1159be2b53d1e09d9e6a72b1b767a05c21400,2ea764e1783688df4d4bc4d6bc4b7c6a52ae545bfb933c403a7aa96e5d21a797,26648,394.98899650000385,0.07570743560791016,0.09375,14269c18e6a56f09985dea654338c0b32f5e417a5600e334e252b0c1bbf8bd28,True,True,True,1,0.715904738907592,0.9812104082698987,0.48155363521310596,0.026924494961962586,0.5328925522944781,-0.09874970738167818,0.9764362393530025,0.8492301907387884,0.7628795574837017,0.4378537528450506,0.0,0.19482477009296417,0.0018881792202591896,0.1960853934288025,77.880859375,22.119140625,0.0,-0.10504545271396637,-0.07803058624267578,-0.391365110874176,0.08876994997262955,-0.06386975198984146,-0.047444164752960205,-0.23795786499977112,0.05397391319274902,48.681640625,51.318359375,0.0,0.0016024007927626371,CDP_NEG,60,105025,394.98864070000127,128,128,600,300,300,300,EARLY_STOPPING,False,0,2048,deterministic_evenly_spaced_full_fold,3.6464000701904276,5.997169941663727,192,182,94.79166666666667,CDP,1.4510426770894138,20,0.99,1.4510426770894138
71,COMPLETE,2,42,26989,2856,424f72a3df11b24bdd551a74968aa5efe8f47b52221df203d3bd3ed6f8a96c5a,f1c78e2ff146b5069b0310a8b0222fe8d495ed8d7dbf78dc149a7df8702a8f3a,26648,382.8849147000001,0.07868242263793945,0.095703125,14269c18e6a56f09985dea654338c0b32f5e417a5600e334e252b0c1bbf8bd28,True,True,True,1,0.7726795727147928,0.8157052392414021,0.46969226138608877,0.04263126715396065,0.4766978427663193,-0.05012622765455844,0.8143061921651428,0.8799431966520999,0.7985908021719077,0.38069795825960057,0.0,0.19033114612102509,0.001552973291836679,0.191367968916893,82.958984375,17.041015625,0.0,-0.1548449695110321,-0.10550987720489502,-0.6009805202484131,0.09343412518501282,-0.09423379600048065,-0.06421001255512238,-0.3657378852367401,0.05686108395457268,65.478515625,34.521484375,0.0,-0.018678858876228333,CDP_NEG,45,105025,382.88455210000393,128,128,600,300,300,300,EARLY_STOPPING,False,0,2048,deterministic_evenly_spaced_full_fold,3.663600349426268,6.020027899742124,192,187,97.39583333333333,CDP,1.4524627365104603,20,0.99,1.4524627365104603
71,COMPLETE,3,42,26466,3379,ad1e190147cfc7079fe69ab58be273b0089b28a9cb71d4377b9a01145e874910,b3de2bff6a2b887166deba8883b54b43de7150168fdd2094f9852f380bd9133e,26648,443.4633765000035,0.08482503890991211,0.095703125,14269c18e6a56f09985dea654338c0b32f5e417a5600e334e252b0c1bbf8bd28,True,True,True,1,0.757718338673444,1.0448093214413132,0.4732562187320187,0.03197520363912118,0.4921483101139373,-0.05380439618717811,1.0435774555702035,0.8714425170484768,0.7311578467308482,0.5377388034585103,0.0,0.20669767260551453,0.0006615362945012748,0.20713934302330017,76.123046875,23.876953125,0.0,-0.14131882786750793,-0.06883174926042557,-0.5747507810592651,0.0840437114238739,-0.08631189167499542,-0.04203968495130539,-0.35103482007980347,0.05133054405450821,58.49609375,41.455078125,0.048828125,-0.008991711772978306,CDP_NEG,295,105025,443.46301560000575,128,128,600,300,300,355,EARLY_STOPPING,False,0,2048,deterministic_evenly_spaced_full_fold,3.652750015258789,5.9806626215577126,192,191,99.47916666666667,CDP,1.4666426917497317,20,0.99,1.4666426917497317
71,COMPLETE,4,42,27061,2784,2cf8e61e68345fca034455d14ca0a91ba8af3af3a30bcfad11a389cf00a64d26,e85c7d3201b31d98e24a7a8ea73439fb69c13286f849eaf6812d38684b5bedb5,26648,381.18339099999866,0.07836627960205078,0.09375,14269c18e6a56f09985dea654338c0b32f5e417a5600e334e252b0c1bbf8bd28,True,True,True,1,0.7444598858564706,0.8900292505821745,0.46798455360727403,0.027929140235259494,0.5054189601799937,-0.019263896589234657,0.8899806039780699,0.8642276819174831,0.7884253873256006,0.4221412964770145,0.0,0.1768331378698349,0.0003428366035223007,0.1770620346069336,82.275390625,17.724609375,0.0,-0.13059386610984802,-0.07062757015228271,-0.5658790469169617,0.0731499046087265,-0.0792287141084671,-0.04284835234284401,-0.34330764412879944,0.04437859728932381,55.615234375,44.3359375,0.048828125,-0.005031340755522251,CDP_NEG,105,105025,381.1830284000025,128,128,600,300,300,300,EARLY_STOPPING,False,0,2048,deterministic_evenly_spaced_full_fold,3.65000057220459,6.01635006070137,192,192,100.0,CDP,1.460840537792371,20,0.99,1.460840537792371
72,COMPLETE,0,42,25813,4032,81354305b7b8066000bae764cd84c6a44c1e035572eb00baa18e30401895a2a4,6d4d4bf8c14384a72deec9ae950f7dbc99365946e460adffb80cf5c9ed8ff111,26648,83.98254250000173,0.10519552230834961,0.111328125,14269c18e6a56f09985dea654338c0b32f5e417a5600e334e252b0c1bbf8bd28,True,True,True,1,0.8575477355503405,0.5852219807023586,0.38184019086809945,0.02600582660774293,0.3773816821560486,-0.05449520530133408,0.5827514610059913,0.9267083552532271,0.856631095768768,0.2384450626521291,0.0,0.06885335594415665,0.0020862999372184277,0.06898195296525955,71.875,28.125,0.0,-0.10442478954792023,-0.06384819746017456,-0.5441544055938721,0.14676879346370697,-0.06264325976371765,-0.03830181807279587,-0.32643210887908936,0.08804494887590408,60.64453125,39.35546875,0.0,-0.016757387667894363,CDP_NEG,110,82433,83.982222000006,256,256,800,80,80,170,EARLY_STOPPING,False,0,2048,deterministic_evenly_spaced_full_fold,3.6649999618530273,6.109466117620462,192,192,100.0,CDP,1.4710406730757069,20,0.99,1.4710406730757069
72,COMPLETE,1,42,27493,2352,db92a7db6dfa639d2026ff19c5b1159be2b53d1e09d9e6a72b1b767a05c21400,2ea764e1783688df4d4bc4d6bc4b7c6a52ae545bfb933c403a7aa96e5d21a797,26648,75.28389890000108,0.08870410919189453,0.091796875,14269c18e6a56f09985dea654338c0b32f5e417a5600e334e252b0c1bbf8bd28,True,True,True,1,0.7062061650394706,0.9978183599953516,0.5002429825428012,0.02738021853439077,0.5419122831379015,-0.1509788426092262,0.986539745744405,0.8446428541557008,0.6947407422569435,0.5398227273984215,0.0,0.09633047133684158,0.0025288877077400684,0.09648634493350983,77.294921875,22.705078125,0.0,-0.16908985376358032,-0.1519177109003067,-0.5863759517669678,0.1738513559103012,-0.10281004011631012,-0.09236902743577957,-0.3565283715724945,0.105705127120018,47.16796875,52.83203125,0.0,0.005652822088450193,CDP_NEG,70,82433,75.28348379999807,256,256,800,80,80,130,EARLY_STOPPING,False,0,2048,deterministic_evenly_spaced_full_fold,3.6464000701904276,5.997169941663727,192,182,94.79166666666667,CDP,1.4510426770894138,20,0.99,1.4510426770894138
72,COMPLETE,2,42,26989,2856,424f72a3df11b24bdd551a74968aa5efe8f47b52221df203d3bd3ed6f8a96c5a,f1c78e2ff146b5069b0310a8b0222fe8d495ed8d7dbf78dc149a7df8702a8f3a,26648,76.08587139999145,0.09194421768188477,0.111328125,14269c18e6a56f09985dea654338c0b32f5e417a5600e334e252b0c1bbf8bd28,True,True,True,1,0.7736517214967131,0.8139591654386154,0.4585355803532218,0.04254001196130507,0.47567743787610023,-0.06240748849120878,0.8117053181993383,0.8808334896183104,0.8020762669596008,0.3609611167152004,0.0,0.09069464355707169,0.004491415806114674,0.09097148478031158,72.998046875,27.001953125,0.0,-0.10238370299339294,-0.08289361745119095,-0.46538352966308594,0.21257275342941284,-0.062307510524988174,-0.05044645816087723,-0.28321781754493713,0.12936511635780334,52.1484375,47.8515625,0.0,-0.003970268182456493,CDP_NEG,80,82433,76.08550960000139,256,256,800,80,80,140,EARLY_STOPPING,False,0,2048,deterministic_evenly_spaced_full_fold,3.663600349426268,6.020027899742124,192,187,97.39583333333333,CDP,1.4524627365104603,20,0.99,1.4524627365104603
72,COMPLETE,3,42,26466,3379,ad1e190147cfc7079fe69ab58be273b0089b28a9cb71d4377b9a01145e874910,b3de2bff6a2b887166deba8883b54b43de7150168fdd2094f9852f380bd9133e,26648,80.56242889999703,0.09896278381347656,0.111328125,14269c18e6a56f09985dea654338c0b32f5e417a5600e334e252b0c1bbf8bd28,True,True,True,1,0.7511866889103713,1.0587991218367787,0.4852150139234637,0.032403345604679626,0.49873808346508014,-0.04356011738382943,1.0580592632168162,0.8690576578767849,0.7027325490520118,0.6105283019580638,0.0,0.09885523468255997,0.005641954950988293,0.09920299053192139,69.873046875,30.126953125,0.0,-0.1005420982837677,-0.09127078950405121,-0.47753217816352844,0.24917344748973846,-0.06140710040926933,-0.055744558572769165,-0.29165759682655334,0.15218520164489746,48.486328125,51.513671875,0.0,0.0037126466631889343,CDP_NEG,110,82433,80.562085499987,256,256,800,80,80,170,EARLY_STOPPING,False,0,2048,deterministic_evenly_spaced_full_fold,3.652750015258789,5.9806626215577126,192,191,99.47916666666667,CDP,1.4666426917497317,20,0.99,1.4666426917497317
72,COMPLETE,4,42,27061,2784,2cf8e61e68345fca034455d14ca0a91ba8af3af3a30bcfad11a389cf00a64d26,e85c7d3201b31d98e24a7a8ea73439fb69c13286f849eaf6812d38684b5bedb5,26648,40.81739490000473,0.09163951873779297,0.111328125,14269c18e6a56f09985dea654338c0b32f5e417a5600e334e252b0c1bbf8bd28,True,True,True,1,0.7425491294687352,0.8933505723102572,0.4723009869401345,0.02803336339449764,0.5073050318716069,0.010271772162996476,0.8934519941194741,0.8636040241945779,0.7948836582543185,0.43820316376445506,0.0,0.08571681380271912,0.002945477608591318,0.08589836955070496,75.830078125,24.169921875,0.0,-0.25456148386001587,-0.15610098838806152,-1.1144720315933228,0.1949792504310608,-0.15443740785121918,-0.09470338374376297,-0.6761281490325928,0.11829005926847458,56.884765625,43.115234375,0.0,-0.013057896867394447,CDP_NEG,15,82433,40.81707879999885,256,256,800,80,80,80,EARLY_STOPPING,False,0,2048,deterministic_evenly_spaced_full_fold,3.65000057220459,6.01635006070137,192,192,100.0,CDP,1.460840537792371,20,0.99,1.460840537792371
73,COMPLETE,0,42,25813,4032,81354305b7b8066000bae764cd84c6a44c1e035572eb00baa18e30401895a2a4,6d4d4bf8c14384a72deec9ae950f7dbc99365946e460adffb80cf5c9ed8ff111,26648,289.7114871000085,0.1120452880859375,0.1171875,14269c18e6a56f09985dea654338c0b32f5e417a5600e334e252b0c1bbf8bd28,True,True,True,1,0.4450676379083085,1.1550638108530829,0.9718907770938896,0.05132819712252306,0.7448454403817227,0.8011177019986447,0.8321986537001812,0.860260333174055,0.5960066565371214,1.6265820446329278,0.0,0.10759330540895462,0.0005985137540847063,0.10762010514736176,82.91015625,17.08984375,15.771484375,-0.0851532369852066,-4.5770875658490695e-06,-0.49092358350753784,0.0008991328650154173,-0.051082462072372437,-2.7457431315269787e-06,-0.29449954628944397,0.0005393796600401402,37.890625,15.478515625,46.630859375,-3.287333925072744e-07,CDP_NEG,165,174561,289.71114410000155,128,128,300,150,150,225,EARLY_STOPPING,False,0,2048,deterministic_evenly_spaced_full_fold,3.6649999618530273,6.109466117620462,448,444,99.10714285714286,CDP,1.4710406730757069,20,0.99,1.4710406730757069
73,COMPLETE,1,42,27493,2352,db92a7db6dfa639d2026ff19c5b1159be2b53d1e09d9e6a72b1b767a05c21400,2ea764e1783688df4d4bc4d6bc4b7c6a52ae545bfb933c403a7aa96e5d21a797,26648,201.35575200000312,0.10152912139892578,0.1171875,14269c18e6a56f09985dea654338c0b32f5e417a5600e334e252b0c1bbf8bd28,True,True,True,1,0.45958922440837224,1.353293985607424,0.9991621586579678,0.037134499176163245,0.7349700736121212,0.6447757967719238,1.1900718211057697,0.7855511964626312,0.47049295462983304,1.8430500144852848,0.0,0.12290902435779572,0.0017977043753489852,0.12298952043056488,61.669921875,38.330078125,30.76171875,-0.055244628340005875,-4.4150256783836994e-09,-0.47119516134262085,0.0684489756822586,-0.03358984738588333,-2.6844246825419305e-09,-0.2864961326122284,0.04161835461854935,28.515625,21.58203125,49.90234375,-4.1933713390562843e-08,CDP_NEG,40,174561,201.35539569999673,128,128,300,150,150,150,EARLY_STOPPING,False,0,2048,deterministic_evenly_spaced_full_fold,3.6464000701904276,5.997169941663727,448,422,94.19642857142857,CDP,1.4510426770894138,20,0.99,1.4510426770894138
74,COMPLETE,0,42,25813,4032,81354305b7b8066000bae764cd84c6a44c1e035572eb00baa18e30401895a2a4,6d4d4bf8c14384a72deec9ae950f7dbc99365946e460adffb80cf5c9ed8ff111,26648,439.1124187999958,0.0582880973815918,0.078125,14269c18e6a56f09985dea654338c0b32f5e417a5600e334e252b0c1bbf8bd28,True,True,True,1,0.8550923653226978,0.5902440051328292,0.3773066411269524,0.02622899303153638,0.3806201456620249,-0.03266658704593456,0.589412455032012,0.9253161004281085,0.8802266251423325,0.21206182678016883,0.0,0.0660015270113945,0.006022908724844456,0.06630047410726547,99.8046875,0.1953125,0.0,-0.479288250207901,-0.3546278178691864,-1.1323128938674927,-0.1922932267189026,-0.287519633769989,-0.21273723244667053,-0.6792617440223694,-0.11535454541444778,54.931640625,45.068359375,0.0,-0.012625436298549175,CDP_NEG,305,37441,439.11207459999423,128,128,800,400,400,400,EARLY_STOPPING,False,0,2048,deterministic_evenly_spaced_full_fold,3.6649999618530273,6.109466117620462,448,444,99.10714285714286,CDP,1.4710406730757069,20,0.99,1.4710406730757069
74,COMPLETE,1,42,27493,2352,db92a7db6dfa639d2026ff19c5b1159be2b53d1e09d9e6a72b1b767a05c21400,2ea764e1783688df4d4bc4d6bc4b7c6a52ae545bfb933c403a7aa96e5d21a797,26648,493.9119815000013,0.051928043365478516,0.056640625,14269c18e6a56f09985dea654338c0b32f5e417a5600e334e252b0c1bbf8bd28,True,True,True,1,0.7118793117949378,0.9881374822920574,0.5005749850391353,0.027114574447502912,0.5366546262844083,-0.04017387146643382,0.9875304434675112,0.8445454784295581,0.7386147034758129,0.5513409430254792,0.0,0.10371575504541397,0.0037340549752116203,0.10390109568834305,99.951171875,0.048828125,0.0,-0.5330700874328613,-0.4214887320995331,-1.1918803453445435,-0.23202763497829437,-0.3241173028945923,-0.25627362728118896,-0.7246872186660767,-0.14107745885849,48.779296875,51.220703125,0.0,0.0044111814349889755,CDP_NEG,370,37441,493.91161520000605,128,128,800,400,400,430,EARLY_STOPPING,False,0,2048,deterministic_evenly_spaced_full_fold,3.6464000701904276,5.997169941663727,448,422,94.19642857142857,CDP,1.4510426770894138,20,0.99,1.4510426770894138
74,COMPLETE,2,42,26989,2856,424f72a3df11b24bdd551a74968aa5efe8f47b52221df203d3bd3ed6f8a96c5a,f1c78e2ff146b5069b0310a8b0222fe8d495ed8d7dbf78dc149a7df8702a8f3a,26648,476.7889698999934,0.054363250732421875,0.056640625,14269c18e6a56f09985dea654338c0b32f5e417a5600e334e252b0c1bbf8bd28,True,True,True,1,0.7720356436593585,0.8168597436207298,0.476638999391942,0.042691605107252825,0.4773725347023446,-0.08442307081783101,0.8126277165355169,0.8800874953121273,0.7825904166404671,0.38062672715988005,0.0,0.09308049827814102,0.004682168364524841,0.09331289678812027,99.90234375,0.09765625,0.0,-0.47979989647865295,-0.42190009355545044,-0.9890922904014587,-0.19615547358989716,-0.2919911742210388,-0.25675517320632935,-0.6019306182861328,-0.11937408149242401,58.837890625,41.162109375,0.0,-0.01745891384780407,CDP_NEG,360,37441,476.7885952999932,128,128,800,400,400,420,EARLY_STOPPING,False,0,2048,deterministic_evenly_spaced_full_fold,3.663600349426268,6.020027899742124,448,432,96.42857142857143,CDP,1.4524627365104603,20,0.99,1.4524627365104603
74,COMPLETE,3,42,26466,3379,ad1e190147cfc7079fe69ab58be273b0089b28a9cb71d4377b9a01145e874910,b3de2bff6a2b887166deba8883b54b43de7150168fdd2094f9852f380bd9133e,26648,916.0535456999933,0.05743265151977539,0.076171875,14269c18e6a56f09985dea654338c0b32f5e417a5600e334e252b0c1bbf8bd28,True,True,True,1,0.751222791049865,1.058722304603592,0.4751239538250939,0.032400994700429696,0.4987018993779701,-0.0307460699795145,1.0584323970228149,0.8690315737905133,0.7017631899498459,0.6254752655659144,0.0,0.09581691026687622,0.006443800870329142,0.09613674879074097,99.658203125,0.341796875,0.0,-0.4601131081581116,-0.4160243272781372,-0.9981647729873657,-0.12436889111995697,-0.2810187339782715,-0.2540910542011261,-0.6096391677856445,-0.07595955580472946,55.908203125,44.091796875,0.0,-0.010882405564188957,CDP_NEG,765,37441,916.0531832999986,128,128,800,400,400,800,MAX_EPOCHS,False,0,2048,deterministic_evenly_spaced_full_fold,3.652750015258789,5.9806626215577126,448,442,98.66071428571429,CDP,1.4666426917497317,20,0.99,1.4666426917497317
74,COMPLETE,4,42,27061,2784,2cf8e61e68345fca034455d14ca0a91ba8af3af3a30bcfad11a389cf00a64d26,e85c7d3201b31d98e24a7a8ea73439fb69c13286f849eaf6812d38684b5bedb5,26648,606.2606219000008,0.054276466369628906,0.056640625,14269c18e6a56f09985dea654338c0b32f5e417a5600e334e252b0c1bbf8bd28,True,True,True,1,0.7530183197062819,0.8749980962162135,0.45065765762473314,0.027457462233766668,0.4968832514884201,-0.035985746657639414,0.8744148533184157,0.8686251669717218,0.7829711184670523,0.416798612217354,0.0,0.08105257153511047,0.004812021739780903,0.08129141479730606,100.0,0.0,0.0,-0.48303937911987305,-0.42582470178604126,-1.0868278741836548,-0.1754058301448822,-0.2930504381656647,-0.25833940505981445,-0.659356951713562,-0.10641524940729141,45.8984375,54.1015625,0.0,0.010149733163416386,CDP_NEG,460,37441,606.2601519000018,128,128,800,400,400,520,EARLY_STOPPING,False,0,2048,deterministic_evenly_spaced_full_fold,3.65000057220459,6.01635006070137,448,446,99.55357142857143,CDP,1.460840537792371,20,0.99,1.460840537792371
75,COMPLETE,0,42,25813,4032,81354305b7b8066000bae764cd84c6a44c1e035572eb00baa18e30401895a2a4,6d4d4bf8c14384a72deec9ae950f7dbc99365946e460adffb80cf5c9ed8ff111,26648,192.21844859998964,0.07650470733642578,0.08203125,14269c18e6a56f09985dea654338c0b32f5e417a5600e334e252b0c1bbf8bd28,True,True,True,1,0.8469416737513532,0.606616796130839,0.3788321354339363,0.02695655962646852,0.391178175968752,-0.03926282694310575,0.6054199152971267,0.9206670598132345,0.8538014308729902,0.2594591884348253,0.0,0.06903096288442612,0.0,-5.722361087799072,100.0,0.0,0.0,-0.3178892135620117,-0.22626996040344238,-0.9276791214942932,-0.046324536204338074,-0.19069816172122955,-0.13573679327964783,-0.5565042495727539,-0.027789566665887833,54.833984375,45.166015625,0.0,-0.009416017681360245,CDP_NEG,90,72963,192.21808350000356,128,128,800,80,80,150,EARLY_STOPPING,False,0,2048,deterministic_evenly_spaced_full_fold,3.6649999618530273,6.109466117620462,3584,3514,98.046875,CDP,1.4710406730757069,20,0.99,1.4710406730757069
75,COMPLETE,1,42,27493,2352,db92a7db6dfa639d2026ff19c5b1159be2b53d1e09d9e6a72b1b767a05c21400,2ea764e1783688df4d4bc4d6bc4b7c6a52ae545bfb933c403a7aa96e5d21a797,26648,473.667314499995,0.0657806396484375,0.083984375,14269c18e6a56f09985dea654338c0b32f5e417a5600e334e252b0c1bbf8bd28,True,True,True,1,0.7258857851990317,0.963819991927853,0.46909523920194074,0.026447300495575466,0.5234478671669359,-0.07686560481729708,0.9609543547031133,0.853662139731892,0.757178127543934,0.47264018893012383,0.0,0.08895774930715561,0.0,-13.86711311340332,100.0,0.0,0.0,-0.26826632022857666,-0.2140357792377472,-0.61882084608078,-0.06780621409416199,-0.16311132907867432,-0.1301380693912506,-0.37625551223754883,-0.041227541863918304,49.0234375,50.9765625,0.0,0.0012658776249736547,CDP_NEG,285,72963,473.6669344999973,128,128,800,80,80,345,EARLY_STOPPING,False,0,2048,deterministic_evenly_spaced_full_fold,3.6464000701904276,5.997169941663727,3584,3516,98.10267857142857,CDP,1.4510426770894138,20,0.99,1.4510426770894138
75,COMPLETE,2,42,26989,2856,424f72a3df11b24bdd551a74968aa5efe8f47b52221df203d3bd3ed6f8a96c5a,f1c78e2ff146b5069b0310a8b0222fe8d495ed8d7dbf78dc149a7df8702a8f3a,26648,165.2801926999964,0.06831121444702148,0.08203125,14269c18e6a56f09985dea654338c0b32f5e417a5600e334e252b0c1bbf8bd28,True,True,True,1,0.7669810804184698,0.825866047551653,0.4611538808078033,0.043162302278826746,0.48263581541776784,-0.05383229783425728,0.8242540236512154,0.8780676013052119,0.8193489305561363,0.33258922991594736,0.0,0.09037761390209198,3.2874444855224283e-07,-4.339947700500488,99.51171875,0.48828125,0.0,-0.35354769229888916,-0.271289587020874,-1.0406500101089478,-0.045090336352586746,-0.21515804529190063,-0.16509833931922913,-0.6333070397377014,-0.027440566569566727,66.2109375,33.7890625,0.0,-0.024253763258457184,CDP_NEG,60,72963,165.27983739999763,128,128,800,80,80,120,EARLY_STOPPING,False,0,2048,deterministic_evenly_spaced_full_fold,3.663600349426268,6.020027899742124,3584,3524,98.32589285714286,CDP,1.4524627365104603,20,0.99,1.4524627365104603
75,COMPLETE,3,42,26466,3379,ad1e190147cfc7079fe69ab58be273b0089b28a9cb71d4377b9a01145e874910,b3de2bff6a2b887166deba8883b54b43de7150168fdd2094f9852f380bd9133e,26648,249.73653620001278,0.07403993606567383,0.08203125,14269c18e6a56f09985dea654338c0b32f5e417a5600e334e252b0c1bbf8bd28,True,True,True,1,0.7358791059968939,1.090882930967234,0.46830476091736206,0.033385234174595706,0.5138508816776663,-0.04723812459117947,1.090020988378213,0.8585128893031502,0.7148220472535513,0.5802493307229866,0.0,0.09041181951761246,8.452776967260434e-08,-6.996522903442383,99.560546875,0.439453125,0.0,-0.32446491718292236,-0.2083730399608612,-0.9888798594474792,-0.04727725312113762,-0.19817021489143372,-0.12726593017578125,-0.6039683222770691,-0.028875058516860008,54.1015625,45.8984375,0.0,-0.0048234835267066956,CDP_NEG,125,72963,249.73617760000343,128,128,800,80,80,185,EARLY_STOPPING,False,0,2048,deterministic_evenly_spaced_full_fold,3.652750015258789,5.9806626215577126,3584,3537,98.68861607142857,CDP,1.4666426917497317,20,0.99,1.4666426917497317
75,COMPLETE,4,42,27061,2784,2cf8e61e68345fca034455d14ca0a91ba8af3af3a30bcfad11a389cf00a64d26,e85c7d3201b31d98e24a7a8ea73439fb69c13286f849eaf6812d38684b5bedb5,26648,220.56190790000255,0.06831693649291992,0.08203125,14269c18e6a56f09985dea654338c0b32f5e417a5600e334e252b0c1bbf8bd28,True,True,True,1,0.7445145393084626,0.8899340683203997,0.45650539146722047,0.027926153413494612,0.5053649092375754,-0.0013050368046418138,0.8900929844509327,0.8648731155163233,0.7991019960612545,0.4178256948757003,0.0,0.08192458748817444,0.0,-6.391300201416016,100.0,0.0,0.0,-0.3136574625968933,-0.22682137787342072,-0.9217833280563354,-0.056291356682777405,-0.19028978049755096,-0.13760803639888763,-0.559227705001831,-0.034150853753089905,46.77734375,53.22265625,0.0,0.0048376936465501785,CDP_NEG,105,72963,220.56155100000615,128,128,800,80,80,165,EARLY_STOPPING,False,0,2048,deterministic_evenly_spaced_full_fold,3.65000057220459,6.01635006070137,3584,3546,98.93973214285714,CDP,1.460840537792371,20,0.99,1.460840537792371
76,COMPLETE,0,42,25813,4032,81354305b7b8066000bae764cd84c6a44c1e035572eb00baa18e30401895a2a4,6d4d4bf8c14384a72deec9ae950f7dbc99365946e460adffb80cf5c9ed8ff111,26648,30.778375900001265,0.08130121231079102,0.09765625,14269c18e6a56f09985dea654338c0b32f5e417a5600e334e252b0c1bbf8bd28,True,True,True,1,0.8570272036730086,0.5862902295020249,0.3736304105881977,0.026053296959120897,0.3780705447454124,-0.02518607901156573,0.5858216541402059,0.9260806212354581,0.8745568503378065,0.23112717156403773,0.0,0.06653448194265366,4.9283989937976e-05,0.06654870510101318,91.748046875,8.251953125,0.0,-0.08364443480968475,-0.05530058220028877,-0.26569053530693054,0.006690779235213995,-0.050177350640296936,-0.033174194395542145,-0.15938477218151093,0.004013723228126764,63.37890625,36.62109375,0.0,-0.031039878726005554,CDP_NEG,180,90721,30.778031900001224,1024,1024,600,60,75,240,EARLY_STOPPING,False,0,2048,deterministic_evenly_spaced_full_fold,3.6649999618530273,6.109466117620462,448,448,100.0,CDP,1.4710406730757069,20,0.99,1.4710406730757069
76,COMPLETE,1,42,27493,2352,db92a7db6dfa639d2026ff19c5b1159be2b53d1e09d9e6a72b1b767a05c21400,2ea764e1783688df4d4bc4d6bc4b7c6a52ae545bfb933c403a7aa96e5d21a797,26648,40.33829469999182,0.07474040985107422,0.078125,14269c18e6a56f09985dea654338c0b32f5e417a5600e334e252b0c1bbf8bd28,True,True,True,1,0.7234720712289572,0.9680541520478505,0.47187904695676147,0.02656348620035211,0.5257474273572394,-0.08044589408293214,0.9649109572160947,0.8520588405181234,0.7472643607769524,0.4914947496276157,0.0,0.08911176770925522,3.649282007245347e-05,0.08912229537963867,89.84375,10.15625,0.0,-0.10402876138687134,-0.08651138842105865,-0.2615266442298889,0.014338700100779533,-0.06325158476829529,-0.052600663155317307,-0.15901346504688263,0.008718217723071575,48.291015625,51.708984375,0.0,0.004570498131215572,CDP_NEG,220,90721,40.337942899990594,1024,1024,600,60,75,280,EARLY_STOPPING,False,0,2048,deterministic_evenly_spaced_full_fold,3.6464000701904276,5.997169941663727,448,426,95.08928571428571,CDP,1.4510426770894138,20,0.99,1.4510426770894138
76,COMPLETE,2,42,26989,2856,424f72a3df11b24bdd551a74968aa5efe8f47b52221df203d3bd3ed6f8a96c5a,f1c78e2ff146b5069b0310a8b0222fe8d495ed8d7dbf78dc149a7df8702a8f3a,26648,16.049618199991528,0.07507896423339844,0.09765625,14269c18e6a56f09985dea654338c0b32f5e417a5600e334e252b0c1bbf8bd28,True,True,True,1,0.7647630646045631,0.8297872861611476,0.5092918417059115,0.04336723828106605,0.48492738582358796,-0.007313561286641603,0.8299003588801505,0.875733553713748,0.8073062930908338,0.4048677606447431,0.0,0.10376008599996567,6.866343755973503e-05,0.10377989709377289,93.1640625,6.8359375,0.0,-0.2268611043691635,-0.14970605075359344,-0.6410622596740723,0.01936127431690693,-0.1380605697631836,-0.09110641479492188,-0.3901304006576538,0.011782664805650711,78.271484375,21.728515625,0.0,-0.06087268888950348,CDP_NEG,45,90721,16.049281500003417,1024,1024,600,60,75,105,EARLY_STOPPING,False,0,2048,deterministic_evenly_spaced_full_fold,3.663600349426268,6.020027899742124,448,435,97.09821428571429,CDP,1.4524627365104603,20,0.99,1.4524627365104603
76,COMPLETE,3,42,26466,3379,ad1e190147cfc7079fe69ab58be273b0089b28a9cb71d4377b9a01145e874910,b3de2bff6a2b887166deba8883b54b43de7150168fdd2094f9852f380bd9133e,26648,56.22362649999559,0.0765995979309082,0.09765625,14269c18e6a56f09985dea654338c0b32f5e417a5600e334e252b0c1bbf8bd28,True,True,True,1,0.7533692835003333,1.0541449908880978,0.4635689719789069,0.03226091120847619,0.4965457957103322,-0.01965988729031344,1.0541176379708876,0.8682199180570617,0.7375453355370927,0.5578286876612925,0.0,0.09396065771579742,1.8784719941322692e-05,0.09396607428789139,92.529296875,7.470703125,0.0,-0.07178263366222382,-0.05144180357456207,-0.2211553305387497,0.008362806402146816,-0.04384196549654007,-0.03141859918832779,-0.13507285714149475,0.005107668228447437,60.400390625,39.599609375,0.0,-0.01414661668241024,CDP_NEG,315,90721,56.223249600006966,1024,1024,600,60,75,375,EARLY_STOPPING,False,0,2048,deterministic_evenly_spaced_full_fold,3.652750015258789,5.9806626215577126,448,446,99.55357142857143,CDP,1.4666426917497317,20,0.99,1.4666426917497317
76,COMPLETE,4,42,27061,2784,2cf8e61e68345fca034455d14ca0a91ba8af3af3a30bcfad11a389cf00a64d26,e85c7d3201b31d98e24a7a8ea73439fb69c13286f849eaf6812d38684b5bedb5,26648,52.72394510000595,0.07361888885498047,0.078125,14269c18e6a56f09985dea654338c0b32f5e417a5600e334e252b0c1bbf8bd28,True,True,True,1,0.7555017978681978,0.8705877914816061,0.45450349853135047,0.027319066760435304,0.49437878140321323,-0.008378530810889856,0.8707038635442826,0.8693993276125447,0.7716664852911346,0.4679905281681668,0.0,0.08536601811647415,2.9647384508280084e-05,0.08537457138299942,95.751953125,4.248046875,0.0,-0.09478386491537094,-0.07982289046049118,-0.25464028120040894,-0.004653919953852892,-0.05750349536538124,-0.04842696711421013,-0.15448522567749023,-0.0028234412893652916,47.75390625,52.24609375,0.0,0.0036166589707136154,CDP_NEG,285,90721,52.72359730000608,1024,1024,600,60,75,345,EARLY_STOPPING,False,0,2048,deterministic_evenly_spaced_full_fold,3.65000057220459,6.01635006070137,448,448,100.0,CDP,1.460840537792371,20,0.99,1.460840537792371
77,COMPLETE,0,42,25813,4032,81354305b7b8066000bae764cd84c6a44c1e035572eb00baa18e30401895a2a4,6d4d4bf8c14384a72deec9ae950f7dbc99365946e460adffb80cf5c9ed8ff111,26648,458.82242620000034,0.0757913589477539,0.08203125,14269c18e6a56f09985dea654338c0b32f5e417a5600e334e252b0c1bbf8bd28,True,True,True,1,0.8569507345996485,0.5864469973577869,0.39471426065436044,0.026060263337365476,0.3781716368422001,0.0062536506959567926,0.586486386594413,0.926683105824566,0.8977787847521724,0.21511839961620507,0.0,0.13576684892177582,0.0001906145189423114,0.13597597181797028,87.939453125,12.060546875,0.0,-0.08329479396343231,-0.05352567881345749,-0.27656489610671997,0.025903189554810524,-0.04996760934591293,-0.03210945054888725,-0.16590815782546997,0.015539031475782394,61.62109375,38.37890625,0.0,-0.010024363175034523,CDP_NEG,350,76033,458.82153400000243,128,128,800,400,400,410,EARLY_STOPPING,False,0,2048,deterministic_evenly_spaced_full_fold,3.6649999618530273,6.109466117620462,448,444,99.10714285714286,CDP,1.4710406730757069,20,0.99,1.4710406730757069
77,COMPLETE,1,42,27493,2352,db92a7db6dfa639d2026ff19c5b1159be2b53d1e09d9e6a72b1b767a05c21400,2ea764e1783688df4d4bc4d6bc4b7c6a52ae545bfb933c403a7aa96e5d21a797,26648,482.3923844999954,0.06695985794067383,0.08203125,14269c18e6a56f09985dea654338c0b32f5e417a5600e334e252b0c1bbf8bd28,True,True,True,1,0.7219722528102047,0.9706758439719307,0.4727651511594577,0.026635425644131735,0.5271712607052941,-0.06736044950472812,0.9685416895912478,0.8505168777687129,0.7303822781859649,0.5427843399050436,0.0,0.19147661328315735,0.0001829837856348604,0.19167736172676086,85.302734375,14.697265625,0.0,-0.0777285248041153,-0.05565769970417023,-0.2546108663082123,0.021663490682840347,-0.04726051166653633,-0.03384099900722504,-0.15480853617191315,0.013171837665140629,48.828125,51.171875,0.0,0.0013785187620669603,CDP_NEG,70,76033,482.39203709999856,128,128,800,400,400,400,EARLY_STOPPING,False,0,2048,deterministic_evenly_spaced_full_fold,3.6464000701904276,5.997169941663727,448,422,94.19642857142857,CDP,1.4510426770894138,20,0.99,1.4510426770894138
77,COMPLETE,2,42,26989,2856,424f72a3df11b24bdd551a74968aa5efe8f47b52221df203d3bd3ed6f8a96c5a,f1c78e2ff146b5069b0310a8b0222fe8d495ed8d7dbf78dc149a7df8702a8f3a,26648,483.27781659999164,0.0699162483215332,0.08203125,14269c18e6a56f09985dea654338c0b32f5e417a5600e334e252b0c1bbf8bd28,True,True,True,1,0.774957920349541,0.8116071907936854,0.45378161878364176,0.04241709052522284,0.4743029447558625,-0.07611619938603219,0.8081715456831841,0.8815234051005553,0.7664237418111496,0.423514911646827,0.0,0.178800567984581,0.00010879329056479037,0.1789199262857437,90.52734375,9.47265625,0.0,-0.12216463685035706,-0.08882756531238556,-0.39699023962020874,0.014665799215435982,-0.07434557378292084,-0.05405767261981964,-0.2415958195924759,0.008925145491957664,61.328125,38.671875,0.0,-0.01653623767197132,CDP_NEG,75,76033,483.2774628000043,128,128,800,400,400,400,EARLY_STOPPING,False,0,2048,deterministic_evenly_spaced_full_fold,3.663600349426268,6.020027899742124,448,432,96.42857142857143,CDP,1.4524627365104603,20,0.99,1.4524627365104603
77,COMPLETE,3,42,26466,3379,ad1e190147cfc7079fe69ab58be273b0089b28a9cb71d4377b9a01145e874910,b3de2bff6a2b887166deba8883b54b43de7150168fdd2094f9852f380bd9133e,26648,468.92022610000276,0.07504701614379883,0.08203125,14269c18e6a56f09985dea654338c0b32f5e417a5600e334e252b0c1bbf8bd28,True,True,True,1,0.7543428212491124,1.052062394077814,0.45692957171059323,0.0321971756964163,0.4955648066630523,-0.0018145871513465832,1.0522165401059587,0.8685596745827802,0.7606805996677862,0.5247686219485822,0.0,0.1962200105190277,2.2936837922316045e-05,0.19624517858028412,89.404296875,10.595703125,0.0,-0.0746535211801529,-0.049521394073963165,-0.2441471517086029,0.011017990298569202,-0.04559539631009102,-0.030245691537857056,-0.14911533892154694,0.006729348562657833,57.861328125,42.138671875,0.0,-0.014323536306619644,CDP_NEG,175,76033,468.91986900000484,128,128,800,400,400,400,EARLY_STOPPING,False,0,2048,deterministic_evenly_spaced_full_fold,3.652750015258789,5.9806626215577126,448,442,98.66071428571429,CDP,1.4666426917497317,20,0.99,1.4666426917497317
77,COMPLETE,4,42,27061,2784,2cf8e61e68345fca034455d14ca0a91ba8af3af3a30bcfad11a389cf00a64d26,e85c7d3201b31d98e24a7a8ea73439fb69c13286f849eaf6812d38684b5bedb5,26648,474.2378924000077,0.06866979598999023,0.08203125,14269c18e6a56f09985dea654338c0b32f5e417a5600e334e252b0c1bbf8bd28,True,True,True,1,0.7558130919390272,0.8700334006271188,0.45457881239346387,0.027301669961498645,0.494063960683529,0.023537470069411145,0.8698711974849538,0.8700890220264772,0.7854242862398699,0.4712038188925516,0.0,0.17217445373535156,4.239275222062133e-05,0.17222096025943756,82.080078125,17.919921875,0.0,-0.07862520962953568,-0.04367531090974808,-0.31935474276542664,0.021876245737075806,-0.04770036041736603,-0.026496948674321175,-0.19374620914459229,0.013271884992718697,45.166015625,54.833984375,0.0,0.006449362263083458,CDP_NEG,75,76033,474.2375494000007,128,128,800,400,400,400,EARLY_STOPPING,False,0,2048,deterministic_evenly_spaced_full_fold,3.65000057220459,6.01635006070137,448,446,99.55357142857143,CDP,1.460840537792371,20,0.99,1.460840537792371
78,COMPLETE,0,42,25813,4032,81354305b7b8066000bae764cd84c6a44c1e035572eb00baa18e30401895a2a4,6d4d4bf8c14384a72deec9ae950f7dbc99365946e460adffb80cf5c9ed8ff111,26648,460.2569174999953,0.07577371597290039,0.08203125,14269c18e6a56f09985dea654338c0b32f5e417a5600e334e252b0c1bbf8bd28,True,True,True,1,0.8578530742533722,0.5845944484634109,0.3706201297883083,0.025977940617238512,0.3769770166107507,-0.06029611436101804,0.5815487309496977,0.9273050751935139,0.881231524271648,0.18237902702231576,0.0,0.06545092910528183,1.507089109509252e-05,0.06548864394426346,95.166015625,4.833984375,0.048828125,-0.05482148379087448,-0.03654508292675018,-0.17860326170921326,-0.0004465490346774459,-0.03288679197430611,-0.021922985091805458,-0.10714208334684372,-0.000267879746388644,68.1640625,31.8359375,0.0,-0.03113274648785591,CDP_NEG,220,76033,460.2565048999968,128,128,800,400,400,400,EARLY_STOPPING,False,0,2048,deterministic_evenly_spaced_full_fold,3.6649999618530273,6.109466117620462,384,369,96.09375,CDP,1.4710406730757069,20,0.99,1.4710406730757069
78,COMPLETE,1,42,27493,2352,db92a7db6dfa639d2026ff19c5b1159be2b53d1e09d9e6a72b1b767a05c21400,2ea764e1783688df4d4bc4d6bc4b7c6a52ae545bfb933c403a7aa96e5d21a797,26648,508.1265338999947,0.06694984436035156,0.08203125,14269c18e6a56f09985dea654338c0b32f5e417a5600e334e252b0c1bbf8bd28,True,True,True,1,0.7298862244941667,0.9567611194772803,0.4617171731292821,0.02625360445023113,0.5196142138293817,-0.09518679327546892,0.9522167941087054,0.8559389050506506,0.739874355274501,0.4934774297335502,0.0,0.08640128374099731,1.1892468137375545e-05,0.08643104135990143,94.43359375,5.56640625,0.0,-0.09604735672473907,-0.0682397410273552,-0.2902695834636688,0.0010405608918517828,-0.05839872360229492,-0.04149113595485687,-0.17648975551128387,0.0006326820002868772,42.236328125,57.763671875,0.0,0.009530444629490376,CDP_NEG,355,76033,508.1261804999958,128,128,800,400,400,415,EARLY_STOPPING,False,0,2048,deterministic_evenly_spaced_full_fold,3.6464000701904276,5.997169941663727,384,377,98.17708333333333,CDP,1.4510426770894138,20,0.99,1.4510426770894138
78,COMPLETE,2,42,26989,2856,424f72a3df11b24bdd551a74968aa5efe8f47b52221df203d3bd3ed6f8a96c5a,f1c78e2ff146b5069b0310a8b0222fe8d495ed8d7dbf78dc149a7df8702a8f3a,26648,470.78874790000555,0.06990337371826172,0.08203125,14269c18e6a56f09985dea654338c0b32f5e417a5600e334e252b0c1bbf8bd28,True,True,True,1,0.7765040701055448,0.8088143151562056,0.46455126616018577,0.04227112624584673,0.4726707892572177,-0.049238946515785045,0.8074555148148425,0.8817900712593225,0.7906730422143863,0.398521717596725,0.0,0.08847501873970032,4.794674168806523e-06,0.08848701417446136,96.77734375,3.22265625,0.0,-0.09576647728681564,-0.07551120221614838,-0.246323823928833,-0.0086211534217,-0.058280475437641144,-0.04595375061035156,-0.14990495145320892,-0.0052465638145804405,64.794921875,35.205078125,0.0,-0.023577367886900902,CDP_NEG,150,76033,470.7883831999934,128,128,800,400,400,400,EARLY_STOPPING,False,0,2048,deterministic_evenly_spaced_full_fold,3.663600349426268,6.020027899742124,384,363,94.53125,CDP,1.4524627365104603,20,0.99,1.4524627365104603
78,COMPLETE,3,42,26466,3379,ad1e190147cfc7079fe69ab58be273b0089b28a9cb71d4377b9a01145e874910,b3de2bff6a2b887166deba8883b54b43de7150168fdd2094f9852f380bd9133e,26648,479.29670279999846,0.07503175735473633,0.08203125,14269c18e6a56f09985dea654338c0b32f5e417a5600e334e252b0c1bbf8bd28,True,True,True,1,0.748505454817692,1.0644886912480684,0.47047872969916327,0.0325774684200216,0.5014181054686927,0.02993808519825922,1.0642251009047963,0.8654028603824062,0.736152547236008,0.6104912630703297,0.0,0.09487786144018173,5.0489779823692515e-05,0.09500420838594437,97.900390625,2.099609375,0.0,-0.08194927871227264,-0.06866981089115143,-0.20602895319461823,-0.008308125659823418,-0.05005135014653206,-0.041940782219171524,-0.12583427131175995,-0.005074271932244301,58.203125,41.796875,0.0,-0.0125026386231184,CDP_NEG,260,76033,479.29635459999554,128,128,800,400,400,400,EARLY_STOPPING,False,0,2048,deterministic_evenly_spaced_full_fold,3.652750015258789,5.9806626215577126,384,369,96.09375,CDP,1.4666426917497317,20,0.99,1.4666426917497317
78,COMPLETE,4,42,27061,2784,2cf8e61e68345fca034455d14ca0a91ba8af3af3a30bcfad11a389cf00a64d26,e85c7d3201b31d98e24a7a8ea73439fb69c13286f849eaf6812d38684b5bedb5,26648,475.317012399988,0.06865739822387695,0.08203125,14269c18e6a56f09985dea654338c0b32f5e417a5600e334e252b0c1bbf8bd28,True,True,True,1,0.7567912061352929,0.8682891508620149,0.45280332653394373,0.027246935360064995,0.4930734573916469,-0.009924462772833903,0.8683884057435672,0.870086870903512,0.7439078585875266,0.5243570358154881,0.0,0.08375556766986847,4.100897967873607e-06,0.08376582711935043,98.681640625,1.318359375,0.0,-0.10241471976041794,-0.06618303060531616,-0.3114262521266937,-0.01245633140206337,-0.06213298439979553,-0.0401519313454628,-0.18893615901470184,-0.007557010278105736,52.34375,47.65625,0.0,-0.003790773916989565,CDP_NEG,75,76033,475.3166371999978,128,128,800,400,400,400,EARLY_STOPPING,False,0,2048,deterministic_evenly_spaced_full_fold,3.65000057220459,6.01635006070137,384,372,96.875,CDP,1.460840537792371,20,0.99,1.460840537792371
79,COMPLETE,0,42,25813,4032,81354305b7b8066000bae764cd84c6a44c1e035572eb00baa18e30401895a2a4,6d4d4bf8c14384a72deec9ae950f7dbc99365946e460adffb80cf5c9ed8ff111,26648,44.17535350000253,0.10050344467163086,0.107421875,14269c18e6a56f09985dea654338c0b32f5e417a5600e334e252b0c1bbf8bd28,True,True,True,1,0.8523454911115804,0.5958120848750994,0.38551327321132817,0.026476424811425748,0.3842107341375211,-0.01635217983407312,0.5956615195444543,0.9233172957677043,0.8454758773502414,0.29938112465771954,0.0,0.07055268436670303,5.370565077100764e-07,0.07055503129959106,99.462890625,0.537109375,0.0,-0.15838517248630524,-0.12838687002658844,-0.3942156434059143,-0.023926444351673126,-0.09501348435878754,-0.07701784372329712,-0.2364855259656906,-0.01435320544987917,75.29296875,24.70703125,0.0,-0.04383435472846031,CDP_NEG,240,68961,44.175001199997496,1024,1024,600,300,300,300,EARLY_STOPPING,False,0,2048,deterministic_evenly_spaced_full_fold,3.6649999618530273,6.109466117620462,448,448,100.0,CDP,1.4710406730757069,20,0.99,1.4710406730757069
79,COMPLETE,1,42,27493,2352,db92a7db6dfa639d2026ff19c5b1159be2b53d1e09d9e6a72b1b767a05c21400,2ea764e1783688df4d4bc4d6bc4b7c6a52ae545bfb933c403a7aa96e5d21a797,26648,62.4811372999975,0.08326911926269531,0.0859375,14269c18e6a56f09985dea654338c0b32f5e417a5600e334e252b0c1bbf8bd28,True,True,True,1,0.7100948349016456,0.9911927760179561,0.49830044888523817,0.0271984119606774,0.5383139475246652,-0.09898005198959743,0.9864480690538548,0.8452361911916992,0.7464816420322423,0.4747318839062147,0.0,0.09986672550439835,1.1744937182811555e-06,0.09987186640501022,97.607421875,2.392578125,0.0,-0.1775047779083252,-0.1553901731967926,-0.4661172926425934,-0.009100576862692833,-0.10792647302150726,-0.09448035061359406,-0.2834087014198303,-0.005533333867788315,65.72265625,34.27734375,0.0,-0.030264366418123245,CDP_NEG,375,68961,62.480744100001175,1024,1024,600,300,300,435,EARLY_STOPPING,False,0,2048,deterministic_evenly_spaced_full_fold,3.6464000701904276,5.997169941663727,448,426,95.08928571428571,CDP,1.4510426770894138,20,0.99,1.4510426770894138
79,COMPLETE,2,42,26989,2856,424f72a3df11b24bdd551a74968aa5efe8f47b52221df203d3bd3ed6f8a96c5a,f1c78e2ff146b5069b0310a8b0222fe8d495ed8d7dbf78dc149a7df8702a8f3a,26648,55.574551099998644,0.08629226684570312,0.107421875,14269c18e6a56f09985dea654338c0b32f5e417a5600e334e252b0c1bbf8bd28,True,True,True,1,0.7632039276626192,0.8325326359847862,0.4937016139307818,0.043510718715090796,0.48653176725404745,-0.07320153403046335,0.8294534461376886,0.8747991156516058,0.7517526650022539,0.4578117322904159,0.0,0.09577792882919312,1.0152909908356378e-06,0.09578236937522888,98.681640625,1.318359375,0.0,-0.19260680675506592,-0.14598742127418518,-0.533204972743988,-0.01816672459244728,-0.11721447110176086,-0.08884337544441223,-0.32449182868003845,-0.011055699549615383,73.4375,26.5625,0.0,-0.05169200897216797,CDP_NEG,295,68961,55.57419949999894,1024,1024,600,300,300,355,EARLY_STOPPING,False,0,2048,deterministic_evenly_spaced_full_fold,3.663600349426268,6.020027899742124,448,435,97.09821428571429,CDP,1.4524627365104603,20,0.99,1.4524627365104603
79,COMPLETE,3,42,26466,3379,ad1e190147cfc7079fe69ab58be273b0089b28a9cb71d4377b9a01145e874910,b3de2bff6a2b887166deba8883b54b43de7150168fdd2094f9852f380bd9133e,26648,47.355333499988774,0.09453010559082031,0.107421875,14269c18e6a56f09985dea654338c0b32f5e417a5600e334e252b0c1bbf8bd28,True,True,True,1,0.7431679344530634,1.0757253159827145,0.486293741765723,0.03292135256876852,0.5067110194588854,-0.01876541662353983,1.0757208166870205,0.8621470813372565,0.7494846172918909,0.5324527210293656,0.0,0.09794116020202637,5.756952305091545e-06,0.09796635061502457,95.5078125,4.4921875,0.0,-0.19401772320270538,-0.14334651827812195,-0.5942273736000061,-0.0030957211274653673,-0.11849827319383621,-0.0875503271818161,-0.3629303574562073,-0.0018907428020611405,71.484375,28.515625,0.0,-0.045360855758190155,CDP_NEG,205,68961,47.354972499990254,1024,1024,600,300,300,300,EARLY_STOPPING,False,0,2048,deterministic_evenly_spaced_full_fold,3.652750015258789,5.9806626215577126,448,446,99.55357142857143,CDP,1.4666426917497317,20,0.99,1.4666426917497317
79,COMPLETE,4,42,27061,2784,2cf8e61e68345fca034455d14ca0a91ba8af3af3a30bcfad11a389cf00a64d26,e85c7d3201b31d98e24a7a8ea73439fb69c13286f849eaf6812d38684b5bedb5,26648,49.41418930000509,0.08722114562988281,0.10546875,14269c18e6a56f09985dea654338c0b32f5e417a5600e334e252b0c1bbf8bd28,True,True,True,1,0.7423650010341947,0.8936699766330759,0.4837862489379634,0.02804338631016914,0.5074864113044856,0.01164285737321807,0.8937546617273282,0.8618172071781864,0.7273081843488886,0.58055602712248,0.0,0.08778553456068039,9.250994139620161e-07,0.08778958022594452,98.974609375,1.025390625,0.0,-0.175638347864151,-0.13636039197444916,-0.5296233892440796,-0.014282631687819958,-0.10655631124973297,-0.08272714912891388,-0.3213120400905609,-0.008664989843964577,74.951171875,25.048828125,0.0,-0.03365520015358925,CDP_NEG,180,68961,49.41383540000243,1024,1024,600,300,300,300,EARLY_STOPPING,False,0,2048,deterministic_evenly_spaced_full_fold,3.65000057220459,6.01635006070137,448,448,100.0,CDP,1.460840537792371,20,0.99,1.460840537792371
80,COMPLETE,0,42,25813,4032,81354305b7b8066000bae764cd84c6a44c1e035572eb00baa18e30401895a2a4,6d4d4bf8c14384a72deec9ae950f7dbc99365946e460adffb80cf5c9ed8ff111,26648,184.19072879999294,0.07879495620727539,0.083984375,14269c18e6a56f09985dea654338c0b32f5e417a5600e334e252b0c1bbf8bd28,True,True,True,1,0.8540710048267188,0.5923204773622064,0.39119498447516454,0.026321266354367094,0.3819591633488387,0.03181185247688388,0.5915389583509895,0.9244095089363734,0.8604527080239328,0.31694356442550636,0.0,0.07256148010492325,0.0009912397945299745,0.07410530000925064,97.36328125,2.63671875,0.0,-0.4694819748401642,-0.4302414059638977,-1.0799157619476318,-0.05125827714800835,-0.28163695335388184,-0.25809699296951294,-0.6478292942047119,-0.030749263241887093,66.2109375,33.7890625,0.0,-0.02119683288037777,CDP_NEG,90,79713,184.19037620000017,128,128,500,50,75,150,EARLY_STOPPING,False,0,2048,deterministic_evenly_spaced_full_fold,3.6649999618530273,6.109466117620462,384,369,96.09375,CDP,1.4710406730757069,20,0.99,1.4710406730757069
80,COMPLETE,1,42,27493,2352,db92a7db6dfa639d2026ff19c5b1159be2b53d1e09d9e6a72b1b767a05c21400,2ea764e1783688df4d4bc4d6bc4b7c6a52ae545bfb933c403a7aa96e5d21a797,26648,161.21334699999716,0.06957054138183594,0.083984375,14269c18e6a56f09985dea654338c0b32f5e417a5600e334e252b0c1bbf8bd28,True,True,True,1,0.7071527825295378,0.9962095543038229,0.5007705931269824,0.027336072772817858,0.5410385453912583,0.01220986670434323,0.9963465583401431,0.8410717494610711,0.7194414893859323,0.6471136564997698,0.0,0.10012971609830856,0.0027092229574918747,0.10434922575950623,92.67578125,7.32421875,0.0,-0.3884931206703186,-0.38448208570480347,-0.9576355814933777,0.032852400094270706,-0.2362116426229477,-0.23377284407615662,-0.5822616815567017,0.01997492089867592,61.279296875,38.720703125,0.0,-0.015209570527076721,CDP_NEG,55,79713,161.21297680000134,128,128,500,50,75,115,EARLY_STOPPING,False,0,2048,deterministic_evenly_spaced_full_fold,3.6464000701904276,5.997169941663727,384,377,98.17708333333333,CDP,1.4510426770894138,20,0.99,1.4510426770894138
80,COMPLETE,2,42,26989,2856,424f72a3df11b24bdd551a74968aa5efe8f47b52221df203d3bd3ed6f8a96c5a,f1c78e2ff146b5069b0310a8b0222fe8d495ed8d7dbf78dc149a7df8702a8f3a,26648,277.1281700999971,0.07264423370361328,0.083984375,14269c18e6a56f09985dea654338c0b32f5e417a5600e334e252b0c1bbf8bd28,True,True,True,1,0.7815762322732477,0.7995837641933743,0.46660087307972486,0.04178870923398511,0.4672764586585588,-0.01757074921477993,0.7995306695283307,0.8856021990796112,0.8295311146991471,0.34707058556735243,0.0,0.09184111654758453,0.0002007072325795889,0.09215371310710907,97.998046875,2.001953125,0.0,-0.5745401382446289,-0.47691529989242554,-1.4166957139968872,-0.07238683104515076,-0.3496471047401428,-0.290235698223114,-0.8621566295623779,-0.044052354991436005,75.439453125,24.560546875,0.0,-0.032889872789382935,CDP_NEG,150,79713,277.1278115000023,128,128,500,50,75,210,EARLY_STOPPING,False,0,2048,deterministic_evenly_spaced_full_fold,3.663600349426268,6.020027899742124,384,363,94.53125,CDP,1.4524627365104603,20,0.99,1.4524627365104603
80,COMPLETE,3,42,26466,3379,ad1e190147cfc7079fe69ab58be273b0089b28a9cb71d4377b9a01145e874910,b3de2bff6a2b887166deba8883b54b43de7150168fdd2094f9852f380bd9133e,26648,231.06581359999836,0.07789754867553711,0.083984375,14269c18e6a56f09985dea654338c0b32f5e417a5600e334e252b0c1bbf8bd28,True,True,True,1,0.7449576068039913,1.0719707976300255,0.48923446411580374,0.03280644979519024,0.5049424863642356,-0.04013877660556666,1.0713776041482665,0.8640384240810429,0.7160481349077555,0.584650873304221,0.0,0.10230012983083725,0.002063197549432516,0.10551347583532333,92.3828125,7.6171875,0.0,-0.4414517283439636,-0.3904414176940918,-1.1126919984817505,0.036999717354774475,-0.2696211040019989,-0.2384660542011261,-0.6795879006385803,0.02259794995188713,64.2578125,35.7421875,0.0,-0.01915181800723076,CDP_NEG,115,79713,231.06547000000137,128,128,500,50,75,175,EARLY_STOPPING,False,0,2048,deterministic_evenly_spaced_full_fold,3.652750015258789,5.9806626215577126,384,369,96.09375,CDP,1.4666426917497317,20,0.99,1.4666426917497317
80,COMPLETE,4,42,27061,2784,2cf8e61e68345fca034455d14ca0a91ba8af3af3a30bcfad11a389cf00a64d26,e85c7d3201b31d98e24a7a8ea73439fb69c13286f849eaf6812d38684b5bedb5,26648,183.45724509999854,0.0713810920715332,0.083984375,14269c18e6a56f09985dea654338c0b32f5e417a5600e334e252b0c1bbf8bd28,True,True,True,1,0.7360795563554967,0.9045055872982359,0.49020204261551986,0.028383408044964906,0.5136396057885075,0.01896301957646662,0.9044692401556104,0.8580416303308488,0.7416540939568232,0.5579465161945458,0.0,0.09088026732206345,0.0008256903383880854,0.0921662449836731,94.482421875,5.517578125,0.0,-0.40993207693099976,-0.337709903717041,-1.1206779479980469,0.0145213408395648,-0.2486976683139801,-0.20488190650939941,-0.6798930764198303,0.008809809572994709,68.603515625,31.396484375,0.0,-0.027413856238126755,CDP_NEG,75,79713,183.45689829999174,128,128,500,50,75,135,EARLY_STOPPING,False,0,2048,deterministic_evenly_spaced_full_fold,3.65000057220459,6.01635006070137,384,372,96.875,CDP,1.460840537792371,20,0.99,1.460840537792371
81,COMPLETE,0,42,25813,4032,81354305b7b8066000bae764cd84c6a44c1e035572eb00baa18e30401895a2a4,6d4d4bf8c14384a72deec9ae950f7dbc99365946e460adffb80cf5c9ed8ff111,26648,67.48934530001134,0.07578849792480469,0.08203125,14269c18e6a56f09985dea654338c0b32f5e417a5600e334e252b0c1bbf8bd28,True,True,True,1,0.859703859002699,0.5807762039419725,0.3677343202579077,0.025808267214248212,0.37451481322827657,-0.01640769507838062,0.5806163936514809,0.927325999702123,0.8498740459035548,0.2903389976971488,0.0,0.06632076948881149,4.415114744915627e-07,0.06632144004106522,99.462890625,0.537109375,0.0,-0.0864722952246666,-0.06370758265256882,-0.24413178861141205,-0.015693766996264458,-0.05187375098466873,-0.038217462599277496,-0.1464519053697586,-0.009414514526724815,61.474609375,38.525390625,0.0,-0.024243690073490143,CDP_NEG,160,76033,67.48900180000055,512,512,600,60,75,220,EARLY_STOPPING,False,0,2048,deterministic_evenly_spaced_full_fold,3.6649999618530273,6.109466117620462,448,444,99.10714285714286,CDP,1.4710406730757069,20,0.99,1.4710406730757069
81,COMPLETE,1,42,27493,2352,db92a7db6dfa639d2026ff19c5b1159be2b53d1e09d9e6a72b1b767a05c21400,2ea764e1783688df4d4bc4d6bc4b7c6a52ae545bfb933c403a7aa96e5d21a797,26648,110.69245180000144,0.06697416305541992,0.08203125,14269c18e6a56f09985dea654338c0b32f5e417a5600e334e252b0c1bbf8bd28,True,True,True,1,0.7240067445833724,0.9671178213132033,0.4638883193628546,0.026537793207355644,0.5252389088266852,-0.12580966393045168,0.9591037035529514,0.8540932098357762,0.7053492322188688,0.5409848978203761,0.0,0.0869041457772255,3.325657189634512e-07,0.08690465241670609,97.509765625,2.490234375,0.0,-0.081772580742836,-0.06314311176538467,-0.23052507638931274,-0.006244279444217682,-0.049719374626874924,-0.03839228302240372,-0.14016388356685638,-0.003796647535637021,48.73046875,51.26953125,0.0,0.0033612691331654787,CDP_NEG,305,76033,110.692063399998,512,512,600,60,75,365,EARLY_STOPPING,False,0,2048,deterministic_evenly_spaced_full_fold,3.6464000701904276,5.997169941663727,448,422,94.19642857142857,CDP,1.4510426770894138,20,0.99,1.4510426770894138
81,COMPLETE,2,42,26989,2856,424f72a3df11b24bdd551a74968aa5efe8f47b52221df203d3bd3ed6f8a96c5a,f1c78e2ff146b5069b0310a8b0222fe8d495ed8d7dbf78dc149a7df8702a8f3a,26648,62.32128699999885,0.06992864608764648,0.083984375,14269c18e6a56f09985dea654338c0b32f5e417a5600e334e252b0c1bbf8bd28,True,True,True,1,0.7775257157965106,0.806963569717134,0.45625325636964303,0.04217440059122128,0.47158921430112755,-0.05344907546817672,0.805332531434801,0.882367852834283,0.7860240073129314,0.40425610308709153,0.0,0.0878928080201149,8.9641023492959e-09,0.08789282292127609,99.8046875,0.1953125,0.0,-0.13716471195220947,-0.10991312563419342,-0.35381752252578735,-0.020150242373347282,-0.08347414433956146,-0.066889688372612,-0.21532227098941803,-0.012262806296348572,53.662109375,46.337890625,0.0,-0.00843091495335102,CDP_NEG,145,76033,62.32093029998941,512,512,600,60,75,205,EARLY_STOPPING,False,0,2048,deterministic_evenly_spaced_full_fold,3.663600349426268,6.020027899742124,448,432,96.42857142857143,CDP,1.4524627365104603,20,0.99,1.4524627365104603
81,COMPLETE,3,42,26466,3379,ad1e190147cfc7079fe69ab58be273b0089b28a9cb71d4377b9a01145e874910,b3de2bff6a2b887166deba8883b54b43de7150168fdd2094f9852f380bd9133e,26648,55.073095599989756,0.07505655288696289,0.08203125,14269c18e6a56f09985dea654338c0b32f5e417a5600e334e252b0c1bbf8bd28,True,True,True,1,0.7456844378813738,1.0704422329461476,0.47114774886638683,0.032759669807646545,0.504222469313629,-0.05317747221380617,1.0692787765431055,0.8640081094534992,0.7343539382178976,0.5313332507104326,0.0,0.09282723069190979,1.6456480622650815e-08,0.09282725304365158,99.560546875,0.439453125,0.0,-0.12175684422254562,-0.08150342106819153,-0.35623282194137573,-0.01648566871881485,-0.07436422258615494,-0.04977903515100479,-0.21757279336452484,-0.010068788193166256,61.572265625,38.427734375,0.0,-0.018283985555171967,CDP_NEG,120,76033,55.07275570000638,512,512,600,60,75,180,EARLY_STOPPING,False,0,2048,deterministic_evenly_spaced_full_fold,3.652750015258789,5.9806626215577126,448,442,98.66071428571429,CDP,1.4666426917497317,20,0.99,1.4666426917497317
81,COMPLETE,4,42,27061,2784,2cf8e61e68345fca034455d14ca0a91ba8af3af3a30bcfad11a389cf00a64d26,e85c7d3201b31d98e24a7a8ea73439fb69c13286f849eaf6812d38684b5bedb5,26648,59.24202060000971,0.06868982315063477,0.083984375,14269c18e6a56f09985dea654338c0b32f5e417a5600e334e252b0c1bbf8bd28,True,True,True,1,0.7497167406537797,0.8808270406256004,0.45327628444459245,0.02764037465572,0.5001933213770359,-0.016691641883274617,0.8808270821346055,0.8669822198233027,0.7889641214578029,0.4235895976016344,0.0,0.08242779970169067,1.4018129712578542e-10,0.08242779970169067,99.755859375,0.244140625,0.0,-0.12397636473178864,-0.08422483503818512,-0.3721834123134613,-0.013193120248615742,-0.07521400600671768,-0.05109754204750061,-0.22579631209373474,-0.008004005067050457,49.8046875,50.146484375,0.048828125,0.00027087220223620534,CDP_NEG,120,76033,59.241686099994695,512,512,600,60,75,180,EARLY_STOPPING,False,0,2048,deterministic_evenly_spaced_full_fold,3.65000057220459,6.01635006070137,448,446,99.55357142857143,CDP,1.460840537792371,20,0.99,1.460840537792371
82,COMPLETE,0,42,25813,4032,81354305b7b8066000bae764cd84c6a44c1e035572eb00baa18e30401895a2a4,6d4d4bf8c14384a72deec9ae950f7dbc99365946e460adffb80cf5c9ed8ff111,26648,55.64474709999922,0.08698844909667969,0.107421875,14269c18e6a56f09985dea654338c0b32f5e417a5600e334e252b0c1bbf8bd28,True,True,True,1,0.8418567755981061,0.61661096839409,0.3974407766237698,0.027400676080628517,0.3976229399469205,0.042969364417316795,0.6151882502985379,0.9179942006932436,0.851354399184454,0.3466913072367957,0.0,0.15305201709270477,0.00017359685443807393,0.15337823331356049,87.744140625,12.255859375,0.0,-0.06382298469543457,-0.047539714723825455,-0.21244515478610992,0.021398209035396576,-0.038286689668893814,-0.028518538922071457,-0.12744346261024475,0.012836544774472713,72.65625,27.34375,0.0,-0.012521264143288136,CDP_NEG,335,55361,55.64442029999918,1024,1024,800,400,400,400,EARLY_STOPPING,False,0,2048,deterministic_evenly_spaced_full_fold,3.6649999618530273,6.109466117620462,448,444,99.10714285714286,CDP,1.4710406730757069,20,0.99,1.4710406730757069
82,COMPLETE,1,42,27493,2352,db92a7db6dfa639d2026ff19c5b1159be2b53d1e09d9e6a72b1b767a05c21400,2ea764e1783688df4d4bc4d6bc4b7c6a52ae545bfb933c403a7aa96e5d21a797,26648,57.58263109999825,0.0744013786315918,0.087890625,14269c18e6a56f09985dea654338c0b32f5e417a5600e334e252b0c1bbf8bd28,True,True,True,1,0.6855572474140987,1.0322881604229663,0.5375684218332298,0.028326072716257422,0.5606327326685391,-0.021165635371834142,1.0322906244992278,0.8283474131435636,0.7041175486915899,0.6484162256756222,0.0,0.22532294690608978,9.00324375834316e-05,0.22549213469028473,87.353515625,12.646484375,0.0,-0.04833982512354851,-0.03430984914302826,-0.17631760239601135,0.018833041191101074,-0.029391586780548096,-0.020861079916357994,-0.10720465332269669,0.011450869031250477,71.337890625,28.662109375,0.0,-0.010802753269672394,CDP_NEG,360,55361,57.58229440001014,1024,1024,800,400,400,420,EARLY_STOPPING,False,0,2048,deterministic_evenly_spaced_full_fold,3.6464000701904276,5.997169941663727,448,422,94.19642857142857,CDP,1.4510426770894138,20,0.99,1.4510426770894138
83,COMPLETE,0,42,25813,4032,81354305b7b8066000bae764cd84c6a44c1e035572eb00baa18e30401895a2a4,6d4d4bf8c14384a72deec9ae950f7dbc99365946e460adffb80cf5c9ed8ff111,26648,106.86448689999816,0.06653833389282227,0.087890625,14269c18e6a56f09985dea654338c0b32f5e417a5600e334e252b0c1bbf8bd28,True,True,True,1,0.8473064278449249,0.6058935491590145,0.40132929332540945,0.026924420308459193,0.39071178856731875,-0.0023121120125685433,0.6059642866314311,0.921460731896268,0.8879797705051753,0.2265745926768698,0.0,0.13881005346775055,0.0002781770599540323,0.13899818062782288,88.330078125,11.669921875,0.0,-0.1294955611228943,-0.08489194512367249,-0.4505270719528198,0.04237404465675354,-0.07768292725086212,-0.05092571675777435,-0.2702661156654358,0.02541971206665039,52.83203125,47.16796875,0.0,-0.0033995816484093666,CDP_NEG,35,60577,106.86414159998822,128,128,800,80,80,95,EARLY_STOPPING,False,0,2048,deterministic_evenly_spaced_full_fold,3.6649999618530273,6.109466117620462,448,444,99.10714285714286,CDP,1.4710406730757069,20,0.99,1.4710406730757069
83,COMPLETE,1,42,27493,2352,db92a7db6dfa639d2026ff19c5b1159be2b53d1e09d9e6a72b1b767a05c21400,2ea764e1783688df4d4bc4d6bc4b7c6a52ae545bfb933c403a7aa96e5d21a797,26648,170.7834853999957,0.05902099609375,0.06640625,14269c18e6a56f09985dea654338c0b32f5e417a5600e334e252b0c1bbf8bd28,True,True,True,1,0.7169286162093164,0.9794406746351308,0.48609949234195154,0.02687593332428353,0.5319314150444405,-0.04838184810712376,0.9784530019828732,0.8479824337433837,0.7514185705554279,0.5141578206474808,0.0,0.196272075176239,0.00015810623881407082,0.19637900590896606,87.158203125,12.841796875,0.0,-0.10086484253406525,-0.07942190766334534,-0.3008185625076294,0.03937910124659538,-0.06132785230875015,-0.04829011857509613,-0.1829037219285965,0.023943286389112473,50.927734375,49.072265625,0.0,-0.001669231802225113,CDP_NEG,70,60577,170.78314259999024,128,128,800,80,80,130,EARLY_STOPPING,False,0,2048,deterministic_evenly_spaced_full_fold,3.6464000701904276,5.997169941663727,448,422,94.19642857142857,CDP,1.4510426770894138,20,0.99,1.4510426770894138
83,COMPLETE,2,42,26989,2856,424f72a3df11b24bdd551a74968aa5efe8f47b52221df203d3bd3ed6f8a96c5a,f1c78e2ff146b5069b0310a8b0222fe8d495ed8d7dbf78dc149a7df8702a8f3a,26648,158.3547430000035,0.06134510040283203,0.06640625,14269c18e6a56f09985dea654338c0b32f5e417a5600e334e252b0c1bbf8bd28,True,True,True,1,0.772655415514627,0.8157485803337318,0.4684230133353704,0.04263353229288211,0.4767231712847874,-0.06543325472894419,0.813262452508644,0.880183506662289,0.7530761523939395,0.4627490069295895,0.0,0.18383610248565674,0.0001451757416361943,0.183934286236763,92.87109375,7.12890625,0.0,-0.13249866664409637,-0.1057526022195816,-0.3641107678413391,0.005673790816217661,-0.08063453435897827,-0.06435772031545639,-0.2215864062309265,0.003452891483902931,59.5703125,40.4296875,0.0,-0.01300017163157463,CDP_NEG,75,60577,158.35432500000752,128,128,800,80,80,135,EARLY_STOPPING,False,0,2048,deterministic_evenly_spaced_full_fold,3.663600349426268,6.020027899742124,448,432,96.42857142857143,CDP,1.4524627365104603,20,0.99,1.4524627365104603
83,COMPLETE,3,42,26466,3379,ad1e190147cfc7079fe69ab58be273b0089b28a9cb71d4377b9a01145e874910,b3de2bff6a2b887166deba8883b54b43de7150168fdd2094f9852f380bd9133e,26648,142.93633929999487,0.06438302993774414,0.0859375,14269c18e6a56f09985dea654338c0b32f5e417a5600e334e252b0c1bbf8bd28,True,True,True,1,0.7530534244539557,1.0548197946979097,0.48653565108846447,0.032281562813312015,0.49686365615418737,0.0002577006751576344,1.0549758824771134,0.8680492926171911,0.7349703658151792,0.5834120754642116,0.0,0.21696043014526367,7.659639959456399e-05,0.2170122265815735,88.720703125,11.279296875,0.0,-0.1232214868068695,-0.07858285307884216,-0.41897931694984436,0.02027721516788006,-0.0752587616443634,-0.047995273023843765,-0.25589585304260254,0.012384514324367046,58.30078125,41.69921875,0.0,-0.01611686870455742,CDP_NEG,60,60577,142.93599869999161,128,128,800,80,80,120,EARLY_STOPPING,False,0,2048,deterministic_evenly_spaced_full_fold,3.652750015258789,5.9806626215577126,448,442,98.66071428571429,CDP,1.4666426917497317,20,0.99,1.4666426917497317
83,COMPLETE,4,42,27061,2784,2cf8e61e68345fca034455d14ca0a91ba8af3af3a30bcfad11a389cf00a64d26,e85c7d3201b31d98e24a7a8ea73439fb69c13286f849eaf6812d38684b5bedb5,26648,164.03305060000275,0.061446189880371094,0.064453125,14269c18e6a56f09985dea654338c0b32f5e417a5600e334e252b0c1bbf8bd28,True,True,True,1,0.7486274114907958,0.8827418087394335,0.4692670166073551,0.027700460127219134,0.5012806565499488,0.016377927017009793,0.8827484157676182,0.8655131924611453,0.7664048290576959,0.5037243067445791,0.0,0.18701767921447754,3.8264977774815634e-05,0.18704356253147125,88.96484375,11.03515625,0.0,-0.12688711285591125,-0.07406238466501236,-0.4950764775276184,0.01969795487821102,-0.07697989791631699,-0.044932182878255844,-0.30035310983657837,0.011950359679758549,54.248046875,45.703125,0.048828125,-0.005507701076567173,CDP_NEG,75,60577,164.03227630000038,128,128,800,80,80,135,EARLY_STOPPING,False,0,2048,deterministic_evenly_spaced_full_fold,3.65000057220459,6.01635006070137,448,446,99.55357142857143,CDP,1.460840537792371,20,0.99,1.460840537792371
84,COMPLETE,0,42,25813,4032,81354305b7b8066000bae764cd84c6a44c1e035572eb00baa18e30401895a2a4,6d4d4bf8c14384a72deec9ae950f7dbc99365946e460adffb80cf5c9ed8ff111,26648,46.16562040000281,0.0580286979675293,0.072265625,14269c18e6a56f09985dea654338c0b32f5e417a5600e334e252b0c1bbf8bd28,True,True,True,1,0.8502370432487679,0.6000509862646786,0.3816375323927671,0.02666479117184922,0.3869441990271569,0.007871245975871312,0.6000737765283003,0.9220982987510437,0.8517113133197504,0.31086391962090365,0.0,0.06846974045038223,1.1679066602710009e-08,-9.382140159606934,99.853515625,0.146484375,0.0,-0.08129886537790298,-0.050796352326869965,-0.22620312869548798,-0.015129187144339085,-0.04877027869224548,-0.030472159385681152,-0.13569670915603638,-0.009075828827917576,68.45703125,31.54296875,0.0,-0.05864615738391876,CDP_NEG,315,53539,46.16528780000226,1024,1024,600,60,75,375,EARLY_STOPPING,False,0,2048,deterministic_evenly_spaced_full_fold,3.6649999618530273,6.109466117620462,448,448,100.0,CDP,1.4710406730757069,20,0.99,1.4710406730757069
84,COMPLETE,1,42,27493,2352,db92a7db6dfa639d2026ff19c5b1159be2b53d1e09d9e6a72b1b767a05c21400,2ea764e1783688df4d4bc4d6bc4b7c6a52ae545bfb933c403a7aa96e5d21a797,26648,44.9532215000072,0.0515899658203125,0.072265625,14269c18e6a56f09985dea654338c0b32f5e417a5600e334e252b0c1bbf8bd28,True,True,True,1,0.7015170865312301,1.0057496479719967,0.5167091613157089,0.027597853734108623,0.5462197428399539,-0.08552039631160901,1.0023201891198583,0.838927119082657,0.6944761535592674,0.60587993780597,0.0,0.10774162411689758,0.0,-9.517718315124512,100.0,0.0,0.0,-0.12224003672599792,-0.08676351606845856,-0.31602343916893005,-0.03838387131690979,-0.07432440668344498,-0.05275396257638931,-0.1921486109495163,-0.023338166996836662,64.35546875,35.64453125,0.0,-0.029933620244264603,CDP_NEG,325,53539,44.95287769999413,1024,1024,600,60,75,385,EARLY_STOPPING,False,0,2048,deterministic_evenly_spaced_full_fold,3.6464000701904276,5.997169941663727,448,426,95.08928571428571,CDP,1.4510426770894138,20,0.99,1.4510426770894138
84,COMPLETE,2,42,26989,2856,424f72a3df11b24bdd551a74968aa5efe8f47b52221df203d3bd3ed6f8a96c5a,f1c78e2ff146b5069b0310a8b0222fe8d495ed8d7dbf78dc149a7df8702a8f3a,26648,28.280329999994137,0.05400371551513672,0.072265625,14269c18e6a56f09985dea654338c0b32f5e417a5600e334e252b0c1bbf8bd28,True,True,True,1,0.7717470992066392,0.8173765476829083,0.492275802280326,0.04271861487865196,0.4776745548068158,-0.03436018613947123,0.8167970352779176,0.8789025697855251,0.7567652084181631,0.48593100313723153,0.0,0.0974297821521759,1.3898849715587858e-07,-6.258425712585449,99.462890625,0.537109375,0.0,-0.10416938364505768,-0.07358910143375397,-0.25022950768470764,-0.01849975436925888,-0.0633942186832428,-0.044784024357795715,-0.15228183567523956,-0.01125837117433548,77.63671875,22.314453125,0.048828125,-0.05244629830121994,CDP_NEG,180,53539,28.2800098000007,1024,1024,600,60,75,240,EARLY_STOPPING,False,0,2048,deterministic_evenly_spaced_full_fold,3.663600349426268,6.020027899742124,448,435,97.09821428571429,CDP,1.4524627365104603,20,0.99,1.4524627365104603
84,COMPLETE,3,42,26466,3379,ad1e190147cfc7079fe69ab58be273b0089b28a9cb71d4377b9a01145e874910,b3de2bff6a2b887166deba8883b54b43de7150168fdd2094f9852f380bd9133e,26648,14.4133501000033,0.055402278900146484,0.072265625,14269c18e6a56f09985dea654338c0b32f5e417a5600e334e252b0c1bbf8bd28,True,True,True,1,0.7294279110986903,1.1041250532055134,0.5285080245951268,0.033790494298614325,0.5200884677597861,-0.05821464761981595,1.1027525000514435,0.8585631795863525,0.6655517855767247,0.6776839622892584,0.0,0.11016122996807098,2.921462510130368e-06,-3.0859265327453613,93.212890625,6.787109375,0.0,-0.07709874212741852,-0.039326779544353485,-0.25898411870002747,0.0024268878623843193,-0.047088831663131714,-0.024019230157136917,-0.15817715227603912,0.001482246327213943,85.546875,14.453125,0.0,-0.04432784765958786,CDP_NEG,65,53539,14.413023100001737,1024,1024,600,60,75,125,EARLY_STOPPING,False,0,2048,deterministic_evenly_spaced_full_fold,3.652750015258789,5.9806626215577126,448,446,99.55357142857143,CDP,1.4666426917497317,20,0.99,1.4666426917497317
84,COMPLETE,4,42,27061,2784,2cf8e61e68345fca034455d14ca0a91ba8af3af3a30bcfad11a389cf00a64d26,e85c7d3201b31d98e24a7a8ea73439fb69c13286f849eaf6812d38684b5bedb5,26648,37.157870600000024,0.05400848388671875,0.072265625,14269c18e6a56f09985dea654338c0b32f5e417a5600e334e252b0c1bbf8bd28,True,True,True,1,0.7511897678554912,0.8782311880377182,0.4676999913452206,0.02755891673632061,0.49871922025632576,-0.011345410271122552,0.8783156599046814,0.8667362946555465,0.7518528415792691,0.5063605800033782,0.0,0.08491813391447067,2.4246566126401303e-12,-6.943532466888428,99.951171875,0.048828125,0.0,-0.07455018162727356,-0.055554427206516266,-0.19952893257141113,-0.013349536806344986,-0.04522811621427536,-0.033703774213790894,-0.12105025351047516,-0.008098899386823177,76.171875,23.828125,0.0,-0.0439840704202652,CDP_NEG,205,53539,37.15753529999347,1024,1024,600,60,75,265,EARLY_STOPPING,False,0,2048,deterministic_evenly_spaced_full_fold,3.65000057220459,6.01635006070137,448,448,100.0,CDP,1.460840537792371,20,0.99,1.460840537792371
85,COMPLETE,0,42,25813,4032,81354305b7b8066000bae764cd84c6a44c1e035572eb00baa18e30401895a2a4,6d4d4bf8c14384a72deec9ae950f7dbc99365946e460adffb80cf5c9ed8ff111,26648,579.5033005000005,0.14898157119750977,0.154296875,14269c18e6a56f09985dea654338c0b32f5e417a5600e334e252b0c1bbf8bd28,True,True,True,1,0.858308049810061,0.5836581307950254,0.3761662182000619,0.02593633296110677,0.3763732301017346,-0.02396819732830553,0.5832381210985009,0.9265887976565406,0.8626903429651653,0.2565914396450531,0.0,0.06632383167743683,2.667437365744263e-05,0.06647859513759613,92.919921875,7.080078125,0.0,-0.1259276568889618,-0.09905350208282471,-0.35103365778923035,0.010236651636660099,-0.07554259151220322,-0.05942108482122421,-0.21058113873004913,0.0061408523470163345,66.845703125,33.154296875,0.0,-0.026649080216884613,CDP_NEG,250,58497,579.502851199999,128,128,800,400,400,400,EARLY_STOPPING,False,0,2048,deterministic_evenly_spaced_full_fold,3.6649999618530273,6.109466117620462,384,369,96.09375,CDP,1.4710406730757069,20,0.99,1.4710406730757069
85,COMPLETE,1,42,27493,2352,db92a7db6dfa639d2026ff19c5b1159be2b53d1e09d9e6a72b1b767a05c21400,2ea764e1783688df4d4bc4d6bc4b7c6a52ae545bfb933c403a7aa96e5d21a797,26648,618.6756810999941,0.13087844848632812,0.15234375,14269c18e6a56f09985dea654338c0b32f5e417a5600e334e252b0c1bbf8bd28,True,True,True,1,0.7231889138478784,0.9685496563261289,0.4772354203868708,0.026577082878833803,0.5260165343064719,-0.04940237351819923,0.96749461028245,0.8509608790056655,0.7113605550991311,0.6037885671198384,0.0,0.09345270693302155,2.723861689446494e-05,0.0936107411980629,93.1640625,6.8359375,0.0,-0.14539363980293274,-0.1145305335521698,-0.37038323283195496,0.01032005250453949,-0.08840225636959076,-0.06963686645030975,-0.22520045936107635,0.006274799816310406,47.265625,52.734375,0.0,0.00545559823513031,CDP_NEG,175,58497,618.6752735999908,128,128,800,400,400,400,EARLY_STOPPING,False,0,2048,deterministic_evenly_spaced_full_fold,3.6464000701904276,5.997169941663727,384,377,98.17708333333333,CDP,1.4510426770894138,20,0.99,1.4510426770894138
85,COMPLETE,2,42,26989,2856,424f72a3df11b24bdd551a74968aa5efe8f47b52221df203d3bd3ed6f8a96c5a,f1c78e2ff146b5069b0310a8b0222fe8d495ed8d7dbf78dc149a7df8702a8f3a,26648,593.2162838999939,0.1351480484008789,0.154296875,14269c18e6a56f09985dea654338c0b32f5e417a5600e334e252b0c1bbf8bd28,True,True,True,1,0.7803343439945116,0.8018536321923343,0.4567885501466754,0.04190733952396324,0.4686029686849929,-0.05060992841491429,0.8003950234715561,0.8838625151257904,0.7795522202306325,0.42093872119931125,0.0,0.08815021067857742,1.5111983884708025e-05,0.08823788911104202,99.12109375,0.87890625,0.0,-0.13928130269050598,-0.10724924504756927,-0.3349643647670746,-0.02210739627480507,-0.08476223051548004,-0.06526853144168854,-0.20384882390499115,-0.013453868217766285,55.078125,44.921875,0.0,-0.006724001839756966,CDP_NEG,340,58497,593.2158685000031,128,128,800,400,400,400,EARLY_STOPPING,False,0,2048,deterministic_evenly_spaced_full_fold,3.663600349426268,6.020027899742124,384,363,94.53125,CDP,1.4524627365104603,20,0.99,1.4524627365104603
85,COMPLETE,3,42,26466,3379,ad1e190147cfc7079fe69ab58be273b0089b28a9cb71d4377b9a01145e874910,b3de2bff6a2b887166deba8883b54b43de7150168fdd2094f9852f380bd9133e,26648,808.5539335000067,0.14000558853149414,0.15234375,14269c18e6a56f09985dea654338c0b32f5e417a5600e334e252b0c1bbf8bd28,True,True,True,1,0.7448287660621711,1.0722415292378518,0.4675256463794442,0.0328147352288231,0.5050700121247277,-0.04160069437431487,1.0715927943068515,0.8634161388555592,0.7311807552587827,0.5498920988014474,0.0,0.09290709346532822,0.00033684520167298615,0.09486141800880432,92.236328125,7.763671875,0.0,-0.11103589832782745,-0.09639188647270203,-0.29453012347221375,0.009446986950933933,-0.06781630218029022,-0.058872319757938385,-0.17988723516464233,0.005769842769950628,60.83984375,39.16015625,0.0,-0.014741120859980583,CDP_NEG,485,58497,808.5535262000049,128,128,800,400,400,545,EARLY_STOPPING,False,0,2048,deterministic_evenly_spaced_full_fold,3.652750015258789,5.9806626215577126,384,369,96.09375,CDP,1.4666426917497317,20,0.99,1.4666426917497317
85,COMPLETE,4,42,27061,2784,2cf8e61e68345fca034455d14ca0a91ba8af3af3a30bcfad11a389cf00a64d26,e85c7d3201b31d98e24a7a8ea73439fb69c13286f849eaf6812d38684b5bedb5,26648,598.1240169999946,0.13408327102661133,0.15234375,14269c18e6a56f09985dea654338c0b32f5e417a5600e334e252b0c1bbf8bd28,True,True,True,1,0.7528394570297054,0.8753148731055934,0.46327278437506875,0.02746740270051087,0.49706313888642945,0.015472129606981374,0.8753353415112062,0.8684146487696562,0.7845673009893501,0.4649263949252953,0.0,0.08458735793828964,1.5472944596695015e-06,0.08459633588790894,98.73046875,1.26953125,0.0,-0.12273247539997101,-0.11510872840881348,-0.2431616634130478,-0.01668923906981945,-0.07445935904979706,-0.06983418762683868,-0.14752137660980225,-0.01012503169476986,56.34765625,43.65234375,0.0,-0.011852043680846691,CDP_NEG,295,58497,598.1236219999992,128,128,800,400,400,400,EARLY_STOPPING,False,0,2048,deterministic_evenly_spaced_full_fold,3.65000057220459,6.01635006070137,384,372,96.875,CDP,1.460840537792371,20,0.99,1.460840537792371
86,COMPLETE,0,42,25813,4032,81354305b7b8066000bae764cd84c6a44c1e035572eb00baa18e30401895a2a4,6d4d4bf8c14384a72deec9ae950f7dbc99365946e460adffb80cf5c9ed8ff111,26648,445.47046480000427,0.14800596237182617,0.15625,14269c18e6a56f09985dea654338c0b32f5e417a5600e334e252b0c1bbf8bd28,True,True,True,1,0.8527611450987636,0.5949728751418235,0.39348307430375984,0.02643913239328228,0.38366956789416623,0.019533769134593766,0.5947258838773345,0.9236772738380328,0.8680693323376856,0.28910272025069383,0.0,0.07116512209177017,0.002669175621122122,0.0868072658777237,100.0,0.0,0.0,-1.21107816696167,-1.1598222255706787,-2.078016996383667,-0.4026424288749695,-0.7265121936798096,-0.6957643032073975,-1.2465790510177612,-0.24154065549373627,48.046875,51.953125,0.0,0.005018312484025955,CDP_NEG,220,92353,445.47008780000033,128,128,800,400,400,400,EARLY_STOPPING,False,0,2048,deterministic_evenly_spaced_full_fold,3.6649999618530273,6.109466117620462,384,369,96.09375,CDP,1.4710406730757069,20,0.99,1.4710406730757069
86,COMPLETE,1,42,27493,2352,db92a7db6dfa639d2026ff19c5b1159be2b53d1e09d9e6a72b1b767a05c21400,2ea764e1783688df4d4bc4d6bc4b7c6a52ae545bfb933c403a7aa96e5d21a797,26648,468.9483887999959,0.13257265090942383,0.158203125,14269c18e6a56f09985dea654338c0b32f5e417a5600e334e252b0c1bbf8bd28,True,True,True,1,0.7174688152012494,0.9785056710282473,0.4893854316466545,0.026850276747782936,0.5314236172731599,-0.11402485918627456,0.9720459925408282,0.849524347439764,0.7383879592304917,0.4780030774360404,0.0,0.09428150951862335,0.003074491396546364,0.11229892075061798,100.0,0.0,0.0,-1.1443734169006348,-1.122145652770996,-2.0490224361419678,-0.4326871335506439,-0.6958020925521851,-0.6822872161865234,-1.2458469867706299,-0.26308247447013855,38.720703125,61.279296875,0.0,0.03622548654675484,CDP_NEG,305,92353,468.94798369999626,128,128,800,400,400,400,EARLY_STOPPING,False,0,2048,deterministic_evenly_spaced_full_fold,3.6464000701904276,5.997169941663727,384,377,98.17708333333333,CDP,1.4510426770894138,20,0.99,1.4510426770894138
86,COMPLETE,2,42,26989,2856,424f72a3df11b24bdd551a74968aa5efe8f47b52221df203d3bd3ed6f8a96c5a,f1c78e2ff146b5069b0310a8b0222fe8d495ed8d7dbf78dc149a7df8702a8f3a,26648,460.6567128000024,0.13817691802978516,0.15625,14269c18e6a56f09985dea654338c0b32f5e417a5600e334e252b0c1bbf8bd28,True,True,True,1,0.774169888271226,0.8130269554464815,0.46267375914792136,0.04249129179707613,0.4751326546984555,-0.026345914973243446,0.8127422765327434,0.8809848702918084,0.8127489551692002,0.37419328492794857,0.0,0.09193597733974457,0.0006487092468887568,0.09573759883642197,100.0,0.0,0.0,-1.355015754699707,-1.2812085151672363,-2.2219438552856445,-0.7719628214836121,-0.8246201276779175,-0.7797033786773682,-1.3522053956985474,-0.46979236602783203,48.046875,51.953125,0.0,0.003679483663290739,CDP_NEG,285,92353,460.6563391999953,128,128,800,400,400,400,EARLY_STOPPING,False,0,2048,deterministic_evenly_spaced_full_fold,3.663600349426268,6.020027899742124,384,363,94.53125,CDP,1.4524627365104603,20,0.99,1.4524627365104603
86,COMPLETE,3,42,26466,3379,ad1e190147cfc7079fe69ab58be273b0089b28a9cb71d4377b9a01145e874910,b3de2bff6a2b887166deba8883b54b43de7150168fdd2094f9852f380bd9133e,26648,449.62745690000884,0.14376211166381836,0.15625,14269c18e6a56f09985dea654338c0b32f5e417a5600e334e252b0c1bbf8bd28,True,True,True,1,0.7421870006951417,1.0777776485693928,0.4749211447083319,0.032984161878608635,0.50767775280783,-0.026664709294645227,1.077607217888576,0.8618204625083863,0.7257213765595111,0.5768405540409263,0.0,0.09589345753192902,0.004241719841957092,0.12075116485357285,99.90234375,0.09765625,0.0,-1.127216100692749,-1.0660659074783325,-2.0212559700012207,-0.4926309883594513,-0.6884586215019226,-0.6511105298995972,-1.2345025539398193,-0.3008793592453003,36.279296875,63.720703125,0.0,0.026919059455394745,CDP_NEG,330,92353,449.6270821999933,128,128,800,400,400,400,EARLY_STOPPING,False,0,2048,deterministic_evenly_spaced_full_fold,3.652750015258789,5.9806626215577126,384,369,96.09375,CDP,1.4666426917497317,20,0.99,1.4666426917497317
86,COMPLETE,4,42,27061,2784,2cf8e61e68345fca034455d14ca0a91ba8af3af3a30bcfad11a389cf00a64d26,e85c7d3201b31d98e24a7a8ea73439fb69c13286f849eaf6812d38684b5bedb5,26648,466.56619120000687,0.13703060150146484,0.158203125,14269c18e6a56f09985dea654338c0b32f5e417a5600e334e252b0c1bbf8bd28,True,True,True,1,0.7552998619777147,0.8709472350983509,0.4578207688361869,0.02733034611015574,0.4945828978621944,0.0034857830823443953,0.8710967205334533,0.8690918769910482,0.7588944434176348,0.5065009766697076,0.0,0.08707121759653091,0.0012721256352961063,0.0945262461900711,100.0,0.0,0.0,-1.1498792171478271,-1.0289521217346191,-1.9956518411636353,-0.6711465716362,-0.697609007358551,-0.6242449283599854,-1.2107224464416504,-0.4071713387966156,52.44140625,47.55859375,0.0,-0.004921640735119581,CDP_NEG,55,92353,466.5657150000043,128,128,800,400,400,400,EARLY_STOPPING,False,0,2048,deterministic_evenly_spaced_full_fold,3.65000057220459,6.01635006070137,384,372,96.875,CDP,1.460840537792371,20,0.99,1.460840537792371
87,COMPLETE,0,42,25813,4032,81354305b7b8066000bae764cd84c6a44c1e035572eb00baa18e30401895a2a4,6d4d4bf8c14384a72deec9ae950f7dbc99365946e460adffb80cf5c9ed8ff111,26648,637.1991926000046,0.14056825637817383,0.150390625,14269c18e6a56f09985dea654338c0b32f5e417a5600e334e252b0c1bbf8bd28,True,True,True,1,0.8571447375941084,0.5860491935874771,0.3699688107057776,0.026042585915437188,0.37791511220546764,-0.0050257273534144685,0.5861003294603698,0.9259144057021277,0.8455236714493111,0.3106099212606045,0.0,0.06841100007295609,1.1236410500714555e-05,0.06845507770776749,98.681640625,1.318359375,0.0,-0.1315961480140686,-0.09413694590330124,-0.392557293176651,-0.01370509248226881,-0.07894304394721985,-0.05647169426083565,-0.23549069464206696,-0.008221530355513096,61.669921875,38.330078125,0.0,-0.021234164014458656,CDP_NEG,385,57153,637.1987971999915,128,128,500,250,250,445,EARLY_STOPPING,False,0,2048,deterministic_evenly_spaced_full_fold,3.6649999618530273,6.109466117620462,384,369,96.09375,CDP,1.4710406730757069,20,0.99,1.4710406730757069
87,COMPLETE,1,42,27493,2352,db92a7db6dfa639d2026ff19c5b1159be2b53d1e09d9e6a72b1b767a05c21400,2ea764e1783688df4d4bc4d6bc4b7c6a52ae545bfb933c403a7aa96e5d21a797,26648,436.8225572000083,0.1251983642578125,0.1484375,14269c18e6a56f09985dea654338c0b32f5e417a5600e334e252b0c1bbf8bd28,True,True,True,1,0.7126393636789651,0.9868332862702587,0.4808277974972742,0.027078787200524715,0.5359463211738111,-0.14601610143364843,0.976178461112476,0.8479119625672873,0.7231104170965288,0.48058490651835806,0.0,0.0938810184597969,2.4634341571072582e-06,0.09389068186283112,95.99609375,4.00390625,0.0,-0.13922615349292755,-0.09829066693782806,-0.34716546535491943,-0.004576813895255327,-0.08465230464935303,-0.05976270139217377,-0.21108360588550568,-0.0027827948797494173,52.880859375,47.119140625,0.0,-0.007917918264865875,CDP_NEG,220,57153,436.8221651000058,128,128,500,250,250,280,EARLY_STOPPING,False,0,2048,deterministic_evenly_spaced_full_fold,3.6464000701904276,5.997169941663727,384,377,98.17708333333333,CDP,1.4510426770894138,20,0.99,1.4510426770894138
87,COMPLETE,2,42,26989,2856,424f72a3df11b24bdd551a74968aa5efe8f47b52221df203d3bd3ed6f8a96c5a,f1c78e2ff146b5069b0310a8b0222fe8d495ed8d7dbf78dc149a7df8702a8f3a,26648,382.45474270000705,0.12973594665527344,0.1484375,14269c18e6a56f09985dea654338c0b32f5e417a5600e334e252b0c1bbf8bd28,True,True,True,1,0.7719384174109375,0.8170339194070384,0.4738415634123927,0.04270070807008874,0.4774743229680086,-0.06918258943884563,0.8142421840293836,0.879821886161941,0.794013184366572,0.37143334623489016,0.0,0.09157975018024445,5.0942493544425815e-05,0.09177958965301514,93.798828125,6.201171875,0.0,-0.15593841671943665,-0.14158928394317627,-0.3567622900009155,0.019063591957092285,-0.0948992371559143,-0.08616679906845093,-0.21711435914039612,0.011601504869759083,62.548828125,37.451171875,0.0,-0.01686321198940277,CDP_NEG,180,57153,382.4543230999989,128,128,500,250,250,250,EARLY_STOPPING,False,0,2048,deterministic_evenly_spaced_full_fold,3.663600349426268,6.020027899742124,384,363,94.53125,CDP,1.4524627365104603,20,0.99,1.4524627365104603
87,COMPLETE,3,42,26466,3379,ad1e190147cfc7079fe69ab58be273b0089b28a9cb71d4377b9a01145e874910,b3de2bff6a2b887166deba8883b54b43de7150168fdd2094f9852f380bd9133e,26648,370.14171779998287,0.1366567611694336,0.150390625,14269c18e6a56f09985dea654338c0b32f5e417a5600e334e252b0c1bbf8bd28,True,True,True,1,0.7394913809198357,1.0833974660366268,0.4912736198123492,0.03315615001485689,0.5103249187671005,0.03318745578083075,1.0830493087008513,0.860355990079305,0.7589949349720339,0.5634796944192079,0.0,0.10491417348384857,0.00015565220382995903,0.10552476346492767,94.287109375,5.712890625,0.0,-0.16442571580410004,-0.12913113832473755,-0.46826642751693726,0.0018663989612832665,-0.10042466968297958,-0.07886815071105957,-0.2859984338283539,0.0011399219511076808,69.82421875,30.17578125,0.0,-0.0358261913061142,CDP_NEG,55,57153,370.14130869999644,128,128,500,250,250,250,EARLY_STOPPING,False,0,2048,deterministic_evenly_spaced_full_fold,3.652750015258789,5.9806626215577126,384,369,96.09375,CDP,1.4666426917497317,20,0.99,1.4666426917497317
87,COMPLETE,4,42,27061,2784,2cf8e61e68345fca034455d14ca0a91ba8af3af3a30bcfad11a389cf00a64d26,e85c7d3201b31d98e24a7a8ea73439fb69c13286f849eaf6812d38684b5bedb5,26648,399.6743958000152,0.12851190567016602,0.1484375,14269c18e6a56f09985dea654338c0b32f5e417a5600e334e252b0c1bbf8bd28,True,True,True,1,0.747069873430521,0.885472378475242,0.4689700201612642,0.027786145474103706,0.502831259202242,-0.005837956401822224,0.8856122015217448,0.8643395522949241,0.745862392940446,0.5243658241536052,0.0,0.08495662361383438,6.069708433642518e-07,0.0849590077996254,97.705078125,2.294921875,0.0,-0.15070262551307678,-0.1123209148645401,-0.47651273012161255,-0.007749916985630989,-0.09142830222845078,-0.06814287602901459,-0.2890908420085907,-0.004701721481978893,69.873046875,30.126953125,0.0,-0.030791405588388443,CDP_NEG,200,57153,399.67395419999957,128,128,500,250,250,260,EARLY_STOPPING,False,0,2048,deterministic_evenly_spaced_full_fold,3.65000057220459,6.01635006070137,384,372,96.875,CDP,1.460840537792371,20,0.99,1.460840537792371
88,COMPLETE,0,42,25813,4032,81354305b7b8066000bae764cd84c6a44c1e035572eb00baa18e30401895a2a4,6d4d4bf8c14384a72deec9ae950f7dbc99365946e460adffb80cf5c9ed8ff111,26648,446.9365373000037,0.07578706741333008,0.08203125,14269c18e6a56f09985dea654338c0b32f5e417a5600e334e252b0c1bbf8bd28,True,True,True,1,0.8494461452170228,0.6016333342640167,0.3899645398860374,0.02673510682823401,0.387964579616809,0.0723066236263664,0.5973465650902476,0.9229921651391179,0.8677342903490949,0.34256015338550994,0.0,0.07113660126924515,0.0012503903126344085,0.07220187783241272,79.1015625,20.8984375,0.0,-0.13988621532917023,-0.06215748190879822,-0.6060279607772827,0.09479726105928421,-0.08391617238521576,-0.037287574261426926,-0.3635493516921997,0.0568678081035614,68.701171875,31.298828125,0.0,-0.023643523454666138,CDP_NEG,15,76033,446.9361581999983,128,128,800,400,400,400,EARLY_STOPPING,False,0,2048,deterministic_evenly_spaced_full_fold,3.6649999618530273,6.109466117620462,768,765,99.609375,CDP,1.4710406730757069,20,0.99,1.4710406730757069
88,COMPLETE,1,42,27493,2352,db92a7db6dfa639d2026ff19c5b1159be2b53d1e09d9e6a72b1b767a05c21400,2ea764e1783688df4d4bc4d6bc4b7c6a52ae545bfb933c403a7aa96e5d21a797,26648,472.594133400009,0.06696271896362305,0.08203125,14269c18e6a56f09985dea654338c0b32f5e417a5600e334e252b0c1bbf8bd28,True,True,True,1,0.7139928590034632,0.984506504915394,0.4972808720040306,0.027014940127217467,0.534682652908193,0.0095245009620807,0.9846697802769537,0.8459198400664953,0.7489995448716379,0.5775384238068191,0.0,0.09696738421916962,0.00025051049306057394,0.0971808061003685,82.421875,17.578125,0.0,-0.10108323395252228,-0.06085922569036484,-0.34301331639289856,0.043905291706323624,-0.061460647732019424,-0.03700363636016846,-0.20855899155139923,0.02669530175626278,53.80859375,46.19140625,0.0,-0.005179524887353182,CDP_NEG,55,76033,472.59373880000203,128,128,800,400,400,400,EARLY_STOPPING,False,0,2048,deterministic_evenly_spaced_full_fold,3.6464000701904276,5.997169941663727,768,765,99.609375,CDP,1.4510426770894138,20,0.99,1.4510426770894138
88,COMPLETE,2,42,26989,2856,424f72a3df11b24bdd551a74968aa5efe8f47b52221df203d3bd3ed6f8a96c5a,f1c78e2ff146b5069b0310a8b0222fe8d495ed8d7dbf78dc149a7df8702a8f3a,26648,477.1143981999776,0.0699167251586914,0.08203125,14269c18e6a56f09985dea654338c0b32f5e417a5600e334e252b0c1bbf8bd28,True,True,True,1,0.7660821116285971,0.8274575773800146,0.47025647650131075,0.04324548052757684,0.48356590486599027,-0.06456488597073726,0.8250792554229808,0.8761903762928448,0.780202107191644,0.40559362345161504,0.0,0.09191733598709106,0.00034257909283041954,0.09220919758081436,88.671875,11.328125,0.0,-0.09470164775848389,-0.061440590769052505,-0.33820122480392456,0.028030933812260628,-0.057632457464933395,-0.0373908206820488,-0.20581866800785065,0.01705874875187874,51.416015625,48.583984375,0.0,-0.002139605348929763,CDP_NEG,75,76033,477.1140480999893,128,128,800,400,400,400,EARLY_STOPPING,False,0,2048,deterministic_evenly_spaced_full_fold,3.663600349426268,6.020027899742124,768,765,99.609375,CDP,1.4524627365104603,20,0.99,1.4524627365104603
88,COMPLETE,3,42,26466,3379,ad1e190147cfc7079fe69ab58be273b0089b28a9cb71d4377b9a01145e874910,b3de2bff6a2b887166deba8883b54b43de7150168fdd2094f9852f380bd9133e,26648,460.5017435000045,0.07504510879516602,0.08203125,14269c18e6a56f09985dea654338c0b32f5e417a5600e334e252b0c1bbf8bd28,True,True,True,1,0.7493697035154703,1.0626580855492258,0.48254268535303774,0.03252144480996931,0.5005558146346795,-0.062022844292457045,1.0610035475496216,0.8665612851289208,0.7279201603581067,0.5366443548194284,0.0,0.09699651598930359,3.833004302578047e-05,0.0970291718840599,75.537109375,24.462890625,0.0,-0.022702794522047043,-0.008498378098011017,-0.10783693194389343,0.017905987799167633,-0.013865960761904716,-0.00519047025591135,-0.0658624917268753,0.010936263017356396,54.58984375,45.41015625,0.0,-0.005953747779130936,CDP_NEG,265,76033,460.5013710000203,128,128,800,400,400,400,EARLY_STOPPING,False,0,2048,deterministic_evenly_spaced_full_fold,3.652750015258789,5.9806626215577126,768,765,99.609375,CDP,1.4666426917497317,20,0.99,1.4666426917497317
88,COMPLETE,4,42,27061,2784,2cf8e61e68345fca034455d14ca0a91ba8af3af3a30bcfad11a389cf00a64d26,e85c7d3201b31d98e24a7a8ea73439fb69c13286f849eaf6812d38684b5bedb5,26648,478.90953030000674,0.06867027282714844,0.08203125,14269c18e6a56f09985dea654338c0b32f5e417a5600e334e252b0c1bbf8bd28,True,True,True,1,0.7489929809620883,0.8820996924490636,0.4561656037783006,0.027680310501901364,0.5009160193792254,0.012337491086317192,0.8821718593113194,0.8665447398532873,0.7882487956748212,0.4541111048752653,0.0,0.08253619074821472,0.0005495858495123684,0.0830044150352478,90.33203125,9.66796875,0.0,-0.1773332804441452,-0.12140084058046341,-0.5902652740478516,0.05525989457964897,-0.10758458077907562,-0.07365149259567261,-0.3581022620201111,0.03352508321404457,49.4140625,50.5859375,0.0,0.00042154535185545683,CDP_NEG,15,76033,478.90915900000255,128,128,800,400,400,400,EARLY_STOPPING,False,0,2048,deterministic_evenly_spaced_full_fold,3.65000057220459,6.01635006070137,768,754,98.17708333333333,CDP,1.460840537792371,20,0.99,1.460840537792371
89,COMPLETE,0,42,25813,4032,81354305b7b8066000bae764cd84c6a44c1e035572eb00baa18e30401895a2a4,6d4d4bf8c14384a72deec9ae950f7dbc99365946e460adffb80cf5c9ed8ff111,26648,23.580938400002196,0.07515573501586914,0.09375,14269c18e6a56f09985dea654338c0b32f5e417a5600e334e252b0c1bbf8bd28,True,True,True,1,0.8365155406976968,0.6269374147434741,0.40802551050878794,0.027859557978594726,0.40428197160076873,-0.044910915739790884,0.625404299820962,0.9150748363525459,0.8348603578991837,0.2925126787708368,0.0,0.07228036224842072,7.936814085951482e-07,0.07228749245405197,99.51171875,0.48828125,0.0,-0.18405845761299133,-0.15705657005310059,-0.4146784543991089,-0.05305314064025879,-0.11041460186243057,-0.0942164734005928,-0.24876093864440918,-0.03182598203420639,60.400390625,39.599609375,0.0,-0.02555755525827408,CDP_NEG,115,62977,23.58060220000334,1024,1024,500,125,125,175,EARLY_STOPPING,False,0,2048,deterministic_evenly_spaced_full_fold,3.6649999618530273,6.109466117620462,448,444,99.10714285714286,CDP,1.4710406730757069,20,0.99,1.4710406730757069
89,COMPLETE,1,42,27493,2352,db92a7db6dfa639d2026ff19c5b1159be2b53d1e09d9e6a72b1b767a05c21400,2ea764e1783688df4d4bc4d6bc4b7c6a52ae545bfb933c403a7aa96e5d21a797,26648,22.732165699999314,0.06697368621826172,0.072265625,14269c18e6a56f09985dea654338c0b32f5e417a5600e334e252b0c1bbf8bd28,True,True,True,1,0.7240702211316007,0.9670065996981689,0.47811355117588067,0.026534741277016934,0.5251785046872607,-0.05765628292491393,0.9654915066006664,0.8515372877236436,0.7319605781437868,0.5489168143538236,0.0,0.09388632327318192,8.381397138823576e-12,0.09388632327318192,99.951171875,0.048828125,0.0,-0.19308249652385712,-0.1646570861339569,-0.43568089604377747,-0.05467115342617035,-0.11739803850650787,-0.10011482238769531,-0.2649027407169342,-0.033241163939237595,43.359375,56.640625,0.0,0.03244714438915253,CDP_NEG,100,62977,22.731826699979138,1024,1024,500,125,125,160,EARLY_STOPPING,False,0,2048,deterministic_evenly_spaced_full_fold,3.6464000701904276,5.997169941663727,448,422,94.19642857142857,CDP,1.4510426770894138,20,0.99,1.4510426770894138
89,COMPLETE,2,42,26989,2856,424f72a3df11b24bdd551a74968aa5efe8f47b52221df203d3bd3ed6f8a96c5a,f1c78e2ff146b5069b0310a8b0222fe8d495ed8d7dbf78dc149a7df8702a8f3a,26648,32.74567180001759,0.06804275512695312,0.072265625,14269c18e6a56f09985dea654338c0b32f5e417a5600e334e252b0c1bbf8bd28,True,True,True,1,0.7753157650469026,0.8109616562418206,0.46223431464848147,0.04238335290210392,0.4739256946004127,-0.06716257780112055,0.8083172455269233,0.8817003677781836,0.7978595022362401,0.36522589466420124,0.0,0.09000302851200104,6.347214025481662e-07,0.09000872820615768,99.70703125,0.29296875,0.0,-0.2708083987236023,-0.23165571689605713,-0.6035187840461731,-0.07053051888942719,-0.16480550169944763,-0.14097842574119568,-0.36728259921073914,-0.04292266443371773,53.41796875,46.58203125,0.0,-0.01281061116605997,CDP_NEG,175,62977,32.74534019999555,1024,1024,500,125,125,235,EARLY_STOPPING,False,0,2048,deterministic_evenly_spaced_full_fold,3.663600349426268,6.020027899742124,448,432,96.42857142857143,CDP,1.4524627365104603,20,0.99,1.4524627365104603
89,COMPLETE,3,42,26466,3379,ad1e190147cfc7079fe69ab58be273b0089b28a9cb71d4377b9a01145e874910,b3de2bff6a2b887166deba8883b54b43de7150168fdd2094f9852f380bd9133e,26648,15.002292200020747,0.06749105453491211,0.091796875,14269c18e6a56f09985dea654338c0b32f5e417a5600e334e252b0c1bbf8bd28,True,True,True,1,0.7371405076740314,1.0882748668821292,0.4955412047494598,0.03330541733288715,0.5126223758576929,-0.041073678933895304,1.0876604451385583,0.8617951855484297,0.6806895752290821,0.6615167000388145,0.0,0.10251346975564957,3.5286548154545017e-06,0.10254517197608948,99.12109375,0.87890625,0.0,-0.19966071844100952,-0.15416541695594788,-0.47268956899642944,-0.038298122584819794,-0.12194480001926422,-0.09415808320045471,-0.2886999249458313,-0.023390963673591614,57.6171875,42.3828125,0.0,-0.03424527123570442,CDP_NEG,50,62977,15.00196049999795,1024,1024,500,125,125,125,EARLY_STOPPING,False,0,2048,deterministic_evenly_spaced_full_fold,3.652750015258789,5.9806626215577126,448,442,98.66071428571429,CDP,1.4666426917497317,20,0.99,1.4666426917497317
89,COMPLETE,4,42,27061,2784,2cf8e61e68345fca034455d14ca0a91ba8af3af3a30bcfad11a389cf00a64d26,e85c7d3201b31d98e24a7a8ea73439fb69c13286f849eaf6812d38684b5bedb5,26648,16.73690409999108,0.06778621673583984,0.072265625,14269c18e6a56f09985dea654338c0b32f5e417a5600e334e252b0c1bbf8bd28,True,True,True,1,0.7515530229725516,0.8775898589093776,0.4747134995602534,0.02753879181216709,0.49835503008957893,0.0242241402626243,0.8774130608733826,0.8670360179355684,0.74913092946957,0.5476088181882744,0.0,0.09527790546417236,2.5043284495041007e-06,0.09530040621757507,97.412109375,2.587890625,0.0,-0.16651663184165955,-0.10970315337181091,-0.5293243527412415,-0.012915118597447872,-0.10102234780788422,-0.0665547326207161,-0.3211306035518646,-0.007835347205400467,73.2421875,26.7578125,0.0,-0.06227035075426102,CDP_NEG,35,62977,16.736556699994253,1024,1024,500,125,125,125,EARLY_STOPPING,False,0,2048,deterministic_evenly_spaced_full_fold,3.65000057220459,6.01635006070137,448,446,99.55357142857143,CDP,1.460840537792371,20,0.99,1.460840537792371
90,COMPLETE,0,42,25813,4032,81354305b7b8066000bae764cd84c6a44c1e035572eb00baa18e30401895a2a4,6d4d4bf8c14384a72deec9ae950f7dbc99365946e460adffb80cf5c9ed8ff111,26648,20.68385400000261,0.07143545150756836,0.083984375,14269c18e6a56f09985dea654338c0b32f5e417a5600e334e252b0c1bbf8bd28,True,True,True,1,0.7869151775564572,0.715751405571421,0.47688363094401587,0.031806233465802636,0.4615538690394416,-0.0331974099802513,0.7150698030405798,0.8930264919097869,0.8873453711036552,0.19698553904938995,0.0,0.09584754705429077,0.0005294645670801401,0.10067403316497803,97.314453125,2.685546875,0.0,-1.1605708599090576,-0.8106207847595215,-3.2709767818450928,-0.12175220996141434,-0.6962133646011353,-0.4862822890281677,-1.9622222185134888,-0.0730377808213234,67.67578125,32.32421875,0.0,-0.019480280578136444,CDP_NEG,75,61057,20.683515200013062,1024,1024,500,50,75,135,EARLY_STOPPING,False,0,2048,deterministic_evenly_spaced_full_fold,3.6649999618530273,6.109466117620462,448,444,99.10714285714286,CDP,1.4710406730757069,20,0.99,1.4710406730757069
90,COMPLETE,1,42,27493,2352,db92a7db6dfa639d2026ff19c5b1159be2b53d1e09d9e6a72b1b767a05c21400,2ea764e1783688df4d4bc4d6bc4b7c6a52ae545bfb933c403a7aa96e5d21a797,26648,17.31895089999307,0.06299400329589844,0.08203125,14269c18e6a56f09985dea654338c0b32f5e417a5600e334e252b0c1bbf8bd28,True,True,True,1,0.6642386641260192,1.066707856358194,0.5778690858654596,0.029270552026698458,0.5793259705933839,-0.1304085439678478,1.0589315468852576,0.8194392475783264,0.7101228860817069,0.5255832411284629,0.0,0.13059848546981812,0.00038681935984641314,0.13412465155124664,97.75390625,2.24609375,0.0,-1.1316978931427002,-0.7440218925476074,-3.298848867416382,-0.11462290585041046,-0.6880950927734375,-0.4523802697658539,-2.0057666301727295,-0.06969303637742996,65.380859375,34.619140625,0.0,-0.022143520414829254,CDP_NEG,65,61057,17.318618699995568,1024,1024,500,50,75,125,EARLY_STOPPING,False,0,2048,deterministic_evenly_spaced_full_fold,3.6464000701904276,5.997169941663727,448,422,94.19642857142857,CDP,1.4510426770894138,20,0.99,1.4510426770894138
91,COMPLETE,0,42,25813,4032,81354305b7b8066000bae764cd84c6a44c1e035572eb00baa18e30401895a2a4,6d4d4bf8c14384a72deec9ae950f7dbc99365946e460adffb80cf5c9ed8ff111,26648,113.60110159998294,0.07154369354248047,0.078125,14269c18e6a56f09985dea654338c0b32f5e417a5600e334e252b0c1bbf8bd28,True,True,True,1,0.8451958428297155,0.6100666166114901,0.3811444647360495,0.02710986117050824,0.3934028002977323,-0.04319718332708507,0.6086108337092833,0.9197861787465211,0.8514195985389266,0.2603915401135337,0.0,0.06961552798748016,2.6860088837565854e-06,0.0696173682808876,94.43359375,5.56640625,0.09765625,-0.06310951709747314,-0.021282756701111794,-0.26911497116088867,0.00040050511597655714,-0.037858687341213226,-0.012767286039888859,-0.16143903136253357,0.00024025850871112198,60.205078125,39.74609375,0.048828125,-0.009332090616226196,CDP_NEG,210,46113,113.60074200000963,512,512,800,400,400,400,EARLY_STOPPING,False,0,2048,deterministic_evenly_spaced_full_fold,3.6649999618530273,6.109466117620462,384,369,96.09375,CDP,1.4710406730757069,20,0.99,1.4710406730757069
91,COMPLETE,1,42,27493,2352,db92a7db6dfa639d2026ff19c5b1159be2b53d1e09d9e6a72b1b767a05c21400,2ea764e1783688df4d4bc4d6bc4b7c6a52ae545bfb933c403a7aa96e5d21a797,26648,148.74004050000804,0.06405258178710938,0.076171875,14269c18e6a56f09985dea654338c0b32f5e417a5600e334e252b0c1bbf8bd28,True,True,True,1,0.727801433327544,0.9604462575985647,0.4627175149301916,0.026354724945839823,0.5216156017503185,-0.07237698876324306,0.9579189553384374,0.8540396980591389,0.7345517925732622,0.5283321913673543,0.0,0.0882158949971199,4.734294634545222e-06,0.08821913599967957,92.08984375,7.91015625,0.048828125,-0.04664205387234688,-0.01328075397759676,-0.19548359513282776,0.001673088758252561,-0.028359305113554,-0.008074965327978134,-0.1188579648733139,0.001017271657474339,56.0546875,43.9453125,0.0,-0.0021472186781466007,CDP_NEG,415,46113,148.73967340000672,512,512,800,400,400,475,EARLY_STOPPING,False,0,2048,deterministic_evenly_spaced_full_fold,3.6464000701904276,5.997169941663727,384,377,98.17708333333333,CDP,1.4510426770894138,20,0.99,1.4510426770894138
91,COMPLETE,2,42,26989,2856,424f72a3df11b24bdd551a74968aa5efe8f47b52221df203d3bd3ed6f8a96c5a,f1c78e2ff146b5069b0310a8b0222fe8d495ed8d7dbf78dc149a7df8702a8f3a,26648,124.17374410000048,0.06613636016845703,0.076171875,14269c18e6a56f09985dea654338c0b32f5e417a5600e334e252b0c1bbf8bd28,True,True,True,1,0.7632112245776563,0.8325198085619091,0.4741614689288729,0.043510048314478834,0.48652427091282074,-0.07315223348647856,0.8294449176072226,0.8746779223192098,0.7691667505207593,0.42061144692743896,0.0,0.09391552209854126,4.035003075841814e-05,0.09394314885139465,95.458984375,4.541015625,0.0,-0.14121991395950317,-0.061545178294181824,-0.5115869045257568,-0.00020714873971883208,-0.08594200760126114,-0.03745447099208832,-0.3113357722759247,-0.00012606423115357757,70.3125,29.638671875,0.048828125,-0.01563853584229946,CDP_NEG,100,46113,124.17334229999688,512,512,800,400,400,400,EARLY_STOPPING,False,0,2048,deterministic_evenly_spaced_full_fold,3.663600349426268,6.020027899742124,384,363,94.53125,CDP,1.4524627365104603,20,0.99,1.4524627365104603
91,COMPLETE,3,42,26466,3379,ad1e190147cfc7079fe69ab58be273b0089b28a9cb71d4377b9a01145e874910,b3de2bff6a2b887166deba8883b54b43de7150168fdd2094f9852f380bd9133e,26648,130.15787179998006,0.06921148300170898,0.076171875,14269c18e6a56f09985dea654338c0b32f5e417a5600e334e252b0c1bbf8bd28,True,True,True,1,0.7304532801311048,1.102030952749638,0.48937795660046796,0.033726406730535376,0.5191020600206724,-0.002123664443789187,1.1021920130252103,0.8563314970075852,0.6875932408135992,0.6852763272347792,0.0,0.10301734507083893,1.2609069017344154e-05,0.10302598029375076,88.76953125,11.23046875,0.09765625,-0.03841684013605118,-0.011183388531208038,-0.17027509212493896,0.003257658565416932,-0.023463472723960876,-0.006830367259681225,-0.10399723052978516,0.0019896477460861206,60.15625,39.84375,0.0,-0.0033703017979860306,CDP_NEG,385,46113,130.15749870002037,512,512,800,400,400,445,EARLY_STOPPING,False,0,2048,deterministic_evenly_spaced_full_fold,3.652750015258789,5.9806626215577126,384,369,96.09375,CDP,1.4666426917497317,20,0.99,1.4666426917497317
91,COMPLETE,4,42,27061,2784,2cf8e61e68345fca034455d14ca0a91ba8af3af3a30bcfad11a389cf00a64d26,e85c7d3201b31d98e24a7a8ea73439fb69c13286f849eaf6812d38684b5bedb5,26648,126.29053940001177,0.06688308715820312,0.076171875,14269c18e6a56f09985dea654338c0b32f5e417a5600e334e252b0c1bbf8bd28,True,True,True,1,0.7381394578560756,0.9009688354523808,0.47573479573153216,0.028272424683220797,0.5116311982679934,0.039609889188189605,0.9002594154800488,0.8594553103206471,0.7422943208409476,0.577257689297973,0.0,0.0869840458035469,1.526126197859412e-06,0.08698508888483047,93.06640625,6.93359375,0.244140625,-0.03376948833465576,-0.009483976289629936,-0.15448236465454102,0.0006351878982968628,-0.020487278699874878,-0.005753741133958101,-0.09372138977050781,0.0003853559319395572,52.63671875,47.119140625,0.244140625,-7.188653398770839e-05,CDP_NEG,340,46113,126.2901639000047,512,512,800,400,400,400,EARLY_STOPPING,False,0,2048,deterministic_evenly_spaced_full_fold,3.65000057220459,6.01635006070137,384,372,96.875,CDP,1.460840537792371,20,0.99,1.460840537792371
92,COMPLETE,0,42,25813,4032,81354305b7b8066000bae764cd84c6a44c1e035572eb00baa18e30401895a2a4,6d4d4bf8c14384a72deec9ae950f7dbc99365946e460adffb80cf5c9ed8ff111,26648,492.2283376000123,0.0628209114074707,0.0859375,14269c18e6a56f09985dea654338c0b32f5e417a5600e334e252b0c1bbf8bd28,True,True,True,1,0.8471589083067004,0.6061861599010174,0.3809425774327662,0.02693742321072708,0.39090047924824883,-0.015798291254863477,0.6060554194673132,0.9206005578594567,0.8618462826600977,0.26648598226545955,0.0,0.06916909664869308,2.1566052055277396e-07,0.06917085498571396,99.12109375,0.87890625,0.0,-0.2414529174566269,-0.13466525077819824,-0.7843388915061951,-0.020482808351516724,-0.1448448896408081,-0.08078417181968689,-0.47051605582237244,-0.01228740531951189,57.12890625,42.87109375,0.0,-0.012862497940659523,CDP_NEG,35,43905,492.2279665999813,128,128,800,400,400,400,EARLY_STOPPING,False,0,2048,deterministic_evenly_spaced_full_fold,3.6649999618530273,6.109466117620462,448,444,99.10714285714286,CDP,1.4710406730757069,20,0.99,1.4710406730757069
92,COMPLETE,1,42,27493,2352,db92a7db6dfa639d2026ff19c5b1159be2b53d1e09d9e6a72b1b767a05c21400,2ea764e1783688df4d4bc4d6bc4b7c6a52ae545bfb933c403a7aa96e5d21a797,26648,527.4022029000043,0.05510568618774414,0.064453125,14269c18e6a56f09985dea654338c0b32f5e417a5600e334e252b0c1bbf8bd28,True,True,True,1,0.73194711114862,0.9531042314679272,0.4549005108134707,0.02615325914003625,0.5176281684630313,-0.05803777989424563,0.9515378350005808,0.8561798923877149,0.7417313630138378,0.5264240353931048,0.0,0.08829799294471741,3.111897285634768e-06,0.08832333236932755,88.28125,11.71875,0.0,-0.036577511578798294,-0.017173616215586662,-0.14596354961395264,0.0039021812845021486,-0.022239863872528076,-0.01044190488755703,-0.08874877542257309,0.0023726047948002815,45.361328125,54.638671875,0.0,0.0025056558661162853,CDP_NEG,320,43905,527.4018195999961,128,128,800,400,400,400,EARLY_STOPPING,False,0,2048,deterministic_evenly_spaced_full_fold,3.6464000701904276,5.997169941663727,448,422,94.19642857142857,CDP,1.4510426770894138,20,0.99,1.4510426770894138
92,COMPLETE,2,42,26989,2856,424f72a3df11b24bdd551a74968aa5efe8f47b52221df203d3bd3ed6f8a96c5a,f1c78e2ff146b5069b0310a8b0222fe8d495ed8d7dbf78dc149a7df8702a8f3a,26648,514.747378,0.05882978439331055,0.064453125,14269c18e6a56f09985dea654338c0b32f5e417a5600e334e252b0c1bbf8bd28,True,True,True,1,0.7673900341375236,0.8251410220725428,0.4690118490820046,0.043124410215117405,0.48221211079357795,-0.022764018194160376,0.8249713954633598,0.8764640463552744,0.7900508288935285,0.4263275908320587,0.0,0.09153693169355392,3.306559665361419e-05,0.09180617332458496,95.80078125,4.19921875,0.0,-0.13789264857769012,-0.08901989459991455,-0.4543870687484741,-0.0014650434022769332,-0.08391714096069336,-0.054174721240997314,-0.27652573585510254,-0.0008915794896893203,45.849609375,54.150390625,0.0,0.004752295557409525,CDP_NEG,165,43905,514.7469361999829,128,128,800,400,400,400,EARLY_STOPPING,False,0,2048,deterministic_evenly_spaced_full_fold,3.663600349426268,6.020027899742124,448,432,96.42857142857143,CDP,1.4524627365104603,20,0.99,1.4524627365104603
92,COMPLETE,3,42,26466,3379,ad1e190147cfc7079fe69ab58be273b0089b28a9cb71d4377b9a01145e874910,b3de2bff6a2b887166deba8883b54b43de7150168fdd2094f9852f380bd9133e,26648,579.0198723000067,0.061060428619384766,0.06640625,14269c18e6a56f09985dea654338c0b32f5e417a5600e334e252b0c1bbf8bd28,True,True,True,1,0.7415893032550436,1.0790262512697602,0.4745461699035804,0.03302237394734624,0.5082658962100556,-0.0034764946965875833,1.079180351954125,0.8619192727526475,0.7116747123769133,0.6309361563900548,0.0,0.0972488597035408,4.80366543342825e-06,0.09728797525167465,79.150390625,20.849609375,0.048828125,-0.01099774893373251,-0.0039059538394212723,-0.04673168808221817,0.004683508072048426,-0.006716986186802387,-0.0023856007028371096,-0.028541849926114082,0.0028604997787624598,55.126953125,44.873046875,0.0,-0.0046904003247618675,CDP_NEG,395,43905,579.0194915000175,128,128,800,400,400,455,EARLY_STOPPING,False,0,2048,deterministic_evenly_spaced_full_fold,3.652750015258789,5.9806626215577126,448,442,98.66071428571429,CDP,1.4666426917497317,20,0.99,1.4666426917497317
92,COMPLETE,4,42,27061,2784,2cf8e61e68345fca034455d14ca0a91ba8af3af3a30bcfad11a389cf00a64d26,e85c7d3201b31d98e24a7a8ea73439fb69c13286f849eaf6812d38684b5bedb5,26648,522.3036365000007,0.05751609802246094,0.064453125,14269c18e6a56f09985dea654338c0b32f5e417a5600e334e252b0c1bbf8bd28,True,True,True,1,0.7466964309567823,0.8861258218455068,0.46658916901889885,0.027806650543473047,0.5032023286570041,0.001364478561885042,0.886283960173958,0.8642417405149325,0.7596376580730448,0.5028291136757419,0.0,0.08807078748941422,1.7879734514281154e-05,0.0882163792848587,90.13671875,9.86328125,0.0,-0.09563767164945602,-0.052447523921728134,-0.3420143723487854,0.004512275103479624,-0.05802147835493088,-0.031818874180316925,-0.2074933499097824,0.0027375079225748777,55.908203125,44.091796875,0.0,-0.005548736080527306,CDP_NEG,185,43905,522.3032709999825,128,128,800,400,400,400,EARLY_STOPPING,False,0,2048,deterministic_evenly_spaced_full_fold,3.65000057220459,6.01635006070137,448,446,99.55357142857143,CDP,1.460840537792371,20,0.99,1.460840537792371
93,COMPLETE,0,42,25813,4032,81354305b7b8066000bae764cd84c6a44c1e035572eb00baa18e30401895a2a4,6d4d4bf8c14384a72deec9ae950f7dbc99365946e460adffb80cf5c9ed8ff111,26648,497.60100300001795,0.06286859512329102,0.0859375,14269c18e6a56f09985dea654338c0b32f5e417a5600e334e252b0c1bbf8bd28,True,True,True,1,0.4451952712068894,1.154930972067552,0.9643941006417864,0.051322294093352566,0.7447597789985344,0.7906354701635936,0.8419839257206704,0.8573356416348002,0.5869639072495012,1.6345765209345253,0.0,0.10723648965358734,8.943895227275789e-05,0.10775313526391983,96.09375,3.90625,66.748046875,-0.06591373682022095,-2.383155006668858e-09,-0.4062487781047821,1.0059196711154073e-06,-0.039540909230709076,-1.4296278605385737e-09,-0.24370408058166504,6.03439900714875e-07,16.9921875,9.47265625,73.53515625,-9.683718271702446e-10,CDP_NEG,160,43905,497.6006250999926,128,128,800,400,400,400,EARLY_STOPPING,False,0,2048,deterministic_evenly_spaced_full_fold,3.6649999618530273,6.109466117620462,320,316,98.75,CDP,1.4710406730757069,20,0.99,1.4710406730757069
93,COMPLETE,1,42,27493,2352,db92a7db6dfa639d2026ff19c5b1159be2b53d1e09d9e6a72b1b767a05c21400,2ea764e1783688df4d4bc4d6bc4b7c6a52ae545bfb933c403a7aa96e5d21a797,26648,535.4504103000218,0.055141448974609375,0.064453125,14269c18e6a56f09985dea654338c0b32f5e417a5600e334e252b0c1bbf8bd28,True,True,True,1,0.4659341565556726,1.3453260549810941,0.9839898266395567,0.036915858499099743,0.7306427133923523,0.6591564073895744,1.1730302889724924,0.7879831659840311,0.4919795785011832,1.8088064044511707,0.0,0.12065301090478897,2.181592572014779e-05,0.12077903002500534,97.16796875,2.83203125,69.970703125,-0.07302840054035187,-9.144940360528153e-11,-0.44717147946357727,7.933002876825412e-08,-0.04440273344516754,-5.560307769769679e-11,-0.27188923954963684,4.82342557006632e-08,19.62890625,9.765625,70.60546875,0.0,CDP_NEG,150,43905,535.4500372000039,128,128,800,400,400,400,EARLY_STOPPING,False,0,2048,deterministic_evenly_spaced_full_fold,3.6464000701904276,5.997169941663727,320,301,94.0625,CDP,1.4510426770894138,20,0.99,1.4510426770894138
94,COMPLETE,0,42,25813,4032,81354305b7b8066000bae764cd84c6a44c1e035572eb00baa18e30401895a2a4,6d4d4bf8c14384a72deec9ae950f7dbc99365946e460adffb80cf5c9ed8ff111,26648,582.7954448999953,0.11085367202758789,0.12109375,14269c18e6a56f09985dea654338c0b32f5e417a5600e334e252b0c1bbf8bd28,True,True,True,1,-0.0021570505332941803,1.552222034574973,0.9937299890696609,0.06897693254690837,1.0009537949763252,-0.07181677484336504,1.5507520859205823,-0.010311577847580832,-5.740413797252232e-06,1.9714571911719572,0.0,0.31961095333099365,3.8333200791385025e-06,0.31962794065475464,50.390625,49.609375,0.0,-1.6226280422415584e-05,-4.046943649882451e-05,-0.007362474221736193,0.007605728693306446,-9.733963452163152e-06,-2.427716026431881e-05,-0.004416665527969599,0.0045625907368958,50.9765625,48.779296875,0.244140625,-5.4766101129644085e-06,CDP_NEG,10,70465,582.7950586999941,128,128,800,400,400,400,EARLY_STOPPING,False,0,2048,deterministic_evenly_spaced_full_fold,3.6649999618530273,6.109466117620462,448,444,99.10714285714286,CDP,1.4710406730757069,20,0.99,1.4710406730757069
94,COMPLETE,1,42,27493,2352,db92a7db6dfa639d2026ff19c5b1159be2b53d1e09d9e6a72b1b767a05c21400,2ea764e1783688df4d4bc4d6bc4b7c6a52ae545bfb933c403a7aa96e5d21a797,26648,639.2393660999951,0.09360647201538086,0.1015625,14269c18e6a56f09985dea654338c0b32f5e417a5600e334e252b0c1bbf8bd28,True,True,True,1,-0.02782033981356169,1.8663313684650942,1.1902601097149736,0.05121228750130526,1.0135992015435704,-0.30707250691183724,1.8412877895135917,0.0054460756647090255,1.9588842426289997e-06,1.955922633398698,0.0,0.4006364941596985,2.198805077568977e-06,0.40064623951911926,47.94921875,52.05078125,0.0,0.00015275651821866632,0.00017337503959424794,-0.005239116493612528,0.005619905889034271,9.287905413657427e-05,0.00010541551455389708,-0.003185488050803542,0.0034170157741755247,48.53515625,51.025390625,0.439453125,4.829507815884426e-06,CDP_NEG,5,70465,639.2389671000128,128,128,800,400,400,400,EARLY_STOPPING,False,0,2048,deterministic_evenly_spaced_full_fold,3.6464000701904276,5.997169941663727,448,422,94.19642857142857,CDP,1.4510426770894138,20,0.99,1.4510426770894138
95,COMPLETE,0,42,25813,4032,81354305b7b8066000bae764cd84c6a44c1e035572eb00baa18e30401895a2a4,6d4d4bf8c14384a72deec9ae950f7dbc99365946e460adffb80cf5c9ed8ff111,26648,507.5281774000032,0.0529484748840332,0.060546875,14269c18e6a56f09985dea654338c0b32f5e417a5600e334e252b0c1bbf8bd28,True,True,True,1,0.816086369006262,0.6649560020469952,0.4114169188776739,0.029549010565628635,0.4287983412910871,-0.04373657563389445,0.6635983827419996,0.9039188497568915,0.8046992630370744,0.3553140450303681,0.0,0.07867899537086487,1.5624162188032642e-05,0.07868624478578568,80.615234375,19.384765625,0.146484375,-0.08186899125576019,-0.0037945089861750603,-0.4109683930873871,0.0073830545879900455,-0.04911228269338608,-0.002276283223181963,-0.2465353012084961,0.0044290111400187016,56.884765625,43.115234375,0.0,-0.0009052270324900746,CDP_NEG,335,21281,507.52779459999874,128,128,800,400,400,400,EARLY_STOPPING,False,0,2048,deterministic_evenly_spaced_full_fold,3.6649999618530273,6.109466117620462,448,444,99.10714285714286,CDP,1.4710406730757069,20,0.99,1.4710406730757069
95,COMPLETE,1,42,27493,2352,db92a7db6dfa639d2026ff19c5b1159be2b53d1e09d9e6a72b1b767a05c21400,2ea764e1783688df4d4bc4d6bc4b7c6a52ae545bfb933c403a7aa96e5d21a797,26648,801.5074415999989,0.048227787017822266,0.060546875,14269c18e6a56f09985dea654338c0b32f5e417a5600e334e252b0c1bbf8bd28,True,True,True,1,0.7184748794970272,0.9767619386412472,0.4757907915318727,0.02680242858649857,0.5304766012260458,-0.09037012651049513,0.9727792469105393,0.8490518527263994,0.7191239021253876,0.5452523631200177,0.0,0.09368065744638443,5.8639423514250666e-05,0.09370787441730499,78.125,21.875,0.0,-0.06906092166900635,-0.011374316178262234,-0.32317835092544556,0.010372402146458626,-0.041990432888269424,-0.006915813311934471,-0.19649894535541534,0.006306629162281752,50.9765625,49.0234375,0.0,-0.00014326279051601887,CDP_NEG,545,21281,801.5070122000179,128,128,800,400,400,605,EARLY_STOPPING,False,0,2048,deterministic_evenly_spaced_full_fold,3.6464000701904276,5.997169941663727,448,422,94.19642857142857,CDP,1.4510426770894138,20,0.99,1.4510426770894138
95,COMPLETE,2,42,26989,2856,424f72a3df11b24bdd551a74968aa5efe8f47b52221df203d3bd3ed6f8a96c5a,f1c78e2ff146b5069b0310a8b0222fe8d495ed8d7dbf78dc149a7df8702a8f3a,26648,690.701276799984,0.05154275894165039,0.05859375,14269c18e6a56f09985dea654338c0b32f5e417a5600e334e252b0c1bbf8bd28,True,True,True,1,0.7575644874340168,0.8423879353563766,0.48038227514152515,0.04402578700223734,0.49229120059374565,-0.10071389076328661,0.8364921670536549,0.8724437669838999,0.7512775183092191,0.43131573771693804,0.0,0.09721379727125168,2.931383733084658e-06,0.09721516072750092,91.455078125,8.544921875,1.806640625,-0.07490164041519165,-0.029793374240398407,-0.2872028052806854,0.002276771003380418,-0.045582789927721024,-0.0181313157081604,-0.1747826337814331,0.0013855715515092015,61.9140625,37.353515625,0.732421875,-0.00171400245744735,CDP_NEG,470,21281,690.7008986999863,128,128,800,400,400,530,EARLY_STOPPING,False,0,2048,deterministic_evenly_spaced_full_fold,3.663600349426268,6.020027899742124,448,432,96.42857142857143,CDP,1.4524627365104603,20,0.99,1.4524627365104603
95,COMPLETE,3,42,26466,3379,ad1e190147cfc7079fe69ab58be273b0089b28a9cb71d4377b9a01145e874910,b3de2bff6a2b887166deba8883b54b43de7150168fdd2094f9852f380bd9133e,26648,676.0781725999841,0.052865028381347656,0.060546875,14269c18e6a56f09985dea654338c0b32f5e417a5600e334e252b0c1bbf8bd28,True,True,True,1,0.7093438201297011,1.144370220311626,0.5230983339182596,0.03502215196791345,0.5390456024015438,-0.029654477632728708,1.1441552485620532,0.844109285601812,0.6664295710518923,0.7043127088657356,0.0,0.10707786679267883,1.2863045412814245e-05,0.10708383470773697,78.7109375,21.2890625,0.1953125,-0.045554716140031815,-0.002896576886996627,-0.22795870900154114,0.0076914262026548386,-0.027823003008961678,-0.0017691135872155428,-0.13922807574272156,0.004697616212069988,59.375,40.33203125,0.29296875,-0.0006447031628340483,CDP_NEG,475,21281,676.0777750000125,128,128,800,400,400,535,EARLY_STOPPING,False,0,2048,deterministic_evenly_spaced_full_fold,3.652750015258789,5.9806626215577126,448,442,98.66071428571429,CDP,1.4666426917497317,20,0.99,1.4666426917497317
95,COMPLETE,4,42,27061,2784,2cf8e61e68345fca034455d14ca0a91ba8af3af3a30bcfad11a389cf00a64d26,e85c7d3201b31d98e24a7a8ea73439fb69c13286f849eaf6812d38684b5bedb5,26648,509.58394000001135,0.05104255676269531,0.05859375,14269c18e6a56f09985dea654338c0b32f5e417a5600e334e252b0c1bbf8bd28,True,True,True,1,0.7170478396504154,0.9365505962769265,0.5060149217119367,0.029388981231487237,0.5318369348160359,-0.03525538044706845,0.9360549151188398,0.8470238748157515,0.716769398331857,0.5556447130532517,0.0,0.09225355088710785,5.888726263947319e-06,0.09225628525018692,85.888671875,14.111328125,0.634765625,-0.10994230210781097,-0.01282965112477541,-0.6128835082054138,0.0030948719941079617,-0.06669981777667999,-0.00778349582105875,-0.3718242943286896,0.0018775976495817304,57.958984375,42.041015625,0.0,-0.0012040314031764865,CDP_NEG,285,21281,509.5835776000167,128,128,800,400,400,400,EARLY_STOPPING,False,0,2048,deterministic_evenly_spaced_full_fold,3.65000057220459,6.01635006070137,448,446,99.55357142857143,CDP,1.460840537792371,20,0.99,1.460840537792371
96,COMPLETE,0,42,25813,4032,81354305b7b8066000bae764cd84c6a44c1e035572eb00baa18e30401895a2a4,6d4d4bf8c14384a72deec9ae950f7dbc99365946e460adffb80cf5c9ed8ff111,26648,488.77231319999555,0.08696508407592773,0.107421875,14269c18e6a56f09985dea654338c0b32f5e417a5600e334e252b0c1bbf8bd28,True,True,True,1,0.7310807461477636,0.8040756303131072,0.5224330212272074,0.035731144951763764,0.5185099397395593,0.11764285527481531,0.7955216753087391,0.8600369858091887,0.785386223779082,0.556155079733632,0.0,0.22525618970394135,0.38008421659469604,3.6246497631073,62.6953125,37.3046875,0.0,-0.2871081233024597,-0.19714753329753876,-2.7750847339630127,1.5807504653930664,-0.17223291099071503,-0.11826658248901367,-1.6647419929504395,0.9482743740081787,67.236328125,32.763671875,0.0,-0.012506581842899323,CDP_NEG,20,88401,488.7718592000019,128,128,800,400,400,400,EARLY_STOPPING,False,0,2048,deterministic_evenly_spaced_full_fold,3.6649999618530273,6.109466117620462,448,444,99.10714285714286,CDP,1.4710406730757069,20,0.99,1.4710406730757069
96,COMPLETE,1,42,27493,2352,db92a7db6dfa639d2026ff19c5b1159be2b53d1e09d9e6a72b1b767a05c21400,2ea764e1783688df4d4bc4d6bc4b7c6a52ae545bfb933c403a7aa96e5d21a797,26648,538.7242125000048,0.07943058013916016,0.087890625,14269c18e6a56f09985dea654338c0b32f5e417a5600e334e252b0c1bbf8bd28,True,True,True,1,0.6304192009285682,1.1191411164618683,0.6039908101836055,0.03070932503155261,0.6078023234390841,-0.11212201520236728,1.1137472276946463,0.7971535832479874,0.6644715633186619,0.6471786938256862,0.0,0.294450581073761,0.471904456615448,4.5150651931762695,59.375,40.625,0.0,-0.2057323455810547,-0.1516634225845337,-2.3886618614196777,1.8626253604888916,-0.12508940696716309,-0.09221441298723221,-1.4523544311523438,1.1325136423110962,66.6015625,33.3984375,0.0,-0.013403128832578659,CDP_NEG,15,88401,538.7237445999926,128,128,800,400,400,400,EARLY_STOPPING,False,0,2048,deterministic_evenly_spaced_full_fold,3.6464000701904276,5.997169941663727,448,422,94.19642857142857,CDP,1.4510426770894138,20,0.99,1.4510426770894138
97,COMPLETE,0,42,25813,4032,81354305b7b8066000bae764cd84c6a44c1e035572eb00baa18e30401895a2a4,6d4d4bf8c14384a72deec9ae950f7dbc99365946e460adffb80cf5c9ed8ff111,26648,394.91665759999887,0.06670713424682617,0.072265625,14269c18e6a56f09985dea654338c0b32f5e417a5600e334e252b0c1bbf8bd28,True,True,True,1,0.8554166075154198,0.5895832767008943,0.38548304820892915,0.026199631883797054,0.3801940734786242,-0.015990367570050276,0.5894394953488215,0.9250088519406953,0.8657072754541867,0.2584048851773814,0.0,0.06848908215761185,0.0,-11.342909812927246,100.0,0.0,0.0,-0.15929415822029114,-0.13106000423431396,-0.38736656308174133,-0.043524738401174545,-0.0955587774515152,-0.07862141728401184,-0.232376828789711,-0.026110000908374786,62.158203125,37.841796875,0.0,-0.02333798259496689,CDP_NEG,40,35043,394.91628999999375,128,128,800,400,400,400,EARLY_STOPPING,False,0,2048,deterministic_evenly_spaced_full_fold,3.6649999618530273,6.109466117620462,768,752,97.91666666666667,CDP,1.4710406730757069,20,0.99,1.4710406730757069
97,COMPLETE,1,42,27493,2352,db92a7db6dfa639d2026ff19c5b1159be2b53d1e09d9e6a72b1b767a05c21400,2ea764e1783688df4d4bc4d6bc4b7c6a52ae545bfb933c403a7aa96e5d21a797,26648,412.5405949999986,0.0567779541015625,0.072265625,14269c18e6a56f09985dea654338c0b32f5e417a5600e334e252b0c1bbf8bd28,True,True,True,1,0.7204401679322299,0.9733466469033261,0.4734792417045176,0.026708712698024228,0.5286217661002545,-0.07684111314965095,0.9705151239869375,0.8505229252941997,0.7529351232284792,0.4822665975530062,0.0,0.0926007330417633,0.0,-15.948248863220215,100.0,0.0,0.0,-0.2411244511604309,-0.20415553450584412,-0.5618086457252502,-0.06338067352771759,-0.14660853147506714,-0.12413068115711212,-0.3415909707546234,-0.03853672370314598,41.455078125,58.544921875,0.0,0.01478009857237339,CDP_NEG,60,35043,412.5402415000135,128,128,800,400,400,400,EARLY_STOPPING,False,0,2048,deterministic_evenly_spaced_full_fold,3.6464000701904276,5.997169941663727,768,754,98.17708333333333,CDP,1.4510426770894138,20,0.99,1.4510426770894138
97,COMPLETE,2,42,26989,2856,424f72a3df11b24bdd551a74968aa5efe8f47b52221df203d3bd3ed6f8a96c5a,f1c78e2ff146b5069b0310a8b0222fe8d495ed8d7dbf78dc149a7df8702a8f3a,26648,392.42137060000096,0.06100749969482422,0.072265625,14269c18e6a56f09985dea654338c0b32f5e417a5600e334e252b0c1bbf8bd28,True,True,True,1,0.7701287769864863,0.8202690460071693,0.4623953505479196,0.042869785746352446,0.4793649297670928,-0.04031900613613072,0.8194210074180562,0.8800915696746715,0.8293606525469065,0.32468695557843485,0.0,0.09253264218568802,6.114846407001551e-10,-7.997501373291016,99.951171875,0.048828125,0.0,-0.20035262405872345,-0.15890255570411682,-0.5226171016693115,-0.03582717105746269,-0.12192832678556442,-0.09670311957597733,-0.3180483877658844,-0.021803291514515877,62.109375,37.890625,0.0,-0.022126730531454086,CDP_NEG,25,35043,392.4209251999855,128,128,800,400,400,400,EARLY_STOPPING,False,0,2048,deterministic_evenly_spaced_full_fold,3.663600349426268,6.020027899742124,768,753,98.046875,CDP,1.4524627365104603,20,0.99,1.4524627365104603
97,COMPLETE,3,42,26466,3379,ad1e190147cfc7079fe69ab58be273b0089b28a9cb71d4377b9a01145e874910,b3de2bff6a2b887166deba8883b54b43de7150168fdd2094f9852f380bd9133e,26648,397.60807009998825,0.06362009048461914,0.072265625,14269c18e6a56f09985dea654338c0b32f5e417a5600e334e252b0c1bbf8bd28,True,True,True,1,0.7505922023099082,1.060063255087526,0.47797139198672606,0.032442032968287626,0.49933354239748695,-0.0036360107672309266,1.0602139137230544,0.8663810885360939,0.7466408308725502,0.5538394139113507,0.0,0.0987524762749672,1.7157779552690045e-07,7.956482193787086e+19,99.609375,0.390625,0.0,-0.10293141007423401,-0.08182349056005478,-0.261479914188385,-0.01721183769404888,-0.06286639720201492,-0.04997452348470688,-0.15970149636268616,-0.010512303560972214,59.130859375,40.869140625,0.0,-0.013907764106988907,CDP_NEG,305,35043,397.60769160001655,128,128,800,400,400,400,EARLY_STOPPING,False,0,2048,deterministic_evenly_spaced_full_fold,3.652750015258789,5.9806626215577126,768,752,97.91666666666667,CDP,1.4666426917497317,20,0.99,1.4666426917497317
97,COMPLETE,4,42,27061,2784,2cf8e61e68345fca034455d14ca0a91ba8af3af3a30bcfad11a389cf00a64d26,e85c7d3201b31d98e24a7a8ea73439fb69c13286f849eaf6812d38684b5bedb5,26648,430.20286869999836,0.06136655807495117,0.072265625,14269c18e6a56f09985dea654338c0b32f5e417a5600e334e252b0c1bbf8bd28,True,True,True,1,0.7552789572420284,0.8709844368201314,0.4553863515786946,0.027331513501119488,0.49460402352242056,-0.023394036910842218,0.8708266188525222,0.8691773393734076,0.7586914021104345,0.48004475895220117,0.0,0.08573378622531891,0.0,-14.795212745666504,100.0,0.0,0.0,-0.2008124142885208,-0.16822384297847748,-0.47751882672309875,-0.04576512426137924,-0.12182892113924026,-0.10205807536840439,-0.2897012233734131,-0.02776479534804821,52.34375,47.607421875,0.048828125,-0.005091048777103424,CDP_NEG,55,35043,430.202450199984,128,128,800,400,400,400,EARLY_STOPPING,False,0,2048,deterministic_evenly_spaced_full_fold,3.65000057220459,6.01635006070137,768,736,95.83333333333333,CDP,1.460840537792371,20,0.99,1.460840537792371
98,COMPLETE,0,42,25813,4032,81354305b7b8066000bae764cd84c6a44c1e035572eb00baa18e30401895a2a4,6d4d4bf8c14384a72deec9ae950f7dbc99365946e460adffb80cf5c9ed8ff111,26648,100.02410779998172,0.07117891311645508,0.087890625,14269c18e6a56f09985dea654338c0b32f5e417a5600e334e252b0c1bbf8bd28,True,True,True,1,0.8431588172028485,0.6140673484891186,0.3962019276245089,0.027287643863135078,0.39598268105344614,-0.0327501661586067,0.6132694462644257,0.918854105173857,0.8683928855246361,0.23615768094898634,0.0,0.14099866151809692,0.0006889597279950976,0.14756308495998383,90.478515625,9.521484375,0.0,-0.21442636847496033,-0.1528022587299347,-0.699269711971283,0.051321398466825485,-0.12863196432590485,-0.09166435152292252,-0.41948404908180237,0.030787130817770958,68.06640625,31.93359375,0.0,-0.03516294062137604,CDP_NEG,35,63041,100.02373299997998,128,128,300,75,75,95,EARLY_STOPPING,False,0,2048,deterministic_evenly_spaced_full_fold,3.6649999618530273,6.109466117620462,448,444,99.10714285714286,CDP,1.4710406730757069,20,0.99,1.4710406730757069
98,COMPLETE,1,42,27493,2352,db92a7db6dfa639d2026ff19c5b1159be2b53d1e09d9e6a72b1b767a05c21400,2ea764e1783688df4d4bc4d6bc4b7c6a52ae545bfb933c403a7aa96e5d21a797,26648,107.04703069999232,0.06113433837890625,0.072265625,14269c18e6a56f09985dea654338c0b32f5e417a5600e334e252b0c1bbf8bd28,True,True,True,1,0.706704653759164,0.996971486600516,0.4996694684500622,0.02735698025821627,0.5414523486314586,-0.11281285309359482,0.990778870583539,0.843081147535571,0.6955691557798432,0.5761140174652433,0.0,0.20370589196681976,0.0004928867565467954,0.2084021270275116,84.47265625,15.52734375,0.0,-0.2170877903699875,-0.13813452422618866,-0.7665051221847534,0.08565690368413925,-0.13199374079704285,-0.08398857712745667,-0.46605053544044495,0.05208112299442291,59.814453125,40.185546875,0.0,-0.021349666640162468,CDP_NEG,45,63041,107.04663499997696,128,128,300,75,75,105,EARLY_STOPPING,False,0,2048,deterministic_evenly_spaced_full_fold,3.6464000701904276,5.997169941663727,448,422,94.19642857142857,CDP,1.4510426770894138,20,0.99,1.4510426770894138
98,COMPLETE,2,42,26989,2856,424f72a3df11b24bdd551a74968aa5efe8f47b52221df203d3bd3ed6f8a96c5a,f1c78e2ff146b5069b0310a8b0222fe8d495ed8d7dbf78dc149a7df8702a8f3a,26648,131.38311950000934,0.06383895874023438,0.068359375,14269c18e6a56f09985dea654338c0b32f5e417a5600e334e252b0c1bbf8bd28,True,True,True,1,0.7683558190792438,0.8234262682055428,0.4832248276527397,0.04303479189873225,0.48121000926235047,-0.05431638431346634,0.8217767367722312,0.8774403755231672,0.7902509640832536,0.3943471256928661,0.0,0.19676856696605682,3.0269191483967006e-05,0.19705697894096375,98.291015625,1.708984375,0.0,-0.2976512908935547,-0.23864294588565826,-0.7781817317008972,-0.028580475598573685,-0.18114125728607178,-0.14523062109947205,-0.47357702255249023,-0.01739318110048771,54.4921875,45.5078125,0.0,-0.010592937469482422,CDP_NEG,65,63041,131.3827542999934,128,128,300,75,75,125,EARLY_STOPPING,False,0,2048,deterministic_evenly_spaced_full_fold,3.663600349426268,6.020027899742124,448,432,96.42857142857143,CDP,1.4524627365104603,20,0.99,1.4524627365104603
98,COMPLETE,3,42,26466,3379,ad1e190147cfc7079fe69ab58be273b0089b28a9cb71d4377b9a01145e874910,b3de2bff6a2b887166deba8883b54b43de7150168fdd2094f9852f380bd9133e,26648,173.72594629999367,0.0682525634765625,0.087890625,14269c18e6a56f09985dea654338c0b32f5e417a5600e334e252b0c1bbf8bd28,True,True,True,1,0.7391948598591117,1.0840138732865556,0.5088476693998868,0.03317501445924557,0.5106152720212005,0.0004956138848391044,1.0841742001226706,0.8597873263048333,0.7446264291416168,0.5624034001956942,0.0,0.22742564976215363,0.008817965164780617,0.31144338846206665,77.34375,22.65625,0.0,-0.1624467670917511,-0.12463699281215668,-0.6496058106422424,0.24412328004837036,-0.09921600669622421,-0.07612329721450806,-0.39675331115722656,0.14910076558589935,57.763671875,42.236328125,0.0,-0.016590233892202377,CDP_NEG,95,63041,173.72555780000403,128,128,300,75,75,155,EARLY_STOPPING,False,0,2048,deterministic_evenly_spaced_full_fold,3.652750015258789,5.9806626215577126,448,442,98.66071428571429,CDP,1.4666426917497317,20,0.99,1.4666426917497317
98,COMPLETE,4,42,27061,2784,2cf8e61e68345fca034455d14ca0a91ba8af3af3a30bcfad11a389cf00a64d26,e85c7d3201b31d98e24a7a8ea73439fb69c13286f849eaf6812d38684b5bedb5,26648,137.99260940001113,0.06461429595947266,0.068359375,14269c18e6a56f09985dea654338c0b32f5e417a5600e334e252b0c1bbf8bd28,True,True,True,1,0.7490262422647289,0.8820412463606417,0.47350828192107636,0.027678476462178886,0.5008828297270679,-0.017610672958894034,0.8820238467941405,0.8655432370100241,0.7545569673417807,0.4944537370750048,0.0,0.18353377282619476,0.001202194718644023,0.19498831033706665,92.96875,7.03125,0.0,-0.20928236842155457,-0.19036825001239777,-0.5490560531616211,0.031413111835718155,-0.12696747481822968,-0.11549264937639236,-0.33310145139694214,0.019057713449001312,61.03515625,38.96484375,0.0,-0.020895015448331833,CDP_NEG,60,63041,137.992150999984,128,128,300,75,75,120,EARLY_STOPPING,False,0,2048,deterministic_evenly_spaced_full_fold,3.65000057220459,6.01635006070137,448,446,99.55357142857143,CDP,1.460840537792371,20,0.99,1.460840537792371
99,COMPLETE,0,42,25813,4032,81354305b7b8066000bae764cd84c6a44c1e035572eb00baa18e30401895a2a4,6d4d4bf8c14384a72deec9ae950f7dbc99365946e460adffb80cf5c9ed8ff111,26648,143.7842779000057,0.21141481399536133,0.23046875,14269c18e6a56f09985dea654338c0b32f5e417a5600e334e252b0c1bbf8bd28,True,True,True,1,0.8394788473754676,0.6212295216843858,0.41286936183106654,0.027605913238504753,0.4006012242002347,0.01842438763260217,0.6210332647200602,0.9169580513626915,0.8724707301022103,0.27900012890711656,0.0,0.0769752785563469,5.254847201285884e-05,0.07699462026357651,90.185546875,9.814453125,0.0,-0.15617072582244873,-0.11403949558734894,-0.5127307772636414,0.021152961999177933,-0.0936850756406784,-0.06841100752353668,-0.30758142471313477,0.012689423747360706,76.46484375,23.53515625,0.0,-0.03781138360500336,CDP_NEG,585,141569,143.78380439998,1024,1024,800,400,400,645,EARLY_STOPPING,False,0,2048,deterministic_evenly_spaced_full_fold,3.6649999618530273,6.109466117620462,448,444,99.10714285714286,CDP,1.4710406730757069,20,0.99,1.4710406730757069
99,COMPLETE,1,42,27493,2352,db92a7db6dfa639d2026ff19c5b1159be2b53d1e09d9e6a72b1b767a05c21400,2ea764e1783688df4d4bc4d6bc4b7c6a52ae545bfb933c403a7aa96e5d21a797,26648,102.28255790000549,0.18862342834472656,0.21484375,14269c18e6a56f09985dea654338c0b32f5e417a5600e334e252b0c1bbf8bd28,True,True,True,1,0.6695294774672971,1.0582700739948598,0.5658502084199897,0.029039018579012855,0.5747434352458118,-0.14119049286957652,1.0490322590750565,0.8224747238538196,0.7031520102877672,0.530576381173702,0.0,0.12306806445121765,7.524537795688957e-05,0.12309575825929642,86.572265625,13.427734375,0.0,-0.1613074541091919,-0.11387364566326141,-0.5174679756164551,0.03602323681116104,-0.0980781763792038,-0.06923747062683105,-0.3146309554576874,0.02190285362303257,70.703125,29.296875,0.0,-0.03333419933915138,CDP_NEG,380,141569,102.28210310000577,1024,1024,800,400,400,440,EARLY_STOPPING,False,0,2048,deterministic_evenly_spaced_full_fold,3.6464000701904276,5.997169941663727,448,422,94.19642857142857,CDP,1.4510426770894138,20,0.99,1.4510426770894138
100,COMPLETE,0,42,25813,4032,81354305b7b8066000bae764cd84c6a44c1e035572eb00baa18e30401895a2a4,6d4d4bf8c14384a72deec9ae950f7dbc99365946e460adffb80cf5c9ed8ff111,26648,197.03469610001775,0.07084894180297852,0.08203125,14269c18e6a56f09985dea654338c0b32f5e417a5600e334e252b0c1bbf8bd28,True,True,True,1,0.8454684633849522,0.6095291956821359,0.39594847353723633,0.027085979505148742,0.39305624322873406,0.008403537051529542,0.6095468567710125,0.9197402433905656,0.8648669482999544,0.28451579853979975,0.0,0.07077376544475555,0.00016410586249548942,0.07082346081733704,90.91796875,9.08203125,0.0,-0.11700668185949326,-0.053921643644571304,-0.44586431980133057,0.016568096354603767,-0.07019099593162537,-0.03234698623418808,-0.26746898889541626,0.009939013980329037,61.62109375,38.37890625,0.0,-0.015200624242424965,CDP_NEG,65,60929,197.03426819999004,128,128,200,0,75,125,EARLY_STOPPING,False,0,2048,deterministic_evenly_spaced_full_fold,3.6649999618530273,6.109466117620462,192,192,100.0,CDP,1.4710406730757069,20,0.99,1.4710406730757069
100,COMPLETE,1,42,27493,2352,db92a7db6dfa639d2026ff19c5b1159be2b53d1e09d9e6a72b1b767a05c21400,2ea764e1783688df4d4bc4d6bc4b7c6a52ae545bfb933c403a7aa96e5d21a797,26648,132.14988760001143,0.06090879440307617,0.064453125,14269c18e6a56f09985dea654338c0b32f5e417a5600e334e252b0c1bbf8bd28,True,True,True,1,0.7200470136520611,0.9740308313044407,0.4725383076781952,0.026727486774721337,0.5289933446818483,-0.13030357472440166,0.9654808969908151,0.8517215866782747,0.7418676401057247,0.45384984556216285,0.0,0.08973076939582825,0.0005484886933118105,0.08989686518907547,90.625,9.375,0.0,-0.14264607429504395,-0.09789113700389862,-0.44158267974853516,0.018285589292645454,-0.0867316722869873,-0.05951978266239166,-0.26849114894866943,0.011118005961179733,49.0234375,50.9765625,0.0,0.001107888761907816,CDP_NEG,40,60929,132.1495129999821,128,128,200,0,75,100,EARLY_STOPPING,False,0,2048,deterministic_evenly_spaced_full_fold,3.6464000701904276,5.997169941663727,192,181,94.27083333333333,CDP,1.4510426770894138,20,0.99,1.4510426770894138
100,COMPLETE,2,42,26989,2856,424f72a3df11b24bdd551a74968aa5efe8f47b52221df203d3bd3ed6f8a96c5a,f1c78e2ff146b5069b0310a8b0222fe8d495ed8d7dbf78dc149a7df8702a8f3a,26648,151.628263599996,0.06476783752441406,0.08203125,14269c18e6a56f09985dea654338c0b32f5e417a5600e334e252b0c1bbf8bd28,True,True,True,1,0.7640003618409745,0.8311313967101044,0.4833918012266441,0.04343748563653274,0.48571288353563286,-0.03004160237235098,0.8307337352413539,0.8742512046224911,0.7665398356694643,0.4693411781843574,0.0,0.09427415579557419,0.0005748893599957228,0.09444824606180191,95.361328125,4.638671875,0.0,-0.13786324858665466,-0.10320353507995605,-0.3984934389591217,-0.000698559801094234,-0.08389925211668015,-0.06280643492937088,-0.2425106316804886,-0.0004251216014381498,52.783203125,47.216796875,0.0,-0.0032469742000102997,CDP_NEG,55,60929,151.62788149999687,128,128,200,0,75,115,EARLY_STOPPING,False,0,2048,deterministic_evenly_spaced_full_fold,3.663600349426268,6.020027899742124,192,187,97.39583333333333,CDP,1.4524627365104603,20,0.99,1.4524627365104603
100,COMPLETE,3,42,26466,3379,ad1e190147cfc7079fe69ab58be273b0089b28a9cb71d4377b9a01145e874910,b3de2bff6a2b887166deba8883b54b43de7150168fdd2094f9852f380bd9133e,26648,172.24108059998252,0.06726598739624023,0.08203125,14269c18e6a56f09985dea654338c0b32f5e417a5600e334e252b0c1bbf8bd28,True,True,True,1,0.7334444299001476,1.0958992966769372,0.47229281705753523,0.033538754354598306,0.5162137969544349,-0.0907317097434372,1.092298550171352,0.8591898204124031,0.6916551697285818,0.5877306715273749,0.0,0.09469324350357056,0.00010175612987950444,0.09472405910491943,90.087890625,9.912109375,0.0,-0.08947305381298065,-0.048221372067928314,-0.3214558959007263,0.012306165881454945,-0.0546465739607811,-0.02945169061422348,-0.1963324397802353,0.0075161149725317955,55.029296875,44.970703125,0.0,-0.008416909724473953,CDP_NEG,65,60929,172.24065620001056,128,128,200,0,75,125,EARLY_STOPPING,False,0,2048,deterministic_evenly_spaced_full_fold,3.652750015258789,5.9806626215577126,192,191,99.47916666666667,CDP,1.4666426917497317,20,0.99,1.4666426917497317
100,COMPLETE,4,42,27061,2784,2cf8e61e68345fca034455d14ca0a91ba8af3af3a30bcfad11a389cf00a64d26,e85c7d3201b31d98e24a7a8ea73439fb69c13286f849eaf6812d38684b5bedb5,26648,110.16315950002172,0.06464385986328125,0.08203125,14269c18e6a56f09985dea654338c0b32f5e417a5600e334e252b0c1bbf8bd28,True,True,True,1,0.7361252218951815,0.904427331665418,0.4653283393897579,0.028380952381241786,0.5135951669337832,-0.09745226730981436,0.8993232815659167,0.8602524052365189,0.7150222651240937,0.4970928460779902,0.0,0.08404891937971115,2.8307280445005745e-05,0.08405749499797821,89.404296875,10.595703125,0.0,-0.13816219568252563,-0.07912352681159973,-0.47445717453956604,0.015875427052378654,-0.08382026851177216,-0.04800267890095711,-0.2878437936306,0.009631307795643806,50.5859375,49.4140625,0.0,-0.0005196750280447304,CDP_NEG,25,60929,110.16281030001119,128,128,200,0,75,85,EARLY_STOPPING,False,0,2048,deterministic_evenly_spaced_full_fold,3.65000057220459,6.01635006070137,192,192,100.0,CDP,1.460840537792371,20,0.99,1.460840537792371
101,COMPLETE,0,42,25813,4032,81354305b7b8066000bae764cd84c6a44c1e035572eb00baa18e30401895a2a4,6d4d4bf8c14384a72deec9ae950f7dbc99365946e460adffb80cf5c9ed8ff111,26648,23.758297699998366,0.08418607711791992,0.091796875,14269c18e6a56f09985dea654338c0b32f5e417a5600e334e252b0c1bbf8bd28,True,True,True,1,0.8353726051223452,0.6291250877207132,0.4081550144902495,0.027956772789378567,0.4056926973345612,-0.01622047613521332,0.6289939550707343,0.9153946399418271,0.7924963026387143,0.4077639926887293,0.0,0.1551164984703064,8.911560144042596e-05,0.15599209070205688,94.7265625,5.2734375,0.0,-0.14399908483028412,-0.0930580273270607,-0.42211681604385376,0.0010579342488199472,-0.08638343214988708,-0.05582446604967117,-0.25322312116622925,0.0006346427835524082,71.97265625,28.02734375,0.0,-0.05350338667631149,CDP_NEG,45,63153,23.7579592000111,1024,1024,700,175,175,175,EARLY_STOPPING,False,0,2048,deterministic_evenly_spaced_full_fold,3.6649999618530273,6.109466117620462,448,444,99.10714285714286,CDP,1.4710406730757069,20,0.99,1.4710406730757069
101,COMPLETE,1,42,27493,2352,db92a7db6dfa639d2026ff19c5b1159be2b53d1e09d9e6a72b1b767a05c21400,2ea764e1783688df4d4bc4d6bc4b7c6a52ae545bfb933c403a7aa96e5d21a797,26648,41.54167999999481,0.07344627380371094,0.091796875,14269c18e6a56f09985dea654338c0b32f5e417a5600e334e252b0c1bbf8bd28,True,True,True,1,0.7079630542451818,0.9948304058844012,0.5045043247368592,0.027298228825834058,0.5402895338489588,-0.05234293840337722,0.9936637018633844,0.8419631482774705,0.7185178010574615,0.584651157685207,0.0,0.20457790791988373,1.3874027899873909e-06,0.2045915424823761,99.658203125,0.341796875,0.0,-0.29752618074417114,-0.24404828250408173,-0.6822065114974976,-0.07389022409915924,-0.1809019297361374,-0.14838626980781555,-0.41479530930519104,-0.04492674395442009,35.44921875,64.55078125,0.0,0.05004998296499252,CDP_NEG,250,63153,41.54130330000771,1024,1024,700,175,175,310,EARLY_STOPPING,False,0,2048,deterministic_evenly_spaced_full_fold,3.6464000701904276,5.997169941663727,448,422,94.19642857142857,CDP,1.4510426770894138,20,0.99,1.4510426770894138
101,COMPLETE,2,42,26989,2856,424f72a3df11b24bdd551a74968aa5efe8f47b52221df203d3bd3ed6f8a96c5a,f1c78e2ff146b5069b0310a8b0222fe8d495ed8d7dbf78dc149a7df8702a8f3a,26648,37.51845410000533,0.07872390747070312,0.091796875,14269c18e6a56f09985dea654338c0b32f5e417a5600e334e252b0c1bbf8bd28,True,True,True,1,0.7852551144034894,0.7928215285443612,0.4434358143907677,0.041435293979745456,0.46332461062438424,-0.05966719995182352,0.7907115261528508,0.88789055195873,0.8268293240734431,0.3107533979393495,0.0,0.1866215616464615,8.528377861694025e-07,0.18662993609905243,99.658203125,0.341796875,0.0,-0.26368415355682373,-0.23170533776283264,-0.5788969993591309,-0.050853755325078964,-0.1604699194431305,-0.14100861549377441,-0.3522985875606537,-0.030948001891374588,60.107421875,39.892578125,0.0,-0.028377043083310127,CDP_NEG,175,63153,37.51805479999166,1024,1024,700,175,175,235,EARLY_STOPPING,False,0,2048,deterministic_evenly_spaced_full_fold,3.663600349426268,6.020027899742124,448,432,96.42857142857143,CDP,1.4524627365104603,20,0.99,1.4524627365104603
101,COMPLETE,3,42,26466,3379,ad1e190147cfc7079fe69ab58be273b0089b28a9cb71d4377b9a01145e874910,b3de2bff6a2b887166deba8883b54b43de7150168fdd2094f9852f380bd9133e,26648,31.91404660002445,0.08278322219848633,0.091796875,14269c18e6a56f09985dea654338c0b32f5e417a5600e334e252b0c1bbf8bd28,True,True,True,1,0.7500231759034103,1.0612718386366669,0.4838390847716871,0.03247902029631544,0.4999028351278778,0.013125783747099159,1.061347728036407,0.8665381562738779,0.7259693811746879,0.6160853534784324,0.0,0.212455153465271,1.202926978294272e-05,0.2125733494758606,99.560546875,0.439453125,0.0,-0.2459721863269806,-0.21818608045578003,-0.5006636381149292,-0.0722060352563858,-0.15022999048233032,-0.1332593560218811,-0.3057853877544403,-0.0441005639731884,52.978515625,47.021484375,0.0,-0.009681114926934242,CDP_NEG,155,63153,31.913688600005116,1024,1024,700,175,175,215,EARLY_STOPPING,False,0,2048,deterministic_evenly_spaced_full_fold,3.652750015258789,5.9806626215577126,448,442,98.66071428571429,CDP,1.4666426917497317,20,0.99,1.4666426917497317
101,COMPLETE,4,42,27061,2784,2cf8e61e68345fca034455d14ca0a91ba8af3af3a30bcfad11a389cf00a64d26,e85c7d3201b31d98e24a7a8ea73439fb69c13286f849eaf6812d38684b5bedb5,26648,48.58037089998834,0.07715606689453125,0.091796875,14269c18e6a56f09985dea654338c0b32f5e417a5600e334e252b0c1bbf8bd28,True,True,True,1,0.7525400147250665,0.8758449475268758,0.4656296840899583,0.02748403644916288,0.4973641510864749,-0.04738479851191929,0.8747193181542144,0.8679295915944605,0.7479907582140773,0.47837860296093615,0.0,0.17667977511882782,9.02518820566911e-07,0.17668864130973816,99.853515625,0.146484375,0.0,-0.24921400845050812,-0.21315228939056396,-0.4894900918006897,-0.08865479379892349,-0.15119320154190063,-0.12931528687477112,-0.29696395993232727,-0.05378510802984238,40.673828125,59.326171875,0.0,0.020013803616166115,CDP_NEG,235,63153,48.58000849999371,1024,1024,700,175,175,295,EARLY_STOPPING,False,0,2048,deterministic_evenly_spaced_full_fold,3.65000057220459,6.01635006070137,448,446,99.55357142857143,CDP,1.460840537792371,20,0.99,1.460840537792371
102,COMPLETE,0,42,25813,4032,81354305b7b8066000bae764cd84c6a44c1e035572eb00baa18e30401895a2a4,6d4d4bf8c14384a72deec9ae950f7dbc99365946e460adffb80cf5c9ed8ff111,26648,402.27508389999275,0.07577657699584961,0.08203125,14269c18e6a56f09985dea654338c0b32f5e417a5600e334e252b0c1bbf8bd28,True,True,True,1,0.8457476155065957,0.6089784075275048,0.3885912223868506,0.027061503833148613,0.39270106627509865,0.05662645486362245,0.6064151635970239,0.9212948008768764,0.8868009794512527,0.2879217387986719,0.0,0.07085377722978592,0.00010520989599172026,0.0710720345377922,89.55078125,10.44921875,0.0,-0.11135004460811615,-0.04247092083096504,-0.44023194909095764,0.015292156487703323,-0.0667976438999176,-0.025477826595306396,-0.2640901803970337,0.009173592552542686,50.390625,49.609375,0.0,-0.0004859646433033049,CDP_NEG,25,76033,402.2747310999839,128,128,800,400,400,400,EARLY_STOPPING,False,0,2048,deterministic_evenly_spaced_full_fold,3.6649999618530273,6.109466117620462,448,444,99.10714285714286,CDP,1.4710406730757069,20,0.99,1.4710406730757069
102,COMPLETE,1,42,27493,2352,db92a7db6dfa639d2026ff19c5b1159be2b53d1e09d9e6a72b1b767a05c21400,2ea764e1783688df4d4bc4d6bc4b7c6a52ae545bfb933c403a7aa96e5d21a797,26648,425.9944835000206,0.06695127487182617,0.08203125,14269c18e6a56f09985dea654338c0b32f5e417a5600e334e252b0c1bbf8bd28,True,True,True,1,0.7187964158946872,0.9762039880027623,0.4863777280401844,0.02678711837471495,0.530173579838084,0.023382921673066052,0.9761314363649174,0.848272948874044,0.7405047656584731,0.6106205262521739,0.0,0.09269975870847702,0.0004705215396825224,0.09367583692073822,80.029296875,19.970703125,0.0,-0.09871792048215866,-0.0618385374546051,-0.378202348947525,0.03948599100112915,-0.06002248078584671,-0.03759907931089401,-0.22995464503765106,0.02400827780365944,53.90625,46.09375,0.0,-0.0064830537885427475,CDP_NEG,20,76033,425.9940806000086,128,128,800,400,400,400,EARLY_STOPPING,False,0,2048,deterministic_evenly_spaced_full_fold,3.6464000701904276,5.997169941663727,448,422,94.19642857142857,CDP,1.4510426770894138,20,0.99,1.4510426770894138
102,COMPLETE,2,42,26989,2856,424f72a3df11b24bdd551a74968aa5efe8f47b52221df203d3bd3ed6f8a96c5a,f1c78e2ff146b5069b0310a8b0222fe8d495ed8d7dbf78dc149a7df8702a8f3a,26648,413.10916379999253,0.06990575790405273,0.08203125,14269c18e6a56f09985dea654338c0b32f5e417a5600e334e252b0c1bbf8bd28,True,True,True,1,0.7661300147923288,0.8273728470808166,0.46395178071643206,0.04324105226127748,0.483516388510202,-0.08751225866721708,0.8228757628508243,0.8774294895551883,0.7994567068069142,0.3414597146197186,0.0,0.09327138215303421,0.0009013455710373819,0.09514119476079941,92.333984375,7.666015625,0.0,-0.14932823181152344,-0.10956306010484695,-0.4828457534313202,0.017013434320688248,-0.09087647497653961,-0.06667664647102356,-0.2938447892665863,0.010353843681514263,57.470703125,42.529296875,0.0,-0.006265690084546804,CDP_NEG,35,76033,413.1088143000088,128,128,800,400,400,400,EARLY_STOPPING,False,0,2048,deterministic_evenly_spaced_full_fold,3.663600349426268,6.020027899742124,448,432,96.42857142857143,CDP,1.4524627365104603,20,0.99,1.4524627365104603
102,COMPLETE,3,42,26466,3379,ad1e190147cfc7079fe69ab58be273b0089b28a9cb71d4377b9a01145e874910,b3de2bff6a2b887166deba8883b54b43de7150168fdd2094f9852f380bd9133e,26648,412.7824847000011,0.07503461837768555,0.08203125,14269c18e6a56f09985dea654338c0b32f5e417a5600e334e252b0c1bbf8bd28,True,True,True,1,0.7436802032177046,1.0746519773914491,0.4633694462243091,0.032888504259201284,0.5062054326852695,-0.05654294720254373,1.073322273610767,0.862958160993835,0.7295765103827354,0.5384797245114339,0.0,0.09362376481294632,0.00015810626791790128,0.0939517542719841,74.365234375,25.634765625,0.0,-0.048797570168972015,-0.018596677109599113,-0.2310657799243927,0.035984378308057785,-0.02980361133813858,-0.0113581083714962,-0.14112575352191925,0.021977823227643967,58.447265625,41.552734375,0.0,-0.00580283347517252,CDP_NEG,155,76033,412.782128699997,128,128,800,400,400,400,EARLY_STOPPING,False,0,2048,deterministic_evenly_spaced_full_fold,3.652750015258789,5.9806626215577126,448,442,98.66071428571429,CDP,1.4666426917497317,20,0.99,1.4666426917497317
102,COMPLETE,4,42,27061,2784,2cf8e61e68345fca034455d14ca0a91ba8af3af3a30bcfad11a389cf00a64d26,e85c7d3201b31d98e24a7a8ea73439fb69c13286f849eaf6812d38684b5bedb5,26648,462.73184610001044,0.06865978240966797,0.08203125,14269c18e6a56f09985dea654338c0b32f5e417a5600e334e252b0c1bbf8bd28,True,True,True,1,0.7398890261429067,0.8979539706220979,0.46440164762930963,0.028177818149131895,0.5099191535833855,0.015249667077814697,0.8979857618214299,0.8643566032295917,0.820191592126086,0.39038146568667215,0.0,0.08843553066253662,0.00015608228568453342,0.08875931799411774,69.677734375,30.322265625,0.048828125,-0.04004523158073425,-0.0081394724547863,-0.22560839354991913,0.03332465887069702,-0.024294652044773102,-0.004938057158142328,-0.13687214255332947,0.0202174112200737,54.1015625,45.8984375,0.0,-0.0017281705513596535,CDP_NEG,360,76033,462.73149939998984,128,128,800,400,400,420,EARLY_STOPPING,False,0,2048,deterministic_evenly_spaced_full_fold,3.65000057220459,6.01635006070137,448,446,99.55357142857143,CDP,1.460840537792371,20,0.99,1.460840537792371
103,COMPLETE,0,42,25813,4032,81354305b7b8066000bae764cd84c6a44c1e035572eb00baa18e30401895a2a4,6d4d4bf8c14384a72deec9ae950f7dbc99365946e460adffb80cf5c9ed8ff111,26648,84.29339239999535,0.14221668243408203,0.146484375,14269c18e6a56f09985dea654338c0b32f5e417a5600e334e252b0c1bbf8bd28,True,True,True,1,0.4384773316338382,1.161902263210931,0.9850082953698658,0.0516320811394393,0.749255231434088,0.8288933130174955,0.8143200896962678,0.8627338306237261,0.622128205150345,1.6009844818024799,0.0,0.10937409847974777,0.017395712435245514,0.26755213737487793,97.314453125,2.685546875,65.478515625,-0.24976645410060883,-4.319078596290091e-15,-1.8832460641860962,2.3006815911852342e-23,-0.1498320996761322,-2.590966635983077e-15,-1.1297380924224854,1.3801530166790506e-23,20.458984375,12.01171875,67.529296875,-1.664021702846283e-36,CDP_NEG,335,57089,84.29300010000588,1024,1024,800,400,400,400,EARLY_STOPPING,False,0,2048,deterministic_evenly_spaced_full_fold,3.6649999618530273,6.109466117620462,640,618,96.5625,CDP,1.4710406730757069,20,0.99,1.4710406730757069
103,COMPLETE,1,42,27493,2352,db92a7db6dfa639d2026ff19c5b1159be2b53d1e09d9e6a72b1b767a05c21400,2ea764e1783688df4d4bc4d6bc4b7c6a52ae545bfb933c403a7aa96e5d21a797,26648,76.68330660002539,0.12492847442626953,0.14453125,14269c18e6a56f09985dea654338c0b32f5e417a5600e334e252b0c1bbf8bd28,True,True,True,1,0.4548079146100297,1.3592674681854928,0.9999263510250543,0.03729841203340879,0.7382142548298137,0.6857502718604974,1.1738570925609375,0.7857109570862008,0.49620088873346996,1.8258474456678098,0.0,0.12472422420978546,0.012417960911989212,0.2376399040222168,97.0703125,2.9296875,57.32421875,-0.2757212817668915,-6.208430436416279e-10,-1.7109720706939697,4.6023543460868534e-18,-0.16764411330223083,-3.774850432236576e-10,-1.040305495262146,2.798323888126066e-18,28.41796875,10.693359375,60.888671875,-2.632162994597457e-24,CDP_NEG,195,57089,76.68290859999252,1024,1024,800,400,400,400,EARLY_STOPPING,False,0,2048,deterministic_evenly_spaced_full_fold,3.6464000701904276,5.997169941663727,640,633,98.90625,CDP,1.4510426770894138,20,0.99,1.4510426770894138
104,COMPLETE,0,42,25813,4032,81354305b7b8066000bae764cd84c6a44c1e035572eb00baa18e30401895a2a4,6d4d4bf8c14384a72deec9ae950f7dbc99365946e460adffb80cf5c9ed8ff111,26648,127.02852890000213,0.10489940643310547,0.12109375,14269c18e6a56f09985dea654338c0b32f5e417a5600e334e252b0c1bbf8bd28,True,True,True,1,0.8551835813351616,0.590058203397712,0.37869069438798647,0.026220736459045588,0.38050033100424,-0.038743466800951865,0.5888579010091017,0.9251392771564367,0.8638815371849922,0.23938224800628774,0.0,0.07059680670499802,6.062828833819367e-05,0.07070145010948181,86.865234375,13.134765625,0.0,-0.1444637030363083,-0.09541793167591095,-0.5253155827522278,0.028178300708532333,-0.086662158370018,-0.05724014341831207,-0.31513088941574097,0.016903845593333244,71.2890625,28.7109375,0.0,-0.03462575748562813,CDP_NEG,55,27617,127.02817330000107,128,128,800,0,75,115,EARLY_STOPPING,False,0,2048,deterministic_evenly_spaced_full_fold,3.6649999618530273,6.109466117620462,384,369,96.09375,CDP,1.4710406730757069,20,0.99,1.4710406730757069
104,COMPLETE,1,42,27493,2352,db92a7db6dfa639d2026ff19c5b1159be2b53d1e09d9e6a72b1b767a05c21400,2ea764e1783688df4d4bc4d6bc4b7c6a52ae545bfb933c403a7aa96e5d21a797,26648,151.0671451999806,0.09330606460571289,0.099609375,14269c18e6a56f09985dea654338c0b32f5e417a5600e334e252b0c1bbf8bd28,True,True,True,1,0.6966487158135608,1.0139185543149527,0.5197710355975013,0.02782200920150065,0.5506562523937284,-0.13361904788984075,1.0052892441702401,0.8378101604717854,0.6994437597317351,0.546539595579296,0.0,0.10760345309972763,7.602250116178766e-05,0.10773466527462006,91.845703125,8.154296875,0.048828125,-0.18345817923545837,-0.10512235760688782,-0.6182243824005127,0.028118524700403214,-0.11154625564813614,-0.06391650438308716,-0.37589287757873535,0.0170966275036335,60.986328125,39.013671875,0.0,-0.021451929584145546,CDP_NEG,60,27617,151.06668940000236,128,128,800,0,75,120,EARLY_STOPPING,False,0,2048,deterministic_evenly_spaced_full_fold,3.6464000701904276,5.997169941663727,384,377,98.17708333333333,CDP,1.4510426770894138,20,0.99,1.4510426770894138
105,COMPLETE,0,42,25813,4032,81354305b7b8066000bae764cd84c6a44c1e035572eb00baa18e30401895a2a4,6d4d4bf8c14384a72deec9ae950f7dbc99365946e460adffb80cf5c9ed8ff111,26648,443.90951629998744,0.06532812118530273,0.087890625,14269c18e6a56f09985dea654338c0b32f5e417a5600e334e252b0c1bbf8bd28,True,True,True,1,0.842819494719456,0.6147312502667077,0.4003580230659397,0.02731714602655661,0.3964107995757755,-0.07866615174942934,0.6097527027556984,0.9194750909824916,0.8513202097903008,0.22512564896802467,0.0,0.07166581600904465,0.0005019214586354792,0.07277709990739822,65.72265625,34.27734375,0.0,-0.07587485015392303,-0.04481583088636398,-0.32437455654144287,0.07862240076065063,-0.045516468584537506,-0.02688451111316681,-0.19458864629268646,0.04716469347476959,61.962890625,37.98828125,0.048828125,-0.02139052376151085,CDP_NEG,15,48321,443.909021200001,128,128,700,350,350,350,EARLY_STOPPING,False,0,2048,deterministic_evenly_spaced_full_fold,3.6649999618530273,6.109466117620462,448,448,100.0,CDP,1.4710406730757069,20,0.99,1.4710406730757069
105,COMPLETE,1,42,27493,2352,db92a7db6dfa639d2026ff19c5b1159be2b53d1e09d9e6a72b1b767a05c21400,2ea764e1783688df4d4bc4d6bc4b7c6a52ae545bfb933c403a7aa96e5d21a797,26648,470.90779830000247,0.05721235275268555,0.06640625,14269c18e6a56f09985dea654338c0b32f5e417a5600e334e252b0c1bbf8bd28,True,True,True,1,0.7273437081713419,0.9612534546368471,0.46848245470809946,0.026376874499500658,0.5220539881415649,-0.06888463868772243,0.9589859853036962,0.8536707066521138,0.7314240826227789,0.5389025477261135,0.0,0.08811181038618088,0.0005015538772568107,0.08922227472066879,85.7421875,14.2578125,0.0,-0.09685724973678589,-0.08670498430728912,-0.2857825756072998,0.06601178646087646,-0.05889115855097771,-0.052718378603458405,-0.17376156151294708,0.04013649374246597,34.9609375,65.0390625,0.0,0.04881516098976135,CDP_NEG,70,48321,470.907303999993,128,128,700,350,350,350,EARLY_STOPPING,False,0,2048,deterministic_evenly_spaced_full_fold,3.6464000701904276,5.997169941663727,448,424,94.64285714285714,CDP,1.4510426770894138,20,0.99,1.4510426770894138
105,COMPLETE,2,42,26989,2856,424f72a3df11b24bdd551a74968aa5efe8f47b52221df203d3bd3ed6f8a96c5a,f1c78e2ff146b5069b0310a8b0222fe8d495ed8d7dbf78dc149a7df8702a8f3a,26648,474.8791555999778,0.06105661392211914,0.068359375,14269c18e6a56f09985dea654338c0b32f5e417a5600e334e252b0c1bbf8bd28,True,True,True,1,0.7811645798851308,0.800336877355015,0.4528337173002149,0.0418280692464584,0.46771657771412223,-0.09413841314332075,0.7949203289271636,0.8856428440058562,0.7959451053986262,0.3423450483690541,0.0,0.08848820626735687,9.497783139522653e-06,0.08850923180580139,94.62890625,5.37109375,0.0,-0.1730060577392578,-0.11927655339241028,-0.5134864449501038,0.0017331312410533428,-0.10528606921434402,-0.07258796691894531,-0.312491774559021,0.0010547293350100517,47.314453125,52.685546875,0.0,0.006970776244997978,CDP_NEG,40,48321,474.878652400017,128,128,700,350,350,350,EARLY_STOPPING,False,0,2048,deterministic_evenly_spaced_full_fold,3.663600349426268,6.020027899742124,448,436,97.32142857142857,CDP,1.4524627365104603,20,0.99,1.4524627365104603
105,COMPLETE,3,42,26466,3379,ad1e190147cfc7079fe69ab58be273b0089b28a9cb71d4377b9a01145e874910,b3de2bff6a2b887166deba8883b54b43de7150168fdd2094f9852f380bd9133e,26648,435.6817615000182,0.06341218948364258,0.068359375,14269c18e6a56f09985dea654338c0b32f5e417a5600e334e252b0c1bbf8bd28,True,True,True,1,0.7353948358223998,1.0918825492244661,0.4777814446403325,0.03341582635699726,0.5143217431314837,-0.06618253566750476,1.0900362423145806,0.8589262461701075,0.7057621984940381,0.5812396354579241,0.0,0.09494072198867798,0.0019607350695878267,0.09928189218044281,84.814453125,15.185546875,0.0,-0.13930685818195343,-0.09972748905420303,-0.483372300863266,0.04856210947036743,-0.08508307486772537,-0.06090956926345825,-0.29522451758384705,0.029659798368811607,51.7578125,48.2421875,0.0,-0.0049298666417598724,CDP_NEG,35,48321,435.6812546000001,128,128,700,350,350,350,EARLY_STOPPING,False,0,2048,deterministic_evenly_spaced_full_fold,3.652750015258789,5.9806626215577126,448,445,99.33035714285714,CDP,1.4666426917497317,20,0.99,1.4666426917497317
105,COMPLETE,4,42,27061,2784,2cf8e61e68345fca034455d14ca0a91ba8af3af3a30bcfad11a389cf00a64d26,e85c7d3201b31d98e24a7a8ea73439fb69c13286f849eaf6812d38684b5bedb5,26648,379.4952440999914,0.05972576141357422,0.06640625,14269c18e6a56f09985dea654338c0b32f5e417a5600e334e252b0c1bbf8bd28,True,True,True,1,0.7607059286780038,0.8612727506691122,0.4457087733010656,0.027026760545803444,0.48908906958935394,-0.04584470119491392,0.8602062559529289,0.8725898872872828,0.7566991803711759,0.4617504393747677,0.0,0.08180219680070877,8.306555537274107e-05,0.08198610693216324,92.822265625,7.177734375,0.0,-0.1410646140575409,-0.10183367878198624,-0.41797715425491333,0.011689450591802597,-0.08558110892772675,-0.061780475080013275,-0.25357845425605774,0.00709175830706954,41.89453125,58.10546875,0.0,0.02116488665342331,CDP_NEG,35,48321,379.49481839998043,128,128,700,350,350,350,EARLY_STOPPING,False,0,2048,deterministic_evenly_spaced_full_fold,3.65000057220459,6.01635006070137,448,448,100.0,CDP,1.460840537792371,20,0.99,1.460840537792371
106,COMPLETE,0,42,25813,4032,81354305b7b8066000bae764cd84c6a44c1e035572eb00baa18e30401895a2a4,6d4d4bf8c14384a72deec9ae950f7dbc99365946e460adffb80cf5c9ed8ff111,26648,87.12579140000162,0.05960655212402344,0.06640625,14269c18e6a56f09985dea654338c0b32f5e417a5600e334e252b0c1bbf8bd28,True,True,True,1,0.009509681387599889,1.543160394506771,0.9499370806792978,0.06857425553174804,0.9951103764363608,-0.2221199445735288,1.527280344784315,0.18522541664695347,0.04642275225640424,1.726288435655155,0.0,0.28434592485427856,0.12419439852237701,0.3079772889614105,50.634765625,49.365234375,0.0,0.007374502718448639,-0.014708543196320534,-1.3112159967422485,1.4025118350982666,0.004423881880939007,-0.008823489770293236,-0.7865837216377258,0.8413510322570801,53.7109375,46.2890625,0.0,-0.006842254661023617,CDP_NEG,5,30241,87.12538020001375,128,128,150,38,75,75,EARLY_STOPPING,False,0,2048,deterministic_evenly_spaced_full_fold,3.6649999618530273,6.109466117620462,448,448,100.0,CDP,1.4710406730757069,20,0.99,1.4710406730757069
106,COMPLETE,1,42,27493,2352,db92a7db6dfa639d2026ff19c5b1159be2b53d1e09d9e6a72b1b767a05c21400,2ea764e1783688df4d4bc4d6bc4b7c6a52ae545bfb933c403a7aa96e5d21a797,26648,115.68518400000175,0.05129051208496094,0.0625,14269c18e6a56f09985dea654338c0b32f5e417a5600e334e252b0c1bbf8bd28,True,True,True,1,0.05168401077389051,1.7926961599579498,1.1338822663378376,0.049191731274257654,0.9736081314638138,-0.24792919144332157,1.77584669036037,0.28085178575903313,0.10560366143378533,1.7760893410615675,0.0,0.3523605465888977,1.3184316158294678,0.6032279133796692,53.125,46.875,0.0,0.04900155961513519,-0.14557349681854248,-3.5327422618865967,4.276838302612305,0.02979394793510437,-0.08851161599159241,-2.1479783058166504,2.6004037857055664,52.783203125,47.216796875,0.0,-0.01227901503443718,CDP_NEG,30,30241,115.68481100001372,128,128,150,38,75,90,EARLY_STOPPING,False,0,2048,deterministic_evenly_spaced_full_fold,3.6464000701904276,5.997169941663727,448,424,94.64285714285714,CDP,1.4510426770894138,20,0.99,1.4510426770894138
107,COMPLETE,0,42,25813,4032,81354305b7b8066000bae764cd84c6a44c1e035572eb00baa18e30401895a2a4,6d4d4bf8c14384a72deec9ae950f7dbc99365946e460adffb80cf5c9ed8ff111,26648,118.63533449999522,0.06556892395019531,0.087890625,14269c18e6a56f09985dea654338c0b32f5e417a5600e334e252b0c1bbf8bd28,True,True,True,1,0.85341290672427,0.5936545730729751,0.3713246649975421,0.02638055028914129,0.3828194579038772,0.0005519150580521599,0.5937279480612245,0.9239874859755911,0.870786372816832,0.26456923996713344,0.0,0.066157765686512,5.497302026924444e-07,0.06615836173295975,98.828125,1.171875,0.0,-0.19946306943893433,-0.1311127245426178,-0.6250019073486328,-0.02364175207912922,-0.11965566128492355,-0.07865303754806519,-0.37493160367012024,-0.014182421378791332,55.615234375,44.384765625,0.0,-0.00765819801017642,CDP_NEG,275,42209,118.63492979999864,512,512,600,150,150,335,EARLY_STOPPING,False,0,2048,deterministic_evenly_spaced_full_fold,3.6649999618530273,6.109466117620462,1536,1496,97.39583333333333,CDP,1.4710406730757069,20,0.99,1.4710406730757069
107,COMPLETE,1,42,27493,2352,db92a7db6dfa639d2026ff19c5b1159be2b53d1e09d9e6a72b1b767a05c21400,2ea764e1783688df4d4bc4d6bc4b7c6a52ae545bfb933c403a7aa96e5d21a797,26648,120.94273149999208,0.05930948257446289,0.06640625,14269c18e6a56f09985dea654338c0b32f5e417a5600e334e252b0c1bbf8bd28,True,True,True,1,0.7253449927118585,0.9647702706024279,0.4704166498355137,0.026473376221200072,0.5239639607835722,-0.08324501646815666,0.9613765669809153,0.8535122195303335,0.7567044487841466,0.4673327121105297,0.0,0.09046804904937744,2.4376288365601795e-07,0.09046830981969833,99.267578125,0.732421875,0.0,-0.18308228254318237,-0.1210881769657135,-0.5458313822746277,-0.02293289452791214,-0.1113177090883255,-0.07362404465675354,-0.3318764865398407,-0.013943661004304886,54.052734375,45.947265625,0.0,-0.010937095619738102,CDP_NEG,310,42209,120.94226869998965,512,512,600,150,150,370,EARLY_STOPPING,False,0,2048,deterministic_evenly_spaced_full_fold,3.6464000701904276,5.997169941663727,1536,1500,97.65625,CDP,1.4510426770894138,20,0.99,1.4510426770894138
107,COMPLETE,2,42,26989,2856,424f72a3df11b24bdd551a74968aa5efe8f47b52221df203d3bd3ed6f8a96c5a,f1c78e2ff146b5069b0310a8b0222fe8d495ed8d7dbf78dc149a7df8702a8f3a,26648,74.6466435000184,0.06079292297363281,0.06640625,14269c18e6a56f09985dea654338c0b32f5e417a5600e334e252b0c1bbf8bd28,True,True,True,1,0.7590092137466542,0.8398741976874208,0.4616597781730007,0.04389441133249187,0.49082217322157123,-0.06686920678655223,0.8373545738011319,0.8732733502163984,0.8023328812261531,0.35595048787518685,0.0,0.0921582356095314,6.682312800876389e-07,0.0921589583158493,97.55859375,2.44140625,0.0,-0.21824702620506287,-0.16844086349010468,-0.6078359484672546,-0.014338936656713486,-0.1328182965517044,-0.1025078296661377,-0.3699098825454712,-0.008726228028535843,69.970703125,30.029296875,0.0,-0.03665965050458908,CDP_NEG,160,42209,74.64621830001124,512,512,600,150,150,220,EARLY_STOPPING,False,0,2048,deterministic_evenly_spaced_full_fold,3.663600349426268,6.020027899742124,1536,1495,97.33072916666667,CDP,1.4524627365104603,20,0.99,1.4524627365104603
107,COMPLETE,3,42,26466,3379,ad1e190147cfc7079fe69ab58be273b0089b28a9cb71d4377b9a01145e874910,b3de2bff6a2b887166deba8883b54b43de7150168fdd2094f9852f380bd9133e,26648,120.15405250000185,0.06258535385131836,0.0859375,14269c18e6a56f09985dea654338c0b32f5e417a5600e334e252b0c1bbf8bd28,True,True,True,1,0.7368267046980006,1.088924267113932,0.480903924245845,0.033325291490045844,0.5129282701678896,-0.007055880339163956,1.0890625704854213,0.8597319952168319,0.697895713630904,0.6576752044715538,0.0,0.09748886525630951,0.0,0.09748886525630951,100.0,0.0,0.0,-0.208286315202713,-0.13746514916419983,-0.6341354846954346,-0.02737193927168846,-0.12721297144889832,-0.0839582234621048,-0.3873046338558197,-0.016717689111828804,56.689453125,43.310546875,0.0,-0.01279187947511673,CDP_NEG,270,42209,120.15315399999963,512,512,600,150,150,330,EARLY_STOPPING,False,0,2048,deterministic_evenly_spaced_full_fold,3.652750015258789,5.9806626215577126,1536,1505,97.98177083333333,CDP,1.4666426917497317,20,0.99,1.4666426917497317
107,COMPLETE,4,42,27061,2784,2cf8e61e68345fca034455d14ca0a91ba8af3af3a30bcfad11a389cf00a64d26,e85c7d3201b31d98e24a7a8ea73439fb69c13286f849eaf6812d38684b5bedb5,26648,162.1534665999934,0.060744285583496094,0.06640625,14269c18e6a56f09985dea654338c0b32f5e417a5600e334e252b0c1bbf8bd28,True,True,True,1,0.7365962479954538,0.9036197532331649,0.46719715036544646,0.028355610549756344,0.5131365691391307,0.03032878371926216,0.9032728776618044,0.8611038394450815,0.7999461627960983,0.44769834199669095,0.0,0.08401361852884293,0.0,0.08401361852884293,100.0,0.0,0.0,-0.21885840594768524,-0.1457800567150116,-0.6625958681106567,-0.03714744374155998,-0.13277706503868103,-0.0884418711066246,-0.4019837975502014,-0.022536620497703552,54.39453125,45.60546875,0.0,-0.0091478880494833,CDP_NEG,315,42209,162.15295390001847,512,512,600,150,150,375,EARLY_STOPPING,False,0,2048,deterministic_evenly_spaced_full_fold,3.65000057220459,6.01635006070137,1536,1511,98.37239583333333,CDP,1.460840537792371,20,0.99,1.460840537792371
108,COMPLETE,0,42,25813,4032,81354305b7b8066000bae764cd84c6a44c1e035572eb00baa18e30401895a2a4,6d4d4bf8c14384a72deec9ae950f7dbc99365946e460adffb80cf5c9ed8ff111,26648,145.74676320000435,0.05843210220336914,0.078125,14269c18e6a56f09985dea654338c0b32f5e417a5600e334e252b0c1bbf8bd28,True,True,True,1,0.7938930346563167,0.7039345565901866,0.46287882494652877,0.03128112173762207,0.4539337479685102,-0.04966939890090587,0.7022671336652371,0.8917313053249522,0.8097160542353238,0.3391306017578394,0.0,0.09002602845430374,0.00038524458068422973,0.09003420174121857,46.58203125,53.41796875,0.048828125,-0.02652623876929283,0.0005797593621537089,-0.21412067115306854,0.08738280832767487,-0.015912793576717377,0.00034779112320393324,-0.12844857573509216,0.05241996422410011,76.3671875,23.583984375,0.048828125,-0.014713193289935589,CDP_NEG,700,42593,145.74624290000065,1024,1024,700,350,350,700,MAX_EPOCHS,False,0,2048,deterministic_evenly_spaced_full_fold,3.6649999618530273,6.109466117620462,448,448,100.0,CDP,1.4710406730757069,20,0.99,1.4710406730757069
108,COMPLETE,1,42,27493,2352,db92a7db6dfa639d2026ff19c5b1159be2b53d1e09d9e6a72b1b767a05c21400,2ea764e1783688df4d4bc4d6bc4b7c6a52ae545bfb933c403a7aa96e5d21a797,26648,115.1926370000001,0.05192375183105469,0.056640625,14269c18e6a56f09985dea654338c0b32f5e417a5600e334e252b0c1bbf8bd28,True,True,True,1,0.6770387671286615,1.0461774357083289,0.5583812739006339,0.028707195581744994,0.5681759581520396,-0.11425086058720592,1.0401413157679753,0.8251731989826143,0.6846274029350586,0.599437191990149,0.0,0.12292878329753876,0.0005900633987039328,0.12294130772352219,26.708984375,73.291015625,0.0,0.0036082440055906773,0.011921709403395653,-0.12340881675481796,0.10169567912817001,0.002193884924054146,0.00724863912910223,-0.07503505051136017,0.06183302029967308,84.619140625,15.380859375,0.0,-0.022711455821990967,CDP_NEG,475,42593,115.18985710002016,1024,1024,700,350,350,535,EARLY_STOPPING,False,0,2048,deterministic_evenly_spaced_full_fold,3.6464000701904276,5.997169941663727,448,424,94.64285714285714,CDP,1.4510426770894138,20,0.99,1.4510426770894138
109,COMPLETE,0,42,25813,4032,81354305b7b8066000bae764cd84c6a44c1e035572eb00baa18e30401895a2a4,6d4d4bf8c14384a72deec9ae950f7dbc99365946e460adffb80cf5c9ed8ff111,26648,21.823754800017923,0.06754684448242188,0.08984375,14269c18e6a56f09985dea654338c0b32f5e417a5600e334e252b0c1bbf8bd28,True,True,True,1,0.8480668775195529,0.6043829202525136,0.4040991309396174,0.026857291672306535,0.3897376561925151,0.02464929994300566,0.603954959388694,0.9222839626545856,0.894724432165053,0.23975489216252263,0.0,0.07105083763599396,0.004285106435418129,0.07165300846099854,72.998046875,27.001953125,0.0,-0.13630524277687073,-0.08069663494825363,-0.6558704972267151,0.2370716780424118,-0.0817679762840271,-0.04840900003910065,-0.3934493064880371,0.14221662282943726,73.486328125,26.513671875,0.0,-0.038611918687820435,CDP_NEG,10,70977,21.82339529998717,512,512,600,60,75,75,EARLY_STOPPING,False,0,2048,deterministic_evenly_spaced_full_fold,3.6649999618530273,6.109466117620462,448,448,100.0,CDP,1.4710406730757069,20,0.99,1.4710406730757069
109,COMPLETE,1,42,27493,2352,db92a7db6dfa639d2026ff19c5b1159be2b53d1e09d9e6a72b1b767a05c21400,2ea764e1783688df4d4bc4d6bc4b7c6a52ae545bfb933c403a7aa96e5d21a797,26648,28.364307499985443,0.060819149017333984,0.068359375,14269c18e6a56f09985dea654338c0b32f5e417a5600e334e252b0c1bbf8bd28,True,True,True,1,0.7132281015791437,0.9858218672268553,0.4951648335716985,0.027051033778109877,0.5353970223986088,-0.04576887087548012,0.9849682474047622,0.8455351627316122,0.7427615573897787,0.5363616149787365,0.0,0.09498392790555954,0.00016087040421552956,0.0950065329670906,81.0546875,18.9453125,0.0,-0.18644434213638306,-0.12092974781990051,-0.6303910613059998,0.05265422537922859,-0.1133619025349617,-0.07352772355079651,-0.38329046964645386,0.03201482817530632,37.158203125,62.79296875,0.048828125,0.025527503341436386,CDP_NEG,35,70977,28.36393880000105,512,512,600,60,75,95,EARLY_STOPPING,False,0,2048,deterministic_evenly_spaced_full_fold,3.6464000701904276,5.997169941663727,448,426,95.08928571428571,CDP,1.4510426770894138,20,0.99,1.4510426770894138
110,COMPLETE,0,42,25813,4032,81354305b7b8066000bae764cd84c6a44c1e035572eb00baa18e30401895a2a4,6d4d4bf8c14384a72deec9ae950f7dbc99365946e460adffb80cf5c9ed8ff111,26648,8.87082680000458,0.13486003875732422,0.201171875,14269c18e6a56f09985dea654338c0b32f5e417a5600e334e252b0c1bbf8bd28,True,True,True,1,0.8074220341074372,0.6804390798756248,0.47581589267354013,0.03023704049383175,0.4387826381025443,0.01008741801088613,0.6804486897284997,0.8986972425704224,0.8201216210515521,0.37762611694106857,0.0,0.09379030764102936,0.008447268977761269,0.09394081681966782,26.5625,73.4375,0.0,0.0770057961344719,0.08767926692962646,-0.19712448120117188,0.32262328267097473,0.04619491472840309,0.052597805857658386,-0.11825275421142578,0.19353806972503662,99.853515625,0.146484375,0.0,-0.04685503989458084,CDP_NEG,700,56673,8.870420899998862,FULL_BATCH,25813,700,350,350,700,MAX_EPOCHS,False,0,2048,deterministic_evenly_spaced_full_fold,3.6649999618530273,6.109466117620462,3584,3544,98.88392857142857,CDP,1.4710406730757069,20,0.99,1.4710406730757069
110,COMPLETE,1,42,27493,2352,db92a7db6dfa639d2026ff19c5b1159be2b53d1e09d9e6a72b1b767a05c21400,2ea764e1783688df4d4bc4d6bc4b7c6a52ae545bfb933c403a7aa96e5d21a797,26648,4.823581400007242,0.1424698829650879,0.2109375,14269c18e6a56f09985dea654338c0b32f5e417a5600e334e252b0c1bbf8bd28,True,True,True,1,0.6565984440807496,1.0787760123886763,0.5822767845187082,0.029601703228830347,0.585880151444269,-0.08193711872960181,1.0758885366060247,0.8141365376772928,0.7158234188484788,0.5611543631481225,0.0,0.12751609086990356,0.0075719524174928665,0.12765100598335266,8.935546875,91.064453125,0.0,0.1063527911901474,0.09923245757818222,-0.016727717593312263,0.2933388352394104,0.06466463208198547,0.06033533066511154,-0.010170789435505867,0.17835591733455658,100.0,0.0,0.0,-0.04955756291747093,CDP_NEG,205,56673,4.823198799975216,FULL_BATCH,27493,700,350,350,350,EARLY_STOPPING,False,0,2048,deterministic_evenly_spaced_full_fold,3.6464000701904276,5.997169941663727,3584,3540,98.77232142857143,CDP,1.4510426770894138,20,0.99,1.4510426770894138
111,COMPLETE,0,42,25813,4032,81354305b7b8066000bae764cd84c6a44c1e035572eb00baa18e30401895a2a4,6d4d4bf8c14384a72deec9ae950f7dbc99365946e460adffb80cf5c9ed8ff111,26648,428.7901730000158,0.08099222183227539,0.09765625,14269c18e6a56f09985dea654338c0b32f5e417a5600e334e252b0c1bbf8bd28,True,True,True,1,0.8396261436908004,0.6209444320897566,0.4082996747783332,0.027593244557542525,0.4004173835477403,-0.007426480944328461,0.6209770310874831,0.9163473702058571,0.845730609679076,0.3077863385994528,0.0,0.030460447072982788,0.0006229551509022713,0.030555756762623787,88.330078125,11.669921875,0.0,-0.22982639074325562,-0.15488699078559875,-0.8710118532180786,0.06277503073215485,-0.13787026703357697,-0.09291496127843857,-0.5225101709365845,0.03765803575515747,88.4765625,11.5234375,0.0,-0.03151024132966995,CDP_NEG,210,57473,428.7897585000028,128,128,700,350,350,350,EARLY_STOPPING,False,0,2048,deterministic_evenly_spaced_full_fold,3.6649999618530273,6.109466117620462,448,448,100.0,CDP,1.4710406730757069,20,0.99,1.4710406730757069
111,COMPLETE,1,42,27493,2352,db92a7db6dfa639d2026ff19c5b1159be2b53d1e09d9e6a72b1b767a05c21400,2ea764e1783688df4d4bc4d6bc4b7c6a52ae545bfb933c403a7aa96e5d21a797,26648,470.64548060001107,0.0710911750793457,0.076171875,14269c18e6a56f09985dea654338c0b32f5e417a5600e334e252b0c1bbf8bd28,True,True,True,1,0.6921628779654396,1.0213877544329848,0.5360050185339614,0.02802696467206322,0.5547127535080149,0.011430610619092575,1.0215409784036182,0.8321492960315142,0.6787730868268245,0.7383669780511377,0.0,0.05571352317929268,0.0013789725489914417,0.05592450127005577,95.263671875,4.736328125,0.0,-0.1710539162158966,-0.136317640542984,-0.5308772325515747,-0.0026669364888221025,-0.10400422662496567,-0.08288386464118958,-0.32278403639793396,-0.001621550996787846,64.94140625,35.009765625,0.048828125,-0.014062101021409035,CDP_NEG,190,57473,470.64504649999435,128,128,700,350,350,350,EARLY_STOPPING,False,0,2048,deterministic_evenly_spaced_full_fold,3.6464000701904276,5.997169941663727,448,424,94.64285714285714,CDP,1.4510426770894138,20,0.99,1.4510426770894138
112,COMPLETE,0,42,25813,4032,81354305b7b8066000bae764cd84c6a44c1e035572eb00baa18e30401895a2a4,6d4d4bf8c14384a72deec9ae950f7dbc99365946e460adffb80cf5c9ed8ff111,26648,528.1891188999871,0.06780672073364258,0.0859375,14269c18e6a56f09985dea654338c0b32f5e417a5600e334e252b0c1bbf8bd28,True,True,True,1,0.8505455589821763,0.5994326070166706,0.395040341737354,0.026637311917768188,0.38654543580820944,-0.021085966072282716,0.5991359287549017,0.9224243488099466,0.8616312963987045,0.2616375807573861,0.0,0.0701582208275795,7.850845577195287e-06,0.0701766163110733,88.720703125,11.279296875,0.0,-0.056673139333724976,-0.04629166051745415,-0.1679157316684723,0.009463013149797916,-0.03399757668375969,-0.027769844979047775,-0.10073075443506241,0.005676755215972662,63.76953125,36.23046875,0.0,-0.023367948830127716,CDP_NEG,250,62785,528.1886666000064,128,128,800,400,400,400,EARLY_STOPPING,False,0,2048,deterministic_evenly_spaced_full_fold,3.6649999618530273,6.109466117620462,384,369,96.09375,CDP,1.4710406730757069,20,0.99,1.4710406730757069
112,COMPLETE,1,42,27493,2352,db92a7db6dfa639d2026ff19c5b1159be2b53d1e09d9e6a72b1b767a05c21400,2ea764e1783688df4d4bc4d6bc4b7c6a52ae545bfb933c403a7aa96e5d21a797,26648,485.4677173999953,0.06009817123413086,0.068359375,14269c18e6a56f09985dea654338c0b32f5e417a5600e334e252b0c1bbf8bd28,True,True,True,1,0.7209910782019855,0.9723871186743198,0.4771077461353801,0.02668238316385908,0.5281006490771938,-0.07895451697812346,0.9693824973440318,0.8514164789717321,0.763735624470511,0.4557116640227693,0.0,0.09122597426176071,4.669126064982265e-05,0.09133537113666534,89.453125,10.546875,0.0,-0.09875379502773285,-0.07103554159402847,-0.31424957513809204,0.027191992849111557,-0.0600442960858345,-0.04319103807210922,-0.1910700649023056,0.016533279791474342,52.001953125,47.998046875,0.0,-0.0032549111638218164,CDP_NEG,70,62785,485.4672165999946,128,128,800,400,400,400,EARLY_STOPPING,False,0,2048,deterministic_evenly_spaced_full_fold,3.6464000701904276,5.997169941663727,384,377,98.17708333333333,CDP,1.4510426770894138,20,0.99,1.4510426770894138
112,COMPLETE,2,42,26989,2856,424f72a3df11b24bdd551a74968aa5efe8f47b52221df203d3bd3ed6f8a96c5a,f1c78e2ff146b5069b0310a8b0222fe8d495ed8d7dbf78dc149a7df8702a8f3a,26648,578.557750100008,0.062478065490722656,0.06640625,14269c18e6a56f09985dea654338c0b32f5e417a5600e334e252b0c1bbf8bd28,True,True,True,1,0.7711399981571359,0.818462844135937,0.4621359336969941,0.04277538807572071,0.4783093860557177,-0.066400133216811,0.8159078009890868,0.8790889302931256,0.7836017332300502,0.3964864088068177,0.0,0.0935593992471695,7.405609721899964e-06,0.09357675164937973,97.412109375,2.587890625,0.0,-0.13664931058883667,-0.10742652416229248,-0.3625876307487488,-0.0135897696018219,-0.08316048979759216,-0.065376415848732,-0.22065947949886322,-0.008270308375358582,61.62109375,38.37890625,0.0,-0.015452314168214798,CDP_NEG,90,62785,578.5573072000116,128,128,800,400,400,400,EARLY_STOPPING,False,0,2048,deterministic_evenly_spaced_full_fold,3.663600349426268,6.020027899742124,384,363,94.53125,CDP,1.4524627365104603,20,0.99,1.4524627365104603
112,COMPLETE,3,42,26466,3379,ad1e190147cfc7079fe69ab58be273b0089b28a9cb71d4377b9a01145e874910,b3de2bff6a2b887166deba8883b54b43de7150168fdd2094f9852f380bd9133e,26648,481.787092500017,0.06557559967041016,0.0859375,14269c18e6a56f09985dea654338c0b32f5e417a5600e334e252b0c1bbf8bd28,True,True,True,1,0.7560630213664642,1.0483724201366729,0.48788481779001636,0.03208424823130882,0.49382667665001617,-0.0017154210128548016,1.048526181496795,0.8709375251897888,0.7152605263774993,0.6248072326851812,0.0,0.10097484290599823,0.00011980065028183162,0.10125552862882614,90.13671875,9.86328125,0.0,-0.06912988424301147,-0.0467059463262558,-0.20830099284648895,0.012555447407066822,-0.04222177341580391,-0.028526127338409424,-0.12722192704677582,0.007668366190046072,62.79296875,37.20703125,0.0,-0.019733235239982605,CDP_NEG,235,62785,481.78657159997965,128,128,800,400,400,400,EARLY_STOPPING,False,0,2048,deterministic_evenly_spaced_full_fold,3.652750015258789,5.9806626215577126,384,369,96.09375,CDP,1.4666426917497317,20,0.99,1.4666426917497317
112,COMPLETE,4,42,27061,2784,2cf8e61e68345fca034455d14ca0a91ba8af3af3a30bcfad11a389cf00a64d26,e85c7d3201b31d98e24a7a8ea73439fb69c13286f849eaf6812d38684b5bedb5,26648,510.7131604999886,0.06257247924804688,0.068359375,14269c18e6a56f09985dea654338c0b32f5e417a5600e334e252b0c1bbf8bd28,True,True,True,1,0.7508019458637976,0.8789153736239136,0.4654014146735476,0.027580386497197903,0.4991077472258819,0.02693960231061638,0.878660233768118,0.8676483972161518,0.7893959868736663,0.46631984694147127,0.0,0.08569326251745224,3.8800273614469916e-05,0.08578416705131531,89.35546875,10.64453125,0.0,-0.12589335441589355,-0.09071515500545502,-0.4496079981327057,0.021422114223241806,-0.0763770118355751,-0.05503509193658829,-0.2727682888507843,0.012996372766792774,53.076171875,46.923828125,0.0,-0.0045181987807154655,CDP_NEG,75,62785,510.7127158000076,128,128,800,400,400,400,EARLY_STOPPING,False,0,2048,deterministic_evenly_spaced_full_fold,3.65000057220459,6.01635006070137,384,372,96.875,CDP,1.460840537792371,20,0.99,1.460840537792371
113,COMPLETE,0,42,25813,4032,81354305b7b8066000bae764cd84c6a44c1e035572eb00baa18e30401895a2a4,6d4d4bf8c14384a72deec9ae950f7dbc99365946e460adffb80cf5c9ed8ff111,26648,348.3888298999809,0.08008098602294922,0.0859375,14269c18e6a56f09985dea654338c0b32f5e417a5600e334e252b0c1bbf8bd28,True,True,True,1,0.8482466099882324,0.6040253307511526,0.37614290183721877,0.02684140127366159,0.38950706381561395,-0.08296115603725267,0.5983751745920558,0.9227241968450034,0.8676824504675977,0.18739829619411763,0.0,0.0690445676445961,3.5672172089107335e-05,-3.7045655250549316,93.06640625,6.93359375,0.0,-0.14642147719860077,-0.08595241606235504,-0.5299484133720398,0.011231272481381893,-0.08783659338951111,-0.051561884582042694,-0.3179100751876831,0.006737513933330774,61.474609375,38.525390625,0.0,-0.014403503388166428,CDP_NEG,25,89443,348.3883844000229,256,256,800,400,400,400,EARLY_STOPPING,False,0,2048,deterministic_evenly_spaced_full_fold,3.6649999618530273,6.109466117620462,448,444,99.10714285714286,CDP,1.4710406730757069,20,0.99,1.4710406730757069
113,COMPLETE,1,42,27493,2352,db92a7db6dfa639d2026ff19c5b1159be2b53d1e09d9e6a72b1b767a05c21400,2ea764e1783688df4d4bc4d6bc4b7c6a52ae545bfb933c403a7aa96e5d21a797,26648,360.50218459998723,0.0692133903503418,0.0859375,14269c18e6a56f09985dea654338c0b32f5e417a5600e334e252b0c1bbf8bd28,True,True,True,1,0.7228938507489429,0.9690657251564712,0.4693142957747819,0.026591243850329283,0.5262968098048185,-0.10270917339434175,0.9638123055729507,0.8521378511262884,0.735937271772126,0.4948646679004596,0.0,0.09061133116483688,4.0950333641376346e-05,-6.721830368041992,92.822265625,7.177734375,0.0,-0.20496711134910583,-0.15961593389511108,-0.5423533916473389,0.0155648747459054,-0.12462412565946579,-0.09704969823360443,-0.329761803150177,0.00946375634521246,54.39453125,45.60546875,0.0,-0.003798305755481124,CDP_NEG,55,89443,360.5017339999904,256,256,800,400,400,400,EARLY_STOPPING,False,0,2048,deterministic_evenly_spaced_full_fold,3.6464000701904276,5.997169941663727,448,422,94.19642857142857,CDP,1.4510426770894138,20,0.99,1.4510426770894138
113,COMPLETE,2,42,26989,2856,424f72a3df11b24bdd551a74968aa5efe8f47b52221df203d3bd3ed6f8a96c5a,f1c78e2ff146b5069b0310a8b0222fe8d495ed8d7dbf78dc149a7df8702a8f3a,26648,361.2493745999818,0.07313680648803711,0.0859375,14269c18e6a56f09985dea654338c0b32f5e417a5600e334e252b0c1bbf8bd28,True,True,True,1,0.7699386917139871,0.8206081246504651,0.46932212888662306,0.04288750704018891,0.4795630872019249,0.009768018882502527,0.8206936777641132,0.8779612060900583,0.7963310413393901,0.44542594442488254,0.0,0.0923229530453682,9.599151235306635e-05,-4.845840930938721,94.189453125,5.810546875,0.0,-0.23040762543678284,-0.17180675268173218,-0.643759548664093,0.004999845288693905,-0.1402188539505005,-0.10455620288848877,-0.39177191257476807,0.003042749362066388,58.7890625,41.2109375,0.0,-0.00995631143450737,CDP_NEG,35,89443,361.2487527000194,256,256,800,400,400,400,EARLY_STOPPING,False,0,2048,deterministic_evenly_spaced_full_fold,3.663600349426268,6.020027899742124,448,432,96.42857142857143,CDP,1.4524627365104603,20,0.99,1.4524627365104603
113,COMPLETE,3,42,26466,3379,ad1e190147cfc7079fe69ab58be273b0089b28a9cb71d4377b9a01145e874910,b3de2bff6a2b887166deba8883b54b43de7150168fdd2094f9852f380bd9133e,26648,346.0104597999889,0.07859468460083008,0.0859375,14269c18e6a56f09985dea654338c0b32f5e417a5600e334e252b0c1bbf8bd28,True,True,True,1,0.7415730539464491,1.0790601762487464,0.46461499360246755,0.03302341218283024,0.5082818762752561,-0.0369294470968476,1.0785876730980555,0.8615914178368708,0.7237798937386365,0.5708477317324507,0.0,0.09395872056484222,7.189488678704947e-05,1036691.625,94.62890625,5.37109375,0.0,-0.21612438559532166,-0.15910783410072327,-0.6369285583496094,0.003917858004570007,-0.1320001482963562,-0.09717671573162079,-0.38901054859161377,0.002392871305346489,60.15625,39.794921875,0.048828125,-0.01465458795428276,CDP_NEG,300,89443,346.01002529999823,256,256,800,400,400,400,EARLY_STOPPING,False,0,2048,deterministic_evenly_spaced_full_fold,3.652750015258789,5.9806626215577126,448,442,98.66071428571429,CDP,1.4666426917497317,20,0.99,1.4666426917497317
113,COMPLETE,4,42,27061,2784,2cf8e61e68345fca034455d14ca0a91ba8af3af3a30bcfad11a389cf00a64d26,e85c7d3201b31d98e24a7a8ea73439fb69c13286f849eaf6812d38684b5bedb5,26648,357.63119169999845,0.07307100296020508,0.0859375,14269c18e6a56f09985dea654338c0b32f5e417a5600e334e252b0c1bbf8bd28,True,True,True,1,0.7438556670514085,0.8910808563147145,0.47489256777775696,0.02796213964955638,0.5060161332229156,0.02760860034753535,0.8908130535826907,0.8627591946704783,0.75804582199748,0.5323942610862661,0.0,0.08912089467048645,1.2376653103274293e-05,-8.691768646240234,97.705078125,2.294921875,0.0,-0.24212419986724854,-0.19143521785736084,-0.6196185946464539,-0.018235981464385986,-0.14689195156097412,-0.11613994836807251,-0.37591034173965454,-0.011063408106565475,56.640625,43.359375,0.0,-0.006334243342280388,CDP_NEG,80,89443,357.6307502000127,256,256,800,400,400,400,EARLY_STOPPING,False,0,2048,deterministic_evenly_spaced_full_fold,3.65000057220459,6.01635006070137,448,446,99.55357142857143,CDP,1.460840537792371,20,0.99,1.460840537792371
114,COMPLETE,0,42,25813,4032,81354305b7b8066000bae764cd84c6a44c1e035572eb00baa18e30401895a2a4,6d4d4bf8c14384a72deec9ae950f7dbc99365946e460adffb80cf5c9ed8ff111,26648,622.846808000002,0.14898204803466797,0.154296875,14269c18e6a56f09985dea654338c0b32f5e417a5600e334e252b0c1bbf8bd28,True,True,True,1,0.8507774480701485,0.5989673955473249,0.3845089151303881,0.026616639063352817,0.38624544316840936,0.009361534530369912,0.5989685146887702,0.9226631300454918,0.8718009976538784,0.2713057148253503,0.0,0.06914623826742172,0.00030657954630441964,0.06999005377292633,83.740234375,16.259765625,0.0,-0.20537924766540527,-0.09779775142669678,-0.89693284034729,0.050410449504852295,-0.12320470809936523,-0.05866777151823044,-0.5380598902702332,0.030240662395954132,73.53515625,26.46484375,0.0,-0.057877324521541595,CDP_NEG,105,58497,622.8462735000066,128,128,800,400,400,400,EARLY_STOPPING,False,0,2048,deterministic_evenly_spaced_full_fold,3.6649999618530273,6.109466117620462,384,375,97.65625,CDP,1.4710406730757069,20,0.99,1.4710406730757069
114,COMPLETE,1,42,27493,2352,db92a7db6dfa639d2026ff19c5b1159be2b53d1e09d9e6a72b1b767a05c21400,2ea764e1783688df4d4bc4d6bc4b7c6a52ae545bfb933c403a7aa96e5d21a797,26648,772.9938831999898,0.13087844848632812,0.150390625,14269c18e6a56f09985dea654338c0b32f5e417a5600e334e252b0c1bbf8bd28,True,True,True,1,0.7089900813148997,0.9930795698320571,0.49800786735382263,0.02725018573938364,0.5393386598216154,-0.12176085640296187,0.9857963804970734,0.8446094927014366,0.7128689112752179,0.528016674852259,0.0,0.09798326343297958,0.00042512096115387976,0.09915334731340408,91.455078125,8.544921875,0.0,-0.1916964054107666,-0.1311962753534317,-0.5440205335617065,0.027027683332562447,-0.11655525863170624,-0.07976997643709183,-0.3307754695415497,0.01643337495625019,49.560546875,50.439453125,0.0,0.0019374089315533638,CDP_NEG,410,58497,772.9934013000166,128,128,800,400,400,470,EARLY_STOPPING,False,0,2048,deterministic_evenly_spaced_full_fold,3.6464000701904276,5.997169941663727,384,384,100.0,CDP,1.4510426770894138,20,0.99,1.4510426770894138
115,COMPLETE,0,42,25813,4032,81354305b7b8066000bae764cd84c6a44c1e035572eb00baa18e30401895a2a4,6d4d4bf8c14384a72deec9ae950f7dbc99365946e460adffb80cf5c9ed8ff111,26648,663.1179221000057,0.09173202514648438,0.103515625,14269c18e6a56f09985dea654338c0b32f5e417a5600e334e252b0c1bbf8bd28,True,True,True,1,0.45015802302706165,1.149753915559479,0.9695565520580405,0.051092238425030176,0.7414213427161365,0.8174639060193191,0.8086092960317529,0.8699792145727502,0.6093344626309152,1.615696045762167,0.0,0.10729508846998215,1.0792924513225444e-05,0.10736342519521713,99.755859375,0.244140625,66.796875,-0.09346666932106018,-5.9098238354090855e-15,-0.5123667120933533,0.0,-0.05606960505247116,-3.5452369189750872e-15,-0.30736300349235535,0.0,28.90625,2.83203125,68.26171875,-2.3418452597054126e-17,CDP_NEG,365,38177,663.1174632000038,128,128,800,400,400,425,EARLY_STOPPING,False,0,2048,deterministic_evenly_spaced_full_fold,3.6649999618530273,6.109466117620462,192,192,100.0,CDP,1.4710406730757069,20,0.99,1.4710406730757069
115,COMPLETE,1,42,27493,2352,db92a7db6dfa639d2026ff19c5b1159be2b53d1e09d9e6a72b1b767a05c21400,2ea764e1783688df4d4bc4d6bc4b7c6a52ae545bfb933c403a7aa96e5d21a797,26648,686.2183315000148,0.07741546630859375,0.080078125,14269c18e6a56f09985dea654338c0b32f5e417a5600e334e252b0c1bbf8bd28,True,True,True,1,0.46017348441768713,1.3525622372635582,1.0073587548409013,0.03711441994093318,0.7345726631899392,0.6825075815162513,1.1679845969690594,0.7955671788517668,0.48345254468577087,1.8514542524633386,0.0,0.12442060559988022,4.236166205373593e-05,0.12468881160020828,99.51171875,0.48828125,49.4140625,-0.09606976807117462,-1.6939384295255877e-06,-0.5782486796379089,-5.8428730272099304e-24,-0.0584123432636261,-1.0299486348230857e-06,-0.35158681869506836,-3.55258420513444e-24,38.76953125,8.056640625,53.173828125,-5.622831977802889e-09,CDP_NEG,350,38177,686.2179066000099,128,128,800,400,400,410,EARLY_STOPPING,False,0,2048,deterministic_evenly_spaced_full_fold,3.6464000701904276,5.997169941663727,192,182,94.79166666666667,CDP,1.4510426770894138,20,0.99,1.4510426770894138
116,COMPLETE,0,42,25813,4032,81354305b7b8066000bae764cd84c6a44c1e035572eb00baa18e30401895a2a4,6d4d4bf8c14384a72deec9ae950f7dbc99365946e460adffb80cf5c9ed8ff111,26648,587.7887691000069,0.06735467910766602,0.0859375,14269c18e6a56f09985dea654338c0b32f5e417a5600e334e252b0c1bbf8bd28,True,True,True,1,0.8623035077234694,0.5753702327790988,0.3673827184676257,0.025568039141236627,0.3710287608269572,0.02522791005125443,0.574888185373699,0.9289746984357403,0.8821624155940585,0.266000996348901,0.0,0.06482838094234467,3.65117898581957e-06,0.064833864569664,97.8515625,2.1484375,0.0,-0.09973031282424927,-0.057657092809677124,-0.31864985823631287,-0.006623685825616121,-0.05982708930969238,-0.034587837755680084,-0.19115445017814636,-0.0039734747260808945,64.501953125,35.498046875,0.0,-0.03551337122917175,CDP_NEG,325,54913,587.7883454000112,128,128,700,350,350,385,EARLY_STOPPING,False,0,2048,deterministic_evenly_spaced_full_fold,3.6649999618530273,6.109466117620462,448,444,99.10714285714286,CDP,1.4710406730757069,20,0.99,1.4710406730757069
116,COMPLETE,1,42,27493,2352,db92a7db6dfa639d2026ff19c5b1159be2b53d1e09d9e6a72b1b767a05c21400,2ea764e1783688df4d4bc4d6bc4b7c6a52ae545bfb933c403a7aa96e5d21a797,26648,628.7488248000154,0.06069612503051758,0.068359375,14269c18e6a56f09985dea654338c0b32f5e417a5600e334e252b0c1bbf8bd28,True,True,True,1,0.7176019651935973,0.9782750710385412,0.48127700235270165,0.02684394906494474,0.5312983790815979,-0.12180764857698612,0.9708685650590528,0.8500205780362267,0.7425580879398,0.46078328855570394,0.0,0.09386879950761795,9.012406735564582e-06,0.09388234466314316,99.072265625,0.927734375,0.0,-0.14659272134304047,-0.11420972645282745,-0.35262495279312134,-0.024143489077687263,-0.08913132548332214,-0.06944181770086288,-0.21440306305885315,-0.014679726213216782,55.859375,44.140625,0.0,-0.013821760192513466,CDP_NEG,330,54913,628.7484423999849,128,128,700,350,350,390,EARLY_STOPPING,False,0,2048,deterministic_evenly_spaced_full_fold,3.6464000701904276,5.997169941663727,448,422,94.19642857142857,CDP,1.4510426770894138,20,0.99,1.4510426770894138
116,COMPLETE,2,42,26989,2856,424f72a3df11b24bdd551a74968aa5efe8f47b52221df203d3bd3ed6f8a96c5a,f1c78e2ff146b5069b0310a8b0222fe8d495ed8d7dbf78dc149a7df8702a8f3a,26648,583.4630427999946,0.06328439712524414,0.0859375,14269c18e6a56f09985dea654338c0b32f5e417a5600e334e252b0c1bbf8bd28,True,True,True,1,0.7753577777151704,0.8108858337083065,0.4626505712088959,0.04237939018306396,0.47388138393962437,-0.034919106062366013,0.8102754929806146,0.8810876190120823,0.7968096281523038,0.39971509873495326,0.0,0.08901667594909668,5.998134838591795e-06,0.08902569115161896,99.169921875,0.830078125,0.0,-0.15642645955085754,-0.12967565655708313,-0.3769517242908478,-0.02772849053144455,-0.09519624710083008,-0.078916534781456,-0.22940100729465485,-0.016874689608812332,59.375,40.625,0.0,-0.01791984587907791,CDP_NEG,305,54913,583.4626540000027,128,128,700,350,350,365,EARLY_STOPPING,False,0,2048,deterministic_evenly_spaced_full_fold,3.663600349426268,6.020027899742124,448,432,96.42857142857143,CDP,1.4524627365104603,20,0.99,1.4524627365104603
116,COMPLETE,3,42,26466,3379,ad1e190147cfc7079fe69ab58be273b0089b28a9cb71d4377b9a01145e874910,b3de2bff6a2b887166deba8883b54b43de7150168fdd2094f9852f380bd9133e,26648,545.504219000024,0.06615591049194336,0.0859375,14269c18e6a56f09985dea654338c0b32f5e417a5600e334e252b0c1bbf8bd28,True,True,True,1,0.7418100050227099,1.0785653688959744,0.48344341934079854,0.03300826916530318,0.5080488015911954,-0.028675946565415902,1.07834367340515,0.8628906357523449,0.7006851781010697,0.6299173777865548,0.0,0.09789682179689407,1.3413055057753809e-06,0.09789884090423584,97.265625,2.734375,0.0,-0.11487671732902527,-0.0746585875749588,-0.31377291679382324,-0.006562099792063236,-0.07016211748123169,-0.045598484575748444,-0.1916399747133255,-0.004007868934422731,54.296875,45.703125,0.0,-0.00602932833135128,CDP_NEG,325,54913,545.5037321999844,128,128,700,350,350,385,EARLY_STOPPING,False,0,2048,deterministic_evenly_spaced_full_fold,3.652750015258789,5.9806626215577126,448,442,98.66071428571429,CDP,1.4666426917497317,20,0.99,1.4666426917497317
116,COMPLETE,4,42,27061,2784,2cf8e61e68345fca034455d14ca0a91ba8af3af3a30bcfad11a389cf00a64d26,e85c7d3201b31d98e24a7a8ea73439fb69c13286f849eaf6812d38684b5bedb5,26648,452.00396230001934,0.062286376953125,0.0859375,14269c18e6a56f09985dea654338c0b32f5e417a5600e334e252b0c1bbf8bd28,True,True,True,1,0.7562330985393277,0.8692848407609376,0.4506405538963552,0.02727818013409872,0.4936388776326626,0.018212899339682054,0.8692501545717336,0.8698488096104471,0.7416501128771142,0.5572047016293878,0.0,0.08204576373100281,5.853783591192041e-07,0.08204664289951324,98.974609375,1.025390625,0.0,-0.10899858176708221,-0.0859818160533905,-0.2800566554069519,-0.014932735823094845,-0.06612728536128998,-0.052163466811180115,-0.16990484297275543,-0.009059395641088486,47.900390625,52.099609375,0.0,0.0027358485385775566,CDP_NEG,285,54913,452.0035113999911,128,128,700,350,350,350,EARLY_STOPPING,False,0,2048,deterministic_evenly_spaced_full_fold,3.65000057220459,6.01635006070137,448,446,99.55357142857143,CDP,1.460840537792371,20,0.99,1.460840537792371
117,COMPLETE,0,42,25813,4032,81354305b7b8066000bae764cd84c6a44c1e035572eb00baa18e30401895a2a4,6d4d4bf8c14384a72deec9ae950f7dbc99365946e460adffb80cf5c9ed8ff111,26648,625.7152734999836,0.10404300689697266,0.11328125,14269c18e6a56f09985dea654338c0b32f5e417a5600e334e252b0c1bbf8bd28,True,True,True,1,0.8442081606221262,0.6120096971667115,0.39463178577242947,0.02719620689515672,0.3946558000699112,0.01914768029197899,0.611785962292613,0.9189675013529865,0.833604188283424,0.35913795874156035,0.0,0.0758020207285881,2.0940649847034365e-05,-10.30284595489502,93.84765625,6.15234375,0.0,-0.0626545399427414,-0.03635384887456894,-0.2212257832288742,0.0027243366930633783,-0.037585750222206116,-0.021808266639709473,-0.13271085917949677,0.001634298823773861,74.8046875,25.1953125,0.0,-0.014196780510246754,CDP_NEG,125,72995,625.7148030000099,128,128,700,350,350,350,EARLY_STOPPING,False,0,2048,deterministic_evenly_spaced_full_fold,3.6649999618530273,6.109466117620462,320,320,100.0,CDP,1.4710406730757069,20,0.99,1.4710406730757069
117,COMPLETE,1,42,27493,2352,db92a7db6dfa639d2026ff19c5b1159be2b53d1e09d9e6a72b1b767a05c21400,2ea764e1783688df4d4bc4d6bc4b7c6a52ae545bfb933c403a7aa96e5d21a797,26648,673.6710032999981,0.08666181564331055,0.095703125,14269c18e6a56f09985dea654338c0b32f5e417a5600e334e252b0c1bbf8bd28,True,True,True,1,0.6984946119575641,1.0108289939564834,0.5031374472836476,0.027737231409087137,0.5489783210438199,-0.1165935154988424,1.0042957920678313,0.8388194532616354,0.675644580878625,0.6174226595589343,0.0,0.10282314568758011,9.792701348487753e-06,-9.094804763793945,86.279296875,13.720703125,0.0,-0.056696515530347824,-0.02758367732167244,-0.21124579012393951,0.006875297520309687,-0.03447262570261955,-0.016771432012319565,-0.1284417062997818,0.004180319607257843,67.333984375,32.666015625,0.0,-0.0125428456813097,CDP_NEG,180,72995,673.6704933000146,128,128,700,350,350,350,EARLY_STOPPING,False,0,2048,deterministic_evenly_spaced_full_fold,3.6464000701904276,5.997169941663727,320,302,94.375,CDP,1.4510426770894138,20,0.99,1.4510426770894138
118,COMPLETE,0,42,25813,4032,81354305b7b8066000bae764cd84c6a44c1e035572eb00baa18e30401895a2a4,6d4d4bf8c14384a72deec9ae950f7dbc99365946e460adffb80cf5c9ed8ff111,26648,813.0241704999935,0.08965158462524414,0.09765625,14269c18e6a56f09985dea654338c0b32f5e417a5600e334e252b0c1bbf8bd28,True,True,True,1,0.8326141967834193,0.6343738340452276,0.3908609917403766,0.02819001417696201,0.40907736295285935,-0.06449109166992241,0.6311654794629427,0.9142196487642782,0.8009438093910413,0.3422329056115006,0.0,0.1430431455373764,0.002280349377542734,0.1431053727865219,65.8203125,34.1796875,0.048828125,-0.07128056138753891,-0.007863795384764671,-0.43653586506843567,0.10996107012033463,-0.04276040941476822,-0.004717402160167694,-0.2618729770183563,0.06596440821886063,58.59375,41.40625,0.0,-0.0032206475734710693,CDP_NEG,100,78113,813.0237073000171,64,64,500,250,250,250,EARLY_STOPPING,False,0,2048,deterministic_evenly_spaced_full_fold,3.6649999618530273,6.109466117620462,448,444,99.10714285714286,CDP,1.4710406730757069,20,0.99,1.4710406730757069
118,COMPLETE,1,42,27493,2352,db92a7db6dfa639d2026ff19c5b1159be2b53d1e09d9e6a72b1b767a05c21400,2ea764e1783688df4d4bc4d6bc4b7c6a52ae545bfb933c403a7aa96e5d21a797,26648,882.7455305999902,0.07490301132202148,0.09765625,14269c18e6a56f09985dea654338c0b32f5e417a5600e334e252b0c1bbf8bd28,True,True,True,1,0.7171511888380703,0.9790555428866239,0.4822197492269254,0.026865365277170525,0.531722251098867,-0.11125162465428161,0.9729210078666226,0.8490015488797572,0.7212357779309213,0.5195916909295201,0.0,0.1907035857439041,0.0015229700366035104,0.19074514508247375,74.90234375,25.09765625,0.048828125,-0.09628324210643768,-0.04100774973630905,-0.436789870262146,0.08077099919319153,-0.058542147278785706,-0.02493353746831417,-0.2655770182609558,0.04911039397120476,57.080078125,42.919921875,0.0,-0.0049544163048267365,CDP_NEG,170,78113,882.7451039000007,64,64,500,250,250,250,EARLY_STOPPING,False,0,2048,deterministic_evenly_spaced_full_fold,3.6464000701904276,5.997169941663727,448,422,94.19642857142857,CDP,1.4510426770894138,20,0.99,1.4510426770894138
119,COMPLETE,0,42,25813,4032,81354305b7b8066000bae764cd84c6a44c1e035572eb00baa18e30401895a2a4,6d4d4bf8c14384a72deec9ae950f7dbc99365946e460adffb80cf5c9ed8ff111,26648,15.771466400008649,0.09287500381469727,0.099609375,14269c18e6a56f09985dea654338c0b32f5e417a5600e334e252b0c1bbf8bd28,True,True,True,1,0.837059441567159,0.6258936583738692,0.4238525867596821,0.027813176010617217,0.40360890300883057,-0.03424705481140538,0.6250335210388583,0.9157546350391343,0.8684111396964481,0.2346234942362597,0.0,0.07768337428569794,1.0251796993543394e-06,0.07768534123897552,97.607421875,2.392578125,0.0,-0.09238620847463608,-0.07903029024600983,-0.2339349389076233,-0.014557210728526115,-0.05542144551873207,-0.047409385442733765,-0.14033493399620056,-0.008732706308364868,83.935546875,16.064453125,0.0,-0.038458362221717834,CDP_NEG,30,107201,15.771089599991683,1024,1024,600,60,75,90,EARLY_STOPPING,False,0,2048,deterministic_evenly_spaced_full_fold,3.6649999618530273,6.109466117620462,448,448,100.0,CDP,1.4710406730757069,20,0.99,1.4710406730757069
119,COMPLETE,1,42,27493,2352,db92a7db6dfa639d2026ff19c5b1159be2b53d1e09d9e6a72b1b767a05c21400,2ea764e1783688df4d4bc4d6bc4b7c6a52ae545bfb933c403a7aa96e5d21a797,26648,31.092926299985265,0.0839071273803711,0.099609375,14269c18e6a56f09985dea654338c0b32f5e417a5600e334e252b0c1bbf8bd28,True,True,True,1,0.7130326629439799,0.9861577349777206,0.48684413585539427,0.027060250017042774,0.5355794312086699,-0.09240256608337113,0.9820279370094119,0.8459038558904136,0.7146233137649193,0.5534047530863218,0.0,0.09485380351543427,2.027229811574216e-06,0.09485769271850586,99.0234375,0.9765625,0.0,-0.1562861204147339,-0.12610019743442535,-0.3888828754425049,-0.03703191876411438,-0.09502510726451874,-0.07667145878076553,-0.23644861578941345,-0.022516151890158653,46.09375,53.90625,0.0,0.015425160527229309,CDP_NEG,125,107201,31.092561600002227,1024,1024,600,60,75,185,EARLY_STOPPING,False,0,2048,deterministic_evenly_spaced_full_fold,3.6464000701904276,5.997169941663727,448,426,95.08928571428571,CDP,1.4510426770894138,20,0.99,1.4510426770894138
119,COMPLETE,2,42,26989,2856,424f72a3df11b24bdd551a74968aa5efe8f47b52221df203d3bd3ed6f8a96c5a,f1c78e2ff146b5069b0310a8b0222fe8d495ed8d7dbf78dc149a7df8702a8f3a,26648,35.522982700000284,0.08537960052490234,0.099609375,14269c18e6a56f09985dea654338c0b32f5e417a5600e334e252b0c1bbf8bd28,True,True,True,1,0.7801934616301628,0.8021107250183114,0.4625671739489132,0.04192077598657293,0.4687532136382409,-0.0011875756497100956,0.8022503081577722,0.8837881954320876,0.807412395863516,0.4107667872293724,0.0,0.09178514778614044,1.5007220355300888e-08,0.09178517758846283,99.755859375,0.244140625,0.0,-0.19201518595218658,-0.1530647575855255,-0.5198566913604736,-0.042205240577459335,-0.11685442179441452,-0.09315040707588196,-0.3163684904575348,-0.025684786960482597,57.080078125,42.919921875,0.0,-0.025991184636950493,CDP_NEG,135,107201,35.52260080000269,1024,1024,600,60,75,195,EARLY_STOPPING,False,0,2048,deterministic_evenly_spaced_full_fold,3.663600349426268,6.020027899742124,448,435,97.09821428571429,CDP,1.4524627365104603,20,0.99,1.4524627365104603
119,COMPLETE,3,42,26466,3379,ad1e190147cfc7079fe69ab58be273b0089b28a9cb71d4377b9a01145e874910,b3de2bff6a2b887166deba8883b54b43de7150168fdd2094f9852f380bd9133e,26648,22.038130500004627,0.08903884887695312,0.099609375,14269c18e6a56f09985dea654338c0b32f5e417a5600e334e252b0c1bbf8bd28,True,True,True,1,0.7408436572223569,1.0805818991009397,0.49182171621965215,0.0330699827838793,0.508998670540774,-0.07719481854599157,1.0779805665403117,0.861908689513833,0.7197535418595484,0.5394416892408119,0.0,0.1015276238322258,2.8817538577641244e-07,0.10152817517518997,99.658203125,0.341796875,0.0,-0.15335756540298462,-0.11950959265232086,-0.4303760230541229,-0.03033776395022869,-0.09366467595100403,-0.07299169152975082,-0.26285651326179504,-0.018529096618294716,64.599609375,35.400390625,0.0,-0.035124488174915314,CDP_NEG,70,107201,22.037719099986134,1024,1024,600,60,75,130,EARLY_STOPPING,False,0,2048,deterministic_evenly_spaced_full_fold,3.652750015258789,5.9806626215577126,448,446,99.55357142857143,CDP,1.4666426917497317,20,0.99,1.4666426917497317
119,COMPLETE,4,42,27061,2784,2cf8e61e68345fca034455d14ca0a91ba8af3af3a30bcfad11a389cf00a64d26,e85c7d3201b31d98e24a7a8ea73439fb69c13286f849eaf6812d38684b5bedb5,26648,25.83872099997825,0.08377742767333984,0.09765625,14269c18e6a56f09985dea654338c0b32f5e417a5600e334e252b0c1bbf8bd28,True,True,True,1,0.7559458638813307,0.869796836488478,0.45590113612284433,0.027294246572887083,0.49392962352450925,0.00692116720052456,0.8699255500792796,0.8696122774982818,0.7703602956337966,0.48601531162622535,0.0,0.08484280109405518,2.9058066957077244e-06,0.08484837412834167,98.828125,1.171875,0.0,-0.14927449822425842,-0.12534068524837494,-0.36753013730049133,-0.02104226127266884,-0.0905618891119957,-0.07604171335697174,-0.22297325730323792,-0.012765923514962196,59.716796875,40.283203125,0.0,-0.035201288759708405,CDP_NEG,80,107201,25.838337299996056,1024,1024,600,60,75,140,EARLY_STOPPING,False,0,2048,deterministic_evenly_spaced_full_fold,3.65000057220459,6.01635006070137,448,448,100.0,CDP,1.460840537792371,20,0.99,1.460840537792371
