trial_number,state,objective,failure_reason,R2_min,config_hash,config_source,objective_definition,config_json,MAE_mean,NRMSE_mean,R2_mean,R2_median,R2_std,RMSE_mean,active_cdp_pcd_mean,active_cdp_pcd_min,active_cdp_violation_max,bias_abs_mean,parameter_count,physics_admissible,physics_level,training_time_s,val_data_loss,val_physics_loss,val_total_loss
0,FAIL,,,-0.009598490622143574,4fb2aaa9f669e773a1245edab638e79b490ed949c1db737f8faf7265c28576db,OPTUNA_AUTONOMOUS_R5,predictive_only_robust_score_R5,"{""activation"":""softplus"",""batch_size"":""FULL_BATCH"",""config_source"":""OPTUNA_AUTONOMOUS_R5"",""dropout"":0.0,""fourier_dim"":16,""fourier_scale"":0.2703716048363296,""gradient_clip"":5.0,""hidden_widths"":[160,256,160,192,128],""huber_delta"":0.810035444816847,""lambda_phys"":1.0,""learning_rate"":0.004517519390231868,""loss_data"":""huber"",""lr_scheduler"":""none"",""max_epochs"":300,""name"":""TRIAL_0000_CDP_NEG"",""nonnegative_output"":false,""optimizer"":""RMSprop"",""parameter_sources"":{""physics_mode"":""FROZEN_R5_SPECIFICATION""},""physics_dropout_mode"":""shared_stochastic"",""physics_mode"":""CDP_NEG"",""physics_penalty"":""relu_squared"",""physics_real_fraction"":0.5,""physics_warmup_fraction"":0.1,""physics_weighting"":""ADAPTIVE_LEARNED"",""synthetic_base_rows"":64,""synthetic_batch_size"":64,""synthetic_levels"":3,""synthetic_local_span_std"":0.25,""target_transform"":""log1p"",""tau_softplus"":0.027670994194155984,""use_lbfgs"":false,""weight_decay"":2.8355519248243626e-06}",,,,,,,,,,,,,,,,,
1,COMPLETE,-0.008821247678664466,,-0.009598490622143574,d44e216189ea367bf60b270d345fa26f37f2d3ee75c67444a3ab4f9173af55ce,OPTUNA_AUTONOMOUS_R5,predictive_only_robust_score_R5,"{""activation"":""softplus"",""batch_size"":""FULL_BATCH"",""config_source"":""OPTUNA_AUTONOMOUS_R5"",""dropout"":0.0,""fourier_dim"":16,""fourier_scale"":0.2703716048363296,""gradient_clip"":5.0,""hidden_widths"":[160,256,160,192,128],""huber_delta"":0.810035444816847,""lambda_phys"":1.0,""learning_rate"":0.004517519390231868,""loss_data"":""huber"",""lr_scheduler"":""none"",""max_epochs"":300,""name"":""TRIAL_0001_CDP_NEG"",""nonnegative_output"":false,""optimizer"":""RMSprop"",""parameter_sources"":{""physics_mode"":""FROZEN_R5_SPECIFICATION""},""physics_dropout_mode"":""shared_stochastic"",""physics_mode"":""CDP_NEG"",""physics_penalty"":""relu_squared"",""physics_real_fraction"":0.5,""physics_warmup_fraction"":0.1,""physics_weighting"":""ADAPTIVE_LEARNED"",""synthetic_base_rows"":64,""synthetic_batch_size"":64,""synthetic_levels"":3,""synthetic_local_span_std"":0.25,""target_transform"":""log1p"",""tau_softplus"":0.027670994194155984,""use_lbfgs"":false,""weight_decay"":2.8355519248243626e-06}",1.147796790673091,0.9896050052750838,0.01978539551825742,-0.0013600167086236237,0.04632687844616976,1.7798305394263387,54.658203125,50.9765625,49.0234375,0.09728486851280177,143363.0,False,C,12.83261570000468,0.32433475852012633,0.0003617892769966602,-0.3820102632045746
2,COMPLETE,-0.028527626313991236,,-0.034769324074675145,c36a396e62698a6ab38d44cb6279deb1a3e668ccdb4335fb0881414aeecace44,OPTUNA_AUTONOMOUS_R5,predictive_only_robust_score_R5,"{""activation"":""softplus"",""batch_size"":512,""config_source"":""OPTUNA_AUTONOMOUS_R5"",""dropout"":0.03,""fourier_dim"":8,""fourier_scale"":0.8451374169986905,""gradient_clip"":10.0,""hidden_widths"":[192,48,64,192,192],""huber_delta"":1.0,""lambda_phys"":1.0,""learning_rate"":0.000856515286561574,""loss_data"":""mse"",""lr_scheduler"":""reduce_on_plateau"",""max_epochs"":200,""name"":""TRIAL_0002_CDP_NEG"",""nonnegative_output"":false,""optimizer"":""AdamW"",""parameter_sources"":{""physics_mode"":""FROZEN_R5_SPECIFICATION""},""physics_dropout_mode"":""shared_stochastic"",""physics_mode"":""CDP_NEG"",""physics_penalty"":""relu_squared"",""physics_real_fraction"":0.25,""physics_warmup_fraction"":0.5,""physics_weighting"":""ADAPTIVE_LEARNED"",""synthetic_base_rows"":256,""synthetic_batch_size"":512,""synthetic_levels"":5,""synthetic_local_span_std"":0.25,""target_transform"":""original"",""tau_softplus"":0.10732102672119374,""use_lbfgs"":false,""weight_decay"":0.0}",1.2824465424955622,1.0082494553264716,-0.01694181733331699,-0.016006065459784447,0.011700304979191157,1.8117093666751014,50.419921875,49.365234375,50.634765625,0.20639425528275362,65395.0,False,C,231.94628020000164,0.5632963836193084,0.0007163460864830995,0.16139925718307496
3,COMPLETE,0.38951559432126365,,0.38225876517071056,b7b9f71752a74c42d8b2f609e76083b86ca6ff925b2967343c55fd0c00d88963,OPTUNA_AUTONOMOUS_R5,predictive_only_robust_score_R5,"{""activation"":""tanh"",""batch_size"":1024,""config_source"":""OPTUNA_AUTONOMOUS_R5"",""dropout"":0.0,""fourier_dim"":32,""fourier_scale"":0.17312791762231514,""gradient_clip"":10.0,""hidden_widths"":[256,64,96],""huber_delta"":1.1659215010328807,""lambda_phys"":0.047138564009539766,""learning_rate"":0.0004424179715229947,""loss_data"":""huber"",""lr_scheduler"":""reduce_on_plateau"",""max_epochs"":800,""name"":""TRIAL_0003_CDP_NEG"",""nonnegative_output"":""softplus_output"",""optimizer"":""AdamW"",""parameter_sources"":{""physics_mode"":""FROZEN_R5_SPECIFICATION""},""physics_dropout_mode"":""shared_stochastic"",""physics_mode"":""CDP_NEG"",""physics_penalty"":""softplus"",""physics_real_fraction"":0.25,""physics_warmup_fraction"":0.1,""physics_weighting"":""FIXED_LAMBDA"",""synthetic_base_rows"":512,""synthetic_batch_size"":64,""synthetic_levels"":7,""synthetic_local_span_std"":1.0,""target_transform"":""original"",""tau_softplus"":0.015148733846223712,""use_lbfgs"":false,""weight_decay"":0.0}",1.0872820277542274,0.7688046663180658,0.4085297616779845,0.4051331291887612,0.022325797055895075,1.3802989586855978,69.08203125,64.35546875,35.64453125,0.7613028349080924,39425.0,False,C,83.10866739999983,0.13762395977973937,0.03079400062561035,0.13907554149627685
4,COMPLETE,0.6718171014913734,,0.6609251420106237,46f4393789d56fe7cb4f8fb97c0f6def81d31823068324a29caf55e4c87e939e,OPTUNA_AUTONOMOUS_R5,predictive_only_robust_score_R5,"{""activation"":""gelu"",""batch_size"":""FULL_BATCH"",""config_source"":""OPTUNA_AUTONOMOUS_R5"",""dropout"":0.03,""fourier_dim"":64,""fourier_scale"":0.1411454883306656,""gradient_clip"":10.0,""hidden_widths"":[96,96,128,160],""huber_delta"":1.2277277063759673,""lambda_phys"":1.0,""learning_rate"":0.00024555900341981625,""loss_data"":""huber"",""lr_scheduler"":""cosine"",""max_epochs"":500,""name"":""TRIAL_0004_CDP_NEG"",""nonnegative_output"":false,""optimizer"":""Adam"",""parameter_sources"":{""physics_mode"":""FROZEN_R5_SPECIFICATION""},""physics_dropout_mode"":""shared_stochastic"",""physics_mode"":""CDP_NEG"",""physics_penalty"":""relu_squared"",""physics_real_fraction"":0.5,""physics_warmup_fraction"":0.5,""physics_weighting"":""ADAPTIVE_LEARNED"",""synthetic_base_rows"":128,""synthetic_batch_size"":512,""synthetic_levels"":5,""synthetic_local_span_std"":0.5,""target_transform"":""original"",""tau_softplus"":0.035462839175298806,""use_lbfgs"":false,""weight_decay"":1.293218055072981e-06}",0.5598849174607432,0.5274091089861324,0.7190889710625518,0.6953694957893002,0.052577295580460405,0.9545832253730262,98.359375,97.265625,2.734375,0.05784909480450806,54915.0,True,B,30.905084400001215,0.05483270138502121,0.0009677469864982413,-0.08012850917875766
5,COMPLETE,0.6685862928563393,,0.6652148842528449,4d92690e746511a38e4d1db49f141612f1df129e94a20a84b74cbe574e156932,OPTUNA_AUTONOMOUS_R5,predictive_only_robust_score_R5,"{""activation"":""softplus"",""batch_size"":256,""config_source"":""OPTUNA_AUTONOMOUS_R5"",""dropout"":0.25,""fourier_dim"":64,""fourier_scale"":0.25172192381326247,""gradient_clip"":10.0,""hidden_widths"":[192,32,256,192,256],""huber_delta"":1.8107079475531873,""lambda_phys"":0.3450991024523629,""learning_rate"":0.0008404858385797737,""loss_data"":""huber"",""lr_scheduler"":""none"",""max_epochs"":400,""name"":""TRIAL_0005_CDP_NEG"",""nonnegative_output"":false,""optimizer"":""RMSprop"",""parameter_sources"":{""physics_mode"":""FROZEN_R5_SPECIFICATION""},""physics_dropout_mode"":""data_only_dropout"",""physics_mode"":""CDP_NEG"",""physics_penalty"":""softplus"",""physics_real_fraction"":0.5,""physics_warmup_fraction"":0.1,""physics_weighting"":""FIXED_LAMBDA"",""synthetic_base_rows"":512,""synthetic_batch_size"":64,""synthetic_levels"":5,""synthetic_local_span_std"":0.5,""target_transform"":""log1p"",""tau_softplus"":0.015390873659504587,""use_lbfgs"":false,""weight_decay"":3.7361082709029954e-06}",0.5496601421021606,0.5520883787320565,0.6941746374508585,0.6776171736343333,0.03245253530753457,0.9969484701869972,94.1015625,92.431640625,7.568359375,0.04606764652362677,138401.0,False,C,935.839919500002,0.12138915508985519,0.04262517429888248,0.13609906136989594
6,COMPLETE,0.6666051422834393,,0.6512686025636238,0f343ff1931a1b003815ba5f5cbe8f0b03dfed613e3f091ab6cd5e39a19749f5,OPTUNA_AUTONOMOUS_R5,predictive_only_robust_score_R5,"{""activation"":""silu"",""batch_size"":""FULL_BATCH"",""config_source"":""OPTUNA_AUTONOMOUS_R5"",""dropout"":0.15,""fourier_dim"":0,""fourier_scale"":0.05,""gradient_clip"":1.0,""hidden_widths"":[32,96,48],""huber_delta"":1.2727296934826533,""lambda_phys"":7.576844419726635,""learning_rate"":0.0050541150232574356,""loss_data"":""huber"",""lr_scheduler"":""none"",""max_epochs"":600,""name"":""TRIAL_0006_CDP_NEG"",""nonnegative_output"":false,""optimizer"":""RMSprop"",""parameter_sources"":{""physics_mode"":""FROZEN_R5_SPECIFICATION""},""physics_dropout_mode"":""data_only_dropout"",""physics_mode"":""CDP_NEG"",""physics_penalty"":""relu_squared"",""physics_real_fraction"":0.5,""physics_warmup_fraction"":0.25,""physics_weighting"":""FIXED_LAMBDA"",""synthetic_base_rows"":256,""synthetic_batch_size"":128,""synthetic_levels"":5,""synthetic_local_span_std"":0.5,""target_transform"":""log1p"",""tau_softplus"":0.009040231170505258,""use_lbfgs"":false,""weight_decay"":3.8925693563842356e-08}",0.5775670556174902,0.5377696205327155,0.7079904360848845,0.7014562816492689,0.053919473580040324,0.9719547033829642,96.572265625,93.603515625,6.396484375,0.05223062085173554,8193.0,False,C,16.5699887999981,0.1242695540189743,5.788654164007312e-06,0.12431341707706452
7,COMPLETE,0.6848866650709211,,0.6602808430448306,dde9bd0f23afdc551bf1d83c2e20e39598121801bc04c820cfef2f09c2eb21e3,OPTUNA_AUTONOMOUS_R5,predictive_only_robust_score_R5,"{""activation"":""silu"",""batch_size"":512,""config_source"":""OPTUNA_AUTONOMOUS_R5"",""dropout"":0.25,""fourier_dim"":64,""fourier_scale"":0.02200661381062072,""gradient_clip"":10.0,""hidden_widths"":[32,192,96],""huber_delta"":1.0,""lambda_phys"":2.49572877528735,""learning_rate"":0.0003514922659722757,""loss_data"":""mse"",""lr_scheduler"":""none"",""max_epochs"":200,""name"":""TRIAL_0007_CDP_NEG"",""nonnegative_output"":false,""optimizer"":""NAdam"",""parameter_sources"":{""physics_mode"":""FROZEN_R5_SPECIFICATION""},""physics_dropout_mode"":""no_dropout"",""physics_mode"":""CDP_NEG"",""physics_penalty"":""relu_squared"",""physics_real_fraction"":0.25,""physics_warmup_fraction"":0.5,""physics_weighting"":""FIXED_LAMBDA"",""synthetic_base_rows"":64,""synthetic_batch_size"":256,""synthetic_levels"":5,""synthetic_local_span_std"":0.5,""target_transform"":""log1p"",""tau_softplus"":0.017707275351546602,""use_lbfgs"":false,""weight_decay"":1.3801871212616498e-08}",0.5249986906937096,0.5052328069200648,0.740312379759892,0.7368672082257426,0.06373241199689227,0.9176658705735209,90.791015625,73.876953125,26.123046875,0.031772082698555845,29089.0,False,C,259.7560011000023,0.22531761229038239,0.0002589685445855139,0.22596392631530762
8,COMPLETE,0.7286409728198443,,0.7183390707893632,1338b8039c29321ed7b822c9932dd93a0905e33c94957db972a5beed3b43877f,OPTUNA_AUTONOMOUS_R5,predictive_only_robust_score_R5,"{""activation"":""gelu"",""batch_size"":256,""config_source"":""OPTUNA_AUTONOMOUS_R5"",""dropout"":0.03,""fourier_dim"":0,""fourier_scale"":0.05,""gradient_clip"":10.0,""hidden_widths"":[32,32,256,32,64,48],""huber_delta"":0.593996031532972,""lambda_phys"":0.022796538876822085,""learning_rate"":0.0009443918445940873,""loss_data"":""huber"",""lr_scheduler"":""none"",""max_epochs"":400,""name"":""TRIAL_0008_CDP_NEG"",""nonnegative_output"":false,""optimizer"":""RMSprop"",""parameter_sources"":{""physics_mode"":""FROZEN_R5_SPECIFICATION""},""physics_dropout_mode"":""data_only_dropout"",""physics_mode"":""CDP_NEG"",""physics_penalty"":""softplus"",""physics_real_fraction"":0.5,""physics_warmup_fraction"":0.5,""physics_weighting"":""FIXED_LAMBDA"",""synthetic_base_rows"":512,""synthetic_batch_size"":128,""synthetic_levels"":5,""synthetic_local_span_std"":0.25,""target_transform"":""log1p"",""tau_softplus"":0.03685037214934477,""use_lbfgs"":false,""weight_decay"":0.0}",0.4563570756176529,0.4795033741760711,0.7676239503750832,0.7510027121058487,0.044256783230365006,0.8681810211059737,78.154296875,50.927734375,49.072265625,0.04054133502011962,23329.0,False,C,766.373588800001,0.07759524136781693,0.022544064559042454,0.07810916751623154
9,COMPLETE,0.6156283988215919,,0.5924272462925537,f7d31c9a51e98e2576d6639f6bf0b1e2e09cf08c4e574e3ad1dd53413824f8f9,OPTUNA_AUTONOMOUS_R5,predictive_only_robust_score_R5,"{""activation"":""silu"",""batch_size"":1024,""config_source"":""OPTUNA_AUTONOMOUS_R5"",""dropout"":0.0,""fourier_dim"":16,""fourier_scale"":0.1702567896593662,""gradient_clip"":10.0,""hidden_widths"":[256,128,32,160,64,160],""huber_delta"":0.6247628824058745,""lambda_phys"":1.0,""learning_rate"":0.00014251876354712462,""loss_data"":""huber"",""lr_scheduler"":""reduce_on_plateau"",""max_epochs"":300,""name"":""TRIAL_0009_CDP_NEG"",""nonnegative_output"":false,""optimizer"":""RMSprop"",""parameter_sources"":{""physics_mode"":""FROZEN_R5_SPECIFICATION""},""physics_dropout_mode"":""shared_stochastic"",""physics_mode"":""CDP_NEG"",""physics_penalty"":""softplus"",""physics_real_fraction"":0.0,""physics_warmup_fraction"":0.1,""physics_weighting"":""ADAPTIVE_LEARNED"",""synthetic_base_rows"":512,""synthetic_batch_size"":512,""synthetic_levels"":5,""synthetic_local_span_std"":0.25,""target_transform"":""original"",""tau_softplus"":0.10495164482780041,""use_lbfgs"":false,""weight_decay"":0.0}",0.6359228860582886,0.5792247876191643,0.662600077457998,0.662645750310396,0.048816817928588864,1.045060958828968,91.0546875,90.576171875,9.423828125,0.03776278012700446,71619.0,False,C,226.8355828000058,0.06062154844403267,0.04986257702112198,-0.726441478729248
10,COMPLETE,0.7273554189368931,,0.7181969814901884,ec23e801c9c0bf7212fafd5c3edc8557d733607943c8d104715952d93e27f7b6,OPTUNA_AUTONOMOUS_R5,predictive_only_robust_score_R5,"{""activation"":""silu"",""batch_size"":64,""config_source"":""OPTUNA_AUTONOMOUS_R5"",""dropout"":0.08,""fourier_dim"":0,""fourier_scale"":0.05,""gradient_clip"":5.0,""hidden_widths"":[64,160,160,96,96,160],""huber_delta"":1.0,""lambda_phys"":1.0,""learning_rate"":0.00019788310699197083,""loss_data"":""mse"",""lr_scheduler"":""none"",""max_epochs"":800,""name"":""TRIAL_0010_CDP_NEG"",""nonnegative_output"":false,""optimizer"":""NAdam"",""parameter_sources"":{""physics_mode"":""FROZEN_R5_SPECIFICATION""},""physics_dropout_mode"":""shared_stochastic"",""physics_mode"":""CDP_NEG"",""physics_penalty"":""relu_squared"",""physics_real_fraction"":0.0,""physics_warmup_fraction"":0.1,""physics_weighting"":""ADAPTIVE_LEARNED"",""synthetic_base_rows"":256,""synthetic_batch_size"":128,""synthetic_levels"":3,""synthetic_local_span_std"":1.0,""target_transform"":""log1p"",""tau_softplus"":0.07934205652841075,""use_lbfgs"":false,""weight_decay"":0.0}",0.4533723165165517,0.4812640681786194,0.765680771728008,0.7484039682674497,0.04652037610255593,0.872204645197249,99.970703125,99.90234375,0.09765625,0.04848188138335725,77251.0,True,A,3673.449993999995,0.17956939041614534,1.2096284626395005e-06,-0.16466922760009767
11,COMPLETE,0.4239985994776102,,0.4111546748842825,c1ece65d324ffe8ef4b075046df85ccd993920781c163886f222de117b539f04,OPTUNA_AUTONOMOUS_R5,predictive_only_robust_score_R5,"{""activation"":""silu"",""batch_size"":128,""config_source"":""OPTUNA_AUTONOMOUS_R5"",""dropout"":0.0,""fourier_dim"":16,""fourier_scale"":0.08168467007031904,""gradient_clip"":1.0,""hidden_widths"":[192,96,48],""huber_delta"":1.2736467570126546,""lambda_phys"":1.0,""learning_rate"":0.004103726947376359,""loss_data"":""huber"",""lr_scheduler"":""cosine"",""max_epochs"":150,""name"":""TRIAL_0011_CDP_NEG"",""nonnegative_output"":""softplus_output"",""optimizer"":""RMSprop"",""parameter_sources"":{""physics_mode"":""FROZEN_R5_SPECIFICATION""},""physics_dropout_mode"":""no_dropout"",""physics_mode"":""CDP_NEG"",""physics_penalty"":""relu_squared"",""physics_real_fraction"":0.0,""physics_warmup_fraction"":0.1,""physics_weighting"":""ADAPTIVE_LEARNED"",""synthetic_base_rows"":128,""synthetic_batch_size"":128,""synthetic_levels"":3,""synthetic_local_span_std"":0.5,""target_transform"":""original"",""tau_softplus"":0.07080507115155603,""use_lbfgs"":false,""weight_decay"":3.528013195354289e-07}",1.0405738013003347,0.7399635735014904,0.4517946194272759,0.4510893536538122,0.032004734918304786,1.3267779703535916,98.3203125,97.412109375,2.587890625,0.7671834118918802,29571.0,True,B,545.1932515999943,0.12828232795000077,0.00282755417865701,6307631334342.448
12,COMPLETE,0.6107431198370085,,0.5950692869511395,d4e54190c73eb7cd81c89daf9d750df441befa3bae2d067fdb0a324b57fa124b,OPTUNA_AUTONOMOUS_R5,predictive_only_robust_score_R5,"{""activation"":""softplus"",""batch_size"":1024,""config_source"":""OPTUNA_AUTONOMOUS_R5"",""dropout"":0.03,""fourier_dim"":8,""fourier_scale"":0.01050272657423299,""gradient_clip"":5.0,""hidden_widths"":[32,160,160,96,64],""huber_delta"":0.98773694238078,""lambda_phys"":1.0,""learning_rate"":0.00011103349184727345,""loss_data"":""huber"",""lr_scheduler"":""cosine"",""max_epochs"":800,""name"":""TRIAL_0012_CDP_NEG"",""nonnegative_output"":false,""optimizer"":""NAdam"",""parameter_sources"":{""physics_mode"":""FROZEN_R5_SPECIFICATION""},""physics_dropout_mode"":""shared_stochastic"",""physics_mode"":""CDP_NEG"",""physics_penalty"":""softplus"",""physics_real_fraction"":0.0,""physics_warmup_fraction"":0.25,""physics_weighting"":""ADAPTIVE_LEARNED"",""synthetic_base_rows"":512,""synthetic_batch_size"":512,""synthetic_levels"":5,""synthetic_local_span_std"":0.5,""target_transform"":""log1p"",""tau_softplus"":0.1874580217592644,""use_lbfgs"":false,""weight_decay"":9.891119378358088e-08}",0.6573580536529283,0.5898849386542212,0.6502996459591943,0.6442751864499238,0.046109728645717975,1.0642197049669133,100.0,100.0,0.0,0.050120276060146685,53315.0,True,A,599.3438367999988,0.14760585278272628,0.015580132603645325,-1.5789234161376953
13,COMPLETE,-0.01653691771350674,,-0.028002631535750222,d8bdc10943a70773891b3561d2d18698fb18bfcd95970b83cbacab5eb5f54306,OPTUNA_AUTONOMOUS_R5,predictive_only_robust_score_R5,"{""activation"":""tanh"",""batch_size"":64,""config_source"":""OPTUNA_AUTONOMOUS_R5"",""dropout"":0.25,""fourier_dim"":64,""fourier_scale"":0.5628601221675518,""gradient_clip"":1.0,""hidden_widths"":[96,128,192],""huber_delta"":0.6661065275108166,""lambda_phys"":1.0,""learning_rate"":0.001066157200141097,""loss_data"":""huber"",""lr_scheduler"":""none"",""max_epochs"":500,""name"":""TRIAL_0013_CDP_NEG"",""nonnegative_output"":false,""optimizer"":""AdamW"",""parameter_sources"":{""physics_mode"":""FROZEN_R5_SPECIFICATION""},""physics_dropout_mode"":""no_dropout"",""physics_mode"":""CDP_NEG"",""physics_penalty"":""softplus"",""physics_real_fraction"":0.0,""physics_warmup_fraction"":0.0,""physics_weighting"":""ADAPTIVE_LEARNED"",""synthetic_base_rows"":128,""synthetic_batch_size"":256,""synthetic_levels"":3,""synthetic_local_span_std"":0.5,""target_transform"":""log1p"",""tau_softplus"":0.024693807179539177,""use_lbfgs"":false,""weight_decay"":0.00010012079341069309}",1.1284745078639136,0.9927087647739284,0.013958446702687265,0.0064676085370591885,0.030714660234430913,1.7852982531135673,48.84765625,46.044921875,53.955078125,0.1972053616100244,49763.0,False,C,893.5844328999956,0.2903251528739929,0.8583935618400573,3.680246114730835
14,COMPLETE,0.6474895321405376,,0.6322067787609955,e45ea0901d1b80004ca66e81ba48c742e8304d5ed384c96472d24ced8814817a,OPTUNA_AUTONOMOUS_R5,predictive_only_robust_score_R5,"{""activation"":""tanh"",""batch_size"":256,""config_source"":""OPTUNA_AUTONOMOUS_R5"",""dropout"":0.0,""fourier_dim"":32,""fourier_scale"":0.0282617564854576,""gradient_clip"":10.0,""hidden_widths"":[160,48,64,96,48,192],""huber_delta"":1.3430093151945535,""lambda_phys"":1.0,""learning_rate"":0.006290722363946569,""loss_data"":""huber"",""lr_scheduler"":""cosine"",""max_epochs"":600,""name"":""TRIAL_0014_CDP_NEG"",""nonnegative_output"":false,""optimizer"":""NAdam"",""parameter_sources"":{""physics_mode"":""FROZEN_R5_SPECIFICATION""},""physics_dropout_mode"":""shared_stochastic"",""physics_mode"":""CDP_NEG"",""physics_penalty"":""relu_squared"",""physics_real_fraction"":0.0,""physics_warmup_fraction"":0.0,""physics_weighting"":""ADAPTIVE_LEARNED"",""synthetic_base_rows"":256,""synthetic_batch_size"":256,""synthetic_levels"":5,""synthetic_local_span_std"":0.5,""target_transform"":""original"",""tau_softplus"":0.006984895345921677,""use_lbfgs"":false,""weight_decay"":0.0}",0.606853855289763,0.5541070928925109,0.6903772131570527,0.681376263450916,0.05285135467039692,1.0011408642322297,98.388671875,96.38671875,3.61328125,0.09626962955283039,41763.0,True,B,406.00125090000074,0.06370703727006913,5.995963476834732e-08,-27.50478048324585
15,COMPLETE,0.6636951311602746,,0.6553433515364121,3cb58a9a5082dec2e4180918b229899156911aff80e0470b6eea3ecb572ed118,OPTUNA_AUTONOMOUS_R5,predictive_only_robust_score_R5,"{""activation"":""softplus"",""batch_size"":""FULL_BATCH"",""config_source"":""OPTUNA_AUTONOMOUS_R5"",""dropout"":0.0,""fourier_dim"":32,""fourier_scale"":0.06448548731192892,""gradient_clip"":10.0,""hidden_widths"":[256,96,160],""huber_delta"":1.0,""lambda_phys"":0.3756791514364829,""learning_rate"":0.0037403329585608074,""loss_data"":""mse"",""lr_scheduler"":""none"",""max_epochs"":200,""name"":""TRIAL_0015_CDP_NEG"",""nonnegative_output"":false,""optimizer"":""AdamW"",""parameter_sources"":{""physics_mode"":""FROZEN_R5_SPECIFICATION""},""physics_dropout_mode"":""shared_stochastic"",""physics_mode"":""CDP_NEG"",""physics_penalty"":""relu_squared"",""physics_real_fraction"":0.5,""physics_warmup_fraction"":0.25,""physics_weighting"":""FIXED_LAMBDA"",""synthetic_base_rows"":64,""synthetic_batch_size"":256,""synthetic_levels"":5,""synthetic_local_span_std"":0.5,""target_transform"":""log1p"",""tau_softplus"":0.007467105734532021,""use_lbfgs"":false,""weight_decay"":0.0}",0.5906370914352822,0.5446470771984097,0.701003443282246,0.684406351086635,0.04933129415787737,0.9846708303727038,87.83203125,84.619140625,15.380859375,0.06343430948837228,56993.0,False,C,12.167058499995619,0.26296660006046296,0.0008282917959149926,0.2632777750492096
16,COMPLETE,0.6541075940397272,,0.6443596330029646,ac66d8537a28d1722177518ffee6a638178b3739ce0045d923b5ccf9031272e4,OPTUNA_AUTONOMOUS_R5,predictive_only_robust_score_R5,"{""activation"":""silu"",""batch_size"":""FULL_BATCH"",""config_source"":""OPTUNA_AUTONOMOUS_R5"",""dropout"":0.0,""fourier_dim"":32,""fourier_scale"":0.02051565677965235,""gradient_clip"":1.0,""hidden_widths"":[128,192,192,32,256,32],""huber_delta"":1.0,""lambda_phys"":0.0356143301795514,""learning_rate"":0.00042594517993541233,""loss_data"":""mse"",""lr_scheduler"":""cosine"",""max_epochs"":400,""name"":""TRIAL_0016_CDP_NEG"",""nonnegative_output"":false,""optimizer"":""RMSprop"",""parameter_sources"":{""physics_mode"":""FROZEN_R5_SPECIFICATION""},""physics_dropout_mode"":""shared_stochastic"",""physics_mode"":""CDP_NEG"",""physics_penalty"":""softplus"",""physics_real_fraction"":0.25,""physics_warmup_fraction"":0.0,""physics_weighting"":""FIXED_LAMBDA"",""synthetic_base_rows"":64,""synthetic_batch_size"":64,""synthetic_levels"":5,""synthetic_local_span_std"":1.0,""target_transform"":""log1p"",""tau_softplus"":0.19544334171775044,""use_lbfgs"":false,""weight_decay"":3.698761567357443e-05}",0.5970134417317228,0.5504237621654141,0.6945322124472705,0.6773307578879475,0.05160634373162863,0.9950972453613683,100.0,100.0,0.0,0.033369865576812346,93025.0,True,A,26.488250599999446,0.2709853321313858,0.06771104782819748,0.27339681386947634
17,COMPLETE,-0.020378546950129393,,-0.036132592028249144,5d0af1e84cc5d32ee0d71203333a17e50bbc0206033eddc15e44947dc8948060,OPTUNA_AUTONOMOUS_R5,predictive_only_robust_score_R5,"{""activation"":""silu"",""batch_size"":256,""config_source"":""OPTUNA_AUTONOMOUS_R5"",""dropout"":0.0,""fourier_dim"":32,""fourier_scale"":0.5531761570360073,""gradient_clip"":5.0,""hidden_widths"":[192,48,96,128,160],""huber_delta"":1.6520036977451986,""lambda_phys"":0.016824780370175305,""learning_rate"":0.00016611534842442624,""loss_data"":""huber"",""lr_scheduler"":""none"",""max_epochs"":200,""name"":""TRIAL_0017_CDP_NEG"",""nonnegative_output"":false,""optimizer"":""Adam"",""parameter_sources"":{""physics_mode"":""FROZEN_R5_SPECIFICATION""},""physics_dropout_mode"":""no_dropout"",""physics_mode"":""CDP_NEG"",""physics_penalty"":""softplus"",""physics_real_fraction"":0.25,""physics_warmup_fraction"":0.0,""physics_weighting"":""FIXED_LAMBDA"",""synthetic_base_rows"":128,""synthetic_batch_size"":64,""synthetic_levels"":7,""synthetic_local_span_std"":1.0,""target_transform"":""log1p"",""tau_softplus"":0.024157025105503986,""use_lbfgs"":false,""weight_decay"":1.0165572756065825e-08}",1.1553324803865594,0.9986821303123399,0.002181275597147292,0.010852196328243746,0.021727781913677593,1.7954261499284598,51.1328125,48.486328125,51.513671875,0.13916263400180845,59665.0,False,C,332.15877570000157,0.4002039611339569,0.5063203036785126,0.4087226867675781
18,COMPLETE,-0.019580243320914487,,-0.027052021582963715,6141fd2194acbd663c37dfe9b71a1086fb1ed973200acb19c7d47dd5ab7361aa,OPTUNA_AUTONOMOUS_R5,predictive_only_robust_score_R5,"{""activation"":""tanh"",""batch_size"":1024,""config_source"":""OPTUNA_AUTONOMOUS_R5"",""dropout"":0.0,""fourier_dim"":8,""fourier_scale"":0.6668384857748247,""gradient_clip"":5.0,""hidden_widths"":[96,192],""huber_delta"":1.8934644675748862,""lambda_phys"":0.00010271717646718659,""learning_rate"":0.00020522775655729516,""loss_data"":""huber"",""lr_scheduler"":""none"",""max_epochs"":600,""name"":""TRIAL_0018_CDP_NEG"",""nonnegative_output"":false,""optimizer"":""NAdam"",""parameter_sources"":{""physics_mode"":""FROZEN_R5_SPECIFICATION""},""physics_dropout_mode"":""shared_stochastic"",""physics_mode"":""CDP_NEG"",""physics_penalty"":""softplus"",""physics_real_fraction"":0.0,""physics_warmup_fraction"":0.1,""physics_weighting"":""FIXED_LAMBDA"",""synthetic_base_rows"":128,""synthetic_batch_size"":256,""synthetic_levels"":7,""synthetic_local_span_std"":1.0,""target_transform"":""log1p"",""tau_softplus"":0.059118238292737976,""use_lbfgs"":false,""weight_decay"":0.0}",1.1440087415864046,1.004660532049058,-0.009701953751814018,-0.00492377256923926,0.009017032251830785,1.8061231178920614,50.859375,49.51171875,50.48828125,0.17640159850808032,20449.0,False,C,86.1261330999987,0.4026137232780457,0.17696764767169954,0.40263190269470217
19,COMPLETE,0.66194484419207,,0.6486201935857177,6bf4665f95a8271145f6090f9b26edb09a357f08dcd4f16ebfaf27fc520e6a6b,OPTUNA_AUTONOMOUS_R5,predictive_only_robust_score_R5,"{""activation"":""gelu"",""batch_size"":512,""config_source"":""OPTUNA_AUTONOMOUS_R5"",""dropout"":0.15,""fourier_dim"":8,""fourier_scale"":0.04143468779899655,""gradient_clip"":10.0,""hidden_widths"":[160,128,96,128,96,160],""huber_delta"":1.0,""lambda_phys"":1.0,""learning_rate"":0.0031070354468641513,""loss_data"":""mse"",""lr_scheduler"":""cosine"",""max_epochs"":600,""name"":""TRIAL_0019_CDP_NEG"",""nonnegative_output"":false,""optimizer"":""NAdam"",""parameter_sources"":{""physics_mode"":""FROZEN_R5_SPECIFICATION""},""physics_dropout_mode"":""data_only_dropout"",""physics_mode"":""CDP_NEG"",""physics_penalty"":""softplus"",""physics_real_fraction"":0.0,""physics_warmup_fraction"":0.25,""physics_weighting"":""ADAPTIVE_LEARNED"",""synthetic_base_rows"":512,""synthetic_batch_size"":512,""synthetic_levels"":7,""synthetic_local_span_std"":0.5,""target_transform"":""log1p"",""tau_softplus"":0.17167677828648484,""use_lbfgs"":false,""weight_decay"":0.0}",0.5688448695016846,0.5451873075660781,0.700599408574959,0.6919565234244517,0.048741698441920035,0.9847218993312022,99.98046875,99.951171875,0.048828125,0.06215454609450706,76195.0,True,A,343.66619950000313,0.25375173389911654,0.0019381044519832357,-6.246749019622802
20,COMPLETE,0.7136636570044628,,0.7031204638224375,2417cfc190552b3d4edc8b06fc2fba54d482850b8c9c1599f96275f4744b89fa,OPTUNA_AUTONOMOUS_R5,predictive_only_robust_score_R5,"{""activation"":""softplus"",""batch_size"":64,""config_source"":""OPTUNA_AUTONOMOUS_R5"",""dropout"":0.08,""fourier_dim"":64,""fourier_scale"":0.03736041696111713,""gradient_clip"":1.0,""hidden_widths"":[64,96,48,160],""huber_delta"":0.7208323686396079,""lambda_phys"":0.7527779515983277,""learning_rate"":0.00046885599273047986,""loss_data"":""huber"",""lr_scheduler"":""none"",""max_epochs"":400,""name"":""TRIAL_0020_CDP_NEG"",""nonnegative_output"":false,""optimizer"":""AdamW"",""parameter_sources"":{""physics_mode"":""FROZEN_R5_SPECIFICATION""},""physics_dropout_mode"":""shared_stochastic"",""physics_mode"":""CDP_NEG"",""physics_penalty"":""relu_squared"",""physics_real_fraction"":0.5,""physics_warmup_fraction"":0.1,""physics_weighting"":""FIXED_LAMBDA"",""synthetic_base_rows"":256,""synthetic_batch_size"":256,""synthetic_levels"":7,""synthetic_local_span_std"":0.25,""target_transform"":""original"",""tau_softplus"":0.13393244839964472,""use_lbfgs"":false,""weight_decay"":0.0}",0.47775740240569603,0.48785886344240054,0.7590833293222922,0.7360871529633594,0.04943100110236743,0.883858332400268,95.72265625,92.67578125,7.32421875,0.04729455852588808,27153.0,False,C,3356.907844900008,0.039493000134825706,7.08760810084641e-05,0.039546354115009306
21,COMPLETE,0.6801423441610579,,0.667128932854854,9360f4bf239bd81170b140259ffb1f767332d70079e36596e72db8296de9d39c,OPTUNA_AUTONOMOUS_R5,predictive_only_robust_score_R5,"{""activation"":""gelu"",""batch_size"":64,""config_source"":""OPTUNA_AUTONOMOUS_R5"",""dropout"":0.15,""fourier_dim"":0,""fourier_scale"":0.05,""gradient_clip"":10.0,""hidden_widths"":[160,48],""huber_delta"":0.4422488599117077,""lambda_phys"":1.0,""learning_rate"":0.00012147947953941101,""loss_data"":""huber"",""lr_scheduler"":""reduce_on_plateau"",""max_epochs"":300,""name"":""TRIAL_0021_CDP_NEG"",""nonnegative_output"":false,""optimizer"":""Adam"",""parameter_sources"":{""physics_mode"":""FROZEN_R5_SPECIFICATION""},""physics_dropout_mode"":""shared_stochastic"",""physics_mode"":""CDP_NEG"",""physics_penalty"":""relu_squared"",""physics_real_fraction"":0.0,""physics_warmup_fraction"":0.1,""physics_weighting"":""ADAPTIVE_LEARNED"",""synthetic_base_rows"":512,""synthetic_batch_size"":64,""synthetic_levels"":7,""synthetic_local_span_std"":1.0,""target_transform"":""original"",""tau_softplus"":0.019190004643491042,""use_lbfgs"":false,""weight_decay"":2.1499525907503934e-08}",0.5276351407787071,0.5059640670752136,0.7393372121674597,0.7080730711424277,0.06490658111328722,0.9188781372115866,99.78515625,99.267578125,0.732421875,0.05246123786567368,9379.0,True,A,1937.0335228999902,0.0401895709335804,6.220111821164665e-08,-9.124733781814575
22,COMPLETE,-0.049604338322905395,,-0.07247417993189176,4ab60f330553f4eb0a00ef400a3910fe0956beb5efdfc6b569c3444e7dac9d57,OPTUNA_AUTONOMOUS_R5,predictive_only_robust_score_R5,"{""activation"":""tanh"",""batch_size"":512,""config_source"":""OPTUNA_AUTONOMOUS_R5"",""dropout"":0.08,""fourier_dim"":16,""fourier_scale"":0.25503262725714265,""gradient_clip"":5.0,""hidden_widths"":[64,160,160,64],""huber_delta"":1.0,""lambda_phys"":1.0,""learning_rate"":0.0015546127087718283,""loss_data"":""mse"",""lr_scheduler"":""reduce_on_plateau"",""max_epochs"":400,""name"":""TRIAL_0022_CDP_NEG"",""nonnegative_output"":""softplus_output"",""optimizer"":""NAdam"",""parameter_sources"":{""physics_mode"":""FROZEN_R5_SPECIFICATION""},""physics_dropout_mode"":""no_dropout"",""physics_mode"":""CDP_NEG"",""physics_penalty"":""softplus"",""physics_real_fraction"":0.5,""physics_warmup_fraction"":0.0,""physics_weighting"":""ADAPTIVE_LEARNED"",""synthetic_base_rows"":256,""synthetic_batch_size"":64,""synthetic_levels"":5,""synthetic_local_span_std"":0.25,""target_transform"":""original"",""tau_softplus"":0.005187914445173875,""use_lbfgs"":false,""weight_decay"":0.00028450362446562886}",1.3295913504165795,1.0001594092744628,-0.0011321943572935923,-0.0053948544241009255,0.04388154600810703,1.7943326640016874,54.521484375,47.802734375,52.197265625,0.3404290130779458,48643.0,False,C,158.2461892999927,0.5506995797157288,0.006637273263186217,-0.8544210970401764
23,COMPLETE,0.41883677459475377,,0.3937580055491845,32c74c25abb2cdaa2565a4de20ed92ed33fa1ad11952d5c1a0b8b2c2b6557d28,OPTUNA_AUTONOMOUS_R5,predictive_only_robust_score_R5,"{""activation"":""gelu"",""batch_size"":128,""config_source"":""OPTUNA_AUTONOMOUS_R5"",""dropout"":0.25,""fourier_dim"":64,""fourier_scale"":0.3208092786853457,""gradient_clip"":10.0,""hidden_widths"":[96,64],""huber_delta"":1.0,""lambda_phys"":7.494194329459229,""learning_rate"":0.0040615067933122105,""loss_data"":""mse"",""lr_scheduler"":""cosine"",""max_epochs"":700,""name"":""TRIAL_0023_CDP_NEG"",""nonnegative_output"":false,""optimizer"":""AdamW"",""parameter_sources"":{""physics_mode"":""FROZEN_R5_SPECIFICATION""},""physics_dropout_mode"":""no_dropout"",""physics_mode"":""CDP_NEG"",""physics_penalty"":""softplus"",""physics_real_fraction"":0.5,""physics_warmup_fraction"":0.5,""physics_weighting"":""FIXED_LAMBDA"",""synthetic_base_rows"":64,""synthetic_batch_size"":128,""synthetic_levels"":3,""synthetic_local_span_std"":0.25,""target_transform"":""log1p"",""tau_softplus"":0.010317473310232344,""use_lbfgs"":false,""weight_decay"":3.659259472999019e-08}",0.7781039204572698,0.7319995937840704,0.46270356066335444,0.4718541241073564,0.05244622033299273,1.3144141645470984,63.603515625,56.787109375,43.212890625,0.0484886430411206,18657.0,False,C,1795.9989160000114,0.4289674639701843,0.38246798515319824,3.2952568531036377
24,COMPLETE,-0.06432706594793057,,-0.07983800608069336,c11e5aaf0f78682eb544d2ecc43ffec7c41fcebdebb04a8a02a77512465e050c,OPTUNA_AUTONOMOUS_R5,predictive_only_robust_score_R5,"{""activation"":""tanh"",""batch_size"":1024,""config_source"":""OPTUNA_AUTONOMOUS_R5"",""dropout"":0.15,""fourier_dim"":16,""fourier_scale"":0.824324846847814,""gradient_clip"":5.0,""hidden_widths"":[128,48],""huber_delta"":1.0,""lambda_phys"":1.0,""learning_rate"":0.0001423967040103008,""loss_data"":""mse"",""lr_scheduler"":""none"",""max_epochs"":800,""name"":""TRIAL_0024_CDP_NEG"",""nonnegative_output"":false,""optimizer"":""RMSprop"",""parameter_sources"":{""physics_mode"":""FROZEN_R5_SPECIFICATION""},""physics_dropout_mode"":""data_only_dropout"",""physics_mode"":""CDP_NEG"",""physics_penalty"":""relu_squared"",""physics_real_fraction"":0.25,""physics_warmup_fraction"":0.5,""physics_weighting"":""ADAPTIVE_LEARNED"",""synthetic_base_rows"":256,""synthetic_batch_size"":256,""synthetic_levels"":5,""synthetic_local_span_std"":0.5,""target_transform"":""original"",""tau_softplus"":0.180662122598329,""use_lbfgs"":false,""weight_decay"":2.8948307813937726e-08}",1.3354651533630069,1.0173544841866697,-0.035520431599949644,-0.03420907279885754,0.026094972998623216,1.8266598306454334,49.78515625,48.53515625,51.46484375,0.3152562503855097,10467.0,False,C,287.5418526000067,0.5716668486595153,0.02264482621103525,0.3420888245105743
25,COMPLETE,0.38454960114628256,,0.3688863786396287,3e96e50da9cdcc926a8b1af2aeb225499f7a4e2115a55384d0b9ebda7f45b977,OPTUNA_AUTONOMOUS_R5,predictive_only_robust_score_R5,"{""activation"":""silu"",""batch_size"":1024,""config_source"":""OPTUNA_AUTONOMOUS_R5"",""dropout"":0.03,""fourier_dim"":32,""fourier_scale"":0.018018646574371508,""gradient_clip"":5.0,""hidden_widths"":[192,192],""huber_delta"":1.0,""lambda_phys"":1.0,""learning_rate"":0.00030046254190244136,""loss_data"":""mse"",""lr_scheduler"":""cosine"",""max_epochs"":150,""name"":""TRIAL_0025_CDP_NEG"",""nonnegative_output"":""softplus_output"",""optimizer"":""Adam"",""parameter_sources"":{""physics_mode"":""FROZEN_R5_SPECIFICATION""},""physics_dropout_mode"":""data_only_dropout"",""physics_mode"":""CDP_NEG"",""physics_penalty"":""softplus"",""physics_real_fraction"":0.25,""physics_warmup_fraction"":0.5,""physics_weighting"":""ADAPTIVE_LEARNED"",""synthetic_base_rows"":256,""synthetic_batch_size"":128,""synthetic_levels"":3,""synthetic_local_span_std"":0.25,""target_transform"":""original"",""tau_softplus"":0.015189621604943113,""use_lbfgs"":false,""weight_decay"":0.0}",1.085588314454179,0.7609594356835425,0.420228536413574,0.4155519417346649,0.034706621992515445,1.3648179928921942,99.931640625,99.70703125,0.29296875,0.7675230931169579,49731.0,True,A,94.57891589999781,0.318514347076416,0.005854811053723097,-0.4928534060716629
26,COMPLETE,0.7312592741018042,,0.7235086379892904,cd936a0c7a05435128c2790d809c4c7c0cca0f97fb5be3f5186d699295646d32,OPTUNA_AUTONOMOUS_R5,predictive_only_robust_score_R5,"{""activation"":""tanh"",""batch_size"":64,""config_source"":""OPTUNA_AUTONOMOUS_R5"",""dropout"":0.08,""fourier_dim"":0,""fourier_scale"":0.05,""gradient_clip"":5.0,""hidden_widths"":[64,64,256,32,96],""huber_delta"":1.0,""lambda_phys"":0.002675263413930306,""learning_rate"":0.00032148109911909643,""loss_data"":""mse"",""lr_scheduler"":""none"",""max_epochs"":600,""name"":""TRIAL_0026_CDP_NEG"",""nonnegative_output"":false,""optimizer"":""NAdam"",""parameter_sources"":{""physics_mode"":""FROZEN_R5_SPECIFICATION""},""physics_dropout_mode"":""shared_stochastic"",""physics_mode"":""CDP_NEG"",""physics_penalty"":""relu_squared"",""physics_real_fraction"":0.0,""physics_warmup_fraction"":0.5,""physics_weighting"":""FIXED_LAMBDA"",""synthetic_base_rows"":256,""synthetic_batch_size"":128,""synthetic_levels"":3,""synthetic_local_span_std"":1.0,""target_transform"":""log1p"",""tau_softplus"":0.10365563364879597,""use_lbfgs"":false,""weight_decay"":0.0}",0.4458042267916461,0.4791191343080879,0.7680329828853114,0.7490553876071806,0.043658232624552935,0.8673714534065299,56.904296875,48.046875,51.953125,0.04934334163946595,32929.0,False,C,3739.732113799997,0.17740717232227327,0.014382075518369675,0.177445650100708
27,COMPLETE,0.7241261029148046,,0.7144918580699815,d763fbfbdb7cac6fbc9d3b98375f6bc1ecca4378bd692d014e4659ae19901837,OPTUNA_AUTONOMOUS_R5,predictive_only_robust_score_R5,"{""activation"":""gelu"",""batch_size"":512,""config_source"":""OPTUNA_AUTONOMOUS_R5"",""dropout"":0.03,""fourier_dim"":0,""fourier_scale"":0.05,""gradient_clip"":10.0,""hidden_widths"":[32,32,256,32,96,48],""huber_delta"":0.252713892198575,""lambda_phys"":0.0013826561278283917,""learning_rate"":0.00036044317977036727,""loss_data"":""huber"",""lr_scheduler"":""none"",""max_epochs"":400,""name"":""TRIAL_0027_CDP_NEG"",""nonnegative_output"":false,""optimizer"":""Adam"",""parameter_sources"":{""physics_mode"":""FROZEN_R5_SPECIFICATION""},""physics_dropout_mode"":""shared_stochastic"",""physics_mode"":""CDP_NEG"",""physics_penalty"":""softplus"",""physics_real_fraction"":0.5,""physics_warmup_fraction"":0.0,""physics_weighting"":""FIXED_LAMBDA"",""synthetic_base_rows"":512,""synthetic_batch_size"":128,""synthetic_levels"":5,""synthetic_local_span_std"":0.25,""target_transform"":""log1p"",""tau_softplus"":0.054843982830120507,""use_lbfgs"":false,""weight_decay"":0.0}",0.4631919915192303,0.48593055796426265,0.7616668062502476,0.7451007066402596,0.042659045442869026,0.8792189780538864,68.544921875,50.830078125,49.169921875,0.03560663050371939,25921.0,False,C,455.38088080000307,0.0523020438849926,0.040449009463191035,0.05235797092318535
28,COMPLETE,0.6842165574718759,,0.6584703352368527,4a2f959606853f97c3eddae1aab6c3e97f23f35472e65744b07db64545cb6481,OPTUNA_AUTONOMOUS_R5,predictive_only_robust_score_R5,"{""activation"":""silu"",""batch_size"":1024,""config_source"":""OPTUNA_AUTONOMOUS_R5"",""dropout"":0.08,""fourier_dim"":0,""fourier_scale"":0.05,""gradient_clip"":2.5,""hidden_widths"":[64,160,256,256,96],""huber_delta"":1.0,""lambda_phys"":1.0,""learning_rate"":0.00015741841482764873,""loss_data"":""mse"",""lr_scheduler"":""cosine"",""max_epochs"":500,""name"":""TRIAL_0028_CDP_NEG"",""nonnegative_output"":false,""optimizer"":""NAdam"",""parameter_sources"":{""physics_mode"":""FROZEN_R5_SPECIFICATION""},""physics_dropout_mode"":""shared_stochastic"",""physics_mode"":""CDP_NEG"",""physics_penalty"":""relu_squared"",""physics_real_fraction"":0.0,""physics_warmup_fraction"":0.1,""physics_weighting"":""ADAPTIVE_LEARNED"",""synthetic_base_rows"":256,""synthetic_batch_size"":128,""synthetic_levels"":3,""synthetic_local_span_std"":1.0,""target_transform"":""log1p"",""tau_softplus"":0.03513874704536351,""use_lbfgs"":false,""weight_decay"":0.0}",0.5223544501755113,0.5061067446731067,0.7393335836017888,0.7389025762091341,0.06469774893154828,0.9195229613651602,90.166015625,80.95703125,19.04296875,0.07293075062143844,142819.0,False,C,256.4195292000004,0.22008392214775085,3.446328810241539e-05,-1.0745416820049285
29,COMPLETE,0.7265108770460715,,0.7202337084585159,10d5552171961f1029fe07c9dea50923cc6344d14b6b0aae5ccb628e8de37a11,OPTUNA_AUTONOMOUS_R5,predictive_only_robust_score_R5,"{""activation"":""tanh"",""batch_size"":64,""config_source"":""OPTUNA_AUTONOMOUS_R5"",""dropout"":0.08,""fourier_dim"":0,""fourier_scale"":0.05,""gradient_clip"":5.0,""hidden_widths"":[64,64,256,48],""huber_delta"":1.0,""lambda_phys"":0.001561715291356538,""learning_rate"":0.0003831470515774617,""loss_data"":""mse"",""lr_scheduler"":""reduce_on_plateau"",""max_epochs"":600,""name"":""TRIAL_0029_CDP_NEG"",""nonnegative_output"":false,""optimizer"":""RMSprop"",""parameter_sources"":{""physics_mode"":""FROZEN_R5_SPECIFICATION""},""physics_dropout_mode"":""shared_stochastic"",""physics_mode"":""CDP_NEG"",""physics_penalty"":""relu_squared"",""physics_real_fraction"":0.0,""physics_warmup_fraction"":0.0,""physics_weighting"":""FIXED_LAMBDA"",""synthetic_base_rows"":256,""synthetic_batch_size"":128,""synthetic_levels"":3,""synthetic_local_span_std"":0.25,""target_transform"":""log1p"",""tau_softplus"":0.055047688315771184,""use_lbfgs"":false,""weight_decay"":0.0}",0.450339898420678,0.4809858437678735,0.765920606354041,0.7414771393930054,0.046645504823437524,0.8714730866709818,46.416015625,36.23046875,63.76953125,0.04769581562519053,33825.0,False,C,1613.4294304000068,0.1792163848876953,0.021903710067272188,0.1792505919933319
30,COMPLETE,0.7215392637876914,,0.7091094067234742,198c743626502e10eefe09c5d0f58c1fd65bcfc3e75f4c24a323be794c64e642,OPTUNA_AUTONOMOUS_R5,predictive_only_robust_score_R5,"{""activation"":""softplus"",""batch_size"":256,""config_source"":""OPTUNA_AUTONOMOUS_R5"",""dropout"":0.03,""fourier_dim"":0,""fourier_scale"":0.05,""gradient_clip"":5.0,""hidden_widths"":[256,48,256,32,32,256],""huber_delta"":0.26362375884951905,""lambda_phys"":1.0,""learning_rate"":0.0011076169333015934,""loss_data"":""huber"",""lr_scheduler"":""none"",""max_epochs"":400,""name"":""TRIAL_0030_CDP_NEG"",""nonnegative_output"":false,""optimizer"":""RMSprop"",""parameter_sources"":{""physics_mode"":""FROZEN_R5_SPECIFICATION""},""physics_dropout_mode"":""data_only_dropout"",""physics_mode"":""CDP_NEG"",""physics_penalty"":""softplus"",""physics_real_fraction"":0.5,""physics_warmup_fraction"":0.5,""physics_weighting"":""ADAPTIVE_LEARNED"",""synthetic_base_rows"":512,""synthetic_batch_size"":128,""synthetic_levels"":3,""synthetic_local_span_std"":0.25,""target_transform"":""log1p"",""tau_softplus"":0.035606510784495934,""use_lbfgs"":false,""weight_decay"":0.0}",0.4703885834420102,0.48715405860570343,0.7601218083339748,0.7488536081741173,0.04594643532025756,0.8813938853872271,99.990234375,99.951171875,0.048828125,0.04383505798806193,45427.0,True,A,781.4041943999982,0.05506841689348221,4.46688757285396e-06,-18.010599899291993
31,COMPLETE,0.719007672699884,,0.7072104982623472,3b182bc83f8243b1e368f2de1786972cef4730821d99ee361afc66994beead73,OPTUNA_AUTONOMOUS_R5,predictive_only_robust_score_R5,"{""activation"":""gelu"",""batch_size"":256,""config_source"":""OPTUNA_AUTONOMOUS_R5"",""dropout"":0.03,""fourier_dim"":32,""fourier_scale"":0.010579463425745913,""gradient_clip"":1.0,""hidden_widths"":[32,32,32,32,96],""huber_delta"":0.8511828577771492,""lambda_phys"":0.00464555689924366,""learning_rate"":0.001158632521834082,""loss_data"":""huber"",""lr_scheduler"":""none"",""max_epochs"":400,""name"":""TRIAL_0031_CDP_NEG"",""nonnegative_output"":false,""optimizer"":""RMSprop"",""parameter_sources"":{""physics_mode"":""FROZEN_R5_SPECIFICATION""},""physics_dropout_mode"":""data_only_dropout"",""physics_mode"":""CDP_NEG"",""physics_penalty"":""relu_squared"",""physics_real_fraction"":0.25,""physics_warmup_fraction"":0.5,""physics_weighting"":""FIXED_LAMBDA"",""synthetic_base_rows"":64,""synthetic_batch_size"":128,""synthetic_levels"":5,""synthetic_local_span_std"":0.25,""target_transform"":""log1p"",""tau_softplus"":0.020953733354936548,""use_lbfgs"":false,""weight_decay"":0.0}",0.4634041379400019,0.4817995843930626,0.764857501064425,0.7438149252401962,0.0494885393602578,0.8729915328364454,78.65234375,71.923828125,28.076171875,0.04305546831731606,8513.0,False,C,701.0480848000079,0.0836410403251648,0.0037277832045219837,0.08365835845470429
32,COMPLETE,0.7275100916603217,,0.7218148329434608,c1902c9716687423ee5e222e3ed94d2faec9c49fb449f785082b83c92eb15557,OPTUNA_AUTONOMOUS_R5,predictive_only_robust_score_R5,"{""activation"":""tanh"",""batch_size"":64,""config_source"":""OPTUNA_AUTONOMOUS_R5"",""dropout"":0.08,""fourier_dim"":0,""fourier_scale"":0.05,""gradient_clip"":5.0,""hidden_widths"":[64,64,256,48],""huber_delta"":1.0,""lambda_phys"":0.0013166312075846636,""learning_rate"":0.00032256947615636974,""loss_data"":""mse"",""lr_scheduler"":""reduce_on_plateau"",""max_epochs"":600,""name"":""TRIAL_0032_CDP_NEG"",""nonnegative_output"":false,""optimizer"":""Adam"",""parameter_sources"":{""physics_mode"":""FROZEN_R5_SPECIFICATION""},""physics_dropout_mode"":""shared_stochastic"",""physics_mode"":""CDP_NEG"",""physics_penalty"":""relu_squared"",""physics_real_fraction"":0.0,""physics_warmup_fraction"":0.5,""physics_weighting"":""FIXED_LAMBDA"",""synthetic_base_rows"":256,""synthetic_batch_size"":512,""synthetic_levels"":7,""synthetic_local_span_std"":1.0,""target_transform"":""log1p"",""tau_softplus"":0.08676369476031076,""use_lbfgs"":false,""weight_decay"":0.0}",0.4499449083318515,0.4803962718685086,0.766383652484829,0.7417014768601544,0.04727616412284086,0.8705619256435373,42.8125,36.71875,63.28125,0.03843010079238286,33825.0,False,C,3060.6486857999917,0.1786537855863571,0.051203180104494095,0.17872120141983033
33,COMPLETE,0.723632135760412,,0.7202565744303108,e871a8d43cbb7cae621af7f74ffb6da5202dc41f9d14c67d8aabdf50a1479399,OPTUNA_AUTONOMOUS_R5,predictive_only_robust_score_R5,"{""activation"":""tanh"",""batch_size"":128,""config_source"":""OPTUNA_AUTONOMOUS_R5"",""dropout"":0.15,""fourier_dim"":0,""fourier_scale"":0.05,""gradient_clip"":5.0,""hidden_widths"":[256,64,256,48,64],""huber_delta"":0.5712195286184147,""lambda_phys"":0.001147064177409419,""learning_rate"":0.0002959142011706143,""loss_data"":""huber"",""lr_scheduler"":""reduce_on_plateau"",""max_epochs"":600,""name"":""TRIAL_0033_CDP_NEG"",""nonnegative_output"":false,""optimizer"":""Adam"",""parameter_sources"":{""physics_mode"":""FROZEN_R5_SPECIFICATION""},""physics_dropout_mode"":""shared_stochastic"",""physics_mode"":""CDP_NEG"",""physics_penalty"":""relu_squared"",""physics_real_fraction"":0.0,""physics_warmup_fraction"":0.5,""physics_weighting"":""FIXED_LAMBDA"",""synthetic_base_rows"":256,""synthetic_batch_size"":512,""synthetic_levels"":7,""synthetic_local_span_std"":1.0,""target_transform"":""log1p"",""tau_softplus"":0.11221364582656204,""use_lbfgs"":false,""weight_decay"":0.0}",0.45620734815433234,0.49292273453278296,0.7547681280541909,0.7344021887771739,0.043192783363457554,0.8928504662436362,43.779296875,37.158203125,62.841796875,0.044918776244852326,51185.0,False,C,1708.1222504000107,0.07594302371144294,0.04045249968767166,0.07598942741751671
34,COMPLETE,0.7264774953128135,,0.711950579382036,c9cc7dced1b78884a15523ad6e30094ab3b345d2954bee0688a76fa81dd8bca4,OPTUNA_AUTONOMOUS_R5,predictive_only_robust_score_R5,"{""activation"":""silu"",""batch_size"":64,""config_source"":""OPTUNA_AUTONOMOUS_R5"",""dropout"":0.08,""fourier_dim"":0,""fourier_scale"":0.05,""gradient_clip"":5.0,""hidden_widths"":[64,64,256,96,96],""huber_delta"":1.0,""lambda_phys"":0.0062312023527717215,""learning_rate"":0.00029580239862120165,""loss_data"":""mse"",""lr_scheduler"":""none"",""max_epochs"":800,""name"":""TRIAL_0034_CDP_NEG"",""nonnegative_output"":false,""optimizer"":""NAdam"",""parameter_sources"":{""physics_mode"":""FROZEN_R5_SPECIFICATION""},""physics_dropout_mode"":""shared_stochastic"",""physics_mode"":""CDP_NEG"",""physics_penalty"":""relu_squared"",""physics_real_fraction"":0.0,""physics_warmup_fraction"":0.25,""physics_weighting"":""FIXED_LAMBDA"",""synthetic_base_rows"":512,""synthetic_batch_size"":256,""synthetic_levels"":3,""synthetic_local_span_std"":1.0,""target_transform"":""log1p"",""tau_softplus"":0.05620770039973273,""use_lbfgs"":false,""weight_decay"":0.0}",0.45841558746091976,0.4787796615694707,0.7681416691510758,0.7569923044613146,0.04604710569909925,0.8664525188245997,68.896484375,59.5703125,40.4296875,0.04381514432177179,55521.0,False,C,2952.9089642000035,0.18229348659515382,0.00973777803592384,0.1823541671037674
35,COMPLETE,0.688894445554952,,0.6784957742357649,75a98372c9e055de59ec1a7ec157fdc89a6e20a587f0dddb11ad20bc3c37a3c9,OPTUNA_AUTONOMOUS_R5,predictive_only_robust_score_R5,"{""activation"":""gelu"",""batch_size"":256,""config_source"":""OPTUNA_AUTONOMOUS_R5"",""dropout"":0.15,""fourier_dim"":8,""fourier_scale"":0.09160256858160631,""gradient_clip"":10.0,""hidden_widths"":[160,32,128,32,160],""huber_delta"":0.26571574145295823,""lambda_phys"":0.0004587867107176988,""learning_rate"":0.003062299652611503,""loss_data"":""huber"",""lr_scheduler"":""none"",""max_epochs"":600,""name"":""TRIAL_0035_CDP_NEG"",""nonnegative_output"":false,""optimizer"":""RMSprop"",""parameter_sources"":{""physics_mode"":""FROZEN_R5_SPECIFICATION""},""physics_dropout_mode"":""data_only_dropout"",""physics_mode"":""CDP_NEG"",""physics_penalty"":""softplus"",""physics_real_fraction"":0.5,""physics_warmup_fraction"":0.5,""physics_weighting"":""FIXED_LAMBDA"",""synthetic_base_rows"":512,""synthetic_batch_size"":256,""synthetic_levels"":5,""synthetic_local_span_std"":0.25,""target_transform"":""log1p"",""tau_softplus"":0.04558734032370851,""use_lbfgs"":false,""weight_decay"":0.0}",0.5247695583207344,0.5239634933969077,0.723306784539599,0.7135463095490656,0.045975903051864594,0.9468068301505657,75.771484375,71.484375,28.515625,0.05633207196617197,21665.0,False,C,965.508958099992,0.06458375453948975,0.06844281740486621,0.06461515352129936
36,COMPLETE,0.7317116006369848,,0.7253103900556563,635dfc5cbcd257d17a25250254c82e6d88607ad48dfe579737d23682e20990c7,OPTUNA_AUTONOMOUS_R5,predictive_only_robust_score_R5,"{""activation"":""tanh"",""batch_size"":128,""config_source"":""OPTUNA_AUTONOMOUS_R5"",""dropout"":0.08,""fourier_dim"":0,""fourier_scale"":0.05,""gradient_clip"":10.0,""hidden_widths"":[64,64,160,48,48,96],""huber_delta"":1.0,""lambda_phys"":0.009668090885209285,""learning_rate"":0.00037256589685894447,""loss_data"":""mse"",""lr_scheduler"":""none"",""max_epochs"":600,""name"":""TRIAL_0036_CDP_NEG"",""nonnegative_output"":false,""optimizer"":""AdamW"",""parameter_sources"":{""physics_mode"":""FROZEN_R5_SPECIFICATION""},""physics_dropout_mode"":""shared_stochastic"",""physics_mode"":""CDP_NEG"",""physics_penalty"":""relu_squared"",""physics_real_fraction"":0.0,""physics_warmup_fraction"":0.5,""physics_weighting"":""FIXED_LAMBDA"",""synthetic_base_rows"":64,""synthetic_batch_size"":64,""synthetic_levels"":3,""synthetic_local_span_std"":1.0,""target_transform"":""log1p"",""tau_softplus"":0.15086316417601092,""use_lbfgs"":false,""weight_decay"":0.0}",0.4450656523896339,0.47882630769628615,0.7682285423557141,0.747107880039865,0.044298516439399464,0.8670721355749261,53.076171875,34.619140625,65.380859375,0.030444526629400025,30081.0,False,C,2155.015643100007,0.17740244865417482,0.0083944839425385,0.17748360633850097
37,COMPLETE,0.7276048156751488,,0.7200205158124662,21c835ba1ef56d6a3c805421c6177bebfad68cc5a5088d0d110fe01d1ad106cb,OPTUNA_AUTONOMOUS_R5,predictive_only_robust_score_R5,"{""activation"":""tanh"",""batch_size"":128,""config_source"":""OPTUNA_AUTONOMOUS_R5"",""dropout"":0.08,""fourier_dim"":0,""fourier_scale"":0.05,""gradient_clip"":10.0,""hidden_widths"":[64,96,256,48,48],""huber_delta"":1.0,""lambda_phys"":0.008935416715693407,""learning_rate"":0.000239023784006481,""loss_data"":""mse"",""lr_scheduler"":""none"",""max_epochs"":800,""name"":""TRIAL_0037_CDP_NEG"",""nonnegative_output"":false,""optimizer"":""RMSprop"",""parameter_sources"":{""physics_mode"":""FROZEN_R5_SPECIFICATION""},""physics_dropout_mode"":""shared_stochastic"",""physics_mode"":""CDP_NEG"",""physics_penalty"":""relu_squared"",""physics_real_fraction"":0.0,""physics_warmup_fraction"":0.5,""physics_weighting"":""FIXED_LAMBDA"",""synthetic_base_rows"":64,""synthetic_batch_size"":64,""synthetic_levels"":7,""synthetic_local_span_std"":1.0,""target_transform"":""log1p"",""tau_softplus"":0.1782437503495931,""use_lbfgs"":false,""weight_decay"":0.0}",0.4487376153218374,0.4806273734690116,0.7662782200009254,0.7453428051392175,0.046381573541887024,0.8707615805493777,64.43359375,42.724609375,57.275390625,0.03130701574504695,46449.0,False,C,2329.8503311999957,0.17783116400241852,0.01341648418456316,0.17795104384422303
38,COMPLETE,0.7242774083340312,,0.7118103206151274,5ca5837940519625eea2f1fc07749051fa5f8939fb7dbb12b5ab7134902753e2,OPTUNA_AUTONOMOUS_R5,predictive_only_robust_score_R5,"{""activation"":""gelu"",""batch_size"":128,""config_source"":""OPTUNA_AUTONOMOUS_R5"",""dropout"":0.08,""fourier_dim"":0,""fourier_scale"":0.05,""gradient_clip"":10.0,""hidden_widths"":[64,96,256,48,48],""huber_delta"":1.0,""lambda_phys"":0.017365436348979912,""learning_rate"":0.0002092025981379351,""loss_data"":""mse"",""lr_scheduler"":""cosine"",""max_epochs"":800,""name"":""TRIAL_0038_CDP_NEG"",""nonnegative_output"":false,""optimizer"":""RMSprop"",""parameter_sources"":{""physics_mode"":""FROZEN_R5_SPECIFICATION""},""physics_dropout_mode"":""shared_stochastic"",""physics_mode"":""CDP_NEG"",""physics_penalty"":""relu_squared"",""physics_real_fraction"":0.0,""physics_warmup_fraction"":0.5,""physics_weighting"":""FIXED_LAMBDA"",""synthetic_base_rows"":64,""synthetic_batch_size"":64,""synthetic_levels"":5,""synthetic_local_span_std"":0.25,""target_transform"":""log1p"",""tau_softplus"":0.09369680269524897,""use_lbfgs"":false,""weight_decay"":0.0}",0.45374402129347563,0.47837335964886496,0.7680095238045525,0.7512159496589608,0.049745213131887046,0.8668844107565997,72.763671875,63.037109375,36.962890625,0.05645887221763779,46449.0,False,C,2373.3219073999935,0.1802115648984909,0.005276152258738875,0.1803031861782074
39,PRUNED,0.6532864531099675,PRUNED: median_pruner_after_two_folds,,f302f22ad737ed432870a3b50a9a9b8b9ef45ac036e82fb044ef5dd74e2675b8,OPTUNA_AUTONOMOUS_R5,,"{""activation"":""tanh"",""batch_size"":128,""config_source"":""OPTUNA_AUTONOMOUS_R5"",""dropout"":0.08,""fourier_dim"":0,""fourier_scale"":0.05,""gradient_clip"":10.0,""hidden_widths"":[160,96,64,48,48],""huber_delta"":0.9244369459787385,""lambda_phys"":0.01386520964120688,""learning_rate"":0.0001615379049250945,""loss_data"":""huber"",""lr_scheduler"":""reduce_on_plateau"",""max_epochs"":800,""name"":""TRIAL_0039_CDP_NEG"",""nonnegative_output"":false,""optimizer"":""RMSprop"",""parameter_sources"":{""physics_mode"":""FROZEN_R5_SPECIFICATION""},""physics_dropout_mode"":""shared_stochastic"",""physics_mode"":""CDP_NEG"",""physics_penalty"":""relu_squared"",""physics_real_fraction"":0.25,""physics_warmup_fraction"":0.5,""physics_weighting"":""FIXED_LAMBDA"",""synthetic_base_rows"":64,""synthetic_batch_size"":128,""synthetic_levels"":7,""synthetic_local_span_std"":0.5,""target_transform"":""log1p"",""tau_softplus"":0.14899933211410912,""use_lbfgs"":false,""weight_decay"":0.0}",,,,,,,,,,,,,,,,,
40,COMPLETE,0.7143058741362533,,0.7051142438512024,1b4abbb6afaa151a795be3fb2f8eef9e8c116381ea4dd7920ecb2551166b4405,OPTUNA_AUTONOMOUS_R5,predictive_only_robust_score_R5,"{""activation"":""gelu"",""batch_size"":256,""config_source"":""OPTUNA_AUTONOMOUS_R5"",""dropout"":0.03,""fourier_dim"":0,""fourier_scale"":0.05,""gradient_clip"":10.0,""hidden_widths"":[32,128,160,256,48],""huber_delta"":1.0,""lambda_phys"":0.014552611110262318,""learning_rate"":0.0013272262515312567,""loss_data"":""mse"",""lr_scheduler"":""none"",""max_epochs"":400,""name"":""TRIAL_0040_CDP_NEG"",""nonnegative_output"":false,""optimizer"":""RMSprop"",""parameter_sources"":{""physics_mode"":""FROZEN_R5_SPECIFICATION""},""physics_dropout_mode"":""data_only_dropout"",""physics_mode"":""CDP_NEG"",""physics_penalty"":""softplus"",""physics_real_fraction"":0.5,""physics_warmup_fraction"":0.5,""physics_weighting"":""FIXED_LAMBDA"",""synthetic_base_rows"":512,""synthetic_batch_size"":128,""synthetic_levels"":5,""synthetic_local_span_std"":0.25,""target_transform"":""log1p"",""tau_softplus"":0.024951603434837915,""use_lbfgs"":false,""weight_decay"":0.0005452035540553092}",0.4778780237295702,0.48911699688579874,0.7576865413564038,0.7349984363938946,0.05030857228276777,0.8864134805768071,69.345703125,57.373046875,42.626953125,0.05609688371317665,78785.0,False,C,606.856667199987,0.19267928898334502,0.027007771842181682,0.1930723249912262
41,COMPLETE,0.7008510151371978,,0.679130735637695,7081fe2630a01a8de73494bb79664682119dc18ed66a04fffd08bcf0cf6cf4ef,OPTUNA_AUTONOMOUS_R5,predictive_only_robust_score_R5,"{""activation"":""gelu"",""batch_size"":1024,""config_source"":""OPTUNA_AUTONOMOUS_R5"",""dropout"":0.03,""fourier_dim"":0,""fourier_scale"":0.05,""gradient_clip"":1.0,""hidden_widths"":[64,96,128,64,48,96],""huber_delta"":0.9072930379048728,""lambda_phys"":0.008108699312257406,""learning_rate"":0.0008978333173059667,""loss_data"":""huber"",""lr_scheduler"":""reduce_on_plateau"",""max_epochs"":700,""name"":""TRIAL_0041_CDP_NEG"",""nonnegative_output"":false,""optimizer"":""RMSprop"",""parameter_sources"":{""physics_mode"":""FROZEN_R5_SPECIFICATION""},""physics_dropout_mode"":""data_only_dropout"",""physics_mode"":""CDP_NEG"",""physics_penalty"":""softplus"",""physics_real_fraction"":0.5,""physics_warmup_fraction"":0.5,""physics_weighting"":""FIXED_LAMBDA"",""synthetic_base_rows"":512,""synthetic_batch_size"":128,""synthetic_levels"":5,""synthetic_local_span_std"":0.25,""target_transform"":""log1p"",""tau_softplus"":0.057206996971234665,""use_lbfgs"":false,""weight_decay"":0.0}",0.47286162449189284,0.48966405269351226,0.7563007272036014,0.745155573382035,0.05804170980389799,0.8881531939409028,70.48828125,63.671875,36.328125,0.04634680748674498,35473.0,False,C,267.743023300005,0.08868948817253113,0.04382842108607292,0.08904487788677215
42,COMPLETE,0.7144280624529443,,0.6993701880895081,d07f65bbe9b466cacb69c740d6b796a09cb023f5efc8d9747685d675354232d8,OPTUNA_AUTONOMOUS_R5,predictive_only_robust_score_R5,"{""activation"":""softplus"",""batch_size"":64,""config_source"":""OPTUNA_AUTONOMOUS_R5"",""dropout"":0.08,""fourier_dim"":0,""fourier_scale"":0.05,""gradient_clip"":5.0,""hidden_widths"":[64,48,256,48],""huber_delta"":1.0,""lambda_phys"":0.0022695861987724305,""learning_rate"":0.0009218481145757553,""loss_data"":""mse"",""lr_scheduler"":""reduce_on_plateau"",""max_epochs"":600,""name"":""TRIAL_0042_CDP_NEG"",""nonnegative_output"":false,""optimizer"":""Adam"",""parameter_sources"":{""physics_mode"":""FROZEN_R5_SPECIFICATION""},""physics_dropout_mode"":""shared_stochastic"",""physics_mode"":""CDP_NEG"",""physics_penalty"":""relu_squared"",""physics_real_fraction"":0.5,""physics_warmup_fraction"":0.25,""physics_weighting"":""FIXED_LAMBDA"",""synthetic_base_rows"":256,""synthetic_batch_size"":512,""synthetic_levels"":7,""synthetic_local_span_std"":1.0,""target_transform"":""log1p"",""tau_softplus"":0.06507888157742085,""use_lbfgs"":false,""weight_decay"":0.0}",0.47062158526002146,0.4885416766965033,0.7587694868009109,0.7453287207562469,0.04669615307725683,0.8840799623829178,75.341796875,63.037109375,36.962890625,0.04804892966488518,28689.0,False,C,1866.2180651999952,0.1890142023563385,0.005818278808146715,0.18902740478515626
43,COMPLETE,0.7179494566642042,,0.7102561017127262,0dc32670ea03fc98e8ef89faec62f9eca44af597cbece88d931aa6a89397570a,OPTUNA_AUTONOMOUS_R5,predictive_only_robust_score_R5,"{""activation"":""gelu"",""batch_size"":512,""config_source"":""OPTUNA_AUTONOMOUS_R5"",""dropout"":0.08,""fourier_dim"":32,""fourier_scale"":0.07532486938222455,""gradient_clip"":10.0,""hidden_widths"":[160,128,256,48,128,96],""huber_delta"":1.0,""lambda_phys"":0.004254848186303857,""learning_rate"":0.0008187708679909841,""loss_data"":""mse"",""lr_scheduler"":""none"",""max_epochs"":600,""name"":""TRIAL_0043_CDP_NEG"",""nonnegative_output"":false,""optimizer"":""AdamW"",""parameter_sources"":{""physics_mode"":""FROZEN_R5_SPECIFICATION""},""physics_dropout_mode"":""shared_stochastic"",""physics_mode"":""CDP_NEG"",""physics_penalty"":""relu_squared"",""physics_real_fraction"":0.0,""physics_warmup_fraction"":0.5,""physics_weighting"":""FIXED_LAMBDA"",""synthetic_base_rows"":64,""synthetic_batch_size"":512,""synthetic_levels"":3,""synthetic_local_span_std"":1.0,""target_transform"":""log1p"",""tau_softplus"":0.1437825903010561,""use_lbfgs"":false,""weight_decay"":0.0}",0.4856528893034728,0.49337697798649083,0.7542178870152197,0.7362997429730959,0.04515915956882247,0.8927339617880546,57.3046875,47.36328125,52.63671875,0.04167721498801792,95121.0,False,C,569.9329353999929,0.2050139933824539,0.03526455797255039,0.20516403615474701
44,COMPLETE,0.7261971859356633,,0.7206162075801583,eb60ef5149576e22d5fe60f2d82bfa2c78c2ccd5043924984acb9b3c0c5f7c32,OPTUNA_AUTONOMOUS_R5,predictive_only_robust_score_R5,"{""activation"":""tanh"",""batch_size"":128,""config_source"":""OPTUNA_AUTONOMOUS_R5"",""dropout"":0.08,""fourier_dim"":0,""fourier_scale"":0.05,""gradient_clip"":10.0,""hidden_widths"":[32,64,256,48,32,48],""huber_delta"":1.0,""lambda_phys"":0.0027122050679974563,""learning_rate"":0.00030848240021704533,""loss_data"":""mse"",""lr_scheduler"":""none"",""max_epochs"":150,""name"":""TRIAL_0044_CDP_NEG"",""nonnegative_output"":false,""optimizer"":""AdamW"",""parameter_sources"":{""physics_mode"":""FROZEN_R5_SPECIFICATION""},""physics_dropout_mode"":""shared_stochastic"",""physics_mode"":""CDP_NEG"",""physics_penalty"":""relu_squared"",""physics_real_fraction"":0.0,""physics_warmup_fraction"":0.5,""physics_weighting"":""FIXED_LAMBDA"",""synthetic_base_rows"":128,""synthetic_batch_size"":64,""synthetic_levels"":3,""synthetic_local_span_std"":1.0,""target_transform"":""log1p"",""tau_softplus"":0.10761023647363789,""use_lbfgs"":false,""weight_decay"":0.0}",0.45215724126317214,0.487273026183855,0.7602787680569733,0.740397524976975,0.04319672911221458,0.8823725675737435,47.44140625,44.62890625,55.37109375,0.05106718987743862,34609.0,False,C,952.885655399994,0.18073869049549102,0.012544908560812473,0.18077271282672883
45,COMPLETE,0.731068023233865,,0.7197199169709294,01e1416c95585407d07a0912c0fcc669e5a37668a4bab625ab83edb67b7bbc49,OPTUNA_AUTONOMOUS_R5,predictive_only_robust_score_R5,"{""activation"":""tanh"",""batch_size"":256,""config_source"":""OPTUNA_AUTONOMOUS_R5"",""dropout"":0.08,""fourier_dim"":0,""fourier_scale"":0.05,""gradient_clip"":5.0,""hidden_widths"":[64,64,256,32,192],""huber_delta"":1.0,""lambda_phys"":0.023606201999556476,""learning_rate"":0.0003030853276442139,""loss_data"":""mse"",""lr_scheduler"":""cosine"",""max_epochs"":300,""name"":""TRIAL_0045_CDP_NEG"",""nonnegative_output"":false,""optimizer"":""NAdam"",""parameter_sources"":{""physics_mode"":""FROZEN_R5_SPECIFICATION""},""physics_dropout_mode"":""no_dropout"",""physics_mode"":""CDP_NEG"",""physics_penalty"":""relu_squared"",""physics_real_fraction"":0.0,""physics_warmup_fraction"":0.5,""physics_weighting"":""FIXED_LAMBDA"",""synthetic_base_rows"":256,""synthetic_batch_size"":128,""synthetic_levels"":3,""synthetic_local_span_std"":1.0,""target_transform"":""log1p"",""tau_softplus"":0.1657532329296569,""use_lbfgs"":false,""weight_decay"":0.0}",0.4574258174266542,0.4791654451457781,0.7681395051210751,0.7556450572785566,0.04271394644367082,0.8676774402523033,65.166015625,43.212890625,56.787109375,0.03507831543152225,36193.0,False,C,419.6480608999991,0.18414798080921174,0.009017599606886506,0.18436085283756257
46,COMPLETE,0.7348726948927885,,0.7299275360713129,22f494519533a0406aa4bbf58884c8ca411283320a7d97c50d7ed4c272ea33ee,OPTUNA_AUTONOMOUS_R5,predictive_only_robust_score_R5,"{""activation"":""tanh"",""batch_size"":128,""config_source"":""OPTUNA_AUTONOMOUS_R5"",""dropout"":0.08,""fourier_dim"":0,""fourier_scale"":0.05,""gradient_clip"":10.0,""hidden_widths"":[64,128,256,32,192,128],""huber_delta"":1.5374167274961168,""lambda_phys"":0.05660535696382337,""learning_rate"":0.0003070753593063965,""loss_data"":""huber"",""lr_scheduler"":""none"",""max_epochs"":800,""name"":""TRIAL_0046_CDP_NEG"",""nonnegative_output"":false,""optimizer"":""NAdam"",""parameter_sources"":{""physics_mode"":""FROZEN_R5_SPECIFICATION""},""physics_dropout_mode"":""shared_stochastic"",""physics_mode"":""CDP_NEG"",""physics_penalty"":""relu_squared"",""physics_real_fraction"":0.0,""physics_warmup_fraction"":0.5,""physics_weighting"":""FIXED_LAMBDA"",""synthetic_base_rows"":64,""synthetic_batch_size"":64,""synthetic_levels"":7,""synthetic_local_span_std"":1.0,""target_transform"":""log1p"",""tau_softplus"":0.14968632405450763,""use_lbfgs"":false,""weight_decay"":2.1695094488905183e-05}",0.44419041994224673,0.4764617098800484,0.7704282924734827,0.7477203710111391,0.04442767300689312,0.8630611113069036,70.185546875,50.830078125,49.169921875,0.03746844804032994,81377.0,False,C,2512.8093493000197,0.08395651429891586,0.0026044819431263024,0.08410394191741943
47,COMPLETE,0.7257219614282795,,0.7111694574844051,f59d28cd2a7c2ea753cb561052be77690ba98e776a6bc9eb8eef220ff08549c8,OPTUNA_AUTONOMOUS_R5,predictive_only_robust_score_R5,"{""activation"":""tanh"",""batch_size"":256,""config_source"":""OPTUNA_AUTONOMOUS_R5"",""dropout"":0.25,""fourier_dim"":0,""fourier_scale"":0.05,""gradient_clip"":5.0,""hidden_widths"":[64,64,32,32],""huber_delta"":1.0,""lambda_phys"":0.12144614034207082,""learning_rate"":0.0005149734367110519,""loss_data"":""mse"",""lr_scheduler"":""cosine"",""max_epochs"":300,""name"":""TRIAL_0047_CDP_NEG"",""nonnegative_output"":false,""optimizer"":""AdamW"",""parameter_sources"":{""physics_mode"":""FROZEN_R5_SPECIFICATION""},""physics_dropout_mode"":""no_dropout"",""physics_mode"":""CDP_NEG"",""physics_penalty"":""relu_squared"",""physics_real_fraction"":0.0,""physics_warmup_fraction"":0.1,""physics_weighting"":""FIXED_LAMBDA"",""synthetic_base_rows"":256,""synthetic_batch_size"":64,""synthetic_levels"":3,""synthetic_local_span_std"":1.0,""target_transform"":""log1p"",""tau_softplus"":0.11104229546909941,""use_lbfgs"":false,""weight_decay"":0.0}",0.4608113895365218,0.4796852587437326,0.7674405330658287,0.7560081392773933,0.04526208152164468,0.869018976584069,78.173828125,52.24609375,47.75390625,0.040048061081753156,7969.0,False,C,232.81986229999166,0.18571283519268036,0.0014200807687302585,0.18588530123233796
48,PRUNED,0.4534425014269831,PRUNED: median_pruner_after_two_folds,,60b28b27467a84eb8fa52bf5ff9886ca4eca7d3f69ee59d7c644ff9d4a055c6a,OPTUNA_AUTONOMOUS_R5,,"{""activation"":""gelu"",""batch_size"":256,""config_source"":""OPTUNA_AUTONOMOUS_R5"",""dropout"":0.03,""fourier_dim"":16,""fourier_scale"":0.0485348973682065,""gradient_clip"":5.0,""hidden_widths"":[32,32,256,32,192,128],""huber_delta"":1.5256075546123586,""lambda_phys"":0.07471130599866178,""learning_rate"":0.0009353424455458858,""loss_data"":""huber"",""lr_scheduler"":""none"",""max_epochs"":700,""name"":""TRIAL_0048_CDP_NEG"",""nonnegative_output"":""softplus_output"",""optimizer"":""RMSprop"",""parameter_sources"":{""physics_mode"":""FROZEN_R5_SPECIFICATION""},""physics_dropout_mode"":""data_only_dropout"",""physics_mode"":""CDP_NEG"",""physics_penalty"":""softplus"",""physics_real_fraction"":0.5,""physics_warmup_fraction"":0.5,""physics_weighting"":""FIXED_LAMBDA"",""synthetic_base_rows"":512,""synthetic_batch_size"":128,""synthetic_levels"":5,""synthetic_local_span_std"":0.5,""target_transform"":""original"",""tau_softplus"":0.03347503194055655,""use_lbfgs"":false,""weight_decay"":0.0}",,,,,,,,,,,,,,,,,
49,COMPLETE,0.7341049645380788,,0.7275214353685155,eb4e2d3da86bc481bc31f4e2384267ecd6fa269ae937581852c12c28001aaa2b,OPTUNA_AUTONOMOUS_R5,predictive_only_robust_score_R5,"{""activation"":""tanh"",""batch_size"":128,""config_source"":""OPTUNA_AUTONOMOUS_R5"",""dropout"":0.08,""fourier_dim"":0,""fourier_scale"":0.05,""gradient_clip"":1.0,""hidden_widths"":[64,128,192,32,192,64],""huber_delta"":1.6287717916890891,""lambda_phys"":0.06288377414057841,""learning_rate"":0.0003883433812037994,""loss_data"":""huber"",""lr_scheduler"":""none"",""max_epochs"":800,""name"":""TRIAL_0049_CDP_NEG"",""nonnegative_output"":false,""optimizer"":""NAdam"",""parameter_sources"":{""physics_mode"":""FROZEN_R5_SPECIFICATION""},""physics_dropout_mode"":""shared_stochastic"",""physics_mode"":""CDP_NEG"",""physics_penalty"":""relu_squared"",""physics_real_fraction"":0.0,""physics_warmup_fraction"":0.5,""physics_weighting"":""FIXED_LAMBDA"",""synthetic_base_rows"":64,""synthetic_batch_size"":512,""synthetic_levels"":7,""synthetic_local_span_std"":1.0,""target_transform"":""log1p"",""tau_softplus"":0.07351197224632511,""use_lbfgs"":false,""weight_decay"":1.0885816249931491e-05}",0.44388257419285415,0.4783609252244679,0.7689355843028847,0.7496510104803574,0.041967582574261926,0.8660284772293476,80.5078125,75.09765625,24.90234375,0.052249370737148235,58657.0,False,C,2572.335658700016,0.08484683334827423,0.0005694392428267747,0.08488264083862304
50,COMPLETE,0.7225505910646516,,0.7109394904730422,09ee03c9d20fe9981f7a2fc76465d7fea408fdf1bc65fc87e081d85a3688daca,OPTUNA_AUTONOMOUS_R5,predictive_only_robust_score_R5,"{""activation"":""tanh"",""batch_size"":256,""config_source"":""OPTUNA_AUTONOMOUS_R5"",""dropout"":0.08,""fourier_dim"":0,""fourier_scale"":0.05,""gradient_clip"":5.0,""hidden_widths"":[64,192,192,192,192,64],""huber_delta"":1.0,""lambda_phys"":0.11791136763387804,""learning_rate"":0.0002730744900575,""loss_data"":""mse"",""lr_scheduler"":""cosine"",""max_epochs"":300,""name"":""TRIAL_0050_CDP_NEG"",""nonnegative_output"":false,""optimizer"":""NAdam"",""parameter_sources"":{""physics_mode"":""FROZEN_R5_SPECIFICATION""},""physics_dropout_mode"":""no_dropout"",""physics_mode"":""CDP_NEG"",""physics_penalty"":""softplus"",""physics_real_fraction"":0.0,""physics_warmup_fraction"":0.0,""physics_weighting"":""FIXED_LAMBDA"",""synthetic_base_rows"":128,""synthetic_batch_size"":128,""synthetic_levels"":3,""synthetic_local_span_std"":1.0,""target_transform"":""log1p"",""tau_softplus"":0.1690801498681365,""use_lbfgs"":false,""weight_decay"":0.0}",0.46884548312663143,0.48569181430813957,0.7617839420049044,0.7473013280876748,0.043818958459665665,0.8787757182512148,95.83984375,89.6484375,10.3515625,0.03739246899262785,136705.0,False,C,252.584657600004,0.18847448825836183,0.02704524714499712,0.19166343212127684
51,COMPLETE,0.721594079558106,,0.7132065345719161,ceb220eba2dd5033266bd110eed3afc8dd23729da2b352f75638ba0919b7396b,OPTUNA_AUTONOMOUS_R5,predictive_only_robust_score_R5,"{""activation"":""tanh"",""batch_size"":256,""config_source"":""OPTUNA_AUTONOMOUS_R5"",""dropout"":0.08,""fourier_dim"":0,""fourier_scale"":0.05,""gradient_clip"":5.0,""hidden_widths"":[48,64,192,32,192],""huber_delta"":1.0,""lambda_phys"":0.07009646463844192,""learning_rate"":0.0004317052238389171,""loss_data"":""mse"",""lr_scheduler"":""reduce_on_plateau"",""max_epochs"":150,""name"":""TRIAL_0051_CDP_NEG"",""nonnegative_output"":false,""optimizer"":""NAdam"",""parameter_sources"":{""physics_mode"":""FROZEN_R5_SPECIFICATION""},""physics_dropout_mode"":""data_only_dropout"",""physics_mode"":""CDP_NEG"",""physics_penalty"":""relu_squared"",""physics_real_fraction"":0.0,""physics_warmup_fraction"":0.5,""physics_weighting"":""FIXED_LAMBDA"",""synthetic_base_rows"":512,""synthetic_batch_size"":128,""synthetic_levels"":3,""synthetic_local_span_std"":1.0,""target_transform"":""log1p"",""tau_softplus"":0.11999141698509588,""use_lbfgs"":false,""weight_decay"":0.0}",0.45950268145340667,0.48669257452825654,0.7604288944710661,0.7410317090074972,0.04682243334399391,0.881279300756691,82.32421875,73.681640625,26.318359375,0.045251968541449354,28801.0,False,C,369.3385852999927,0.18300790190696717,0.000347108814821695,0.18303223252296447
52,COMPLETE,0.7270775907879894,,0.7175233439975052,def9a4997dc79e819859c980aa463bbf66e4cb096c5e6ce9f8caba0727fd54f1,OPTUNA_AUTONOMOUS_R5,predictive_only_robust_score_R5,"{""activation"":""gelu"",""batch_size"":512,""config_source"":""OPTUNA_AUTONOMOUS_R5"",""dropout"":0.08,""fourier_dim"":0,""fourier_scale"":0.05,""gradient_clip"":2.5,""hidden_widths"":[64,128,192,32,192],""huber_delta"":1.635927115655875,""lambda_phys"":0.056250638072827916,""learning_rate"":0.0004558279657312244,""loss_data"":""huber"",""lr_scheduler"":""none"",""max_epochs"":800,""name"":""TRIAL_0052_CDP_NEG"",""nonnegative_output"":false,""optimizer"":""NAdam"",""parameter_sources"":{""physics_mode"":""FROZEN_R5_SPECIFICATION""},""physics_dropout_mode"":""no_dropout"",""physics_mode"":""CDP_NEG"",""physics_penalty"":""relu_squared"",""physics_real_fraction"":0.0,""physics_warmup_fraction"":0.5,""physics_weighting"":""FIXED_LAMBDA"",""synthetic_base_rows"":64,""synthetic_batch_size"":512,""synthetic_levels"":7,""synthetic_local_span_std"":1.0,""target_transform"":""log1p"",""tau_softplus"":0.02574770954612487,""use_lbfgs"":false,""weight_decay"":1.8026221621816252e-05}",0.4622050714966111,0.4784260117234984,0.7681119380571746,0.7486025331580133,0.04828369363635044,0.8667473178133299,75.01953125,69.7265625,30.2734375,0.036898789793152816,46433.0,False,C,714.6828764999955,0.09030257910490036,0.006957013206556439,0.09069391638040543
53,COMPLETE,0.7367629306530856,,0.7314943090648724,bc44ade08b80f06dd3485a6fabb95da4171441ae28f22d8a74fbbda38ab9e49f,OPTUNA_AUTONOMOUS_R5,predictive_only_robust_score_R5,"{""activation"":""tanh"",""batch_size"":128,""config_source"":""OPTUNA_AUTONOMOUS_R5"",""dropout"":0.08,""fourier_dim"":0,""fourier_scale"":0.05,""gradient_clip"":1.0,""hidden_widths"":[64,256,160,32,192,128],""huber_delta"":1.5606319974745595,""lambda_phys"":0.055851276346311235,""learning_rate"":0.000681794445730263,""loss_data"":""huber"",""lr_scheduler"":""none"",""max_epochs"":800,""name"":""TRIAL_0053_CDP_NEG"",""nonnegative_output"":false,""optimizer"":""NAdam"",""parameter_sources"":{""physics_mode"":""FROZEN_R5_SPECIFICATION""},""physics_dropout_mode"":""shared_stochastic"",""physics_mode"":""CDP_NEG"",""physics_penalty"":""relu_squared"",""physics_real_fraction"":0.0,""physics_warmup_fraction"":0.5,""physics_weighting"":""FIXED_LAMBDA"",""synthetic_base_rows"":64,""synthetic_batch_size"":512,""synthetic_levels"":3,""synthetic_local_span_std"":1.0,""target_transform"":""log1p"",""tau_softplus"":0.08776020280880585,""use_lbfgs"":false,""weight_decay"":2.0601258826924226e-05}",0.44999683741776214,0.47709817187063824,0.770053481873169,0.75037448655163,0.042513489386438084,0.8636574847850896,79.443359375,72.802734375,27.197265625,0.036481047118785206,94721.0,False,C,3488.8613815999997,0.08712724447250367,0.0015492446371354162,0.0872137725353241
54,PRUNED,-0.038890634997556336,PRUNED: median_pruner_after_two_folds,,059bd070f870be8467c95b523136e7987f1669c761507a83f7f990d84f1ce08f,OPTUNA_AUTONOMOUS_R5,,"{""activation"":""tanh"",""batch_size"":128,""config_source"":""OPTUNA_AUTONOMOUS_R5"",""dropout"":0.08,""fourier_dim"":8,""fourier_scale"":0.917334109494679,""gradient_clip"":1.0,""hidden_widths"":[64,256,160,32,192,128],""huber_delta"":1.623418418960793,""lambda_phys"":0.08552257914487783,""learning_rate"":0.0028109660308599433,""loss_data"":""huber"",""lr_scheduler"":""none"",""max_epochs"":800,""name"":""TRIAL_0054_CDP_NEG"",""nonnegative_output"":false,""optimizer"":""NAdam"",""parameter_sources"":{""physics_mode"":""FROZEN_R5_SPECIFICATION""},""physics_dropout_mode"":""shared_stochastic"",""physics_mode"":""CDP_NEG"",""physics_penalty"":""relu_squared"",""physics_real_fraction"":0.0,""physics_warmup_fraction"":0.5,""physics_weighting"":""FIXED_LAMBDA"",""synthetic_base_rows"":64,""synthetic_batch_size"":64,""synthetic_levels"":3,""synthetic_local_span_std"":1.0,""target_transform"":""log1p"",""tau_softplus"":0.05676129299203075,""use_lbfgs"":false,""weight_decay"":1.621523086644017e-05}",,,,,,,,,,,,,,,,,
55,COMPLETE,0.7313156530388888,,0.7229877148367434,589cc879410de1bcc04eeb5ecd67ddd4c0feee290f7718eaee054db152d9dfb3,OPTUNA_AUTONOMOUS_R5,predictive_only_robust_score_R5,"{""activation"":""tanh"",""batch_size"":128,""config_source"":""OPTUNA_AUTONOMOUS_R5"",""dropout"":0.08,""fourier_dim"":0,""fourier_scale"":0.05,""gradient_clip"":1.0,""hidden_widths"":[192,128,160,32,192],""huber_delta"":1.925836834062581,""lambda_phys"":0.06894146506515922,""learning_rate"":0.0006691759217209571,""loss_data"":""huber"",""lr_scheduler"":""none"",""max_epochs"":800,""name"":""TRIAL_0055_CDP_NEG"",""nonnegative_output"":false,""optimizer"":""NAdam"",""parameter_sources"":{""physics_mode"":""FROZEN_R5_SPECIFICATION""},""physics_dropout_mode"":""data_only_dropout"",""physics_mode"":""CDP_NEG"",""physics_penalty"":""relu_squared"",""physics_real_fraction"":0.0,""physics_warmup_fraction"":0.1,""physics_weighting"":""FIXED_LAMBDA"",""synthetic_base_rows"":64,""synthetic_batch_size"":512,""synthetic_levels"":7,""synthetic_local_span_std"":0.25,""target_transform"":""log1p"",""tau_softplus"":0.1643104184877492,""use_lbfgs"":false,""weight_decay"":1.651363327006123e-05}",0.45008945901513825,0.4776956385667536,0.7692342333429265,0.7503108509105304,0.04493654470609003,0.8649840975697074,76.07421875,68.1640625,31.8359375,0.03460545432960785,58945.0,False,C,1283.6919814999856,0.08735256493091584,0.002568235551007092,0.08752962201833725
56,COMPLETE,0.7300570095191535,,0.7237884286468483,4a76d7b67270f961f81a3ca2d46e0dbd59161c24bea3bda77e1f37e8bdb9b228,OPTUNA_AUTONOMOUS_R5,predictive_only_robust_score_R5,"{""activation"":""tanh"",""batch_size"":128,""config_source"":""OPTUNA_AUTONOMOUS_R5"",""dropout"":0.08,""fourier_dim"":0,""fourier_scale"":0.05,""gradient_clip"":10.0,""hidden_widths"":[192,128,160,32,192,64],""huber_delta"":1.9524397315958792,""lambda_phys"":0.20350975389361567,""learning_rate"":0.0002571467804210561,""loss_data"":""huber"",""lr_scheduler"":""none"",""max_epochs"":500,""name"":""TRIAL_0056_CDP_NEG"",""nonnegative_output"":false,""optimizer"":""NAdam"",""parameter_sources"":{""physics_mode"":""FROZEN_R5_SPECIFICATION""},""physics_dropout_mode"":""data_only_dropout"",""physics_mode"":""CDP_NEG"",""physics_penalty"":""relu_squared"",""physics_real_fraction"":0.0,""physics_warmup_fraction"":0.1,""physics_weighting"":""FIXED_LAMBDA"",""synthetic_base_rows"":64,""synthetic_batch_size"":512,""synthetic_levels"":7,""synthetic_local_span_std"":0.25,""target_transform"":""log1p"",""tau_softplus"":0.13233084480295437,""use_lbfgs"":false,""weight_decay"":0.0}",0.44503201912945833,0.480357723253955,0.7667967843569512,0.7450727731282492,0.04417558043125245,0.8698262005505446,76.81640625,69.189453125,30.810546875,0.035345234330964925,71169.0,False,C,1468.6730977000116,0.08574603796005249,0.0013467564422171563,0.08602011650800705
57,PRUNED,0.6541383792102491,PRUNED: median_pruner_after_two_folds,,7ce6d4af1eb9b1bbcaac7a5a6ef3b9f324856538a41717e45549941ded62fb21,OPTUNA_AUTONOMOUS_R5,,"{""activation"":""tanh"",""batch_size"":64,""config_source"":""OPTUNA_AUTONOMOUS_R5"",""dropout"":0.15,""fourier_dim"":8,""fourier_scale"":0.1445724964078572,""gradient_clip"":5.0,""hidden_widths"":[96,96,160,192,192],""huber_delta"":1.9946373510323991,""lambda_phys"":0.15082018010031437,""learning_rate"":0.0003877271730482954,""loss_data"":""huber"",""lr_scheduler"":""none"",""max_epochs"":600,""name"":""TRIAL_0057_CDP_NEG"",""nonnegative_output"":false,""optimizer"":""NAdam"",""parameter_sources"":{""physics_mode"":""FROZEN_R5_SPECIFICATION""},""physics_dropout_mode"":""shared_stochastic"",""physics_mode"":""CDP_NEG"",""physics_penalty"":""relu_squared"",""physics_real_fraction"":0.0,""physics_warmup_fraction"":0.5,""physics_weighting"":""FIXED_LAMBDA"",""synthetic_base_rows"":256,""synthetic_batch_size"":128,""synthetic_levels"":3,""synthetic_local_span_std"":1.0,""target_transform"":""log1p"",""tau_softplus"":0.19350536740956514,""use_lbfgs"":false,""weight_decay"":0.0}",,,,,,,,,,,,,,,,,
58,PRUNED,0.6672090879456307,PRUNED: median_pruner_after_two_folds,,bd4bff104ba50548ea8dfaf8648bd23f848c86f840ffee20159258aed30e9a8d,OPTUNA_AUTONOMOUS_R5,,"{""activation"":""tanh"",""batch_size"":""FULL_BATCH"",""config_source"":""OPTUNA_AUTONOMOUS_R5"",""dropout"":0.03,""fourier_dim"":0,""fourier_scale"":0.05,""gradient_clip"":1.0,""hidden_widths"":[64,128,160,32,192],""huber_delta"":1.601752691937754,""lambda_phys"":0.08198271392441338,""learning_rate"":0.0001915172792768306,""loss_data"":""huber"",""lr_scheduler"":""none"",""max_epochs"":800,""name"":""TRIAL_0058_CDP_NEG"",""nonnegative_output"":false,""optimizer"":""NAdam"",""parameter_sources"":{""physics_mode"":""FROZEN_R5_SPECIFICATION""},""physics_dropout_mode"":""shared_stochastic"",""physics_mode"":""CDP_NEG"",""physics_penalty"":""relu_squared"",""physics_real_fraction"":0.0,""physics_warmup_fraction"":0.5,""physics_weighting"":""FIXED_LAMBDA"",""synthetic_base_rows"":64,""synthetic_batch_size"":512,""synthetic_levels"":7,""synthetic_local_span_std"":0.25,""target_transform"":""log1p"",""tau_softplus"":0.10465388755749513,""use_lbfgs"":false,""weight_decay"":2.017033491895699e-05}",,,,,,,,,,,,,,,,,
59,COMPLETE,0.7317232932514741,,0.7229152940822732,d875789f6411c7026763139eaec53d0e67191a6fa66db4115d3a7dc99ec8b4f0,OPTUNA_AUTONOMOUS_R5,predictive_only_robust_score_R5,"{""activation"":""tanh"",""batch_size"":128,""config_source"":""OPTUNA_AUTONOMOUS_R5"",""dropout"":0.08,""fourier_dim"":0,""fourier_scale"":0.05,""gradient_clip"":2.5,""hidden_widths"":[64,64,160,160,128],""huber_delta"":1.0,""lambda_phys"":1.0,""learning_rate"":0.00038675753515046376,""loss_data"":""mse"",""lr_scheduler"":""none"",""max_epochs"":600,""name"":""TRIAL_0059_CDP_NEG"",""nonnegative_output"":false,""optimizer"":""AdamW"",""parameter_sources"":{""physics_mode"":""FROZEN_R5_SPECIFICATION""},""physics_dropout_mode"":""shared_stochastic"",""physics_mode"":""CDP_NEG"",""physics_penalty"":""relu_squared"",""physics_real_fraction"":0.25,""physics_warmup_fraction"":0.5,""physics_weighting"":""ADAPTIVE_LEARNED"",""synthetic_base_rows"":64,""synthetic_batch_size"":128,""synthetic_levels"":3,""synthetic_local_span_std"":1.0,""target_transform"":""log1p"",""tau_softplus"":0.16284658078268596,""use_lbfgs"":false,""weight_decay"":0.0}",0.447317449181179,0.47870429942278714,0.7684686240790671,0.7515348928637275,0.0433321346491473,0.8664460713981089,99.94140625,99.70703125,0.29296875,0.02907329548238175,61699.0,True,A,1766.422689500003,0.17778718173503877,5.8492514654062686e-08,-14.998025131225585
60,PRUNED,0.2971230502380714,PRUNED: median_pruner_after_two_folds,,ca1ab5099252c370715d8c4f466b279bfd88d51a7cb965798375fb362e7a79e0,OPTUNA_AUTONOMOUS_R5,,"{""activation"":""tanh"",""batch_size"":128,""config_source"":""OPTUNA_AUTONOMOUS_R5"",""dropout"":0.0,""fourier_dim"":64,""fourier_scale"":0.31785104367104844,""gradient_clip"":1.0,""hidden_widths"":[192,48,160,160,128,128],""huber_delta"":1.524657960584718,""lambda_phys"":0.3445063578626889,""learning_rate"":0.0012653943402911305,""loss_data"":""huber"",""lr_scheduler"":""none"",""max_epochs"":800,""name"":""TRIAL_0060_CDP_NEG"",""nonnegative_output"":false,""optimizer"":""RMSprop"",""parameter_sources"":{""physics_mode"":""FROZEN_R5_SPECIFICATION""},""physics_dropout_mode"":""data_only_dropout"",""physics_mode"":""CDP_NEG"",""physics_penalty"":""relu_squared"",""physics_real_fraction"":0.0,""physics_warmup_fraction"":0.1,""physics_weighting"":""FIXED_LAMBDA"",""synthetic_base_rows"":64,""synthetic_batch_size"":512,""synthetic_levels"":7,""synthetic_local_span_std"":0.25,""target_transform"":""log1p"",""tau_softplus"":0.16101895747058495,""use_lbfgs"":false,""weight_decay"":1.3631606943853157e-05}",,,,,,,,,,,,,,,,,
61,COMPLETE,0.7274776517711603,,0.7194362462994481,45bc3d953350ecc1169c2200a7e832926e2c98ca63f72bf8386950d869d2e384,OPTUNA_AUTONOMOUS_R5,predictive_only_robust_score_R5,"{""activation"":""gelu"",""batch_size"":128,""config_source"":""OPTUNA_AUTONOMOUS_R5"",""dropout"":0.08,""fourier_dim"":0,""fourier_scale"":0.05,""gradient_clip"":2.5,""hidden_widths"":[64,256,160,160,128],""huber_delta"":1.0,""lambda_phys"":1.0,""learning_rate"":0.0003474456562567062,""loss_data"":""mse"",""lr_scheduler"":""reduce_on_plateau"",""max_epochs"":600,""name"":""TRIAL_0061_CDP_NEG"",""nonnegative_output"":false,""optimizer"":""AdamW"",""parameter_sources"":{""physics_mode"":""FROZEN_R5_SPECIFICATION""},""physics_dropout_mode"":""shared_stochastic"",""physics_mode"":""CDP_NEG"",""physics_penalty"":""relu_squared"",""physics_real_fraction"":0.25,""physics_warmup_fraction"":0.1,""physics_weighting"":""ADAPTIVE_LEARNED"",""synthetic_base_rows"":64,""synthetic_batch_size"":128,""synthetic_levels"":3,""synthetic_local_span_std"":1.0,""target_transform"":""log1p"",""tau_softplus"":0.06672043710936824,""use_lbfgs"":false,""weight_decay"":0.0}",0.4542265477714865,0.4788832636144956,0.7678072454252091,0.7459251436331082,0.04742363640962008,0.8677239579518398,98.10546875,92.96875,7.03125,0.045627002370746385,104899.0,False,C,859.8836822999874,0.18099856674671172,3.70753358893694e-06,-6.600396728515625
62,COMPLETE,0.7264089803060746,,0.7214707890930252,79ea48102b29ea567a303c3bc1288061ec2e26cc10e18b963f327960a8ee0a9d,OPTUNA_AUTONOMOUS_R5,predictive_only_robust_score_R5,"{""activation"":""tanh"",""batch_size"":128,""config_source"":""OPTUNA_AUTONOMOUS_R5"",""dropout"":0.15,""fourier_dim"":0,""fourier_scale"":0.05,""gradient_clip"":2.5,""hidden_widths"":[64,64,160,160],""huber_delta"":1.0,""lambda_phys"":1.0,""learning_rate"":0.0022393118111468362,""loss_data"":""mse"",""lr_scheduler"":""none"",""max_epochs"":600,""name"":""TRIAL_0062_CDP_NEG"",""nonnegative_output"":false,""optimizer"":""RMSprop"",""parameter_sources"":{""physics_mode"":""FROZEN_R5_SPECIFICATION""},""physics_dropout_mode"":""shared_stochastic"",""physics_mode"":""CDP_NEG"",""physics_penalty"":""relu_squared"",""physics_real_fraction"":0.25,""physics_warmup_fraction"":0.5,""physics_weighting"":""ADAPTIVE_LEARNED"",""synthetic_base_rows"":64,""synthetic_batch_size"":128,""synthetic_levels"":3,""synthetic_local_span_std"":1.0,""target_transform"":""log1p"",""tau_softplus"":0.121973328815648,""use_lbfgs"":false,""weight_decay"":0.0}",0.4633866657816146,0.4860911760189032,0.7614856379666243,0.7388022040440563,0.04262718159619862,0.8799780603497478,99.84375,99.31640625,0.68359375,0.031014771810472946,41123.0,True,A,1608.071014400004,0.1841016411781311,2.055879075868461e-08,3.352181584519361e+16
63,COMPLETE,0.7283016775816422,,0.7176971330574341,156ba104aa118b76492eb1eafb10fab65691938c01e8f63ce936f811b6135f9f,OPTUNA_AUTONOMOUS_R5,predictive_only_robust_score_R5,"{""activation"":""gelu"",""batch_size"":128,""config_source"":""OPTUNA_AUTONOMOUS_R5"",""dropout"":0.08,""fourier_dim"":0,""fourier_scale"":0.05,""gradient_clip"":10.0,""hidden_widths"":[64,128,48,128,256,128],""huber_delta"":1.651045405609618,""lambda_phys"":0.04518942301198882,""learning_rate"":0.0001311653134243521,""loss_data"":""huber"",""lr_scheduler"":""cosine"",""max_epochs"":800,""name"":""TRIAL_0063_CDP_NEG"",""nonnegative_output"":false,""optimizer"":""NAdam"",""parameter_sources"":{""physics_mode"":""FROZEN_R5_SPECIFICATION""},""physics_dropout_mode"":""shared_stochastic"",""physics_mode"":""CDP_NEG"",""physics_penalty"":""relu_squared"",""physics_real_fraction"":0.0,""physics_warmup_fraction"":0.5,""physics_weighting"":""FIXED_LAMBDA"",""synthetic_base_rows"":256,""synthetic_batch_size"":64,""synthetic_levels"":7,""synthetic_local_span_std"":1.0,""target_transform"":""log1p"",""tau_softplus"":0.06035792475050847,""use_lbfgs"":false,""weight_decay"":1.791473771394674e-05}",0.4518940669992146,0.48091295831231945,0.7657691905165631,0.7531470436478981,0.04837634398843845,0.8720741163450629,83.75,78.466796875,21.533203125,0.05867517991522401,87473.0,False,C,3198.843762699995,0.08699539452791213,0.0012818967719795183,0.08705332279205322
64,COMPLETE,0.7225905571979143,,0.7139918702759385,d4c8e37f9bc57be7d40fa0dfb972783d9fd9721b6659395958edb54c15c63dca,OPTUNA_AUTONOMOUS_R5,predictive_only_robust_score_R5,"{""activation"":""tanh"",""batch_size"":256,""config_source"":""OPTUNA_AUTONOMOUS_R5"",""dropout"":0.08,""fourier_dim"":0,""fourier_scale"":0.05,""gradient_clip"":2.5,""hidden_widths"":[96,64,160,32,128,96],""huber_delta"":1.0,""lambda_phys"":1.0,""learning_rate"":0.00019683687705787377,""loss_data"":""mse"",""lr_scheduler"":""none"",""max_epochs"":600,""name"":""TRIAL_0064_CDP_NEG"",""nonnegative_output"":false,""optimizer"":""AdamW"",""parameter_sources"":{""physics_mode"":""FROZEN_R5_SPECIFICATION""},""physics_dropout_mode"":""shared_stochastic"",""physics_mode"":""CDP_NEG"",""physics_penalty"":""softplus"",""physics_real_fraction"":0.25,""physics_warmup_fraction"":0.5,""physics_weighting"":""ADAPTIVE_LEARNED"",""synthetic_base_rows"":256,""synthetic_batch_size"":128,""synthetic_levels"":3,""synthetic_local_span_std"":0.25,""target_transform"":""log1p"",""tau_softplus"":0.15161141965987585,""use_lbfgs"":false,""weight_decay"":0.0}",0.4671403505274518,0.4881512373213651,0.7592899470923096,0.7424062784136637,0.04455443200978953,0.8834272163591358,100.0,100.0,0.0,0.03937703877638922,39427.0,True,A,1142.3224243000004,0.19043110609054564,6.740625731254113e-05,-6.6862890243530275
65,COMPLETE,0.7311232433299428,,0.7177085678958482,f6c923879d905defa9eab146df6cff2fda51dce75d0983bcb05bf23b4df0be8f,OPTUNA_AUTONOMOUS_R5,predictive_only_robust_score_R5,"{""activation"":""tanh"",""batch_size"":1024,""config_source"":""OPTUNA_AUTONOMOUS_R5"",""dropout"":0.08,""fourier_dim"":0,""fourier_scale"":0.05,""gradient_clip"":5.0,""hidden_widths"":[64,64,64,64,192],""huber_delta"":1.0,""lambda_phys"":1.0,""learning_rate"":0.0004433833620607648,""loss_data"":""mse"",""lr_scheduler"":""none"",""max_epochs"":800,""name"":""TRIAL_0065_CDP_NEG"",""nonnegative_output"":false,""optimizer"":""AdamW"",""parameter_sources"":{""physics_mode"":""FROZEN_R5_SPECIFICATION""},""physics_dropout_mode"":""no_dropout"",""physics_mode"":""CDP_NEG"",""physics_penalty"":""relu_squared"",""physics_real_fraction"":0.25,""physics_warmup_fraction"":0.0,""physics_weighting"":""ADAPTIVE_LEARNED"",""synthetic_base_rows"":64,""synthetic_batch_size"":128,""synthetic_levels"":3,""synthetic_local_span_std"":1.0,""target_transform"":""log1p"",""tau_softplus"":0.0992605276491976,""use_lbfgs"":false,""weight_decay"":0.0}",0.4575995530045171,0.4746440922044763,0.7723662638717725,0.7586575588970131,0.043357914638473445,0.8590656002915121,96.708984375,95.556640625,4.443359375,0.02380402486708923,25795.0,True,B,145.14844910001557,0.18218041956424713,6.755855356459506e-05,-2.473864221572876
66,COMPLETE,0.7285416146225546,,0.7163523502647383,3f7d346e9884df32059721f6f854e8ec232e0dab790c5e998bb4500a22bbe224,OPTUNA_AUTONOMOUS_R5,predictive_only_robust_score_R5,"{""activation"":""tanh"",""batch_size"":128,""config_source"":""OPTUNA_AUTONOMOUS_R5"",""dropout"":0.08,""fourier_dim"":0,""fourier_scale"":0.05,""gradient_clip"":1.0,""hidden_widths"":[96,256,96,32,192,64],""huber_delta"":1.756655118065109,""lambda_phys"":0.03503987640766295,""learning_rate"":0.0003329829085885018,""loss_data"":""huber"",""lr_scheduler"":""none"",""max_epochs"":400,""name"":""TRIAL_0066_CDP_NEG"",""nonnegative_output"":false,""optimizer"":""AdamW"",""parameter_sources"":{""physics_mode"":""FROZEN_R5_SPECIFICATION""},""physics_dropout_mode"":""no_dropout"",""physics_mode"":""CDP_NEG"",""physics_penalty"":""relu_squared"",""physics_real_fraction"":0.0,""physics_warmup_fraction"":0.5,""physics_weighting"":""FIXED_LAMBDA"",""synthetic_base_rows"":64,""synthetic_batch_size"":512,""synthetic_levels"":3,""synthetic_local_span_std"":1.0,""target_transform"":""log1p"",""tau_softplus"":0.08109853701511714,""use_lbfgs"":false,""weight_decay"":7.318797856054635e-06}",0.45823173229640196,0.4789426976408816,0.7684684882384469,0.7535701982364176,0.04187703831058394,0.8665128232447998,71.77734375,58.447265625,41.552734375,0.03456145324287491,72321.0,False,C,1028.8746506000025,0.08889807611703873,0.005786725296638906,0.08910084217786789
67,COMPLETE,0.7332702740542172,,0.7243352738359716,b42cb95557ed4d037c4fdb6d39bb98dc7e0a8fc37e8899ca68d026b4f72cd885,OPTUNA_AUTONOMOUS_R5,predictive_only_robust_score_R5,"{""activation"":""tanh"",""batch_size"":128,""config_source"":""OPTUNA_AUTONOMOUS_R5"",""dropout"":0.08,""fourier_dim"":0,""fourier_scale"":0.05,""gradient_clip"":10.0,""hidden_widths"":[64,128,192,160,160],""huber_delta"":1.409985498713473,""lambda_phys"":0.024312467386373233,""learning_rate"":0.0005074977168514545,""loss_data"":""huber"",""lr_scheduler"":""none"",""max_epochs"":700,""name"":""TRIAL_0067_CDP_NEG"",""nonnegative_output"":false,""optimizer"":""NAdam"",""parameter_sources"":{""physics_mode"":""FROZEN_R5_SPECIFICATION""},""physics_dropout_mode"":""shared_stochastic"",""physics_mode"":""CDP_NEG"",""physics_penalty"":""relu_squared"",""physics_real_fraction"":0.5,""physics_warmup_fraction"":0.5,""physics_weighting"":""FIXED_LAMBDA"",""synthetic_base_rows"":64,""synthetic_batch_size"":256,""synthetic_levels"":7,""synthetic_local_span_std"":1.0,""target_transform"":""log1p"",""tau_softplus"":0.12679007492282313,""use_lbfgs"":false,""weight_decay"":7.140107659913111e-05}",0.44687731921531126,0.4743356695181659,0.7722294825879924,0.7535646005723509,0.04623218677870353,0.8594457188078639,81.9140625,79.443359375,20.556640625,0.036351222066393886,90529.0,False,C,2115.1183771000215,0.08417237251996994,0.0003503164916764945,0.08418089151382446
68,COMPLETE,0.7359739203252418,,0.7261852379164617,0fb038355a71682712be8cc76d8b5a3595b7d764c6807512ad3aa93a6f40315e,OPTUNA_AUTONOMOUS_R5,predictive_only_robust_score_R5,"{""activation"":""tanh"",""batch_size"":128,""config_source"":""OPTUNA_AUTONOMOUS_R5"",""dropout"":0.08,""fourier_dim"":0,""fourier_scale"":0.05,""gradient_clip"":2.5,""hidden_widths"":[160,128,192,160,160],""huber_delta"":1.4434065666878622,""lambda_phys"":0.048616338535276964,""learning_rate"":0.0006280071684982689,""loss_data"":""huber"",""lr_scheduler"":""none"",""max_epochs"":800,""name"":""TRIAL_0068_CDP_NEG"",""nonnegative_output"":false,""optimizer"":""NAdam"",""parameter_sources"":{""physics_mode"":""FROZEN_R5_SPECIFICATION""},""physics_dropout_mode"":""shared_stochastic"",""physics_mode"":""CDP_NEG"",""physics_penalty"":""relu_squared"",""physics_real_fraction"":0.0,""physics_warmup_fraction"":0.5,""physics_weighting"":""FIXED_LAMBDA"",""synthetic_base_rows"":64,""synthetic_batch_size"":64,""synthetic_levels"":7,""synthetic_local_span_std"":1.0,""target_transform"":""log1p"",""tau_softplus"":0.18223137198002354,""use_lbfgs"":false,""weight_decay"":6.313617964506197e-05}",0.4447533185176386,0.4733072933292659,0.7734535344202511,0.7578079952338139,0.04424974436804479,0.8574358575626494,77.646484375,57.32421875,42.67578125,0.02718419166778588,103777.0,False,C,2367.250215699998,0.08348682671785354,0.002357924048556015,0.08360146135091781
69,COMPLETE,0.7290544380620869,,0.717469145815832,ec8f845b1ebbadff9f739c8eded2e7dbb285ea59196e66d05e5cbf85fccbbdb7,OPTUNA_AUTONOMOUS_R5,predictive_only_robust_score_R5,"{""activation"":""tanh"",""batch_size"":128,""config_source"":""OPTUNA_AUTONOMOUS_R5"",""dropout"":0.08,""fourier_dim"":0,""fourier_scale"":0.05,""gradient_clip"":10.0,""hidden_widths"":[64,128,192,160],""huber_delta"":1.3589108640065992,""lambda_phys"":0.037873853927732674,""learning_rate"":0.0007616981503916524,""loss_data"":""huber"",""lr_scheduler"":""none"",""max_epochs"":500,""name"":""TRIAL_0069_CDP_NEG"",""nonnegative_output"":false,""optimizer"":""NAdam"",""parameter_sources"":{""physics_mode"":""FROZEN_R5_SPECIFICATION""},""physics_dropout_mode"":""shared_stochastic"",""physics_mode"":""CDP_NEG"",""physics_penalty"":""relu_squared"",""physics_real_fraction"":0.5,""physics_warmup_fraction"":0.5,""physics_weighting"":""FIXED_LAMBDA"",""synthetic_base_rows"":64,""synthetic_batch_size"":256,""synthetic_levels"":7,""synthetic_local_span_std"":1.0,""target_transform"":""log1p"",""tau_softplus"":0.1474437148232513,""use_lbfgs"":false,""weight_decay"":0.00010992392482052493}",0.44877702583060797,0.47663087206539806,0.7700237078699861,0.7541925971695487,0.04687199365275464,0.8634811936578499,83.310546875,74.267578125,25.732421875,0.05217209715106972,64769.0,False,C,1385.7649777000042,0.08495389074087142,0.0004028342998935841,0.08496914803981781
70,PRUNED,0.6766458049989139,PRUNED: median_pruner_after_two_folds,,82f9fa45b39a0ab99006668adde25228378be3afb978f66500f7707c03525e4d,OPTUNA_AUTONOMOUS_R5,,"{""activation"":""tanh"",""batch_size"":""FULL_BATCH"",""config_source"":""OPTUNA_AUTONOMOUS_R5"",""dropout"":0.08,""fourier_dim"":0,""fourier_scale"":0.05,""gradient_clip"":2.5,""hidden_widths"":[160,48,192,160,160,128],""huber_delta"":1.390428493519066,""lambda_phys"":0.02767455068236286,""learning_rate"":0.0001444001372251445,""loss_data"":""huber"",""lr_scheduler"":""none"",""max_epochs"":800,""name"":""TRIAL_0070_CDP_NEG"",""nonnegative_output"":false,""optimizer"":""NAdam"",""parameter_sources"":{""physics_mode"":""FROZEN_R5_SPECIFICATION""},""physics_dropout_mode"":""shared_stochastic"",""physics_mode"":""CDP_NEG"",""physics_penalty"":""softplus"",""physics_real_fraction"":0.0,""physics_warmup_fraction"":0.5,""physics_weighting"":""FIXED_LAMBDA"",""synthetic_base_rows"":64,""synthetic_batch_size"":64,""synthetic_levels"":7,""synthetic_local_span_std"":1.0,""target_transform"":""log1p"",""tau_softplus"":0.1264574279246504,""use_lbfgs"":false,""weight_decay"":0.00010488079239330285}",,,,,,,,,,,,,,,,,
71,COMPLETE,0.7291611081273687,,0.715904738907592,fccd1e4392c45ac23d9bfdc224685777c2444e82216028355dca0b665057ec49,OPTUNA_AUTONOMOUS_R5,predictive_only_robust_score_R5,"{""activation"":""tanh"",""batch_size"":128,""config_source"":""OPTUNA_AUTONOMOUS_R5"",""dropout"":0.08,""fourier_dim"":0,""fourier_scale"":0.05,""gradient_clip"":2.5,""hidden_widths"":[64,64,192,160,160,192],""huber_delta"":1.0,""lambda_phys"":0.6676384223507079,""learning_rate"":0.0004840824164129749,""loss_data"":""mse"",""lr_scheduler"":""none"",""max_epochs"":600,""name"":""TRIAL_0071_CDP_NEG"",""nonnegative_output"":false,""optimizer"":""AdamW"",""parameter_sources"":{""physics_mode"":""FROZEN_R5_SPECIFICATION""},""physics_dropout_mode"":""shared_stochastic"",""physics_mode"":""CDP_NEG"",""physics_penalty"":""relu_squared"",""physics_real_fraction"":0.0,""physics_warmup_fraction"":0.5,""physics_weighting"":""FIXED_LAMBDA"",""synthetic_base_rows"":64,""synthetic_batch_size"":256,""synthetic_levels"":3,""synthetic_local_span_std"":0.25,""target_transform"":""log1p"",""tau_softplus"":0.08110380525243713,""use_lbfgs"":false,""weight_decay"":0.0}",0.4574956363206515,0.4786657968709669,0.7683194506352274,0.757718338673444,0.045291818827424155,0.8661213335102312,79.00390625,75.78125,24.21875,0.04474803431832389,105025.0,False,C,1968.0230605000106,0.18252599537372588,0.0010064867907203733,0.1831979662179947
72,COMPLETE,0.7206460621463698,,0.7062061650394706,a765df6cf6b2eca072a55962aecca529073ec40cf55f02671df34372424ea95d,OPTUNA_AUTONOMOUS_R5,predictive_only_robust_score_R5,"{""activation"":""gelu"",""batch_size"":256,""config_source"":""OPTUNA_AUTONOMOUS_R5"",""dropout"":0.03,""fourier_dim"":0,""fourier_scale"":0.05,""gradient_clip"":1.0,""hidden_widths"":[192,128,192,160],""huber_delta"":1.4688958068893274,""lambda_phys"":0.06163808791341753,""learning_rate"":0.0029515479069888917,""loss_data"":""huber"",""lr_scheduler"":""none"",""max_epochs"":800,""name"":""TRIAL_0072_CDP_NEG"",""nonnegative_output"":false,""optimizer"":""NAdam"",""parameter_sources"":{""physics_mode"":""FROZEN_R5_SPECIFICATION""},""physics_dropout_mode"":""data_only_dropout"",""physics_mode"":""CDP_NEG"",""physics_penalty"":""relu_squared"",""physics_real_fraction"":0.0,""physics_warmup_fraction"":0.1,""physics_weighting"":""FIXED_LAMBDA"",""synthetic_base_rows"":64,""synthetic_batch_size"":512,""synthetic_levels"":3,""synthetic_local_span_std"":0.25,""target_transform"":""log1p"",""tau_softplus"":0.08329576490701787,""use_lbfgs"":false,""weight_decay"":3.180119503204118e-05}",0.4596269509255442,0.4802029037013475,0.766228288093126,0.7511866889103713,0.050564723597366384,0.8698298400566722,73.57421875,69.873046875,30.126953125,0.06434268518971899,82433.0,False,C,356.7303796999913,0.0880901038646698,0.003538807202130556,0.08830822855234147
73,PRUNED,0.43058083682081805,PRUNED: median_pruner_after_two_folds,,7a764285846da971c8d35d6ff059fa300df546d31ba9b5de537c4a4dbe2199df,OPTUNA_AUTONOMOUS_R5,,"{""activation"":""tanh"",""batch_size"":128,""config_source"":""OPTUNA_AUTONOMOUS_R5"",""dropout"":0.08,""fourier_dim"":0,""fourier_scale"":0.05,""gradient_clip"":2.5,""hidden_widths"":[128,128,192,256,160,256],""huber_delta"":1.4298942793781624,""lambda_phys"":0.044775480576827495,""learning_rate"":0.003974880594610146,""loss_data"":""huber"",""lr_scheduler"":""reduce_on_plateau"",""max_epochs"":300,""name"":""TRIAL_0073_CDP_NEG"",""nonnegative_output"":""softplus_output"",""optimizer"":""NAdam"",""parameter_sources"":{""physics_mode"":""FROZEN_R5_SPECIFICATION""},""physics_dropout_mode"":""shared_stochastic"",""physics_mode"":""CDP_NEG"",""physics_penalty"":""relu_squared"",""physics_real_fraction"":0.0,""physics_warmup_fraction"":0.5,""physics_weighting"":""FIXED_LAMBDA"",""synthetic_base_rows"":64,""synthetic_batch_size"":64,""synthetic_levels"":7,""synthetic_local_span_std"":1.0,""target_transform"":""original"",""tau_softplus"":0.10732764626685637,""use_lbfgs"":false,""weight_decay"":4.865146097615433e-05}",,,,,,,,,,,,,,,,,
74,COMPLETE,0.7251536416066735,,0.7118793117949378,d6a6bf6e03801ed6629e9b04b97e5cc532836fa7ce474c6e661af2cd6d1a9b25,OPTUNA_AUTONOMOUS_R5,predictive_only_robust_score_R5,"{""activation"":""tanh"",""batch_size"":128,""config_source"":""OPTUNA_AUTONOMOUS_R5"",""dropout"":0.08,""fourier_dim"":32,""fourier_scale"":0.011878383748835998,""gradient_clip"":1.0,""hidden_widths"":[64,32,160,160],""huber_delta"":1.669485336930168,""lambda_phys"":0.04963518861131608,""learning_rate"":0.00015277597762864719,""loss_data"":""huber"",""lr_scheduler"":""none"",""max_epochs"":800,""name"":""TRIAL_0074_CDP_NEG"",""nonnegative_output"":false,""optimizer"":""AdamW"",""parameter_sources"":{""physics_mode"":""FROZEN_R5_SPECIFICATION""},""physics_dropout_mode"":""shared_stochastic"",""physics_mode"":""CDP_NEG"",""physics_penalty"":""softplus"",""physics_real_fraction"":0.0,""physics_warmup_fraction"":0.5,""physics_weighting"":""FIXED_LAMBDA"",""synthetic_base_rows"":64,""synthetic_batch_size"":512,""synthetic_levels"":7,""synthetic_local_span_std"":1.0,""target_transform"":""log1p"",""tau_softplus"":0.07676332133798076,""use_lbfgs"":false,""weight_decay"":2.0370240073978722e-05}",0.45606044740157137,0.47804649150303363,0.7686496863066281,0.7530183197062819,0.04744410012836572,0.8657923263730843,99.86328125,99.658203125,0.341796875,0.04479906919347067,37441.0,True,A,2932.125620299994,0.08793345242738723,0.005138990934938192,0.08818852603435516
75,COMPLETE,0.7309283720170692,,0.7258857851990317,73c114f9f84ade0f7657d5cd25a7c20733c9658a09538f9d1fc4f8dfcffa6af0,OPTUNA_AUTONOMOUS_R5,predictive_only_robust_score_R5,"{""activation"":""tanh"",""batch_size"":128,""config_source"":""OPTUNA_AUTONOMOUS_R5"",""dropout"":0.08,""fourier_dim"":0,""fourier_scale"":0.05,""gradient_clip"":5.0,""hidden_widths"":[64,128,192,96,160,32],""huber_delta"":1.3485624952681725,""lambda_phys"":1.0,""learning_rate"":0.00019440237496811254,""loss_data"":""huber"",""lr_scheduler"":""none"",""max_epochs"":800,""name"":""TRIAL_0075_CDP_NEG"",""nonnegative_output"":false,""optimizer"":""AdamW"",""parameter_sources"":{""physics_mode"":""FROZEN_R5_SPECIFICATION""},""physics_dropout_mode"":""shared_stochastic"",""physics_mode"":""CDP_NEG"",""physics_penalty"":""relu_squared"",""physics_real_fraction"":0.0,""physics_warmup_fraction"":0.1,""physics_weighting"":""ADAPTIVE_LEARNED"",""synthetic_base_rows"":512,""synthetic_batch_size"":512,""synthetic_levels"":7,""synthetic_local_span_std"":1.0,""target_transform"":""log1p"",""tau_softplus"":0.057416626543922496,""use_lbfgs"":false,""weight_decay"":3.887925183939358e-06}",0.4467782815656526,0.4832955298937395,0.7640404369348422,0.7445145393084626,0.04361504588372809,0.8754239669795958,99.814453125,99.51171875,0.48828125,0.04370077819809627,72963.0,True,A,1301.462584000008,0.08414054661989212,8.265444364496944e-08,-7.463449001312256
76,COMPLETE,0.7332888972268746,,0.7234720712289572,2c4e13852547a029c292565492b585a4c842747e3a85994839875f2884eabe60,OPTUNA_AUTONOMOUS_R5,predictive_only_robust_score_R5,"{""activation"":""tanh"",""batch_size"":1024,""config_source"":""OPTUNA_AUTONOMOUS_R5"",""dropout"":0.08,""fourier_dim"":0,""fourier_scale"":0.05,""gradient_clip"":1.0,""hidden_widths"":[192,160,128,128,160],""huber_delta"":1.7028727626523616,""lambda_phys"":0.2885466057812245,""learning_rate"":0.0005619994560825646,""loss_data"":""huber"",""lr_scheduler"":""none"",""max_epochs"":600,""name"":""TRIAL_0076_CDP_NEG"",""nonnegative_output"":false,""optimizer"":""NAdam"",""parameter_sources"":{""physics_mode"":""FROZEN_R5_SPECIFICATION""},""physics_dropout_mode"":""data_only_dropout"",""physics_mode"":""CDP_NEG"",""physics_penalty"":""relu_squared"",""physics_real_fraction"":0.25,""physics_warmup_fraction"":0.1,""physics_weighting"":""FIXED_LAMBDA"",""synthetic_base_rows"":64,""synthetic_batch_size"":64,""synthetic_levels"":7,""synthetic_local_span_std"":0.25,""target_transform"":""log1p"",""tau_softplus"":0.1237905117209435,""use_lbfgs"":false,""weight_decay"":4.6920381596588236e-05}",0.4545747539522256,0.47593398700795697,0.770826684175012,0.7555017978681978,0.04527553288460188,0.8617728900161454,92.607421875,89.84375,10.15625,0.028196790496468553,90721.0,False,C,196.11210320000828,0.08774660229682922,4.0574470403953455e-05,0.08775830864906312
77,COMPLETE,0.7326695831688207,,0.7219722528102047,69e2c2af286c70fd392081df9f1d9a0ebe109054f27fcd48cade10f3252f4f5d,OPTUNA_AUTONOMOUS_R5,predictive_only_robust_score_R5,"{""activation"":""tanh"",""batch_size"":128,""config_source"":""OPTUNA_AUTONOMOUS_R5"",""dropout"":0.08,""fourier_dim"":0,""fourier_scale"":0.05,""gradient_clip"":5.0,""hidden_widths"":[160,128,128,128,160],""huber_delta"":1.0,""lambda_phys"":1.0970665939331357,""learning_rate"":0.0008705334643301974,""loss_data"":""mse"",""lr_scheduler"":""none"",""max_epochs"":800,""name"":""TRIAL_0077_CDP_NEG"",""nonnegative_output"":false,""optimizer"":""NAdam"",""parameter_sources"":{""physics_mode"":""FROZEN_R5_SPECIFICATION""},""physics_dropout_mode"":""shared_stochastic"",""physics_mode"":""CDP_NEG"",""physics_penalty"":""relu_squared"",""physics_real_fraction"":0.0,""physics_warmup_fraction"":0.5,""physics_weighting"":""FIXED_LAMBDA"",""synthetic_base_rows"":64,""synthetic_batch_size"":64,""synthetic_levels"":7,""synthetic_local_span_std"":1.0,""target_transform"":""log1p"",""tau_softplus"":0.11143483754389166,""use_lbfgs"":false,""weight_decay"":0.00011765990123422152}",0.4465538829403034,0.47385492192998757,0.7728073641895069,0.7558130919390272,0.04538432517961,0.8581651653656671,87.05078125,82.080078125,17.919921875,0.035016471361494966,76033.0,False,C,2367.648452300011,0.1748876988887787,0.00010954423705697991,0.1750078797340393
78,COMPLETE,0.7379035071762982,,0.7298862244941667,2fb63e077947d2dd54f967245b7accb9b639c277d7c10b9749210383b1ba47b2,OPTUNA_AUTONOMOUS_R5,predictive_only_robust_score_R5,"{""activation"":""tanh"",""batch_size"":128,""config_source"":""OPTUNA_AUTONOMOUS_R5"",""dropout"":0.03,""fourier_dim"":0,""fourier_scale"":0.05,""gradient_clip"":2.5,""hidden_widths"":[160,128,128,128,160],""huber_delta"":1.449298789813574,""lambda_phys"":2.5023821614889474,""learning_rate"":0.0013153461906910324,""loss_data"":""huber"",""lr_scheduler"":""none"",""max_epochs"":800,""name"":""TRIAL_0078_CDP_NEG"",""nonnegative_output"":false,""optimizer"":""NAdam"",""parameter_sources"":{""physics_mode"":""FROZEN_R5_SPECIFICATION""},""physics_dropout_mode"":""shared_stochastic"",""physics_mode"":""CDP_NEG"",""physics_penalty"":""relu_squared"",""physics_real_fraction"":0.0,""physics_warmup_fraction"":0.5,""physics_weighting"":""FIXED_LAMBDA"",""synthetic_base_rows"":128,""synthetic_batch_size"":64,""synthetic_levels"":3,""synthetic_local_span_std"":1.0,""target_transform"":""log1p"",""tau_softplus"":0.18039801721679957,""use_lbfgs"":false,""weight_decay"":0.0001679294910059482}",0.4440341250621767,0.472750716511538,0.7739080059612138,0.7567912061352929,0.044563899569110756,0.856589545041396,96.591796875,94.43359375,5.56640625,0.04891688042467303,76033.0,False,C,2393.7840603999794,0.08379213213920593,1.726974223856814e-05,0.08383534699678422
79,COMPLETE,0.7204146427355086,,0.7100948349016456,f1bf5bc93221f8b0bdb53589020294c6008a36711edea6f983ef468929145c00,OPTUNA_AUTONOMOUS_R5,predictive_only_robust_score_R5,"{""activation"":""gelu"",""batch_size"":1024,""config_source"":""OPTUNA_AUTONOMOUS_R5"",""dropout"":0.08,""fourier_dim"":0,""fourier_scale"":0.05,""gradient_clip"":2.5,""hidden_widths"":[64,160,128,128,160],""huber_delta"":1.3833404746635338,""lambda_phys"":4.375722595775857,""learning_rate"":0.0013253309955181083,""loss_data"":""huber"",""lr_scheduler"":""none"",""max_epochs"":600,""name"":""TRIAL_0079_CDP_NEG"",""nonnegative_output"":false,""optimizer"":""NAdam"",""parameter_sources"":{""physics_mode"":""FROZEN_R5_SPECIFICATION""},""physics_dropout_mode"":""data_only_dropout"",""physics_mode"":""CDP_NEG"",""physics_penalty"":""relu_squared"",""physics_real_fraction"":0.25,""physics_warmup_fraction"":0.5,""physics_weighting"":""FIXED_LAMBDA"",""synthetic_base_rows"":64,""synthetic_batch_size"":64,""synthetic_levels"":7,""synthetic_local_span_std"":0.25,""target_transform"":""log1p"",""tau_softplus"":0.1063973400137886,""use_lbfgs"":false,""weight_decay"":0.00022387131273653686}",0.46951906534620685,0.484650775935921,0.7622354378326207,0.7431679344530634,0.04816182324659865,0.8777865578987264,98.046875,95.5078125,4.4921875,0.04378840797017836,68961.0,True,B,258.9987526999903,0.09038480669260025,1.8817785871760861e-06,0.09039303958415985
80,COMPLETE,0.7191975265533882,,0.7071527825295378,6f78e2ee81c89cf087e490b047d247f1db0cede9a5fd9b32d583d64e9faabd5c,OPTUNA_AUTONOMOUS_R5,predictive_only_robust_score_R5,"{""activation"":""tanh"",""batch_size"":128,""config_source"":""OPTUNA_AUTONOMOUS_R5"",""dropout"":0.03,""fourier_dim"":16,""fourier_scale"":0.05258901300396525,""gradient_clip"":2.5,""hidden_widths"":[160,128,128,128,160],""huber_delta"":1.5019372689765655,""lambda_phys"":1.5574599791534838,""learning_rate"":0.000881688334804669,""loss_data"":""huber"",""lr_scheduler"":""none"",""max_epochs"":500,""name"":""TRIAL_0080_CDP_NEG"",""nonnegative_output"":false,""optimizer"":""NAdam"",""parameter_sources"":{""physics_mode"":""FROZEN_R5_SPECIFICATION""},""physics_dropout_mode"":""shared_stochastic"",""physics_mode"":""CDP_NEG"",""physics_penalty"":""relu_squared"",""physics_real_fraction"":0.0,""physics_warmup_fraction"":0.1,""physics_weighting"":""FIXED_LAMBDA"",""synthetic_base_rows"":128,""synthetic_batch_size"":64,""synthetic_levels"":3,""synthetic_local_span_std"":1.0,""target_transform"":""log1p"",""tau_softplus"":0.1871614899257486,""use_lbfgs"":false,""weight_decay"":0.00014786507644092784}",0.46760059148263905,0.4817712519102798,0.7647674365577984,0.7449576068039913,0.050581686613117266,0.872918036157533,94.98046875,92.3828125,7.6171875,0.024138852915608067,79713.0,False,C,1037.053532799997,0.09154254198074341,0.0013580115744844079,0.09365759193897247
81,COMPLETE,0.7317162842658099,,0.7240067445833724,1a908ae96518cd74cbef6c32a651eedb396d04c4637d6cbb23c0aedd89308720,OPTUNA_AUTONOMOUS_R5,predictive_only_robust_score_R5,"{""activation"":""tanh"",""batch_size"":512,""config_source"":""OPTUNA_AUTONOMOUS_R5"",""dropout"":0.08,""fourier_dim"":0,""fourier_scale"":0.05,""gradient_clip"":2.5,""hidden_widths"":[160,128,128,128,160],""huber_delta"":1.2240896051382621,""lambda_phys"":1.5176514363982423,""learning_rate"":0.000882382103194161,""loss_data"":""huber"",""lr_scheduler"":""none"",""max_epochs"":600,""name"":""TRIAL_0081_CDP_NEG"",""nonnegative_output"":false,""optimizer"":""NAdam"",""parameter_sources"":{""physics_mode"":""FROZEN_R5_SPECIFICATION""},""physics_dropout_mode"":""shared_stochastic"",""physics_mode"":""CDP_NEG"",""physics_penalty"":""relu_squared"",""physics_real_fraction"":0.5,""physics_warmup_fraction"":0.1,""physics_weighting"":""FIXED_LAMBDA"",""synthetic_base_rows"":64,""synthetic_batch_size"":64,""synthetic_levels"":7,""synthetic_local_span_std"":1.0,""target_transform"":""log1p"",""tau_softplus"":0.1889671509586762,""use_lbfgs"":false,""weight_decay"":0.00013081846818852405}",0.4424599858602769,0.47515174540935085,0.7713274995835471,0.7497167406537797,0.04735534638702223,0.8612253737088116,99.21875,97.509765625,2.490234375,0.05310710971481797,76033.0,True,B,354.81643729998905,0.08327455073595047,1.5992759154481728e-07,0.08327479362487793
82,PRUNED,0.7051789344541999,PRUNED: median_pruner_after_two_folds,,903f3e345fdaa61b9812337eeda32785eb9e5ee741193da4065da02c87fbd679,OPTUNA_AUTONOMOUS_R5,,"{""activation"":""softplus"",""batch_size"":1024,""config_source"":""OPTUNA_AUTONOMOUS_R5"",""dropout"":0.08,""fourier_dim"":0,""fourier_scale"":0.05,""gradient_clip"":5.0,""hidden_widths"":[160,128,128,128],""huber_delta"":1.0,""lambda_phys"":1.8791451276992341,""learning_rate"":0.001007630160446963,""loss_data"":""mse"",""lr_scheduler"":""none"",""max_epochs"":800,""name"":""TRIAL_0082_CDP_NEG"",""nonnegative_output"":false,""optimizer"":""RMSprop"",""parameter_sources"":{""physics_mode"":""FROZEN_R5_SPECIFICATION""},""physics_dropout_mode"":""shared_stochastic"",""physics_mode"":""CDP_NEG"",""physics_penalty"":""relu_squared"",""physics_real_fraction"":0.0,""physics_warmup_fraction"":0.5,""physics_weighting"":""FIXED_LAMBDA"",""synthetic_base_rows"":64,""synthetic_batch_size"":64,""synthetic_levels"":7,""synthetic_local_span_std"":1.0,""target_transform"":""log1p"",""tau_softplus"":0.13280418589226117,""use_lbfgs"":false,""weight_decay"":9.865681720595301e-05}",,,,,,,,,,,,,,,,,
83,COMPLETE,0.7284816520346646,,0.7169286162093164,a5c1a9d01e0e37585c7efd6009f84789d0e94523457578dd0965b24a3f335c1d,OPTUNA_AUTONOMOUS_R5,predictive_only_robust_score_R5,"{""activation"":""tanh"",""batch_size"":128,""config_source"":""OPTUNA_AUTONOMOUS_R5"",""dropout"":0.03,""fourier_dim"":0,""fourier_scale"":0.05,""gradient_clip"":5.0,""hidden_widths"":[48,128,128,128,160],""huber_delta"":1.0,""lambda_phys"":0.6762890473890746,""learning_rate"":0.0019713565217560937,""loss_data"":""mse"",""lr_scheduler"":""none"",""max_epochs"":800,""name"":""TRIAL_0083_CDP_NEG"",""nonnegative_output"":false,""optimizer"":""NAdam"",""parameter_sources"":{""physics_mode"":""FROZEN_R5_SPECIFICATION""},""physics_dropout_mode"":""shared_stochastic"",""physics_mode"":""CDP_NEG"",""physics_penalty"":""relu_squared"",""physics_real_fraction"":0.0,""physics_warmup_fraction"":0.1,""physics_weighting"":""FIXED_LAMBDA"",""synthetic_base_rows"":64,""synthetic_batch_size"":64,""synthetic_levels"":7,""synthetic_local_span_std"":1.0,""target_transform"":""log1p"",""tau_softplus"":0.12993775216441944,""use_lbfgs"":false,""weight_decay"":7.063979598509877e-05}",0.46233089333971017,0.47950213752013654,0.767714259102724,0.7530534244539557,0.04362970937384318,0.8677288815130442,89.208984375,87.158203125,12.841796875,0.026552568508160783,60577.0,False,C,742.969884199978,0.1845792680978775,0.0001392640835547354,0.18467345237731933
84,COMPLETE,0.7173077652754213,,0.7015170865312301,966a81956236c8f9e24cf1ed6fc03e4acc78bc88182c307f8ff33de2263aca04,OPTUNA_AUTONOMOUS_R5,predictive_only_robust_score_R5,"{""activation"":""tanh"",""batch_size"":1024,""config_source"":""OPTUNA_AUTONOMOUS_R5"",""dropout"":0.08,""fourier_dim"":0,""fourier_scale"":0.05,""gradient_clip"":1.0,""hidden_widths"":[192,160,128],""huber_delta"":1.5678659925390028,""lambda_phys"":1.0,""learning_rate"":0.0008796875566081523,""loss_data"":""huber"",""lr_scheduler"":""none"",""max_epochs"":600,""name"":""TRIAL_0084_CDP_NEG"",""nonnegative_output"":false,""optimizer"":""NAdam"",""parameter_sources"":{""physics_mode"":""FROZEN_R5_SPECIFICATION""},""physics_dropout_mode"":""data_only_dropout"",""physics_mode"":""CDP_NEG"",""physics_penalty"":""relu_squared"",""physics_real_fraction"":0.25,""physics_warmup_fraction"":0.1,""physics_weighting"":""ADAPTIVE_LEARNED"",""synthetic_base_rows"":64,""synthetic_batch_size"":64,""synthetic_levels"":7,""synthetic_local_span_std"":0.25,""target_transform"":""log1p"",""tau_softplus"":0.02654444297703458,""use_lbfgs"":false,""weight_decay"":0.0009558664201233382}",0.4773661023858299,0.48592923693800766,0.7608237815881639,0.7511897678554912,0.050417951587804495,0.881106684632563,98.49609375,93.212890625,6.787109375,0.039462377263578007,53539.0,False,C,170.9687336999923,0.09374410212039948,6.144264997091138e-07,-7.037548637390136
85,COMPLETE,0.7322633927574984,,0.7231889138478784,11c7747d3f572c3da3a481f46b2d9e6fd6289ee2f0d0f51876650bee512f1326,OPTUNA_AUTONOMOUS_R5,predictive_only_robust_score_R5,"{""activation"":""silu"",""batch_size"":128,""config_source"":""OPTUNA_AUTONOMOUS_R5"",""dropout"":0.03,""fourier_dim"":0,""fourier_scale"":0.05,""gradient_clip"":10.0,""hidden_widths"":[160,32,128,128,160,64],""huber_delta"":1.533360867465856,""lambda_phys"":5.801837660870598,""learning_rate"":0.0010773228800770797,""loss_data"":""huber"",""lr_scheduler"":""cosine"",""max_epochs"":800,""name"":""TRIAL_0085_CDP_NEG"",""nonnegative_output"":false,""optimizer"":""NAdam"",""parameter_sources"":{""physics_mode"":""FROZEN_R5_SPECIFICATION""},""physics_dropout_mode"":""shared_stochastic"",""physics_mode"":""CDP_NEG"",""physics_penalty"":""relu_squared"",""physics_real_fraction"":0.0,""physics_warmup_fraction"":0.5,""physics_weighting"":""FIXED_LAMBDA"",""synthetic_base_rows"":128,""synthetic_batch_size"":64,""synthetic_levels"":3,""synthetic_local_span_std"":1.0,""target_transform"":""log1p"",""tau_softplus"":0.1802720863135911,""use_lbfgs"":false,""weight_decay"":5.652522870296771e-05}",0.4481977238976242,0.47462517682087124,0.7718999061488655,0.7528394570297054,0.04691783275026718,0.8603235643313868,95.234375,92.236328125,7.763671875,0.03621066464854306,58497.0,False,C,3198.071141499997,0.08508424013853073,8.148349411385425e-05,0.08555699586868286
86,COMPLETE,0.7293040253962775,,0.7174688152012494,48f77edf37346865aa74eb99498e9c0a53f446055d5f722a020faafca9c7a183,OPTUNA_AUTONOMOUS_R5,predictive_only_robust_score_R5,"{""activation"":""silu"",""batch_size"":128,""config_source"":""OPTUNA_AUTONOMOUS_R5"",""dropout"":0.03,""fourier_dim"":0,""fourier_scale"":0.05,""gradient_clip"":1.0,""hidden_widths"":[160,256,128,128],""huber_delta"":1.5540559518561792,""lambda_phys"":5.860290270923094,""learning_rate"":0.00040724991602339086,""loss_data"":""huber"",""lr_scheduler"":""cosine"",""max_epochs"":800,""name"":""TRIAL_0086_CDP_NEG"",""nonnegative_output"":false,""optimizer"":""NAdam"",""parameter_sources"":{""physics_mode"":""FROZEN_R5_SPECIFICATION""},""physics_dropout_mode"":""shared_stochastic"",""physics_mode"":""CDP_NEG"",""physics_penalty"":""softplus"",""physics_real_fraction"":0.0,""physics_warmup_fraction"":0.5,""physics_weighting"":""FIXED_LAMBDA"",""synthetic_base_rows"":128,""synthetic_batch_size"":512,""synthetic_levels"":3,""synthetic_local_span_std"":1.0,""target_transform"":""log1p"",""tau_softplus"":0.12189902641206163,""use_lbfgs"":false,""weight_decay"":5.463001559916259e-05}",0.4556568357285709,0.47849729810716124,0.768377342248819,0.7552998619777147,0.046049565426684626,0.8670460770568592,99.98046875,99.90234375,0.09765625,0.03801100713422028,92353.0,True,A,2291.2672078999894,0.08806945681571961,0.002381244348362088,0.10202423930168152
87,COMPLETE,0.7233204167116586,,0.7126393636789651,13349bb4086965f74c6a28033bdc17a99f899657ad609918c05d21812440855c,OPTUNA_AUTONOMOUS_R5,predictive_only_robust_score_R5,"{""activation"":""silu"",""batch_size"":128,""config_source"":""OPTUNA_AUTONOMOUS_R5"",""dropout"":0.15,""fourier_dim"":0,""fourier_scale"":0.05,""gradient_clip"":10.0,""hidden_widths"":[128,32,128,128,160,64],""huber_delta"":1.5389689821685633,""lambda_phys"":3.922791027900871,""learning_rate"":0.0015960805063167753,""loss_data"":""huber"",""lr_scheduler"":""cosine"",""max_epochs"":500,""name"":""TRIAL_0087_CDP_NEG"",""nonnegative_output"":false,""optimizer"":""NAdam"",""parameter_sources"":{""physics_mode"":""FROZEN_R5_SPECIFICATION""},""physics_dropout_mode"":""shared_stochastic"",""physics_mode"":""CDP_NEG"",""physics_penalty"":""relu_squared"",""physics_real_fraction"":0.0,""physics_warmup_fraction"":0.5,""physics_weighting"":""FIXED_LAMBDA"",""synthetic_base_rows"":128,""synthetic_batch_size"":64,""synthetic_levels"":3,""synthetic_local_span_std"":1.0,""target_transform"":""log1p"",""tau_softplus"":0.18266073918720263,""use_lbfgs"":false,""weight_decay"":5.2228511042869754e-05}",0.45697636231781164,0.4808983868633259,0.7656567546068735,0.747069873430521,0.049498389855641534,0.8717572487553286,96.09375,93.798828125,6.201171875,0.05184996608171231,57153.0,False,C,2226.290548299992,0.08874851316213608,4.418030257511418e-05,0.08892182409763336
88,COMPLETE,0.7252403841602668,,0.7139928590034632,b1b5845ea747dac61732e06b39ddcddab4d0b754ff95a403e24dbb5e2e6cfdf5,OPTUNA_AUTONOMOUS_R5,predictive_only_robust_score_R5,"{""activation"":""tanh"",""batch_size"":128,""config_source"":""OPTUNA_AUTONOMOUS_R5"",""dropout"":0.08,""fourier_dim"":0,""fourier_scale"":0.05,""gradient_clip"":10.0,""hidden_widths"":[160,128,128,128,160],""huber_delta"":1.2885084042237185,""lambda_phys"":0.851953444626265,""learning_rate"":0.001676649592643553,""loss_data"":""huber"",""lr_scheduler"":""none"",""max_epochs"":800,""name"":""TRIAL_0088_CDP_NEG"",""nonnegative_output"":false,""optimizer"":""NAdam"",""parameter_sources"":{""physics_mode"":""FROZEN_R5_SPECIFICATION""},""physics_dropout_mode"":""shared_stochastic"",""physics_mode"":""CDP_NEG"",""physics_penalty"":""relu_squared"",""physics_real_fraction"":0.0,""physics_warmup_fraction"":0.5,""physics_weighting"":""FIXED_LAMBDA"",""synthetic_base_rows"":256,""synthetic_batch_size"":64,""synthetic_levels"":3,""synthetic_local_span_std"":0.25,""target_transform"":""log1p"",""tau_softplus"":0.1131179627154954,""use_lbfgs"":false,""weight_decay"":0.0}",0.45924203550454334,0.4815369942809794,0.7655767600653284,0.7493697035154703,0.045239183029850145,0.8716710389115431,83.212890625,75.537109375,24.462890625,0.04415126918759172,76033.0,False,C,2336.0544751000125,0.08791080564260483,0.0004862791582127102,0.08832509368658066
89,COMPLETE,0.7324368424190552,,0.7240702211316007,cc60cb3a934d733c81a034476c69e117792069e452dccda8feb7a6eefde729e2,OPTUNA_AUTONOMOUS_R5,predictive_only_robust_score_R5,"{""activation"":""tanh"",""batch_size"":1024,""config_source"":""OPTUNA_AUTONOMOUS_R5"",""dropout"":0.0,""fourier_dim"":0,""fourier_scale"":0.05,""gradient_clip"":1.0,""hidden_widths"":[192,160,32,128,160],""huber_delta"":1.659735305854428,""lambda_phys"":8.983457875218523,""learning_rate"":0.0007722304623405512,""loss_data"":""huber"",""lr_scheduler"":""none"",""max_epochs"":500,""name"":""TRIAL_0089_CDP_NEG"",""nonnegative_output"":false,""optimizer"":""NAdam"",""parameter_sources"":{""physics_mode"":""FROZEN_R5_SPECIFICATION""},""physics_dropout_mode"":""data_only_dropout"",""physics_mode"":""CDP_NEG"",""physics_penalty"":""relu_squared"",""physics_real_fraction"":0.25,""physics_warmup_fraction"":0.25,""physics_weighting"":""FIXED_LAMBDA"",""synthetic_base_rows"":64,""synthetic_batch_size"":64,""synthetic_levels"":7,""synthetic_local_span_std"":1.0,""target_transform"":""log1p"",""tau_softplus"":0.12917652741693753,""use_lbfgs"":false,""weight_decay"":0.0}",0.46372561612857266,0.4828727153671428,0.7649190115045567,0.7515530229725516,0.039630983021263444,0.8741540792949941,99.140625,97.412109375,2.587890625,0.04700551913246899,62977.0,True,B,110.79628629997023,0.09079221785068511,1.4922788914998111e-06,0.09080562442541122
90,PRUNED,0.6826401411405848,PRUNED: median_pruner_after_two_folds,,290415331d891cda9dbc3b5ffbb34a2b52d034fe6d2d40df5d91e974cde7831f,OPTUNA_AUTONOMOUS_R5,,"{""activation"":""tanh"",""batch_size"":1024,""config_source"":""OPTUNA_AUTONOMOUS_R5"",""dropout"":0.0,""fourier_dim"":32,""fourier_scale"":0.14000019261547156,""gradient_clip"":1.0,""hidden_widths"":[192,160,32,128,64],""huber_delta"":1.7090456774547278,""lambda_phys"":9.115790595744688,""learning_rate"":0.0013124627737717636,""loss_data"":""huber"",""lr_scheduler"":""none"",""max_epochs"":500,""name"":""TRIAL_0090_CDP_NEG"",""nonnegative_output"":false,""optimizer"":""NAdam"",""parameter_sources"":{""physics_mode"":""FROZEN_R5_SPECIFICATION""},""physics_dropout_mode"":""data_only_dropout"",""physics_mode"":""CDP_NEG"",""physics_penalty"":""relu_squared"",""physics_real_fraction"":0.25,""physics_warmup_fraction"":0.1,""physics_weighting"":""FIXED_LAMBDA"",""synthetic_base_rows"":64,""synthetic_batch_size"":64,""synthetic_levels"":7,""synthetic_local_span_std"":1.0,""target_transform"":""log1p"",""tau_softplus"":0.12035356445629761,""use_lbfgs"":false,""weight_decay"":0.0}",,,,,,,,,,,,,,,,,
91,COMPLETE,0.7298251648279033,,0.727801433327544,3f8c14200e4f618a957220a79740e34bb771df8424e8ed764078e00ebada6f72,OPTUNA_AUTONOMOUS_R5,predictive_only_robust_score_R5,"{""activation"":""tanh"",""batch_size"":512,""config_source"":""OPTUNA_AUTONOMOUS_R5"",""dropout"":0.25,""fourier_dim"":0,""fourier_scale"":0.05,""gradient_clip"":2.5,""hidden_widths"":[256,64,32,128,160],""huber_delta"":1.6711871068805733,""lambda_phys"":0.6845863494816347,""learning_rate"":0.002500850977039281,""loss_data"":""huber"",""lr_scheduler"":""none"",""max_epochs"":800,""name"":""TRIAL_0091_CDP_NEG"",""nonnegative_output"":false,""optimizer"":""NAdam"",""parameter_sources"":{""physics_mode"":""FROZEN_R5_SPECIFICATION""},""physics_dropout_mode"":""shared_stochastic"",""physics_mode"":""CDP_NEG"",""physics_penalty"":""relu_squared"",""physics_real_fraction"":0.0,""physics_warmup_fraction"":0.5,""physics_weighting"":""FIXED_LAMBDA"",""synthetic_base_rows"":128,""synthetic_batch_size"":64,""synthetic_levels"":3,""synthetic_local_span_std"":1.0,""target_transform"":""log1p"",""tau_softplus"":0.09305425475824243,""use_lbfgs"":false,""weight_decay"":1.391375319445688e-06}",0.4566272401854229,0.48645518624990747,0.7609602477444193,0.7381394578560756,0.043935572998877064,0.8812064941947966,92.763671875,88.76953125,11.23046875,0.0460919918417571,46113.0,False,C,642.9614203000383,0.08834966719150543,1.2381105898384704e-05,0.08835814446210861
92,COMPLETE,0.7356985685335973,,0.73194711114862,337a5b2faa9bf6f89216eca0c3cc2698c642cde3f4a6d53a72517592c63091b4,OPTUNA_AUTONOMOUS_R5,predictive_only_robust_score_R5,"{""activation"":""tanh"",""batch_size"":128,""config_source"":""OPTUNA_AUTONOMOUS_R5"",""dropout"":0.08,""fourier_dim"":0,""fourier_scale"":0.05,""gradient_clip"":10.0,""hidden_widths"":[32,128,32,128,160,64],""huber_delta"":1.5241250651300078,""lambda_phys"":8.142758512370179,""learning_rate"":0.0007770730062801523,""loss_data"":""huber"",""lr_scheduler"":""none"",""max_epochs"":800,""name"":""TRIAL_0092_CDP_NEG"",""nonnegative_output"":false,""optimizer"":""AdamW"",""parameter_sources"":{""physics_mode"":""FROZEN_R5_SPECIFICATION""},""physics_dropout_mode"":""shared_stochastic"",""physics_mode"":""CDP_NEG"",""physics_penalty"":""relu_squared"",""physics_real_fraction"":0.0,""physics_warmup_fraction"":0.5,""physics_weighting"":""FIXED_LAMBDA"",""synthetic_base_rows"":64,""synthetic_batch_size"":64,""synthetic_levels"":7,""synthetic_local_span_std"":1.0,""target_transform"":""log1p"",""tau_softplus"":0.06386773012826671,""use_lbfgs"":false,""weight_decay"":5.2381920566397334e-05}",0.44919805525014417,0.4804417966743836,0.7669563575609339,0.7466964309567823,0.04174263198702746,0.869916697311351,90.498046875,79.150390625,20.849609375,0.020288212520348424,43905.0,False,C,2635.69948489996,0.08686473369598388,1.1815310881502227e-05,0.08696094304323196
93,PRUNED,0.4483061040092069,PRUNED: median_pruner_after_two_folds,,dfd318e6b11a3ccc1e79ce5b441240501d4d7f1e6459a4ffa9f5518193468bc4,OPTUNA_AUTONOMOUS_R5,,"{""activation"":""tanh"",""batch_size"":128,""config_source"":""OPTUNA_AUTONOMOUS_R5"",""dropout"":0.08,""fourier_dim"":0,""fourier_scale"":0.05,""gradient_clip"":5.0,""hidden_widths"":[32,128,32,128,160,64],""huber_delta"":1.3702868277390596,""lambda_phys"":5.776518002964365,""learning_rate"":0.0020027540299088157,""loss_data"":""huber"",""lr_scheduler"":""none"",""max_epochs"":800,""name"":""TRIAL_0093_CDP_NEG"",""nonnegative_output"":""softplus_output"",""optimizer"":""AdamW"",""parameter_sources"":{""physics_mode"":""FROZEN_R5_SPECIFICATION""},""physics_dropout_mode"":""shared_stochastic"",""physics_mode"":""CDP_NEG"",""physics_penalty"":""relu_squared"",""physics_real_fraction"":0.0,""physics_warmup_fraction"":0.5,""physics_weighting"":""FIXED_LAMBDA"",""synthetic_base_rows"":64,""synthetic_batch_size"":64,""synthetic_levels"":5,""synthetic_local_span_std"":1.0,""target_transform"":""original"",""tau_softplus"":0.06114417003032895,""use_lbfgs"":false,""weight_decay"":5.1726361205362955e-05}",,,,,,,,,,,,,,,,,
94,PRUNED,-0.04749623704652157,PRUNED: median_pruner_after_two_folds,,1b85c01d044a0e3ca572e3eaf45ff6eb17e4f1afe94e2b2d3cf441d82bcacb96,OPTUNA_AUTONOMOUS_R5,,"{""activation"":""softplus"",""batch_size"":128,""config_source"":""OPTUNA_AUTONOMOUS_R5"",""dropout"":0.08,""fourier_dim"":16,""fourier_scale"":0.9070672991026372,""gradient_clip"":1.0,""hidden_widths"":[128,128,32,128,160,128],""huber_delta"":1.6721933506308644,""lambda_phys"":4.435343251955476,""learning_rate"":0.00029146131927573657,""loss_data"":""huber"",""lr_scheduler"":""none"",""max_epochs"":800,""name"":""TRIAL_0094_CDP_NEG"",""nonnegative_output"":false,""optimizer"":""NAdam"",""parameter_sources"":{""physics_mode"":""FROZEN_R5_SPECIFICATION""},""physics_dropout_mode"":""shared_stochastic"",""physics_mode"":""CDP_NEG"",""physics_penalty"":""relu_squared"",""physics_real_fraction"":0.0,""physics_warmup_fraction"":0.5,""physics_weighting"":""FIXED_LAMBDA"",""synthetic_base_rows"":64,""synthetic_batch_size"":512,""synthetic_levels"":7,""synthetic_local_span_std"":1.0,""target_transform"":""log1p"",""tau_softplus"":0.032166301015033295,""use_lbfgs"":false,""weight_decay"":6.575214315608661e-06}",,,,,,,,,,,,,,,,,
95,COMPLETE,0.7115293665516387,,0.7093438201297011,d05e417d55de2c116419cef407e0a1a77163eef9cc449872a6b32d6f7b388964,OPTUNA_AUTONOMOUS_R5,predictive_only_robust_score_R5,"{""activation"":""tanh"",""batch_size"":128,""config_source"":""OPTUNA_AUTONOMOUS_R5"",""dropout"":0.25,""fourier_dim"":0,""fourier_scale"":0.05,""gradient_clip"":10.0,""hidden_widths"":[32,96,32,192,32,64],""huber_delta"":1.492032825933296,""lambda_phys"":0.4641576356167852,""learning_rate"":0.00048541623469687073,""loss_data"":""huber"",""lr_scheduler"":""none"",""max_epochs"":800,""name"":""TRIAL_0095_CDP_NEG"",""nonnegative_output"":false,""optimizer"":""AdamW"",""parameter_sources"":{""physics_mode"":""FROZEN_R5_SPECIFICATION""},""physics_dropout_mode"":""shared_stochastic"",""physics_mode"":""CDP_NEG"",""physics_penalty"":""relu_squared"",""physics_real_fraction"":0.0,""physics_warmup_fraction"":0.5,""physics_weighting"":""FIXED_LAMBDA"",""synthetic_base_rows"":64,""synthetic_batch_size"":64,""synthetic_levels"":7,""synthetic_local_span_std"":1.0,""target_transform"":""log1p"",""tau_softplus"":0.13053315253594602,""use_lbfgs"":false,""weight_decay"":0.00015702418481339638}",0.47934064823625366,0.5044897360656917,0.7437034791434846,0.7184748794970272,0.039897372896385896,0.9130053385266343,82.958984375,78.125,21.875,0.059946090197494674,21281.0,False,C,3185.397058100032,0.09378097355365753,1.9189348222425906e-05,0.09378987997770309
96,PRUNED,0.6277059327114475,PRUNED: median_pruner_after_two_folds,,797830b09f9f874093797c71a3aba5bdc4c4587af2cb78351a418eb3e317bdca,OPTUNA_AUTONOMOUS_R5,,"{""activation"":""tanh"",""batch_size"":128,""config_source"":""OPTUNA_AUTONOMOUS_R5"",""dropout"":0.08,""fourier_dim"":64,""fourier_scale"":0.23107374845406614,""gradient_clip"":5.0,""hidden_widths"":[160,160,48,64,160,128],""huber_delta"":1.0,""lambda_phys"":8.943790603936531,""learning_rate"":0.0019066793603481108,""loss_data"":""mse"",""lr_scheduler"":""none"",""max_epochs"":800,""name"":""TRIAL_0096_CDP_NEG"",""nonnegative_output"":false,""optimizer"":""NAdam"",""parameter_sources"":{""physics_mode"":""FROZEN_R5_SPECIFICATION""},""physics_dropout_mode"":""shared_stochastic"",""physics_mode"":""CDP_NEG"",""physics_penalty"":""relu_squared"",""physics_real_fraction"":0.0,""physics_warmup_fraction"":0.5,""physics_weighting"":""FIXED_LAMBDA"",""synthetic_base_rows"":64,""synthetic_batch_size"":256,""synthetic_levels"":7,""synthetic_local_span_std"":1.0,""target_transform"":""log1p"",""tau_softplus"":0.1663543651554926,""use_lbfgs"":false,""weight_decay"":0.0}",,,,,,,,,,,,,,,,,
97,COMPLETE,0.7313363240111963,,0.7204401679322299,f65f6d1b38d5c7781b8394f65a2842751c4b8ab03b9f5397d4077b772ce935b6,OPTUNA_AUTONOMOUS_R5,predictive_only_robust_score_R5,"{""activation"":""tanh"",""batch_size"":128,""config_source"":""OPTUNA_AUTONOMOUS_R5"",""dropout"":0.03,""fourier_dim"":0,""fourier_scale"":0.05,""gradient_clip"":2.5,""hidden_widths"":[160,128,32,256],""huber_delta"":1.6949377784360036,""lambda_phys"":1.0,""learning_rate"":0.0009820997230281703,""loss_data"":""huber"",""lr_scheduler"":""none"",""max_epochs"":800,""name"":""TRIAL_0097_CDP_NEG"",""nonnegative_output"":false,""optimizer"":""NAdam"",""parameter_sources"":{""physics_mode"":""FROZEN_R5_SPECIFICATION""},""physics_dropout_mode"":""shared_stochastic"",""physics_mode"":""CDP_NEG"",""physics_penalty"":""relu_squared"",""physics_real_fraction"":0.5,""physics_warmup_fraction"":0.5,""physics_weighting"":""ADAPTIVE_LEARNED"",""synthetic_base_rows"":256,""synthetic_batch_size"":64,""synthetic_levels"":3,""synthetic_local_span_std"":1.0,""target_transform"":""log1p"",""tau_softplus"":0.19053133670099465,""use_lbfgs"":false,""weight_decay"":4.800695741734398e-05}",0.45094307680535745,0.47642366705317585,0.7703713423972145,0.7552789572420284,0.04548598160471601,0.8628493323038093,99.912109375,99.609375,0.390625,0.03203610690678102,35043.0,True,A,2027.6875984999933,0.08762174397706986,3.443785603352012e-08,1.5912964387574174e+19
98,COMPLETE,0.7203052255282645,,0.706704653759164,036fc7c9abb2dffa6b36bdf850f6bd22348cbe067e0a2fbec0bb7f396283c6e5,OPTUNA_AUTONOMOUS_R5,predictive_only_robust_score_R5,"{""activation"":""tanh"",""batch_size"":128,""config_source"":""OPTUNA_AUTONOMOUS_R5"",""dropout"":0.08,""fourier_dim"":64,""fourier_scale"":0.02560457405977186,""gradient_clip"":5.0,""hidden_widths"":[160,128,96,96],""huber_delta"":1.0,""lambda_phys"":9.528018710173713,""learning_rate"":0.0003562946730098215,""loss_data"":""mse"",""lr_scheduler"":""none"",""max_epochs"":300,""name"":""TRIAL_0098_CDP_NEG"",""nonnegative_output"":false,""optimizer"":""NAdam"",""parameter_sources"":{""physics_mode"":""FROZEN_R5_SPECIFICATION""},""physics_dropout_mode"":""no_dropout"",""physics_mode"":""CDP_NEG"",""physics_penalty"":""relu_squared"",""physics_real_fraction"":0.0,""physics_warmup_fraction"":0.25,""physics_weighting"":""FIXED_LAMBDA"",""synthetic_base_rows"":64,""synthetic_batch_size"":64,""synthetic_levels"":7,""synthetic_local_span_std"":1.0,""target_transform"":""log1p"",""tau_softplus"":0.09912703482503672,""use_lbfgs"":false,""weight_decay"":2.2466784983901135e-05}",0.4722904350096548,0.48602862813910475,0.7612880784330194,0.7490262422647289,0.045542472499544386,0.8801040445884748,88.7109375,77.34375,22.65625,0.0435971380818802,63041.0,False,C,650.1708310999384,0.19048650860786437,0.0022464551118901,0.2118907779455185
99,PRUNED,0.6908080157660226,PRUNED: median_pruner_after_two_folds,,952fa465a93c7f39e2b973d6a47ac0a2bf436e25e064df9bf8455e9c2a709e42,OPTUNA_AUTONOMOUS_R5,,"{""activation"":""silu"",""batch_size"":1024,""config_source"":""OPTUNA_AUTONOMOUS_R5"",""dropout"":0.08,""fourier_dim"":0,""fourier_scale"":0.05,""gradient_clip"":10.0,""hidden_widths"":[128,128,192,128,256,160],""huber_delta"":1.2328105719079094,""lambda_phys"":0.368026345086239,""learning_rate"":0.0002912512964036271,""loss_data"":""huber"",""lr_scheduler"":""none"",""max_epochs"":800,""name"":""TRIAL_0099_CDP_NEG"",""nonnegative_output"":false,""optimizer"":""NAdam"",""parameter_sources"":{""physics_mode"":""FROZEN_R5_SPECIFICATION""},""physics_dropout_mode"":""data_only_dropout"",""physics_mode"":""CDP_NEG"",""physics_penalty"":""relu_squared"",""physics_real_fraction"":0.0,""physics_warmup_fraction"":0.5,""physics_weighting"":""FIXED_LAMBDA"",""synthetic_base_rows"":64,""synthetic_batch_size"":64,""synthetic_levels"":7,""synthetic_local_span_std"":1.0,""target_transform"":""log1p"",""tau_softplus"":0.10236005056691827,""use_lbfgs"":false,""weight_decay"":0.00019872667065631643}",,,,,,,,,,,,,,,,,
100,COMPLETE,0.7243325895991117,,0.7200470136520611,c3bd123bd83423df6b85d72c94b611644d2df2507e05612b740341ec29a935d0,OPTUNA_AUTONOMOUS_R5,predictive_only_robust_score_R5,"{""activation"":""tanh"",""batch_size"":128,""config_source"":""OPTUNA_AUTONOMOUS_R5"",""dropout"":0.08,""fourier_dim"":0,""fourier_scale"":0.05,""gradient_clip"":1.0,""hidden_widths"":[96,160,64,128,160,32],""huber_delta"":1.670264390163434,""lambda_phys"":0.3028290446233353,""learning_rate"":0.0012198057616988902,""loss_data"":""huber"",""lr_scheduler"":""none"",""max_epochs"":200,""name"":""TRIAL_0100_CDP_NEG"",""nonnegative_output"":false,""optimizer"":""NAdam"",""parameter_sources"":{""physics_mode"":""FROZEN_R5_SPECIFICATION""},""physics_dropout_mode"":""shared_stochastic"",""physics_mode"":""CDP_NEG"",""physics_penalty"":""relu_squared"",""physics_real_fraction"":0.0,""physics_warmup_fraction"":0.0,""physics_weighting"":""FIXED_LAMBDA"",""synthetic_base_rows"":64,""synthetic_batch_size"":512,""synthetic_levels"":3,""synthetic_local_span_std"":0.5,""target_transform"":""log1p"",""tau_softplus"":0.07264262140019198,""use_lbfgs"":false,""weight_decay"":5.838713662677482e-06}",0.4578999477778738,0.4875142870668866,0.7598170981346634,0.7361252218951815,0.045148949741456904,0.8830036104078072,91.279296875,89.404296875,10.595703125,0.07138653824030675,60929.0,False,C,763.2151291999908,0.08670417070388795,0.0002835094652255066,0.08679002523422241
101,COMPLETE,0.7229231595072977,,0.7079630542451818,f7c60ddf8472c21d091beb1f96ed992297c7286bb338d1a227aa59b7c29c4c65,OPTUNA_AUTONOMOUS_R5,predictive_only_robust_score_R5,"{""activation"":""tanh"",""batch_size"":1024,""config_source"":""OPTUNA_AUTONOMOUS_R5"",""dropout"":0.03,""fourier_dim"":0,""fourier_scale"":0.05,""gradient_clip"":1.0,""hidden_widths"":[192,48,192,32,160,192],""huber_delta"":1.0,""lambda_phys"":9.825281124387628,""learning_rate"":0.0004773904210905502,""loss_data"":""mse"",""lr_scheduler"":""none"",""max_epochs"":700,""name"":""TRIAL_0101_CDP_NEG"",""nonnegative_output"":false,""optimizer"":""NAdam"",""parameter_sources"":{""physics_mode"":""FROZEN_R5_SPECIFICATION""},""physics_dropout_mode"":""no_dropout"",""physics_mode"":""CDP_NEG"",""physics_penalty"":""relu_squared"",""physics_real_fraction"":0.25,""physics_warmup_fraction"":0.25,""physics_weighting"":""FIXED_LAMBDA"",""synthetic_base_rows"":64,""synthetic_batch_size"":64,""synthetic_levels"":7,""synthetic_local_span_std"":1.0,""target_transform"":""log1p"",""tau_softplus"":0.08682220863957535,""use_lbfgs"":false,""weight_decay"":0.0}",0.46111278449590437,0.48131476560445136,0.7662307928798986,0.7525400147250665,0.04239756745321069,0.8707787616626037,98.69140625,94.7265625,5.2734375,0.037748239349886505,63153.0,False,C,183.3110144000093,0.1870901793241501,2.0857526124018477e-05,0.18729511201381682
102,COMPLETE,0.7262581075415859,,0.7187964158946872,93b934eb54ee0db3e552c487b41114bb1bc45d8a2a14f1a538e17392f434d019,OPTUNA_AUTONOMOUS_R5,predictive_only_robust_score_R5,"{""activation"":""tanh"",""batch_size"":128,""config_source"":""OPTUNA_AUTONOMOUS_R5"",""dropout"":0.15,""fourier_dim"":0,""fourier_scale"":0.05,""gradient_clip"":2.5,""hidden_widths"":[160,128,128,128,160],""huber_delta"":1.4709100970888411,""lambda_phys"":2.0744648874161253,""learning_rate"":0.0019238191393705505,""loss_data"":""huber"",""lr_scheduler"":""none"",""max_epochs"":800,""name"":""TRIAL_0102_CDP_NEG"",""nonnegative_output"":false,""optimizer"":""NAdam"",""parameter_sources"":{""physics_mode"":""FROZEN_R5_SPECIFICATION""},""physics_dropout_mode"":""data_only_dropout"",""physics_mode"":""CDP_NEG"",""physics_penalty"":""relu_squared"",""physics_real_fraction"":0.0,""physics_warmup_fraction"":0.5,""physics_weighting"":""FIXED_LAMBDA"",""synthetic_base_rows"":64,""synthetic_batch_size"":64,""synthetic_levels"":7,""synthetic_local_span_std"":1.0,""target_transform"":""log1p"",""tau_softplus"":0.11111765668499904,""use_lbfgs"":false,""weight_decay"":0.0}",0.4533383649994172,0.48450312417840796,0.7628486551108445,0.7436802032177046,0.04408668471622273,0.877032238124926,81.19140625,69.677734375,30.322265625,0.047862849896852806,76033.0,False,C,2116.891254099988,0.08777684271335602,0.00035825311206281183,0.08852002769708633
103,PRUNED,0.4409269190802669,PRUNED: median_pruner_after_two_folds,,f4632d116e3e7e0abc511bbf891cca93c106223a2530af40ce29a7e48ba379a6,OPTUNA_AUTONOMOUS_R5,,"{""activation"":""silu"",""batch_size"":1024,""config_source"":""OPTUNA_AUTONOMOUS_R5"",""dropout"":0.03,""fourier_dim"":32,""fourier_scale"":0.12071587153470914,""gradient_clip"":10.0,""hidden_widths"":[160,32,128,128,160],""huber_delta"":1.5095903685291006,""lambda_phys"":9.092933173073027,""learning_rate"":0.0006725945899496137,""loss_data"":""huber"",""lr_scheduler"":""cosine"",""max_epochs"":800,""name"":""TRIAL_0103_CDP_NEG"",""nonnegative_output"":""softplus_output"",""optimizer"":""NAdam"",""parameter_sources"":{""physics_mode"":""FROZEN_R5_SPECIFICATION""},""physics_dropout_mode"":""shared_stochastic"",""physics_mode"":""CDP_NEG"",""physics_penalty"":""relu_squared"",""physics_real_fraction"":0.0,""physics_warmup_fraction"":0.5,""physics_weighting"":""FIXED_LAMBDA"",""synthetic_base_rows"":128,""synthetic_batch_size"":64,""synthetic_levels"":5,""synthetic_local_span_std"":1.0,""target_transform"":""original"",""tau_softplus"":0.12051058325649755,""use_lbfgs"":false,""weight_decay"":5.9704805352882245e-05}",,,,,,,,,,,,,,,,,
104,PRUNED,0.716361562829301,PRUNED: median_pruner_after_two_folds,,ba24c121c789d6e2313b1777db6c03e74077bbe0427c96d8cfff11a77dc32955,OPTUNA_AUTONOMOUS_R5,,"{""activation"":""silu"",""batch_size"":128,""config_source"":""OPTUNA_AUTONOMOUS_R5"",""dropout"":0.03,""fourier_dim"":0,""fourier_scale"":0.05,""gradient_clip"":10.0,""hidden_widths"":[160,32,128,128],""huber_delta"":1.638202723833229,""lambda_phys"":1.72595475624628,""learning_rate"":0.0011642794370823075,""loss_data"":""huber"",""lr_scheduler"":""reduce_on_plateau"",""max_epochs"":800,""name"":""TRIAL_0104_CDP_NEG"",""nonnegative_output"":false,""optimizer"":""NAdam"",""parameter_sources"":{""physics_mode"":""FROZEN_R5_SPECIFICATION""},""physics_dropout_mode"":""shared_stochastic"",""physics_mode"":""CDP_NEG"",""physics_penalty"":""relu_squared"",""physics_real_fraction"":0.0,""physics_warmup_fraction"":0.0,""physics_weighting"":""FIXED_LAMBDA"",""synthetic_base_rows"":128,""synthetic_batch_size"":64,""synthetic_levels"":3,""synthetic_local_span_std"":1.0,""target_transform"":""log1p"",""tau_softplus"":0.1424187816024294,""use_lbfgs"":false,""weight_decay"":8.30280933787203e-05}",,,,,,,,,,,,,,,,,
105,COMPLETE,0.7374363297704931,,0.7273437081713419,101438043482e95522e0263d1e16d0f76f651a4afc679f4c2cb3c01f96de2667,OPTUNA_AUTONOMOUS_R5,predictive_only_robust_score_R5,"{""activation"":""tanh"",""batch_size"":128,""config_source"":""OPTUNA_AUTONOMOUS_R5"",""dropout"":0.0,""fourier_dim"":0,""fourier_scale"":0.05,""gradient_clip"":10.0,""hidden_widths"":[64,128,32,128,160,64],""huber_delta"":1.419407475383558,""lambda_phys"":2.21405246149707,""learning_rate"":0.0002368949917653317,""loss_data"":""huber"",""lr_scheduler"":""none"",""max_epochs"":700,""name"":""TRIAL_0105_CDP_NEG"",""nonnegative_output"":false,""optimizer"":""NAdam"",""parameter_sources"":{""physics_mode"":""FROZEN_R5_SPECIFICATION""},""physics_dropout_mode"":""shared_stochastic"",""physics_mode"":""CDP_NEG"",""physics_penalty"":""relu_squared"",""physics_real_fraction"":0.0,""physics_warmup_fraction"":0.5,""physics_weighting"":""FIXED_LAMBDA"",""synthetic_base_rows"":64,""synthetic_batch_size"":64,""synthetic_levels"":7,""synthetic_local_span_std"":0.5,""target_transform"":""log1p"",""tau_softplus"":0.060856579141125175,""use_lbfgs"":false,""weight_decay"":3.924535153788843e-05}",0.44903288260313046,0.4779184356304601,0.7694857094552665,0.7607059286780038,0.041302446812398426,0.8658953764304297,84.74609375,65.72265625,34.27734375,0.07074328808857824,48321.0,False,C,2204.8710505999916,0.08500175029039383,0.0006113547487984761,0.08635532110929489
106,PRUNED,-0.006346786391956523,PRUNED: median_pruner_after_two_folds,,e72d25357f58cae66fe95a9807971539e18a8ff5bb57dcfceb42297e68ab7533,OPTUNA_AUTONOMOUS_R5,,"{""activation"":""tanh"",""batch_size"":128,""config_source"":""OPTUNA_AUTONOMOUS_R5"",""dropout"":0.0,""fourier_dim"":8,""fourier_scale"":0.3257769044437826,""gradient_clip"":10.0,""hidden_widths"":[64,128,32,32,160,64],""huber_delta"":1.1768306842482394,""lambda_phys"":0.1902771136600486,""learning_rate"":0.0003919428507682104,""loss_data"":""huber"",""lr_scheduler"":""none"",""max_epochs"":150,""name"":""TRIAL_0106_CDP_NEG"",""nonnegative_output"":false,""optimizer"":""NAdam"",""parameter_sources"":{""physics_mode"":""FROZEN_R5_SPECIFICATION""},""physics_dropout_mode"":""shared_stochastic"",""physics_mode"":""CDP_NEG"",""physics_penalty"":""relu_squared"",""physics_real_fraction"":0.0,""physics_warmup_fraction"":0.25,""physics_weighting"":""FIXED_LAMBDA"",""synthetic_base_rows"":64,""synthetic_batch_size"":64,""synthetic_levels"":7,""synthetic_local_span_std"":0.5,""target_transform"":""log1p"",""tau_softplus"":0.04818439323822805,""use_lbfgs"":false,""weight_decay"":0.0}",,,,,,,,,,,,,,,,,
107,COMPLETE,0.7277910336072332,,0.7253449927118585,29ef0076663af1607b7722b944686fd0d36acd1a4880e000b8b5367301fdc784,OPTUNA_AUTONOMOUS_R5,predictive_only_robust_score_R5,"{""activation"":""tanh"",""batch_size"":512,""config_source"":""OPTUNA_AUTONOMOUS_R5"",""dropout"":0.08,""fourier_dim"":0,""fourier_scale"":0.05,""gradient_clip"":1.0,""hidden_widths"":[64,256,32,128,64,64],""huber_delta"":1.3507374404156254,""lambda_phys"":1.0775297934612806,""learning_rate"":0.00024222523532861818,""loss_data"":""huber"",""lr_scheduler"":""none"",""max_epochs"":600,""name"":""TRIAL_0107_CDP_NEG"",""nonnegative_output"":false,""optimizer"":""NAdam"",""parameter_sources"":{""physics_mode"":""FROZEN_R5_SPECIFICATION""},""physics_dropout_mode"":""shared_stochastic"",""physics_mode"":""CDP_NEG"",""physics_penalty"":""relu_squared"",""physics_real_fraction"":0.0,""physics_warmup_fraction"":0.25,""physics_weighting"":""FIXED_LAMBDA"",""synthetic_base_rows"":512,""synthetic_batch_size"":512,""synthetic_levels"":3,""synthetic_local_span_std"":1.0,""target_transform"":""log1p"",""tau_softplus"":0.1303118335990459,""use_lbfgs"":false,""weight_decay"":1.5490589817096777e-05}",0.4503004335234696,0.48473408624320824,0.7622380131752473,0.7368267046980006,0.04687774746806673,0.8781686123419841,99.130859375,97.55859375,2.44140625,0.03761016047423743,42209.0,True,B,596.5295247000176,0.08605730682611465,2.923448732872203e-07,0.08605762273073196
108,PRUNED,0.6604213994453098,PRUNED: median_pruner_after_two_folds,,59f63042ce1df4371a0e1a3f2e0847a501a67f21b63573ed8fdf55c3e02d01d6,OPTUNA_AUTONOMOUS_R5,,"{""activation"":""tanh"",""batch_size"":1024,""config_source"":""OPTUNA_AUTONOMOUS_R5"",""dropout"":0.25,""fourier_dim"":0,""fourier_scale"":0.05,""gradient_clip"":10.0,""hidden_widths"":[64,32,32,160,160,48],""huber_delta"":1.7980146957761678,""lambda_phys"":0.021223982772877747,""learning_rate"":0.00019662465982072175,""loss_data"":""huber"",""lr_scheduler"":""none"",""max_epochs"":700,""name"":""TRIAL_0108_CDP_NEG"",""nonnegative_output"":false,""optimizer"":""NAdam"",""parameter_sources"":{""physics_mode"":""FROZEN_R5_SPECIFICATION""},""physics_dropout_mode"":""shared_stochastic"",""physics_mode"":""CDP_NEG"",""physics_penalty"":""relu_squared"",""physics_real_fraction"":0.5,""physics_warmup_fraction"":0.5,""physics_weighting"":""FIXED_LAMBDA"",""synthetic_base_rows"":64,""synthetic_batch_size"":64,""synthetic_levels"":7,""synthetic_local_span_std"":0.5,""target_transform"":""log1p"",""tau_softplus"":0.03581392540423542,""use_lbfgs"":false,""weight_decay"":2.6881374982142934e-05}",,,,,,,,,,,,,,,,,
109,PRUNED,0.7224529414077051,PRUNED: median_pruner_after_two_folds,,a09e6ce54bc40468c359aea5c817ec84aed3c4d01caf85eac548fa736536270a,OPTUNA_AUTONOMOUS_R5,,"{""activation"":""tanh"",""batch_size"":512,""config_source"":""OPTUNA_AUTONOMOUS_R5"",""dropout"":0.08,""fourier_dim"":0,""fourier_scale"":0.05,""gradient_clip"":1.0,""hidden_widths"":[192,160,192,32,32],""huber_delta"":1.4319975522935042,""lambda_phys"":0.14052643417577748,""learning_rate"":0.0005032756060337138,""loss_data"":""huber"",""lr_scheduler"":""cosine"",""max_epochs"":600,""name"":""TRIAL_0109_CDP_NEG"",""nonnegative_output"":false,""optimizer"":""NAdam"",""parameter_sources"":{""physics_mode"":""FROZEN_R5_SPECIFICATION""},""physics_dropout_mode"":""no_dropout"",""physics_mode"":""CDP_NEG"",""physics_penalty"":""relu_squared"",""physics_real_fraction"":0.25,""physics_warmup_fraction"":0.1,""physics_weighting"":""FIXED_LAMBDA"",""synthetic_base_rows"":64,""synthetic_batch_size"":64,""synthetic_levels"":7,""synthetic_local_span_std"":0.25,""target_transform"":""log1p"",""tau_softplus"":0.0965327515010264,""use_lbfgs"":false,""weight_decay"":0.0}",,,,,,,,,,,,,,,,,
110,PRUNED,0.6361897560222527,PRUNED: median_pruner_after_two_folds,,b9d8640c3b89b8a6c5496de3baf5b9e4694eb5991fb8b5b612e792de1ba633d4,OPTUNA_AUTONOMOUS_R5,,"{""activation"":""tanh"",""batch_size"":""FULL_BATCH"",""config_source"":""OPTUNA_AUTONOMOUS_R5"",""dropout"":0.0,""fourier_dim"":0,""fourier_scale"":0.05,""gradient_clip"":10.0,""hidden_widths"":[64,128,32,192,192],""huber_delta"":1.462482110212715,""lambda_phys"":0.017817931676926555,""learning_rate"":0.00036107448400992255,""loss_data"":""huber"",""lr_scheduler"":""cosine"",""max_epochs"":700,""name"":""TRIAL_0110_CDP_NEG"",""nonnegative_output"":false,""optimizer"":""NAdam"",""parameter_sources"":{""physics_mode"":""FROZEN_R5_SPECIFICATION""},""physics_dropout_mode"":""shared_stochastic"",""physics_mode"":""CDP_NEG"",""physics_penalty"":""relu_squared"",""physics_real_fraction"":0.0,""physics_warmup_fraction"":0.5,""physics_weighting"":""FIXED_LAMBDA"",""synthetic_base_rows"":512,""synthetic_batch_size"":64,""synthetic_levels"":7,""synthetic_local_span_std"":0.5,""target_transform"":""log1p"",""tau_softplus"":0.07872012081063286,""use_lbfgs"":false,""weight_decay"":1.7937238908236576e-05}",,,,,,,,,,,,,,,,,
111,PRUNED,0.7109474068867437,PRUNED: median_pruner_after_two_folds,,888659684900714adce61459bff68c2ca991b5f83255eb231c135bfae2d1c202,OPTUNA_AUTONOMOUS_R5,,"{""activation"":""tanh"",""batch_size"":128,""config_source"":""OPTUNA_AUTONOMOUS_R5"",""dropout"":0.0,""fourier_dim"":64,""fourier_scale"":0.011731803639004314,""gradient_clip"":10.0,""hidden_widths"":[64,48,48,128,96,256],""huber_delta"":1.7100907547883444,""lambda_phys"":0.15299638400715132,""learning_rate"":0.0003375016853909582,""loss_data"":""huber"",""lr_scheduler"":""none"",""max_epochs"":700,""name"":""TRIAL_0111_CDP_NEG"",""nonnegative_output"":false,""optimizer"":""RMSprop"",""parameter_sources"":{""physics_mode"":""FROZEN_R5_SPECIFICATION""},""physics_dropout_mode"":""shared_stochastic"",""physics_mode"":""CDP_NEG"",""physics_penalty"":""relu_squared"",""physics_real_fraction"":0.0,""physics_warmup_fraction"":0.5,""physics_weighting"":""FIXED_LAMBDA"",""synthetic_base_rows"":64,""synthetic_batch_size"":64,""synthetic_levels"":7,""synthetic_local_span_std"":0.5,""target_transform"":""original"",""tau_softplus"":0.023268021556389507,""use_lbfgs"":false,""weight_decay"":0.00024349587584877034}",,,,,,,,,,,,,,,,,
112,COMPLETE,0.7320561619030793,,0.7209910782019855,65559447a36a19b2aecd8876079268434ed311ee2b065008af6ea807615a6716,OPTUNA_AUTONOMOUS_R5,predictive_only_robust_score_R5,"{""activation"":""tanh"",""batch_size"":128,""config_source"":""OPTUNA_AUTONOMOUS_R5"",""dropout"":0.03,""fourier_dim"":0,""fourier_scale"":0.05,""gradient_clip"":2.5,""hidden_widths"":[64,128,128,128,160],""huber_delta"":1.4451334527006388,""lambda_phys"":2.3429515635174414,""learning_rate"":0.0006987164592387993,""loss_data"":""huber"",""lr_scheduler"":""none"",""max_epochs"":800,""name"":""TRIAL_0112_CDP_NEG"",""nonnegative_output"":false,""optimizer"":""Adam"",""parameter_sources"":{""physics_mode"":""FROZEN_R5_SPECIFICATION""},""physics_dropout_mode"":""shared_stochastic"",""physics_mode"":""CDP_NEG"",""physics_penalty"":""relu_squared"",""physics_real_fraction"":0.0,""physics_warmup_fraction"":0.5,""physics_weighting"":""FIXED_LAMBDA"",""synthetic_base_rows"":128,""synthetic_batch_size"":512,""synthetic_levels"":3,""synthetic_local_span_std"":1.0,""target_transform"":""log1p"",""tau_softplus"":0.05157018047044538,""use_lbfgs"":false,""weight_decay"":4.7610075482622045e-05}",0.45751405080665847,0.47717797896340375,0.7699083205143119,0.7560630213664642,0.043482234794824264,0.8635140727175028,91.015625,88.720703125,11.279296875,0.03901912791813767,62785.0,False,C,2584.7124777999998,0.08832233995199204,4.4109727969043885e-05,0.08842568695545197
113,COMPLETE,0.7290134591009931,,0.7228938507489429,b8c1183ac8a6bb9dff2b91e1b90ba280c8445719a25b91b64fe098984b459c3b,OPTUNA_AUTONOMOUS_R5,predictive_only_robust_score_R5,"{""activation"":""tanh"",""batch_size"":256,""config_source"":""OPTUNA_AUTONOMOUS_R5"",""dropout"":0.08,""fourier_dim"":0,""fourier_scale"":0.05,""gradient_clip"":10.0,""hidden_widths"":[64,128,192,128,160,64],""huber_delta"":1.565865729053704,""lambda_phys"":1.0,""learning_rate"":0.0006755777705785905,""loss_data"":""huber"",""lr_scheduler"":""none"",""max_epochs"":800,""name"":""TRIAL_0113_CDP_NEG"",""nonnegative_output"":false,""optimizer"":""NAdam"",""parameter_sources"":{""physics_mode"":""FROZEN_R5_SPECIFICATION""},""physics_dropout_mode"":""shared_stochastic"",""physics_mode"":""CDP_NEG"",""physics_penalty"":""relu_squared"",""physics_real_fraction"":0.0,""physics_warmup_fraction"":0.5,""physics_weighting"":""ADAPTIVE_LEARNED"",""synthetic_base_rows"":64,""synthetic_batch_size"":128,""synthetic_levels"":7,""synthetic_local_span_std"":1.0,""target_transform"":""log1p"",""tau_softplus"":0.19451275677345706,""use_lbfgs"":false,""weight_decay"":4.457755266792361e-05}",0.45085737757576966,0.48193299406410584,0.765301574689804,0.7438556670514085,0.044097089327755426,0.8727680426243098,94.482421875,92.822265625,7.177734375,0.05199527915169598,89443.0,False,C,1773.7796466000436,0.08701169341802598,5.137711159477476e-05,207333.53219890594
114,PRUNED,0.724628303515687,PRUNED: median_pruner_after_two_folds,,38ec4a5d410d62470e8457582c793f1f406f3971f2b7640bbc645dbcdf3617fc,OPTUNA_AUTONOMOUS_R5,,"{""activation"":""silu"",""batch_size"":128,""config_source"":""OPTUNA_AUTONOMOUS_R5"",""dropout"":0.03,""fourier_dim"":0,""fourier_scale"":0.05,""gradient_clip"":2.5,""hidden_widths"":[160,32,128,128,160,64],""huber_delta"":1.5311041522114888,""lambda_phys"":2.7523487938397646,""learning_rate"":0.0005538301551509704,""loss_data"":""huber"",""lr_scheduler"":""cosine"",""max_epochs"":800,""name"":""TRIAL_0114_CDP_NEG"",""nonnegative_output"":false,""optimizer"":""NAdam"",""parameter_sources"":{""physics_mode"":""FROZEN_R5_SPECIFICATION""},""physics_dropout_mode"":""no_dropout"",""physics_mode"":""CDP_NEG"",""physics_penalty"":""relu_squared"",""physics_real_fraction"":0.0,""physics_warmup_fraction"":0.5,""physics_weighting"":""FIXED_LAMBDA"",""synthetic_base_rows"":128,""synthetic_batch_size"":64,""synthetic_levels"":3,""synthetic_local_span_std"":0.25,""target_transform"":""log1p"",""tau_softplus"":0.18441139211703378,""use_lbfgs"":false,""weight_decay"":6.15804883311702e-05}",,,,,,,,,,,,,,,,,
115,PRUNED,0.4516603422356554,PRUNED: median_pruner_after_two_folds,,8fb0b1f60571a9356795f745e51ae4e81c121a0d13206e970c7525c628e32ca7,OPTUNA_AUTONOMOUS_R5,,"{""activation"":""softplus"",""batch_size"":128,""config_source"":""OPTUNA_AUTONOMOUS_R5"",""dropout"":0.08,""fourier_dim"":0,""fourier_scale"":0.05,""gradient_clip"":1.0,""hidden_widths"":[64,256,32,64,160],""huber_delta"":1.741372608103939,""lambda_phys"":6.331334338766457,""learning_rate"":0.0007939961817939702,""loss_data"":""huber"",""lr_scheduler"":""none"",""max_epochs"":800,""name"":""TRIAL_0115_CDP_NEG"",""nonnegative_output"":""softplus_output"",""optimizer"":""Adam"",""parameter_sources"":{""physics_mode"":""FROZEN_R5_SPECIFICATION""},""physics_dropout_mode"":""shared_stochastic"",""physics_mode"":""CDP_NEG"",""physics_penalty"":""relu_squared"",""physics_real_fraction"":0.0,""physics_warmup_fraction"":0.5,""physics_weighting"":""FIXED_LAMBDA"",""synthetic_base_rows"":64,""synthetic_batch_size"":512,""synthetic_levels"":3,""synthetic_local_span_std"":0.25,""target_transform"":""original"",""tau_softplus"":0.1807017519484465,""use_lbfgs"":false,""weight_decay"":1.3770845817775242e-05}",,,,,,,,,,,,,,,,,
116,COMPLETE,0.7295421950216039,,0.7176019651935973,07019e7fe1426c583572257383e96cda6947ebfda6dd38c83e754c43f1271f92,OPTUNA_AUTONOMOUS_R5,predictive_only_robust_score_R5,"{""activation"":""tanh"",""batch_size"":128,""config_source"":""OPTUNA_AUTONOMOUS_R5"",""dropout"":0.08,""fourier_dim"":0,""fourier_scale"":0.05,""gradient_clip"":2.5,""hidden_widths"":[96,128,64,128,192],""huber_delta"":1.3392673013276564,""lambda_phys"":1.5028731538771425,""learning_rate"":0.00034079209981342074,""loss_data"":""huber"",""lr_scheduler"":""none"",""max_epochs"":700,""name"":""TRIAL_0116_CDP_NEG"",""nonnegative_output"":false,""optimizer"":""NAdam"",""parameter_sources"":{""physics_mode"":""FROZEN_R5_SPECIFICATION""},""physics_dropout_mode"":""shared_stochastic"",""physics_mode"":""CDP_NEG"",""physics_penalty"":""relu_squared"",""physics_real_fraction"":0.0,""physics_warmup_fraction"":0.5,""physics_weighting"":""FIXED_LAMBDA"",""synthetic_base_rows"":64,""synthetic_batch_size"":64,""synthetic_levels"":7,""synthetic_local_span_std"":1.0,""target_transform"":""log1p"",""tau_softplus"":0.13560486143463787,""use_lbfgs"":false,""weight_decay"":0.00020749294071303613}",0.4490788530532754,0.47557924061440754,0.7706612708388549,0.7562330985393277,0.04955040740238297,0.8624762694365717,98.466796875,97.265625,2.734375,0.0457687021191409,54913.0,True,B,2797.5066853999742,0.08553128838539123,4.117680884974107e-06,0.08553747683763505
117,PRUNED,0.7159912926947485,PRUNED: median_pruner_after_two_folds,,1acac45b4f5a6cf2f46d35001ca7f1922578378acdb7fcea4f85b169ed9cee05,OPTUNA_AUTONOMOUS_R5,,"{""activation"":""softplus"",""batch_size"":128,""config_source"":""OPTUNA_AUTONOMOUS_R5"",""dropout"":0.03,""fourier_dim"":0,""fourier_scale"":0.05,""gradient_clip"":10.0,""hidden_widths"":[64,128,96,160,160,64],""huber_delta"":1.5272956861536513,""lambda_phys"":1.0,""learning_rate"":0.00031165240217752223,""loss_data"":""huber"",""lr_scheduler"":""none"",""max_epochs"":700,""name"":""TRIAL_0117_CDP_NEG"",""nonnegative_output"":false,""optimizer"":""NAdam"",""parameter_sources"":{""physics_mode"":""FROZEN_R5_SPECIFICATION""},""physics_dropout_mode"":""shared_stochastic"",""physics_mode"":""CDP_NEG"",""physics_penalty"":""relu_squared"",""physics_real_fraction"":0.0,""physics_warmup_fraction"":0.5,""physics_weighting"":""ADAPTIVE_LEARNED"",""synthetic_base_rows"":64,""synthetic_batch_size"":128,""synthetic_levels"":5,""synthetic_local_span_std"":0.5,""target_transform"":""log1p"",""tau_softplus"":0.040302137649640524,""use_lbfgs"":false,""weight_decay"":2.6629119193154104e-05}",,,,,,,,,,,,,,,,,
118,PRUNED,0.7198807962798727,PRUNED: median_pruner_after_two_folds,,bba2aab9212dbd9fd0ac01ae665c285e8a26b7e00f6b33c2dc7cf331d64d7d66,OPTUNA_AUTONOMOUS_R5,,"{""activation"":""tanh"",""batch_size"":64,""config_source"":""OPTUNA_AUTONOMOUS_R5"",""dropout"":0.25,""fourier_dim"":0,""fourier_scale"":0.05,""gradient_clip"":5.0,""hidden_widths"":[160,128,192,32,256,64],""huber_delta"":1.0,""lambda_phys"":0.0272862652074198,""learning_rate"":0.0012667201863204541,""loss_data"":""mse"",""lr_scheduler"":""none"",""max_epochs"":500,""name"":""TRIAL_0118_CDP_NEG"",""nonnegative_output"":false,""optimizer"":""NAdam"",""parameter_sources"":{""physics_mode"":""FROZEN_R5_SPECIFICATION""},""physics_dropout_mode"":""shared_stochastic"",""physics_mode"":""CDP_NEG"",""physics_penalty"":""relu_squared"",""physics_real_fraction"":0.0,""physics_warmup_fraction"":0.5,""physics_weighting"":""FIXED_LAMBDA"",""synthetic_base_rows"":64,""synthetic_batch_size"":256,""synthetic_levels"":7,""synthetic_local_span_std"":1.0,""target_transform"":""log1p"",""tau_softplus"":0.03512260351626406,""use_lbfgs"":false,""weight_decay"":7.838366434297057e-05}",,,,,,,,,,,,,,,,,
119,COMPLETE,0.7269523287483511,,0.7130326629439799,ba07ea3cece2c04267a4d34d0b588fc68903b3a4749337d2220e0710a784a067,OPTUNA_AUTONOMOUS_R5,predictive_only_robust_score_R5,"{""activation"":""tanh"",""batch_size"":1024,""config_source"":""OPTUNA_AUTONOMOUS_R5"",""dropout"":0.0,""fourier_dim"":0,""fourier_scale"":0.05,""gradient_clip"":1.0,""hidden_widths"":[192,32,128,256,160,128],""huber_delta"":1.757340852401486,""lambda_phys"":1.9187535317636901,""learning_rate"":0.00022898281733118366,""loss_data"":""huber"",""lr_scheduler"":""none"",""max_epochs"":600,""name"":""TRIAL_0119_CDP_NEG"",""nonnegative_output"":false,""optimizer"":""AdamW"",""parameter_sources"":{""physics_mode"":""FROZEN_R5_SPECIFICATION""},""physics_dropout_mode"":""data_only_dropout"",""physics_mode"":""CDP_NEG"",""physics_penalty"":""relu_squared"",""physics_real_fraction"":0.25,""physics_warmup_fraction"":0.1,""physics_weighting"":""FIXED_LAMBDA"",""synthetic_base_rows"":64,""synthetic_batch_size"":64,""synthetic_levels"":7,""synthetic_local_span_std"":0.25,""target_transform"":""log1p"",""tau_softplus"":0.1905625238976239,""use_lbfgs"":false,""weight_decay"":7.6217737544110015e-06}",0.46419734978129723,0.48217396838420495,0.7654150174489979,0.7559458638813307,0.0419252992733589,0.8729081707918638,98.974609375,97.607421875,2.392578125,0.04239063645820055,107201.0,True,B,130.2623083999788,0.09013855010271073,1.2522797625535986e-06,0.09014095216989518
