trial_number,status,fold,seed,N_train,N_validation,train_signature,validation_signature,worker_pid,worker_wall_time_s,worker_peak_gpu_allocated_gb,worker_peak_gpu_reserved_gb,worker_runtime_signature,worker_tf32_matmul,worker_tf32_cudnn,worker_deterministic_algorithms,worker_inner_threads,R2,RMSE,MAE,NRMSE_range,NRMSE_std,bias,residual_std,pearson_r,slope,intercept,negative_prediction_pct,val_data_loss,val_physics_loss,val_total_loss,active_tit_pcd_pct,active_tit_violation_pct,active_tit_near_zero_pct,dNOx_dTIT_phys_mean,dNOx_dTIT_phys_median,dNOx_dTIT_phys_q05,dNOx_dTIT_phys_q95,g_star_tit_mean,g_star_tit_median,g_star_tit_q05,g_star_tit_q95,diagnostic_only_cdp_negative_gradient_pct,diagnostic_only_cdp_positive_gradient_pct,diagnostic_only_cdp_near_zero_pct,diagnostic_only_dNOx_dCDP_median,physics_mode,best_epoch,parameter_count,training_time_s,requested_batch_size,effective_batch_size,requested_max_epochs,physics_warmup_epochs,effective_min_epochs,stopped_epoch,stop_reason,use_lbfgs,lbfgs_outer_steps_executed,physics_evaluation_rows,physics_evaluation_sampling,physical_scale_tit_delta_x,physical_scale_nox_delta_y,synthetic_attempted,synthetic_accepted,synthetic_acceptance_pct,synthetic_feature,knn_threshold,knn_k,knn_quantile,train_kth_at_protocol_quantile
0,COMPLETE,0,42,25813,4032,81354305b7b8066000bae764cd84c6a44c1e035572eb00baa18e30401895a2a4,6d4d4bf8c14384a72deec9ae950f7dbc99365946e460adffb80cf5c9ed8ff111,25940,3.046698300007847,0.41054725646972656,0.580078125,14269c18e6a56f09985dea654338c0b32f5e417a5600e334e252b0c1bbf8bd28,True,True,True,1,-0.08971002357487334,11.085725823451485,8.975840362291487,0.14354727818772695,1.0437623092409698,3.6417519970545693,10.471779045992045,0.21077929883916344,0.017320847032082917,63.744772847129454,0.0,0.4185165762901306,0.0024858710821717978,-0.2780427932739258,53.466796875,46.533203125,0.0,0.00414367625489831,0.0046350592747330666,-0.08401548862457275,0.08923511207103729,0.006113814655691385,0.0068388283252716064,-0.1239611953496933,0.1316625326871872,48.486328125,51.513671875,0.0,0.043420903384685516,TIT_INC,40,143363,3.0463579000061145,FULL_BATCH,25813,300,30,75,100,EARLY_STOPPING,False,0,2048,deterministic_evenly_spaced_full_fold,54.0999755859375,36.66660079956054,192,192,100.0,TIT,1.4710406730757069,20,0.99,1.4710406730757069
0,COMPLETE,1,42,27493,2352,db92a7db6dfa639d2026ff19c5b1159be2b53d1e09d9e6a72b1b767a05c21400,2ea764e1783688df4d4bc4d6bc4b7c6a52ae545bfb933c403a7aa96e5d21a797,43588,2.731935399991926,0.4339909553527832,0.611328125,14269c18e6a56f09985dea654338c0b32f5e417a5600e334e252b0c1bbf8bd28,True,True,True,1,-0.004849662177209613,10.175490491663783,8.148382895657805,0.13420589612997938,1.002208775743849,-0.70486889891073,10.153206209943624,-0.03468622663194446,-1.3862937002661095e-05,65.78969617725541,0.0,0.3217647671699524,2.5083093646571797e-07,0.21560081839561462,46.77734375,53.22265625,0.1953125,-1.5147851627261844e-05,-4.70739760203287e-05,-0.0007682215655222535,0.000816890096757561,-2.191635940107517e-05,-6.810802005929872e-05,-0.0011114856461063027,0.0011819007340818644,53.955078125,46.044921875,0.0,-0.0006296064238995314,TIT_INC,5,143363,2.731543900008546,FULL_BATCH,27493,300,30,75,75,EARLY_STOPPING,False,0,2048,deterministic_evenly_spaced_full_fold,53.699951171875,37.11560134887693,192,183,95.3125,TIT,1.4510426770894138,20,0.99,1.4510426770894138
2,COMPLETE,0,42,25813,4032,81354305b7b8066000bae764cd84c6a44c1e035572eb00baa18e30401895a2a4,6d4d4bf8c14384a72deec9ae950f7dbc99365946e460adffb80cf5c9ed8ff111,15872,1.6415371999901254,0.4108290672302246,0.57421875,14269c18e6a56f09985dea654338c0b32f5e417a5600e334e252b0c1bbf8bd28,True,True,True,1,-0.08971002357487334,11.085725823451485,8.975840362291487,0.14354727818772695,1.0437623092409698,3.6417519970545693,10.471779045992045,0.21077929883916344,0.017320847032082917,63.744772847129454,0.0,0.4185165762901306,0.0024858710821717978,-0.2780427932739258,53.466796875,46.533203125,0.0,0.00414367625489831,0.0046350592747330666,-0.08401548862457275,0.08923511207103729,0.006113814655691385,0.0068388283252716064,-0.1239611953496933,0.1316625326871872,48.486328125,51.513671875,0.0,0.043420903384685516,TIT_INC,40,143363,1.641138500010129,FULL_BATCH,25813,300,30,75,100,EARLY_STOPPING,False,0,2048,deterministic_evenly_spaced_full_fold,54.0999755859375,36.66660079956054,192,192,100.0,TIT,1.4710406730757069,20,0.99,1.4710406730757069
2,COMPLETE,1,42,27493,2352,db92a7db6dfa639d2026ff19c5b1159be2b53d1e09d9e6a72b1b767a05c21400,2ea764e1783688df4d4bc4d6bc4b7c6a52ae545bfb933c403a7aa96e5d21a797,15872,1.8424559999984922,0.43427562713623047,0.61328125,14269c18e6a56f09985dea654338c0b32f5e417a5600e334e252b0c1bbf8bd28,True,True,True,1,-0.004849662177209613,10.175490491663783,8.148382895657805,0.13420589612997938,1.002208775743849,-0.70486889891073,10.153206209943624,-0.03468622663194446,-1.3862937002661095e-05,65.78969617725541,0.0,0.3217647671699524,2.5083093646571797e-07,0.21560081839561462,46.77734375,53.22265625,0.1953125,-1.5147851627261844e-05,-4.70739760203287e-05,-0.0007682215655222535,0.000816890096757561,-2.191635940107517e-05,-6.810802005929872e-05,-0.0011114856461063027,0.0011819007340818644,53.955078125,46.044921875,0.0,-0.0006296064238995314,TIT_INC,5,143363,1.8420746000047075,FULL_BATCH,27493,300,30,75,75,EARLY_STOPPING,False,0,2048,deterministic_evenly_spaced_full_fold,53.699951171875,37.11560134887693,192,183,95.3125,TIT,1.4510426770894138,20,0.99,1.4510426770894138
3,COMPLETE,0,42,25813,4032,81354305b7b8066000bae764cd84c6a44c1e035572eb00baa18e30401895a2a4,6d4d4bf8c14384a72deec9ae950f7dbc99365946e460adffb80cf5c9ed8ff111,15872,42.30865310000081,0.07333040237426758,0.09765625,14269c18e6a56f09985dea654338c0b32f5e417a5600e334e252b0c1bbf8bd28,True,True,True,1,-0.28932756795356074,12.058416897893023,10.062284517855872,0.15614249824613774,1.1353447909120784,5.71067349021397,10.621751640908528,-0.0075137262506938425,-5.2762422860218026e-05,66.8763060871217,0.0,1.030103087425232,0.0007103551179170609,0.9865212440490723,49.169921875,50.830078125,0.0,-0.0010506673716008663,-0.0004379513266030699,-0.04118846729397774,0.03813832253217697,-0.0015502138994634151,-0.0006461781449615955,-0.06077178940176964,0.05627143755555153,48.388671875,51.611328125,0.0,0.030894868075847626,TIT_INC,1,65395,42.308019699994475,512,512,200,100,100,100,EARLY_STOPPING,False,0,2048,deterministic_evenly_spaced_full_fold,54.0999755859375,36.66660079956054,1280,1275,99.609375,TIT,1.4710406730757069,20,0.99,1.4710406730757069
3,COMPLETE,1,42,27493,2352,db92a7db6dfa639d2026ff19c5b1159be2b53d1e09d9e6a72b1b767a05c21400,2ea764e1783688df4d4bc4d6bc4b7c6a52ae545bfb933c403a7aa96e5d21a797,15872,45.58015580000938,0.064117431640625,0.078125,14269c18e6a56f09985dea654338c0b32f5e417a5600e334e252b0c1bbf8bd28,True,True,True,1,-8.106074935954055e-05,10.151317441366325,8.13795643274476,0.13388707455769025,0.999827913301448,-0.07059354684790786,10.153230634519986,-0.000231774905294147,-1.2726865190969455e-06,66.42313435769378,0.0,0.711531937122345,0.00027677451726049185,0.03616589307785034,47.75390625,52.24609375,0.0,-0.0008921021362766623,-0.0007900109048932791,-0.02685306966304779,0.023679252713918686,-0.001290719723328948,-0.0011430111480876803,-0.03885181248188019,0.034259844571352005,51.123046875,48.876953125,0.0,-0.00707195233553648,TIT_INC,10,65395,45.57980320000206,512,512,200,100,100,100,EARLY_STOPPING,False,0,2048,deterministic_evenly_spaced_full_fold,53.699951171875,37.11560134887693,1280,1273,99.453125,TIT,1.4510426770894138,20,0.99,1.4510426770894138
3,COMPLETE,2,42,26989,2856,424f72a3df11b24bdd551a74968aa5efe8f47b52221df203d3bd3ed6f8a96c5a,f1c78e2ff146b5069b0310a8b0222fe8d495ed8d7dbf78dc149a7df8702a8f3a,15872,43.38946050000959,0.06745719909667969,0.078125,14269c18e6a56f09985dea654338c0b32f5e417a5600e334e252b0c1bbf8bd28,True,True,True,1,-0.1651687726846851,11.593486483590317,9.280324047687007,0.13914076329081534,1.079240844494565,4.366413270058084,10.741683502971519,0.01325132173185191,6.621025485710956e-05,65.95423336485362,0.0,0.9488807916641235,0.00029112648917362094,0.6403639316558838,52.099609375,47.900390625,0.0,0.0005939168622717261,0.0010131830349564552,-0.026744749397039413,0.02889453060925007,0.0008757348405197263,0.0014939459506422281,-0.03943533077836037,0.0426052026450634,48.095703125,51.904296875,0.0,0.010689613409340382,TIT_INC,5,65395,43.38909019999846,512,512,200,100,100,100,EARLY_STOPPING,False,0,2048,deterministic_evenly_spaced_full_fold,54.0,36.622398376464815,1280,1275,99.609375,TIT,1.4524627365104603,20,0.99,1.4524627365104603
3,COMPLETE,3,42,26466,3379,ad1e190147cfc7079fe69ab58be273b0089b28a9cb71d4377b9a01145e874910,b3de2bff6a2b887166deba8883b54b43de7150168fdd2094f9852f380bd9133e,15872,41.85571409999102,0.07126188278198242,0.078125,14269c18e6a56f09985dea654338c0b32f5e417a5600e334e252b0c1bbf8bd28,True,True,True,1,-0.0007743759161664698,11.299564462484954,8.348583288043164,0.12264138710039274,1.0002390720208063,0.11728466809519159,11.300628072640585,-0.03579143026629345,-0.00029850063804012447,64.20209257189055,0.0,0.8956113457679749,0.0015549688832834363,0.8547075390815735,48.779296875,51.220703125,0.0,-0.000810657162219286,-0.0012001346331089735,-0.06200350821018219,0.06010351702570915,-0.0012093093246221542,-0.0017903177067637444,-0.09249461442232132,0.08966027200222015,51.220703125,48.779296875,0.0,-0.03640506789088249,TIT_INC,1,65395,41.85537320000003,512,512,200,100,100,100,EARLY_STOPPING,False,0,2048,deterministic_evenly_spaced_full_fold,54.0,36.19874954223633,1280,1275,99.609375,TIT,1.4666426917497317,20,0.99,1.4666426917497317
3,COMPLETE,4,42,27061,2784,2cf8e61e68345fca034455d14ca0a91ba8af3af3a30bcfad11a389cf00a64d26,e85c7d3201b31d98e24a7a8ea73439fb69c13286f849eaf6812d38684b5bedb5,15872,41.889749900001334,0.06731462478637695,0.078125,14269c18e6a56f09985dea654338c0b32f5e417a5600e334e252b0c1bbf8bd28,True,True,True,1,-6.885200737460906e-05,10.470482471825477,8.156203596071265,0.1398114838272286,0.9998548053961392,-0.012943424027541587,10.472355451496954,-0.0003534760635730148,-2.7780531307699027e-06,65.95641118775445,0.0,0.757110059261322,0.0006548087112605572,0.4536249339580536,50.5859375,49.4140625,0.0,0.00017200784350279719,0.0004044177185278386,-0.041406746953725815,0.03971283137798309,0.0002516568056307733,0.0005916851223446429,-0.06058032438158989,0.05810203403234482,50.09765625,49.90234375,0.0,-0.0025347252376377583,TIT_INC,5,65395,41.88939769999706,512,512,200,100,100,100,EARLY_STOPPING,False,0,2048,deterministic_evenly_spaced_full_fold,53.699951171875,36.704002380371094,1280,1253,97.890625,TIT,1.460840537792371,20,0.99,1.460840537792371
4,COMPLETE,0,42,25813,4032,81354305b7b8066000bae764cd84c6a44c1e035572eb00baa18e30401895a2a4,6d4d4bf8c14384a72deec9ae950f7dbc99365946e460adffb80cf5c9ed8ff111,15872,26.165869799995562,0.0453038215637207,0.0546875,14269c18e6a56f09985dea654338c0b32f5e417a5600e334e252b0c1bbf8bd28,True,True,True,1,-0.12066521922472462,11.24207833427296,9.375407634273408,0.14557186166775138,1.0584834795413767,8.024079662466805,7.8748873810217965,0.694265752449141,0.35829127011232476,47.272529225712205,0.0,0.4285161793231964,0.01644410938024521,0.42929133772850037,75.439453125,24.560546875,0.0,0.2504573166370392,0.00505178514868021,-0.0073261382058262825,1.4848713874816895,0.369538813829422,0.007453689351677895,-0.010809398256242275,2.1908631324768066,61.23046875,38.76953125,0.0,-0.011897578835487366,TIT_INC,105,39425,26.16554069999256,1024,1024,800,80,80,165,EARLY_STOPPING,False,0,2048,deterministic_evenly_spaced_full_fold,54.0999755859375,36.66660079956054,3584,3517,98.13058035714286,TIT,1.4710406730757069,20,0.99,1.4710406730757069
4,COMPLETE,1,42,27493,2352,db92a7db6dfa639d2026ff19c5b1159be2b53d1e09d9e6a72b1b767a05c21400,2ea764e1783688df4d4bc4d6bc4b7c6a52ae545bfb933c403a7aa96e5d21a797,15872,20.021617300008074,0.041666507720947266,0.056640625,14269c18e6a56f09985dea654338c0b32f5e417a5600e334e252b0c1bbf8bd28,True,True,True,1,0.3905438253595569,7.924576242011222,6.10928092197496,0.10451828900835272,0.7805107636139372,3.0996718163392982,7.294763057344205,0.7061151564155681,0.41266526542230025,42.15369814270228,0.0,0.21224364638328552,0.018413851037621498,0.21311165392398834,81.103515625,18.896484375,0.0,0.5379921197891235,0.027493126690387726,-0.027413085103034973,2.8963382244110107,0.7783828973770142,0.03977786749601364,-0.039662063121795654,4.190507411956787,58.0078125,41.9921875,0.0,-0.020978687331080437,TIT_INC,65,39425,20.021262200010824,1024,1024,800,80,80,125,EARLY_STOPPING,False,0,2048,deterministic_evenly_spaced_full_fold,53.699951171875,37.11560134887693,3584,3515,98.07477678571429,TIT,1.4510426770894138,20,0.99,1.4510426770894138
4,COMPLETE,2,42,26989,2856,424f72a3df11b24bdd551a74968aa5efe8f47b52221df203d3bd3ed6f8a96c5a,f1c78e2ff146b5069b0310a8b0222fe8d495ed8d7dbf78dc149a7df8702a8f3a,15872,16.428467800011276,0.04321908950805664,0.0546875,14269c18e6a56f09985dea654338c0b32f5e417a5600e334e252b0c1bbf8bd28,True,True,True,1,0.02211750698127357,10.62094053227243,8.847472210892109,0.12746862426746813,0.9887062744758108,7.1567407455764895,7.849013363020607,0.7116918069226051,0.3634937417433268,46.36036935054118,0.0,0.38225093483924866,0.019983872771263123,0.3831929564476013,70.166015625,29.833984375,0.048828125,0.242862731218338,0.004653684329241514,-0.020499395206570625,1.8081674575805664,0.35810285806655884,0.0068618920631706715,-0.030226510018110275,2.666156530380249,55.712890625,44.287109375,0.0,-0.007344033569097519,TIT_INC,45,39425,16.4281212999922,1024,1024,800,80,80,105,EARLY_STOPPING,False,0,2048,deterministic_evenly_spaced_full_fold,54.0,36.622398376464815,3584,3534,98.60491071428571,TIT,1.4524627365104603,20,0.99,1.4524627365104603
4,COMPLETE,3,42,26466,3379,ad1e190147cfc7079fe69ab58be273b0089b28a9cb71d4377b9a01145e874910,b3de2bff6a2b887166deba8883b54b43de7150168fdd2094f9852f380bd9133e,15872,16.92352419999952,0.04401826858520508,0.0546875,14269c18e6a56f09985dea654338c0b32f5e417a5600e334e252b0c1bbf8bd28,True,True,True,1,0.2125448527120687,10.023203056052298,7.643257600592946,0.10878822188805105,0.8872553766782151,4.943138577522488,8.72080775509489,0.6636450095087886,0.3138823855047273,48.89973303037212,0.0,0.3288150727748871,0.021508056670427322,0.3298289179801941,72.75390625,27.24609375,0.0,0.3391570448875427,0.008973494172096252,-0.05147060006856918,2.118115186691284,0.5059423446655273,0.013386337086558342,-0.0767819955945015,3.1597282886505127,65.869140625,34.130859375,0.0,-0.052742183208465576,TIT_INC,50,39425,16.923007300007157,1024,1024,800,80,80,110,EARLY_STOPPING,False,0,2048,deterministic_evenly_spaced_full_fold,54.0,36.19874954223633,3584,3536,98.66071428571429,TIT,1.4666426917497317,20,0.99,1.4666426917497317
4,COMPLETE,4,42,27061,2784,2cf8e61e68345fca034455d14ca0a91ba8af3af3a30bcfad11a389cf00a64d26,e85c7d3201b31d98e24a7a8ea73439fb69c13286f849eaf6812d38684b5bedb5,15872,22.682700000004843,0.04321575164794922,0.056640625,14269c18e6a56f09985dea654338c0b32f5e417a5600e334e252b0c1bbf8bd28,True,True,True,1,0.2727778962339352,8.928639305993173,6.937508237772975,0.11922337994338693,0.8526200143850378,3.0299095394967615,8.40033302174579,0.6023438004226126,0.315024642431548,48.217166270662155,0.0,0.26322412490844727,0.019515184685587883,0.26414403319358826,81.8359375,18.1640625,0.048828125,0.4352729320526123,0.024524513632059097,-0.017938459292054176,2.2794461250305176,0.6368280649185181,0.03588069975376129,-0.026244942098855972,3.334953784942627,62.548828125,37.451171875,0.0,-0.02598847821354866,TIT_INC,85,39425,22.682329999996,1024,1024,800,80,80,145,EARLY_STOPPING,False,0,2048,deterministic_evenly_spaced_full_fold,53.699951171875,36.704002380371094,3584,3548,98.99553571428571,TIT,1.460840537792371,20,0.99,1.460840537792371
5,COMPLETE,0,42,25813,4032,81354305b7b8066000bae764cd84c6a44c1e035572eb00baa18e30401895a2a4,6d4d4bf8c14384a72deec9ae950f7dbc99365946e460adffb80cf5c9ed8ff111,15872,6.908072399994126,0.30439329147338867,0.384765625,14269c18e6a56f09985dea654338c0b32f5e417a5600e334e252b0c1bbf8bd28,True,True,True,1,0.7031202317025443,5.786273552895975,4.060327415428464,0.07492552428193117,0.5447991716243157,1.8838592493344868,5.471696393194879,0.8583831867899776,0.7773816143628555,15.499735227926813,0.0,0.11326298862695694,0.0006037990679033101,-0.03450317308306694,98.095703125,1.904296875,0.0,0.527446448802948,0.4958013594150543,0.0991869866847992,1.0496208667755127,0.7782242894172668,0.7315332889556885,0.1463460773229599,1.5486699342727661,76.66015625,23.33984375,0.0,-3.8100759983062744,TIT_INC,480,54915,6.907728100006352,FULL_BATCH,25813,500,250,250,500,MAX_EPOCHS,False,0,2048,deterministic_evenly_spaced_full_fold,54.0999755859375,36.66660079956054,640,624,97.5,TIT,1.4710406730757069,20,0.99,1.4710406730757069
5,COMPLETE,1,42,27493,2352,db92a7db6dfa639d2026ff19c5b1159be2b53d1e09d9e6a72b1b767a05c21400,2ea764e1783688df4d4bc4d6bc4b7c6a52ae545bfb933c403a7aa96e5d21a797,15872,7.60115709999809,0.3216066360473633,0.421875,14269c18e6a56f09985dea654338c0b32f5e417a5600e334e252b0c1bbf8bd28,True,True,True,1,0.7723331436727903,4.843448795363904,3.4790362744104293,0.06388088971966578,0.47704303704636275,-1.0969220391747092,4.7186041135508905,0.88559975758452,0.7990129701891983,12.267437824766098,0.0,0.07790176570415497,0.0015165061922743917,-0.07085645198822021,97.75390625,2.24609375,0.0,0.6212248802185059,0.5954564809799194,0.15707361698150635,1.2259604930877686,0.8988065719604492,0.8615239858627319,0.22725875675678253,1.7737557888031006,78.41796875,21.58203125,0.0,-3.844599962234497,TIT_INC,440,54915,7.6007804999971995,FULL_BATCH,27493,500,250,250,500,MAX_EPOCHS,False,0,2048,deterministic_evenly_spaced_full_fold,53.699951171875,37.11560134887693,640,639,99.84375,TIT,1.4510426770894138,20,0.99,1.4510426770894138
5,COMPLETE,2,42,26989,2856,424f72a3df11b24bdd551a74968aa5efe8f47b52221df203d3bd3ed6f8a96c5a,f1c78e2ff146b5069b0310a8b0222fe8d495ed8d7dbf78dc149a7df8702a8f3a,15872,7.418927900012932,0.3158411979675293,0.408203125,14269c18e6a56f09985dea654338c0b32f5e417a5600e334e252b0c1bbf8bd28,True,True,True,1,0.7914936349347261,4.904325654493193,3.4414983009423863,0.0588599137937309,0.45654502366681093,0.5696683036846941,4.871981028616064,0.8913187434377571,0.7838188368244957,13.88467647930603,0.0,0.0836048424243927,0.000706177786923945,-0.06603085994720459,98.193359375,1.806640625,0.0,0.5383865833282471,0.503135085105896,0.09635273367166519,1.1154025793075562,0.7938550710678101,0.7418764233589172,0.14207282662391663,1.6446694135665894,78.02734375,21.97265625,0.0,-4.061073303222656,TIT_INC,480,54915,7.418578099997831,FULL_BATCH,26989,500,250,250,500,MAX_EPOCHS,False,0,2048,deterministic_evenly_spaced_full_fold,54.0,36.622398376464815,640,621,97.03125,TIT,1.4524627365104603,20,0.99,1.4524627365104603
5,COMPLETE,3,42,26466,3379,ad1e190147cfc7079fe69ab58be273b0089b28a9cb71d4377b9a01145e874910,b3de2bff6a2b887166deba8883b54b43de7150168fdd2094f9852f380bd9133e,15872,7.354910200010636,0.3097529411315918,0.41015625,14269c18e6a56f09985dea654338c0b32f5e417a5600e334e252b0c1bbf8bd28,True,True,True,1,0.7213471371803927,5.96245851266859,4.066069633165525,0.06471436885465658,0.527797685430668,-0.06107122822603766,5.963028170718977,0.850145205155412,0.6912742829196187,19.717653084004866,0.0,0.11523263156414032,0.0017102474812418222,-0.030999988317489624,95.849609375,4.150390625,0.0,0.4989440441131592,0.4664519429206848,0.022388970479369164,1.065832257270813,0.7443068623542786,0.6958363056182861,0.0333990640938282,1.589970350265503,70.556640625,29.443359375,0.0,-3.1063010692596436,TIT_INC,450,54915,7.354510199991637,FULL_BATCH,26466,500,250,250,500,MAX_EPOCHS,False,0,2048,deterministic_evenly_spaced_full_fold,54.0,36.19874954223633,640,623,97.34375,TIT,1.4666426917497317,20,0.99,1.4666426917497317
5,COMPLETE,4,42,27061,2784,2cf8e61e68345fca034455d14ca0a91ba8af3af3a30bcfad11a389cf00a64d26,e85c7d3201b31d98e24a7a8ea73439fb69c13286f849eaf6812d38684b5bedb5,15872,7.002850100005162,0.3161191940307617,0.408203125,14269c18e6a56f09985dea654338c0b32f5e417a5600e334e252b0c1bbf8bd28,True,True,True,1,0.6211456990963187,6.444479618820784,4.410252691685469,0.08605260172357457,0.6154008597496884,-1.0818976835272778,6.354157504202963,0.795988106121965,0.6671220850490885,20.877782525141704,0.0,0.1360054910182953,0.0006907277274876833,-0.0099748894572258,97.65625,2.34375,0.0,0.543255090713501,0.5075350999832153,0.08800563216209412,1.139641523361206,0.7948117256164551,0.7425514459609985,0.1287570297718048,1.6673575639724731,75.830078125,24.169921875,0.0,-3.545236825942993,TIT_INC,460,54915,7.002475000001141,FULL_BATCH,27061,500,250,250,500,MAX_EPOCHS,False,0,2048,deterministic_evenly_spaced_full_fold,53.699951171875,36.704002380371094,640,634,99.0625,TIT,1.460840537792371,20,0.99,1.460840537792371
6,COMPLETE,0,42,25813,4032,81354305b7b8066000bae764cd84c6a44c1e035572eb00baa18e30401895a2a4,6d4d4bf8c14384a72deec9ae950f7dbc99365946e460adffb80cf5c9ed8ff111,15872,209.59536269999808,0.10090351104736328,0.11328125,14269c18e6a56f09985dea654338c0b32f5e417a5600e334e252b0c1bbf8bd28,True,True,True,1,0.675626388375366,6.0482734586575715,3.982313151397402,0.07831811886314992,0.5694674370147634,1.4124692631146265,5.881761857724233,0.833452679724533,0.7249981829248245,18.232241917859646,0.0,0.14875906705856323,0.025117821991443634,0.15742720663547516,93.798828125,6.201171875,0.0,0.32793188095092773,0.24358856678009033,-0.02327463962137699,1.0473382472991943,0.4838491678237915,0.3594043254852295,-0.034340716898441315,1.5453020334243774,64.16015625,35.83984375,0.0,-1.540851354598999,TIT_INC,220,138401,209.59492830000818,256,256,400,40,75,280,EARLY_STOPPING,False,0,2048,deterministic_evenly_spaced_full_fold,54.0999755859375,36.66660079956054,2560,2532,98.90625,TIT,1.4710406730757069,20,0.99,1.4710406730757069
7,COMPLETE,0,42,25813,4032,81354305b7b8066000bae764cd84c6a44c1e035572eb00baa18e30401895a2a4,6d4d4bf8c14384a72deec9ae950f7dbc99365946e460adffb80cf5c9ed8ff111,31868,3.145789499991224,0.4556732177734375,0.615234375,513542e17ddbca8b50109dcb24ce4faf75c9dfec77ac6fad24bc5d7e0de097a3,True,True,True,1,-0.08241130501468064,11.048538163336616,8.927438632836418,0.14306574116645523,1.040260952756521,3.5697683445991033,10.457249688995914,0.20190550160445508,0.0203931557268119,63.484879404403735,0.0,0.41525107622146606,0.0032971161417663097,-0.5053722858428955,54.58984375,45.41015625,0.0,0.006338277831673622,0.005896637216210365,-0.09612424671649933,0.10542752593755722,0.009351853281259537,0.008700231090188026,-0.14182713627815247,0.15555372834205627,47.705078125,52.294921875,0.0,0.09405015408992767,TIT_INC,60,143363,3.145402099995408,FULL_BATCH,25813,300,30,75,120,EARLY_STOPPING,False,0,2048,deterministic_evenly_spaced_full_fold,54.0999755859375,36.66660079956054,192,192,100.0,TIT,1.4710406161479248,20,0.99,1.4710406161479248
7,COMPLETE,1,42,27493,2352,db92a7db6dfa639d2026ff19c5b1159be2b53d1e09d9e6a72b1b767a05c21400,2ea764e1783688df4d4bc4d6bc4b7c6a52ae545bfb933c403a7aa96e5d21a797,29092,2.557893299992429,0.4794282913208008,0.65625,513542e17ddbca8b50109dcb24ce4faf75c9dfec77ac6fad24bc5d7e0de097a3,True,True,True,1,-0.00488235984613139,10.175656044843109,8.14847192147962,0.13420807963285886,1.0022250814786249,-0.7074254110556881,10.153194319446241,-0.03423735724093389,-1.2702835301754915e-05,65.78706252572178,0.0,0.3217681646347046,2.162144312478631e-07,0.21541635692119598,46.77734375,53.22265625,0.146484375,-1.3728173144045286e-05,-4.320174775784835e-05,-0.00071340351132676,0.0007588983862660825,-1.9862329281750135e-05,-6.250556907616556e-05,-0.001032173284329474,0.0010979966027662158,53.955078125,46.044921875,0.0,-0.0005874115158803761,TIT_INC,5,143363,2.557499500006088,FULL_BATCH,27493,300,30,75,75,EARLY_STOPPING,False,0,2048,deterministic_evenly_spaced_full_fold,53.699951171875,37.11560134887693,192,183,95.3125,TIT,1.4510427975077411,20,0.99,1.4510427975077411
8,COMPLETE,0,42,25813,4032,81354305b7b8066000bae764cd84c6a44c1e035572eb00baa18e30401895a2a4,6d4d4bf8c14384a72deec9ae950f7dbc99365946e460adffb80cf5c9ed8ff111,28408,42.68153489999531,0.11968660354614258,0.138671875,513542e17ddbca8b50109dcb24ce4faf75c9dfec77ac6fad24bc5d7e0de097a3,True,True,True,1,-0.28915455398628587,12.057607815472062,10.061402741878751,0.15613202156818193,1.1352686127935214,5.708944034008753,10.621762841302957,-0.007664214057615844,-5.381807040160456e-05,66.87464119685953,0.0,1.029964804649353,0.0007104981923475862,0.9863861799240112,49.169921875,50.830078125,0.0,-0.001050740946084261,-0.00044503179378807545,-0.04117988795042038,0.038140974938869476,-0.0015503226313740015,-0.000656625023111701,-0.060759130865335464,0.056275345385074615,48.388671875,51.611328125,0.0,0.03122568503022194,TIT_INC,1,65395,42.68106770000304,512,512,200,100,100,100,EARLY_STOPPING,False,0,2048,deterministic_evenly_spaced_full_fold,54.0999755859375,36.66660079956054,1280,1275,99.609375,TIT,1.4710406161479248,20,0.99,1.4710406161479248
8,COMPLETE,1,42,27493,2352,db92a7db6dfa639d2026ff19c5b1159be2b53d1e09d9e6a72b1b767a05c21400,2ea764e1783688df4d4bc4d6bc4b7c6a52ae545bfb933c403a7aa96e5d21a797,20740,45.693751200000406,0.110382080078125,0.119140625,513542e17ddbca8b50109dcb24ce4faf75c9dfec77ac6fad24bc5d7e0de097a3,True,True,True,1,-8.194211641288085e-05,10.151321914521112,8.137971380129963,0.1338871335547231,0.9998283538733287,-0.07046502139292607,10.153236001913907,-0.00032297896203223103,-1.7750386566916663e-06,66.42329628637259,0.0,0.7115325927734375,0.000277211656793952,0.036167263984680176,47.75390625,52.24609375,0.0,-0.0008927803137339652,-0.0007855438161641359,-0.026864206418395042,0.023690421134233475,-0.0012917009880766273,-0.0011365480022504926,-0.038867928087711334,0.034276001155376434,51.171875,48.828125,0.0,-0.0069510797038674355,TIT_INC,10,65395,45.69329060000018,512,512,200,100,100,100,EARLY_STOPPING,False,0,2048,deterministic_evenly_spaced_full_fold,53.699951171875,37.11560134887693,1280,1273,99.453125,TIT,1.4510427975077411,20,0.99,1.4510427975077411
8,COMPLETE,2,42,26989,2856,424f72a3df11b24bdd551a74968aa5efe8f47b52221df203d3bd3ed6f8a96c5a,f1c78e2ff146b5069b0310a8b0222fe8d495ed8d7dbf78dc149a7df8702a8f3a,28408,57.0797237999941,0.11283493041992188,0.138671875,513542e17ddbca8b50109dcb24ce4faf75c9dfec77ac6fad24bc5d7e0de097a3,True,True,True,1,-0.1651900391370933,11.593592284230246,9.280453872947799,0.139142033071206,1.0792506935052268,4.366704076612029,10.741679477984096,0.013328846407661878,6.657731698904708e-05,65.95450156335404,0.0,0.9488980174064636,0.00029115326469764113,0.6403809189796448,52.099609375,47.900390625,0.048828125,0.0005947154713794589,0.0009892068337649107,-0.026734428480267525,0.028932470828294754,0.0008769123815000057,0.0014585928292945027,-0.03942011296749115,0.0426611453294754,48.046875,51.953125,0.0,0.010745242238044739,TIT_INC,5,65395,57.079243100000895,512,512,200,100,100,100,EARLY_STOPPING,False,0,2048,deterministic_evenly_spaced_full_fold,54.0,36.622398376464815,1280,1275,99.609375,TIT,1.4524626095825595,20,0.99,1.4524626095825595
8,COMPLETE,3,42,26466,3379,ad1e190147cfc7079fe69ab58be273b0089b28a9cb71d4377b9a01145e874910,b3de2bff6a2b887166deba8883b54b43de7150168fdd2094f9852f380bd9133e,20740,56.51240590000816,0.11618375778198242,0.138671875,513542e17ddbca8b50109dcb24ce4faf75c9dfec77ac6fad24bc5d7e0de097a3,True,True,True,1,-0.0007819181637280792,11.29960704148877,8.34861118421642,0.1226418492375049,1.0002428411203506,0.11673946329812815,11.300676307198184,-0.036282736905824536,-0.0003027393360863677,64.20181892218415,0.0,0.8956180214881897,0.0015553140547126532,0.8547145128250122,48.779296875,51.220703125,0.0,-0.0008108462207019329,-0.0011749621480703354,-0.062003616243600845,0.06012766808271408,-0.001209591398946941,-0.001752766314893961,-0.09249477833509445,0.08969630300998688,51.220703125,48.779296875,0.0,-0.036546021699905396,TIT_INC,1,65395,56.5117842000036,512,512,200,100,100,100,EARLY_STOPPING,False,0,2048,deterministic_evenly_spaced_full_fold,54.0,36.19874954223633,1280,1275,99.609375,TIT,1.4666428059277477,20,0.99,1.4666428059277477
8,COMPLETE,4,42,27061,2784,2cf8e61e68345fca034455d14ca0a91ba8af3af3a30bcfad11a389cf00a64d26,e85c7d3201b31d98e24a7a8ea73439fb69c13286f849eaf6812d38684b5bedb5,45684,57.70070270000724,0.11272478103637695,0.119140625,513542e17ddbca8b50109dcb24ce4faf75c9dfec77ac6fad24bc5d7e0de097a3,True,True,True,1,-6.690618366334e-05,10.470472285665329,8.156315082791208,0.13981134781227716,0.9998538326920446,-0.011714762654797784,10.472346710521965,-0.00024716092428932635,-1.942522236405829e-06,65.95758472984647,0.0,0.7571086883544922,0.0006544949719682336,0.4536227285861969,50.5859375,49.4140625,0.048828125,0.00017205082986038178,0.0003827062319032848,-0.04141119122505188,0.03970241919159889,0.00025171966990455985,0.0005599200376309454,-0.060586828738451004,0.05808679759502411,50.09765625,49.90234375,0.0,-0.003005744656547904,TIT_INC,5,65395,57.70024479999847,512,512,200,100,100,100,EARLY_STOPPING,False,0,2048,deterministic_evenly_spaced_full_fold,53.699951171875,36.704002380371094,1280,1253,97.890625,TIT,1.460840509680585,20,0.99,1.460840509680585
9,COMPLETE,0,42,25813,4032,81354305b7b8066000bae764cd84c6a44c1e035572eb00baa18e30401895a2a4,6d4d4bf8c14384a72deec9ae950f7dbc99365946e460adffb80cf5c9ed8ff111,28408,24.55420210000011,0.0910801887512207,0.09765625,513542e17ddbca8b50109dcb24ce4faf75c9dfec77ac6fad24bc5d7e0de097a3,True,True,True,1,-0.12067721500292783,11.242138502606485,9.375442594762832,0.1455726407778113,1.0584891446137177,8.024800189903804,7.874238878157909,0.6943197732408894,0.35838691227320146,47.267400048520855,0.0,0.428519070148468,0.016454314813017845,0.4292947053909302,75.439453125,24.560546875,0.0,0.2505674958229065,0.005056979134678841,-0.007325241342186928,1.484169840812683,0.36970144510269165,0.007461353205144405,-0.010808074846863747,2.1898281574249268,61.279296875,38.720703125,0.0,-0.011884601786732674,TIT_INC,105,39425,24.5538394000032,1024,1024,800,80,80,165,EARLY_STOPPING,False,0,2048,deterministic_evenly_spaced_full_fold,54.0999755859375,36.66660079956054,3584,3517,98.13058035714286,TIT,1.4710406161479248,20,0.99,1.4710406161479248
9,COMPLETE,1,42,27493,2352,db92a7db6dfa639d2026ff19c5b1159be2b53d1e09d9e6a72b1b767a05c21400,2ea764e1783688df4d4bc4d6bc4b7c6a52ae545bfb933c403a7aa96e5d21a797,45684,20.028141100003268,0.08732080459594727,0.09765625,513542e17ddbca8b50109dcb24ce4faf75c9dfec77ac6fad24bc5d7e0de097a3,True,True,True,1,0.39052081041918774,7.924725868789521,6.109234597407231,0.10452026245581289,0.7805255007187895,3.099872992963207,7.294840150238004,0.7061046241651914,0.4126631705464995,42.15403861525039,0.0,0.21224935352802277,0.018421510234475136,0.21311771869659424,81.103515625,18.896484375,0.048828125,0.5379974842071533,0.02748054452240467,-0.02741933800280094,2.896352767944336,0.7783907055854797,0.039759665727615356,-0.03967111185193062,4.190528869628906,57.958984375,42.041015625,0.0,-0.02104080095887184,TIT_INC,65,39425,20.02778469999612,1024,1024,800,80,80,125,EARLY_STOPPING,False,0,2048,deterministic_evenly_spaced_full_fold,53.699951171875,37.11560134887693,3584,3515,98.07477678571429,TIT,1.4510427975077411,20,0.99,1.4510427975077411
9,COMPLETE,2,42,26989,2856,424f72a3df11b24bdd551a74968aa5efe8f47b52221df203d3bd3ed6f8a96c5a,f1c78e2ff146b5069b0310a8b0222fe8d495ed8d7dbf78dc149a7df8702a8f3a,45684,21.167614299993147,0.08858346939086914,0.09765625,513542e17ddbca8b50109dcb24ce4faf75c9dfec77ac6fad24bc5d7e0de097a3,True,True,True,1,0.02213150932190322,10.620864491152673,8.847247629940343,0.1274677116498997,0.9886991957870646,7.156851601533863,7.848809314393679,0.7116996070654277,0.36353277382840826,46.35807614629114,0.0,0.38224512338638306,0.01997876912355423,0.3831869065761566,70.166015625,29.833984375,0.0,0.24292008578777313,0.004655470140278339,-0.02053861692547798,1.8089914321899414,0.3581874668598175,0.006864525843411684,-0.030284343287348747,2.6673712730407715,55.712890625,44.287109375,0.0,-0.0073356544598937035,TIT_INC,45,39425,21.16725289999158,1024,1024,800,80,80,105,EARLY_STOPPING,False,0,2048,deterministic_evenly_spaced_full_fold,54.0,36.622398376464815,3584,3534,98.60491071428571,TIT,1.4524626095825595,20,0.99,1.4524626095825595
9,COMPLETE,3,42,26466,3379,ad1e190147cfc7079fe69ab58be273b0089b28a9cb71d4377b9a01145e874910,b3de2bff6a2b887166deba8883b54b43de7150168fdd2094f9852f380bd9133e,28408,21.303097800002433,0.08967256546020508,0.09765625,513542e17ddbca8b50109dcb24ce4faf75c9dfec77ac6fad24bc5d7e0de097a3,True,True,True,1,0.2125479106530953,10.023183594376478,7.643299798211885,0.10878801065805845,0.8872536539278714,4.943805283644948,8.720407330634806,0.6636452551000293,0.3139773658533926,48.89431475546644,0.0,0.3288151025772095,0.021496932953596115,0.3298284411430359,72.75390625,27.24609375,0.0,0.3392331600189209,0.008980339393019676,-0.05169764533638954,2.1207633018493652,0.5060558915138245,0.013396549969911575,-0.07712069898843765,3.1636786460876465,65.91796875,34.08203125,0.0,-0.05230351909995079,TIT_INC,50,39425,21.30276020000747,1024,1024,800,80,80,110,EARLY_STOPPING,False,0,2048,deterministic_evenly_spaced_full_fold,54.0,36.19874954223633,3584,3536,98.66071428571429,TIT,1.4666428059277477,20,0.99,1.4666428059277477
9,COMPLETE,4,42,27061,2784,2cf8e61e68345fca034455d14ca0a91ba8af3af3a30bcfad11a389cf00a64d26,e85c7d3201b31d98e24a7a8ea73439fb69c13286f849eaf6812d38684b5bedb5,7956,27.068745700002182,0.08844280242919922,0.09765625,513542e17ddbca8b50109dcb24ce4faf75c9dfec77ac6fad24bc5d7e0de097a3,True,True,True,1,0.27283178785339224,8.92830846638849,6.937341646216382,0.11921896226959168,0.8525884216127422,3.0301512137226676,8.39989403987545,0.6024153837237284,0.315033172187884,48.21684524393078,0.0,0.26320767402648926,0.01952255517244339,0.2641279399394989,81.884765625,18.115234375,0.048828125,0.43537700176239014,0.024531759321689606,-0.018167616799473763,2.278284788131714,0.6369802951812744,0.035891298204660416,-0.026580210775136948,3.333254814147949,62.548828125,37.451171875,0.0,-0.026156289502978325,TIT_INC,85,39425,27.068376900002477,1024,1024,800,80,80,145,EARLY_STOPPING,False,0,2048,deterministic_evenly_spaced_full_fold,53.699951171875,36.704002380371094,3584,3548,98.99553571428571,TIT,1.460840509680585,20,0.99,1.460840509680585
10,COMPLETE,0,42,25813,4032,81354305b7b8066000bae764cd84c6a44c1e035572eb00baa18e30401895a2a4,6d4d4bf8c14384a72deec9ae950f7dbc99365946e460adffb80cf5c9ed8ff111,28408,11.946747199996025,0.34978771209716797,0.435546875,513542e17ddbca8b50109dcb24ce4faf75c9dfec77ac6fad24bc5d7e0de097a3,True,True,True,1,0.7031056270869822,5.7864158752610075,4.060002320342594,0.07492736719131311,0.5448125718042182,1.8755950104622614,5.474685891992656,0.8582006186226043,0.7768474831703017,15.52413973765454,0.0,0.11327683180570602,0.0006121111800894141,-0.03360426798462868,97.998046875,2.001953125,0.0,0.5258322358131409,0.49388211965560913,0.09763764590024948,1.0477579832077026,0.7758426070213318,0.7287015914916992,0.14406009018421173,1.5459212064743042,76.708984375,23.291015625,0.0,-3.787782669067383,TIT_INC,420,54915,11.945363100006944,FULL_BATCH,25813,500,250,250,480,EARLY_STOPPING,False,0,2048,deterministic_evenly_spaced_full_fold,54.0999755859375,36.66660079956054,640,624,97.5,TIT,1.4710406161479248,20,0.99,1.4710406161479248
10,COMPLETE,1,42,27493,2352,db92a7db6dfa639d2026ff19c5b1159be2b53d1e09d9e6a72b1b767a05c21400,2ea764e1783688df4d4bc4d6bc4b7c6a52ae545bfb933c403a7aa96e5d21a797,7956,12.237136700001429,0.36781978607177734,0.462890625,513542e17ddbca8b50109dcb24ce4faf75c9dfec77ac6fad24bc5d7e0de097a3,True,True,True,1,0.7723218579616744,4.843568841573958,3.4790664205745774,0.06388247302508095,0.4770548606891945,-1.0973776505917918,4.718621407951136,0.8855988364089815,0.7990100366980054,12.267177271865961,0.0,0.07790471613407135,0.0015163004864007235,-0.07085351645946503,97.75390625,2.24609375,0.0,0.6212230920791626,0.5954538583755493,0.1572176069021225,1.2257583141326904,0.8988039493560791,0.8615201711654663,0.22746708989143372,1.7734633684158325,78.41796875,21.58203125,0.0,-3.8474836349487305,TIT_INC,440,54915,12.236709699995117,FULL_BATCH,27493,500,250,250,500,MAX_EPOCHS,False,0,2048,deterministic_evenly_spaced_full_fold,53.699951171875,37.11560134887693,640,639,99.84375,TIT,1.4510427975077411,20,0.99,1.4510427975077411
10,COMPLETE,2,42,26989,2856,424f72a3df11b24bdd551a74968aa5efe8f47b52221df203d3bd3ed6f8a96c5a,f1c78e2ff146b5069b0310a8b0222fe8d495ed8d7dbf78dc149a7df8702a8f3a,28408,15.955013300001156,0.3612990379333496,0.447265625,513542e17ddbca8b50109dcb24ce4faf75c9dfec77ac6fad24bc5d7e0de097a3,True,True,True,1,0.7914899420584861,4.904369084792037,3.4416717601423503,0.0588604350282137,0.4565490666052719,0.5660342622537907,4.872448452546955,0.8912978110346024,0.7837014997248548,13.888269452560717,0.0,0.08360767364501953,0.0007070034043863416,-0.06599284708499908,98.193359375,1.806640625,0.0,0.5383049249649048,0.5033032894134521,0.09605274349451065,1.1153405904769897,0.7937345504760742,0.7421244978904724,0.14163048565387726,1.644577980041504,78.02734375,21.97265625,0.0,-4.062084197998047,TIT_INC,470,54915,15.954230499992264,FULL_BATCH,26989,500,250,250,500,MAX_EPOCHS,False,0,2048,deterministic_evenly_spaced_full_fold,54.0,36.622398376464815,640,621,97.03125,TIT,1.4524626095825595,20,0.99,1.4524626095825595
10,COMPLETE,3,42,26466,3379,ad1e190147cfc7079fe69ab58be273b0089b28a9cb71d4377b9a01145e874910,b3de2bff6a2b887166deba8883b54b43de7150168fdd2094f9852f380bd9133e,7956,16.399037399998633,0.35483312606811523,0.447265625,513542e17ddbca8b50109dcb24ce4faf75c9dfec77ac6fad24bc5d7e0de097a3,True,True,True,1,0.7213425054481496,5.962508066074041,4.065431794107013,0.06471490668940236,0.5278020719052483,-0.06960968577533687,5.962984145431732,0.8501580157544602,0.6910933732627746,19.720704727409853,0.0,0.11522404849529266,0.0017080358229577541,-0.031228497624397278,95.849609375,4.150390625,0.0,0.4992215037345886,0.4669938087463379,0.022778021171689034,1.0667093992233276,0.7447206974029541,0.69664466381073,0.03397943824529648,1.5912789106369019,70.654296875,29.345703125,0.0,-3.109226703643799,TIT_INC,490,54915,16.398628199996892,FULL_BATCH,26466,500,250,250,500,MAX_EPOCHS,False,0,2048,deterministic_evenly_spaced_full_fold,54.0,36.19874954223633,640,623,97.34375,TIT,1.4666428059277477,20,0.99,1.4666428059277477
10,COMPLETE,4,42,27061,2784,2cf8e61e68345fca034455d14ca0a91ba8af3af3a30bcfad11a389cf00a64d26,e85c7d3201b31d98e24a7a8ea73439fb69c13286f849eaf6812d38684b5bedb5,27316,15.26742170000216,0.3607053756713867,0.46484375,513542e17ddbca8b50109dcb24ce4faf75c9dfec77ac6fad24bc5d7e0de097a3,True,True,True,1,0.6211517756695213,6.444427936011468,4.4101837188348005,0.08605191160730931,0.6153959244178744,-1.082153573803518,6.354061477138489,0.7959939498098878,0.6671143841275844,20.878034658275684,0.0,0.13600268959999084,0.0006903534522280097,-0.009978286921977997,97.65625,2.34375,0.0,0.5432664752006531,0.5075924396514893,0.08816801756620407,1.1395702362060547,0.7948284149169922,0.7426353693008423,0.12899461388587952,1.6672532558441162,75.830078125,24.169921875,0.0,-3.545548439025879,TIT_INC,460,54915,15.266257000010228,FULL_BATCH,27061,500,250,250,500,MAX_EPOCHS,False,0,2048,deterministic_evenly_spaced_full_fold,53.699951171875,36.704002380371094,640,634,99.0625,TIT,1.460840509680585,20,0.99,1.460840509680585
11,COMPLETE,0,42,25813,4032,81354305b7b8066000bae764cd84c6a44c1e035572eb00baa18e30401895a2a4,6d4d4bf8c14384a72deec9ae950f7dbc99365946e460adffb80cf5c9ed8ff111,7956,204.39347429999907,0.14651203155517578,0.154296875,513542e17ddbca8b50109dcb24ce4faf75c9dfec77ac6fad24bc5d7e0de097a3,True,True,True,1,0.6754895667931622,6.049548912438272,3.9825307963386414,0.07833463450872781,0.5695875257310709,1.412085535034301,5.883165875786621,0.8333686170845422,0.7249271664553535,18.23620172788372,0.0,0.14880728721618652,0.025005068629980087,0.1574365198612213,93.798828125,6.201171875,0.0,0.328118234872818,0.24367502331733704,-0.022548798471689224,1.0464468002319336,0.48412418365478516,0.35953187942504883,-0.03326977416872978,1.5439867973327637,64.208984375,35.791015625,0.0,-1.5417912006378174,TIT_INC,220,138401,204.39309470000444,256,256,400,40,75,280,EARLY_STOPPING,False,0,2048,deterministic_evenly_spaced_full_fold,54.0999755859375,36.66660079956054,2560,2532,98.90625,TIT,1.4710406161479248,20,0.99,1.4710406161479248
11,COMPLETE,1,42,27493,2352,db92a7db6dfa639d2026ff19c5b1159be2b53d1e09d9e6a72b1b767a05c21400,2ea764e1783688df4d4bc4d6bc4b7c6a52ae545bfb933c403a7aa96e5d21a797,27316,151.98425229999702,0.1344151496887207,0.154296875,513542e17ddbca8b50109dcb24ce4faf75c9dfec77ac6fad24bc5d7e0de097a3,True,True,True,1,0.7410928861837335,5.1650769858263015,3.7368237583004698,0.06812288665898109,0.5087209787900165,-0.12076182430293285,5.164763128019723,0.8609642220760336,0.7369567134272594,17.369944639994888,0.0,0.0952100157737732,0.01715480536222458,0.10113012045621872,92.3828125,7.6171875,0.0,0.38283708691596985,0.2628104090690613,-0.03261162340641022,1.2380459308624268,0.5539000034332275,0.38024187088012695,-0.04718346148729324,1.7912414073944092,55.37109375,44.62890625,0.0,-0.609198808670044,TIT_INC,125,138401,151.98383019999892,256,256,400,40,75,185,EARLY_STOPPING,False,0,2048,deterministic_evenly_spaced_full_fold,53.699951171875,37.11560134887693,2560,2533,98.9453125,TIT,1.4510427975077411,20,0.99,1.4510427975077411
11,COMPLETE,2,42,26989,2856,424f72a3df11b24bdd551a74968aa5efe8f47b52221df203d3bd3ed6f8a96c5a,f1c78e2ff146b5069b0310a8b0222fe8d495ed8d7dbf78dc149a7df8702a8f3a,27316,235.06492109999817,0.13772964477539062,0.154296875,513542e17ddbca8b50109dcb24ce4faf75c9dfec77ac6fad24bc5d7e0de097a3,True,True,True,1,0.775745596897236,5.086161324169627,3.481067772339038,0.06104223866279309,0.47347215615440197,0.1135206623237674,5.085784749629529,0.881414346134237,0.8052330441422975,12.109587162719206,0.0,0.10375015437602997,0.012798052281141281,0.10816675424575806,94.384765625,5.615234375,0.0,0.4046538770198822,0.3261224627494812,-0.015525896102190018,1.1473900079727173,0.5966651439666748,0.48087000846862793,-0.02289304882287979,1.6918351650238037,63.96484375,36.03515625,0.0,-1.618255376815796,TIT_INC,190,138401,235.06450409999525,256,256,400,40,75,250,EARLY_STOPPING,False,0,2048,deterministic_evenly_spaced_full_fold,54.0,36.622398376464815,2560,2540,99.21875,TIT,1.4524626095825595,20,0.99,1.4524626095825595
11,COMPLETE,3,42,26466,3379,ad1e190147cfc7079fe69ab58be273b0089b28a9cb71d4377b9a01145e874910,b3de2bff6a2b887166deba8883b54b43de7150168fdd2094f9852f380bd9133e,7956,190.56731410000066,0.14273405075073242,0.154296875,513542e17ddbca8b50109dcb24ce4faf75c9dfec77ac6fad24bc5d7e0de097a3,True,True,True,1,0.7323586442471605,5.843462026561009,3.951999179990237,0.06342282401991903,0.5172640993589966,-0.3065239307124716,5.8362806721299,0.856224976416846,0.7287453293767873,17.071592150445227,0.0,0.12796208262443542,0.03678521513938904,0.14065662026405334,92.529296875,7.470703125,0.0,0.3475642800331116,0.2654111981391907,-0.04901571944355965,1.0912561416625977,0.5184839963912964,0.3959309458732605,-0.07311989367008209,1.6278969049453735,58.59375,41.40625,0.0,-1.2729942798614502,TIT_INC,125,138401,190.56684379999933,256,256,400,40,75,185,EARLY_STOPPING,False,0,2048,deterministic_evenly_spaced_full_fold,54.0,36.19874954223633,2560,2541,99.2578125,TIT,1.4666428059277477,20,0.99,1.4666428059277477
11,COMPLETE,4,42,27061,2784,2cf8e61e68345fca034455d14ca0a91ba8af3af3a30bcfad11a389cf00a64d26,e85c7d3201b31d98e24a7a8ea73439fb69c13286f849eaf6812d38684b5bedb5,34244,192.31172490000608,0.13771820068359375,0.154296875,513542e17ddbca8b50109dcb24ce4faf75c9dfec77ac6fad24bc5d7e0de097a3,True,True,True,1,0.6272837424315028,6.392061016418092,4.313569062057582,0.08535266047427775,0.6103952650556987,-0.6498477171207296,6.360084250813923,0.7944735313563464,0.6254507355882578,24.058856884345406,0.0,0.13717390596866608,0.02157781645655632,0.1446203887462616,92.138671875,7.861328125,0.0,0.34313857555389404,0.2626144289970398,-0.07240346074104309,1.0650155544281006,0.5020303726196289,0.3842191994190216,-0.10593020170927048,1.5581756830215454,59.47265625,40.52734375,0.0,-1.2429163455963135,TIT_INC,120,138401,192.3113061999902,256,256,400,40,75,180,EARLY_STOPPING,False,0,2048,deterministic_evenly_spaced_full_fold,53.699951171875,36.704002380371094,2560,2546,99.453125,TIT,1.460840509680585,20,0.99,1.460840509680585
12,COMPLETE,0,42,25813,4032,81354305b7b8066000bae764cd84c6a44c1e035572eb00baa18e30401895a2a4,6d4d4bf8c14384a72deec9ae950f7dbc99365946e460adffb80cf5c9ed8ff111,34244,5.444222499994794,0.18107128143310547,0.220703125,513542e17ddbca8b50109dcb24ce4faf75c9dfec77ac6fad24bc5d7e0de097a3,True,True,True,1,0.7204781205516075,5.61457082048412,3.953755515908438,0.07270217325488552,0.5286327208804181,1.3534994853867426,5.449661495697033,0.859580711451268,0.7787977898590518,14.882758763992936,0.0,0.12683695554733276,0.0,0.12683695554733276,100.0,0.0,0.0,0.9272797107696533,0.942699670791626,0.4067258834838867,1.2946404218673706,1.3681609630584717,1.3909122943878174,0.6001063585281372,1.9101855754852295,100.0,0.0,0.0,-7.680987358093262,TIT_INC,215,8193,5.443871700001182,FULL_BATCH,25813,600,150,150,275,EARLY_STOPPING,False,0,2048,deterministic_evenly_spaced_full_fold,54.0999755859375,36.66660079956054,1280,1274,99.53125,TIT,1.4710406161479248,20,0.99,1.4710406161479248
12,COMPLETE,1,42,27493,2352,db92a7db6dfa639d2026ff19c5b1159be2b53d1e09d9e6a72b1b767a05c21400,2ea764e1783688df4d4bc4d6bc4b7c6a52ae545bfb933c403a7aa96e5d21a797,27316,4.519900300001609,0.18835830688476562,0.23046875,513542e17ddbca8b50109dcb24ce4faf75c9dfec77ac6fad24bc5d7e0de097a3,True,True,True,1,0.7810867303877982,4.749423000669601,3.2120213459949105,0.06264077102006892,0.46778220812945503,-0.6095926502123982,4.711141287090383,0.8858293145058207,0.7840812588152549,13.747631103372067,0.0,0.08016561716794968,0.0,0.08016561716794968,100.0,0.0,0.0,0.8133679032325745,0.8936164379119873,0.16764719784259796,1.12542724609375,1.1768046617507935,1.2929105758666992,0.24255692958831787,1.6283013820648193,100.0,0.0,0.0,-7.072336196899414,TIT_INC,125,8193,4.519518100001733,FULL_BATCH,27493,600,150,150,185,EARLY_STOPPING,False,0,2048,deterministic_evenly_spaced_full_fold,53.699951171875,37.11560134887693,1280,1273,99.453125,TIT,1.4510427975077411,20,0.99,1.4510427975077411
12,COMPLETE,2,42,26989,2856,424f72a3df11b24bdd551a74968aa5efe8f47b52221df203d3bd3ed6f8a96c5a,f1c78e2ff146b5069b0310a8b0222fe8d495ed8d7dbf78dc149a7df8702a8f3a,27316,11.357221099999151,0.18449735641479492,0.220703125,513542e17ddbca8b50109dcb24ce4faf75c9dfec77ac6fad24bc5d7e0de097a3,True,True,True,1,0.8153242815765729,4.615561480468781,3.2437483336077353,0.05539427231981633,0.4296638873084779,-0.10498787107921782,4.615175322262858,0.903364041356739,0.8390404338914922,9.80881732451651,0.0,0.09059352427721024,0.0,0.09059352427721024,100.0,0.0,0.0,1.1462905406951904,1.1797593832015991,0.5505052208900452,1.601772427558899,1.690213918685913,1.7395639419555664,0.8117240071296692,2.3618252277374268,100.0,0.0,0.0,-10.514245986938477,TIT_INC,350,8193,11.35681480000494,FULL_BATCH,26989,600,150,150,410,EARLY_STOPPING,False,0,2048,deterministic_evenly_spaced_full_fold,54.0,36.622398376464815,1280,1273,99.453125,TIT,1.4524626095825595,20,0.99,1.4524626095825595
12,COMPLETE,3,42,26466,3379,ad1e190147cfc7079fe69ab58be273b0089b28a9cb71d4377b9a01145e874910,b3de2bff6a2b887166deba8883b54b43de7150168fdd2094f9852f380bd9133e,34244,14.725108500002534,0.18375492095947266,0.220703125,513542e17ddbca8b50109dcb24ce4faf75c9dfec77ac6fad24bc5d7e0de097a3,True,True,True,1,0.7369420110358087,5.793211223708786,3.9325201571358135,0.06287741997490776,0.512815891060342,-0.7149947122131871,5.74977067048325,0.8607903151932134,0.7438102258716418,15.69797846675334,0.0,0.11782655864953995,7.086549658197328e-07,0.11783193051815033,99.90234375,0.09765625,0.0,1.1791342496871948,1.1661548614501953,0.41554462909698486,1.876210331916809,1.7589902877807617,1.7396280765533447,0.6198946237564087,2.798863410949707,99.560546875,0.439453125,0.0,-10.637470245361328,TIT_INC,520,8193,14.724668099996052,FULL_BATCH,26466,600,150,150,580,EARLY_STOPPING,False,0,2048,deterministic_evenly_spaced_full_fold,54.0,36.19874954223633,1280,1273,99.453125,TIT,1.4666428059277477,20,0.99,1.4666428059277477
12,COMPLETE,4,42,27061,2784,2cf8e61e68345fca034455d14ca0a91ba8af3af3a30bcfad11a389cf00a64d26,e85c7d3201b31d98e24a7a8ea73439fb69c13286f849eaf6812d38684b5bedb5,13108,11.86893450000207,0.18623876571655273,0.220703125,513542e17ddbca8b50109dcb24ce4faf75c9dfec77ac6fad24bc5d7e0de097a3,True,True,True,1,0.6002067462760478,6.620175067018018,4.381638503622734,0.08839864846786205,0.6321784952253157,-1.664782254175208,6.408585655867127,0.7948514323161595,0.6948784535168974,18.463833327100367,0.0,0.14222173392772675,1.1839991202577949e-05,0.1423114389181137,99.853515625,0.146484375,0.0,1.0942213535308838,1.105001449584961,0.4925256073474884,1.5757420063018799,1.600905179977417,1.6166772842407227,0.7205917835235596,2.30539608001709,99.90234375,0.09765625,0.0,-10.486310958862305,TIT_INC,365,8193,11.868491100001847,FULL_BATCH,27061,600,150,150,425,EARLY_STOPPING,False,0,2048,deterministic_evenly_spaced_full_fold,53.699951171875,36.704002380371094,1280,1252,97.8125,TIT,1.460840509680585,20,0.99,1.460840509680585
13,COMPLETE,0,42,25813,4032,81354305b7b8066000bae764cd84c6a44c1e035572eb00baa18e30401895a2a4,6d4d4bf8c14384a72deec9ae950f7dbc99365946e460adffb80cf5c9ed8ff111,34244,49.50591889998759,0.10642242431640625,0.12109375,513542e17ddbca8b50109dcb24ce4faf75c9dfec77ac6fad24bc5d7e0de097a3,True,True,True,1,0.7612644460318206,5.188803343802629,3.6383235312643505,0.06718897877471969,0.48854512970793396,-0.017092384043194,5.189418760821012,0.8725380252066353,0.7678268993708218,14.183172947521905,0.0,0.21445709466934204,0.0,0.21445709466934204,100.0,0.0,0.0,1.1763794422149658,1.114067554473877,0.4999479651451111,1.9515739679336548,1.735696792602539,1.6437582969665527,0.7376514673233032,2.879462480545044,100.0,0.0,0.0,-10.884267807006836,TIT_INC,100,29089,49.505563299986534,512,512,200,100,100,160,EARLY_STOPPING,False,0,2048,deterministic_evenly_spaced_full_fold,54.0999755859375,36.66660079956054,320,320,100.0,TIT,1.4710406161479248,20,0.99,1.4710406161479248
13,COMPLETE,1,42,27493,2352,db92a7db6dfa639d2026ff19c5b1159be2b53d1e09d9e6a72b1b767a05c21400,2ea764e1783688df4d4bc4d6bc4b7c6a52ae545bfb933c403a7aa96e5d21a797,13108,66.17188730000635,0.10185432434082031,0.125,513542e17ddbca8b50109dcb24ce4faf75c9dfec77ac6fad24bc5d7e0de097a3,True,True,True,1,0.8028346115277465,4.507338210176102,3.2549690146024535,0.05944788255201571,0.44393868906711,-1.125988549926654,4.365357913831651,0.9031142029715274,0.8353253413019451,9.823829462629337,0.0,0.14729620516300201,0.0010395883582532406,0.14989073574543,96.97265625,3.02734375,0.0,1.4661067724227905,1.1498258113861084,0.06756194680929184,4.233598709106445,2.121206760406494,1.6636021137237549,0.09775061905384064,6.125295639038086,73.73046875,26.26953125,0.0,-5.034826278686523,TIT_INC,200,29089,66.17149150000478,512,512,200,100,100,200,MAX_EPOCHS,False,0,2048,deterministic_evenly_spaced_full_fold,53.699951171875,37.11560134887693,320,303,94.6875,TIT,1.4510427975077411,20,0.99,1.4510427975077411
13,COMPLETE,2,42,26989,2856,424f72a3df11b24bdd551a74968aa5efe8f47b52221df203d3bd3ed6f8a96c5a,f1c78e2ff146b5069b0310a8b0222fe8d495ed8d7dbf78dc149a7df8702a8f3a,34244,84.7316936999996,0.10322141647338867,0.12109375,513542e17ddbca8b50109dcb24ce4faf75c9dfec77ac6fad24bc5d7e0de097a3,True,True,True,1,0.8376539308520571,4.327534416503399,3.042176410931499,0.051937477369886416,0.40285136872821525,0.7344052704776368,4.26550977888476,0.9181448488158499,0.8665862336378897,8.95161237473299,0.0,0.1589372754096985,0.0,0.1589372754096985,100.0,0.0,0.0,1.7252554893493652,1.5467414855957031,0.4338023066520691,3.407839298248291,2.5439019203186035,2.280681848526001,0.6396447420120239,5.024884223937988,88.330078125,11.669921875,0.0,-5.655228614807129,TIT_INC,195,29089,84.73128100000031,512,512,200,100,100,200,MAX_EPOCHS,False,0,2048,deterministic_evenly_spaced_full_fold,54.0,36.622398376464815,320,312,97.5,TIT,1.4524626095825595,20,0.99,1.4524626095825595
13,COMPLETE,3,42,26466,3379,ad1e190147cfc7079fe69ab58be273b0089b28a9cb71d4377b9a01145e874910,b3de2bff6a2b887166deba8883b54b43de7150168fdd2094f9852f380bd9133e,13108,83.81420189999335,0.10481119155883789,0.12109375,513542e17ddbca8b50109dcb24ce4faf75c9dfec77ac6fad24bc5d7e0de097a3,True,True,True,1,0.7755252047388482,5.351523139626732,3.7970311598652176,0.05808349721112493,0.4737175983065234,0.7068821934420316,5.305416815887428,0.8830161138966319,0.7650563579275915,15.758707384447236,0.0,0.22020575404167175,4.4458730030783045e-08,0.2202058583498001,99.951171875,0.048828125,0.0,1.9238466024398804,1.7478525638580322,0.2540675103664398,4.36713981628418,2.8699254989624023,2.607383966445923,0.37900879979133606,6.514742851257324,83.251953125,16.748046875,0.0,-8.489463806152344,TIT_INC,195,29089,83.81378979999863,512,512,200,100,100,200,MAX_EPOCHS,False,0,2048,deterministic_evenly_spaced_full_fold,54.0,36.19874954223633,320,319,99.6875,TIT,1.4666428059277477,20,0.99,1.4666428059277477
13,COMPLETE,4,42,27061,2784,2cf8e61e68345fca034455d14ca0a91ba8af3af3a30bcfad11a389cf00a64d26,e85c7d3201b31d98e24a7a8ea73439fb69c13286f849eaf6812d38684b5bedb5,43876,84.72915430000285,0.10320901870727539,0.12109375,513542e17ddbca8b50109dcb24ce4faf75c9dfec77ac6fad24bc5d7e0de097a3,True,True,True,1,0.6515220679430688,6.180724475494461,3.954252042989621,0.08253070117555833,0.5902141648469086,-1.1947335758428463,6.065243648101292,0.818319547128971,0.7281094063229682,16.74166358578091,0.0,0.2674994468688965,0.0003326032601762563,0.26832953095436096,98.779296875,1.220703125,0.0,1.8764256238937378,1.556999683380127,0.16180358827114105,4.452216625213623,2.7453126907348633,2.27797532081604,0.23672746121883392,6.5138349533081055,84.1796875,15.8203125,0.0,-7.123171329498291,TIT_INC,185,29089,84.72871049999958,512,512,200,100,100,200,MAX_EPOCHS,False,0,2048,deterministic_evenly_spaced_full_fold,53.699951171875,36.704002380371094,320,320,100.0,TIT,1.460840509680585,20,0.99,1.460840509680585
14,COMPLETE,0,42,25813,4032,81354305b7b8066000bae764cd84c6a44c1e035572eb00baa18e30401895a2a4,6d4d4bf8c14384a72deec9ae950f7dbc99365946e460adffb80cf5c9ed8ff111,34244,145.91257190000033,0.10021162033081055,0.12109375,513542e17ddbca8b50109dcb24ce4faf75c9dfec77ac6fad24bc5d7e0de097a3,True,True,True,1,0.819737199466413,4.50880774397603,2.8629946727601308,0.05838382527468949,0.4245210153782029,0.9628378947575887,4.40534944474685,0.9124943884372745,0.8951267839047655,7.377136065782393,0.0,0.06736153364181519,0.022598247975111008,0.06787669658660889,94.43359375,5.56640625,0.0,0.6124559640884399,0.47942817211151123,-0.020450545474886894,1.6313042640686035,0.9036520719528198,0.7073754072189331,-0.0301738902926445,2.406918525695801,81.73828125,18.26171875,0.0,-2.1409707069396973,TIT_INC,140,23329,145.9121521000052,256,256,400,200,200,200,EARLY_STOPPING,False,0,2048,deterministic_evenly_spaced_full_fold,54.0999755859375,36.66660079956054,2560,2534,98.984375,TIT,1.4710406161479248,20,0.99,1.4710406161479248
14,COMPLETE,1,42,27493,2352,db92a7db6dfa639d2026ff19c5b1159be2b53d1e09d9e6a72b1b767a05c21400,2ea764e1783688df4d4bc4d6bc4b7c6a52ae545bfb933c403a7aa96e5d21a797,43876,154.10372880000796,0.09428024291992188,0.099609375,513542e17ddbca8b50109dcb24ce4faf75c9dfec77ac6fad24bc5d7e0de097a3,True,True,True,1,0.8389825926502553,4.073251462631386,2.956401526522474,0.053722654760774244,0.40118443086404565,-0.4997928288518166,4.04333222899302,0.9177016592440267,0.867633777726332,8.301719537199384,0.0,0.055093567818403244,0.17681461572647095,0.05912432819604874,79.931640625,20.068359375,0.0,0.32275259494781494,0.34352076053619385,-0.6777440309524536,1.2534316778182983,0.46696799993515015,0.4970160126686096,-0.9805800914764404,1.8135020732879639,88.427734375,11.572265625,0.0,-2.57307767868042,TIT_INC,50,23329,154.10335730000224,256,256,400,200,200,200,EARLY_STOPPING,False,0,2048,deterministic_evenly_spaced_full_fold,53.699951171875,37.11560134887693,2560,2536,99.0625,TIT,1.4510427975077411,20,0.99,1.4510427975077411
14,COMPLETE,2,42,26989,2856,424f72a3df11b24bdd551a74968aa5efe8f47b52221df203d3bd3ed6f8a96c5a,f1c78e2ff146b5069b0310a8b0222fe8d495ed8d7dbf78dc149a7df8702a8f3a,34244,246.7839585000038,0.09605836868286133,0.099609375,513542e17ddbca8b50109dcb24ce4faf75c9dfec77ac6fad24bc5d7e0de097a3,True,True,True,1,0.8778932055690137,3.7530949927959703,2.560079881790973,0.045043266556588836,0.3493766448278183,0.642469008095792,3.6983435109371365,0.9392691405975848,0.9080369274727332,6.306649201083864,0.0,0.05183020234107971,0.020404774695634842,0.05229536071419716,95.751953125,4.248046875,0.0,0.7023701667785645,0.48772165179252625,0.04545106738805771,1.9649527072906494,1.0356500148773193,0.7191492319107056,0.06701793521642685,2.8973371982574463,83.984375,16.015625,0.0,-2.6898605823516846,TIT_INC,205,23329,246.7835361000034,256,256,400,200,200,265,EARLY_STOPPING,False,0,2048,deterministic_evenly_spaced_full_fold,54.0,36.622398376464815,2560,2542,99.296875,TIT,1.4524626095825595,20,0.99,1.4524626095825595
14,COMPLETE,3,42,26466,3379,ad1e190147cfc7079fe69ab58be273b0089b28a9cb71d4377b9a01145e874910,b3de2bff6a2b887166deba8883b54b43de7150168fdd2094f9852f380bd9133e,43876,233.65032120000978,0.09782791137695312,0.12109375,513542e17ddbca8b50109dcb24ce4faf75c9dfec77ac6fad24bc5d7e0de097a3,True,True,True,1,0.8185846413610662,4.810947763293045,3.229324507903827,0.05221628753185023,0.425865788214509,0.36720136341592835,4.797623721771148,0.9055683178227536,0.8016625245183913,13.07382744378627,0.0,0.07579544931650162,0.022234611213207245,0.07630231976509094,95.21484375,4.78515625,0.0,0.8076709508895874,0.5688600540161133,0.00714379595592618,2.3384766578674316,1.2048544883728027,0.8486050963401794,0.010656858794391155,3.4884557723999023,75.29296875,24.70703125,0.0,-2.3309836387634277,TIT_INC,185,23329,233.64989149999747,256,256,400,200,200,245,EARLY_STOPPING,False,0,2048,deterministic_evenly_spaced_full_fold,54.0,36.19874954223633,2560,2542,99.296875,TIT,1.4666428059277477,20,0.99,1.4666428059277477
14,COMPLETE,4,42,27061,2784,2cf8e61e68345fca034455d14ca0a91ba8af3af3a30bcfad11a389cf00a64d26,e85c7d3201b31d98e24a7a8ea73439fb69c13286f849eaf6812d38684b5bedb5,43220,205.05397779999475,0.09595346450805664,0.099609375,513542e17ddbca8b50109dcb24ce4faf75c9dfec77ac6fad24bc5d7e0de097a3,True,True,True,1,0.6933566877446081,5.797870252435494,3.4998242690645416,0.07741848049619333,0.5536543753890906,-0.46652658232327165,5.78010839049012,0.8397307766038687,0.7883009849651855,13.49908201427071,0.0,0.08140803873538971,0.1611887365579605,0.08508258312940598,84.9609375,15.0390625,0.0,0.6747714281082153,0.3807314932346344,-0.8090134263038635,4.115645408630371,0.9872272610664368,0.5570309162139893,-1.1836307048797607,6.0214128494262695,76.46484375,23.53515625,0.0,-2.066922187805176,TIT_INC,55,23329,205.05357780000486,256,256,400,200,200,200,EARLY_STOPPING,False,0,2048,deterministic_evenly_spaced_full_fold,53.699951171875,36.704002380371094,2560,2547,99.4921875,TIT,1.460840509680585,20,0.99,1.460840509680585
15,COMPLETE,0,42,25813,4032,81354305b7b8066000bae764cd84c6a44c1e035572eb00baa18e30401895a2a4,6d4d4bf8c14384a72deec9ae950f7dbc99365946e460adffb80cf5c9ed8ff111,43876,26.92100260000734,0.1528487205505371,0.166015625,513542e17ddbca8b50109dcb24ce4faf75c9dfec77ac6fad24bc5d7e0de097a3,True,True,True,1,0.5653944597832203,7.000938934072995,5.052402694073934,0.09065403066515439,0.659164434071124,2.224962337622567,6.63879654094027,0.784511781688021,0.677071468738036,21.976048120710896,0.0,0.13670159876346588,0.05188525468111038,-0.22237446904182434,88.96484375,11.03515625,0.0,0.544968843460083,0.5686103701591492,-0.24665318429470062,1.2423759698867798,0.8040778636932373,0.838959813117981,-0.3639260232448578,1.8330715894699097,38.134765625,61.865234375,0.0,2.55607533454895,TIT_INC,70,71619,26.920565400010673,1024,1024,300,30,75,130,EARLY_STOPPING,False,0,2048,deterministic_evenly_spaced_full_fold,54.0999755859375,36.66660079956054,2560,2534,98.984375,TIT,1.4710406161479248,20,0.99,1.4710406161479248
15,COMPLETE,1,42,27493,2352,db92a7db6dfa639d2026ff19c5b1159be2b53d1e09d9e6a72b1b767a05c21400,2ea764e1783688df4d4bc4d6bc4b7c6a52ae545bfb933c403a7aa96e5d21a797,34244,33.880579599994235,0.1427297592163086,0.146484375,513542e17ddbca8b50109dcb24ce4faf75c9dfec77ac6fad24bc5d7e0de097a3,True,True,True,1,0.6992498713490571,5.566826914251621,3.899622297611366,0.07342161984620646,0.5482903051288478,-1.1711377481214043,5.443399334130329,0.8482746920002945,0.7905884036647957,12.753402237073066,0.0,0.08552788197994232,0.02444867417216301,-0.6480829119682312,94.384765625,5.615234375,0.0,0.7049819231033325,0.6881844401359558,-0.023351728916168213,1.4394919872283936,1.0199886560440063,0.9956855773925781,-0.03378596901893616,2.0826995372772217,44.23828125,55.76171875,0.0,1.3009417057037354,TIT_INC,105,71619,33.88018160000502,1024,1024,300,30,75,165,EARLY_STOPPING,False,0,2048,deterministic_evenly_spaced_full_fold,53.699951171875,37.11560134887693,2560,2536,99.0625,TIT,1.4510427975077411,20,0.99,1.4510427975077411
15,COMPLETE,2,42,26989,2856,424f72a3df11b24bdd551a74968aa5efe8f47b52221df203d3bd3ed6f8a96c5a,f1c78e2ff146b5069b0310a8b0222fe8d495ed8d7dbf78dc149a7df8702a8f3a,43876,71.7497202000086,0.1458125114440918,0.166015625,513542e17ddbca8b50109dcb24ce4faf75c9dfec77ac6fad24bc5d7e0de097a3,True,True,True,1,0.7538980058051133,5.3281593896511295,3.7415853227887834,0.0639466104920661,0.49599982260969816,0.6101883719949162,5.294031160240843,0.871288715372115,0.7982876235631926,13.034036509030123,0.0,0.08484213054180145,0.03463328629732132,-0.904743492603302,93.701171875,6.298828125,0.0,0.8161991834640503,0.8577533960342407,-0.07334519922733307,1.5478887557983398,1.2034918069839478,1.2647637128829956,-0.10814803838729858,2.2823734283447266,54.833984375,45.166015625,0.0,-0.7661278247833252,TIT_INC,180,71619,71.74889180000173,1024,1024,300,30,75,240,EARLY_STOPPING,False,0,2048,deterministic_evenly_spaced_full_fold,54.0,36.622398376464815,2560,2542,99.296875,TIT,1.4524626095825595,20,0.99,1.4524626095825595
15,COMPLETE,3,42,26466,3379,ad1e190147cfc7079fe69ab58be273b0089b28a9cb71d4377b9a01145e874910,b3de2bff6a2b887166deba8883b54b43de7150168fdd2094f9852f380bd9133e,34244,73.70150179999473,0.15066289901733398,0.166015625,513542e17ddbca8b50109dcb24ce4faf75c9dfec77ac6fad24bc5d7e0de097a3,True,True,True,1,0.6791797601576394,6.3977091892513025,4.328813255380053,0.06943842232501035,0.5663261379464191,-0.050229257999633535,6.398458875713877,0.824176981112017,0.6860720541797394,20.0617793981088,0.0,0.10792668163776398,0.07743299007415771,-1.125556468963623,85.107421875,14.892578125,0.0,0.6067954301834106,0.6175022721290588,-0.4277166426181793,1.4929165840148926,0.9051956534385681,0.92116779088974,-0.6380523443222046,2.227079391479492,48.193359375,51.806640625,0.0,0.37218910455703735,TIT_INC,200,71619,73.6996749999962,1024,1024,300,30,75,260,EARLY_STOPPING,False,0,2048,deterministic_evenly_spaced_full_fold,54.0,36.19874954223633,2560,2542,99.296875,TIT,1.4666428059277477,20,0.99,1.4666428059277477
15,COMPLETE,4,42,27061,2784,2cf8e61e68345fca034455d14ca0a91ba8af3af3a30bcfad11a389cf00a64d26,e85c7d3201b31d98e24a7a8ea73439fb69c13286f849eaf6812d38684b5bedb5,33468,81.89969169998949,0.14473390579223633,0.166015625,513542e17ddbca8b50109dcb24ce4faf75c9dfec77ac6fad24bc5d7e0de097a3,True,True,True,1,0.5559275993943644,6.977159235763927,4.730148275693257,0.09316542845813441,0.6662678829427772,-0.9800073730534521,6.909231768771808,0.7588653379194891,0.6561442206557809,21.703873452789875,0.0,0.12520691752433777,0.02871573157608509,-0.7943307757377625,94.23828125,5.76171875,0.0,0.7329385280609131,0.7409840822219849,-0.03457421809434891,1.4763307571411133,1.0723289251327515,1.0841000080108643,-0.050583962351083755,2.159952163696289,48.14453125,51.85546875,0.0,0.3830585479736328,TIT_INC,215,71619,81.89923239999916,1024,1024,300,30,75,275,EARLY_STOPPING,False,0,2048,deterministic_evenly_spaced_full_fold,53.699951171875,36.704002380371094,2560,2547,99.4921875,TIT,1.460840509680585,20,0.99,1.460840509680585
16,COMPLETE,0,42,25813,4032,81354305b7b8066000bae764cd84c6a44c1e035572eb00baa18e30401895a2a4,6d4d4bf8c14384a72deec9ae950f7dbc99365946e460adffb80cf5c9ed8ff111,34244,983.6122273999936,0.1456317901611328,0.1484375,513542e17ddbca8b50109dcb24ce4faf75c9dfec77ac6fad24bc5d7e0de097a3,True,True,True,1,0.829532980382192,4.384588540646111,2.832662662816426,0.05677533081788665,0.4128253154678345,1.1573784720330011,4.229601474169976,0.9185897161892272,0.8887744069084575,7.960203300923217,0.0,0.15763524174690247,0.008137218654155731,278814.6875,95.8984375,4.1015625,0.0,0.727075457572937,0.5933176279067993,0.05922030657529831,1.728855013847351,1.0727680921554565,0.875414252281189,0.08737698197364807,2.5508503913879395,86.767578125,13.232421875,0.0,-2.526169776916504,TIT_INC,220,77251,983.6117107000027,64,64,800,80,80,280,EARLY_STOPPING,False,0,2048,deterministic_evenly_spaced_full_fold,54.0999755859375,36.66660079956054,768,755,98.30729166666667,TIT,1.4710406161479248,20,0.99,1.4710406161479248
16,COMPLETE,1,42,27493,2352,db92a7db6dfa639d2026ff19c5b1159be2b53d1e09d9e6a72b1b767a05c21400,2ea764e1783688df4d4bc4d6bc4b7c6a52ae545bfb933c403a7aa96e5d21a797,33468,540.7291478999978,0.13598871231079102,0.15234375,513542e17ddbca8b50109dcb24ce4faf75c9dfec77ac6fad24bc5d7e0de097a3,True,True,True,1,0.8310413626356812,4.172487137406496,3.0349288895016624,0.05503148726100287,0.41095839352539903,-0.5823982848602087,4.132520064788016,0.913820380352525,0.8598345253564503,8.737714786116673,0.0,0.12837524712085724,0.00027935870457440615,-8.137560844421387,99.4140625,0.5859375,0.0,0.8598687648773193,0.704750120639801,0.19520124793052673,2.305239677429199,1.2440835237503052,1.0196533203125,0.2824229300022125,3.3352887630462646,92.67578125,7.32421875,0.0,-4.316411972045898,TIT_INC,85,77251,540.7286785000033,64,64,800,80,80,145,EARLY_STOPPING,False,0,2048,deterministic_evenly_spaced_full_fold,53.699951171875,37.11560134887693,768,749,97.52604166666667,TIT,1.4510427975077411,20,0.99,1.4510427975077411
16,COMPLETE,2,42,26989,2856,424f72a3df11b24bdd551a74968aa5efe8f47b52221df203d3bd3ed6f8a96c5a,f1c78e2ff146b5069b0310a8b0222fe8d495ed8d7dbf78dc149a7df8702a8f3a,34244,958.6907485999982,0.13896846771240234,0.1484375,513542e17ddbca8b50109dcb24ce4faf75c9dfec77ac6fad24bc5d7e0de097a3,True,True,True,1,0.871746620381645,3.8463964990933657,2.6628655893128124,0.04616303693979302,0.35806210770316144,0.11747601853699244,3.845275365187344,0.9343634299418713,0.9049782741666836,5.970044474305312,0.0,0.12210119515657425,0.00021732659661211073,56.244720458984375,99.462890625,0.537109375,0.0,0.8154875040054321,0.6972607374191284,0.2148982733488083,2.015576124191284,1.2024424076080322,1.028116226196289,0.3168691098690033,2.971982002258301,83.837890625,16.162109375,0.0,-4.024971008300781,TIT_INC,150,77251,958.690307900004,64,64,800,80,80,210,EARLY_STOPPING,False,0,2048,deterministic_evenly_spaced_full_fold,54.0,36.622398376464815,768,755,98.30729166666667,TIT,1.4524626095825595,20,0.99,1.4524626095825595
16,COMPLETE,3,42,26466,3379,ad1e190147cfc7079fe69ab58be273b0089b28a9cb71d4377b9a01145e874910,b3de2bff6a2b887166deba8883b54b43de7150168fdd2094f9852f380bd9133e,43232,905.4169817000075,0.14165925979614258,0.1484375,513542e17ddbca8b50109dcb24ce4faf75c9dfec77ac6fad24bc5d7e0de097a3,True,True,True,1,0.8190083014220144,4.8053269663896225,3.242406878396582,0.052155281434567984,0.42536823446388766,0.24904358912657337,4.799579349792976,0.9063716941985668,0.780821692699317,14.290851820453637,0.0,0.18146921694278717,0.003327383194118738,364.9721984863281,98.681640625,1.318359375,0.0,0.8728842735290527,0.6100343465805054,0.18690919876098633,2.783060312271118,1.3021373748779297,0.9100273847579956,0.27882444858551025,4.151669502258301,78.564453125,21.435546875,0.0,-2.98067569732666,TIT_INC,140,77251,905.4158595999907,64,64,800,80,80,200,EARLY_STOPPING,False,0,2048,deterministic_evenly_spaced_full_fold,54.0,36.19874954223633,768,755,98.30729166666667,TIT,1.4666428059277477,20,0.99,1.4666428059277477
16,COMPLETE,4,42,27061,2784,2cf8e61e68345fca034455d14ca0a91ba8af3af3a30bcfad11a389cf00a64d26,e85c7d3201b31d98e24a7a8ea73439fb69c13286f849eaf6812d38684b5bedb5,36652,656.3588741999993,0.1389331817626953,0.1484375,513542e17ddbca8b50109dcb24ce4faf75c9dfec77ac6fad24bc5d7e0de097a3,True,True,True,1,0.6854933534484368,5.871737846717198,3.640764668070037,0.07840482835466715,0.5607081925655533,-0.6841104537591167,5.832796807766339,0.8339141195554461,0.7580961539714981,15.27408581413197,0.0,0.23947446048259735,0.011588825844228268,0.2530646324157715,98.388671875,1.611328125,0.0,1.1504849195480347,0.8365863561630249,0.21693280339241028,3.078465461730957,1.6832220554351807,1.2239713668823242,0.3173845112323761,4.50396203994751,87.109375,12.890625,0.0,-4.809035301208496,TIT_INC,70,77251,656.3583910999878,64,64,800,80,80,130,EARLY_STOPPING,False,0,2048,deterministic_evenly_spaced_full_fold,53.699951171875,36.704002380371094,768,743,96.74479166666667,TIT,1.460840509680585,20,0.99,1.460840509680585
17,COMPLETE,0,42,25813,4032,81354305b7b8066000bae764cd84c6a44c1e035572eb00baa18e30401895a2a4,6d4d4bf8c14384a72deec9ae950f7dbc99365946e460adffb80cf5c9ed8ff111,43232,189.43364139999903,0.1029973030090332,0.12109375,513542e17ddbca8b50109dcb24ce4faf75c9dfec77ac6fad24bc5d7e0de097a3,True,True,True,1,-0.09896110503106792,11.132682449354991,9.18935290499339,0.1441553119735769,1.0481834501809277,8.194453227141548,7.536686442683433,0.7341510235304275,0.3875931910344048,45.65072682042971,0.0,0.4270944893360138,0.10412801802158356,1.0914910365952267e+24,90.52734375,9.47265625,65.13671875,0.13192349672317505,1.0298960850607789e-19,-0.2428344488143921,0.9449928998947144,0.19464737176895142,1.5195668451647403e-19,-0.3582916557788849,1.3942958116531372,12.890625,23.193359375,63.916015625,1.1961057696743484e-36,TIT_INC,110,29571,189.43323209999653,128,128,150,15,75,150,MAX_EPOCHS,False,0,2048,deterministic_evenly_spaced_full_fold,54.0999755859375,36.66660079956054,384,374,97.39583333333333,TIT,1.4710406161479248,20,0.99,1.4710406161479248
17,COMPLETE,1,42,27493,2352,db92a7db6dfa639d2026ff19c5b1159be2b53d1e09d9e6a72b1b767a05c21400,2ea764e1783688df4d4bc4d6bc4b7c6a52ae545bfb933c403a7aa96e5d21a797,34244,117.92171480000252,0.09796714782714844,0.1015625,513542e17ddbca8b50109dcb24ce4faf75c9dfec77ac6fad24bc5d7e0de097a3,True,True,True,1,0.4421525296450801,7.581629219881944,5.7264624371820565,0.09999511516551206,0.7467330783539726,3.254136917542438,6.849207251559442,0.75942279505037,0.44129535490644567,40.404444286701406,0.0,0.19593992829322815,0.061659932136535645,22900355072.0,91.162109375,8.837890625,43.115234375,0.2753245532512665,1.1857356696509669e-07,-0.18723483383655548,1.6437193155288696,0.3983477056026459,1.7155574028038245e-07,-0.27089688181877136,2.3781816959381104,33.0078125,25.732421875,41.259765625,1.5362859166941822e-30,TIT_INC,30,29571,117.92135639999469,128,128,150,15,75,90,EARLY_STOPPING,False,0,2048,deterministic_evenly_spaced_full_fold,53.699951171875,37.11560134887693,384,383,99.73958333333333,TIT,1.4510427975077411,20,0.99,1.4510427975077411
17,COMPLETE,2,42,26989,2856,424f72a3df11b24bdd551a74968aa5efe8f47b52221df203d3bd3ed6f8a96c5a,f1c78e2ff146b5069b0310a8b0222fe8d495ed8d7dbf78dc149a7df8702a8f3a,34244,144.552829200009,0.09950780868530273,0.12109375,513542e17ddbca8b50109dcb24ce4faf75c9dfec77ac6fad24bc5d7e0de097a3,True,True,True,1,0.06287129760619192,10.39726855071093,8.539088141016599,0.12478419536117778,0.9678845882115552,7.3550033315557055,7.35024053944321,0.7546576775108498,0.4230054700983853,42.89319162732163,0.0,0.372986376285553,0.007244286127388477,30312900.0,97.216796875,2.783203125,53.662109375,0.3557412028312683,1.7399164775611098e-08,1.3989290844171232e-32,2.474729537963867,0.524543046951294,2.5655197077867342e-08,2.0627314790104382e-32,3.6490073204040527,17.919921875,29.78515625,52.294921875,6.992354256024286e-17,TIT_INC,25,29571,144.55244749999838,128,128,150,15,75,85,EARLY_STOPPING,False,0,2048,deterministic_evenly_spaced_full_fold,54.0,36.622398376464815,384,373,97.13541666666667,TIT,1.4524626095825595,20,0.99,1.4524626095825595
17,COMPLETE,3,42,26466,3379,ad1e190147cfc7079fe69ab58be273b0089b28a9cb71d4377b9a01145e874910,b3de2bff6a2b887166deba8883b54b43de7150168fdd2094f9852f380bd9133e,43232,149.4869505999959,0.10122251510620117,0.12109375,513542e17ddbca8b50109dcb24ce4faf75c9dfec77ac6fad24bc5d7e0de097a3,True,True,True,1,0.27174775636371507,9.639056617398102,7.256996311708186,0.10461883533845073,0.8532506786568659,5.113966234833152,8.171812811691565,0.7196293602790647,0.3719206151479682,45.35230179257191,0.0,0.3134365379810333,0.023144405335187912,3080155904.0,90.869140625,9.130859375,33.984375,0.35125356912612915,2.1363213818403892e-05,-0.030422460287809372,1.826267123222351,0.5239874720573425,3.186887624906376e-05,-0.045383136719465256,2.7243599891662598,28.3203125,39.990234375,31.689453125,2.67419957705739e-11,TIT_INC,30,29571,149.48658270000305,128,128,150,15,75,90,EARLY_STOPPING,False,0,2048,deterministic_evenly_spaced_full_fold,54.0,36.19874954223633,384,374,97.39583333333333,TIT,1.4666428059277477,20,0.99,1.4666428059277477
17,COMPLETE,4,42,27061,2784,2cf8e61e68345fca034455d14ca0a91ba8af3af3a30bcfad11a389cf00a64d26,e85c7d3201b31d98e24a7a8ea73439fb69c13286f849eaf6812d38684b5bedb5,38424,152.7314553999895,0.0994710922241211,0.12109375,513542e17ddbca8b50109dcb24ce4faf75c9dfec77ac6fad24bc5d7e0de097a3,True,True,True,1,0.3264475637422606,8.592854325205924,6.574434370830141,0.11473967095126655,0.8205549946953149,2.980796043900238,8.060728207922494,0.6582392170931333,0.3275913764181308,47.339035747446125,0.0,0.24976757168769836,0.017862675711512566,4460771328.0,93.9453125,6.0546875,38.671875,0.2695501744747162,0.0002940312260761857,-0.02324836701154709,1.5334668159484863,0.3943665623664856,0.0004301836888771504,-0.03401362523436546,2.2435452938079834,29.58984375,32.8125,37.59765625,0.0,TIT_INC,30,29571,152.73106339998776,128,128,150,15,75,90,EARLY_STOPPING,False,0,2048,deterministic_evenly_spaced_full_fold,53.699951171875,36.704002380371094,384,380,98.95833333333333,TIT,1.460840509680585,20,0.99,1.460840509680585
18,COMPLETE,0,42,25813,4032,81354305b7b8066000bae764cd84c6a44c1e035572eb00baa18e30401895a2a4,6d4d4bf8c14384a72deec9ae950f7dbc99365946e460adffb80cf5c9ed8ff111,43232,148.3448808999965,0.10631847381591797,0.119140625,513542e17ddbca8b50109dcb24ce4faf75c9dfec77ac6fad24bc5d7e0de097a3,True,True,True,1,0.4491321224695477,7.881926569905691,6.030912439028422,0.10206179766704927,0.742112695992253,2.0557891243980047,7.610049989200583,0.7011556120575017,0.44197941465223695,36.18567045405982,0.0,0.24043044447898865,0.011069940403103828,-1.6669883728027344,100.0,0.0,0.0,0.3863900601863861,0.39645621180534363,0.21083638072013855,0.5082624554634094,0.5701017379760742,0.5849539041519165,0.31107988953590393,0.7499191164970398,100.0,0.0,0.0,-3.4538278579711914,TIT_INC,580,53315,148.34446269999899,1024,1024,800,200,200,640,EARLY_STOPPING,False,0,2048,deterministic_evenly_spaced_full_fold,54.0999755859375,36.66660079956054,2560,2532,98.90625,TIT,1.4710406161479248,20,0.99,1.4710406161479248
18,COMPLETE,1,42,27493,2352,db92a7db6dfa639d2026ff19c5b1159be2b53d1e09d9e6a72b1b767a05c21400,2ea764e1783688df4d4bc4d6bc4b7c6a52ae545bfb933c403a7aa96e5d21a797,38424,106.57883990000119,0.09940862655639648,0.119140625,513542e17ddbca8b50109dcb24ce4faf75c9dfec77ac6fad24bc5d7e0de097a3,True,True,True,1,0.5054020114048987,7.138894769592897,5.371822895646906,0.09415583167374005,0.7031270869015388,-1.6161694461796559,6.955025617581983,0.7377252739232241,0.45856274293029253,34.38596638336192,0.0,0.16687607765197754,0.012519851326942444,-1.6583389043807983,100.0,0.0,0.0,0.3639277517795563,0.37114202976226807,0.23305781185626984,0.452825129032135,0.5265414118766785,0.5369792580604553,0.33719491958618164,0.6551607847213745,100.0,0.0,0.0,-2.9491658210754395,TIT_INC,390,53315,106.57843550000689,1024,1024,800,200,200,450,EARLY_STOPPING,False,0,2048,deterministic_evenly_spaced_full_fold,53.699951171875,37.11560134887693,2560,2533,98.9453125,TIT,1.4510427975077411,20,0.99,1.4510427975077411
18,COMPLETE,2,42,26989,2856,424f72a3df11b24bdd551a74968aa5efe8f47b52221df203d3bd3ed6f8a96c5a,f1c78e2ff146b5069b0310a8b0222fe8d495ed8d7dbf78dc149a7df8702a8f3a,38424,190.49683659999573,0.10175561904907227,0.1171875,513542e17ddbca8b50109dcb24ce4faf75c9dfec77ac6fad24bc5d7e0de097a3,True,True,True,1,0.585857952968657,6.911849999901329,5.0976804564980895,0.0829534830699232,0.6434260169683801,0.3872887173286673,6.902199552926517,0.7803303895152846,0.4938139984151544,31.564245351684413,0.0,0.18444684147834778,0.008873043581843376,-1.9234931468963623,100.0,0.0,0.0,0.39883965253829956,0.4101320505142212,0.28395578265190125,0.4658774733543396,0.5880920886993408,0.6047427654266357,0.4186949133872986,0.6869398355484009,100.0,0.0,0.0,-3.323946475982666,TIT_INC,620,53315,190.49642320000567,1024,1024,800,200,200,680,EARLY_STOPPING,False,0,2048,deterministic_evenly_spaced_full_fold,54.0,36.622398376464815,2560,2540,99.21875,TIT,1.4524626095825595,20,0.99,1.4524626095825595
18,COMPLETE,3,42,26466,3379,ad1e190147cfc7079fe69ab58be273b0089b28a9cb71d4377b9a01145e874910,b3de2bff6a2b887166deba8883b54b43de7150168fdd2094f9852f380bd9133e,43232,184.83372039999813,0.10340118408203125,0.119140625,513542e17ddbca8b50109dcb24ce4faf75c9dfec77ac6fad24bc5d7e0de097a3,True,True,True,1,0.5141520020157899,7.873064770128926,5.72384969932012,0.08545139835659679,0.6969248262425183,-0.5768666974395363,7.853064677867524,0.7325105268088051,0.4334688106635233,35.718341599862754,0.0,0.22177572548389435,0.010958547703921795,-1.74551260471344,100.0,0.0,0.0,0.3766096532344818,0.3875381350517273,0.2420918494462967,0.47560930252075195,0.5618128180503845,0.5781154632568359,0.36114394664764404,0.7094969153404236,100.0,0.0,0.0,-3.6404166221618652,TIT_INC,620,53315,184.8328463999933,1024,1024,800,200,200,680,EARLY_STOPPING,False,0,2048,deterministic_evenly_spaced_full_fold,54.0,36.19874954223633,2560,2541,99.2578125,TIT,1.4666428059277477,20,0.99,1.4666428059277477
18,COMPLETE,4,42,27061,2784,2cf8e61e68345fca034455d14ca0a91ba8af3af3a30bcfad11a389cf00a64d26,e85c7d3201b31d98e24a7a8ea73439fb69c13286f849eaf6812d38684b5bedb5,10756,110.69444239999575,0.10056686401367188,0.1171875,513542e17ddbca8b50109dcb24ce4faf75c9dfec77ac6fad24bc5d7e0de097a3,True,True,True,1,0.3653770158675306,8.340837151958615,6.082050223460143,0.11137450654394704,0.796489190431594,-1.537910608039505,8.19930140566352,0.6220569264015008,0.3859887924801532,38.967899949151914,0.0,0.2141672819852829,0.015122674405574799,-1.2365899085998535,100.0,0.0,0.0,0.3301067352294922,0.34421205520629883,0.205413356423378,0.38959601521492004,0.48296409845352173,0.5036009550094604,0.30053091049194336,0.570000171661377,100.0,0.0,0.0,-2.571089029312134,TIT_INC,280,53315,110.69401140000264,1024,1024,800,200,200,340,EARLY_STOPPING,False,0,2048,deterministic_evenly_spaced_full_fold,53.699951171875,36.704002380371094,2560,2546,99.453125,TIT,1.460840509680585,20,0.99,1.460840509680585
19,COMPLETE,0,42,25813,4032,81354305b7b8066000bae764cd84c6a44c1e035572eb00baa18e30401895a2a4,6d4d4bf8c14384a72deec9ae950f7dbc99365946e460adffb80cf5c9ed8ff111,43232,159.97087170000304,0.09490156173706055,0.119140625,513542e17ddbca8b50109dcb24ce4faf75c9dfec77ac6fad24bc5d7e0de097a3,True,True,True,1,-0.13817315295556076,11.329554399486856,8.74455444018046,0.1467045751470495,1.0667196763664704,4.067399901057047,10.575575621469856,0.2965227114956852,0.17148174344958592,54.74156948908634,0.0,0.3629777431488037,0.7895971536636353,3.119575023651123,50.244140625,49.755859375,0.0,0.033552542328834534,0.004959234967827797,-2.1959123611450195,2.4424092769622803,0.049505315721035004,0.007317135576158762,-3.2399730682373047,3.603668689727783,49.70703125,50.29296875,0.0,0.3038923740386963,TIT_INC,5,49763,159.9703401000006,64,64,500,0,75,75,EARLY_STOPPING,False,0,2048,deterministic_evenly_spaced_full_fold,54.0999755859375,36.66660079956054,384,374,97.39583333333333,TIT,1.4710406161479248,20,0.99,1.4710406161479248
19,COMPLETE,1,42,27493,2352,db92a7db6dfa639d2026ff19c5b1159be2b53d1e09d9e6a72b1b767a05c21400,2ea764e1783688df4d4bc4d6bc4b7c6a52ae545bfb933c403a7aa96e5d21a797,38424,171.02229120000266,0.0905466079711914,0.1015625,513542e17ddbca8b50109dcb24ce4faf75c9dfec77ac6fad24bc5d7e0de097a3,True,True,True,1,0.01487724715577965,10.075114311397783,7.921020095851145,0.13288202135129043,0.9923224819263031,-1.0009987597562828,10.027396479639291,0.3190596478914645,0.1904480073755626,52.82906265359913,0.0,0.2814079523086548,0.9228790998458862,4.15253210067749,48.974609375,51.025390625,0.0,-0.05486445873975754,-0.05965138226747513,-2.486988067626953,2.545870304107666,-0.07937952876091003,-0.08630537986755371,-3.598247766494751,3.683440685272217,50.634765625,49.365234375,0.0,-0.4849703311920166,TIT_INC,5,49763,171.02193020000414,64,64,500,0,75,75,EARLY_STOPPING,False,0,2048,deterministic_evenly_spaced_full_fold,53.699951171875,37.11560134887693,384,383,99.73958333333333,TIT,1.4510427975077411,20,0.99,1.4510427975077411
19,COMPLETE,2,42,26989,2856,424f72a3df11b24bdd551a74968aa5efe8f47b52221df203d3bd3ed6f8a96c5a,f1c78e2ff146b5069b0310a8b0222fe8d495ed8d7dbf78dc149a7df8702a8f3a,43232,215.7095330000011,0.09192657470703125,0.099609375,513542e17ddbca8b50109dcb24ce4faf75c9dfec77ac6fad24bc5d7e0de097a3,True,True,True,1,-0.060045747060061494,11.058136478264093,8.371737928951488,0.1327156893086042,1.029404965299274,2.6199558936581226,10.74516822492522,0.3251131896556912,0.21166752759127128,51.17484921111333,0.0,0.337164968252182,1.0880143642425537,30.5120849609375,52.685546875,47.314453125,0.0,0.09316942095756531,0.12181712687015533,-3.182267189025879,3.278632164001465,0.1373790055513382,0.17962026596069336,-4.692276477813721,4.834367275238037,53.02734375,46.97265625,0.0,-2.4560770988464355,TIT_INC,10,49763,215.70917850000842,64,64,500,0,75,75,EARLY_STOPPING,False,0,2048,deterministic_evenly_spaced_full_fold,54.0,36.622398376464815,384,373,97.13541666666667,TIT,1.4524626095825595,20,0.99,1.4524626095825595
19,COMPLETE,3,42,26466,3379,ad1e190147cfc7079fe69ab58be273b0089b28a9cb71d4377b9a01145e874910,b3de2bff6a2b887166deba8883b54b43de7150168fdd2094f9852f380bd9133e,38424,212.21476060000714,0.0935053825378418,0.099609375,513542e17ddbca8b50109dcb24ce4faf75c9dfec77ac6fad24bc5d7e0de097a3,True,True,True,1,0.033364892639488275,11.105161984062873,8.218765306204654,0.12053141288956419,0.9830305366599059,0.632727741242584,11.088763139311597,0.2894037216801838,0.14666349983128021,55.30231452531557,0.0,0.3218061923980713,0.8507247567176819,3.452969551086426,50.9765625,49.0234375,0.0,0.02253955416381359,0.031043967232108116,-2.3806400299072266,2.4769127368927,0.033623695373535156,0.04631027579307556,-3.551353693008423,3.694969654083252,50.341796875,49.658203125,0.0,-0.25481176376342773,TIT_INC,5,49763,212.21437870000955,64,64,500,0,75,75,EARLY_STOPPING,False,0,2048,deterministic_evenly_spaced_full_fold,54.0,36.19874954223633,384,374,97.39583333333333,TIT,1.4666428059277477,20,0.99,1.4666428059277477
19,COMPLETE,4,42,27061,2784,2cf8e61e68345fca034455d14ca0a91ba8af3af3a30bcfad11a389cf00a64d26,e85c7d3201b31d98e24a7a8ea73439fb69c13286f849eaf6812d38684b5bedb5,27936,216.01826629998686,0.09172916412353516,0.099609375,513542e17ddbca8b50109dcb24ce4faf75c9dfec77ac6fad24bc5d7e0de097a3,True,True,True,1,-0.046205439175518004,10.709278934570724,8.23670929875867,0.14300011318398886,1.0226581281112013,-0.5472805637052689,10.69720721028984,0.09812284033408752,0.032239244843805075,63.29509451504973,0.0,0.3036578595638275,0.35614296793937683,0.13635757565498352,46.09375,53.90625,0.0,-0.03740932047367096,-0.058548785746097565,-0.9123756289482117,0.8747801780700684,-0.054731883108615875,-0.08566006273031235,-1.3348551988601685,1.2798510789871216,47.65625,52.34375,0.0,0.853308379650116,TIT_INC,1,49763,216.01787850000255,64,64,500,0,75,75,EARLY_STOPPING,False,0,2048,deterministic_evenly_spaced_full_fold,53.699951171875,36.704002380371094,384,380,98.95833333333333,TIT,1.460840509680585,20,0.99,1.460840509680585
20,COMPLETE,0,42,25813,4032,81354305b7b8066000bae764cd84c6a44c1e035572eb00baa18e30401895a2a4,6d4d4bf8c14384a72deec9ae950f7dbc99365946e460adffb80cf5c9ed8ff111,43232,136.2030795000028,0.10008764266967773,0.12109375,513542e17ddbca8b50109dcb24ce4faf75c9dfec77ac6fad24bc5d7e0de097a3,True,True,True,1,0.8020226092519622,4.725159342790626,3.3544458283318415,0.06118532728150431,0.4448913229235135,0.6960267831408788,4.674194712093892,0.897953219015831,0.8074796900686425,12.471032050038048,0.0,0.07765814661979675,1.439022980775917e-06,2.8333477168355987e+25,99.951171875,0.048828125,0.1953125,0.8597016930580139,0.4637836813926697,0.0009018160635605454,3.327092409133911,1.2684524059295654,0.6842926144599915,0.0013305903412401676,4.908979892730713,83.544921875,16.357421875,0.09765625,-1.1568052768707275,TIT_INC,130,41763,136.2026584999985,256,256,600,0,75,190,EARLY_STOPPING,False,0,2048,deterministic_evenly_spaced_full_fold,54.0999755859375,36.66660079956054,1280,1274,99.53125,TIT,1.4710406161479248,20,0.99,1.4710406161479248
20,COMPLETE,1,42,27493,2352,db92a7db6dfa639d2026ff19c5b1159be2b53d1e09d9e6a72b1b767a05c21400,2ea764e1783688df4d4bc4d6bc4b7c6a52ae545bfb933c403a7aa96e5d21a797,27936,57.213555199996335,0.09630203247070312,0.1015625,513542e17ddbca8b50109dcb24ce4faf75c9dfec77ac6fad24bc5d7e0de097a3,True,True,True,1,0.7569334083518766,5.004577776014922,3.82574370280415,0.06600604125496481,0.49291302174807383,1.8487867644044007,4.651557332183623,0.8889292413581726,0.7986456446646193,15.23757144074384,0.0,0.08499813824892044,0.0,-11.34826374053955,100.0,0.0,0.0,0.7024106979370117,0.43940263986587524,0.011847727000713348,2.10137939453125,1.0162684917449951,0.6357406973838806,0.017141642048954964,3.0403380393981934,97.119140625,2.880859375,0.0,-3.9678878784179688,TIT_INC,15,41763,57.21307169999636,256,256,600,0,75,75,EARLY_STOPPING,False,0,2048,deterministic_evenly_spaced_full_fold,53.699951171875,37.11560134887693,1280,1273,99.453125,TIT,1.4510427975077411,20,0.99,1.4510427975077411
20,COMPLETE,2,42,26989,2856,424f72a3df11b24bdd551a74968aa5efe8f47b52221df203d3bd3ed6f8a96c5a,f1c78e2ff146b5069b0310a8b0222fe8d495ed8d7dbf78dc149a7df8702a8f3a,27936,108.22123359999387,0.09734392166137695,0.12109375,513542e17ddbca8b50109dcb24ce4faf75c9dfec77ac6fad24bc5d7e0de097a3,True,True,True,1,0.8088305296883088,4.696008886465958,3.357924052647182,0.05635977251607368,0.43715275845251905,0.2482039854973972,4.69026617936318,0.9003358692830594,0.7788992711922907,13.866217546283293,0.0,0.07672061026096344,0.0,-33.75237274169922,100.0,0.0,0.0,0.6909139156341553,0.22640681266784668,8.378596976399422e-05,2.9115757942199707,1.0187578201293945,0.3338385224342346,0.00012354302452877164,4.293140411376953,98.53515625,1.46484375,0.0,-1.3029353618621826,TIT_INC,50,41763,108.22081969999999,256,256,600,0,75,110,EARLY_STOPPING,False,0,2048,deterministic_evenly_spaced_full_fold,54.0,36.622398376464815,1280,1273,99.453125,TIT,1.4524626095825595,20,0.99,1.4524626095825595
20,COMPLETE,3,42,26466,3379,ad1e190147cfc7079fe69ab58be273b0089b28a9cb71d4377b9a01145e874910,b3de2bff6a2b887166deba8883b54b43de7150168fdd2094f9852f380bd9133e,43232,114.14553179999348,0.09804773330688477,0.12109375,513542e17ddbca8b50109dcb24ce4faf75c9dfec77ac6fad24bc5d7e0de097a3,True,True,True,1,0.716094763016623,6.018389864420447,4.472521246520328,0.0653214275235125,0.5327487367352457,2.0083864567088603,5.674233775443343,0.8655844090967515,0.7154278333502154,20.239697033387706,0.0,0.12138601392507553,4.6409763854171615e-07,9721940992.0,99.951171875,0.048828125,0.09765625,0.8960033655166626,0.3676004409790039,0.0030841471161693335,3.27256178855896,1.3366258144378662,0.5483732223510742,0.004600820131599903,4.881890773773193,98.876953125,1.123046875,0.0,-2.946481227874756,TIT_INC,60,41763,114.14507230000163,256,256,600,0,75,120,EARLY_STOPPING,False,0,2048,deterministic_evenly_spaced_full_fold,54.0,36.19874954223633,1280,1273,99.453125,TIT,1.4666428059277477,20,0.99,1.4666428059277477
20,COMPLETE,4,42,27061,2784,2cf8e61e68345fca034455d14ca0a91ba8af3af3a30bcfad11a389cf00a64d26,e85c7d3201b31d98e24a7a8ea73439fb69c13286f849eaf6812d38684b5bedb5,37332,116.19023520000337,0.09728670120239258,0.12109375,513542e17ddbca8b50109dcb24ce4faf75c9dfec77ac6fad24bc5d7e0de097a3,True,True,True,1,0.6403599573694506,6.278931770021802,4.268945969384292,0.08384205503221889,0.5995922460979244,0.01025019157891986,6.280051387524724,0.807082737348683,0.7361132762445207,17.41863868691734,0.0,0.12950804829597473,0.0,-39.092159271240234,100.0,0.0,0.048828125,1.2055342197418213,0.28666484355926514,0.00038787536323070526,5.706213474273682,1.7637619972229004,0.4194062650203705,0.0005674827843904495,8.348501205444336,99.31640625,0.68359375,0.0,-1.7997499704360962,TIT_INC,60,41763,116.18983239999216,256,256,600,0,75,120,EARLY_STOPPING,False,0,2048,deterministic_evenly_spaced_full_fold,53.699951171875,36.704002380371094,1280,1252,97.8125,TIT,1.460840509680585,20,0.99,1.460840509680585
21,COMPLETE,0,42,25813,4032,81354305b7b8066000bae764cd84c6a44c1e035572eb00baa18e30401895a2a4,6d4d4bf8c14384a72deec9ae950f7dbc99365946e460adffb80cf5c9ed8ff111,43232,4.929116300001624,0.3119511604309082,0.41015625,513542e17ddbca8b50109dcb24ce4faf75c9dfec77ac6fad24bc5d7e0de097a3,True,True,True,1,0.7252537310457525,5.5664019314876185,3.9155661898946006,0.07207844206949511,0.524097440862379,1.1639220440198506,5.444030354474691,0.8586851569343195,0.7447293257828759,16.77689053790366,0.0,0.2510036528110504,1.8617341993376613e-05,0.2510106563568115,99.853515625,0.146484375,0.0,1.0450525283813477,1.0656248331069946,0.4025717079639435,1.5731186866760254,1.5419294834136963,1.5722830295562744,0.5939770340919495,2.321068048477173,100.0,0.0,0.0,-11.170977592468262,TIT_INC,175,56993,4.928762399998959,FULL_BATCH,25813,200,50,75,200,MAX_EPOCHS,False,0,2048,deterministic_evenly_spaced_full_fold,54.0999755859375,36.66660079956054,320,320,100.0,TIT,1.4710406161479248,20,0.99,1.4710406161479248
21,COMPLETE,1,42,27493,2352,db92a7db6dfa639d2026ff19c5b1159be2b53d1e09d9e6a72b1b767a05c21400,2ea764e1783688df4d4bc4d6bc4b7c6a52ae545bfb933c403a7aa96e5d21a797,37332,4.968692399997963,0.32428407669067383,0.431640625,513542e17ddbca8b50109dcb24ce4faf75c9dfec77ac6fad24bc5d7e0de097a3,True,True,True,1,0.7786207810740288,4.776098037019738,3.332795133396071,0.06299259161885015,0.47040949725574277,-0.0829108037105223,4.776393834416234,0.8828495763856422,0.8033725324350911,12.991565883399353,0.0,0.16655956208705902,0.0,0.16655956208705902,100.0,0.0,0.0,1.1502999067306519,1.206080436706543,0.41398584842681885,1.7024415731430054,1.664287805557251,1.7449928522109985,0.5989669561386108,2.4631428718566895,100.0,0.0,0.0,-13.661420822143555,TIT_INC,170,56993,4.968315300007816,FULL_BATCH,27493,200,50,75,200,MAX_EPOCHS,False,0,2048,deterministic_evenly_spaced_full_fold,53.699951171875,37.11560134887693,320,303,94.6875,TIT,1.4510427975077411,20,0.99,1.4510427975077411
21,COMPLETE,2,42,26989,2856,424f72a3df11b24bdd551a74968aa5efe8f47b52221df203d3bd3ed6f8a96c5a,f1c78e2ff146b5069b0310a8b0222fe8d495ed8d7dbf78dc149a7df8702a8f3a,43232,5.083941100005177,0.3204655647277832,0.42578125,513542e17ddbca8b50109dcb24ce4faf75c9dfec77ac6fad24bc5d7e0de097a3,True,True,True,1,0.8050815872810121,4.741831034620448,3.2878029232933406,0.05690971309511045,0.44141835482344716,0.10544155826087759,4.741488731165191,0.8974846687006192,0.7899140629232828,13.045033189047885,0.0,0.18991436064243317,7.019485361893507e-13,0.18991436064243317,99.951171875,0.048828125,0.0,1.0801433324813843,1.0977883338928223,0.4867633283138275,1.581551432609558,1.592679500579834,1.618697166442871,0.7177361845970154,2.3320093154907227,100.0,0.0,0.0,-11.612140655517578,TIT_INC,190,56993,5.083543100001407,FULL_BATCH,26989,200,50,75,200,MAX_EPOCHS,False,0,2048,deterministic_evenly_spaced_full_fold,54.0,36.622398376464815,320,312,97.5,TIT,1.4524626095825595,20,0.99,1.4524626095825595
21,COMPLETE,3,42,26466,3379,ad1e190147cfc7079fe69ab58be273b0089b28a9cb71d4377b9a01145e874910,b3de2bff6a2b887166deba8883b54b43de7150168fdd2094f9852f380bd9133e,37332,5.172677800001111,0.31806373596191406,0.41796875,513542e17ddbca8b50109dcb24ce4faf75c9dfec77ac6fad24bc5d7e0de097a3,True,True,True,1,0.725289033137054,5.92013505452328,4.129910233388395,0.06425500534280978,0.5240512068260699,0.061907884248370564,5.920687520284699,0.8529370861242729,0.687653903450831,20.072574284414156,0.0,0.2653745412826538,2.9021586556154944e-07,0.26537466049194336,99.951171875,0.048828125,0.0,1.0168007612228394,1.0546212196350098,0.3338139057159424,1.6339930295944214,1.516826868057251,1.5732462406158447,0.4979715943336487,2.437532424926758,99.951171875,0.048828125,0.0,-12.0000638961792,TIT_INC,200,56993,5.172295500000473,FULL_BATCH,26466,200,50,75,200,MAX_EPOCHS,False,0,2048,deterministic_evenly_spaced_full_fold,54.0,36.19874954223633,320,319,99.6875,TIT,1.4666428059277477,20,0.99,1.4666428059277477
21,COMPLETE,4,42,27061,2784,2cf8e61e68345fca034455d14ca0a91ba8af3af3a30bcfad11a389cf00a64d26,e85c7d3201b31d98e24a7a8ea73439fb69c13286f849eaf6812d38684b5bedb5,22444,4.300199699995574,0.40232133865356445,0.552734375,513542e17ddbca8b50109dcb24ce4faf75c9dfec77ac6fad24bc5d7e0de097a3,True,True,True,1,0.5644258734907439,6.910075312892237,4.576925425693907,0.09226966240123302,0.6598618569713313,-1.0529465319096356,6.8306078414558185,0.7616759373474603,0.6372031749809122,22.88045938152999,0.0,0.32951802015304565,0.0,0.32951802015304565,100.0,0.0,0.0,1.0678166151046753,1.1161749362945557,0.37108319997787476,1.6754566431045532,1.5622737407684326,1.6330246925354004,0.5429149270057678,2.451284408569336,100.0,0.0,0.0,-12.81142807006836,TIT_INC,185,56993,4.299823000008473,FULL_BATCH,27061,200,50,75,200,MAX_EPOCHS,False,0,2048,deterministic_evenly_spaced_full_fold,53.699951171875,36.704002380371094,320,320,100.0,TIT,1.460840509680585,20,0.99,1.460840509680585
22,COMPLETE,0,42,25813,4032,81354305b7b8066000bae764cd84c6a44c1e035572eb00baa18e30401895a2a4,6d4d4bf8c14384a72deec9ae950f7dbc99365946e460adffb80cf5c9ed8ff111,37332,8.248514899998554,0.4286966323852539,0.51953125,513542e17ddbca8b50109dcb24ce4faf75c9dfec77ac6fad24bc5d7e0de097a3,True,True,True,1,0.708971373928289,5.72896956266467,4.120154268211788,0.07418350414197801,0.539403787855576,1.5587546248284598,5.5135211691917885,0.854784805021745,0.7205034148812529,18.653438105373695,0.0,0.275775671005249,0.0002187378122471273,0.2757834494113922,100.0,0.0,0.0,1.056415319442749,1.0624101161956787,0.7095985412597656,1.3165866136550903,1.5586947202682495,1.567539930343628,1.046981692314148,1.9425663948059082,100.0,0.0,0.0,-8.481491088867188,TIT_INC,265,93025,8.248091699992074,FULL_BATCH,25813,400,0,75,325,EARLY_STOPPING,False,0,2048,deterministic_evenly_spaced_full_fold,54.0999755859375,36.66660079956054,320,318,99.375,TIT,1.4710406161479248,20,0.99,1.4710406161479248
22,COMPLETE,1,42,27493,2352,db92a7db6dfa639d2026ff19c5b1159be2b53d1e09d9e6a72b1b767a05c21400,2ea764e1783688df4d4bc4d6bc4b7c6a52ae545bfb933c403a7aa96e5d21a797,22444,7.633623299989267,0.4457573890686035,0.556640625,513542e17ddbca8b50109dcb24ce4faf75c9dfec77ac6fad24bc5d7e0de097a3,True,True,True,1,0.7767294821863147,4.796456357141824,3.2959529672350203,0.06326110020798635,0.4724146376568343,-0.5020990095981935,4.7711181664804,0.8827136518512236,0.7815641616586587,14.022495704415457,0.0,0.1683216691017151,0.0003190237912349403,0.1683330237865448,100.0,0.0,0.0,0.9754011631011963,0.9929349422454834,0.6656288504600525,1.1756978034973145,1.4112392663955688,1.4366075992584229,0.9630514979362488,1.701034426689148,100.0,0.0,0.0,-7.4999847412109375,TIT_INC,215,93025,7.633193700006814,FULL_BATCH,27493,400,0,75,275,EARLY_STOPPING,False,0,2048,deterministic_evenly_spaced_full_fold,53.699951171875,37.11560134887693,320,301,94.0625,TIT,1.4510427975077411,20,0.99,1.4510427975077411
22,COMPLETE,2,42,26989,2856,424f72a3df11b24bdd551a74968aa5efe8f47b52221df203d3bd3ed6f8a96c5a,f1c78e2ff146b5069b0310a8b0222fe8d495ed8d7dbf78dc149a7df8702a8f3a,22444,13.575405299998238,0.44025611877441406,0.529296875,513542e17ddbca8b50109dcb24ce4faf75c9dfec77ac6fad24bc5d7e0de097a3,True,True,True,1,0.7956309321073595,4.855424705135968,3.3059192491846594,0.05827302257435176,0.45199282084537507,0.5544384627782998,4.824510014713929,0.8948962261214054,0.755706787724869,15.600921102209012,0.0,0.2013760805130005,0.0001547199353808537,0.2013815939426422,100.0,0.0,0.0,1.1599280834197998,1.1553655862808228,0.8488814234733582,1.4253830909729004,1.7103224992752075,1.7035951614379883,1.2516820430755615,2.1017379760742188,100.0,0.0,0.0,-10.159603118896484,TIT_INC,395,93025,13.57493840000825,FULL_BATCH,26989,400,0,75,400,MAX_EPOCHS,False,0,2048,deterministic_evenly_spaced_full_fold,54.0,36.622398376464815,320,308,96.25,TIT,1.4524626095825595,20,0.99,1.4524626095825595
22,COMPLETE,3,42,26466,3379,ad1e190147cfc7079fe69ab58be273b0089b28a9cb71d4377b9a01145e874910,b3de2bff6a2b887166deba8883b54b43de7150168fdd2094f9852f380bd9133e,37332,13.760723600003985,0.43737363815307617,0.521484375,513542e17ddbca8b50109dcb24ce4faf75c9dfec77ac6fad24bc5d7e0de097a3,True,True,True,1,0.6952298731902722,6.235622471219906,4.1610954467556684,0.06767919169307597,0.5519781983449515,-0.6245222179167861,6.205187732471512,0.8366488566132912,0.6655428285138061,20.80270532772889,0.0,0.2902422547340393,0.0002507115132175386,0.2902511954307556,100.0,0.0,0.0,1.105478048324585,1.087083339691162,0.7946474552154541,1.457266092300415,1.6491124629974365,1.6216720342636108,1.1854267120361328,2.1738975048065186,100.0,0.0,0.0,-10.51478385925293,TIT_INC,390,93025,13.760285500000464,FULL_BATCH,26466,400,0,75,400,MAX_EPOCHS,False,0,2048,deterministic_evenly_spaced_full_fold,54.0,36.19874954223633,320,317,99.0625,TIT,1.4666428059277477,20,0.99,1.4666428059277477
22,COMPLETE,4,42,27061,2784,2cf8e61e68345fca034455d14ca0a91ba8af3af3a30bcfad11a389cf00a64d26,e85c7d3201b31d98e24a7a8ea73439fb69c13286f849eaf6812d38684b5bedb5,29452,11.744752500002505,0.440462589263916,0.548828125,513542e17ddbca8b50109dcb24ce4faf75c9dfec77ac6fad24bc5d7e0de097a3,True,True,True,1,0.540009871417747,7.101106064838464,4.654687610165826,0.09482048018428182,0.6781039022472614,-1.3670971283967468,6.969519381928314,0.7473150946094715,0.5866519717632243,25.9011297718529,0.0,0.34874555468559265,0.00020258029690012336,0.3487527668476105,100.0,0.0,0.0,1.0902118682861328,1.0902475118637085,0.7813358306884766,1.3669462203979492,1.5950393676757812,1.5950913429260254,1.1431368589401245,1.9999165534973145,100.0,0.0,0.0,-9.5266752243042,TIT_INC,265,93025,11.744342799996957,FULL_BATCH,27061,400,0,75,325,EARLY_STOPPING,False,0,2048,deterministic_evenly_spaced_full_fold,53.699951171875,36.704002380371094,320,317,99.0625,TIT,1.460840509680585,20,0.99,1.460840509680585
23,COMPLETE,0,42,25813,4032,81354305b7b8066000bae764cd84c6a44c1e035572eb00baa18e30401895a2a4,6d4d4bf8c14384a72deec9ae950f7dbc99365946e460adffb80cf5c9ed8ff111,37332,85.9249959000008,0.13698244094848633,0.15234375,513542e17ddbca8b50109dcb24ce4faf75c9dfec77ac6fad24bc5d7e0de097a3,True,True,True,1,-0.1128539719548356,11.20283012304242,8.777153621590326,0.14506364290196133,1.0547881145070994,4.161807988371168,10.402384088793415,0.3374628652778352,0.20515280727985424,52.7765743161169,0.0,0.5122137665748596,1.004467248916626,0.5291137099266052,48.73046875,51.26953125,0.0,-0.02965259552001953,-0.046367816627025604,-2.8605990409851074,2.8046603202819824,-0.043751105666160583,-0.06841370463371277,-4.220688819885254,4.138154029846191,51.904296875,48.095703125,0.0,-1.4156813621520996,TIT_INC,55,59665,85.92462159998831,256,256,200,0,75,115,EARLY_STOPPING,False,0,2048,deterministic_evenly_spaced_full_fold,54.0999755859375,36.66660079956054,896,868,96.875,TIT,1.4710406161479248,20,0.99,1.4710406161479248
23,COMPLETE,1,42,27493,2352,db92a7db6dfa639d2026ff19c5b1159be2b53d1e09d9e6a72b1b767a05c21400,2ea764e1783688df4d4bc4d6bc4b7c6a52ae545bfb933c403a7aa96e5d21a797,29452,67.96102459999383,0.1286311149597168,0.134765625,513542e17ddbca8b50109dcb24ce4faf75c9dfec77ac6fad24bc5d7e0de097a3,True,True,True,1,0.13048168967358575,9.465513370658144,7.266808676881855,0.12484191354511974,0.9322814044950493,-0.9443657430661779,9.420289119267814,0.406337240344931,0.23059607269234542,50.21610453677392,0.0,0.3171219527721405,0.7540191411972046,0.32980814576148987,48.095703125,51.904296875,0.0,-0.018815476447343826,-0.05562443286180496,-2.0788867473602295,2.133021116256714,-0.027222804725170135,-0.08047907054424286,-3.0077948570251465,3.08611798286438,48.193359375,51.806640625,0.0,1.1956586837768555,TIT_INC,25,59665,67.960633900002,256,256,200,0,75,85,EARLY_STOPPING,False,0,2048,deterministic_evenly_spaced_full_fold,53.699951171875,37.11560134887693,896,892,99.55357142857143,TIT,1.4510427975077411,20,0.99,1.4510427975077411
23,COMPLETE,2,42,26989,2856,424f72a3df11b24bdd551a74968aa5efe8f47b52221df203d3bd3ed6f8a96c5a,f1c78e2ff146b5069b0310a8b0222fe8d495ed8d7dbf78dc149a7df8702a8f3a,29452,82.33502859999135,0.13164043426513672,0.15234375,513542e17ddbca8b50109dcb24ce4faf75c9dfec77ac6fad24bc5d7e0de097a3,True,True,True,1,-0.017946323353127402,10.836326470309015,8.1613485712965,0.13005360712512165,1.0087566106700072,3.292505209519416,10.325827506759703,0.3200742672209136,0.15447174019383292,55.37019563668268,0.0,0.46317794919013977,0.5739994645118713,0.47283536195755005,54.345703125,45.654296875,0.0,0.11436457931995392,0.11246442794799805,-1.7351664304733276,1.9447976350784302,0.1686314046382904,0.1658296436071396,-2.558515787124634,2.8676185607910156,46.923828125,53.076171875,0.0,1.3410542011260986,TIT_INC,20,59665,82.33276540000224,256,256,200,0,75,80,EARLY_STOPPING,False,0,2048,deterministic_evenly_spaced_full_fold,54.0,36.622398376464815,896,863,96.31696428571429,TIT,1.4524626095825595,20,0.99,1.4524626095825595
23,COMPLETE,3,42,26466,3379,ad1e190147cfc7079fe69ab58be273b0089b28a9cb71d4377b9a01145e874910,b3de2bff6a2b887166deba8883b54b43de7150168fdd2094f9852f380bd9133e,37332,81.13611720000335,0.13488101959228516,0.15234375,513542e17ddbca8b50109dcb24ce4faf75c9dfec77ac6fad24bc5d7e0de097a3,True,True,True,1,0.01749274587884231,11.195964129082927,8.371791111431591,0.12151694654034541,0.9910683556018569,0.8959120168739538,11.161712434285754,0.25968430582937685,0.12169184474845418,57.16532497083725,0.0,0.4686340093612671,0.6012370586395264,0.47874969244003296,53.466796875,46.533203125,0.0,0.11716730892658234,0.09808722138404846,-1.8083958625793457,2.021845817565918,0.1747860163450241,0.14632301032543182,-2.697700262069702,3.0161170959472656,50.5859375,49.4140625,0.0,-0.24119248986244202,TIT_INC,20,59665,81.13568859999941,256,256,200,0,75,80,EARLY_STOPPING,False,0,2048,deterministic_evenly_spaced_full_fold,54.0,36.19874954223633,896,868,96.875,TIT,1.4666428059277477,20,0.99,1.4666428059277477
23,COMPLETE,4,42,27061,2784,2cf8e61e68345fca034455d14ca0a91ba8af3af3a30bcfad11a389cf00a64d26,e85c7d3201b31d98e24a7a8ea73439fb69c13286f849eaf6812d38684b5bedb5,45688,83.27590130000317,0.13061046600341797,0.15234375,513542e17ddbca8b50109dcb24ce4faf75c9dfec77ac6fad24bc5d7e0de097a3,True,True,True,1,0.07799142033847684,10.053544967271765,7.547743080676287,0.1342441519175737,0.9600403108301383,-0.00568190799362358,10.055349441507339,0.32463863889826955,0.1591260618672373,55.46607499700427,0.0,0.3593364953994751,0.6385571360588074,0.3700800836086273,49.560546875,50.439453125,0.0,0.04513319581747055,-0.016261758282780647,-1.7516589164733887,2.0467007160186768,0.06603232026100159,-0.023791838437318802,-2.562772274017334,2.9944345951080322,54.6875,45.3125,0.0,-2.1486244201660156,TIT_INC,20,59665,83.2754918999999,256,256,200,0,75,80,EARLY_STOPPING,False,0,2048,deterministic_evenly_spaced_full_fold,53.699951171875,36.704002380371094,896,876,97.76785714285714,TIT,1.460840509680585,20,0.99,1.460840509680585
24,COMPLETE,0,42,25813,4032,81354305b7b8066000bae764cd84c6a44c1e035572eb00baa18e30401895a2a4,6d4d4bf8c14384a72deec9ae950f7dbc99365946e460adffb80cf5c9ed8ff111,29452,23.90221770000062,0.08141088485717773,0.091796875,513542e17ddbca8b50109dcb24ce4faf75c9dfec77ac6fad24bc5d7e0de097a3,True,True,True,1,-0.19355011500822594,11.601896581199984,9.526924266701652,0.15023109019380673,1.092361705496153,4.585945728279295,10.65839016826718,0.017193976223332918,0.0017709330390669761,65.64003672379931,0.0,0.5778146386146545,0.308218777179718,0.5778462886810303,51.3671875,48.6328125,0.0,0.012598223984241486,0.017605800181627274,-0.9078199863433838,0.8820410966873169,0.018588131293654442,0.02597659081220627,-1.3394489288330078,1.3014132976531982,50.732421875,49.267578125,0.0,-0.1462719440460205,TIT_INC,115,20449,23.90187010000227,1024,1024,600,60,75,175,EARLY_STOPPING,False,0,2048,deterministic_evenly_spaced_full_fold,54.0999755859375,36.66660079956054,896,868,96.875,TIT,1.4710406161479248,20,0.99,1.4710406161479248
24,COMPLETE,1,42,27493,2352,db92a7db6dfa639d2026ff19c5b1159be2b53d1e09d9e6a72b1b767a05c21400,2ea764e1783688df4d4bc4d6bc4b7c6a52ae545bfb933c403a7aa96e5d21a797,45688,20.01311130000977,0.07976007461547852,0.091796875,513542e17ddbca8b50109dcb24ce4faf75c9dfec77ac6fad24bc5d7e0de097a3,True,True,True,1,-0.014340583863005074,10.223431899022826,8.171786545085258,0.13483820172169741,1.0069306414088117,-1.190194308352308,10.156074627096977,0.03692065398761141,0.00299607254261659,65.1042291917393,0.0,0.3817553222179413,0.23334434628486633,0.381779283285141,49.90234375,50.09765625,0.0,-0.010956021957099438,-0.00039729775744490325,-0.6779690384864807,0.6241858005523682,-0.015851495787501335,-0.0005748221301473677,-0.9809056520462036,0.9030904173851013,50.1953125,49.8046875,0.0,-0.02064981684088707,TIT_INC,80,20449,20.012789400003385,1024,1024,600,60,75,140,EARLY_STOPPING,False,0,2048,deterministic_evenly_spaced_full_fold,53.699951171875,37.11560134887693,896,892,99.55357142857143,TIT,1.4510427975077411,20,0.99,1.4510427975077411
24,COMPLETE,2,42,26989,2856,424f72a3df11b24bdd551a74968aa5efe8f47b52221df203d3bd3ed6f8a96c5a,f1c78e2ff146b5069b0310a8b0222fe8d495ed8d7dbf78dc149a7df8702a8f3a,45688,12.840316299989354,0.08066701889038086,0.091796875,513542e17ddbca8b50109dcb24ce4faf75c9dfec77ac6fad24bc5d7e0de097a3,True,True,True,1,-0.13430369069257275,11.438901340015631,9.087372468633145,0.13728548921939202,1.0648504709745716,3.9105975380798683,10.751565728287098,0.015628653674137398,0.0009392336339683629,65.4446464658614,0.0,0.5382111668586731,0.16757255792617798,0.5382283926010132,47.94921875,52.05078125,0.0,-0.009173084050416946,-0.01410255953669548,-0.43853646516799927,0.4235789477825165,-0.013525780290365219,-0.020794328302145004,-0.6466253399848938,0.6245703101158142,51.26953125,48.73046875,0.0,-0.09331493079662323,TIT_INC,1,20449,12.839557100000093,1024,1024,600,60,75,75,EARLY_STOPPING,False,0,2048,deterministic_evenly_spaced_full_fold,54.0,36.622398376464815,896,863,96.31696428571429,TIT,1.4524626095825595,20,0.99,1.4524626095825595
24,COMPLETE,3,42,26466,3379,ad1e190147cfc7079fe69ab58be273b0089b28a9cb71d4377b9a01145e874910,b3de2bff6a2b887166deba8883b54b43de7150168fdd2094f9852f380bd9133e,29452,15.133259199996246,0.08165359497070312,0.091796875,513542e17ddbca8b50109dcb24ce4faf75c9dfec77ac6fad24bc5d7e0de097a3,True,True,True,1,-0.0121644960192282,11.363684440699254,8.487850857543043,0.12333732216011623,1.005914981718034,1.2630174258080555,11.294948718758459,0.03402745231362675,0.0021315924690996457,65.19213975188828,0.0,0.5090572237968445,0.1772906333208084,0.5090754628181458,49.658203125,50.341796875,0.0,-0.0017467904835939407,-0.002512016799300909,-0.48436248302459717,0.4831814765930176,-0.002605798654258251,-0.0037473365664482117,-0.7225545644760132,0.720792829990387,50.537109375,49.462890625,0.0,-0.06405413150787354,TIT_INC,35,20449,15.132936199996038,1024,1024,600,60,75,95,EARLY_STOPPING,False,0,2048,deterministic_evenly_spaced_full_fold,54.0,36.19874954223633,896,868,96.875,TIT,1.4666428059277477,20,0.99,1.4666428059277477
24,COMPLETE,4,42,27061,2784,2cf8e61e68345fca034455d14ca0a91ba8af3af3a30bcfad11a389cf00a64d26,e85c7d3201b31d98e24a7a8ea73439fb69c13286f849eaf6812d38684b5bedb5,22128,13.427246899998863,0.08053779602050781,0.091796875,513542e17ddbca8b50109dcb24ce4faf75c9dfec77ac6fad24bc5d7e0de097a3,True,True,True,1,-0.0045863834669706005,10.494104564052805,8.097394570536997,0.1401269076650788,1.0021105431322521,-0.8274697599739864,10.463309677886452,0.04398882194107094,0.0026650417279577886,64.96589099154937,0.0,0.3997597098350525,0.16339033842086792,0.39977648854255676,48.095703125,51.904296875,0.0,-0.010428929701447487,-0.011556725949048996,-0.42994779348373413,0.4166187047958374,-0.01525808870792389,-0.01690811850130558,-0.6290370225906372,0.609535813331604,50.732421875,49.267578125,0.0,-0.06800712645053864,TIT_INC,5,20449,13.426908399997046,1024,1024,600,60,75,75,EARLY_STOPPING,False,0,2048,deterministic_evenly_spaced_full_fold,53.699951171875,36.704002380371094,896,876,97.76785714285714,TIT,1.460840509680585,20,0.99,1.460840509680585
25,COMPLETE,0,42,25813,4032,81354305b7b8066000bae764cd84c6a44c1e035572eb00baa18e30401895a2a4,6d4d4bf8c14384a72deec9ae950f7dbc99365946e460adffb80cf5c9ed8ff111,29452,62.78485259998706,0.12612485885620117,0.130859375,513542e17ddbca8b50109dcb24ce4faf75c9dfec77ac6fad24bc5d7e0de097a3,True,True,True,1,0.7191077907141679,5.628316448245888,3.7752674061154563,0.07288016317486075,0.5299269228481629,0.7020444869995117,5.585052899779411,0.860499687639507,0.852594459708178,9.717721918252801,0.0,0.2567614018917084,0.0009566754451952875,204.72952270507812,99.90234375,0.09765625,0.0,1.4822134971618652,1.516780972480774,0.8188283443450928,2.0374741554260254,2.186941623687744,2.2379441261291504,1.2081456184387207,3.006204605102539,98.388671875,1.611328125,0.0,-16.197471618652344,TIT_INC,55,76195,62.78367689999868,512,512,600,150,150,150,EARLY_STOPPING,False,0,2048,deterministic_evenly_spaced_full_fold,54.0999755859375,36.66660079956054,3584,3546,98.93973214285714,TIT,1.4710406161479248,20,0.99,1.4710406161479248
25,COMPLETE,1,42,27493,2352,db92a7db6dfa639d2026ff19c5b1159be2b53d1e09d9e6a72b1b767a05c21400,2ea764e1783688df4d4bc4d6bc4b7c6a52ae545bfb933c403a7aa96e5d21a797,22128,66.00207970000338,0.11718940734863281,0.134765625,513542e17ddbca8b50109dcb24ce4faf75c9dfec77ac6fad24bc5d7e0de097a3,True,True,True,1,0.7409165673825575,5.166835425700897,3.6329864871745206,0.06814607895613414,0.5088941718046807,-1.5586118762995922,4.92719385561563,0.8787052376790034,0.848880361315817,8.489883470814542,0.0,0.19808818399906158,0.0027805124409496784,-5.371073246002197,99.4140625,0.5859375,0.0,0.9477464556694031,0.8937231302261353,0.4750863015651703,1.6448185443878174,1.3712276220321655,1.293065071105957,0.6873688697814941,2.3797719478607178,98.583984375,1.416015625,0.0,-13.100276947021484,TIT_INC,25,76195,66.00165070001094,512,512,600,150,150,150,EARLY_STOPPING,False,0,2048,deterministic_evenly_spaced_full_fold,53.699951171875,37.11560134887693,3584,3547,98.96763392857143,TIT,1.4510427975077411,20,0.99,1.4510427975077411
25,COMPLETE,2,42,26989,2856,424f72a3df11b24bdd551a74968aa5efe8f47b52221df203d3bd3ed6f8a96c5a,f1c78e2ff146b5069b0310a8b0222fe8d495ed8d7dbf78dc149a7df8702a8f3a,29452,85.52708660000644,0.11995840072631836,0.130859375,513542e17ddbca8b50109dcb24ce4faf75c9dfec77ac6fad24bc5d7e0de097a3,True,True,True,1,0.7881962516045785,4.94295278999201,3.455710644815482,0.0593235024755869,0.4601408343312866,-0.32389507640977533,4.933193226544009,0.892097475234484,0.8690346169837581,7.742511450272429,0.0,0.20435690879821777,0.0003542958584148437,-5.242218017578125,99.951171875,0.048828125,0.0,1.224462866783142,1.2087664604187012,0.7049162983894348,1.8057096004486084,1.8054797649383545,1.7823352813720703,1.0394043922424316,2.662532329559326,99.658203125,0.341796875,0.0,-12.51807975769043,TIT_INC,40,76195,85.52666270000918,512,512,600,150,150,150,EARLY_STOPPING,False,0,2048,deterministic_evenly_spaced_full_fold,54.0,36.622398376464815,3584,3557,99.24665178571429,TIT,1.4524626095825595,20,0.99,1.4524626095825595
25,COMPLETE,3,42,26466,3379,ad1e190147cfc7079fe69ab58be273b0089b28a9cb71d4377b9a01145e874910,b3de2bff6a2b887166deba8883b54b43de7150168fdd2094f9852f380bd9133e,22128,84.02273899999273,0.12243080139160156,0.130859375,513542e17ddbca8b50109dcb24ce4faf75c9dfec77ac6fad24bc5d7e0de097a3,True,True,True,1,0.7624219617538033,5.505499930880686,3.8911790681259277,0.05975470563011736,0.4873476460227808,0.12231243570445734,5.5049557355115,0.8738825352977823,0.7930656654505642,13.379702174708955,0.0,0.2346828430891037,0.0014046637807041407,93.97006225585938,99.70703125,0.29296875,0.0,1.3803889751434326,1.404764175415039,0.7205637693405151,1.9107720851898193,2.0592150688171387,2.095576763153076,1.0749112367630005,2.85042142868042,99.0234375,0.9765625,0.0,-17.23027801513672,TIT_INC,50,76195,84.02230640000198,512,512,600,150,150,150,EARLY_STOPPING,False,0,2048,deterministic_evenly_spaced_full_fold,54.0,36.19874954223633,3584,3558,99.27455357142857,TIT,1.4666428059277477,20,0.99,1.4666428059277477
25,COMPLETE,4,42,27061,2784,2cf8e61e68345fca034455d14ca0a91ba8af3af3a30bcfad11a389cf00a64d26,e85c7d3201b31d98e24a7a8ea73439fb69c13286f849eaf6812d38684b5bedb5,23676,86.33439720000024,0.11879777908325195,0.130859375,513542e17ddbca8b50109dcb24ce4faf75c9dfec77ac6fad24bc5d7e0de097a3,True,True,True,1,0.5953723819828171,6.660080903145467,4.608682874975534,0.08893150778713008,0.6359892118873935,0.30364070678579397,6.654350852519426,0.7827673260603373,0.7133072881771059,19.216521336656495,0.0,0.3036699891090393,0.0011474665952846408,27.741924285888672,99.8046875,0.1953125,0.0,1.2128825187683105,1.2036256790161133,0.5368455052375793,1.833489179611206,1.7745131254196167,1.760969877243042,0.7854342460632324,2.6824944019317627,97.4609375,2.5390625,0.0,-14.165847778320312,TIT_INC,45,76195,86.33394039999985,512,512,600,150,150,150,EARLY_STOPPING,False,0,2048,deterministic_evenly_spaced_full_fold,53.699951171875,36.704002380371094,3584,3565,99.46986607142857,TIT,1.460840509680585,20,0.99,1.460840509680585
26,COMPLETE,0,42,25813,4032,81354305b7b8066000bae764cd84c6a44c1e035572eb00baa18e30401895a2a4,6d4d4bf8c14384a72deec9ae950f7dbc99365946e460adffb80cf5c9ed8ff111,29452,637.7260205000057,0.09937763214111328,0.103515625,513542e17ddbca8b50109dcb24ce4faf75c9dfec77ac6fad24bc5d7e0de097a3,True,True,True,1,0.8220610812525986,4.47965052177137,2.8707157240973578,0.05800627310051072,0.4217757544846845,1.1372313064242165,4.3334317984126915,0.915150235669108,0.8951694351812998,7.548920822777677,0.0,0.059396952390670776,9.892785783449654e-06,0.0594043992459774,99.365234375,0.634765625,0.0,0.7175756692886353,0.547878623008728,0.10665958374738693,1.9745022058486938,1.0587517023086548,0.8083710670471191,0.15737158060073853,2.913292169570923,73.53515625,26.46484375,0.0,-1.7053229808807373,TIT_INC,175,27153,637.7255850000074,64,64,400,40,75,235,EARLY_STOPPING,False,0,2048,deterministic_evenly_spaced_full_fold,54.0999755859375,36.66660079956054,1792,1785,99.609375,TIT,1.4710406161479248,20,0.99,1.4710406161479248
26,COMPLETE,1,42,27493,2352,db92a7db6dfa639d2026ff19c5b1159be2b53d1e09d9e6a72b1b767a05c21400,2ea764e1783688df4d4bc4d6bc4b7c6a52ae545bfb933c403a7aa96e5d21a797,23676,754.2805725000071,0.0939784049987793,0.10546875,513542e17ddbca8b50109dcb24ce4faf75c9dfec77ac6fad24bc5d7e0de097a3,True,True,True,1,0.8381981938773949,4.083160862374585,2.8390842149046813,0.05385335115066678,0.40216043171561394,-0.20383979349720235,4.078936850410581,0.9159945179088548,0.8583584273224463,9.214424413597527,0.0,0.05063328891992569,0.001592052518390119,0.05183175206184387,98.388671875,1.611328125,0.0,0.6352660655975342,0.45439571142196655,0.044764477759599686,2.0631399154663086,0.9191217422485352,0.6574331521987915,0.06476657092571259,2.9850120544433594,79.58984375,20.41015625,0.0,-1.9357078075408936,TIT_INC,200,27153,754.2801982999954,64,64,400,40,75,260,EARLY_STOPPING,False,0,2048,deterministic_evenly_spaced_full_fold,53.699951171875,37.11560134887693,1792,1783,99.49776785714286,TIT,1.4510427975077411,20,0.99,1.4510427975077411
26,COMPLETE,2,42,26989,2856,424f72a3df11b24bdd551a74968aa5efe8f47b52221df203d3bd3ed6f8a96c5a,f1c78e2ff146b5069b0310a8b0222fe8d495ed8d7dbf78dc149a7df8702a8f3a,29452,833.2809355000063,0.09559869766235352,0.103515625,513542e17ddbca8b50109dcb24ce4faf75c9dfec77ac6fad24bc5d7e0de097a3,True,True,True,1,0.8717480410455971,3.846375195748376,2.6046294444749334,0.046162781264877044,0.3580601245689188,0.5825772539240306,3.8026660396463465,0.9354614104210737,0.8564294212325424,9.425361712972517,0.0,0.04754447564482689,4.900268777419114e-07,0.04754484444856644,99.853515625,0.146484375,0.0,0.7675802707672119,0.61979079246521,0.14741185307502747,1.9503246545791626,1.1318029165267944,0.9138861894607544,0.21735987067222595,2.8757681846618652,82.6171875,17.3828125,0.0,-2.236875057220459,TIT_INC,170,27153,833.2798994999903,64,64,400,40,75,230,EARLY_STOPPING,False,0,2048,deterministic_evenly_spaced_full_fold,54.0,36.622398376464815,1792,1785,99.609375,TIT,1.4524626095825595,20,0.99,1.4524626095825595
26,COMPLETE,3,42,26466,3379,ad1e190147cfc7079fe69ab58be273b0089b28a9cb71d4377b9a01145e874910,b3de2bff6a2b887166deba8883b54b43de7150168fdd2094f9852f380bd9133e,23676,737.0955294000014,0.09728193283081055,0.103515625,513542e17ddbca8b50109dcb24ce4faf75c9dfec77ac6fad24bc5d7e0de097a3,True,True,True,1,0.8194032017603036,4.800081804641477,3.2824796409640804,0.05209835234544298,0.4249039319912585,0.2229204372599055,4.79561236291715,0.9069743070791946,0.7745268742634602,14.66801051894846,0.0,0.07065806537866592,1.699964195722714e-05,0.07067086547613144,99.4140625,0.5859375,0.0,0.724665641784668,0.5828602313995361,0.10521958023309708,1.87018620967865,1.0810301303863525,0.8694900274276733,0.1569627970457077,2.789876937866211,82.763671875,17.236328125,0.0,-3.773446559906006,TIT_INC,140,27153,737.0951471000008,64,64,400,40,75,200,EARLY_STOPPING,False,0,2048,deterministic_evenly_spaced_full_fold,54.0,36.19874954223633,1792,1785,99.609375,TIT,1.4666428059277477,20,0.99,1.4666428059277477
26,COMPLETE,4,42,27061,2784,2cf8e61e68345fca034455d14ca0a91ba8af3af3a30bcfad11a389cf00a64d26,e85c7d3201b31d98e24a7a8ea73439fb69c13286f849eaf6812d38684b5bedb5,35028,834.9523250000057,0.09536600112915039,0.103515625,513542e17ddbca8b50109dcb24ce4faf75c9dfec77ac6fad24bc5d7e0de097a3,True,True,True,1,0.687211108355026,5.855680926432399,3.4134631691307855,0.07819042163016768,0.5591748736425887,-0.649284561475118,5.8206183577238075,0.8339770419353096,0.7512194787607328,15.76256027168515,0.0,0.08621536195278168,0.002804944757372141,0.08832686394453049,98.53515625,1.46484375,0.0,0.8145244121551514,0.49363982677459717,0.05294002592563629,2.644622325897217,1.1916935443878174,0.7222219705581665,0.07745414227247238,3.8692262172698975,67.041015625,32.958984375,0.0,-2.0104970932006836,TIT_INC,170,27153,834.9519063000043,64,64,400,40,75,230,EARLY_STOPPING,False,0,2048,deterministic_evenly_spaced_full_fold,53.699951171875,36.704002380371094,1792,1755,97.93526785714286,TIT,1.460840509680585,20,0.99,1.460840509680585
27,COMPLETE,0,42,25813,4032,81354305b7b8066000bae764cd84c6a44c1e035572eb00baa18e30401895a2a4,6d4d4bf8c14384a72deec9ae950f7dbc99365946e460adffb80cf5c9ed8ff111,29452,364.3145622000011,0.08062934875488281,0.087890625,513542e17ddbca8b50109dcb24ce4faf75c9dfec77ac6fad24bc5d7e0de097a3,True,True,True,1,0.7682911848159002,5.11187162305888,3.452079715236785,0.06619280231366184,0.4813017221245073,1.678469093072982,4.829053392129863,0.8908833555983234,0.8115129437216352,13.206790864479965,0.0,0.06621982902288437,0.0,-8.631856918334961,100.0,0.0,0.0,1.3311282396316528,1.2396471500396729,0.5515522360801697,2.375678777694702,1.9640218019485474,1.8290455341339111,0.8137913346290588,3.5052108764648438,100.0,0.0,0.0,-6.472751140594482,TIT_INC,135,9379,364.3142031000025,64,64,300,30,75,195,EARLY_STOPPING,False,0,2048,deterministic_evenly_spaced_full_fold,54.0999755859375,36.66660079956054,3584,3517,98.13058035714286,TIT,1.4710406161479248,20,0.99,1.4710406161479248
27,COMPLETE,1,42,27493,2352,db92a7db6dfa639d2026ff19c5b1159be2b53d1e09d9e6a72b1b767a05c21400,2ea764e1783688df4d4bc4d6bc4b7c6a52ae545bfb933c403a7aa96e5d21a797,35028,144.33645319999778,0.0780329704284668,0.087890625,513542e17ddbca8b50109dcb24ce4faf75c9dfec77ac6fad24bc5d7e0de097a3,True,True,True,1,0.7572001825723043,5.001830671086401,3.329334273630259,0.06596980932304986,0.4926424527106885,-1.4886518449199444,4.776183067514397,0.8825110366521233,0.788440816902519,12.57868900835605,0.0,0.05994400754570961,0.0,-1.1021243333816528,100.0,0.0,0.0,1.0825506448745728,1.15358567237854,0.46394193172454834,1.3692066669464111,1.5662662982940674,1.6690418720245361,0.6712449193000793,1.9810086488723755,100.0,0.0,0.0,-10.131502151489258,TIT_INC,10,9379,144.33612049999647,64,64,300,30,75,75,EARLY_STOPPING,False,0,2048,deterministic_evenly_spaced_full_fold,53.699951171875,37.11560134887693,3584,3515,98.07477678571429,TIT,1.4510427975077411,20,0.99,1.4510427975077411
27,COMPLETE,2,42,26989,2856,424f72a3df11b24bdd551a74968aa5efe8f47b52221df203d3bd3ed6f8a96c5a,f1c78e2ff146b5069b0310a8b0222fe8d495ed8d7dbf78dc149a7df8702a8f3a,35028,493.4753023000085,0.0788125991821289,0.087890625,513542e17ddbca8b50109dcb24ce4faf75c9dfec77ac6fad24bc5d7e0de097a3,True,True,True,1,0.8505791569888232,4.151693009713339,2.859953793490968,0.04982709344064042,0.38648224382089524,0.5180906394616562,4.119961194187579,0.9235937251420058,0.8429356979116743,10.191979130414559,0.0,0.048654403537511826,0.0,-10.975740432739258,100.0,0.0,0.0,1.4882818460464478,1.4012184143066406,0.5592061877250671,2.8953702449798584,2.1944828033447266,2.0661070346832275,0.8245537281036377,4.269245147705078,96.38671875,3.61328125,0.0,-6.582149505615234,TIT_INC,170,9379,493.47497520000616,64,64,300,30,75,230,EARLY_STOPPING,False,0,2048,deterministic_evenly_spaced_full_fold,54.0,36.622398376464815,3584,3534,98.60491071428571,TIT,1.4524626095825595,20,0.99,1.4524626095825595
27,COMPLETE,3,42,26466,3379,ad1e190147cfc7079fe69ab58be273b0089b28a9cb71d4377b9a01145e874910,b3de2bff6a2b887166deba8883b54b43de7150168fdd2094f9852f380bd9133e,29452,376.2153537999984,0.07962179183959961,0.087890625,513542e17ddbca8b50109dcb24ce4faf75c9dfec77ac6fad24bc5d7e0de097a3,True,True,True,1,0.7412293207273495,5.745808513739836,3.8028134619494662,0.06236292810026861,0.5086197963535035,-0.34557722757186504,5.73625573305375,0.8634699092551938,0.6951215307752863,19.18667051828262,0.0,0.07517576962709427,0.0,-6.533956527709961,100.0,0.0,0.0,1.3639562129974365,1.3429808616638184,0.37878674268722534,2.514543294906616,2.034701108932495,2.003410816192627,0.5650604963302612,3.751105785369873,100.0,0.0,0.0,-7.401769161224365,TIT_INC,115,9379,376.2149896000046,64,64,300,30,75,175,EARLY_STOPPING,False,0,2048,deterministic_evenly_spaced_full_fold,54.0,36.19874954223633,3584,3536,98.66071428571429,TIT,1.4666428059277477,20,0.99,1.4666428059277477
27,COMPLETE,4,42,27061,2784,2cf8e61e68345fca034455d14ca0a91ba8af3af3a30bcfad11a389cf00a64d26,e85c7d3201b31d98e24a7a8ea73439fb69c13286f849eaf6812d38684b5bedb5,46448,261.8583682000026,0.07870149612426758,0.087890625,513542e17ddbca8b50109dcb24ce4faf75c9dfec77ac6fad24bc5d7e0de097a3,True,True,True,1,0.5445501045343275,7.065974193381571,4.405009069661984,0.09435136721921715,0.67474906443599,-1.7443442646114307,6.848510889765394,0.7612885808327915,0.644399304688605,21.714338935113943,0.0,0.09650003165006638,0.0,-3.6978507041931152,100.0,0.0,0.0,1.3588333129882812,1.3621752262115479,0.7642234563827515,1.8878138065338135,1.9880468845367432,1.992936372756958,1.1181005239486694,2.761974334716797,100.0,0.0,0.0,-10.578661918640137,TIT_INC,50,9379,261.8580212000088,64,64,300,30,75,110,EARLY_STOPPING,False,0,2048,deterministic_evenly_spaced_full_fold,53.699951171875,36.704002380371094,3584,3548,98.99553571428571,TIT,1.460840509680585,20,0.99,1.460840509680585
28,COMPLETE,0,42,25813,4032,81354305b7b8066000bae764cd84c6a44c1e035572eb00baa18e30401895a2a4,6d4d4bf8c14384a72deec9ae950f7dbc99365946e460adffb80cf5c9ed8ff111,29452,34.11095309999655,0.08914470672607422,0.09375,513542e17ddbca8b50109dcb24ce4faf75c9dfec77ac6fad24bc5d7e0de097a3,True,True,True,1,-0.26159791185328296,11.928041491439808,9.995517705168043,0.1544542881066278,1.1230694615854264,6.460457734645359,10.028240201841664,0.341326773068637,0.08595521616363441,62.365635467272874,0.0,1.007948637008667,0.007656448986381292,-1.9337084293365479,66.50390625,33.49609375,1.07421875,0.09938269853591919,2.9573166102636606e-05,-0.0012879053829237819,0.2886858284473419,0.14663486182689667,4.3633917812258005e-05,-0.0019002483459189534,0.42594337463378906,44.970703125,54.98046875,0.048828125,0.00011043142876587808,TIT_INC,40,48643,34.11057940000319,512,512,400,0,75,100,EARLY_STOPPING,False,0,2048,deterministic_evenly_spaced_full_fold,54.0999755859375,36.66660079956054,1280,1275,99.609375,TIT,1.4710406161479248,20,0.99,1.4710406161479248
28,COMPLETE,1,42,27493,2352,db92a7db6dfa639d2026ff19c5b1159be2b53d1e09d9e6a72b1b767a05c21400,2ea764e1783688df4d4bc4d6bc4b7c6a52ae545bfb933c403a7aa96e5d21a797,35028,28.634924799989676,0.08632850646972656,0.09375,513542e17ddbca8b50109dcb24ce4faf75c9dfec77ac6fad24bc5d7e0de097a3,True,True,True,1,0.14630597159366576,9.378986897658224,7.4263032358519885,0.12370070439579824,0.9237592019883765,1.3422415418689753,9.28441881398974,0.4068933734686968,0.1826895063199678,55.68819395679469,0.0,0.6073813438415527,0.02144375815987587,-1.0120278596878052,66.943359375,33.056640625,0.048828125,0.13243047893047333,0.0004608016461133957,-0.023487843573093414,1.1285449266433716,0.19160431623458862,0.0006667014677077532,-0.033982910215854645,1.6328120231628418,45.556640625,54.443359375,0.0,0.0009877204429358244,TIT_INC,20,48643,28.6345588999975,512,512,400,0,75,80,EARLY_STOPPING,False,0,2048,deterministic_evenly_spaced_full_fold,53.699951171875,37.11560134887693,1280,1273,99.453125,TIT,1.4510427975077411,20,0.99,1.4510427975077411
28,COMPLETE,2,42,26989,2856,424f72a3df11b24bdd551a74968aa5efe8f47b52221df203d3bd3ed6f8a96c5a,f1c78e2ff146b5069b0310a8b0222fe8d495ed8d7dbf78dc149a7df8702a8f3a,35028,57.082292499995674,0.08753156661987305,0.09375,513542e17ddbca8b50109dcb24ce4faf75c9dfec77ac6fad24bc5d7e0de097a3,True,True,True,1,-0.10949982509008516,11.313142583243982,9.329575927317643,0.13577617884649612,1.0531435537281568,5.991314469933176,9.598104093747422,0.46768549370383106,0.15765356292401406,57.87303039569482,0.0,0.9035454988479614,0.011070720851421356,-2.476555109024048,76.46484375,23.53515625,0.0,0.09104646742343903,0.001998729072511196,-0.004150811582803726,0.47099870443344116,0.13424870371818542,0.0029471409507095814,-0.006120402365922928,0.6944911479949951,50.927734375,49.072265625,0.0,-0.0007518735947087407,TIT_INC,85,48643,57.081895199997234,512,512,400,0,75,145,EARLY_STOPPING,False,0,2048,deterministic_evenly_spaced_full_fold,54.0,36.622398376464815,1280,1275,99.609375,TIT,1.4524626095825595,20,0.99,1.4524626095825595
28,COMPLETE,3,42,26466,3379,ad1e190147cfc7079fe69ab58be273b0089b28a9cb71d4377b9a01145e874910,b3de2bff6a2b887166deba8883b54b43de7150168fdd2094f9852f380bd9133e,29452,34.50568289999501,0.08877992630004883,0.09375,513542e17ddbca8b50109dcb24ce4faf75c9dfec77ac6fad24bc5d7e0de097a3,True,True,True,1,0.08623709841491434,10.797180868849047,8.359896191057633,0.11718869722154426,0.9557680040283018,3.5187283267845024,10.209236584618484,0.42887748694673083,0.17299048884668547,56.50165854518093,0.0,0.8177431225776672,0.025097182020545006,-0.6852407455444336,65.478515625,34.521484375,0.1953125,0.06632861495018005,0.000289472023723647,-0.01769978553056717,0.5003809928894043,0.09894664585590363,0.0004318240098655224,-0.02640390582382679,0.7464503645896912,46.38671875,53.61328125,0.0,0.0009192246943712234,TIT_INC,20,48643,34.50530279999657,512,512,400,0,75,80,EARLY_STOPPING,False,0,2048,deterministic_evenly_spaced_full_fold,54.0,36.19874954223633,1280,1275,99.609375,TIT,1.4666428059277477,20,0.99,1.4666428059277477
28,COMPLETE,4,42,27061,2784,2cf8e61e68345fca034455d14ca0a91ba8af3af3a30bcfad11a389cf00a64d26,e85c7d3201b31d98e24a7a8ea73439fb69c13286f849eaf6812d38684b5bedb5,33228,85.73065739999583,0.08736419677734375,0.09375,513542e17ddbca8b50109dcb24ce4faf75c9dfec77ac6fad24bc5d7e0de097a3,True,True,True,1,0.09116596842208291,9.981459158095348,7.8276916454578265,0.13328159608779594,0.9531566411520834,1.62570360611225,9.849947429998116,0.34041329950767546,0.12426287196443805,59.39735625947327,0.0,0.6880400776863098,0.015816334635019302,-1.839096188545227,70.556640625,29.443359375,0.244140625,0.13313837349414825,0.00036305346293374896,-0.010508377104997635,1.0813974142074585,0.19478867948055267,0.0005311669665388763,-0.015374327078461647,1.5821433067321777,51.806640625,48.14453125,0.048828125,-0.00019931557471863925,TIT_INC,165,48643,85.73025490000146,512,512,400,0,75,225,EARLY_STOPPING,False,0,2048,deterministic_evenly_spaced_full_fold,53.699951171875,36.704002380371094,1280,1253,97.890625,TIT,1.460840509680585,20,0.99,1.460840509680585
29,COMPLETE,0,42,25813,4032,81354305b7b8066000bae764cd84c6a44c1e035572eb00baa18e30401895a2a4,6d4d4bf8c14384a72deec9ae950f7dbc99365946e460adffb80cf5c9ed8ff111,35028,331.9879707000073,0.0838937759399414,0.1015625,513542e17ddbca8b50109dcb24ce4faf75c9dfec77ac6fad24bc5d7e0de097a3,True,True,True,1,0.4456075880150149,7.907101234417239,5.414258669293116,0.10238778034310259,0.7444829842695757,1.8205116949384175,7.69562702210956,0.7137841168658197,0.6420523022691071,23.713453938578926,0.0,0.4944002032279968,0.19951963424682617,1.9896390438079834,76.708984375,23.291015625,0.0,0.5804057121276855,0.599195659160614,-0.8883054256439209,2.0333077907562256,0.8563632965087891,0.884087085723877,-1.3106560707092285,3.0000569820404053,55.712890625,44.287109375,0.0,-2.6616404056549072,TIT_INC,30,18657,331.9876232999959,128,128,700,350,350,350,EARLY_STOPPING,False,0,2048,deterministic_evenly_spaced_full_fold,54.0999755859375,36.66660079956054,192,192,100.0,TIT,1.4710406161479248,20,0.99,1.4710406161479248
29,COMPLETE,1,42,27493,2352,db92a7db6dfa639d2026ff19c5b1159be2b53d1e09d9e6a72b1b767a05c21400,2ea764e1783688df4d4bc4d6bc4b7c6a52ae545bfb933c403a7aa96e5d21a797,33228,352.63772689999314,0.08109188079833984,0.103515625,513542e17ddbca8b50109dcb24ce4faf75c9dfec77ac6fad24bc5d7e0de097a3,True,True,True,1,0.5302060099660791,6.957585239439444,5.150304826749426,0.09176451618962808,0.6852694708588872,-0.12003906730080949,6.95802897674094,0.7460399852280749,0.6774014549118418,21.33071351210856,0.0,0.33151695132255554,0.2280896157026291,2.040864944458008,69.3359375,30.6640625,0.0,0.40466517210006714,0.3646085858345032,-0.9062859416007996,1.8599188327789307,0.5854815244674683,0.5275264978408813,-1.3112412691116333,2.6909854412078857,51.025390625,48.974609375,0.0,-0.24387656152248383,TIT_INC,5,18657,352.6373845999915,128,128,700,350,350,350,EARLY_STOPPING,False,0,2048,deterministic_evenly_spaced_full_fold,53.699951171875,37.11560134887693,192,183,95.3125,TIT,1.4510427975077411,20,0.99,1.4510427975077411
29,COMPLETE,2,42,26989,2856,424f72a3df11b24bdd551a74968aa5efe8f47b52221df203d3bd3ed6f8a96c5a,f1c78e2ff146b5069b0310a8b0222fe8d495ed8d7dbf78dc149a7df8702a8f3a,35028,466.03291779999563,0.08193302154541016,0.1015625,513542e17ddbca8b50109dcb24ce4faf75c9dfec77ac6fad24bc5d7e0de097a3,True,True,True,1,0.6044383704413543,6.7550212619746235,4.799580105212557,0.08107128220377795,0.6288267866332602,0.5897773333958217,6.730403829529433,0.7935153374273869,0.7479319958821338,16.1151241598313,0.0,0.3783925771713257,0.1095685064792633,1.1995203495025635,85.888671875,14.111328125,0.0,0.9504546523094177,0.9461060762405396,-0.48968279361724854,2.494288921356201,1.4014525413513184,1.395040512084961,-0.7220409512519836,3.6778476238250732,55.224609375,44.775390625,0.0,-2.6670303344726562,TIT_INC,310,18657,466.03256419999525,128,128,700,350,350,370,EARLY_STOPPING,False,0,2048,deterministic_evenly_spaced_full_fold,54.0,36.622398376464815,192,187,97.39583333333333,TIT,1.4524626095825595,20,0.99,1.4524626095825595
29,COMPLETE,3,42,26466,3379,ad1e190147cfc7079fe69ab58be273b0089b28a9cb71d4377b9a01145e874910,b3de2bff6a2b887166deba8883b54b43de7150168fdd2094f9852f380bd9133e,33228,438.3881939999992,0.08280658721923828,0.1015625,513542e17ddbca8b50109dcb24ce4faf75c9dfec77ac6fad24bc5d7e0de097a3,True,True,True,1,0.5621529779485739,7.474029638060469,5.284026391762324,0.08112041531197228,0.6616021789379266,0.4978760332354218,7.458532151075341,0.7562120874191993,0.6384756236486929,23.659182579466485,0.0,0.42311206459999084,0.23417720198631287,2.178081512451172,74.4140625,25.5859375,0.0,0.49934709072113037,0.5056767463684082,-0.9930093884468079,1.9761677980422974,0.7449081540107727,0.7543505430221558,-1.4813358783721924,2.9479763507843018,53.759765625,46.240234375,0.0,-1.6157212257385254,TIT_INC,15,18657,438.3878346999991,128,128,700,350,350,350,EARLY_STOPPING,False,0,2048,deterministic_evenly_spaced_full_fold,54.0,36.19874954223633,192,192,100.0,TIT,1.4666428059277477,20,0.99,1.4666428059277477
29,COMPLETE,4,42,27061,2784,2cf8e61e68345fca034455d14ca0a91ba8af3af3a30bcfad11a389cf00a64d26,e85c7d3201b31d98e24a7a8ea73439fb69c13286f849eaf6812d38684b5bedb5,40500,448.6177650000027,0.08180856704711914,0.1015625,513542e17ddbca8b50109dcb24ce4faf75c9dfec77ac6fad24bc5d7e0de097a3,True,True,True,1,0.4402360206443279,7.833470598924642,5.5935043850164305,0.10459968305182396,0.7480393804526037,0.0542771953275834,7.83468977517104,0.6858194772288079,0.58930484735194,27.147496091305822,0.0,0.43014058470726013,0.27276328206062317,2.4742815494537354,66.552734375,33.447265625,0.0,0.29413872957229614,0.31051045656204224,-1.0582870244979858,1.5612785816192627,0.430340975522995,0.4542936682701111,-1.5483314990997314,2.2842354774475098,55.517578125,44.482421875,0.0,-2.42571759223938,TIT_INC,5,18657,448.61739739999757,128,128,700,350,350,350,EARLY_STOPPING,False,0,2048,deterministic_evenly_spaced_full_fold,53.699951171875,36.704002380371094,192,192,100.0,TIT,1.460840509680585,20,0.99,1.460840509680585
30,COMPLETE,0,42,25813,4032,81354305b7b8066000bae764cd84c6a44c1e035572eb00baa18e30401895a2a4,6d4d4bf8c14384a72deec9ae950f7dbc99365946e460adffb80cf5c9ed8ff111,40500,840.2787687000091,0.09206914901733398,0.09765625,513542e17ddbca8b50109dcb24ce4faf75c9dfec77ac6fad24bc5d7e0de097a3,True,True,True,1,0.8289348266776131,4.392274371147038,2.7966944632076083,0.05687485339914032,0.413548964989737,0.6888098215299939,4.33846555895631,0.9160599999632436,0.9102654666267374,6.17718974087186,0.0,0.15787725150585175,0.5175727605819702,0.1589358001947403,77.5390625,22.4609375,0.0,0.3643510341644287,0.2561378479003906,-0.7415094971656799,1.953665852546692,0.537584125995636,0.3779202699661255,-1.0940650701522827,2.8825488090515137,77.34375,22.65625,0.0,-0.9055757522583008,TIT_INC,255,32929,840.2783111000026,64,64,600,300,300,315,EARLY_STOPPING,False,0,2048,deterministic_evenly_spaced_full_fold,54.0999755859375,36.66660079956054,768,755,98.30729166666667,TIT,1.4710406161479248,20,0.99,1.4710406161479248
30,COMPLETE,1,42,27493,2352,db92a7db6dfa639d2026ff19c5b1159be2b53d1e09d9e6a72b1b767a05c21400,2ea764e1783688df4d4bc4d6bc4b7c6a52ae545bfb933c403a7aa96e5d21a797,35028,897.5932934000011,0.08807182312011719,0.099609375,513542e17ddbca8b50109dcb24ce4faf75c9dfec77ac6fad24bc5d7e0de097a3,True,True,True,1,0.8306990799405791,4.176711388935185,2.9578510303886567,0.05508720147569851,0.4113744503195623,-0.4334460180632922,4.155043065327633,0.9151832122540863,0.9025184823301166,6.048455244171365,0.0,0.12890690565109253,1.6641148328781128,0.1323103904724121,77.099609375,22.900390625,0.0,0.32883548736572266,0.32897770404815674,-1.0503374338150024,1.7508660554885864,0.47576889395713806,0.4759746491909027,-1.519659161567688,2.5332047939300537,76.5625,23.4375,0.0,-1.2253029346466064,TIT_INC,255,32929,897.5929131000012,64,64,600,300,300,315,EARLY_STOPPING,False,0,2048,deterministic_evenly_spaced_full_fold,53.699951171875,37.11560134887693,768,749,97.52604166666667,TIT,1.4510427975077411,20,0.99,1.4510427975077411
30,COMPLETE,2,42,26989,2856,424f72a3df11b24bdd551a74968aa5efe8f47b52221df203d3bd3ed6f8a96c5a,f1c78e2ff146b5069b0310a8b0222fe8d495ed8d7dbf78dc149a7df8702a8f3a,40500,1107.8710127999948,0.08942461013793945,0.09765625,513542e17ddbca8b50109dcb24ce4faf75c9dfec77ac6fad24bc5d7e0de097a3,True,True,True,1,0.8712461647554423,3.853893676160343,2.6727199193810214,0.046253015303169914,0.35876002197774504,0.29135630978923555,3.8435374995035616,0.9339447080640281,0.8876179846308014,7.213177949812835,0.0,0.12086404114961624,0.29953643679618835,0.1214766576886177,73.779296875,26.220703125,0.0,0.49882233142852783,0.2819232940673828,-0.6029147505760193,2.1886119842529297,0.735517144203186,0.41569799184799194,-0.88900226354599,3.2271246910095215,77.5390625,22.4609375,0.0,-1.028834342956543,TIT_INC,105,32929,1107.8706306999957,64,64,600,300,300,300,EARLY_STOPPING,False,0,2048,deterministic_evenly_spaced_full_fold,54.0,36.622398376464815,768,755,98.30729166666667,TIT,1.4524626095825595,20,0.99,1.4524626095825595
30,COMPLETE,3,42,26466,3379,ad1e190147cfc7079fe69ab58be273b0089b28a9cb71d4377b9a01145e874910,b3de2bff6a2b887166deba8883b54b43de7150168fdd2094f9852f380bd9133e,35028,1090.655354500006,0.0905466079711914,0.09765625,513542e17ddbca8b50109dcb24ce4faf75c9dfec77ac6fad24bc5d7e0de097a3,True,True,True,1,0.8196986600139662,4.796153705324421,3.2528490708332227,0.05205571817573572,0.42455621607453076,0.0778612823802432,4.796231423583515,0.9054052531939522,0.8229590907567328,11.420108274384367,0.0,0.17837925255298615,0.38704800605773926,0.17917084693908691,72.4609375,27.5390625,0.0,0.5346899032592773,0.30572134256362915,-0.5739084482192993,2.586615800857544,0.7976312637329102,0.4560641646385193,-0.8561360836029053,3.8586208820343018,74.169921875,25.830078125,0.0,-1.3782505989074707,TIT_INC,185,32929,1090.6539988000004,64,64,600,300,300,300,EARLY_STOPPING,False,0,2048,deterministic_evenly_spaced_full_fold,54.0,36.19874954223633,768,755,98.30729166666667,TIT,1.4666428059277477,20,0.99,1.4666428059277477
30,COMPLETE,4,42,27061,2784,2cf8e61e68345fca034455d14ca0a91ba8af3af3a30bcfad11a389cf00a64d26,e85c7d3201b31d98e24a7a8ea73439fb69c13286f849eaf6812d38684b5bedb5,29464,1107.4596065000078,0.08926916122436523,0.09765625,513542e17ddbca8b50109dcb24ce4faf75c9dfec77ac6fad24bc5d7e0de097a3,True,True,True,1,0.7032461197181372,5.7036116416895215,3.301676648786698,0.07615985308648716,0.5446533646755992,-0.6455602454042982,5.667978231440722,0.8475168730105869,0.8081260294467224,12.012206594846745,0.0,0.22298312187194824,0.5243494510650635,0.22405552864074707,81.0546875,18.9453125,0.0,0.7663957476615906,0.46378567814826965,-0.9671609997749329,3.527782917022705,1.1212786436080933,0.6785436868667603,-1.4150091409683228,5.1613383293151855,71.38671875,28.61328125,0.0,-1.0523877143859863,TIT_INC,125,32929,1107.4592133000115,64,64,600,300,300,300,EARLY_STOPPING,False,0,2048,deterministic_evenly_spaced_full_fold,53.699951171875,36.704002380371094,768,743,96.74479166666667,TIT,1.460840509680585,20,0.99,1.460840509680585
31,COMPLETE,0,42,25813,4032,81354305b7b8066000bae764cd84c6a44c1e035572eb00baa18e30401895a2a4,6d4d4bf8c14384a72deec9ae950f7dbc99365946e460adffb80cf5c9ed8ff111,40500,135.36665060000087,0.10265302658081055,0.12109375,513542e17ddbca8b50109dcb24ce4faf75c9dfec77ac6fad24bc5d7e0de097a3,True,True,True,1,0.8095326822020543,4.634670818003648,2.9349918479011174,0.060013605948390086,0.4363714918275953,1.0045694301998804,4.525051629214532,0.9056103533689492,0.8569060051452565,9.756542371011813,0.0,0.053161829710006714,0.08556842803955078,0.05329374596476555,90.13671875,9.86328125,0.0,0.8276567459106445,0.6900988817214966,-0.38158488273620605,2.2087619304656982,1.221171498298645,1.0182108879089355,-0.563011884689331,3.25893235206604,95.166015625,4.833984375,0.0,-3.5173277854919434,TIT_INC,265,25921,135.36625099999947,512,512,400,0,75,325,EARLY_STOPPING,False,0,2048,deterministic_evenly_spaced_full_fold,54.0999755859375,36.66660079956054,2560,2534,98.984375,TIT,1.4710406161479248,20,0.99,1.4710406161479248
31,COMPLETE,1,42,27493,2352,db92a7db6dfa639d2026ff19c5b1159be2b53d1e09d9e6a72b1b767a05c21400,2ea764e1783688df4d4bc4d6bc4b7c6a52ae545bfb933c403a7aa96e5d21a797,29464,98.73720410000533,0.09646224975585938,0.1015625,513542e17ddbca8b50109dcb24ce4faf75c9dfec77ac6fad24bc5d7e0de097a3,True,True,True,1,0.8377555443753048,4.08874230394969,2.9020028406259963,0.053926965525216856,0.4027101614541906,-0.7521198201341693,4.019825832953769,0.9186928500098028,0.8691745709402755,7.946939591582441,0.0,0.04485977441072464,0.14946326613426208,0.045090194791555405,86.62109375,13.37890625,0.0,0.8145574331283569,0.7618129253387451,-0.3975931406021118,2.7323577404022217,1.1785259246826172,1.1022135019302368,-0.5752494931221008,3.953256130218506,93.45703125,6.54296875,0.0,-3.828847885131836,TIT_INC,165,25921,98.73680749999767,512,512,400,0,75,225,EARLY_STOPPING,False,0,2048,deterministic_evenly_spaced_full_fold,53.699951171875,37.11560134887693,2560,2536,99.0625,TIT,1.4510427975077411,20,0.99,1.4510427975077411
31,COMPLETE,2,42,26989,2856,424f72a3df11b24bdd551a74968aa5efe8f47b52221df203d3bd3ed6f8a96c5a,f1c78e2ff146b5069b0310a8b0222fe8d495ed8d7dbf78dc149a7df8702a8f3a,29464,200.7551153000095,0.09864473342895508,0.12109375,513542e17ddbca8b50109dcb24ce4faf75c9dfec77ac6fad24bc5d7e0de097a3,True,True,True,1,0.8639856003925389,3.9610660666565622,2.598216615137266,0.04753925893992682,0.3687367292770855,0.32223098284724044,3.948628983155433,0.9311434119548453,0.910126454807567,5.857713221130025,0.0,0.04276106879115105,0.05581774562597275,0.04284711927175522,89.501953125,10.498046875,0.0,0.8973397016525269,0.7170153856277466,-0.24405692517757416,2.623098373413086,1.3231340646743774,1.0572445392608643,-0.3598637580871582,3.8677780628204346,89.794921875,10.205078125,0.0,-2.9711437225341797,TIT_INC,395,25921,200.75471639999887,512,512,400,0,75,400,MAX_EPOCHS,False,0,2048,deterministic_evenly_spaced_full_fold,54.0,36.622398376464815,2560,2542,99.296875,TIT,1.4524626095825595,20,0.99,1.4524626095825595
31,COMPLETE,3,42,26466,3379,ad1e190147cfc7079fe69ab58be273b0089b28a9cb71d4377b9a01145e874910,b3de2bff6a2b887166deba8883b54b43de7150168fdd2094f9852f380bd9133e,40500,108.80565239999851,0.10115814208984375,0.12109375,513542e17ddbca8b50109dcb24ce4faf75c9dfec77ac6fad24bc5d7e0de097a3,True,True,True,1,0.7893510010154294,5.184099343819122,3.4515468804008615,0.056266339866730915,0.45889721981239723,-0.3072414234496673,5.175752759443607,0.8914229887391204,0.7345445379595269,16.699344391710632,0.0,0.06255614757537842,0.06529770791530609,0.06265681236982346,94.580078125,5.419921875,0.0,1.2102463245391846,1.1259567737579346,-0.058591194450855255,3.0157864093780518,1.8054020404815674,1.6796619892120361,-0.08740424364805222,4.498842239379883,97.900390625,2.099609375,0.0,-5.187496185302734,TIT_INC,130,25921,108.80522779999592,512,512,400,0,75,190,EARLY_STOPPING,False,0,2048,deterministic_evenly_spaced_full_fold,54.0,36.19874954223633,2560,2542,99.296875,TIT,1.4666428059277477,20,0.99,1.4666428059277477
31,COMPLETE,4,42,27061,2784,2cf8e61e68345fca034455d14ca0a91ba8af3af3a30bcfad11a389cf00a64d26,e85c7d3201b31d98e24a7a8ea73439fb69c13286f849eaf6812d38684b5bedb5,10876,179.14070059999358,0.09857416152954102,0.12109375,513542e17ddbca8b50109dcb24ce4faf75c9dfec77ac6fad24bc5d7e0de097a3,True,True,True,1,0.7096974545159264,5.64127362806966,3.351685292419346,0.07532745876211032,0.538700538466837,-0.5274620015045692,5.61756950507381,0.8453507036449928,0.7558795188590985,15.576963847927784,0.0,0.05615342780947685,0.2459414005279541,0.05653258413076401,82.421875,17.578125,0.0,0.7540998458862305,0.5061237812042236,-0.9634490609169006,3.7944092750549316,1.1032891273498535,0.7404866218566895,-1.4095783233642578,5.551427364349365,77.001953125,22.998046875,0.0,-2.2020223140716553,TIT_INC,290,25921,179.14024629999767,512,512,400,0,75,350,EARLY_STOPPING,False,0,2048,deterministic_evenly_spaced_full_fold,53.699951171875,36.704002380371094,2560,2547,99.4921875,TIT,1.460840509680585,20,0.99,1.460840509680585
32,COMPLETE,0,42,25813,4032,81354305b7b8066000bae764cd84c6a44c1e035572eb00baa18e30401895a2a4,6d4d4bf8c14384a72deec9ae950f7dbc99365946e460adffb80cf5c9ed8ff111,10876,104.43616620000103,0.1204991340637207,0.140625,513542e17ddbca8b50109dcb24ce4faf75c9dfec77ac6fad24bc5d7e0de097a3,True,True,True,1,0.8133168695069475,4.588399226387649,2.8562486417709834,0.059414442561195414,0.43201484941314916,0.40229744949038065,4.571295981205521,0.9069543496479141,0.9027393107688833,6.350995165418575,0.0,0.04726969823241234,0.14673984050750732,0.04740987718105316,78.369140625,21.630859375,0.0,0.4492638409137726,0.3440285325050354,-0.5330519080162048,1.9206950664520264,0.6628692746162415,0.5075991153717041,-0.7864949107170105,2.83390212059021,69.384765625,30.615234375,0.0,-1.200012445449829,TIT_INC,100,90657,104.43575550000241,256,256,150,75,75,150,MAX_EPOCHS,False,0,2048,deterministic_evenly_spaced_full_fold,54.0999755859375,36.66660079956054,1280,1275,99.609375,TIT,1.4710406161479248,20,0.99,1.4710406161479248
32,COMPLETE,1,42,27493,2352,db92a7db6dfa639d2026ff19c5b1159be2b53d1e09d9e6a72b1b767a05c21400,2ea764e1783688df4d4bc4d6bc4b7c6a52ae545bfb933c403a7aa96e5d21a797,29464,89.90519580000546,0.11227893829345703,0.12109375,513542e17ddbca8b50109dcb24ce4faf75c9dfec77ac6fad24bc5d7e0de097a3,True,True,True,1,0.8190602152930105,4.317892661455613,2.9928132790286526,0.056949260037975916,0.4252797367926394,-0.3078953100710499,4.307817024559484,0.908747600181905,0.8952802898506527,6.655299740877663,0.0,0.045031022280454636,0.2962936758995056,0.04531406611204147,69.3359375,30.6640625,0.0,0.12469732761383057,0.16840429604053497,-1.1472349166870117,1.2253077030181885,0.1804157942533493,0.2436523139476776,-1.659853458404541,1.7728114128112793,69.091796875,30.908203125,0.0,-1.1519790887832642,TIT_INC,60,90657,89.90472919998865,256,256,150,75,75,120,EARLY_STOPPING,False,0,2048,deterministic_evenly_spaced_full_fold,53.699951171875,37.11560134887693,1280,1273,99.453125,TIT,1.4510427975077411,20,0.99,1.4510427975077411
32,COMPLETE,2,42,26989,2856,424f72a3df11b24bdd551a74968aa5efe8f47b52221df203d3bd3ed6f8a96c5a,f1c78e2ff146b5069b0310a8b0222fe8d495ed8d7dbf78dc149a7df8702a8f3a,29464,99.91790929999843,0.11492109298706055,0.119140625,513542e17ddbca8b50109dcb24ce4faf75c9dfec77ac6fad24bc5d7e0de097a3,True,True,True,1,0.8676298351962934,3.9076413487472346,2.5951672882592978,0.04689807511321326,0.3637634075972822,-0.3015620448008305,3.896670089116447,0.9326661197052882,0.8343767696803409,9.89948708170769,0.0,0.0396597720682621,0.23475441336631775,0.03988402709364891,61.376953125,38.623046875,0.0,0.2637430727481842,0.12435793876647949,-0.7530994415283203,1.4232829809188843,0.3888911306858063,0.18336670100688934,-1.1104507446289062,2.0986413955688477,75.439453125,24.560546875,0.0,-0.9614663124084473,TIT_INC,40,90657,99.9175006000005,256,256,150,75,75,100,EARLY_STOPPING,False,0,2048,deterministic_evenly_spaced_full_fold,54.0,36.622398376464815,1280,1275,99.609375,TIT,1.4524626095825595,20,0.99,1.4524626095825595
32,COMPLETE,3,42,26466,3379,ad1e190147cfc7079fe69ab58be273b0089b28a9cb71d4377b9a01145e874910,b3de2bff6a2b887166deba8883b54b43de7150168fdd2094f9852f380bd9133e,10876,116.90684729999339,0.1173095703125,0.138671875,513542e17ddbca8b50109dcb24ce4faf75c9dfec77ac6fad24bc5d7e0de097a3,True,True,True,1,0.8121255158718204,4.895843380115696,3.226823729430123,0.05313771386119599,0.433380760430584,-0.8270277095003289,4.826199415007956,0.904451099980826,0.8391500756078347,9.47793275923673,0.0,0.05282637104392052,0.20547854900360107,0.053022660315036774,74.755859375,25.244140625,0.0,0.39065617322921753,0.28557875752449036,-0.868615448474884,1.6755393743515015,0.5827668905258179,0.4260161519050598,-1.295769453048706,2.499509572982788,66.259765625,33.740234375,0.0,-1.2819633483886719,TIT_INC,65,90657,116.90646640000341,256,256,150,75,75,125,EARLY_STOPPING,False,0,2048,deterministic_evenly_spaced_full_fold,54.0,36.19874954223633,1280,1275,99.609375,TIT,1.4666428059277477,20,0.99,1.4666428059277477
32,COMPLETE,4,42,27061,2784,2cf8e61e68345fca034455d14ca0a91ba8af3af3a30bcfad11a389cf00a64d26,e85c7d3201b31d98e24a7a8ea73439fb69c13286f849eaf6812d38684b5bedb5,37224,139.36368609999772,0.11380624771118164,0.119140625,513542e17ddbca8b50109dcb24ce4faf75c9dfec77ac6fad24bc5d7e0de097a3,True,True,True,1,0.6835534288604288,5.889818891707943,3.338542444952603,0.07864626304844609,0.562434800653502,-0.9113939137294375,5.81992218127708,0.8313533465586398,0.6876450640559779,19.69440237630533,0.0,0.052088815718889236,0.1958119124174118,0.052275869995355606,73.193359375,26.806640625,0.0,0.4178282618522644,0.27696841955184937,-0.7985286712646484,1.8773629665374756,0.6113054752349854,0.4052198529243469,-1.1682908535003662,2.7466843128204346,66.845703125,33.154296875,0.0,-1.1114928722381592,TIT_INC,105,90657,139.36330490000546,256,256,150,75,75,150,MAX_EPOCHS,False,0,2048,deterministic_evenly_spaced_full_fold,53.699951171875,36.704002380371094,1280,1253,97.890625,TIT,1.460840509680585,20,0.99,1.460840509680585
33,COMPLETE,0,42,25813,4032,81354305b7b8066000bae764cd84c6a44c1e035572eb00baa18e30401895a2a4,6d4d4bf8c14384a72deec9ae950f7dbc99365946e460adffb80cf5c9ed8ff111,10876,409.0434987000044,0.08776521682739258,0.095703125,513542e17ddbca8b50109dcb24ce4faf75c9dfec77ac6fad24bc5d7e0de097a3,True,True,True,1,0.8184788843373662,4.524517126313642,2.905877327162122,0.05858724353637913,0.4260001121416072,0.929867632805355,4.428483416077157,0.910354647313594,0.8751621451633519,8.565251134596867,0.0,0.1680784374475479,1.1563808917999268,0.16998016834259033,73.974609375,26.025390625,0.048828125,0.3716583549976349,0.1993032693862915,-0.9826906323432922,2.2016804218292236,0.5483657717704773,0.2940632998943329,-1.4499173164367676,3.248483657836914,72.94921875,27.05078125,0.0,-0.5744292736053467,TIT_INC,95,29569,409.0429707000003,64,64,150,75,75,150,MAX_EPOCHS,False,0,2048,deterministic_evenly_spaced_full_fold,54.0999755859375,36.66660079956054,768,765,99.609375,TIT,1.4710406161479248,20,0.99,1.4710406161479248
33,COMPLETE,1,42,27493,2352,db92a7db6dfa639d2026ff19c5b1159be2b53d1e09d9e6a72b1b767a05c21400,2ea764e1783688df4d4bc4d6bc4b7c6a52ae545bfb933c403a7aa96e5d21a797,37224,227.7032290000061,0.08535242080688477,0.09375,513542e17ddbca8b50109dcb24ce4faf75c9dfec77ac6fad24bc5d7e0de097a3,True,True,True,1,0.8190555586259092,4.317948223750466,3.1345835251062093,0.056949992856465396,0.42528520925802554,-0.574112606697342,4.280521219462161,0.908764289974166,0.8803647194152311,7.380873064086757,0.0,0.136052206158638,0.8673818111419678,0.13747866451740265,73.095703125,26.904296875,0.0,0.4235384464263916,0.3112056255340576,-0.8831700086593628,2.1172189712524414,0.6127879023551941,0.45026153326034546,-1.2777965068817139,3.0632550716400146,80.126953125,19.873046875,0.0,-1.6796929836273193,TIT_INC,20,29569,227.70256489999883,64,64,150,75,75,80,EARLY_STOPPING,False,0,2048,deterministic_evenly_spaced_full_fold,53.699951171875,37.11560134887693,768,764,99.47916666666667,TIT,1.4510427975077411,20,0.99,1.4510427975077411
33,COMPLETE,2,42,26989,2856,424f72a3df11b24bdd551a74968aa5efe8f47b52221df203d3bd3ed6f8a96c5a,f1c78e2ff146b5069b0310a8b0222fe8d495ed8d7dbf78dc149a7df8702a8f3a,37224,489.41309650000767,0.08664417266845703,0.09375,513542e17ddbca8b50109dcb24ce4faf75c9dfec77ac6fad24bc5d7e0de097a3,True,True,True,1,0.859368790075303,4.027731377032409,2.7766519915156005,0.04833935149050198,0.37494262135022144,0.3302843751025801,4.014869393438399,0.9275391894981008,0.8638602005089263,8.715393034081687,0.0,0.13172566890716553,0.7954453229904175,0.13303381204605103,79.443359375,20.556640625,0.048828125,0.5880422592163086,0.288185179233551,-0.6067803502082825,2.776315212249756,0.8670727014541626,0.42493122816085815,-0.8947021961212158,4.093697547912598,74.462890625,25.439453125,0.09765625,-0.8849773406982422,TIT_INC,105,29569,489.4127351000061,64,64,150,75,75,150,MAX_EPOCHS,False,0,2048,deterministic_evenly_spaced_full_fold,54.0,36.622398376464815,768,765,99.609375,TIT,1.4524626095825595,20,0.99,1.4524626095825595
33,COMPLETE,3,42,26466,3379,ad1e190147cfc7079fe69ab58be273b0089b28a9cb71d4377b9a01145e874910,b3de2bff6a2b887166deba8883b54b43de7150168fdd2094f9852f380bd9133e,10876,479.8675002999953,0.0867156982421875,0.09375,513542e17ddbca8b50109dcb24ce4faf75c9dfec77ac6fad24bc5d7e0de097a3,True,True,True,1,0.8056592014964749,4.979383856661832,3.2999913243014065,0.05404443198795755,0.4407757754344017,0.2071753708206362,4.975808394178546,0.8981235789732311,0.7840772291570193,14.040415431364083,0.0,0.185842365026474,0.5767382383346558,0.1867908388376236,73.681640625,26.318359375,0.1953125,0.4611140489578247,0.2076556384563446,-0.6890226006507874,2.36464524269104,0.6878734827041626,0.3097732663154602,-1.0278592109680176,3.5274930000305176,72.998046875,27.001953125,0.0,-0.7954784035682678,TIT_INC,105,29569,479.86713549999695,64,64,150,75,75,150,MAX_EPOCHS,False,0,2048,deterministic_evenly_spaced_full_fold,54.0,36.19874954223633,768,765,99.609375,TIT,1.4666428059277477,20,0.99,1.4666428059277477
33,COMPLETE,4,42,27061,2784,2cf8e61e68345fca034455d14ca0a91ba8af3af3a30bcfad11a389cf00a64d26,e85c7d3201b31d98e24a7a8ea73439fb69c13286f849eaf6812d38684b5bedb5,30848,279.8143013000081,0.08645868301391602,0.09375,513542e17ddbca8b50109dcb24ce4faf75c9dfec77ac6fad24bc5d7e0de097a3,True,True,True,1,0.6579221422533083,6.123704498200811,3.6593508967037858,0.08176931814906727,0.5847691723688595,-0.9270758601440781,6.054209517565177,0.8186884917623792,0.7250999559875003,17.207852246317206,0.0,0.25699228048324585,0.25999265909194946,0.2574198544025421,82.91015625,17.08984375,0.0,0.6082420945167542,0.4300932288169861,-0.5874027609825134,2.382809638977051,0.8898912668228149,0.6292498111724854,-0.8594022393226624,3.486180067062378,86.181640625,13.818359375,0.0,-2.7214455604553223,TIT_INC,15,29569,279.8139114000078,64,64,150,75,75,75,EARLY_STOPPING,False,0,2048,deterministic_evenly_spaced_full_fold,53.699951171875,36.704002380371094,768,752,97.91666666666667,TIT,1.460840509680585,20,0.99,1.460840509680585
34,COMPLETE,0,42,25813,4032,81354305b7b8066000bae764cd84c6a44c1e035572eb00baa18e30401895a2a4,6d4d4bf8c14384a72deec9ae950f7dbc99365946e460adffb80cf5c9ed8ff111,10876,152.1208420999901,0.12398624420166016,0.140625,513542e17ddbca8b50109dcb24ce4faf75c9dfec77ac6fad24bc5d7e0de097a3,True,True,True,1,0.8018713810143925,4.7269636930465735,3.096334499026102,0.06120869152235453,0.4450612092097,0.9429163648968651,4.632538937585929,0.9004465189955608,0.83996605691005,10.730977289161741,0.0,0.05084675922989845,3.0698230624182088e-09,-15.355701446533203,100.0,0.0,0.0,0.8107784986495972,0.6531094908714294,0.36996573209762573,1.802966833114624,1.1962683200836182,0.9636346101760864,0.5458683371543884,2.6601991653442383,99.90234375,0.09765625,0.0,-4.5820536613464355,TIT_INC,115,46131,152.12044980000064,256,256,400,200,200,200,EARLY_STOPPING,False,0,2048,deterministic_evenly_spaced_full_fold,54.0999755859375,36.66660079956054,1536,1520,98.95833333333333,TIT,1.4710406161479248,20,0.99,1.4710406161479248
34,COMPLETE,1,42,27493,2352,db92a7db6dfa639d2026ff19c5b1159be2b53d1e09d9e6a72b1b767a05c21400,2ea764e1783688df4d4bc4d6bc4b7c6a52ae545bfb933c403a7aa96e5d21a797,37224,163.02119050000329,0.11457014083862305,0.12109375,513542e17ddbca8b50109dcb24ce4faf75c9dfec77ac6fad24bc5d7e0de097a3,True,True,True,1,0.8435904707620064,4.014545752800617,2.7826976078708157,0.052948377353484705,0.39540236290114317,-0.3591590657526133,3.999297775809852,0.9191893905291889,0.8524207188960624,9.4539250073407,0.0,0.03878514841198921,0.0001708155614323914,-5.313345909118652,99.90234375,0.09765625,0.0,0.8193132877349854,0.6259725093841553,0.2856121063232422,2.0910446643829346,1.1854066848754883,0.9056755304336548,0.4132319986820221,3.0253851413726807,94.873046875,5.126953125,0.0,-4.453114032745361,TIT_INC,85,46131,163.02077609999105,256,256,400,200,200,200,EARLY_STOPPING,False,0,2048,deterministic_evenly_spaced_full_fold,53.699951171875,37.11560134887693,1536,1521,99.0234375,TIT,1.4510427975077411,20,0.99,1.4510427975077411
34,COMPLETE,2,42,26989,2856,424f72a3df11b24bdd551a74968aa5efe8f47b52221df203d3bd3ed6f8a96c5a,f1c78e2ff146b5069b0310a8b0222fe8d495ed8d7dbf78dc149a7df8702a8f3a,10876,221.62876510000206,0.11700201034545898,0.12109375,513542e17ddbca8b50109dcb24ce4faf75c9dfec77ac6fad24bc5d7e0de097a3,True,True,True,1,0.8639501092979199,3.96158282591658,2.640030052815499,0.04754546089461734,0.3687848345386884,0.2437099395345907,3.9547718290127842,0.9303669718018661,0.8966869103309134,6.606959231869158,0.0,0.039303068071603775,5.638729483337102e-10,-20.3195858001709,100.0,0.0,0.0,0.9057902097702026,0.7518425583839417,0.4374445378780365,2.002338171005249,1.3355944156646729,1.1085975170135498,0.6450152397155762,2.9524624347686768,97.412109375,2.587890625,0.0,-3.7191147804260254,TIT_INC,150,46131,221.62837219999346,256,256,400,200,200,210,EARLY_STOPPING,False,0,2048,deterministic_evenly_spaced_full_fold,54.0,36.622398376464815,1536,1525,99.28385416666667,TIT,1.4524626095825595,20,0.99,1.4524626095825595
34,COMPLETE,3,42,26466,3379,ad1e190147cfc7079fe69ab58be273b0089b28a9cb71d4377b9a01145e874910,b3de2bff6a2b887166deba8883b54b43de7150168fdd2094f9852f380bd9133e,37224,210.59358529999736,0.11994075775146484,0.140625,513542e17ddbca8b50109dcb24ce4faf75c9dfec77ac6fad24bc5d7e0de097a3,True,True,True,1,0.8203127280165434,4.787979399863288,3.2349845150159853,0.05196699721983834,0.42383262537897753,0.09852851738976318,4.787674015223324,0.9057549686103173,0.8220233162455686,11.500726543761127,0.0,0.050803378224372864,0.005750156007707119,97564.546875,99.755859375,0.244140625,0.0,1.0433149337768555,0.827454149723053,0.46154654026031494,2.4424781799316406,1.556379795074463,1.2343664169311523,0.6885185837745667,3.643601417541504,97.119140625,2.880859375,0.0,-4.361901760101318,TIT_INC,140,46131,210.5931472999946,256,256,400,200,200,200,EARLY_STOPPING,False,0,2048,deterministic_evenly_spaced_full_fold,54.0,36.19874954223633,1536,1525,99.28385416666667,TIT,1.4666428059277477,20,0.99,1.4666428059277477
34,COMPLETE,4,42,27061,2784,2cf8e61e68345fca034455d14ca0a91ba8af3af3a30bcfad11a389cf00a64d26,e85c7d3201b31d98e24a7a8ea73439fb69c13286f849eaf6812d38684b5bedb5,10848,214.14615470000717,0.11693954467773438,0.12109375,513542e17ddbca8b50109dcb24ce4faf75c9dfec77ac6fad24bc5d7e0de097a3,True,True,True,1,0.6767780902710444,5.952537492933452,3.4064320942451216,0.07948373932754804,0.5684239702062702,-0.3361543211443671,5.944105829363336,0.8263628344036825,0.7416963459671022,16.703923691028844,0.0,0.051978714764118195,0.0002580317959655076,1888.744873046875,99.90234375,0.09765625,0.0,1.0000898838043213,0.7013646364212036,0.40097540616989136,2.6390349864959717,1.4631860256195068,1.026134729385376,0.5866488218307495,3.8610517978668213,92.28515625,7.71484375,0.0,-3.7474334239959717,TIT_INC,130,46131,214.1456382000033,256,256,400,200,200,200,EARLY_STOPPING,False,0,2048,deterministic_evenly_spaced_full_fold,53.699951171875,36.704002380371094,1536,1528,99.47916666666667,TIT,1.460840509680585,20,0.99,1.460840509680585
35,COMPLETE,0,42,25813,4032,81354305b7b8066000bae764cd84c6a44c1e035572eb00baa18e30401895a2a4,6d4d4bf8c14384a72deec9ae950f7dbc99365946e460adffb80cf5c9ed8ff111,10848,229.55609480000567,0.10600805282592773,0.12109375,513542e17ddbca8b50109dcb24ce4faf75c9dfec77ac6fad24bc5d7e0de097a3,True,True,True,1,-0.08932121029763529,11.083747929404097,9.154655958924975,0.14352166675627287,1.043576083161486,8.11236206974302,7.5533568637493005,0.7322727359320259,0.3861600248100619,45.65629155682231,0.0,0.8703088164329529,0.0037256067153066397,0.8703188300132751,96.484375,3.515625,0.1953125,0.25435197353363037,0.0037415619008243084,6.7368391682975926e-06,1.5520440340042114,0.375285267829895,0.005520511418581009,9.939913070411421e-06,2.289973258972168,29.833984375,70.1171875,0.048828125,0.0006057042046450078,TIT_INC,230,116609,229.55568030000723,256,256,600,300,300,300,EARLY_STOPPING,False,0,2048,deterministic_evenly_spaced_full_fold,54.0999755859375,36.66660079956054,1536,1499,97.59114583333333,TIT,1.4710406161479248,20,0.99,1.4710406161479248
35,COMPLETE,1,42,27493,2352,db92a7db6dfa639d2026ff19c5b1159be2b53d1e09d9e6a72b1b767a05c21400,2ea764e1783688df4d4bc4d6bc4b7c6a52ae545bfb933c403a7aa96e5d21a797,10876,260.13419219999923,0.10023641586303711,0.12109375,513542e17ddbca8b50109dcb24ce4faf75c9dfec77ac6fad24bc5d7e0de097a3,True,True,True,1,0.4444855235006393,7.565758908199906,5.645938287786886,0.09978579951602126,0.7451699728059346,3.432164411155545,6.743907781896166,0.7680403951097816,0.45448555120408674,39.7054075729195,0.0,0.39523422718048096,0.146243155002594,0.3956276476383209,86.5234375,13.4765625,0.09765625,0.4784383475780487,0.024519968777894974,-0.05157247930765152,2.6548728942871094,0.6922187805175781,0.035476215183734894,-0.07461658865213394,3.8411483764648438,39.990234375,59.814453125,0.1953125,0.00019071728456765413,TIT_INC,255,116609,260.13377690000925,256,256,600,300,300,315,EARLY_STOPPING,False,0,2048,deterministic_evenly_spaced_full_fold,53.699951171875,37.11560134887693,1536,1496,97.39583333333333,TIT,1.4510427975077411,20,0.99,1.4510427975077411
36,COMPLETE,0,42,25813,4032,81354305b7b8066000bae764cd84c6a44c1e035572eb00baa18e30401895a2a4,6d4d4bf8c14384a72deec9ae950f7dbc99365946e460adffb80cf5c9ed8ff111,10848,126.8629881000088,0.12858152389526367,0.1484375,513542e17ddbca8b50109dcb24ce4faf75c9dfec77ac6fad24bc5d7e0de097a3,True,True,True,1,0.8287716186491225,4.394369138673646,2.823331400515541,0.05690197820645285,0.41374619514189087,0.9280987438701448,4.295775792159612,0.9153926660565399,0.8737993933838991,8.64683142261995,0.0,0.06825903803110123,0.028999049216508865,0.0683562308549881,94.189453125,5.810546875,0.0,0.6729077100753784,0.49055784940719604,-0.05942782759666443,1.9628392457962036,0.9928460717201233,0.7237967252731323,-0.08768317103385925,2.8960838317871094,78.90625,21.09375,0.0,-2.1650233268737793,TIT_INC,220,63825,126.86253220000071,512,512,500,0,75,280,EARLY_STOPPING,False,0,2048,deterministic_evenly_spaced_full_fold,54.0999755859375,36.66660079956054,2560,2534,98.984375,TIT,1.4710406161479248,20,0.99,1.4710406161479248
36,COMPLETE,1,42,27493,2352,db92a7db6dfa639d2026ff19c5b1159be2b53d1e09d9e6a72b1b767a05c21400,2ea764e1783688df4d4bc4d6bc4b7c6a52ae545bfb933c403a7aa96e5d21a797,10876,89.34671450000315,0.11853790283203125,0.130859375,513542e17ddbca8b50109dcb24ce4faf75c9dfec77ac6fad24bc5d7e0de097a3,True,True,True,1,0.8403358281809756,4.05609897315163,2.8475983272604393,0.05349642829794412,0.3994950405101803,-0.6966940675462995,3.9966670671388904,0.920170343810551,0.8842835896109497,6.9977116463871045,0.0,0.05415361002087593,0.25106626749038696,0.05499505251646042,82.861328125,17.138671875,0.0,0.4576995372772217,0.48786523938179016,-1.3025928735733032,2.0764482021331787,0.6622132658958435,0.7058578729629517,-1.8846298456192017,3.0042667388916016,84.326171875,15.673828125,0.0,-2.4187850952148438,TIT_INC,125,63825,89.34619739999471,512,512,500,0,75,185,EARLY_STOPPING,False,0,2048,deterministic_evenly_spaced_full_fold,53.699951171875,37.11560134887693,2560,2536,99.0625,TIT,1.4510427975077411,20,0.99,1.4510427975077411
36,COMPLETE,2,42,26989,2856,424f72a3df11b24bdd551a74968aa5efe8f47b52221df203d3bd3ed6f8a96c5a,f1c78e2ff146b5069b0310a8b0222fe8d495ed8d7dbf78dc149a7df8702a8f3a,10876,177.47708290000446,0.12105989456176758,0.12890625,513542e17ddbca8b50109dcb24ce4faf75c9dfec77ac6fad24bc5d7e0de097a3,True,True,True,1,0.8740493761893064,3.811709574830162,2.590470272619851,0.04574673722486048,0.35483309238600674,0.19580142103991255,3.8073438602454535,0.9354782926492221,0.900531475430622,6.322256651475698,0.0,0.05434606969356537,0.06227554380893707,0.054554786533117294,90.380859375,9.619140625,0.0,0.6369057893753052,0.42249441146850586,-0.16941365599632263,2.8905844688415527,0.9391223788261414,0.6229711174964905,-0.24980168044567108,4.26218843460083,78.61328125,21.38671875,0.0,-2.284224510192871,TIT_INC,250,63825,177.47666110000864,512,512,500,0,75,310,EARLY_STOPPING,False,0,2048,deterministic_evenly_spaced_full_fold,54.0,36.622398376464815,2560,2542,99.296875,TIT,1.4524626095825595,20,0.99,1.4524626095825595
36,COMPLETE,3,42,26466,3379,ad1e190147cfc7079fe69ab58be273b0089b28a9cb71d4377b9a01145e874910,b3de2bff6a2b887166deba8883b54b43de7150168fdd2094f9852f380bd9133e,10848,140.7315235999995,0.12454414367675781,0.1484375,513542e17ddbca8b50109dcb24ce4faf75c9dfec77ac6fad24bc5d7e0de097a3,True,True,True,1,0.7995288763820869,5.05730944417241,3.32350100550859,0.05489020813929858,0.4476737596529117,0.08916494499899713,5.057271747617737,0.8944601069857572,0.780715153947766,14.137798654343955,0.0,0.08302855491638184,0.1560101956129074,0.08355142176151276,87.646484375,12.353515625,0.0,0.8675248026847839,0.6297136545181274,-0.7211526036262512,3.1930196285247803,1.294142484664917,0.9393843412399292,-1.0757895708084106,4.763232231140137,79.39453125,20.60546875,0.0,-2.814058542251587,TIT_INC,180,63825,140.7310729000019,512,512,500,0,75,240,EARLY_STOPPING,False,0,2048,deterministic_evenly_spaced_full_fold,54.0,36.19874954223633,2560,2542,99.296875,TIT,1.4666428059277477,20,0.99,1.4666428059277477
36,COMPLETE,4,42,27061,2784,2cf8e61e68345fca034455d14ca0a91ba8af3af3a30bcfad11a389cf00a64d26,e85c7d3201b31d98e24a7a8ea73439fb69c13286f849eaf6812d38684b5bedb5,41268,110.4432444999984,0.12102365493774414,0.12890625,513542e17ddbca8b50109dcb24ce4faf75c9dfec77ac6fad24bc5d7e0de097a3,True,True,True,1,0.6672066219996926,6.040029803727369,3.65673784277905,0.0806520168953188,0.57677884856244,-0.905999501546224,5.972766431723991,0.828210150419823,0.7737288233345656,14.020922522538541,0.0,0.09138162434101105,0.1513727903366089,0.09188894927501678,89.892578125,10.107421875,0.0,1.1872916221618652,0.8966017961502075,-1.018491506576538,4.077494144439697,1.737072229385376,1.311777114868164,-1.4901084899902344,5.965595722198486,69.62890625,30.37109375,0.0,-2.6185343265533447,TIT_INC,110,63825,110.44202660000883,512,512,500,0,75,170,EARLY_STOPPING,False,0,2048,deterministic_evenly_spaced_full_fold,53.699951171875,36.704002380371094,2560,2547,99.4921875,TIT,1.460840509680585,20,0.99,1.460840509680585
37,COMPLETE,0,42,25813,4032,81354305b7b8066000bae764cd84c6a44c1e035572eb00baa18e30401895a2a4,6d4d4bf8c14384a72deec9ae950f7dbc99365946e460adffb80cf5c9ed8ff111,10848,379.04970550000144,0.1357274055480957,0.1484375,513542e17ddbca8b50109dcb24ce4faf75c9dfec77ac6fad24bc5d7e0de097a3,True,True,True,1,0.8060713461353479,4.676593824291478,3.1187594050452825,0.06055646020456647,0.44031869876290863,1.3775816417875744,4.469648019426787,0.9079002787982674,0.8580606672923401,10.058932668120754,0.0,0.18276739120483398,0.0,-7.154967784881592,100.0,0.0,0.0,0.8923594355583191,0.7584471702575684,0.264758825302124,2.033766508102417,1.3166375160217285,1.1190558671951294,0.39064013957977295,3.0007340908050537,91.2109375,8.7890625,0.0,-3.9722840785980225,TIT_INC,60,69187,379.049302799991,64,64,800,80,80,120,EARLY_STOPPING,False,0,2048,deterministic_evenly_spaced_full_fold,54.0999755859375,36.66660079956054,768,765,99.609375,TIT,1.4710406161479248,20,0.99,1.4710406161479248
37,COMPLETE,1,42,27493,2352,db92a7db6dfa639d2026ff19c5b1159be2b53d1e09d9e6a72b1b767a05c21400,2ea764e1783688df4d4bc4d6bc4b7c6a52ae545bfb933c403a7aa96e5d21a797,10876,478.60371640000085,0.12697458267211914,0.150390625,513542e17ddbca8b50109dcb24ce4faf75c9dfec77ac6fad24bc5d7e0de097a3,True,True,True,1,0.832973591772474,4.148560026762939,3.0115782938846927,0.054715909419487466,0.4086017542769213,-0.7467341812289491,4.0816689847168535,0.9156337463488557,0.838456412960512,9.99488746938132,0.0,0.1269129067659378,0.0,-9.934322357177734,100.0,0.0,0.0,0.8250759840011597,0.6604747772216797,0.23237033188343048,2.0389273166656494,1.193744421005249,0.9555944204330444,0.3362002670764923,2.9499802589416504,92.626953125,7.373046875,0.0,-5.485105514526367,TIT_INC,80,69187,478.60332460000063,64,64,800,80,80,140,EARLY_STOPPING,False,0,2048,deterministic_evenly_spaced_full_fold,53.699951171875,37.11560134887693,768,764,99.47916666666667,TIT,1.4510427975077411,20,0.99,1.4510427975077411
37,COMPLETE,2,42,26989,2856,424f72a3df11b24bdd551a74968aa5efe8f47b52221df203d3bd3ed6f8a96c5a,f1c78e2ff146b5069b0310a8b0222fe8d495ed8d7dbf78dc149a7df8702a8f3a,10848,759.5591682000086,0.13056612014770508,0.146484375,513542e17ddbca8b50109dcb24ce4faf75c9dfec77ac6fad24bc5d7e0de097a3,True,True,True,1,0.8661644378355873,3.9292114903771362,2.6958515624038313,0.04715695202439297,0.3657713780125212,0.5033835763690853,3.8975154596303616,0.9318762124574397,0.8736810425894993,8.283607930566465,0.0,0.12840008735656738,0.0,-12.840437889099121,100.0,0.0,0.0,0.923905611038208,0.7687433362007141,0.24339982867240906,2.1936135292053223,1.3623056411743164,1.1335177421569824,0.35889485478401184,3.23449969291687,87.451171875,12.548828125,0.0,-4.731130599975586,TIT_INC,125,69187,759.558766400005,64,64,800,80,80,185,EARLY_STOPPING,False,0,2048,deterministic_evenly_spaced_full_fold,54.0,36.622398376464815,768,765,99.609375,TIT,1.4524626095825595,20,0.99,1.4524626095825595
37,COMPLETE,3,42,26466,3379,ad1e190147cfc7079fe69ab58be273b0089b28a9cb71d4377b9a01145e874910,b3de2bff6a2b887166deba8883b54b43de7150168fdd2094f9852f380bd9133e,10876,682.0336282999924,0.1331319808959961,0.146484375,513542e17ddbca8b50109dcb24ce4faf75c9dfec77ac6fad24bc5d7e0de097a3,True,True,True,1,0.8212220303609943,4.775849317425232,3.257160524321435,0.05183534169092088,0.4227588687362627,0.17230277669680263,4.773446533637114,0.9096995681004354,0.756511805645419,15.771540556321998,0.0,0.17738103866577148,0.0,-11.558165550231934,100.0,0.0,0.0,0.9542892575263977,0.7277172207832336,0.26964229345321655,2.5077545642852783,1.423574447631836,1.0855824947357178,0.4022427499294281,3.740978240966797,82.861328125,17.138671875,0.0,-3.9550681114196777,TIT_INC,105,69187,682.0332143999985,64,64,800,80,80,165,EARLY_STOPPING,False,0,2048,deterministic_evenly_spaced_full_fold,54.0,36.19874954223633,768,765,99.609375,TIT,1.4666428059277477,20,0.99,1.4666428059277477
37,COMPLETE,4,42,27061,2784,2cf8e61e68345fca034455d14ca0a91ba8af3af3a30bcfad11a389cf00a64d26,e85c7d3201b31d98e24a7a8ea73439fb69c13286f849eaf6812d38684b5bedb5,4624,578.8559172999958,0.13054800033569336,0.146484375,513542e17ddbca8b50109dcb24ce4faf75c9dfec77ac6fad24bc5d7e0de097a3,True,True,True,1,0.7285277503260073,5.4552475703573355,3.4564650908283805,0.07284346824598319,0.5209364050342981,-0.3487719886604397,5.445065090767578,0.8564008037282149,0.7861097985945871,13.761387357066395,0.0,0.20240578055381775,9.047873027157038e-05,-8.076793670654297,99.8046875,0.1953125,0.0,1.1008398532867432,0.7894752025604248,0.2538411021232605,2.934356927871704,1.6105886697769165,1.1550452709197998,0.37138333916664124,4.293123722076416,85.791015625,14.208984375,0.0,-5.090137481689453,TIT_INC,70,69187,578.8554585999955,64,64,800,80,80,130,EARLY_STOPPING,False,0,2048,deterministic_evenly_spaced_full_fold,53.699951171875,36.704002380371094,768,752,97.91666666666667,TIT,1.460840509680585,20,0.99,1.460840509680585
38,COMPLETE,0,42,25813,4032,81354305b7b8066000bae764cd84c6a44c1e035572eb00baa18e30401895a2a4,6d4d4bf8c14384a72deec9ae950f7dbc99365946e460adffb80cf5c9ed8ff111,10876,300.71269539999776,0.13208341598510742,0.13671875,513542e17ddbca8b50109dcb24ce4faf75c9dfec77ac6fad24bc5d7e0de097a3,True,True,True,1,-0.11366299249679224,11.20690148968869,9.302199226523202,0.14511636237291742,1.0551714488164767,8.091831104149895,7.754471228158069,0.7140298370566257,0.3619420488272404,47.1169902591691,0.0,0.1971811056137085,0.05725204944610596,0.19723264873027802,93.9453125,6.0546875,64.55078125,0.13227617740631104,7.284044113481717e-18,-0.029701577499508858,0.8760519027709961,0.19516775012016296,1.0747289692383021e-17,-0.04382338374853134,1.292576551437378,33.251953125,4.638671875,62.109375,-3.594878131881873e-15,TIT_INC,315,45121,300.712291799995,256,256,700,350,350,375,EARLY_STOPPING,False,0,2048,deterministic_evenly_spaced_full_fold,54.0999755859375,36.66660079956054,2560,2534,98.984375,TIT,1.4710406161479248,20,0.99,1.4710406161479248
38,COMPLETE,1,42,27493,2352,db92a7db6dfa639d2026ff19c5b1159be2b53d1e09d9e6a72b1b767a05c21400,2ea764e1783688df4d4bc4d6bc4b7c6a52ae545bfb933c403a7aa96e5d21a797,10848,300.06007720000343,0.12060785293579102,0.134765625,513542e17ddbca8b50109dcb24ce4faf75c9dfec77ac6fad24bc5d7e0de097a3,True,True,True,1,0.4050344628065409,7.829800788623902,5.831494504902639,0.10326828296064518,0.7711760989913631,3.0759491352807906,7.201830970973916,0.7193902949708504,0.4141063839342101,42.0341502413901,0.0,0.10982760787010193,0.052692119032144547,0.10987505316734314,89.16015625,10.83984375,41.064453125,0.19956445693969727,7.385780520507979e-08,-0.09844867885112762,1.212525725364685,0.2887357473373413,1.0685965889933868e-07,-0.14243845641613007,1.7543179988861084,59.033203125,3.22265625,37.744140625,-0.004615253768861294,TIT_INC,90,45121,300.0596102999989,256,256,700,350,350,350,EARLY_STOPPING,False,0,2048,deterministic_evenly_spaced_full_fold,53.699951171875,37.11560134887693,2560,2536,99.0625,TIT,1.4510427975077411,20,0.99,1.4510427975077411
39,COMPLETE,0,42,25813,4032,81354305b7b8066000bae764cd84c6a44c1e035572eb00baa18e30401895a2a4,6d4d4bf8c14384a72deec9ae950f7dbc99365946e460adffb80cf5c9ed8ff111,10848,619.3128299999953,0.11379718780517578,0.1171875,513542e17ddbca8b50109dcb24ce4faf75c9dfec77ac6fad24bc5d7e0de097a3,True,True,True,1,0.7267597542926204,5.551124835312467,3.9519176946745977,0.07188062141169785,0.5226590454486533,2.047248589614081,5.160461694727139,0.8746433397363745,0.73629589435278,18.176026036552262,0.0,0.26206836104393005,1.1238343176955823e-05,-7.848760604858398,100.0,0.0,0.0,1.135087013244629,1.1213514804840088,0.8930286765098572,1.3687248229980469,1.6747714281082153,1.6545053720474243,1.3176250457763672,2.01949405670166,100.0,0.0,0.0,-9.687374114990234,TIT_INC,130,70787,619.3123412999994,64,64,300,30,75,190,EARLY_STOPPING,False,0,2048,deterministic_evenly_spaced_full_fold,54.0999755859375,36.66660079956054,1792,1785,99.609375,TIT,1.4710406161479248,20,0.99,1.4710406161479248
39,COMPLETE,1,42,27493,2352,db92a7db6dfa639d2026ff19c5b1159be2b53d1e09d9e6a72b1b767a05c21400,2ea764e1783688df4d4bc4d6bc4b7c6a52ae545bfb933c403a7aa96e5d21a797,10876,450.5950567999971,0.10666751861572266,0.119140625,513542e17ddbca8b50109dcb24ce4faf75c9dfec77ac6fad24bc5d7e0de097a3,True,True,True,1,0.7701911356329807,4.866180294134782,3.3684414681934176,0.06418069847732936,0.4792819175772471,-1.3403121857416063,4.678950947631729,0.8894726520367319,0.7382678728885631,16.063210509054457,0.0,0.16866639256477356,0.0001756217679940164,-4.881190776824951,100.0,0.0,0.0,0.9348040819168091,0.9328555464744568,0.5929620265960693,1.2753541469573975,1.3525022268295288,1.3496830463409424,0.8579149842262268,1.8452199697494507,100.0,0.0,0.0,-7.626979827880859,TIT_INC,70,70787,450.5942788999964,64,64,300,30,75,130,EARLY_STOPPING,False,0,2048,deterministic_evenly_spaced_full_fold,53.699951171875,37.11560134887693,1792,1783,99.49776785714286,TIT,1.4510427975077411,20,0.99,1.4510427975077411
39,COMPLETE,2,42,26989,2856,424f72a3df11b24bdd551a74968aa5efe8f47b52221df203d3bd3ed6f8a96c5a,f1c78e2ff146b5069b0310a8b0222fe8d495ed8d7dbf78dc149a7df8702a8f3a,10876,686.1580178000004,0.10807228088378906,0.1171875,513542e17ddbca8b50109dcb24ce4faf75c9dfec77ac6fad24bc5d7e0de097a3,True,True,True,1,0.8052628765948102,4.739625385448467,3.212405963438232,0.05688324170449162,0.44121303033556364,0.4518406731741769,4.718864864471086,0.9011865339754149,0.7477514229522753,15.988309329106904,0.0,0.19286930561065674,2.167856291634962e-05,-7.624835968017578,100.0,0.0,0.0,1.108520746231079,1.1210215091705322,0.8005040884017944,1.369189739227295,1.6345221996307373,1.6529545783996582,1.1803492307662964,2.0188803672790527,100.0,0.0,0.0,-9.29195785522461,TIT_INC,100,70787,686.1575557000033,64,64,300,30,75,160,EARLY_STOPPING,False,0,2048,deterministic_evenly_spaced_full_fold,54.0,36.622398376464815,1792,1785,99.609375,TIT,1.4524626095825595,20,0.99,1.4524626095825595
39,COMPLETE,3,42,26466,3379,ad1e190147cfc7079fe69ab58be273b0089b28a9cb71d4377b9a01145e874910,b3de2bff6a2b887166deba8883b54b43de7150168fdd2094f9852f380bd9133e,10848,991.6036840000015,0.11145734786987305,0.1171875,513542e17ddbca8b50109dcb24ce4faf75c9dfec77ac6fad24bc5d7e0de097a3,True,True,True,1,0.7338779532373956,5.826852748005735,3.9644690369952884,0.06324255291588503,0.5157938436315109,-0.2947463977968386,5.820254527996138,0.8604079288099413,0.6750983831728637,20.520298000169102,0.0,0.25647372007369995,1.0346727776777698e-06,-10.889582633972168,100.0,0.0,0.0,1.4105031490325928,1.3820500373840332,1.1419785022735596,1.7887980937957764,2.104138135910034,2.061692714691162,1.703562617301941,2.6684648990631104,100.0,0.0,0.0,-12.007421493530273,TIT_INC,210,70787,991.6032326999994,64,64,300,30,75,270,EARLY_STOPPING,False,0,2048,deterministic_evenly_spaced_full_fold,54.0,36.19874954223633,1792,1785,99.609375,TIT,1.4666428059277477,20,0.99,1.4666428059277477
39,COMPLETE,4,42,27061,2784,2cf8e61e68345fca034455d14ca0a91ba8af3af3a30bcfad11a389cf00a64d26,e85c7d3201b31d98e24a7a8ea73439fb69c13286f849eaf6812d38684b5bedb5,41216,905.7973899999924,0.10773611068725586,0.1171875,513542e17ddbca8b50109dcb24ce4faf75c9dfec77ac6fad24bc5d7e0de097a3,True,True,True,1,0.5815234044266864,6.773097549118363,4.359930416633343,0.09044060968507657,0.6467814783249548,-1.492316402237991,6.607838217090158,0.7757860614207137,0.6000183608738255,24.894140884498153,0.0,0.3128747344017029,1.3797353858535644e-05,-7.329433441162109,100.0,0.0,0.0,1.1346707344055176,1.112436056137085,0.8840541839599609,1.5081591606140137,1.6600849628448486,1.6275544166564941,1.2934194803237915,2.20651912689209,100.0,0.0,0.0,-9.622625350952148,TIT_INC,170,70787,905.7969054999994,64,64,300,30,75,230,EARLY_STOPPING,False,0,2048,deterministic_evenly_spaced_full_fold,53.699951171875,36.704002380371094,1792,1755,97.93526785714286,TIT,1.460840509680585,20,0.99,1.460840509680585
40,COMPLETE,0,42,25813,4032,81354305b7b8066000bae764cd84c6a44c1e035572eb00baa18e30401895a2a4,6d4d4bf8c14384a72deec9ae950f7dbc99365946e460adffb80cf5c9ed8ff111,41216,142.770629000006,0.10817527770996094,0.125,513542e17ddbca8b50109dcb24ce4faf75c9dfec77ac6fad24bc5d7e0de097a3,True,True,True,1,0.8344627879498776,4.320723536729624,2.7707351748905484,0.05594835316846055,0.4068121878630963,0.9034373116871667,4.225740372384903,0.9186680854463068,0.887536284780535,7.781988668248898,0.0,0.06806863099336624,0.044181402772665024,0.06848587095737457,94.53125,5.46875,0.0,0.7818887829780579,0.6441217660903931,-0.027888644486665726,2.0658648014068604,1.1536428928375244,0.950373649597168,-0.041148483753204346,3.048093557357788,86.42578125,13.57421875,0.0,-2.8212735652923584,TIT_INC,335,35249,142.7701359999919,512,512,400,0,75,395,EARLY_STOPPING,False,0,2048,deterministic_evenly_spaced_full_fold,54.0999755859375,36.66660079956054,320,318,99.375,TIT,1.4710406161479248,20,0.99,1.4710406161479248
40,COMPLETE,1,42,27493,2352,db92a7db6dfa639d2026ff19c5b1159be2b53d1e09d9e6a72b1b767a05c21400,2ea764e1783688df4d4bc4d6bc4b7c6a52ae545bfb933c403a7aa96e5d21a797,10848,86.09541759999411,0.10097026824951172,0.107421875,513542e17ddbca8b50109dcb24ce4faf75c9dfec77ac6fad24bc5d7e0de097a3,True,True,True,1,0.839750482558536,4.063527213614087,2.9152190458206904,0.053594400348406915,0.40022666595721984,-0.9123792729410184,3.960616985116518,0.9212618281300246,0.876271680671904,7.314767455968893,0.0,0.05694710463285446,0.14903071522712708,0.05835453048348427,85.546875,14.453125,0.0,0.5708208680152893,0.5923658609390259,-0.5130866765975952,1.8819544315338135,0.8258804082870483,0.8570524454116821,-0.7423489689826965,2.722867250442505,92.67578125,7.32421875,0.0,-3.744990348815918,TIT_INC,145,35249,86.09497449999617,512,512,400,0,75,205,EARLY_STOPPING,False,0,2048,deterministic_evenly_spaced_full_fold,53.699951171875,37.11560134887693,320,301,94.0625,TIT,1.4510427975077411,20,0.99,1.4510427975077411
40,COMPLETE,2,42,26989,2856,424f72a3df11b24bdd551a74968aa5efe8f47b52221df203d3bd3ed6f8a96c5a,f1c78e2ff146b5069b0310a8b0222fe8d495ed8d7dbf78dc149a7df8702a8f3a,10848,187.15132259999518,0.10330343246459961,0.123046875,513542e17ddbca8b50109dcb24ce4faf75c9dfec77ac6fad24bc5d7e0de097a3,True,True,True,1,0.8789268698299927,3.737175791817233,2.5337424358399976,0.04485221015795529,0.34789472203157495,0.3862253090246719,3.7178155681661895,0.9382744723921745,0.8914205113131438,7.07384211306867,0.0,0.05434191972017288,0.037308745086193085,0.05469425767660141,94.62890625,5.37109375,0.0,0.7263414859771729,0.5499252080917358,-0.0155355054885149,2.354860305786133,1.070995807647705,0.8108688592910767,-0.02290721982717514,3.472259283065796,88.37890625,11.62109375,0.0,-3.2444252967834473,TIT_INC,335,35249,187.1508357999992,512,512,400,0,75,395,EARLY_STOPPING,False,0,2048,deterministic_evenly_spaced_full_fold,54.0,36.622398376464815,320,308,96.25,TIT,1.4524626095825595,20,0.99,1.4524626095825595
40,COMPLETE,3,42,26466,3379,ad1e190147cfc7079fe69ab58be273b0089b28a9cb71d4377b9a01145e874910,b3de2bff6a2b887166deba8883b54b43de7150168fdd2094f9852f380bd9133e,41216,178.5327518000122,0.10569143295288086,0.125,513542e17ddbca8b50109dcb24ce4faf75c9dfec77ac6fad24bc5d7e0de097a3,True,True,True,1,0.8267708664752494,4.7011497145620265,3.131440959974449,0.051024579210525486,0.41614644914289867,0.1795940540287755,4.6984133107197685,0.9101442353581377,0.7950600634573959,13.309211320046453,0.0,0.07869308441877365,0.030303336679935455,0.0789792612195015,94.091796875,5.908203125,0.0,0.9251254796981812,0.6826099157333374,-0.04225818067789078,2.965785264968872,1.3800690174102783,1.0182931423187256,-0.06303924322128296,4.424252033233643,84.130859375,15.869140625,0.0,-2.9185643196105957,TIT_INC,315,35249,178.53233490001003,512,512,400,0,75,375,EARLY_STOPPING,False,0,2048,deterministic_evenly_spaced_full_fold,54.0,36.19874954223633,320,317,99.0625,TIT,1.4666428059277477,20,0.99,1.4666428059277477
40,COMPLETE,4,42,27061,2784,2cf8e61e68345fca034455d14ca0a91ba8af3af3a30bcfad11a389cf00a64d26,e85c7d3201b31d98e24a7a8ea73439fb69c13286f849eaf6812d38684b5bedb5,45760,95.96010419999948,0.10324907302856445,0.123046875,513542e17ddbca8b50109dcb24ce4faf75c9dfec77ac6fad24bc5d7e0de097a3,True,True,True,1,0.6864483341724062,5.862816477920083,3.6540199915568032,0.07828570205722565,0.5598562668318051,-0.7603662699118428,5.814344620492317,0.8338688859566614,0.7454732973074902,16.030549392122165,0.0,0.09744209051132202,0.11538040637969971,0.09853172302246094,90.0390625,9.9609375,0.0,1.0456064939498901,0.9798517823219299,-0.5114034414291382,2.8106048107147217,1.5297791957855225,1.4335765838623047,-0.7482110857963562,4.112067699432373,97.75390625,2.24609375,0.0,-6.109335899353027,TIT_INC,105,35249,95.95965730000171,512,512,400,0,75,165,EARLY_STOPPING,False,0,2048,deterministic_evenly_spaced_full_fold,53.699951171875,36.704002380371094,320,317,99.0625,TIT,1.460840509680585,20,0.99,1.460840509680585
41,COMPLETE,0,42,25813,4032,81354305b7b8066000bae764cd84c6a44c1e035572eb00baa18e30401895a2a4,6d4d4bf8c14384a72deec9ae950f7dbc99365946e460adffb80cf5c9ed8ff111,41216,132.26573149999604,0.08816766738891602,0.103515625,513542e17ddbca8b50109dcb24ce4faf75c9dfec77ac6fad24bc5d7e0de097a3,True,True,True,1,0.8160247833889449,4.554999376390436,2.9404748015933566,0.0589819532830612,0.42887012933648583,1.2178798913955688,4.3897114993522655,0.9121099214390836,0.8799299130177731,8.56165524224878,0.0,0.07705961167812347,0.15668129920959473,0.07712937146425247,87.6953125,12.3046875,0.0,0.6509299278259277,0.6346549987792969,-0.6934976577758789,2.1290180683135986,0.960418701171875,0.9364057779312134,-1.0232255458831787,3.1412734985351562,82.12890625,17.87109375,0.0,-2.5123918056488037,TIT_INC,395,11505,132.26533139999083,512,512,400,0,75,400,MAX_EPOCHS,False,0,2048,deterministic_evenly_spaced_full_fold,54.0999755859375,36.66660079956054,640,624,97.5,TIT,1.4710406161479248,20,0.99,1.4710406161479248
41,COMPLETE,1,42,27493,2352,db92a7db6dfa639d2026ff19c5b1159be2b53d1e09d9e6a72b1b767a05c21400,2ea764e1783688df4d4bc4d6bc4b7c6a52ae545bfb933c403a7aa96e5d21a797,10848,115.28725710000435,0.0843806266784668,0.0859375,513542e17ddbca8b50109dcb24ce4faf75c9dfec77ac6fad24bc5d7e0de097a3,True,True,True,1,0.843434358265045,4.016548714065313,2.910454904141069,0.05297479467574178,0.39559963942148363,-0.7151643937947799,3.9532072998372114,0.9225951307297535,0.8998591002471305,5.943568872008446,0.0,0.05718773603439331,0.43706056475639343,0.05738232284784317,76.7578125,23.2421875,0.0,0.4257301688194275,0.5767930746078491,-1.7760401964187622,2.401944637298584,0.6159589886665344,0.8345212936401367,-2.569627523422241,3.4752044677734375,79.1015625,20.8984375,0.0,-2.0291061401367188,TIT_INC,255,11505,115.28686509998806,512,512,400,0,75,315,EARLY_STOPPING,False,0,2048,deterministic_evenly_spaced_full_fold,53.699951171875,37.11560134887693,640,639,99.84375,TIT,1.4510427975077411,20,0.99,1.4510427975077411
41,COMPLETE,2,42,26989,2856,424f72a3df11b24bdd551a74968aa5efe8f47b52221df203d3bd3ed6f8a96c5a,f1c78e2ff146b5069b0310a8b0222fe8d495ed8d7dbf78dc149a7df8702a8f3a,10848,185.2443806000083,0.08551931381225586,0.103515625,513542e17ddbca8b50109dcb24ce4faf75c9dfec77ac6fad24bc5d7e0de097a3,True,True,True,1,0.8664972562693253,3.924322924133047,2.6682853845655083,0.047098281249250126,0.36531630003670207,0.4464831752937381,3.8995240116479617,0.9318783961307036,0.8806181328195066,7.799438974864179,0.0,0.06012297049164772,0.15550683438777924,0.060192205011844635,88.916015625,11.083984375,0.0,0.7617162466049194,0.6713027954101562,-0.8718657493591309,2.8209807872772217,1.1231563091278076,0.9898409843444824,-1.2855725288391113,4.159557342529297,85.791015625,14.208984375,0.0,-2.8830509185791016,TIT_INC,335,11505,185.24397419999877,512,512,400,0,75,395,EARLY_STOPPING,False,0,2048,deterministic_evenly_spaced_full_fold,54.0,36.622398376464815,640,621,97.03125,TIT,1.4524626095825595,20,0.99,1.4524626095825595
41,COMPLETE,3,42,26466,3379,ad1e190147cfc7079fe69ab58be273b0089b28a9cb71d4377b9a01145e874910,b3de2bff6a2b887166deba8883b54b43de7150168fdd2094f9852f380bd9133e,41216,184.62681349999912,0.08670425415039062,0.103515625,513542e17ddbca8b50109dcb24ce4faf75c9dfec77ac6fad24bc5d7e0de097a3,True,True,True,1,0.8172296618527498,4.828880668548296,3.2094996786216337,0.05241092480150303,0.42745321156792243,0.09819497692405066,4.8285967247728125,0.9052405937480243,0.777434613193699,14.356998774408552,0.0,0.08172263950109482,0.22284160554409027,0.08182185143232346,82.6171875,17.3828125,0.0,0.6807399392127991,0.5014116764068604,-1.1226236820220947,3.035862922668457,1.0155034065246582,0.7479879856109619,-1.6746898889541626,4.528791427612305,80.029296875,19.970703125,0.0,-2.8201823234558105,TIT_INC,400,11505,184.6264361999929,512,512,400,0,75,400,MAX_EPOCHS,False,0,2048,deterministic_evenly_spaced_full_fold,54.0,36.19874954223633,640,623,97.34375,TIT,1.4666428059277477,20,0.99,1.4666428059277477
41,COMPLETE,4,42,27061,2784,2cf8e61e68345fca034455d14ca0a91ba8af3af3a30bcfad11a389cf00a64d26,e85c7d3201b31d98e24a7a8ea73439fb69c13286f849eaf6812d38684b5bedb5,31136,146.005965999997,0.08536291122436523,0.103515625,513542e17ddbca8b50109dcb24ce4faf75c9dfec77ac6fad24bc5d7e0de097a3,True,True,True,1,0.7114877974032757,5.623851400339099,3.4627815800151605,0.07509482120055189,0.53703684262818,-0.41177555336349314,5.609763733723118,0.8466970063028728,0.7695089072287469,14.79353083937144,0.0,0.08921736478805542,0.40756043791770935,0.0893988162279129,82.91015625,17.08984375,0.0,0.8396106958389282,0.7868125438690186,-1.8981527090072632,3.417588710784912,1.2283961772918701,1.1511495113372803,-2.7771005630493164,5.000118255615234,76.3671875,23.6328125,0.0,-1.9818623065948486,TIT_INC,225,11505,146.00554209999973,512,512,400,0,75,285,EARLY_STOPPING,False,0,2048,deterministic_evenly_spaced_full_fold,53.699951171875,36.704002380371094,640,634,99.0625,TIT,1.460840509680585,20,0.99,1.460840509680585
42,COMPLETE,0,42,25813,4032,81354305b7b8066000bae764cd84c6a44c1e035572eb00baa18e30401895a2a4,6d4d4bf8c14384a72deec9ae950f7dbc99365946e460adffb80cf5c9ed8ff111,41216,46.54073890000291,0.07661676406860352,0.078125,513542e17ddbca8b50109dcb24ce4faf75c9dfec77ac6fad24bc5d7e0de097a3,True,True,True,1,0.7905583497103306,4.860043830702402,3.225081395535242,0.062931924790575,0.45759119903678974,1.315181589315808,4.679289894631079,0.8979835942059837,0.8260217479936955,11.95610999022177,0.0,0.08855051547288895,0.06379260867834091,0.08855991065502167,91.89453125,8.10546875,0.0,1.0192981958389282,1.0294101238250732,-0.2711838185787201,2.6326427459716797,1.5039302110671997,1.5188498497009277,-0.40011993050575256,3.884350061416626,97.16796875,2.83203125,0.0,-4.233450412750244,TIT_INC,120,5489,46.54038569999102,512,512,150,0,75,150,MAX_EPOCHS,False,0,2048,deterministic_evenly_spaced_full_fold,54.0999755859375,36.66660079956054,640,624,97.5,TIT,1.4710406161479248,20,0.99,1.4710406161479248
42,COMPLETE,1,42,27493,2352,db92a7db6dfa639d2026ff19c5b1159be2b53d1e09d9e6a72b1b767a05c21400,2ea764e1783688df4d4bc4d6bc4b7c6a52ae545bfb933c403a7aa96e5d21a797,10848,48.37758529999701,0.07462739944458008,0.076171875,513542e17ddbca8b50109dcb24ce4faf75c9dfec77ac6fad24bc5d7e0de097a3,True,True,True,1,0.8245146797666523,4.25231279945785,3.0893330914633617,0.05608431852437513,0.41882061688484995,-0.7724041663059572,4.182462605394038,0.9118798537740477,0.8633777346424806,8.312108010342834,0.0,0.06287114322185516,0.2957316040992737,0.06291469931602478,79.98046875,20.01953125,0.0,0.6790688037872314,0.7747155427932739,-1.202107310295105,2.3163211345672607,0.9824968576431274,1.12088143825531,-1.7392443418502808,3.3513219356536865,83.544921875,16.455078125,0.0,-1.9157617092132568,TIT_INC,145,5489,48.37723480000568,512,512,150,0,75,150,MAX_EPOCHS,False,0,2048,deterministic_evenly_spaced_full_fold,53.699951171875,37.11560134887693,640,639,99.84375,TIT,1.4510427975077411,20,0.99,1.4510427975077411
42,COMPLETE,2,42,26989,2856,424f72a3df11b24bdd551a74968aa5efe8f47b52221df203d3bd3ed6f8a96c5a,f1c78e2ff146b5069b0310a8b0222fe8d495ed8d7dbf78dc149a7df8702a8f3a,41216,65.07277179999801,0.0752253532409668,0.076171875,513542e17ddbca8b50109dcb24ce4faf75c9dfec77ac6fad24bc5d7e0de097a3,True,True,True,1,0.8585050697962486,4.040081082653045,2.746503252943023,0.048487568117907755,0.37609225884211306,0.48257989108729427,4.011858336219057,0.9277761822753878,0.8752831489779598,8.164127471845127,0.0,0.06435272097587585,0.060717932879924774,0.06436166167259216,91.015625,8.984375,0.0,1.1047711372375488,0.9598389267921448,-0.2864015996456146,3.1490163803100586,1.6289933919906616,1.4152896404266357,-0.4223012924194336,4.643248558044434,92.919921875,7.080078125,0.0,-1.8950982093811035,TIT_INC,140,5489,65.0724052000005,512,512,150,0,75,150,MAX_EPOCHS,False,0,2048,deterministic_evenly_spaced_full_fold,54.0,36.622398376464815,640,621,97.03125,TIT,1.4524626095825595,20,0.99,1.4524626095825595
42,COMPLETE,3,42,26466,3379,ad1e190147cfc7079fe69ab58be273b0089b28a9cb71d4377b9a01145e874910,b3de2bff6a2b887166deba8883b54b43de7150168fdd2094f9852f380bd9133e,10848,64.23399810001138,0.07584857940673828,0.078125,513542e17ddbca8b50109dcb24ce4faf75c9dfec77ac6fad24bc5d7e0de097a3,True,True,True,1,0.804893609009689,4.989182189848654,3.454432016436466,0.054150779553591016,0.441643125297901,-0.22381285288941405,4.98489726480555,0.8996247948101511,0.7521541074533491,15.654603843192625,0.0,0.08858246356248856,0.13421201705932617,0.0886022299528122,87.255859375,12.744140625,0.0,1.1683216094970703,1.0287091732025146,-0.6764184832572937,3.3475213050842285,1.7428603172302246,1.5345914363861084,-1.009056806564331,4.993712425231934,76.611328125,23.388671875,0.0,-2.4827284812927246,TIT_INC,145,5489,64.23361290000321,512,512,150,0,75,150,MAX_EPOCHS,False,0,2048,deterministic_evenly_spaced_full_fold,54.0,36.19874954223633,640,623,97.34375,TIT,1.4666428059277477,20,0.99,1.4666428059277477
42,COMPLETE,4,42,27061,2784,2cf8e61e68345fca034455d14ca0a91ba8af3af3a30bcfad11a389cf00a64d26,e85c7d3201b31d98e24a7a8ea73439fb69c13286f849eaf6812d38684b5bedb5,27828,64.56877520000853,0.07514333724975586,0.076171875,513542e17ddbca8b50109dcb24ce4faf75c9dfec77ac6fad24bc5d7e0de097a3,True,True,True,1,0.7044806797715439,5.691735150221384,3.5813735572771095,0.07600126728117305,0.5435192462529175,-0.5893636380118885,5.662156420707585,0.844017632853713,0.7703302733780162,14.56175791048415,0.0,0.09260889887809753,0.2928768992424011,0.09265203773975372,85.009765625,14.990234375,0.0,1.0532913208007812,1.0781704187393188,-1.2601336240768433,3.0679771900177,1.5410226583480835,1.5774219036102295,-1.8436440229415894,4.488617897033691,79.00390625,20.99609375,0.0,-2.474400520324707,TIT_INC,145,5489,64.56841710000299,512,512,150,0,75,150,MAX_EPOCHS,False,0,2048,deterministic_evenly_spaced_full_fold,53.699951171875,36.704002380371094,640,634,99.0625,TIT,1.460840509680585,20,0.99,1.460840509680585
43,COMPLETE,0,42,25813,4032,81354305b7b8066000bae764cd84c6a44c1e035572eb00baa18e30401895a2a4,6d4d4bf8c14384a72deec9ae950f7dbc99365946e460adffb80cf5c9ed8ff111,41216,267.7615733999992,0.13494062423706055,0.158203125,513542e17ddbca8b50109dcb24ce4faf75c9dfec77ac6fad24bc5d7e0de097a3,True,True,True,1,0.783916054244856,4.936508750460792,3.3217737854473173,0.06392205672085778,0.46479065557161625,1.2479796816432287,4.776748309908804,0.8939872331477138,0.8336866774381343,11.420102559584665,0.0,0.06783755868673325,5.191379023017362e-05,-5.719981670379639,99.365234375,0.634765625,0.0,1.3012356758117676,1.181196928024292,0.314384788274765,2.6366701126098633,1.9199166297912598,1.7428045272827148,0.4638610780239105,3.890291929244995,97.65625,2.34375,0.0,-6.390007972717285,TIT_INC,60,42723,267.76121270000294,64,64,800,80,80,120,EARLY_STOPPING,False,0,2048,deterministic_evenly_spaced_full_fold,54.0999755859375,36.66660079956054,768,765,99.609375,TIT,1.4710406161479248,20,0.99,1.4710406161479248
43,COMPLETE,1,42,27493,2352,db92a7db6dfa639d2026ff19c5b1159be2b53d1e09d9e6a72b1b767a05c21400,2ea764e1783688df4d4bc4d6bc4b7c6a52ae545bfb933c403a7aa96e5d21a797,27828,262.6890735999914,0.1277313232421875,0.138671875,513542e17ddbca8b50109dcb24ce4faf75c9dfec77ac6fad24bc5d7e0de097a3,True,True,True,1,0.7571342467707771,5.00250978470861,3.31379222221115,0.06597876624284821,0.4927093402609705,-1.3981969534945327,4.804160939695903,0.8832953614781979,0.8367956640620496,9.45385394194607,0.0,0.060300786048173904,0.0,-4.787943363189697,100.0,0.0,0.0,1.343041181564331,1.176952600479126,0.3909291625022888,2.687376022338867,1.943151831626892,1.7028498649597168,0.5656078457832336,3.8881750106811523,99.853515625,0.146484375,0.0,-7.07646369934082,TIT_INC,50,42723,262.6886703999917,64,64,800,80,80,110,EARLY_STOPPING,False,0,2048,deterministic_evenly_spaced_full_fold,53.699951171875,37.11560134887693,768,764,99.47916666666667,TIT,1.4510427975077411,20,0.99,1.4510427975077411
43,COMPLETE,2,42,26989,2856,424f72a3df11b24bdd551a74968aa5efe8f47b52221df203d3bd3ed6f8a96c5a,f1c78e2ff146b5069b0310a8b0222fe8d495ed8d7dbf78dc149a7df8702a8f3a,27828,349.4019203999924,0.13007354736328125,0.138671875,513542e17ddbca8b50109dcb24ce4faf75c9dfec77ac6fad24bc5d7e0de097a3,True,True,True,1,0.8441542931251932,4.240011780440369,2.976906286234281,0.05088706286306216,0.3947038624719435,0.14375807257259593,4.238316079981855,0.9193165126537286,0.8189882737940378,11.292613869777485,0.0,0.0557105652987957,0.0008624611073173583,-5.71221399307251,98.4375,1.5625,0.0,1.4295731782913208,1.360564112663269,0.20678415894508362,2.7683122158050537,2.1079163551330566,2.00616192817688,0.3049047887325287,4.081896781921387,99.072265625,0.927734375,0.0,-6.730337619781494,TIT_INC,55,42723,349.4015187999903,64,64,800,80,80,115,EARLY_STOPPING,False,0,2048,deterministic_evenly_spaced_full_fold,54.0,36.622398376464815,768,765,99.609375,TIT,1.4524626095825595,20,0.99,1.4524626095825595
43,COMPLETE,3,42,26466,3379,ad1e190147cfc7079fe69ab58be273b0089b28a9cb71d4377b9a01145e874910,b3de2bff6a2b887166deba8883b54b43de7150168fdd2094f9852f380bd9133e,41216,565.6197111000074,0.13214921951293945,0.138671875,513542e17ddbca8b50109dcb24ce4faf75c9dfec77ac6fad24bc5d7e0de097a3,True,True,True,1,0.7981628207524061,5.074511015920646,3.4724821692989156,0.05507690777949398,0.4491964452590586,-0.11977489885757504,5.073848128112702,0.8939162161012035,0.7736302273602013,14.382759480224447,0.0,0.06875716894865036,3.9424649003194645e-06,-10.263879776000977,99.90234375,0.09765625,0.0,1.7785849571228027,1.2834630012512207,0.36668717861175537,4.394235134124756,2.6532294750213623,1.9146239757537842,0.5470108389854431,6.5551629066467285,79.248046875,20.751953125,0.0,-4.971719264984131,TIT_INC,150,42723,565.6193076000054,64,64,800,80,80,210,EARLY_STOPPING,False,0,2048,deterministic_evenly_spaced_full_fold,54.0,36.19874954223633,768,765,99.609375,TIT,1.4666428059277477,20,0.99,1.4666428059277477
43,COMPLETE,4,42,27061,2784,2cf8e61e68345fca034455d14ca0a91ba8af3af3a30bcfad11a389cf00a64d26,e85c7d3201b31d98e24a7a8ea73439fb69c13286f849eaf6812d38684b5bedb5,21548,278.80298290000064,0.12899541854858398,0.138671875,513542e17ddbca8b50109dcb24ce4faf75c9dfec77ac6fad24bc5d7e0de097a3,True,True,True,1,0.5586294757973295,6.955901233762232,4.3611997475569275,0.09288157212094492,0.6642378986023506,-1.5015344715666497,6.793123863629763,0.7674913143426423,0.6652011961804546,20.584865184013672,0.0,0.08954676985740662,0.0,-3.037360668182373,100.0,0.0,0.0,1.492748737335205,1.4753981828689575,0.6939818263053894,2.3055052757263184,2.1839723587036133,2.15858793258667,1.0153331756591797,3.373079776763916,100.0,0.0,0.0,-10.212352752685547,TIT_INC,25,42723,278.8025886000105,64,64,800,80,80,85,EARLY_STOPPING,False,0,2048,deterministic_evenly_spaced_full_fold,53.699951171875,36.704002380371094,768,752,97.91666666666667,TIT,1.460840509680585,20,0.99,1.460840509680585
44,COMPLETE,0,42,25813,4032,81354305b7b8066000bae764cd84c6a44c1e035572eb00baa18e30401895a2a4,6d4d4bf8c14384a72deec9ae950f7dbc99365946e460adffb80cf5c9ed8ff111,27828,1243.1901679000002,0.1118154525756836,0.130859375,513542e17ddbca8b50109dcb24ce4faf75c9dfec77ac6fad24bc5d7e0de097a3,True,True,True,1,0.8151524336618948,4.565785756620877,2.9796654932082647,0.059121624383378535,0.4298857071450096,1.2774943529613434,4.383967884671926,0.9118964881389268,0.8716340774195822,9.128662964800045,0.0,0.17242011427879333,0.7549632787704468,0.17279581725597382,80.078125,19.921875,0.0,0.3734186887741089,0.4352727234363556,-1.4672818183898926,1.5059195756912231,0.5509630441665649,0.642225980758667,-2.164910316467285,2.221918821334839,80.712890625,19.287109375,0.0,-2.2940783500671387,TIT_INC,90,28017,1243.1897106999968,64,64,800,400,400,400,EARLY_STOPPING,False,0,2048,deterministic_evenly_spaced_full_fold,54.0999755859375,36.66660079956054,1792,1785,99.609375,TIT,1.4710406161479248,20,0.99,1.4710406161479248
44,COMPLETE,1,42,27493,2352,db92a7db6dfa639d2026ff19c5b1159be2b53d1e09d9e6a72b1b767a05c21400,2ea764e1783688df4d4bc4d6bc4b7c6a52ae545bfb933c403a7aa96e5d21a797,41216,1333.758839999995,0.10599803924560547,0.11328125,513542e17ddbca8b50109dcb24ce4faf75c9dfec77ac6fad24bc5d7e0de097a3,True,True,True,1,0.82455467268483,4.251828223061396,3.073247041832022,0.05607792738189577,0.4187728897784817,-0.7519192290143902,4.185703015947125,0.9115886451240849,0.8591236126148064,8.615465020207836,0.0,0.13097476959228516,1.8840293884277344,0.13191235065460205,62.01171875,37.98828125,0.0,0.10128264129161835,0.2106667160987854,-1.6366560459136963,1.552959680557251,0.14653876423835754,0.30479884147644043,-2.36796236038208,2.2468678951263428,78.466796875,21.533203125,0.0,-2.61154842376709,TIT_INC,30,28017,1333.7583612999879,64,64,800,400,400,400,EARLY_STOPPING,False,0,2048,deterministic_evenly_spaced_full_fold,53.699951171875,37.11560134887693,1792,1783,99.49776785714286,TIT,1.4510427975077411,20,0.99,1.4510427975077411
44,COMPLETE,2,42,26989,2856,424f72a3df11b24bdd551a74968aa5efe8f47b52221df203d3bd3ed6f8a96c5a,f1c78e2ff146b5069b0310a8b0222fe8d495ed8d7dbf78dc149a7df8702a8f3a,27828,1766.2837503999908,0.1076202392578125,0.130859375,513542e17ddbca8b50109dcb24ce4faf75c9dfec77ac6fad24bc5d7e0de097a3,True,True,True,1,0.8714671461157588,3.850585019769078,2.6246943433745566,0.046213306025344014,0.35845201824453626,0.6053421570807278,3.8033709869183223,0.9352267511263702,0.8768081585626781,8.192961502879754,0.0,0.12295155227184296,0.6470070481300354,0.12327353656291962,80.859375,19.140625,0.0,0.44374772906303406,0.41990238428115845,-1.1556649208068848,1.9368748664855957,0.6543093323707581,0.6191492080688477,-1.7040364742279053,2.8559365272521973,80.46875,19.53125,0.0,-2.5634350776672363,TIT_INC,115,28017,1766.2829006000102,64,64,800,400,400,400,EARLY_STOPPING,False,0,2048,deterministic_evenly_spaced_full_fold,54.0,36.622398376464815,1792,1785,99.609375,TIT,1.4524626095825595,20,0.99,1.4524626095825595
44,COMPLETE,3,42,26466,3379,ad1e190147cfc7079fe69ab58be273b0089b28a9cb71d4377b9a01145e874910,b3de2bff6a2b887166deba8883b54b43de7150168fdd2094f9852f380bd9133e,41216,1737.5380613000016,0.11020803451538086,0.130859375,513542e17ddbca8b50109dcb24ce4faf75c9dfec77ac6fad24bc5d7e0de097a3,True,True,True,1,0.8232548922987648,4.748618894982489,3.2615715268449197,0.05153979253141166,0.42034842782366894,-0.013002197500445074,4.749303913957968,0.9090823185470298,0.7752109559994245,14.388261719686403,0.0,0.17474421858787537,0.9095426201820374,0.17519685626029968,81.93359375,18.06640625,0.0,0.5297789573669434,0.565433919429779,-1.3115718364715576,2.152313709259033,0.7903053164482117,0.8434940576553345,-1.9565558433532715,3.210744619369507,77.63671875,22.36328125,0.0,-2.370823621749878,TIT_INC,55,28017,1737.5375346999936,64,64,800,400,400,400,EARLY_STOPPING,False,0,2048,deterministic_evenly_spaced_full_fold,54.0,36.19874954223633,1792,1785,99.609375,TIT,1.4666428059277477,20,0.99,1.4666428059277477
44,COMPLETE,4,42,27061,2784,2cf8e61e68345fca034455d14ca0a91ba8af3af3a30bcfad11a389cf00a64d26,e85c7d3201b31d98e24a7a8ea73439fb69c13286f849eaf6812d38684b5bedb5,38636,1767.5485479999916,0.10740995407104492,0.130859375,513542e17ddbca8b50109dcb24ce4faf75c9dfec77ac6fad24bc5d7e0de097a3,True,True,True,1,0.6961317889084275,5.771575459562143,3.683569991725615,0.07706736830834093,0.5511434142101707,-0.5265823876720735,5.748535824454185,0.837984037325473,0.7521880134011315,15.821369017841295,0.0,0.22387008368968964,1.628501057624817,0.22468049824237823,84.1796875,15.8203125,0.0,0.840499758720398,0.6901236772537231,-1.4425408840179443,3.542961597442627,1.2296969890594482,1.0096886157989502,-2.110515594482422,5.1835455894470215,80.17578125,19.82421875,0.0,-3.1221747398376465,TIT_INC,30,28017,1767.5480046999874,64,64,800,400,400,400,EARLY_STOPPING,False,0,2048,deterministic_evenly_spaced_full_fold,53.699951171875,36.704002380371094,1792,1755,97.93526785714286,TIT,1.460840509680585,20,0.99,1.460840509680585
45,COMPLETE,0,42,25813,4032,81354305b7b8066000bae764cd84c6a44c1e035572eb00baa18e30401895a2a4,6d4d4bf8c14384a72deec9ae950f7dbc99365946e460adffb80cf5c9ed8ff111,27828,62.18527549999999,0.10945892333984375,0.12890625,513542e17ddbca8b50109dcb24ce4faf75c9dfec77ac6fad24bc5d7e0de097a3,True,True,True,1,0.7905592212759076,4.86003371845561,3.227239697698563,0.06293179384872,0.4575902469311513,1.059457886786688,4.743738804591605,0.8947315585719697,0.8056398719588836,12.946990854996322,0.0,0.08861874788999557,0.0,-8.186588287353516,100.0,0.0,0.0,0.6867008209228516,0.5827827453613281,0.24896875023841858,1.4549371004104614,1.0131971836090088,0.8598705530166626,0.3673425316810608,2.1466963291168213,99.853515625,0.146484375,0.0,-4.548953056335449,TIT_INC,80,50659,62.18469300000288,512,512,800,80,80,140,EARLY_STOPPING,False,0,2048,deterministic_evenly_spaced_full_fold,54.0999755859375,36.66660079956054,320,320,100.0,TIT,1.4710406161479248,20,0.99,1.4710406161479248
45,COMPLETE,1,42,27493,2352,db92a7db6dfa639d2026ff19c5b1159be2b53d1e09d9e6a72b1b767a05c21400,2ea764e1783688df4d4bc4d6bc4b7c6a52ae545bfb933c403a7aa96e5d21a797,38636,40.005117799999425,0.10203742980957031,0.111328125,513542e17ddbca8b50109dcb24ce4faf75c9dfec77ac6fad24bc5d7e0de097a3,True,True,True,1,0.7912287151126403,4.638100869341237,3.175320815066902,0.061172528638410564,0.45681782100303614,-0.412485341636502,4.620704847355365,0.8908983847870173,0.7681886798123612,15.00149389094934,0.0,0.07205364853143692,0.0,-3.5901575088500977,100.0,0.0,0.0,0.891893744468689,0.9137243032455444,0.32833361625671387,1.3887282609939575,1.290418267250061,1.3220032453536987,0.47504279017448425,2.0092530250549316,100.0,0.0,0.0,-8.887283325195312,TIT_INC,25,50659,40.004591499993694,512,512,800,80,80,85,EARLY_STOPPING,False,0,2048,deterministic_evenly_spaced_full_fold,53.699951171875,37.11560134887693,320,305,95.3125,TIT,1.4510427975077411,20,0.99,1.4510427975077411
45,COMPLETE,2,42,26989,2856,424f72a3df11b24bdd551a74968aa5efe8f47b52221df203d3bd3ed6f8a96c5a,f1c78e2ff146b5069b0310a8b0222fe8d495ed8d7dbf78dc149a7df8702a8f3a,38636,137.89906009999686,0.10419797897338867,0.107421875,513542e17ddbca8b50109dcb24ce4faf75c9dfec77ac6fad24bc5d7e0de097a3,True,True,True,1,0.8399674773546988,4.296588555100371,2.9449745466729174,0.05156607651627748,0.3999706099813544,0.6035972269309335,4.2547246765890945,0.91843862495167,0.8250755798999181,11.377524286697655,0.0,0.07144728302955627,0.0,-10.003080368041992,100.0,0.0,0.0,0.6092811226844788,0.5268427133560181,0.22038057446479797,1.2893707752227783,0.8983895778656006,0.7768335342407227,0.32495278120040894,1.9011868238449097,99.560546875,0.439453125,0.0,-3.4337351322174072,TIT_INC,165,50659,137.89858170000662,512,512,800,80,80,225,EARLY_STOPPING,False,0,2048,deterministic_evenly_spaced_full_fold,54.0,36.622398376464815,320,311,97.1875,TIT,1.4524626095825595,20,0.99,1.4524626095825595
45,COMPLETE,3,42,26466,3379,ad1e190147cfc7079fe69ab58be273b0089b28a9cb71d4377b9a01145e874910,b3de2bff6a2b887166deba8883b54b43de7150168fdd2094f9852f380bd9133e,27828,161.03126459999476,0.10656404495239258,0.126953125,513542e17ddbca8b50109dcb24ce4faf75c9dfec77ac6fad24bc5d7e0de097a3,True,True,True,1,0.8155740618288432,4.850702239426849,3.260892490410671,0.05264776824180911,0.42938486016181876,-0.012487677365021085,4.851404094061594,0.9050372785691796,0.7654184122813905,15.016142253726112,0.0,0.08370868861675262,0.0,-16.93405532836914,100.0,0.0,0.0,0.638554036617279,0.5030640363693237,0.18899895250797272,1.6055675745010376,0.9525720477104187,0.7504528760910034,0.28194186091423035,2.3951282501220703,96.09375,3.90625,0.0,-3.4051730632781982,TIT_INC,220,50659,161.03043210000033,512,512,800,80,80,280,EARLY_STOPPING,False,0,2048,deterministic_evenly_spaced_full_fold,54.0,36.19874954223633,320,320,100.0,TIT,1.4666428059277477,20,0.99,1.4666428059277477
45,COMPLETE,4,42,27061,2784,2cf8e61e68345fca034455d14ca0a91ba8af3af3a30bcfad11a389cf00a64d26,e85c7d3201b31d98e24a7a8ea73439fb69c13286f849eaf6812d38684b5bedb5,28036,131.97103980000247,0.10389566421508789,0.107421875,513542e17ddbca8b50109dcb24ce4faf75c9dfec77ac6fad24bc5d7e0de097a3,True,True,True,1,0.6043824112262293,6.585511908541694,4.080459045267653,0.08793579418834303,0.628868416089419,-1.2766854557497749,6.461736547053801,0.7884437558987812,0.6602108015634539,21.13892639740324,0.0,0.12125524878501892,0.0,-7.119041442871094,100.0,0.0,0.0,0.7487508058547974,0.6088578701019287,0.23515728116035461,1.7589085102081299,1.0954631567001343,0.8907922506332397,0.3440479040145874,2.573378801345825,99.609375,0.390625,0.0,-5.008615493774414,TIT_INC,155,50659,131.9704536999925,512,512,800,80,80,215,EARLY_STOPPING,False,0,2048,deterministic_evenly_spaced_full_fold,53.699951171875,36.704002380371094,320,320,100.0,TIT,1.460840509680585,20,0.99,1.460840509680585
46,COMPLETE,0,42,25813,4032,81354305b7b8066000bae764cd84c6a44c1e035572eb00baa18e30401895a2a4,6d4d4bf8c14384a72deec9ae950f7dbc99365946e460adffb80cf5c9ed8ff111,38636,72.18885730000329,0.09116268157958984,0.107421875,513542e17ddbca8b50109dcb24ce4faf75c9dfec77ac6fad24bc5d7e0de097a3,True,True,True,1,0.6958042232518109,5.8571352214644286,4.124697936905755,0.07584310061503187,0.5514710612235706,1.8563614118666876,5.5558627564523,0.8523079325914021,0.7334466617667068,18.15940477765563,0.0,0.07184276729822159,3.438183349135926e-10,0.07184276729822159,100.0,0.0,0.0,1.2604527473449707,1.2384223937988281,0.8858422040939331,1.5753350257873535,1.8597431182861328,1.8272384405136108,1.3070216178894043,2.324338436126709,100.0,0.0,0.0,-9.634984016418457,TIT_INC,90,15777,72.18846079999639,512,512,400,200,200,200,EARLY_STOPPING,False,0,2048,deterministic_evenly_spaced_full_fold,54.0999755859375,36.66660079956054,640,624,97.5,TIT,1.4710406161479248,20,0.99,1.4710406161479248
46,COMPLETE,1,42,27493,2352,db92a7db6dfa639d2026ff19c5b1159be2b53d1e09d9e6a72b1b767a05c21400,2ea764e1783688df4d4bc4d6bc4b7c6a52ae545bfb933c403a7aa96e5d21a797,27828,76.16162069998973,0.08697509765625,0.08984375,513542e17ddbca8b50109dcb24ce4faf75c9dfec77ac6fad24bc5d7e0de097a3,True,True,True,1,0.7403890848172181,5.172092477031911,3.4480618165463817,0.0682154149046526,0.5094119515601426,-0.25003606445935306,5.167143730557617,0.860986716462154,0.7562681768302829,15.956580841122793,0.0,0.05072644725441933,5.7894894212040526e-08,0.05072644725441933,100.0,0.0,0.0,0.9281107783317566,0.9632184505462646,0.5441678762435913,1.1347193717956543,1.342818021774292,1.3936128616333008,0.7873181104660034,1.6417454481124878,100.0,0.0,0.0,-6.535787105560303,TIT_INC,30,15777,76.16119189999881,512,512,400,200,200,200,EARLY_STOPPING,False,0,2048,deterministic_evenly_spaced_full_fold,53.699951171875,37.11560134887693,640,639,99.84375,TIT,1.4510427975077411,20,0.99,1.4510427975077411
47,COMPLETE,0,42,25813,4032,81354305b7b8066000bae764cd84c6a44c1e035572eb00baa18e30401895a2a4,6d4d4bf8c14384a72deec9ae950f7dbc99365946e460adffb80cf5c9ed8ff111,38636,1449.5963863999932,0.1006784439086914,0.1171875,513542e17ddbca8b50109dcb24ce4faf75c9dfec77ac6fad24bc5d7e0de097a3,True,True,True,1,0.7765470858732204,5.019976357883661,3.379568959039355,0.0650028653258341,0.47264944118998437,1.4753727174940563,4.798869614067591,0.8924170175966243,0.8175221342758379,12.636157939376726,0.0,0.20356303453445435,0.47373905777931213,0.20377127826213837,93.9453125,6.0546875,0.0,1.0796864032745361,1.1519955396652222,-0.2884184718132019,2.2511067390441895,1.5930304527282715,1.6997193098068237,-0.42554888129234314,3.3214097023010254,97.900390625,2.099609375,0.0,-6.017063140869141,TIT_INC,135,14545,1449.5954228999908,64,64,800,400,400,400,EARLY_STOPPING,False,0,2048,deterministic_evenly_spaced_full_fold,54.0999755859375,36.66660079956054,1280,1275,99.609375,TIT,1.4710406161479248,20,0.99,1.4710406161479248
47,COMPLETE,1,42,27493,2352,db92a7db6dfa639d2026ff19c5b1159be2b53d1e09d9e6a72b1b767a05c21400,2ea764e1783688df4d4bc4d6bc4b7c6a52ae545bfb933c403a7aa96e5d21a797,27828,1552.159903199994,0.09647464752197266,0.099609375,513542e17ddbca8b50109dcb24ce4faf75c9dfec77ac6fad24bc5d7e0de097a3,True,True,True,1,0.8198567500949673,4.308378044969489,3.1431567328316823,0.056823770496916504,0.4243426191030261,-1.1274684205347179,4.1591214282173254,0.9127642843745819,0.861200527618296,8.101814183324725,0.0,0.13688093423843384,3.2645456790924072,0.13831593096256256,84.130859375,15.869140625,0.0,0.6248460412025452,1.0627593994140625,-3.0266242027282715,2.1920037269592285,0.904045820236206,1.5376317501068115,-4.379009246826172,3.1714556217193604,86.71875,13.28125,0.0,-4.734214782714844,TIT_INC,90,14545,1552.1594291999936,64,64,800,400,400,400,EARLY_STOPPING,False,0,2048,deterministic_evenly_spaced_full_fold,53.699951171875,37.11560134887693,1280,1273,99.453125,TIT,1.4510427975077411,20,0.99,1.4510427975077411
48,COMPLETE,0,42,25813,4032,81354305b7b8066000bae764cd84c6a44c1e035572eb00baa18e30401895a2a4,6d4d4bf8c14384a72deec9ae950f7dbc99365946e460adffb80cf5c9ed8ff111,34600,268.8954106,0.10160970687866211,0.123046875,513542e17ddbca8b50109dcb24ce4faf75c9dfec77ac6fad24bc5d7e0de097a3,True,True,True,1,0.8243891592886502,4.450249103736666,2.8633044380990285,0.057625558873859645,0.4190075016457101,1.147711115224021,4.300239831259578,0.9146972448720555,0.859109221993157,9.764930013735725,0.0,0.16094300150871277,0.692424476146698,0.16129441559314728,87.060546875,12.939453125,0.0,0.6413671970367432,0.7440361380577087,-1.3128376007080078,1.917985439300537,0.9463093280792236,1.0977929830551147,-1.9370347261428833,2.829904079437256,84.814453125,15.185546875,0.0,-3.183084487915039,TIT_INC,220,23265,268.8949328,256,256,800,400,400,400,EARLY_STOPPING,False,0,2048,deterministic_evenly_spaced_full_fold,54.0999755859375,36.66660079956054,1792,1785,99.609375,TIT,1.4710406161479248,20,0.99,1.4710406161479248
48,COMPLETE,1,42,27493,2352,db92a7db6dfa639d2026ff19c5b1159be2b53d1e09d9e6a72b1b767a05c21400,2ea764e1783688df4d4bc4d6bc4b7c6a52ae545bfb933c403a7aa96e5d21a797,34272,283.2092805,0.0965414047241211,0.103515625,513542e17ddbca8b50109dcb24ce4faf75c9dfec77ac6fad24bc5d7e0de097a3,True,True,True,1,0.8305371278737634,4.178708617753211,3.0162100256705773,0.055113543191954786,0.41157116223730567,-0.7937563146863665,4.1035004499796806,0.9155324554010373,0.8742209078117743,7.569753773231222,0.0,0.1301594078540802,1.9417142868041992,0.13114485144615173,74.560546875,25.439453125,0.0,0.3385213613510132,0.5865564346313477,-2.1427876949310303,2.0440847873687744,0.4897826910018921,0.8486471772193909,-3.1002485752105713,2.957442283630371,81.34765625,18.65234375,0.0,-2.9217934608459473,TIT_INC,130,23265,283.2088712,256,256,800,400,400,400,EARLY_STOPPING,False,0,2048,deterministic_evenly_spaced_full_fold,53.699951171875,37.11560134887693,1792,1783,99.49776785714286,TIT,1.4510427975077411,20,0.99,1.4510427975077411
48,COMPLETE,2,42,26989,2856,424f72a3df11b24bdd551a74968aa5efe8f47b52221df203d3bd3ed6f8a96c5a,f1c78e2ff146b5069b0310a8b0222fe8d495ed8d7dbf78dc149a7df8702a8f3a,34600,384.1297738999999,0.09832906723022461,0.103515625,513542e17ddbca8b50109dcb24ce4faf75c9dfec77ac6fad24bc5d7e0de097a3,True,True,True,1,0.8654671949692239,3.9394331973765846,2.7129401212312927,0.04727962919454807,0.3667229195276534,0.38858551137587605,3.920907815982256,0.9310138666507606,0.8698240055971185,8.406372095014751,0.0,0.1287875771522522,0.3955245912075043,0.12898831069469452,88.76953125,11.23046875,0.0,0.9943971037864685,1.0922542810440063,-1.1403343677520752,2.3511765003204346,1.4662458896636963,1.610537052154541,-1.681431531906128,3.466827154159546,82.861328125,17.138671875,0.0,-4.681148529052734,TIT_INC,110,23265,384.1293357999999,256,256,800,400,400,400,EARLY_STOPPING,False,0,2048,deterministic_evenly_spaced_full_fold,54.0,36.622398376464815,1792,1785,99.609375,TIT,1.4524626095825595,20,0.99,1.4524626095825595
48,COMPLETE,3,42,26466,3379,ad1e190147cfc7079fe69ab58be273b0089b28a9cb71d4377b9a01145e874910,b3de2bff6a2b887166deba8883b54b43de7150168fdd2094f9852f380bd9133e,34272,380.32118679999996,0.0999917984008789,0.123046875,513542e17ddbca8b50109dcb24ce4faf75c9dfec77ac6fad24bc5d7e0de097a3,True,True,True,1,0.8216364182914313,4.77031115615732,3.203127673336231,0.05177523249094797,0.4222686299039866,-0.0664244846819279,4.7705546323046715,0.9072442363221861,0.7888912524047558,13.458401882470138,0.0,0.17580445110797882,0.6421288847923279,0.17613033950328827,85.302734375,14.697265625,0.0,0.7255144715309143,0.6810027360916138,-1.1778348684310913,2.588897466659546,1.0822964906692505,1.0158956050872803,-1.757051944732666,3.8620245456695557,83.349609375,16.650390625,0.0,-3.825838565826416,TIT_INC,135,23265,380.31994599999996,256,256,800,400,400,400,EARLY_STOPPING,False,0,2048,deterministic_evenly_spaced_full_fold,54.0,36.19874954223633,1792,1785,99.609375,TIT,1.4666428059277477,20,0.99,1.4666428059277477
48,COMPLETE,4,42,27061,2784,2cf8e61e68345fca034455d14ca0a91ba8af3af3a30bcfad11a389cf00a64d26,e85c7d3201b31d98e24a7a8ea73439fb69c13286f849eaf6812d38684b5bedb5,23224,384.66821129999994,0.09829139709472656,0.103515625,513542e17ddbca8b50109dcb24ce4faf75c9dfec77ac6fad24bc5d7e0de097a3,True,True,True,1,0.6835208093591274,5.890122446907687,3.6511715047660913,0.07865031639584569,0.5624637879638752,-0.8025914677258196,5.836233730265656,0.8333736073966319,0.7541121094691582,15.41842891458985,0.0,0.23804745078086853,1.3079354763031006,0.23871123790740967,84.326171875,15.673828125,0.0,0.915791392326355,1.0254342555999756,-1.7851226329803467,2.7588980197906494,1.3398525714874268,1.500266194343567,-2.611731767654419,4.0364179611206055,76.26953125,23.73046875,0.0,-3.0299112796783447,TIT_INC,125,23265,384.66776290000007,256,256,800,400,400,400,EARLY_STOPPING,False,0,2048,deterministic_evenly_spaced_full_fold,53.699951171875,36.704002380371094,1792,1755,97.93526785714286,TIT,1.460840509680585,20,0.99,1.460840509680585
49,COMPLETE,0,42,25813,4032,81354305b7b8066000bae764cd84c6a44c1e035572eb00baa18e30401895a2a4,6d4d4bf8c14384a72deec9ae950f7dbc99365946e460adffb80cf5c9ed8ff111,34600,797.4170468000001,0.0836477279663086,0.095703125,513542e17ddbca8b50109dcb24ce4faf75c9dfec77ac6fad24bc5d7e0de097a3,True,True,True,1,0.7133647124200955,5.685563154591641,3.767358250088162,0.07362144155500622,0.5353169131260642,1.0889572662020486,5.580996822967596,0.8535472339180369,0.7868301413445388,14.126938605972065,0.0,0.2586824595928192,0.12125782668590546,0.25874966382980347,73.681640625,26.318359375,0.0,0.37332239747047424,0.3422192931175232,-0.5412662029266357,1.5248063802719116,0.5508209466934204,0.5049296617507935,-0.7986147403717041,2.2497854232788086,94.677734375,5.322265625,0.0,-7.125456809997559,TIT_INC,125,21921,797.4165859000001,64,64,600,300,300,300,EARLY_STOPPING,False,0,2048,deterministic_evenly_spaced_full_fold,54.0999755859375,36.66660079956054,1792,1773,98.93973214285714,TIT,1.4710406161479248,20,0.99,1.4710406161479248
49,COMPLETE,1,42,27493,2352,db92a7db6dfa639d2026ff19c5b1159be2b53d1e09d9e6a72b1b767a05c21400,2ea764e1783688df4d4bc4d6bc4b7c6a52ae545bfb933c403a7aa96e5d21a797,23224,840.3724030000001,0.08156299591064453,0.09375,513542e17ddbca8b50109dcb24ce4faf75c9dfec77ac6fad24bc5d7e0de097a3,True,True,True,1,0.7309562925019997,5.265216418792368,3.609958079396462,0.06944363894607418,0.5185839547909105,-1.0264138380686443,5.165299821323585,0.8620349075742277,0.7809115336476734,13.54157649010139,0.0,0.19517536461353302,0.2473023533821106,0.19531245529651642,75.0,25.0,0.0,0.3296669125556946,0.24451026320457458,-0.723725438117981,1.6081162691116333,0.4769718647003174,0.3537646532058716,-1.0471073389053345,2.3266704082489014,88.37890625,11.62109375,0.0,-6.591324329376221,TIT_INC,175,21921,840.3719810000001,64,64,600,300,300,300,EARLY_STOPPING,False,0,2048,deterministic_evenly_spaced_full_fold,53.699951171875,37.11560134887693,1792,1764,98.4375,TIT,1.4510427975077411,20,0.99,1.4510427975077411
50,COMPLETE,0,42,25813,4032,81354305b7b8066000bae764cd84c6a44c1e035572eb00baa18e30401895a2a4,6d4d4bf8c14384a72deec9ae950f7dbc99365946e460adffb80cf5c9ed8ff111,34600,120.78392769999982,0.12165546417236328,0.134765625,513542e17ddbca8b50109dcb24ce4faf75c9dfec77ac6fad24bc5d7e0de097a3,True,True,True,1,0.8026040726213375,4.718215298826719,3.120865674245925,0.06109540997464416,0.444237515362451,0.9677538020270211,4.618473604702463,0.9035865286212953,0.8838452876765871,8.072055420234332,0.0,0.08271469175815582,4.167748556938022e-06,-8.900594711303711,100.0,0.0,0.0,1.2463202476501465,1.0725460052490234,0.4727841913700104,2.7845025062561035,1.8388912677764893,1.5824949741363525,0.6975724697113037,4.108412265777588,85.64453125,14.35546875,0.0,-3.414365291595459,TIT_INC,330,31091,120.7834554000001,512,512,400,0,75,390,EARLY_STOPPING,False,0,2048,deterministic_evenly_spaced_full_fold,54.0999755859375,36.66660079956054,2560,2534,98.984375,TIT,1.4710406161479248,20,0.99,1.4710406161479248
50,COMPLETE,1,42,27493,2352,db92a7db6dfa639d2026ff19c5b1159be2b53d1e09d9e6a72b1b767a05c21400,2ea764e1783688df4d4bc4d6bc4b7c6a52ae545bfb933c403a7aa96e5d21a797,23224,67.87327329999994,0.11506414413452148,0.1328125,513542e17ddbca8b50109dcb24ce4faf75c9dfec77ac6fad24bc5d7e0de097a3,True,True,True,1,0.8247477996046989,4.249487412393718,2.982282286598569,0.05604705411897211,0.4185423376497736,-0.6645092656012295,4.19810241996097,0.9121146385540188,0.8812402594074575,7.232258561263305,0.0,0.06260891258716583,0.0003575718146748841,-4.893691062927246,99.8046875,0.1953125,0.0,1.4054901599884033,1.1332640647888184,0.3189963698387146,3.941202402114868,2.0335044860839844,1.6396398544311523,0.4615333676338196,5.7022480964660645,83.447265625,16.552734375,0.0,-3.825802803039551,TIT_INC,125,31091,67.87280529999998,512,512,400,0,75,185,EARLY_STOPPING,False,0,2048,deterministic_evenly_spaced_full_fold,53.699951171875,37.11560134887693,2560,2536,99.0625,TIT,1.4510427975077411,20,0.99,1.4510427975077411
50,COMPLETE,2,42,26989,2856,424f72a3df11b24bdd551a74968aa5efe8f47b52221df203d3bd3ed6f8a96c5a,f1c78e2ff146b5069b0310a8b0222fe8d495ed8d7dbf78dc149a7df8702a8f3a,23224,59.335731099999975,0.11736679077148438,0.130859375,513542e17ddbca8b50109dcb24ce4faf75c9dfec77ac6fad24bc5d7e0de097a3,True,True,True,1,0.832214738538596,4.3994313595051855,3.0778270208535075,0.05280035805221649,0.40954427492098605,0.17654684745297045,4.396657356855114,0.9124091828325485,0.830334970913984,10.62653803176033,0.0,0.07606320828199387,4.4444415834732354e-05,-2.784646511077881,100.0,0.0,0.0,1.4105844497680664,1.2949674129486084,0.4234013259410858,2.8202803134918213,2.0799171924591064,1.9094390869140625,0.6243084073066711,4.158524513244629,99.12109375,0.87890625,0.0,-6.356287956237793,TIT_INC,65,31091,59.33527920000006,512,512,400,0,75,125,EARLY_STOPPING,False,0,2048,deterministic_evenly_spaced_full_fold,54.0,36.622398376464815,2560,2542,99.296875,TIT,1.4524626095825595,20,0.99,1.4524626095825595
50,COMPLETE,3,42,26466,3379,ad1e190147cfc7079fe69ab58be273b0089b28a9cb71d4377b9a01145e874910,b3de2bff6a2b887166deba8883b54b43de7150168fdd2094f9852f380bd9133e,34600,94.45215359999997,0.12000513076782227,0.1328125,513542e17ddbca8b50109dcb24ce4faf75c9dfec77ac6fad24bc5d7e0de097a3,True,True,True,1,0.8188816172319687,4.807008403914876,3.319174529180332,0.05217353114951093,0.4255170755555514,0.031772532241518735,4.807614849217748,0.9054014325636662,0.7931658576737473,13.282743387910651,0.0,0.08388675004243851,2.6998795874533243e-05,-5.550873756408691,100.0,0.0,0.0,1.5283856391906738,1.283551573753357,0.42058151960372925,3.499251127243042,2.2799906730651855,1.9147562980651855,0.6274084448814392,5.220057487487793,81.0546875,18.9453125,0.0,-4.2645721435546875,TIT_INC,175,31091,94.45170260000009,512,512,400,0,75,235,EARLY_STOPPING,False,0,2048,deterministic_evenly_spaced_full_fold,54.0,36.19874954223633,2560,2542,99.296875,TIT,1.4666428059277477,20,0.99,1.4666428059277477
50,COMPLETE,4,42,27061,2784,2cf8e61e68345fca034455d14ca0a91ba8af3af3a30bcfad11a389cf00a64d26,e85c7d3201b31d98e24a7a8ea73439fb69c13286f849eaf6812d38684b5bedb5,11516,72.05667300000005,0.117279052734375,0.130859375,513542e17ddbca8b50109dcb24ce4faf75c9dfec77ac6fad24bc5d7e0de097a3,True,True,True,1,0.6798913797377193,5.923800558407402,3.6969314155907465,0.0791000174248044,0.565679802288933,-0.6367486057610348,5.890537138884403,0.8309413042108418,0.7593540107776499,15.23846789095638,0.0,0.09958911687135696,2.834386395988986e-05,-3.7666049003601074,100.0,0.0,0.0,1.8138060569763184,1.2908631563186646,0.31001967191696167,4.734503269195557,2.6536967754364014,1.8886030912399292,0.45357564091682434,6.926836013793945,77.83203125,22.16796875,0.0,-4.963769912719727,TIT_INC,100,31091,72.05618609999988,512,512,400,0,75,160,EARLY_STOPPING,False,0,2048,deterministic_evenly_spaced_full_fold,53.699951171875,36.704002380371094,2560,2547,99.4921875,TIT,1.460840509680585,20,0.99,1.460840509680585
51,COMPLETE,0,42,25813,4032,81354305b7b8066000bae764cd84c6a44c1e035572eb00baa18e30401895a2a4,6d4d4bf8c14384a72deec9ae950f7dbc99365946e460adffb80cf5c9ed8ff111,11516,338.38106900000025,0.08159112930297852,0.09765625,513542e17ddbca8b50109dcb24ce4faf75c9dfec77ac6fad24bc5d7e0de097a3,True,True,True,1,-0.09342431863491885,11.104602693656657,9.169617498677875,0.14379171173964858,1.0455396367656062,8.173804617117321,7.51765493461102,0.7371012535531983,0.3881403790586488,45.596610874570906,0.0,0.30998292565345764,0.0497887022793293,0.3100694417953491,98.974609375,1.025390625,45.458984375,0.2909200191497803,3.1219628908729646e-06,1.1648733045873537e-25,1.7273807525634766,0.42923980951309204,4.606320089806104e-06,1.7187198504128327e-25,2.548675060272217,46.38671875,7.51953125,46.09375,-1.0152403717711422e-07,TIT_INC,80,9761,338.37881349999975,64,64,700,0,75,140,EARLY_STOPPING,False,0,2048,deterministic_evenly_spaced_full_fold,54.0999755859375,36.66660079956054,640,624,97.5,TIT,1.4710406161479248,20,0.99,1.4710406161479248
51,COMPLETE,1,42,27493,2352,db92a7db6dfa639d2026ff19c5b1159be2b53d1e09d9e6a72b1b767a05c21400,2ea764e1783688df4d4bc4d6bc4b7c6a52ae545bfb933c403a7aa96e5d21a797,34600,746.2405903999997,0.07878971099853516,0.09765625,513542e17ddbca8b50109dcb24ce4faf75c9dfec77ac6fad24bc5d7e0de097a3,True,True,True,1,0.4659526547213483,7.418134231805267,5.468052791089428,0.09783875804390041,0.7306300598336546,3.450445147598682,6.5682178886765294,0.784886699616205,0.4701504914968957,38.68206935754608,0.0,0.14936359226703644,0.06344009935855865,0.14947384595870972,91.552734375,8.447265625,38.18359375,0.3061138093471527,0.00013935286551713943,-0.009781484492123127,1.4522920846939087,0.4428945481777191,0.0002016198413912207,-0.01415214128792286,2.1012191772460938,32.51953125,30.37109375,37.109375,3.7816327792823355e-25,TIT_INC,245,9761,746.2401844999999,64,64,700,0,75,305,EARLY_STOPPING,False,0,2048,deterministic_evenly_spaced_full_fold,53.699951171875,37.11560134887693,640,639,99.84375,TIT,1.4510427975077411,20,0.99,1.4510427975077411
52,COMPLETE,0,42,25813,4032,81354305b7b8066000bae764cd84c6a44c1e035572eb00baa18e30401895a2a4,6d4d4bf8c14384a72deec9ae950f7dbc99365946e460adffb80cf5c9ed8ff111,34600,659.7218634999999,0.11683893203735352,0.134765625,513542e17ddbca8b50109dcb24ce4faf75c9dfec77ac6fad24bc5d7e0de097a3,True,True,True,1,0.8150012775286535,4.567652174184394,2.9746152153090826,0.05914579232379772,0.43006143729900487,1.2707183502969288,4.38788063092834,0.9134574038871893,0.8995435280631016,7.414877824030608,0.0,0.16936202347278595,0.5566080212593079,0.1694885641336441,68.1640625,31.8359375,0.0,0.3987228274345398,0.39108675718307495,-1.0507084131240845,1.87106192111969,0.5882982015609741,0.5770314931869507,-1.5502746105194092,2.7606704235076904,69.140625,30.859375,0.0,-1.0246412754058838,TIT_INC,15,169281,659.7214282999998,64,64,600,300,300,300,EARLY_STOPPING,False,0,2048,deterministic_evenly_spaced_full_fold,54.0999755859375,36.66660079956054,768,764,99.47916666666667,TIT,1.4710406161479248,20,0.99,1.4710406161479248
52,COMPLETE,1,42,27493,2352,db92a7db6dfa639d2026ff19c5b1159be2b53d1e09d9e6a72b1b767a05c21400,2ea764e1783688df4d4bc4d6bc4b7c6a52ae545bfb933c403a7aa96e5d21a797,13652,696.8843780000002,0.10970830917358398,0.134765625,513542e17ddbca8b50109dcb24ce4faf75c9dfec77ac6fad24bc5d7e0de097a3,True,True,True,1,0.8167262098223378,4.345652430227087,3.069939052166582,0.05731538731679249,0.4280138638500215,-0.5593767360765107,4.310416713090371,0.9082816221360831,0.8905520178525892,6.718218346437441,0.0,0.14027433097362518,3.513922691345215,0.14107322692871094,56.005859375,43.994140625,0.0,-0.18367630243301392,0.13074469566345215,-2.8324320316314697,1.4133796691894531,-0.2657483220100403,0.18916529417037964,-4.09804630279541,2.044919490814209,59.521484375,40.478515625,0.0,-0.6493431925773621,TIT_INC,20,169281,696.8839082,64,64,600,300,300,300,EARLY_STOPPING,False,0,2048,deterministic_evenly_spaced_full_fold,53.699951171875,37.11560134887693,768,764,99.47916666666667,TIT,1.4510427975077411,20,0.99,1.4510427975077411
52,COMPLETE,2,42,26989,2856,424f72a3df11b24bdd551a74968aa5efe8f47b52221df203d3bd3ed6f8a96c5a,f1c78e2ff146b5069b0310a8b0222fe8d495ed8d7dbf78dc149a7df8702a8f3a,34600,893.3171623000003,0.11288881301879883,0.134765625,513542e17ddbca8b50109dcb24ce4faf75c9dfec77ac6fad24bc5d7e0de097a3,True,True,True,1,0.8577623141668846,4.050671091836487,2.894553247286158,0.048614665515496175,0.3770780857088214,0.36655119754353155,4.034758547995051,0.9269716523193877,0.8766033105443252,7.966787521616987,0.0,0.1384270042181015,1.0963128805160522,0.138676255941391,67.7734375,32.2265625,0.0,0.319094181060791,0.3428252935409546,-1.9836329221725464,2.214548349380493,0.4705067276954651,0.5054984092712402,-2.9248814582824707,3.2653679847717285,76.416015625,23.583984375,0.0,-2.15490460395813,TIT_INC,10,169281,893.3167790000002,64,64,600,300,300,300,EARLY_STOPPING,False,0,2048,deterministic_evenly_spaced_full_fold,54.0,36.622398376464815,768,763,99.34895833333333,TIT,1.4524626095825595,20,0.99,1.4524626095825595
52,COMPLETE,3,42,26466,3379,ad1e190147cfc7079fe69ab58be273b0089b28a9cb71d4377b9a01145e874910,b3de2bff6a2b887166deba8883b54b43de7150168fdd2094f9852f380bd9133e,13652,878.8088298999996,0.11450719833374023,0.1328125,513542e17ddbca8b50109dcb24ce4faf75c9dfec77ac6fad24bc5d7e0de097a3,True,True,True,1,0.8079419008744452,4.950053908629841,3.4046123501251846,0.0537260953368266,0.4381794842145643,0.29853049168469603,4.941775042599264,0.8992504950668591,0.8056671058040182,12.748600331831902,0.0,0.19106581807136536,1.580078125,0.19142505526542664,60.693359375,39.306640625,0.0,0.3314802646636963,0.31276392936706543,-1.8792294263839722,2.7845466136932373,0.4944903552532196,0.46657001972198486,-2.8033671379089355,4.153886795043945,56.982421875,43.017578125,0.0,-0.4507177472114563,TIT_INC,35,169281,878.8083161,64,64,600,300,300,300,EARLY_STOPPING,False,0,2048,deterministic_evenly_spaced_full_fold,54.0,36.19874954223633,768,763,99.34895833333333,TIT,1.4666428059277477,20,0.99,1.4666428059277477
52,COMPLETE,4,42,27061,2784,2cf8e61e68345fca034455d14ca0a91ba8af3af3a30bcfad11a389cf00a64d26,e85c7d3201b31d98e24a7a8ea73439fb69c13286f849eaf6812d38684b5bedb5,9756,896.0258319,0.11242532730102539,0.134765625,513542e17ddbca8b50109dcb24ce4faf75c9dfec77ac6fad24bc5d7e0de097a3,True,True,True,1,0.6735721956412516,5.981984942453278,3.640214125315348,0.0798769486780601,0.5712359871298729,-0.36598551136323776,5.971851341575395,0.8277648154245464,0.7696125032722728,14.83248673622562,0.0,0.23811502754688263,1.5185261964797974,0.23846027255058289,66.552734375,33.447265625,0.0,0.4710398316383362,0.3749748468399048,-2.10664963722229,3.149400472640991,0.6891568899154663,0.5486086010932922,-3.0821430683135986,4.607744216918945,62.98828125,37.01171875,0.0,-1.0527825355529785,TIT_INC,10,169281,896.0254486999997,64,64,600,300,300,300,EARLY_STOPPING,False,0,2048,deterministic_evenly_spaced_full_fold,53.699951171875,36.704002380371094,768,751,97.78645833333333,TIT,1.460840509680585,20,0.99,1.460840509680585
53,COMPLETE,0,42,25813,4032,81354305b7b8066000bae764cd84c6a44c1e035572eb00baa18e30401895a2a4,6d4d4bf8c14384a72deec9ae950f7dbc99365946e460adffb80cf5c9ed8ff111,34600,667.9408590000003,0.08272457122802734,0.1015625,513542e17ddbca8b50109dcb24ce4faf75c9dfec77ac6fad24bc5d7e0de097a3,True,True,True,1,0.8270150929960016,4.4168511807830795,2.8582558584591697,0.05719309454870298,0.41586296300737,1.0259613659646776,4.296574931230702,0.9156987662552547,0.8810190311420665,8.303123632440457,0.0,0.15962739288806915,0.3167661428451538,0.1602906435728073,82.958984375,17.041015625,0.0,0.5402631759643555,0.4853724241256714,-0.6534397006034851,1.811173677444458,0.7971348762512207,0.7161458730697632,-0.9641218781471252,2.6723079681396484,84.27734375,15.72265625,0.0,-3.261998176574707,TIT_INC,145,20801,667.9404959000003,64,64,500,250,250,250,EARLY_STOPPING,False,0,2048,deterministic_evenly_spaced_full_fold,54.0999755859375,36.66660079956054,192,192,100.0,TIT,1.4710406161479248,20,0.99,1.4710406161479248
53,COMPLETE,1,42,27493,2352,db92a7db6dfa639d2026ff19c5b1159be2b53d1e09d9e6a72b1b767a05c21400,2ea764e1783688df4d4bc4d6bc4b7c6a52ae545bfb933c403a7aa96e5d21a797,9756,715.4824988,0.08052206039428711,0.1015625,513542e17ddbca8b50109dcb24ce4faf75c9dfec77ac6fad24bc5d7e0de097a3,True,True,True,1,0.8212959951131297,4.291132750933765,3.076431329558496,0.05659632002246661,0.4226440882030125,-0.3423154662255527,4.278366849680956,0.9105399355317845,0.9033339293609467,6.085363752028138,0.0,0.13574662804603577,0.9107468128204346,0.13765357434749603,71.142578125,28.857421875,0.0,0.30700957775115967,0.3837231695652008,-1.2596092224121094,1.678995132446289,0.44419050216674805,0.5551819801330566,-1.8224397897720337,2.4292197227478027,86.9140625,13.0859375,0.0,-3.473430633544922,TIT_INC,115,20801,715.4821140999993,64,64,500,250,250,250,EARLY_STOPPING,False,0,2048,deterministic_evenly_spaced_full_fold,53.699951171875,37.11560134887693,192,181,94.27083333333333,TIT,1.4510427975077411,20,0.99,1.4510427975077411
54,COMPLETE,0,42,25813,4032,81354305b7b8066000bae764cd84c6a44c1e035572eb00baa18e30401895a2a4,6d4d4bf8c14384a72deec9ae950f7dbc99365946e460adffb80cf5c9ed8ff111,13272,244.74391540000002,0.0857992172241211,0.103515625,513542e17ddbca8b50109dcb24ce4faf75c9dfec77ac6fad24bc5d7e0de097a3,True,True,True,1,0.7782046882813686,5.001322284317972,3.3054751365903825,0.06476131673171286,0.4708930907974385,1.6497843946729387,4.721966332388261,0.8969178072187557,0.8457824478341822,11.082100858572005,0.0,0.20192594826221466,0.11346104741096497,0.20222198963165283,92.67578125,7.32421875,0.0,0.9344101548194885,0.9844832420349121,-0.41794198751449585,2.1132140159606934,1.3786816596984863,1.4525622129440308,-0.6166552305221558,3.117955207824707,86.9140625,13.0859375,0.0,-5.60207986831665,TIT_INC,385,14193,244.7427443,256,256,400,0,75,400,MAX_EPOCHS,False,0,2048,deterministic_evenly_spaced_full_fold,54.0999755859375,36.66660079956054,640,624,97.5,TIT,1.4710406161479248,20,0.99,1.4710406161479248
54,COMPLETE,1,42,27493,2352,db92a7db6dfa639d2026ff19c5b1159be2b53d1e09d9e6a72b1b767a05c21400,2ea764e1783688df4d4bc4d6bc4b7c6a52ae545bfb933c403a7aa96e5d21a797,3492,260.4053566,0.08238697052001953,0.1015625,513542e17ddbca8b50109dcb24ce4faf75c9dfec77ac6fad24bc5d7e0de097a3,True,True,True,1,0.8212156677478288,4.292097073646781,3.1686483986523686,0.056609038602859846,0.4227390666894477,-1.0140081814357214,4.171484532196133,0.9117392619966416,0.8391184111570354,9.683594797243602,0.0,0.13396808505058289,0.39800190925598145,0.13500651717185974,82.568359375,17.431640625,0.0,0.617509126663208,0.920465886592865,-1.848533034324646,1.8969790935516357,0.8934303522109985,1.3317573070526123,-2.6745121479034424,2.744605302810669,71.58203125,28.41796875,0.0,-2.475937843322754,TIT_INC,390,14193,260.4049219,256,256,400,0,75,400,MAX_EPOCHS,False,0,2048,deterministic_evenly_spaced_full_fold,53.699951171875,37.11560134887693,640,639,99.84375,TIT,1.4510427975077411,20,0.99,1.4510427975077411
54,COMPLETE,2,42,26989,2856,424f72a3df11b24bdd551a74968aa5efe8f47b52221df203d3bd3ed6f8a96c5a,f1c78e2ff146b5069b0310a8b0222fe8d495ed8d7dbf78dc149a7df8702a8f3a,13272,349.991533,0.08340740203857422,0.1015625,513542e17ddbca8b50109dcb24ce4faf75c9dfec77ac6fad24bc5d7e0de097a3,True,True,True,1,0.8503671221351377,4.154637684385126,2.9193886081043745,0.049862434343660014,0.38675636439575756,0.5658729804330179,4.116641323888638,0.923691043705751,0.8604873939528055,9.15871919716169,0.0,0.1443367749452591,0.10471385717391968,0.1446099877357483,92.48046875,7.51953125,0.0,1.0623825788497925,1.1291377544403076,-0.4247126877307892,2.30694842338562,1.5664910078048706,1.6649219989776611,-0.6262419819831848,3.4016125202178955,83.30078125,16.69921875,0.0,-5.255824089050293,TIT_INC,400,14193,349.9911022,256,256,400,0,75,400,MAX_EPOCHS,False,0,2048,deterministic_evenly_spaced_full_fold,54.0,36.622398376464815,640,621,97.03125,TIT,1.4524626095825595,20,0.99,1.4524626095825595
54,COMPLETE,3,42,26466,3379,ad1e190147cfc7079fe69ab58be273b0089b28a9cb71d4377b9a01145e874910,b3de2bff6a2b887166deba8883b54b43de7150168fdd2094f9852f380bd9133e,3492,345.69615250000004,0.08446836471557617,0.103515625,513542e17ddbca8b50109dcb24ce4faf75c9dfec77ac6fad24bc5d7e0de097a3,True,True,True,1,0.7971270669564041,5.087514612241146,3.4660250507681,0.05521804411225569,0.45034752547633006,-0.18515771491600233,5.084896613479899,0.8968094583568089,0.7299270563032632,17.117250222093105,0.0,0.19699855148792267,0.1696709394454956,0.1974412500858307,90.625,9.375,0.0,1.0543186664581299,1.16021728515625,-0.9638915657997131,2.4328060150146484,1.5727949142456055,1.7307705879211426,-1.4378989934921265,3.6291730403900146,84.08203125,15.91796875,0.0,-4.654550552368164,TIT_INC,400,14193,345.69571870000004,256,256,400,0,75,400,MAX_EPOCHS,False,0,2048,deterministic_evenly_spaced_full_fold,54.0,36.19874954223633,640,623,97.34375,TIT,1.4666428059277477,20,0.99,1.4666428059277477
54,COMPLETE,4,42,27061,2784,2cf8e61e68345fca034455d14ca0a91ba8af3af3a30bcfad11a389cf00a64d26,e85c7d3201b31d98e24a7a8ea73439fb69c13286f849eaf6812d38684b5bedb5,2332,351.13561889999994,0.0832681655883789,0.1015625,513542e17ddbca8b50109dcb24ce4faf75c9dfec77ac6fad24bc5d7e0de097a3,True,True,True,1,0.696973982602843,5.763571731359284,3.641573863467951,0.07696049518962815,0.5503791164687583,-0.6009621579071571,5.733184989888412,0.8387939934962751,0.7518105505079976,15.771890161880073,0.0,0.22722481191158295,0.320001482963562,0.22805973887443542,88.720703125,11.279296875,0.0,0.8616924285888672,1.0519280433654785,-1.6826822757720947,2.485520839691162,1.2607030868530273,1.5390279293060303,-2.461855888366699,3.6364521980285645,72.8515625,27.1484375,0.0,-3.2368645668029785,TIT_INC,400,14193,351.1345925,256,256,400,0,75,400,MAX_EPOCHS,False,0,2048,deterministic_evenly_spaced_full_fold,53.699951171875,36.704002380371094,640,634,99.0625,TIT,1.460840509680585,20,0.99,1.460840509680585
55,COMPLETE,0,42,25813,4032,81354305b7b8066000bae764cd84c6a44c1e035572eb00baa18e30401895a2a4,6d4d4bf8c14384a72deec9ae950f7dbc99365946e460adffb80cf5c9ed8ff111,13272,296.80383340000003,0.09176969528198242,0.111328125,513542e17ddbca8b50109dcb24ce4faf75c9dfec77ac6fad24bc5d7e0de097a3,True,True,True,1,0.8036791342054928,4.705349538967911,3.0841801327372353,0.06092881332243021,0.44302615622961367,1.0803478265565538,4.580214604713916,0.9022656900788879,0.8207727679498455,12.042316473471928,0.0,0.08079326152801514,0.0550873763859272,0.08085630089044571,92.724609375,7.275390625,0.0,0.8803062438964844,0.830062747001648,-0.16153842210769653,2.0728185176849365,1.2988535165786743,1.2247214317321777,-0.23834289610385895,3.0583536624908447,83.642578125,16.357421875,0.0,-6.15151309967041,TIT_INC,705,10369,296.80321589999994,512,512,800,0,75,765,EARLY_STOPPING,False,0,2048,deterministic_evenly_spaced_full_fold,54.0999755859375,36.66660079956054,384,374,97.39583333333333,TIT,1.4710406161479248,20,0.99,1.4710406161479248
55,COMPLETE,1,42,27493,2352,db92a7db6dfa639d2026ff19c5b1159be2b53d1e09d9e6a72b1b767a05c21400,2ea764e1783688df4d4bc4d6bc4b7c6a52ae545bfb933c403a7aa96e5d21a797,2332,33.69117029999995,0.08858394622802734,0.091796875,513542e17ddbca8b50109dcb24ce4faf75c9dfec77ac6fad24bc5d7e0de097a3,True,True,True,1,0.7595565424846011,4.977500239286969,3.357844586275062,0.06564891202521962,0.49024608938186376,-1.3737257062172403,4.78519821033893,0.882975000237929,0.7424548931391505,15.751386757634405,0.0,0.08043591678142548,0.00029303680639714,0.08043625205755234,100.0,0.0,0.0,1.0248132944107056,1.0478425025939941,0.6050569415092468,1.3248906135559082,1.4827301502227783,1.5160496234893799,0.875414252281189,1.9168907403945923,100.0,0.0,0.0,-9.656332015991211,TIT_INC,20,10369,33.69054490000008,512,512,800,0,75,80,EARLY_STOPPING,False,0,2048,deterministic_evenly_spaced_full_fold,53.699951171875,37.11560134887693,384,383,99.73958333333333,TIT,1.4510427975077411,20,0.99,1.4510427975077411
55,COMPLETE,2,42,26989,2856,424f72a3df11b24bdd551a74968aa5efe8f47b52221df203d3bd3ed6f8a96c5a,f1c78e2ff146b5069b0310a8b0222fe8d495ed8d7dbf78dc149a7df8702a8f3a,2332,412.899535,0.08954286575317383,0.109375,513542e17ddbca8b50109dcb24ce4faf75c9dfec77ac6fad24bc5d7e0de097a3,True,True,True,1,0.8550559715463624,4.08902537323885,2.8482977883154605,0.04907497950278111,0.3806484963104344,0.2999704785707618,4.078721752564434,0.9259779868736628,0.8204051530070017,11.3615579956565,0.0,0.06410687416791916,0.02284242771565914,0.06413301825523376,96.875,3.125,0.0,1.0554206371307373,1.0055382251739502,0.055668722838163376,2.446444511413574,1.5562257766723633,1.4826735258102417,0.08208394795656204,3.6073007583618164,82.763671875,17.236328125,0.0,-5.769822120666504,TIT_INC,775,10369,412.8990819999999,512,512,800,0,75,800,MAX_EPOCHS,False,0,2048,deterministic_evenly_spaced_full_fold,54.0,36.622398376464815,384,373,97.13541666666667,TIT,1.4524626095825595,20,0.99,1.4524626095825595
55,COMPLETE,3,42,26466,3379,ad1e190147cfc7079fe69ab58be273b0089b28a9cb71d4377b9a01145e874910,b3de2bff6a2b887166deba8883b54b43de7150168fdd2094f9852f380bd9133e,13272,408.4430333,0.09053993225097656,0.111328125,513542e17ddbca8b50109dcb24ce4faf75c9dfec77ac6fad24bc5d7e0de097a3,True,True,True,1,0.7851869429222406,5.2350876025000375,3.4875431145461717,0.05681974799066544,0.46341070780711413,-0.5056488328376583,5.211381669047632,0.8933427255769785,0.7049209935628916,18.398789624186037,0.0,0.09075377881526947,0.07819614559412003,0.09084326773881912,93.603515625,6.396484375,0.0,0.9208212494850159,0.7772835493087769,-0.15340672433376312,2.5050926208496094,1.3736481666564941,1.1595237255096436,-0.22884663939476013,3.7370073795318604,75.634765625,24.365234375,0.0,-4.23268985748291,TIT_INC,785,10369,408.44254219999993,512,512,800,0,75,800,MAX_EPOCHS,False,0,2048,deterministic_evenly_spaced_full_fold,54.0,36.19874954223633,384,374,97.39583333333333,TIT,1.4666428059277477,20,0.99,1.4666428059277477
55,COMPLETE,4,42,27061,2784,2cf8e61e68345fca034455d14ca0a91ba8af3af3a30bcfad11a389cf00a64d26,e85c7d3201b31d98e24a7a8ea73439fb69c13286f849eaf6812d38684b5bedb5,14944,344.7288661,0.08941173553466797,0.109375,513542e17ddbca8b50109dcb24ce4faf75c9dfec77ac6fad24bc5d7e0de097a3,True,True,True,1,0.6534333599058748,6.163751504784999,3.8422973964406157,0.08230406250573281,0.588593369781221,-1.5365387146500336,5.970233198015998,0.8224580210708916,0.7079376593397954,17.73057188005318,0.0,0.10679487138986588,0.1380140781402588,0.10695281624794006,89.599609375,10.400390625,0.0,1.0886423587799072,1.1072075366973877,-0.6252237558364868,2.5707011222839355,1.592742919921875,1.6199047565460205,-0.9147363901138306,3.761075735092163,70.8984375,29.1015625,0.0,-4.540173530578613,TIT_INC,555,10369,344.7283949,512,512,800,0,75,615,EARLY_STOPPING,False,0,2048,deterministic_evenly_spaced_full_fold,53.699951171875,36.704002380371094,384,380,98.95833333333333,TIT,1.460840509680585,20,0.99,1.460840509680585
56,COMPLETE,0,42,25813,4032,81354305b7b8066000bae764cd84c6a44c1e035572eb00baa18e30401895a2a4,6d4d4bf8c14384a72deec9ae950f7dbc99365946e460adffb80cf5c9ed8ff111,13272,446.15179479999983,0.12347412109375,0.142578125,513542e17ddbca8b50109dcb24ce4faf75c9dfec77ac6fad24bc5d7e0de097a3,True,True,True,1,0.8186242873647751,4.5227046366689345,2.9398053780434625,0.05856377389989482,0.42582945950170226,1.1908710636789837,4.363645942460188,0.9125186486328466,0.8679243291982518,9.26893680060855,0.0,0.16715437173843384,0.30238670110702515,0.16719284653663635,86.1328125,13.8671875,0.0,0.5306095480918884,0.6988015174865723,-1.6820403337478638,1.6137646436691284,0.7828913331031799,1.0310512781143188,-2.4817771911621094,2.3810393810272217,80.029296875,19.970703125,0.0,-2.6066088676452637,TIT_INC,285,55201,446.15136299999995,128,128,800,80,80,345,EARLY_STOPPING,False,0,2048,deterministic_evenly_spaced_full_fold,54.0999755859375,36.66660079956054,768,764,99.47916666666667,TIT,1.4710406161479248,20,0.99,1.4710406161479248
56,COMPLETE,1,42,27493,2352,db92a7db6dfa639d2026ff19c5b1159be2b53d1e09d9e6a72b1b767a05c21400,2ea764e1783688df4d4bc4d6bc4b7c6a52ae545bfb933c403a7aa96e5d21a797,2332,266.7745837,0.11610078811645508,0.125,513542e17ddbca8b50109dcb24ce4faf75c9dfec77ac6fad24bc5d7e0de097a3,True,True,True,1,0.8210978481416976,4.2935110954861,3.1915890067613044,0.05662768832478221,0.4228783371351938,-0.9411663214365641,4.189977055896512,0.9110685848943559,0.8471291477784989,9.223773593933336,0.0,0.13543745875358582,0.6495403051376343,0.1355201154947281,75.0,25.0,0.0,0.4162387251853943,0.8405283689498901,-2.845810651779175,2.3602705001831055,0.6022264957427979,1.2161012887954712,-4.117403030395508,3.4149091243743896,71.337890625,28.662109375,0.0,-3.272242546081543,TIT_INC,115,55201,266.7741467999999,128,128,800,80,80,175,EARLY_STOPPING,False,0,2048,deterministic_evenly_spaced_full_fold,53.699951171875,37.11560134887693,768,764,99.47916666666667,TIT,1.4510427975077411,20,0.99,1.4510427975077411
56,COMPLETE,2,42,26989,2856,424f72a3df11b24bdd551a74968aa5efe8f47b52221df203d3bd3ed6f8a96c5a,f1c78e2ff146b5069b0310a8b0222fe8d495ed8d7dbf78dc149a7df8702a8f3a,2332,354.35873760000004,0.11838054656982422,0.123046875,513542e17ddbca8b50109dcb24ce4faf75c9dfec77ac6fad24bc5d7e0de097a3,True,True,True,1,0.8513795856974766,4.140558028237669,2.939015518049566,0.04969345548591931,0.38544568533365814,0.4718627889617151,4.114303499627188,0.9237482593472506,0.8542823159829367,9.446891535775531,0.0,0.14375101029872894,0.13917452096939087,0.14376871287822723,90.966796875,9.033203125,0.0,0.9951406717300415,1.0999054908752441,-0.6749511957168579,2.3122150897979736,1.4673423767089844,1.621819019317627,-0.9952206015586853,3.4093782901763916,85.498046875,14.501953125,0.0,-3.952610492706299,TIT_INC,110,55201,354.35832430000005,128,128,800,80,80,170,EARLY_STOPPING,False,0,2048,deterministic_evenly_spaced_full_fold,54.0,36.622398376464815,768,763,99.34895833333333,TIT,1.4524626095825595,20,0.99,1.4524626095825595
56,COMPLETE,3,42,26466,3379,ad1e190147cfc7079fe69ab58be273b0089b28a9cb71d4377b9a01145e874910,b3de2bff6a2b887166deba8883b54b43de7150168fdd2094f9852f380bd9133e,13272,656.7064579,0.12015771865844727,0.142578125,513542e17ddbca8b50109dcb24ce4faf75c9dfec77ac6fad24bc5d7e0de097a3,True,True,True,1,0.8186371728245218,4.8102511728105934,3.192232712799009,0.05220872699061942,0.4258041259247757,-0.08011756799883588,4.810295769352545,0.9075842229079943,0.7593945168662662,15.334437344749816,0.0,0.17711305618286133,0.29142487049102783,0.17715014517307281,83.349609375,16.650390625,0.0,0.590930163860321,0.60957932472229,-1.5200637578964233,2.5418832302093506,0.8815284371376038,0.9093486666679382,-2.2675766944885254,3.7918903827667236,75.634765625,24.365234375,0.0,-2.2615609169006348,TIT_INC,335,55201,656.7060324000001,128,128,800,80,80,395,EARLY_STOPPING,False,0,2048,deterministic_evenly_spaced_full_fold,54.0,36.19874954223633,768,763,99.34895833333333,TIT,1.4666428059277477,20,0.99,1.4666428059277477
56,COMPLETE,4,42,27061,2784,2cf8e61e68345fca034455d14ca0a91ba8af3af3a30bcfad11a389cf00a64d26,e85c7d3201b31d98e24a7a8ea73439fb69c13286f849eaf6812d38684b5bedb5,2568,378.66810780000014,0.1183328628540039,0.123046875,513542e17ddbca8b50109dcb24ce4faf75c9dfec77ac6fad24bc5d7e0de097a3,True,True,True,1,0.6990530924243291,5.743765306812332,3.691149262176163,0.07669602164577065,0.548487747201461,-1.0479283524655747,5.6483755089722765,0.8426158235585488,0.7357091608797414,16.387119298615527,0.0,0.22068431973457336,0.4970604181289673,0.22074757516384125,83.3984375,16.6015625,0.0,0.7335238456726074,1.006990909576416,-2.0580320358276367,2.5051896572113037,1.0731854438781738,1.4732825756072998,-3.0110127925872803,3.6652286052703857,72.75390625,27.24609375,0.0,-3.074371337890625,TIT_INC,125,55201,378.66769409999984,128,128,800,80,80,185,EARLY_STOPPING,False,0,2048,deterministic_evenly_spaced_full_fold,53.699951171875,36.704002380371094,768,751,97.78645833333333,TIT,1.460840509680585,20,0.99,1.460840509680585
57,COMPLETE,0,42,25813,4032,81354305b7b8066000bae764cd84c6a44c1e035572eb00baa18e30401895a2a4,6d4d4bf8c14384a72deec9ae950f7dbc99365946e460adffb80cf5c9ed8ff111,2568,119.81327060000012,0.14731311798095703,0.154296875,513542e17ddbca8b50109dcb24ce4faf75c9dfec77ac6fad24bc5d7e0de097a3,True,True,True,1,-0.12465529236536987,11.262073983924095,9.386438913761623,0.1458307821145248,1.0603661443111017,8.081477243748923,7.8446987641999595,0.6992289452325462,0.359116189742735,47.27947273803759,0.0,0.8985387682914734,0.0,0.23434007167816162,100.0,0.0,21.09375,0.32742244005203247,0.0009952986147254705,2.126469790184049e-12,1.6550848484039307,0.48309755325317383,0.0014685196802020073,3.137513686357618e-12,2.4420056343078613,81.93359375,0.0,18.06640625,-0.005671229213476181,TIT_INC,85,89299,119.81284670000014,256,256,800,80,80,145,EARLY_STOPPING,False,0,2048,deterministic_evenly_spaced_full_fold,54.0999755859375,36.66660079956054,1280,1275,99.609375,TIT,1.4710406161479248,20,0.99,1.4710406161479248
57,COMPLETE,1,42,27493,2352,db92a7db6dfa639d2026ff19c5b1159be2b53d1e09d9e6a72b1b767a05c21400,2ea764e1783688df4d4bc4d6bc4b7c6a52ae545bfb933c403a7aa96e5d21a797,13272,88.72788990000026,0.13834571838378906,0.154296875,513542e17ddbca8b50109dcb24ce4faf75c9dfec77ac6fad24bc5d7e0de097a3,True,True,True,1,0.44591928917847157,7.555989105397744,5.6426217815502975,0.09965694428873256,0.7442077211961832,2.9997544142664694,6.936490599075505,0.7565063412225984,0.422802540536556,41.37971638536128,0.0,0.3942141830921173,0.0,-0.6065926551818848,100.0,0.0,22.55859375,0.5385454297065735,0.05871185287833214,1.2641017399506183e-10,1.8382339477539062,0.7791835069656372,0.08494604378938675,1.8289397774040594e-10,2.659611225128174,81.689453125,0.0,18.310546875,-0.4056790769100189,TIT_INC,35,89299,88.7274540999997,256,256,800,80,80,95,EARLY_STOPPING,False,0,2048,deterministic_evenly_spaced_full_fold,53.699951171875,37.11560134887693,1280,1273,99.453125,TIT,1.4510427975077411,20,0.99,1.4510427975077411
58,COMPLETE,0,42,25813,4032,81354305b7b8066000bae764cd84c6a44c1e035572eb00baa18e30401895a2a4,6d4d4bf8c14384a72deec9ae950f7dbc99365946e460adffb80cf5c9ed8ff111,13272,519.3890451000002,0.12345504760742188,0.142578125,513542e17ddbca8b50109dcb24ce4faf75c9dfec77ac6fad24bc5d7e0de097a3,True,True,True,1,0.821721339679952,4.4839250159586355,2.870642972370935,0.058061622837278816,0.42217821400738886,1.0995716613436501,4.347552588673273,0.9141254101422945,0.8871989746855452,7.998753714721192,0.0,0.16301359236240387,0.2191251665353775,0.16304920613765717,80.95703125,19.04296875,0.0,0.5132061243057251,0.514001727104187,-1.0897421836853027,2.0534274578094482,0.7572133541107178,0.7583872079849243,-1.6078672409057617,3.02974271774292,82.958984375,17.041015625,0.0,-2.124448537826538,TIT_INC,300,55201,519.3879858999999,128,128,800,80,80,360,EARLY_STOPPING,False,0,2048,deterministic_evenly_spaced_full_fold,54.0999755859375,36.66660079956054,192,192,100.0,TIT,1.4710406161479248,20,0.99,1.4710406161479248
58,COMPLETE,1,42,27493,2352,db92a7db6dfa639d2026ff19c5b1159be2b53d1e09d9e6a72b1b767a05c21400,2ea764e1783688df4d4bc4d6bc4b7c6a52ae545bfb933c403a7aa96e5d21a797,2568,315.0045240999998,0.11608123779296875,0.123046875,513542e17ddbca8b50109dcb24ce4faf75c9dfec77ac6fad24bc5d7e0de097a3,True,True,True,1,0.8382334566324318,4.082715900261865,3.0012312470650184,0.05384748248623921,0.40211660631627744,-0.8406853984002354,3.9960738927982433,0.9200174332778012,0.8801061576874429,7.131492983676954,0.0,0.12400291860103607,0.6022677421569824,0.12410081177949905,74.31640625,25.68359375,0.0,0.33447709679603577,0.5618253946304321,-2.201793670654297,2.627332925796509,0.483931303024292,0.8128654956817627,-3.1856203079223633,3.801302909851074,70.263671875,29.736328125,0.0,-1.393481731414795,TIT_INC,145,55201,315.00408449999986,128,128,800,80,80,205,EARLY_STOPPING,False,0,2048,deterministic_evenly_spaced_full_fold,53.699951171875,37.11560134887693,192,183,95.3125,TIT,1.4510427975077411,20,0.99,1.4510427975077411
58,COMPLETE,2,42,26989,2856,424f72a3df11b24bdd551a74968aa5efe8f47b52221df203d3bd3ed6f8a96c5a,f1c78e2ff146b5069b0310a8b0222fe8d495ed8d7dbf78dc149a7df8702a8f3a,2568,963.4546962999998,0.1183614730834961,0.123046875,513542e17ddbca8b50109dcb24ce4faf75c9dfec77ac6fad24bc5d7e0de097a3,True,True,True,1,0.851009222535313,4.145713968559074,2.949151493254162,0.04975533518645785,0.3859256532358516,0.3233933034731227,4.1338050745334005,0.9229945532895888,0.8535461812171193,9.343761987778464,0.0,0.14417579770088196,0.18722692131996155,0.1442062258720398,87.79296875,12.20703125,0.0,1.0559029579162598,1.140209436416626,-0.9770618081092834,2.4298744201660156,1.5569367408752441,1.6812472343444824,-1.4406849145889282,3.5828680992126465,87.98828125,12.01171875,0.0,-3.5288610458374023,TIT_INC,465,55201,963.4542066000004,128,128,800,80,80,525,EARLY_STOPPING,False,0,2048,deterministic_evenly_spaced_full_fold,54.0,36.622398376464815,192,187,97.39583333333333,TIT,1.4524626095825595,20,0.99,1.4524626095825595
58,COMPLETE,3,42,26466,3379,ad1e190147cfc7079fe69ab58be273b0089b28a9cb71d4377b9a01145e874910,b3de2bff6a2b887166deba8883b54b43de7150168fdd2094f9852f380bd9133e,13272,407.35381119999965,0.12013864517211914,0.142578125,513542e17ddbca8b50109dcb24ce4faf75c9dfec77ac6fad24bc5d7e0de097a3,True,True,True,1,0.7984237762862076,5.071229534196693,3.4384472224090747,0.055041291763345185,0.4489059680247088,-0.30939142814787507,5.06253205317235,0.8957786442085253,0.7513889774811398,15.618043843148632,0.0,0.19428317248821259,0.2590159475803375,0.1943252682685852,87.3046875,12.6953125,0.0,1.0258564949035645,0.9681174755096436,-1.393068790435791,3.1733510494232178,1.5303360223770142,1.4442028999328613,-2.078130006790161,4.733891487121582,81.884765625,18.115234375,0.0,-2.96102237701416,TIT_INC,140,55201,407.3533504000002,128,128,800,80,80,200,EARLY_STOPPING,False,0,2048,deterministic_evenly_spaced_full_fold,54.0,36.19874954223633,192,192,100.0,TIT,1.4666428059277477,20,0.99,1.4666428059277477
58,COMPLETE,4,42,27061,2784,2cf8e61e68345fca034455d14ca0a91ba8af3af3a30bcfad11a389cf00a64d26,e85c7d3201b31d98e24a7a8ea73439fb69c13286f849eaf6812d38684b5bedb5,21804,349.0085670999997,0.11831426620483398,0.123046875,513542e17ddbca8b50109dcb24ce4faf75c9dfec77ac6fad24bc5d7e0de097a3,True,True,True,1,0.6886537243829629,5.842161805221543,3.777442362116671,0.0780099019261697,0.5578838960449679,-1.1212752358666782,5.734580079781452,0.8380719342688652,0.7420467513440746,15.895686823952557,0.0,0.2291848212480545,0.520219624042511,0.2292693853378296,83.0078125,16.9921875,0.0,0.8131266832351685,1.0952494144439697,-2.405825138092041,2.680201768875122,1.1896486282348633,1.6024093627929688,-3.519853353500366,3.921281099319458,75.78125,24.21875,0.0,-2.5827322006225586,TIT_INC,100,55201,349.0080503000004,128,128,800,80,80,160,EARLY_STOPPING,False,0,2048,deterministic_evenly_spaced_full_fold,53.699951171875,36.704002380371094,192,192,100.0,TIT,1.460840509680585,20,0.99,1.460840509680585
59,COMPLETE,0,42,25813,4032,81354305b7b8066000bae764cd84c6a44c1e035572eb00baa18e30401895a2a4,6d4d4bf8c14384a72deec9ae950f7dbc99365946e460adffb80cf5c9ed8ff111,2568,62.438416300000426,0.09687423706054688,0.119140625,513542e17ddbca8b50109dcb24ce4faf75c9dfec77ac6fad24bc5d7e0de097a3,True,True,True,1,0.8227532399028021,4.470929411130473,2.846273605785673,0.057893344843469904,0.4209546294878501,0.8682844468525478,4.38634970788647,0.9135050630128763,0.899428658239446,7.019469635322671,0.0,0.1613706648349762,0.4995022714138031,0.16146497428417206,74.4140625,25.5859375,0.0,0.38250604271888733,0.41200828552246094,-0.9160920977592468,1.475124716758728,0.5643709897994995,0.6079002618789673,-1.3516539335250854,2.1764822006225586,76.318359375,23.681640625,0.0,-1.9481366872787476,TIT_INC,180,79169,62.43806120000045,512,512,200,100,100,200,MAX_EPOCHS,False,0,2048,deterministic_evenly_spaced_full_fold,54.0999755859375,36.66660079956054,768,755,98.30729166666667,TIT,1.4710406161479248,20,0.99,1.4710406161479248
59,COMPLETE,1,42,27493,2352,db92a7db6dfa639d2026ff19c5b1159be2b53d1e09d9e6a72b1b767a05c21400,2ea764e1783688df4d4bc4d6bc4b7c6a52ae545bfb933c403a7aa96e5d21a797,11868,46.40021130000059,0.09310436248779297,0.09765625,513542e17ddbca8b50109dcb24ce4faf75c9dfec77ac6fad24bc5d7e0de097a3,True,True,True,1,0.8242842213630672,4.255104086175719,3.0641280728943494,0.05612113317578031,0.41909553749398987,-0.5644636851589696,4.218395118175382,0.9131330361038454,0.9070652308284146,5.615107704350579,0.0,0.13295917212963104,1.4034775495529175,0.13322414457798004,73.046875,26.953125,0.0,0.2089623063802719,0.39147937297821045,-1.6877981424331665,1.4404327869415283,0.3023328185081482,0.5664039850234985,-2.441956043243408,2.0840606689453125,78.076171875,21.923828125,0.0,-2.8439524173736572,TIT_INC,80,79169,46.39978780000001,512,512,200,100,100,140,EARLY_STOPPING,False,0,2048,deterministic_evenly_spaced_full_fold,53.699951171875,37.11560134887693,768,749,97.52604166666667,TIT,1.4510427975077411,20,0.99,1.4510427975077411
59,COMPLETE,2,42,26989,2856,424f72a3df11b24bdd551a74968aa5efe8f47b52221df203d3bd3ed6f8a96c5a,f1c78e2ff146b5069b0310a8b0222fe8d495ed8d7dbf78dc149a7df8702a8f3a,11868,82.91031479999947,0.09480953216552734,0.1171875,513542e17ddbca8b50109dcb24ce4faf75c9dfec77ac6fad24bc5d7e0de097a3,True,True,True,1,0.865522349812183,3.9386255835998245,2.6783784844962155,0.04726993651085869,0.36664773853911387,0.19068872360956102,3.934695681667939,0.9315303881349177,0.9084738598014097,5.827957425128783,0.0,0.12722915410995483,0.5711289644241333,0.12733697891235352,80.859375,19.140625,0.0,0.43134790658950806,0.46830427646636963,-0.9413439631462097,1.5742535591125488,0.6360257267951965,0.6905181407928467,-1.3880187273025513,2.3212485313415527,75.390625,24.609375,0.0,-2.0261220932006836,TIT_INC,170,79169,82.90987250000035,512,512,200,100,100,200,MAX_EPOCHS,False,0,2048,deterministic_evenly_spaced_full_fold,54.0,36.622398376464815,768,755,98.30729166666667,TIT,1.4524626095825595,20,0.99,1.4524626095825595
59,COMPLETE,3,42,26466,3379,ad1e190147cfc7079fe69ab58be273b0089b28a9cb71d4377b9a01145e874910,b3de2bff6a2b887166deba8883b54b43de7150168fdd2094f9852f380bd9133e,2568,81.88016919999973,0.09652376174926758,0.119140625,513542e17ddbca8b50109dcb24ce4faf75c9dfec77ac6fad24bc5d7e0de097a3,True,True,True,1,0.8253914862623065,4.719829641393845,3.1237533571593823,0.0512273243822703,0.41779999895375275,0.03285945566069554,4.720413800643155,0.9086529297792322,0.8112774127698278,12.123501141156158,0.0,0.16979946196079254,0.792597770690918,0.16994909942150116,71.142578125,28.857421875,0.0,0.38208794593811035,0.37225452065467834,-0.9951716065406799,1.8583685159683228,0.5699851512908936,0.5553159713745117,-1.4845613241195679,2.772247552871704,70.21484375,29.78515625,0.0,-1.7127106189727783,TIT_INC,195,79169,81.87967620000018,512,512,200,100,100,200,MAX_EPOCHS,False,0,2048,deterministic_evenly_spaced_full_fold,54.0,36.19874954223633,768,755,98.30729166666667,TIT,1.4666428059277477,20,0.99,1.4666428059277477
59,COMPLETE,4,42,27061,2784,2cf8e61e68345fca034455d14ca0a91ba8af3af3a30bcfad11a389cf00a64d26,e85c7d3201b31d98e24a7a8ea73439fb69c13286f849eaf6812d38684b5bedb5,36924,78.42395889999989,0.09477806091308594,0.119140625,513542e17ddbca8b50109dcb24ce4faf75c9dfec77ac6fad24bc5d7e0de097a3,True,True,True,1,0.690560419891265,5.824245531257916,3.3099978655234152,0.07777066740624666,0.556173022389859,-0.7203581250947098,5.780564216975523,0.8411044628121214,0.8002175257456353,12.459126150903156,0.0,0.23131170868873596,0.6571102142333984,0.23143577575683594,75.78125,24.21875,0.0,0.5776499509811401,0.5178584456443787,-1.0615572929382324,2.5314226150512695,0.8451334238052368,0.7576550841331482,-1.5531160831451416,3.703608989715576,69.140625,30.859375,0.0,-2.391329050064087,TIT_INC,125,79169,78.42347940000036,512,512,200,100,100,185,EARLY_STOPPING,False,0,2048,deterministic_evenly_spaced_full_fold,53.699951171875,36.704002380371094,768,743,96.74479166666667,TIT,1.460840509680585,20,0.99,1.460840509680585
60,COMPLETE,0,42,25813,4032,81354305b7b8066000bae764cd84c6a44c1e035572eb00baa18e30401895a2a4,6d4d4bf8c14384a72deec9ae950f7dbc99365946e460adffb80cf5c9ed8ff111,2568,590.5481560000007,0.15311145782470703,0.1640625,513542e17ddbca8b50109dcb24ce4faf75c9dfec77ac6fad24bc5d7e0de097a3,True,True,True,1,-0.10301081666616407,11.153175756899753,9.243918926942916,0.14442067651226062,1.0501129712919095,8.20536895498397,7.555091420736427,0.729788611269823,0.3892182388544805,45.562250714510945,0.0,0.881246030330658,0.006581458263099194,0.8812469244003296,100.0,0.0,46.77734375,0.5796718001365662,4.862381501880009e-06,4.8968861215989935e-31,3.0840601921081543,0.8552803993225098,7.1742324507795274e-06,7.225141702894146e-31,4.55039644241333,44.189453125,8.837890625,46.97265625,-1.510309033392332e-08,TIT_INC,110,85441,590.5477034000005,128,128,800,400,400,400,EARLY_STOPPING,False,0,2048,deterministic_evenly_spaced_full_fold,54.0999755859375,36.66660079956054,768,764,99.47916666666667,TIT,1.4710406161479248,20,0.99,1.4710406161479248
60,COMPLETE,1,42,27493,2352,db92a7db6dfa639d2026ff19c5b1159be2b53d1e09d9e6a72b1b767a05c21400,2ea764e1783688df4d4bc4d6bc4b7c6a52ae545bfb933c403a7aa96e5d21a797,11868,637.0199091999993,0.14349079132080078,0.1640625,513542e17ddbca8b50109dcb24ce4faf75c9dfec77ac6fad24bc5d7e0de097a3,True,True,True,1,0.44514044356789295,7.561297792593975,5.657205297833397,0.09972696126953831,0.7447305866934386,3.10046986982125,6.897864938975701,0.7560648879666637,0.4338695196905788,40.74454807687251,0.0,0.39476829767227173,0.0033598600421100855,0.39476877450942993,100.0,0.0,2.5390625,0.6521162986755371,0.1508842557668686,9.731424142955802e-06,2.145925283432007,0.9435011148452759,0.21830379962921143,1.4079711036174558e-05,3.104788303375244,97.94921875,0.0,2.05078125,-0.7287604808807373,TIT_INC,10,85441,637.0194940000001,128,128,800,400,400,400,EARLY_STOPPING,False,0,2048,deterministic_evenly_spaced_full_fold,53.699951171875,37.11560134887693,768,764,99.47916666666667,TIT,1.4510427975077411,20,0.99,1.4510427975077411
61,COMPLETE,0,42,25813,4032,81354305b7b8066000bae764cd84c6a44c1e035572eb00baa18e30401895a2a4,6d4d4bf8c14384a72deec9ae950f7dbc99365946e460adffb80cf5c9ed8ff111,2568,624.5981791999993,0.10505437850952148,0.115234375,513542e17ddbca8b50109dcb24ce4faf75c9dfec77ac6fad24bc5d7e0de097a3,True,True,True,1,0.783853608351357,4.9372219974133795,3.2315677158416265,0.06393129244076916,0.4648578104244557,1.4621189889453707,4.716342433570875,0.8999320770167255,0.8855366828852111,8.462970807507872,0.0,0.1952727884054184,0.16517436504364014,0.19545269012451172,82.51953125,17.48046875,0.0,0.5144537687301636,0.5400586128234863,-0.7601032853126526,1.6572291851043701,0.7590541839599609,0.7968330383300781,-1.1214993000030518,2.445169687271118,79.4921875,20.5078125,0.0,-2.754688262939453,TIT_INC,70,72529,624.5974563,128,128,800,400,400,400,EARLY_STOPPING,False,0,2048,deterministic_evenly_spaced_full_fold,54.0999755859375,36.66660079956054,768,764,99.47916666666667,TIT,1.4710406161479248,20,0.99,1.4710406161479248
61,COMPLETE,1,42,27493,2352,db92a7db6dfa639d2026ff19c5b1159be2b53d1e09d9e6a72b1b767a05c21400,2ea764e1783688df4d4bc4d6bc4b7c6a52ae545bfb933c403a7aa96e5d21a797,11868,671.1480254999997,0.09920978546142578,0.115234375,513542e17ddbca8b50109dcb24ce4faf75c9dfec77ac6fad24bc5d7e0de097a3,True,True,True,1,0.8141987098933531,4.3755149290847095,3.1607075872875394,0.05770924778210873,0.43095509390131664,-0.6953383886895212,4.320830147500573,0.9082207312538102,0.8950623039785183,6.282351337080789,0.0,0.13691803812980652,0.24459171295166016,0.13718445599079132,75.0,25.0,0.0,0.4899096190929413,0.586731493473053,-1.03702712059021,1.685422658920288,0.7088157534599304,0.8489004373550415,-1.500401496887207,2.438519239425659,91.455078125,8.544921875,0.0,-3.960618495941162,TIT_INC,175,72529,671.1475693000002,128,128,800,400,400,400,EARLY_STOPPING,False,0,2048,deterministic_evenly_spaced_full_fold,53.699951171875,37.11560134887693,768,764,99.47916666666667,TIT,1.4510427975077411,20,0.99,1.4510427975077411
61,COMPLETE,2,42,26989,2856,424f72a3df11b24bdd551a74968aa5efe8f47b52221df203d3bd3ed6f8a96c5a,f1c78e2ff146b5069b0310a8b0222fe8d495ed8d7dbf78dc149a7df8702a8f3a,2568,864.6449615000001,0.10110664367675781,0.115234375,513542e17ddbca8b50109dcb24ce4faf75c9dfec77ac6fad24bc5d7e0de097a3,True,True,True,1,0.8575966932572241,4.053028697169656,2.792320932660784,0.04864296062810616,0.3772975558375316,0.5075557692712095,4.021826986443782,0.9291237282521558,0.9177733817103995,5.572049264899583,0.0,0.13318735361099243,0.14750134944915771,0.1333480179309845,87.3046875,12.6953125,0.0,0.6522271037101746,0.6890147924423218,-0.7877074480056763,1.8149974346160889,0.9617137312889099,1.0159573554992676,-1.1614805459976196,2.67622709274292,82.080078125,17.919921875,0.0,-2.5529966354370117,TIT_INC,140,72529,864.6444955999996,128,128,800,400,400,400,EARLY_STOPPING,False,0,2048,deterministic_evenly_spaced_full_fold,54.0,36.622398376464815,768,763,99.34895833333333,TIT,1.4524626095825595,20,0.99,1.4524626095825595
61,COMPLETE,3,42,26466,3379,ad1e190147cfc7079fe69ab58be273b0089b28a9cb71d4377b9a01145e874910,b3de2bff6a2b887166deba8883b54b43de7150168fdd2094f9852f380bd9133e,11868,852.0725123000002,0.10337066650390625,0.115234375,513542e17ddbca8b50109dcb24ce4faf75c9dfec77ac6fad24bc5d7e0de097a3,True,True,True,1,0.82058886161826,4.784299032539714,3.176391608336156,0.05192705184361604,0.42350683873395684,0.08650368732543837,4.784224930506068,0.9064984462495228,0.7917849117295271,13.4259457898318,0.0,0.17365750670433044,0.22919368743896484,0.17390714585781097,83.740234375,16.259765625,0.0,0.6221003532409668,0.566752552986145,-0.8863430619239807,2.394993782043457,0.9280270338058472,0.8454611897468567,-1.3222148418426514,3.572766065597534,82.12890625,17.87109375,0.0,-2.6156773567199707,TIT_INC,160,72529,852.0708612999997,128,128,800,400,400,400,EARLY_STOPPING,False,0,2048,deterministic_evenly_spaced_full_fold,54.0,36.19874954223633,768,763,99.34895833333333,TIT,1.4666428059277477,20,0.99,1.4666428059277477
61,COMPLETE,4,42,27061,2784,2cf8e61e68345fca034455d14ca0a91ba8af3af3a30bcfad11a389cf00a64d26,e85c7d3201b31d98e24a7a8ea73439fb69c13286f849eaf6812d38684b5bedb5,37692,869.0286624,0.10096025466918945,0.11328125,513542e17ddbca8b50109dcb24ce4faf75c9dfec77ac6fad24bc5d7e0de097a3,True,True,True,1,0.690887245297992,5.821168978648583,3.6605889632784088,0.07772958645448146,0.5558792340263549,-0.697133042346472,5.780312728694325,0.836982012262997,0.7610008388169411,15.06944357326966,0.0,0.2268659919500351,0.1891191601753235,0.22707198560237885,81.73828125,18.26171875,0.0,0.642195999622345,0.48814892768859863,-0.6278637647628784,2.4727210998535156,0.9395676851272583,0.7141884565353394,-0.9185988306999207,3.6177256107330322,82.861328125,17.138671875,0.0,-3.469113826751709,TIT_INC,55,72529,869.0281713000004,128,128,800,400,400,400,EARLY_STOPPING,False,0,2048,deterministic_evenly_spaced_full_fold,53.699951171875,36.704002380371094,768,751,97.78645833333333,TIT,1.460840509680585,20,0.99,1.460840509680585
62,COMPLETE,0,42,25813,4032,81354305b7b8066000bae764cd84c6a44c1e035572eb00baa18e30401895a2a4,6d4d4bf8c14384a72deec9ae950f7dbc99365946e460adffb80cf5c9ed8ff111,2568,43.0620641000005,0.0956273078918457,0.109375,513542e17ddbca8b50109dcb24ce4faf75c9dfec77ac6fad24bc5d7e0de097a3,True,True,True,1,0.7339391759330451,5.477711136985472,3.7807647046588717,0.07092999925629136,0.5157468727577499,1.5751560472306751,5.247002083073821,0.8694829032869411,0.7627902875544784,16.083472673154795,0.0,0.09782358258962631,6.642187688754575e-09,0.09782358258962631,100.0,0.0,0.0,1.1170570850372314,1.0795562267303467,0.7246770262718201,1.5863195657730103,1.6481692790985107,1.5928382873535156,1.0692293643951416,2.340545415878296,100.0,0.0,0.0,-8.699570655822754,TIT_INC,65,27361,43.061579499999425,512,512,300,75,75,125,EARLY_STOPPING,False,0,2048,deterministic_evenly_spaced_full_fold,54.0999755859375,36.66660079956054,2560,2534,98.984375,TIT,1.4710406161479248,20,0.99,1.4710406161479248
62,COMPLETE,1,42,27493,2352,db92a7db6dfa639d2026ff19c5b1159be2b53d1e09d9e6a72b1b767a05c21400,2ea764e1783688df4d4bc4d6bc4b7c6a52ae545bfb933c403a7aa96e5d21a797,37692,31.165370200000325,0.09063339233398438,0.107421875,513542e17ddbca8b50109dcb24ce4faf75c9dfec77ac6fad24bc5d7e0de097a3,True,True,True,1,0.7684946870322602,4.8841083356280555,3.321353936681942,0.06441715379871474,0.48104769393281227,-1.2947767689114524,4.710361006766799,0.8859465163363215,0.7745383480560004,13.696989888542024,0.0,0.06924766302108765,9.823363143368624e-06,0.06924767047166824,100.0,0.0,0.0,0.9903761744499207,1.0555709600448608,0.38272354006767273,1.3330739736557007,1.4329054355621338,1.527231216430664,0.5537357330322266,1.9287307262420654,100.0,0.0,0.0,-6.608178615570068,TIT_INC,20,27361,31.165004499999668,512,512,300,75,75,80,EARLY_STOPPING,False,0,2048,deterministic_evenly_spaced_full_fold,53.699951171875,37.11560134887693,2560,2536,99.0625,TIT,1.4510427975077411,20,0.99,1.4510427975077411
63,COMPLETE,0,42,25813,4032,81354305b7b8066000bae764cd84c6a44c1e035572eb00baa18e30401895a2a4,6d4d4bf8c14384a72deec9ae950f7dbc99365946e460adffb80cf5c9ed8ff111,37692,85.21793570000045,0.1111593246459961,0.119140625,513542e17ddbca8b50109dcb24ce4faf75c9dfec77ac6fad24bc5d7e0de097a3,True,True,True,1,0.7209316620823358,5.610013977156339,4.070732641787756,0.0726431674245729,0.5282036771362014,0.7775101765753731,5.556562996727049,0.8524330793799606,0.7106918173688759,18.472294562973616,0.0,0.25960204005241394,4.181040367257083e-07,0.25960204005241394,100.0,0.0,0.0,1.0777504444122314,1.1278647184371948,0.7830604910850525,1.2400298118591309,1.5901738405227661,1.664115309715271,1.1553716659545898,1.829609990119934,100.0,0.0,0.0,-9.526065826416016,TIT_INC,10,61457,85.21752910000032,128,128,500,50,75,75,EARLY_STOPPING,False,0,2048,deterministic_evenly_spaced_full_fold,54.0999755859375,36.66660079956054,768,764,99.47916666666667,TIT,1.4710406161479248,20,0.99,1.4710406161479248
63,COMPLETE,1,42,27493,2352,db92a7db6dfa639d2026ff19c5b1159be2b53d1e09d9e6a72b1b767a05c21400,2ea764e1783688df4d4bc4d6bc4b7c6a52ae545bfb933c403a7aa96e5d21a797,2568,90.24753770000007,0.10349130630493164,0.123046875,513542e17ddbca8b50109dcb24ce4faf75c9dfec77ac6fad24bc5d7e0de097a3,True,True,True,1,0.7639395690304684,4.931924336584444,3.5198992434002103,0.06504780538872519,0.48575720801655387,0.9177981509643347,4.846804318690775,0.8790831132535047,0.7955858623603398,14.510038900355866,0.0,0.186155766248703,1.8024528571913834e-06,0.186155766248703,100.0,0.0,0.0,1.2075140476226807,1.2528694868087769,0.8426738381385803,1.4058789014816284,1.7470670938491821,1.8126885890960693,1.2192054986953735,2.034067153930664,100.0,0.0,0.0,-12.439703941345215,TIT_INC,10,61457,90.24716230000013,128,128,500,50,75,75,EARLY_STOPPING,False,0,2048,deterministic_evenly_spaced_full_fold,53.699951171875,37.11560134887693,768,764,99.47916666666667,TIT,1.4510427975077411,20,0.99,1.4510427975077411
64,COMPLETE,0,42,25813,4032,81354305b7b8066000bae764cd84c6a44c1e035572eb00baa18e30401895a2a4,6d4d4bf8c14384a72deec9ae950f7dbc99365946e460adffb80cf5c9ed8ff111,37692,113.63021949999984,0.10625314712524414,0.119140625,513542e17ddbca8b50109dcb24ce4faf75c9dfec77ac6fad24bc5d7e0de097a3,True,True,True,1,-0.18913426786413456,11.580414585682833,9.533423517431531,0.14995292329380958,1.0903390957360728,4.620026583709414,10.620232101335292,0.022779811167447823,0.0009674060787522352,65.72326322102259,0.0,0.5630557537078857,0.08945031464099884,0.5632752180099487,51.46484375,48.53515625,0.0,0.0034440788440406322,0.005011868197470903,-0.2436383217573166,0.24156314134597778,0.005081587936729193,0.007394793443381786,-0.3594777286052704,0.35641589760780334,48.583984375,51.416015625,0.0,0.106574147939682,TIT_INC,1,30113,113.62982220000049,128,128,800,80,80,80,EARLY_STOPPING,False,0,2048,deterministic_evenly_spaced_full_fold,54.0999755859375,36.66660079956054,768,764,99.47916666666667,TIT,1.4710406161479248,20,0.99,1.4710406161479248
64,COMPLETE,1,42,27493,2352,db92a7db6dfa639d2026ff19c5b1159be2b53d1e09d9e6a72b1b767a05c21400,2ea764e1783688df4d4bc4d6bc4b7c6a52ae545bfb933c403a7aa96e5d21a797,2568,120.41723340000044,0.1014552116394043,0.12109375,513542e17ddbca8b50109dcb24ce4faf75c9dfec77ac6fad24bc5d7e0de097a3,True,True,True,1,-0.026013599594952863,10.282089173003111,8.229986344875933,0.1356118403021192,1.012707938807145,-1.5354750578095313,10.168954712345865,-0.010756195468375704,-0.0004973363539445168,64.99123792727764,0.0,0.37953513860702515,0.09503291547298431,0.3797682821750641,49.267578125,50.732421875,0.0,-0.0002924783620983362,-0.0027394406497478485,-0.2514919638633728,0.2629114091396332,-0.00042316666804254055,-0.003963503986597061,-0.36386603116989136,0.3803879916667938,50.732421875,49.267578125,0.0,-0.05270567536354065,TIT_INC,1,30113,120.41680120000001,128,128,800,80,80,80,EARLY_STOPPING,False,0,2048,deterministic_evenly_spaced_full_fold,53.699951171875,37.11560134887693,768,764,99.47916666666667,TIT,1.4510427975077411,20,0.99,1.4510427975077411
65,COMPLETE,0,42,25813,4032,81354305b7b8066000bae764cd84c6a44c1e035572eb00baa18e30401895a2a4,6d4d4bf8c14384a72deec9ae950f7dbc99365946e460adffb80cf5c9ed8ff111,37692,54.6348066999999,0.1307530403137207,0.140625,513542e17ddbca8b50109dcb24ce4faf75c9dfec77ac6fad24bc5d7e0de097a3,True,True,True,1,0.8272564166522554,4.413769227858969,2.849919381595793,0.05715318683667723,0.41557278567913086,0.944751431071569,4.312008231941894,0.9143578994925142,0.8631677535515545,9.313740776591983,0.0,0.07592639327049255,0.20560531318187714,0.07608690112829208,80.2734375,19.7265625,0.0,0.5010164380073547,0.43173182010650635,-0.9323630928993225,2.1207540035247803,0.7392278909683228,0.6370015144348145,-1.3756611347198486,3.129080295562744,85.107421875,14.892578125,0.0,-2.5925724506378174,TIT_INC,105,104129,54.634345600000415,512,512,400,0,75,165,EARLY_STOPPING,False,0,2048,deterministic_evenly_spaced_full_fold,54.0999755859375,36.66660079956054,640,624,97.5,TIT,1.4710406161479248,20,0.99,1.4710406161479248
65,COMPLETE,1,42,27493,2352,db92a7db6dfa639d2026ff19c5b1159be2b53d1e09d9e6a72b1b767a05c21400,2ea764e1783688df4d4bc4d6bc4b7c6a52ae545bfb933c403a7aa96e5d21a797,2568,46.668897300000026,0.12001943588256836,0.140625,513542e17ddbca8b50109dcb24ce4faf75c9dfec77ac6fad24bc5d7e0de097a3,True,True,True,1,0.828019373568815,4.209636250863465,3.0295664712685304,0.05552145185445526,0.4146172999484535,-0.6246461722315574,4.1639195740217225,0.9155211686981469,0.911265801164476,5.2756139917836755,0.0,0.06416994333267212,0.537860095500946,0.06458983570337296,72.509765625,27.490234375,0.0,0.26120662689208984,0.5034606456756592,-2.4026012420654297,2.142587661743164,0.377921462059021,0.7284217476844788,-3.4761545658111572,3.099958896636963,76.123046875,23.876953125,0.0,-2.3166441917419434,TIT_INC,70,104129,46.668410100000074,512,512,400,0,75,130,EARLY_STOPPING,False,0,2048,deterministic_evenly_spaced_full_fold,53.699951171875,37.11560134887693,640,639,99.84375,TIT,1.4510427975077411,20,0.99,1.4510427975077411
65,COMPLETE,2,42,26989,2856,424f72a3df11b24bdd551a74968aa5efe8f47b52221df203d3bd3ed6f8a96c5a,f1c78e2ff146b5069b0310a8b0222fe8d495ed8d7dbf78dc149a7df8702a8f3a,2568,80.10439829999996,0.12406587600708008,0.140625,513542e17ddbca8b50109dcb24ce4faf75c9dfec77ac6fad24bc5d7e0de097a3,True,True,True,1,0.8726058369014033,3.8334906356912866,2.5940475744359635,0.04600814551112451,0.3568606973304745,0.2975189371937129,3.8225971890485435,0.9360320189370769,0.9255333804134137,4.8840593833718025,0.0,0.05820761248469353,0.2742457389831543,0.05842170864343643,71.923828125,28.076171875,0.0,0.40627753734588623,0.3731604218482971,-1.0309773683547974,2.237285852432251,0.5990592241287231,0.5502278208732605,-1.520183801651001,3.2988946437835693,79.150390625,20.849609375,0.0,-2.6054272651672363,TIT_INC,120,104129,80.10401140000067,512,512,400,0,75,180,EARLY_STOPPING,False,0,2048,deterministic_evenly_spaced_full_fold,54.0,36.622398376464815,640,621,97.03125,TIT,1.4524626095825595,20,0.99,1.4524626095825595
65,COMPLETE,3,42,26466,3379,ad1e190147cfc7079fe69ab58be273b0089b28a9cb71d4377b9a01145e874910,b3de2bff6a2b887166deba8883b54b43de7150168fdd2094f9852f380bd9133e,37692,77.54767460000039,0.12636756896972656,0.140625,513542e17ddbca8b50109dcb24ce4faf75c9dfec77ac6fad24bc5d7e0de097a3,True,True,True,1,0.8302092705001741,4.654259594520478,3.1152905274792233,0.05051565080162159,0.4119957289701861,0.09398005029159595,4.6539993788246505,0.9112550180756044,0.8209504071568312,11.564914731577604,0.0,0.08092053979635239,0.3458612859249115,0.0811905488371849,71.533203125,28.466796875,0.0,0.43980997800827026,0.36873236298561096,-1.3795677423477173,2.7781171798706055,0.6560927629470825,0.5500617027282715,-2.0579898357391357,4.144295692443848,65.380859375,34.619140625,0.0,-1.6600265502929688,TIT_INC,115,104129,77.54726419999952,512,512,400,0,75,175,EARLY_STOPPING,False,0,2048,deterministic_evenly_spaced_full_fold,54.0,36.19874954223633,640,623,97.34375,TIT,1.4666428059277477,20,0.99,1.4666428059277477
65,COMPLETE,4,42,27061,2784,2cf8e61e68345fca034455d14ca0a91ba8af3af3a30bcfad11a389cf00a64d26,e85c7d3201b31d98e24a7a8ea73439fb69c13286f849eaf6812d38684b5bedb5,33352,58.27800000000025,0.12268400192260742,0.140625,513542e17ddbca8b50109dcb24ce4faf75c9dfec77ac6fad24bc5d7e0de097a3,True,True,True,1,0.6768900416018204,5.951506541461784,3.7101307326349717,0.0794699731180734,0.5683255218505376,-0.3469213617259058,5.942454026984632,0.8272241159113048,0.750020113991589,16.144044571396314,0.0,0.10707950592041016,0.36948972940444946,0.10736795514822006,84.912109375,15.087890625,0.0,0.801138162612915,0.6289516091346741,-2.168653964996338,3.2892401218414307,1.1721086502075195,0.9201904535293579,-3.172858476638794,4.812337398529053,74.951171875,25.048828125,0.0,-2.8768019676208496,TIT_INC,55,104129,58.277113900000586,512,512,400,0,75,115,EARLY_STOPPING,False,0,2048,deterministic_evenly_spaced_full_fold,53.699951171875,36.704002380371094,640,634,99.0625,TIT,1.460840509680585,20,0.99,1.460840509680585
66,COMPLETE,0,42,25813,4032,81354305b7b8066000bae764cd84c6a44c1e035572eb00baa18e30401895a2a4,6d4d4bf8c14384a72deec9ae950f7dbc99365946e460adffb80cf5c9ed8ff111,37692,192.54990859999998,0.10461091995239258,0.125,513542e17ddbca8b50109dcb24ce4faf75c9dfec77ac6fad24bc5d7e0de097a3,True,True,True,1,0.7614015129405505,5.187313588013666,3.505576581235916,0.06716968816695293,0.4884048636606532,1.7048985399897136,4.899744633057512,0.8878555686842495,0.8178961374519824,12.842808827947183,0.0,0.21772809326648712,0.06177540868520737,0.2180539071559906,90.576171875,9.423828125,0.0,0.9651368260383606,0.9592651128768921,-0.2052145153284073,2.219878673553467,1.4240174293518066,1.4153538942337036,-0.30278509855270386,3.275334358215332,97.998046875,2.001953125,0.0,-6.125064373016357,TIT_INC,130,33089,192.54951260000053,128,128,150,15,75,150,MAX_EPOCHS,False,0,2048,deterministic_evenly_spaced_full_fold,54.0999755859375,36.66660079956054,768,764,99.47916666666667,TIT,1.4710406161479248,20,0.99,1.4710406161479248
66,COMPLETE,1,42,27493,2352,db92a7db6dfa639d2026ff19c5b1159be2b53d1e09d9e6a72b1b767a05c21400,2ea764e1783688df4d4bc4d6bc4b7c6a52ae545bfb933c403a7aa96e5d21a797,2568,204.54862609999964,0.100006103515625,0.103515625,513542e17ddbca8b50109dcb24ce4faf75c9dfec77ac6fad24bc5d7e0de097a3,True,True,True,1,0.7970564665280537,4.572907495549848,3.3801585298006227,0.06031268456911701,0.4503967672575085,-1.2943070745792518,4.386847879400172,0.9020107683592952,0.8294802963862697,10.044169269549226,0.0,0.15170331299304962,0.282529354095459,0.15319345891475677,78.02734375,21.97265625,0.0,0.7621026635169983,0.9367127418518066,-1.1818971633911133,2.2855374813079834,1.102632761001587,1.3552637100219727,-1.7100037336349487,3.3067831993103027,87.109375,12.890625,0.0,-5.174935817718506,TIT_INC,135,33089,204.54822650000006,128,128,150,15,75,150,MAX_EPOCHS,False,0,2048,deterministic_evenly_spaced_full_fold,53.699951171875,37.11560134887693,768,764,99.47916666666667,TIT,1.4510427975077411,20,0.99,1.4510427975077411
67,COMPLETE,0,42,25813,4032,81354305b7b8066000bae764cd84c6a44c1e035572eb00baa18e30401895a2a4,6d4d4bf8c14384a72deec9ae950f7dbc99365946e460adffb80cf5c9ed8ff111,37692,62.020025600000736,0.10470771789550781,0.12109375,513542e17ddbca8b50109dcb24ce4faf75c9dfec77ac6fad24bc5d7e0de097a3,True,True,True,1,0.8112693036506686,4.61349369619615,3.0299347544473316,0.05973938680895535,0.4343775870609709,0.8869827153190734,4.527987492843636,0.9066306250224394,0.877377721947833,8.386856211357019,0.0,0.07073849439620972,0.05731397494673729,0.07077161222696304,93.06640625,6.93359375,0.0,0.754189133644104,0.647832453250885,-0.162444606423378,2.0194108486175537,1.1127732992172241,0.9558485746383667,-0.23967993259429932,2.9795525074005127,91.30859375,8.69140625,0.0,-3.905592918395996,TIT_INC,120,54145,62.01963650000016,512,512,400,0,75,180,EARLY_STOPPING,False,0,2048,deterministic_evenly_spaced_full_fold,54.0999755859375,36.66660079956054,2560,2534,98.984375,TIT,1.4710406161479248,20,0.99,1.4710406161479248
67,COMPLETE,1,42,27493,2352,db92a7db6dfa639d2026ff19c5b1159be2b53d1e09d9e6a72b1b767a05c21400,2ea764e1783688df4d4bc4d6bc4b7c6a52ae545bfb933c403a7aa96e5d21a797,2568,60.32738860000063,0.09810304641723633,0.103515625,513542e17ddbca8b50109dcb24ce4faf75c9dfec77ac6fad24bc5d7e0de097a3,True,True,True,1,0.8258062832415023,4.236635005366183,3.0567158209223324,0.05587754201496389,0.4172764728619307,-1.0343417553674608,4.109305645800944,0.9148506322416365,0.8622138210695394,8.127563275208045,0.0,0.058821093291044235,0.27491509914398193,0.058979958295822144,84.375,15.625,0.0,0.6327521800994873,0.6880021691322327,-1.0092166662216187,2.136579751968384,0.915484607219696,0.9954218864440918,-1.4601644277572632,3.0912668704986572,82.177734375,17.822265625,0.0,-3.699437141418457,TIT_INC,105,54145,60.32698919999984,512,512,400,0,75,165,EARLY_STOPPING,False,0,2048,deterministic_evenly_spaced_full_fold,53.699951171875,37.11560134887693,2560,2536,99.0625,TIT,1.4510427975077411,20,0.99,1.4510427975077411
67,COMPLETE,2,42,26989,2856,424f72a3df11b24bdd551a74968aa5efe8f47b52221df203d3bd3ed6f8a96c5a,f1c78e2ff146b5069b0310a8b0222fe8d495ed8d7dbf78dc149a7df8702a8f3a,2568,139.9550534,0.10025596618652344,0.119140625,513542e17ddbca8b50109dcb24ce4faf75c9dfec77ac6fad24bc5d7e0de097a3,True,True,True,1,0.8555120239800997,4.0825874427960525,2.794152883588433,0.04899771382803418,0.38004918759534545,0.28939648502681103,4.073030638051106,0.9254025780581924,0.8669975577048277,8.481269359261074,0.0,0.056844428181648254,0.1536431759595871,0.0569332130253315,84.1796875,15.8203125,0.0,0.6485713720321655,0.4940102696418762,-0.601123571395874,2.5205745697021484,0.9563233256340027,0.7284218072891235,-0.8863611817359924,3.7166059017181396,78.41796875,21.58203125,0.0,-1.6256701946258545,TIT_INC,265,54145,139.9546161999997,512,512,400,0,75,325,EARLY_STOPPING,False,0,2048,deterministic_evenly_spaced_full_fold,54.0,36.622398376464815,2560,2542,99.296875,TIT,1.4524626095825595,20,0.99,1.4524626095825595
67,COMPLETE,3,42,26466,3379,ad1e190147cfc7079fe69ab58be273b0089b28a9cb71d4377b9a01145e874910,b3de2bff6a2b887166deba8883b54b43de7150168fdd2094f9852f380bd9133e,37692,155.33088660000067,0.10245656967163086,0.119140625,513542e17ddbca8b50109dcb24ce4faf75c9dfec77ac6fad24bc5d7e0de097a3,True,True,True,1,0.8208695449202214,4.780555122060176,3.1347017426503485,0.05188641679295416,0.4231754272396276,0.2507278157889261,4.774682155135778,0.9083180970814183,0.7699443503342004,14.98940042862577,0.0,0.07413297891616821,0.2041027545928955,0.07425092160701752,81.005859375,18.994140625,0.0,0.7521593570709229,0.4487133026123047,-0.9366929531097412,3.5788233280181885,1.1220444440841675,0.6693744659423828,-1.397325038909912,5.338760852813721,73.4375,26.5625,0.0,-1.5415334701538086,TIT_INC,325,54145,155.33049630000005,512,512,400,0,75,385,EARLY_STOPPING,False,0,2048,deterministic_evenly_spaced_full_fold,54.0,36.19874954223633,2560,2542,99.296875,TIT,1.4666428059277477,20,0.99,1.4666428059277477
67,COMPLETE,4,42,27061,2784,2cf8e61e68345fca034455d14ca0a91ba8af3af3a30bcfad11a389cf00a64d26,e85c7d3201b31d98e24a7a8ea73439fb69c13286f849eaf6812d38684b5bedb5,34864,82.81574520000049,0.10022830963134766,0.119140625,513542e17ddbca8b50109dcb24ce4faf75c9dfec77ac6fad24bc5d7e0de097a3,True,True,True,1,0.7106020394723512,5.632477644707525,3.5397014110937888,0.07521000672598029,0.537860586128778,-0.19564798645589543,5.63008987741658,0.8446065266761299,0.7548145118207295,15.979035494775252,0.0,0.0963425487279892,0.2908034920692444,0.09651059657335281,85.05859375,14.94140625,0.0,0.7490052580833435,0.7087974548339844,-1.0759793519973755,2.7392516136169434,1.0958354473114014,1.0370092391967773,-1.574216365814209,4.007674217224121,82.861328125,17.138671875,0.0,-3.4570703506469727,TIT_INC,105,54145,82.8153140000004,512,512,400,0,75,165,EARLY_STOPPING,False,0,2048,deterministic_evenly_spaced_full_fold,53.699951171875,36.704002380371094,2560,2547,99.4921875,TIT,1.460840509680585,20,0.99,1.460840509680585
68,COMPLETE,0,42,25813,4032,81354305b7b8066000bae764cd84c6a44c1e035572eb00baa18e30401895a2a4,6d4d4bf8c14384a72deec9ae950f7dbc99365946e460adffb80cf5c9ed8ff111,2568,103.65967539999929,0.1076207160949707,0.123046875,513542e17ddbca8b50109dcb24ce4faf75c9dfec77ac6fad24bc5d7e0de097a3,True,True,True,1,0.8332007426347928,4.3371627259178736,2.7878691979816983,0.05616122158151423,0.40835999865532047,0.6786609036581857,4.284267989800982,0.9151045037413954,0.8479094975368338,9.98088189108206,0.0,0.06291250139474869,0.21431925892829895,0.06303412467241287,71.630859375,28.369140625,0.0,0.28546831011772156,0.2180449217557907,-0.7598385810852051,1.5266553163528442,0.4211961030960083,0.321715772151947,-1.1211087703704834,2.2525134086608887,51.513671875,48.486328125,0.0,-0.09188756346702576,TIT_INC,220,55921,103.65927180000017,512,512,400,0,75,280,EARLY_STOPPING,False,0,2048,deterministic_evenly_spaced_full_fold,54.0999755859375,36.66660079956054,1536,1520,98.95833333333333,TIT,1.4710406161479248,20,0.99,1.4710406161479248
68,COMPLETE,1,42,27493,2352,db92a7db6dfa639d2026ff19c5b1159be2b53d1e09d9e6a72b1b767a05c21400,2ea764e1783688df4d4bc4d6bc4b7c6a52ae545bfb933c403a7aa96e5d21a797,37692,52.02449609999985,0.1006155014038086,0.10546875,513542e17ddbca8b50109dcb24ce4faf75c9dfec77ac6fad24bc5d7e0de097a3,True,True,True,1,0.8318969329971749,4.161909438894474,3.0005357443880873,0.05489197658985029,0.40991657030472917,-0.2098075127115055,4.15750165042091,0.9131907094068878,0.8703664819709208,8.409997392113059,0.0,0.05678736791014671,0.31855088472366333,0.056968141347169876,67.96875,32.03125,0.0,0.32790815830230713,0.33243823051452637,-1.2968783378601074,2.0018792152404785,0.47442716360092163,0.4809814691543579,-1.8763619661331177,2.8963780403137207,74.462890625,25.537109375,0.0,-1.7786884307861328,TIT_INC,65,55921,52.02403719999984,512,512,400,0,75,125,EARLY_STOPPING,False,0,2048,deterministic_evenly_spaced_full_fold,53.699951171875,37.11560134887693,1536,1521,99.0234375,TIT,1.4510427975077411,20,0.99,1.4510427975077411
68,COMPLETE,2,42,26989,2856,424f72a3df11b24bdd551a74968aa5efe8f47b52221df203d3bd3ed6f8a96c5a,f1c78e2ff146b5069b0310a8b0222fe8d495ed8d7dbf78dc149a7df8702a8f3a,37692,117.26278939999975,0.1028890609741211,0.123046875,513542e17ddbca8b50109dcb24ce4faf75c9dfec77ac6fad24bc5d7e0de097a3,True,True,True,1,0.8705704169008512,3.8639937725388327,2.616185438065302,0.04637423294735339,0.35970024272673423,0.19280640818491704,3.859856230657749,0.9332567793213103,0.8790795703300074,7.640525191844557,0.0,0.05098731443285942,0.22743497788906097,0.05111638084053993,72.314453125,27.685546875,0.0,0.4827793538570404,0.21690547466278076,-0.9324272871017456,2.5975747108459473,0.711861789226532,0.31982874870300293,-1.374871015548706,3.830143451690674,56.884765625,43.115234375,0.0,-0.2335122525691986,TIT_INC,150,55921,117.26238130000002,512,512,400,0,75,210,EARLY_STOPPING,False,0,2048,deterministic_evenly_spaced_full_fold,54.0,36.622398376464815,1536,1525,99.28385416666667,TIT,1.4524626095825595,20,0.99,1.4524626095825595
68,COMPLETE,3,42,26466,3379,ad1e190147cfc7079fe69ab58be273b0089b28a9cb71d4377b9a01145e874910,b3de2bff6a2b887166deba8883b54b43de7150168fdd2094f9852f380bd9133e,2568,110.44550690000051,0.10521507263183594,0.123046875,513542e17ddbca8b50109dcb24ce4faf75c9dfec77ac6fad24bc5d7e0de097a3,True,True,True,1,0.8354932854049608,4.5812651701812515,3.09945396813954,0.049723395712385286,0.40553425202510884,0.4575939071217244,4.559029450412596,0.9162572956777763,0.7947065996051694,13.609856076692132,0.0,0.06964344531297684,0.4026300311088562,0.0698719322681427,50.830078125,49.169921875,0.0,0.22728684544563293,0.011076931841671467,-1.21062433719635,2.417433261871338,0.3390583395957947,0.016524169594049454,-1.8059660196304321,3.6062402725219727,63.4765625,36.5234375,0.0,-0.8656412363052368,TIT_INC,140,55921,110.44474549999995,512,512,400,0,75,200,EARLY_STOPPING,False,0,2048,deterministic_evenly_spaced_full_fold,54.0,36.19874954223633,1536,1525,99.28385416666667,TIT,1.4666428059277477,20,0.99,1.4666428059277477
68,COMPLETE,4,42,27061,2784,2cf8e61e68345fca034455d14ca0a91ba8af3af3a30bcfad11a389cf00a64d26,e85c7d3201b31d98e24a7a8ea73439fb69c13286f849eaf6812d38684b5bedb5,8932,101.7069220000003,0.1028437614440918,0.123046875,513542e17ddbca8b50109dcb24ce4faf75c9dfec77ac6fad24bc5d7e0de097a3,True,True,True,1,0.7609273662690814,5.119371856062685,3.1885792989840454,0.06835854769686563,0.4888627209555531,-0.935683212061038,5.034040891959402,0.8769152895312704,0.7761368915128366,13.832380549758705,0.0,0.08215108513832092,0.4874365031719208,0.08242769539356232,67.67578125,32.32421875,0.0,0.5646213889122009,0.23352354764938354,-2.1945431232452393,4.138921737670898,0.8260718584060669,0.3416576385498047,-3.210736036300659,6.0554680824279785,66.162109375,33.837890625,0.0,-1.355582356452942,TIT_INC,115,55921,101.70647680000002,512,512,400,0,75,175,EARLY_STOPPING,False,0,2048,deterministic_evenly_spaced_full_fold,53.699951171875,36.704002380371094,1536,1528,99.47916666666667,TIT,1.460840509680585,20,0.99,1.460840509680585
69,COMPLETE,0,42,25813,4032,81354305b7b8066000bae764cd84c6a44c1e035572eb00baa18e30401895a2a4,6d4d4bf8c14384a72deec9ae950f7dbc99365946e460adffb80cf5c9ed8ff111,2568,63.320574999999735,0.12969636917114258,0.150390625,513542e17ddbca8b50109dcb24ce4faf75c9dfec77ac6fad24bc5d7e0de097a3,True,True,True,1,0.8261576692836509,4.427784018099629,2.832099497318268,0.057334662098239515,0.41689233029516076,1.0104603379491777,4.311479043972593,0.9167400161733698,0.9065256103149374,6.727578865620638,0.0,0.06391318887472153,0.10150063037872314,0.06397078931331635,85.498046875,14.501953125,0.0,0.5073936581611633,0.38746243715286255,-0.3521409332752228,1.7342689037322998,0.7486371994018555,0.571683943271637,-0.5195686221122742,2.558838129043579,73.291015625,26.708984375,0.0,-1.4795200824737549,TIT_INC,140,89905,63.32015319999937,512,512,150,0,75,150,MAX_EPOCHS,False,0,2048,deterministic_evenly_spaced_full_fold,54.0999755859375,36.66660079956054,1536,1520,98.95833333333333,TIT,1.4710406161479248,20,0.99,1.4710406161479248
69,COMPLETE,1,42,27493,2352,db92a7db6dfa639d2026ff19c5b1159be2b53d1e09d9e6a72b1b767a05c21400,2ea764e1783688df4d4bc4d6bc4b7c6a52ae545bfb933c403a7aa96e5d21a797,37692,52.758920499999476,0.11975955963134766,0.1328125,513542e17ddbca8b50109dcb24ce4faf75c9dfec77ac6fad24bc5d7e0de097a3,True,True,True,1,0.8270233314182028,4.221808905844864,2.990089513817612,0.05568199861840714,0.41581621430609106,0.052339732241468366,4.222382164038895,0.9096652129555458,0.8465912180046308,10.25304855810407,0.0,0.057436682283878326,0.16226884722709656,0.05752876400947571,85.009765625,14.990234375,0.0,0.5969076156616211,0.5535601377487183,-0.42366182804107666,2.012115478515625,0.8636235594749451,0.8009071350097656,-0.6129664182662964,2.9111878871917725,81.396484375,18.603515625,0.0,-1.7184596061706543,TIT_INC,55,89905,52.75757959999919,512,512,150,0,75,115,EARLY_STOPPING,False,0,2048,deterministic_evenly_spaced_full_fold,53.699951171875,37.11560134887693,1536,1521,99.0234375,TIT,1.4510427975077411,20,0.99,1.4510427975077411
69,COMPLETE,2,42,26989,2856,424f72a3df11b24bdd551a74968aa5efe8f47b52221df203d3bd3ed6f8a96c5a,f1c78e2ff146b5069b0310a8b0222fe8d495ed8d7dbf78dc149a7df8702a8f3a,37692,90.33091430000059,0.12267303466796875,0.12890625,513542e17ddbca8b50109dcb24ce4faf75c9dfec77ac6fad24bc5d7e0de097a3,True,True,True,1,0.8661816966886284,3.928958135181537,2.599210598889519,0.04715391134846263,0.36574779310770045,0.4993822821715967,3.897774867691305,0.9318524054844153,0.8705046600540126,8.475246065853272,0.0,0.05248042196035385,0.09087686240673065,0.05253199115395546,86.9140625,13.0859375,0.0,0.5653926134109497,0.4113740921020508,-0.23160438239574432,2.066169023513794,0.8336756229400635,0.6065741777420044,-0.3415023982524872,3.046581745147705,75.732421875,24.267578125,0.0,-1.7118313312530518,TIT_INC,100,89905,90.33042169999953,512,512,150,0,75,150,MAX_EPOCHS,False,0,2048,deterministic_evenly_spaced_full_fold,54.0,36.622398376464815,1536,1525,99.28385416666667,TIT,1.4524626095825595,20,0.99,1.4524626095825595
69,COMPLETE,3,42,26466,3379,ad1e190147cfc7079fe69ab58be273b0089b28a9cb71d4377b9a01145e874910,b3de2bff6a2b887166deba8883b54b43de7150168fdd2094f9852f380bd9133e,2568,87.52936839999984,0.1265263557434082,0.150390625,513542e17ddbca8b50109dcb24ce4faf75c9dfec77ac6fad24bc5d7e0de097a3,True,True,True,1,0.8178798266489603,4.820284182642565,3.1955227949238982,0.05231762165170747,0.4266922493986693,0.06870395765392058,4.820507892534845,0.9054141980282389,0.7807469438827809,14.11530102305967,0.0,0.0752115398645401,0.16776177287101746,0.075306735932827,81.591796875,18.408203125,0.0,0.6359483003616333,0.458499550819397,-0.6809072494506836,2.5353212356567383,0.9486849904060364,0.6839731931686401,-1.0157530307769775,3.7821013927459717,72.55859375,27.44140625,0.0,-1.5590252876281738,TIT_INC,85,89905,87.5289257000004,512,512,150,0,75,145,EARLY_STOPPING,False,0,2048,deterministic_evenly_spaced_full_fold,54.0,36.19874954223633,1536,1525,99.28385416666667,TIT,1.4666428059277477,20,0.99,1.4666428059277477
69,COMPLETE,4,42,27061,2784,2cf8e61e68345fca034455d14ca0a91ba8af3af3a30bcfad11a389cf00a64d26,e85c7d3201b31d98e24a7a8ea73439fb69c13286f849eaf6812d38684b5bedb5,35644,82.3665847000002,0.1221308708190918,0.12890625,513542e17ddbca8b50109dcb24ce4faf75c9dfec77ac6fad24bc5d7e0de097a3,True,True,True,1,0.7238114548401064,5.502430613986086,3.4516040977390334,0.07347349951330744,0.525442042003021,-0.6433087217396704,5.465677178515069,0.8569778324678622,0.8052058307455819,12.207101206990988,0.0,0.0937054380774498,0.2032390683889389,0.09382076561450958,86.181640625,13.818359375,0.0,0.7584279179573059,0.5515470504760742,-0.6876407861709595,3.0699100494384766,1.1096214056015015,0.8069433569908142,-1.0060558319091797,4.491445541381836,70.849609375,29.150390625,0.0,-1.8100805282592773,TIT_INC,70,89905,82.36610000000019,512,512,150,0,75,130,EARLY_STOPPING,False,0,2048,deterministic_evenly_spaced_full_fold,53.699951171875,36.704002380371094,1536,1528,99.47916666666667,TIT,1.460840509680585,20,0.99,1.460840509680585
70,COMPLETE,0,42,25813,4032,81354305b7b8066000bae764cd84c6a44c1e035572eb00baa18e30401895a2a4,6d4d4bf8c14384a72deec9ae950f7dbc99365946e460adffb80cf5c9ed8ff111,2568,102.5341187999993,0.1267242431640625,0.142578125,513542e17ddbca8b50109dcb24ce4faf75c9dfec77ac6fad24bc5d7e0de097a3,True,True,True,1,0.8147777489069691,4.5704108223411515,2.9302982394657437,0.05918151361446346,0.43032117428116884,0.8267552568798974,4.495569292817162,0.9097700858386706,0.9029398191045435,6.76318940067225,0.0,0.0680960863828659,0.14667671918869019,0.06845812499523163,88.8671875,11.1328125,0.0,0.6785444021224976,0.6270933151245117,-0.5520774722099304,1.9314380884170532,1.0011626482009888,0.9252489805221558,-0.8145663142204285,2.849752902984619,96.337890625,3.662109375,0.0,-3.244784355163574,TIT_INC,80,89937,102.53372579999996,256,256,400,0,75,140,EARLY_STOPPING,False,0,2048,deterministic_evenly_spaced_full_fold,54.0999755859375,36.66660079956054,1536,1520,98.95833333333333,TIT,1.4710406161479248,20,0.99,1.4710406161479248
70,COMPLETE,1,42,27493,2352,db92a7db6dfa639d2026ff19c5b1159be2b53d1e09d9e6a72b1b767a05c21400,2ea764e1783688df4d4bc4d6bc4b7c6a52ae545bfb933c403a7aa96e5d21a797,37692,81.39828000000034,0.11770296096801758,0.126953125,513542e17ddbca8b50109dcb24ce4faf75c9dfec77ac6fad24bc5d7e0de097a3,True,True,True,1,0.8266178665601647,4.2267540617611,3.0922647203717912,0.055747220936857994,0.4163032747245282,-0.26037831209143814,4.219623594729757,0.9111693358513016,0.879750008968374,7.7354816958658335,0.0,0.058788981288671494,0.1303286850452423,0.05911066755652428,83.935546875,16.064453125,0.0,0.6996831893920898,0.7174240350723267,-0.5321492552757263,1.9330337047576904,1.0123223066329956,1.0379902124404907,-0.7699292302131653,2.7967703342437744,90.33203125,9.66796875,0.0,-3.249967336654663,TIT_INC,40,89937,81.39787460000025,256,256,400,0,75,100,EARLY_STOPPING,False,0,2048,deterministic_evenly_spaced_full_fold,53.699951171875,37.11560134887693,1536,1521,99.0234375,TIT,1.4510427975077411,20,0.99,1.4510427975077411
70,COMPLETE,2,42,26989,2856,424f72a3df11b24bdd551a74968aa5efe8f47b52221df203d3bd3ed6f8a96c5a,f1c78e2ff146b5069b0310a8b0222fe8d495ed8d7dbf78dc149a7df8702a8f3a,37692,142.66520370000035,0.12049627304077148,0.142578125,513542e17ddbca8b50109dcb24ce4faf75c9dfec77ac6fad24bc5d7e0de097a3,True,True,True,1,0.8657178457738354,3.9357616674069904,2.723371448303137,0.04723556484141862,0.36638113579326254,-0.5211931904490922,3.9017826773003477,0.9323599389935253,0.9018928386008268,5.521413098316627,0.0,0.05221659690141678,0.11107127368450165,0.052490752190351486,89.55078125,10.44921875,0.0,0.6061033010482788,0.4843693971633911,-0.4737306833267212,1.8588013648986816,0.893703818321228,0.7142062783241272,-0.6985194087028503,2.740816354751587,86.962890625,13.037109375,0.0,-2.6848206520080566,TIT_INC,75,89937,142.6648022999998,256,256,400,0,75,135,EARLY_STOPPING,False,0,2048,deterministic_evenly_spaced_full_fold,54.0,36.622398376464815,1536,1525,99.28385416666667,TIT,1.4524626095825595,20,0.99,1.4524626095825595
70,COMPLETE,3,42,26466,3379,ad1e190147cfc7079fe69ab58be273b0089b28a9cb71d4377b9a01145e874910,b3de2bff6a2b887166deba8883b54b43de7150168fdd2094f9852f380bd9133e,2568,140.68908050000027,0.12290668487548828,0.142578125,513542e17ddbca8b50109dcb24ce4faf75c9dfec77ac6fad24bc5d7e0de097a3,True,True,True,1,0.828018397264136,4.684191174862078,3.2191292524831683,0.05084051735230928,0.41464527676863405,0.5897456403666257,4.6476057854564505,0.9136411029295229,0.7769883722840456,14.877138167071175,0.0,0.07336679100990295,0.13855049014091492,0.07370877265930176,81.34765625,18.65234375,0.0,0.5344172716140747,0.4364367723464966,-0.5137563347816467,2.0185110569000244,0.7972245216369629,0.6510607004165649,-0.766403317451477,3.0111424922943115,72.119140625,27.880859375,0.0,-2.3188538551330566,TIT_INC,75,89937,140.6886869,256,256,400,0,75,135,EARLY_STOPPING,False,0,2048,deterministic_evenly_spaced_full_fold,54.0,36.19874954223633,1536,1525,99.28385416666667,TIT,1.4666428059277477,20,0.99,1.4666428059277477
70,COMPLETE,4,42,27061,2784,2cf8e61e68345fca034455d14ca0a91ba8af3af3a30bcfad11a389cf00a64d26,e85c7d3201b31d98e24a7a8ea73439fb69c13286f849eaf6812d38684b5bedb5,37748,119.35803790000045,0.11943721771240234,0.142578125,513542e17ddbca8b50109dcb24ce4faf75c9dfec77ac6fad24bc5d7e0de097a3,True,True,True,1,0.7085284946128262,5.652620062462504,3.41540126416875,0.07547896675927095,0.5397840402999496,-0.26558441677312744,5.647391815644968,0.8456592070040044,0.7804667048450373,14.216845147438814,0.0,0.09502847492694855,0.30880895256996155,0.09579069912433624,87.451171875,12.548828125,0.0,0.7922222018241882,0.7094303369522095,-0.7530546188354492,3.4449474811553955,1.1590642929077148,1.0379351377487183,-1.101759910583496,5.0401458740234375,92.7734375,7.2265625,0.0,-3.4651107788085938,TIT_INC,45,89937,119.3575909000001,256,256,400,0,75,105,EARLY_STOPPING,False,0,2048,deterministic_evenly_spaced_full_fold,53.699951171875,36.704002380371094,1536,1528,99.47916666666667,TIT,1.460840509680585,20,0.99,1.460840509680585
71,COMPLETE,0,42,25813,4032,81354305b7b8066000bae764cd84c6a44c1e035572eb00baa18e30401895a2a4,6d4d4bf8c14384a72deec9ae950f7dbc99365946e460adffb80cf5c9ed8ff111,2568,48.034253400000125,0.09922456741333008,0.119140625,513542e17ddbca8b50109dcb24ce4faf75c9dfec77ac6fad24bc5d7e0de097a3,True,True,True,1,0.8079728557366461,4.65360987165161,3.1178868715725248,0.06025884470369695,0.4381546741546034,0.18089674105719913,4.650669357612816,0.9062374821969584,0.924606673018995,4.79213397938683,0.0,0.07207614928483963,0.12444616854190826,0.07334565371274948,89.84375,10.15625,0.0,0.6899449825286865,0.48671066761016846,-0.43335801362991333,2.5066580772399902,1.0179836750030518,0.7181203365325928,-0.6394008994102478,3.698464870452881,70.361328125,29.638671875,0.0,-1.0621223449707031,TIT_INC,150,31409,48.03389059999972,512,512,150,0,75,150,MAX_EPOCHS,False,0,2048,deterministic_evenly_spaced_full_fold,54.0999755859375,36.66660079956054,2560,2534,98.984375,TIT,1.4710406161479248,20,0.99,1.4710406161479248
71,COMPLETE,1,42,27493,2352,db92a7db6dfa639d2026ff19c5b1159be2b53d1e09d9e6a72b1b767a05c21400,2ea764e1783688df4d4bc4d6bc4b7c6a52ae545bfb933c403a7aa96e5d21a797,37692,46.17319889999999,0.09363460540771484,0.099609375,513542e17ddbca8b50109dcb24ce4faf75c9dfec77ac6fad24bc5d7e0de097a3,True,True,True,1,0.8363663414607421,4.106209728848841,3.0117997620381467,0.054157345713139404,0.40443057056251974,0.2857426056245557,4.09712662670616,0.9169531284649058,0.8961577449543293,7.19059246991608,0.0,0.05566960200667381,0.18387193977832794,0.05754531919956207,83.3984375,16.6015625,0.0,0.417258620262146,0.41224533319473267,-0.7240913510322571,1.6488518714904785,0.603702187538147,0.5964487791061401,-1.0476367473602295,2.3856077194213867,78.857421875,21.142578125,0.0,-2.16458797454834,TIT_INC,75,31409,46.17281699999967,512,512,150,0,75,135,EARLY_STOPPING,False,0,2048,deterministic_evenly_spaced_full_fold,53.699951171875,37.11560134887693,2560,2536,99.0625,TIT,1.4510427975077411,20,0.99,1.4510427975077411
71,COMPLETE,2,42,26989,2856,424f72a3df11b24bdd551a74968aa5efe8f47b52221df203d3bd3ed6f8a96c5a,f1c78e2ff146b5069b0310a8b0222fe8d495ed8d7dbf78dc149a7df8702a8f3a,37692,66.53717430000052,0.09563684463500977,0.09765625,513542e17ddbca8b50109dcb24ce4faf75c9dfec77ac6fad24bc5d7e0de097a3,True,True,True,1,0.8676861221954649,3.9068104485492507,2.7197423996377728,0.046888102954455876,0.36368605886938815,-0.23510174390648594,3.900413030595901,0.9323637900653261,0.8378639612737622,9.751164633289799,0.0,0.052791520953178406,0.09191034734249115,0.05372912064194679,91.50390625,8.49609375,0.0,0.7888346910476685,0.7049201726913452,-0.477655827999115,2.334641456604004,1.1631425619125366,1.03941011428833,-0.7043070793151855,3.442446231842041,68.45703125,31.54296875,0.0,-1.420750379562378,TIT_INC,85,31409,66.53674390000015,512,512,150,0,75,145,EARLY_STOPPING,False,0,2048,deterministic_evenly_spaced_full_fold,54.0,36.622398376464815,2560,2542,99.296875,TIT,1.4524626095825595,20,0.99,1.4524626095825595
71,COMPLETE,3,42,26466,3379,ad1e190147cfc7079fe69ab58be273b0089b28a9cb71d4377b9a01145e874910,b3de2bff6a2b887166deba8883b54b43de7150168fdd2094f9852f380bd9133e,2568,67.35641010000018,0.09796285629272461,0.1171875,513542e17ddbca8b50109dcb24ce4faf75c9dfec77ac6fad24bc5d7e0de097a3,True,True,True,1,0.8306017573449281,4.648877108218182,3.149244183723515,0.05045723124143818,0.41151927050826503,0.043957952142079294,4.649357308228002,0.9132809632444269,0.7803208517402228,14.117852902217006,0.0,0.07175487279891968,0.10122781991958618,0.07278752326965332,83.056640625,16.943359375,0.0,0.5365753769874573,0.2812468111515045,-0.3476907014846802,2.358675479888916,0.8004440069198608,0.4195539355278015,-0.518672525882721,3.518587589263916,74.0234375,25.9765625,0.0,-1.7156060934066772,TIT_INC,125,31409,67.35600049999994,512,512,150,0,75,150,MAX_EPOCHS,False,0,2048,deterministic_evenly_spaced_full_fold,54.0,36.19874954223633,2560,2542,99.296875,TIT,1.4666428059277477,20,0.99,1.4666428059277477
71,COMPLETE,4,42,27061,2784,2cf8e61e68345fca034455d14ca0a91ba8af3af3a30bcfad11a389cf00a64d26,e85c7d3201b31d98e24a7a8ea73439fb69c13286f849eaf6812d38684b5bedb5,37244,68.10105999999996,0.09559202194213867,0.09765625,513542e17ddbca8b50109dcb24ce4faf75c9dfec77ac6fad24bc5d7e0de097a3,True,True,True,1,0.6778261041327305,5.942879411863881,3.461778318744966,0.07935477577224925,0.5675016938169729,-0.08682588736216228,5.9433126129959515,0.8264474220925088,0.742153807764783,16.92307374909566,0.0,0.10279953479766846,0.1065506711602211,0.10388648509979248,87.451171875,12.548828125,0.0,0.8503879308700562,0.34124305844306946,-0.2873150706291199,4.662362098693848,1.2441638708114624,0.4992571473121643,-0.4203575849533081,6.8212890625,59.765625,40.234375,0.0,-0.8366705179214478,TIT_INC,150,31409,68.10066789999928,512,512,150,0,75,150,MAX_EPOCHS,False,0,2048,deterministic_evenly_spaced_full_fold,53.699951171875,36.704002380371094,2560,2547,99.4921875,TIT,1.460840509680585,20,0.99,1.460840509680585
72,COMPLETE,0,42,25813,4032,81354305b7b8066000bae764cd84c6a44c1e035572eb00baa18e30401895a2a4,6d4d4bf8c14384a72deec9ae950f7dbc99365946e460adffb80cf5c9ed8ff111,2568,74.86715289999938,0.1388077735900879,0.16015625,513542e17ddbca8b50109dcb24ce4faf75c9dfec77ac6fad24bc5d7e0de097a3,True,True,True,1,0.8143052268291802,4.576236916137068,3.0324211716651917,0.0592569547646587,0.4308697226767476,0.6910085252353123,4.52432628118254,0.9059943326399565,0.8641481520403103,9.000034340815064,0.0,0.06999139487743378,0.3385046422481537,0.07066327333450317,80.56640625,19.43359375,0.0,0.5417634844779968,0.47324061393737793,-1.8579384088516235,2.7617387771606445,0.7993484139442444,0.6982458829879761,-2.741307258605957,4.074825286865234,94.775390625,5.224609375,0.0,-2.924252510070801,TIT_INC,55,136161,74.86674570000014,256,256,700,0,75,115,EARLY_STOPPING,False,0,2048,deterministic_evenly_spaced_full_fold,54.0999755859375,36.66660079956054,1536,1520,98.95833333333333,TIT,1.4710406161479248,20,0.99,1.4710406161479248
72,COMPLETE,1,42,27493,2352,db92a7db6dfa639d2026ff19c5b1159be2b53d1e09d9e6a72b1b767a05c21400,2ea764e1783688df4d4bc4d6bc4b7c6a52ae545bfb933c403a7aa96e5d21a797,37244,138.5227044000003,0.1272439956665039,0.142578125,513542e17ddbca8b50109dcb24ce4faf75c9dfec77ac6fad24bc5d7e0de097a3,True,True,True,1,0.8269054759059484,4.22324689956969,2.9934618181111863,0.05570096450871265,0.4159578458010707,-0.2973225149167638,4.213663794786506,0.9115222109618589,0.8817006023091446,7.568835435256992,0.0,0.05855322629213333,0.4036029577255249,0.05935430899262428,72.65625,27.34375,0.0,0.5960180759429932,0.5713204741477966,-1.6714779138565063,3.0764122009277344,0.8623366355895996,0.826603353023529,-2.4183435440063477,4.451044082641602,93.84765625,6.15234375,0.0,-4.86790657043457,TIT_INC,150,136161,138.52228240000022,256,256,700,0,75,210,EARLY_STOPPING,False,0,2048,deterministic_evenly_spaced_full_fold,53.699951171875,37.11560134887693,1536,1521,99.0234375,TIT,1.4510427975077411,20,0.99,1.4510427975077411
72,COMPLETE,2,42,26989,2856,424f72a3df11b24bdd551a74968aa5efe8f47b52221df203d3bd3ed6f8a96c5a,f1c78e2ff146b5069b0310a8b0222fe8d495ed8d7dbf78dc149a7df8702a8f3a,2568,117.58563260000119,0.13181018829345703,0.140625,513542e17ddbca8b50109dcb24ce4faf75c9dfec77ac6fad24bc5d7e0de097a3,True,True,True,1,0.8664846593246947,3.924508063820581,2.6448476134228107,0.04710050322772704,0.3653335347411205,0.4867543479641612,3.894887087361986,0.9325280584095166,0.9001125858429909,6.639009783200677,0.0,0.05275363102555275,0.2068318873643875,0.05316415801644325,73.14453125,26.85546875,0.0,0.4782962203025818,0.22338980436325073,-0.7007079720497131,2.241124153137207,0.7052513360977173,0.32938992977142334,-1.0331991910934448,3.3045542240142822,75.048828125,24.951171875,0.0,-1.068089246749878,TIT_INC,75,136161,117.58522900000025,256,256,700,0,75,135,EARLY_STOPPING,False,0,2048,deterministic_evenly_spaced_full_fold,54.0,36.622398376464815,1536,1525,99.28385416666667,TIT,1.4524626095825595,20,0.99,1.4524626095825595
72,COMPLETE,3,42,26466,3379,ad1e190147cfc7079fe69ab58be273b0089b28a9cb71d4377b9a01145e874910,b3de2bff6a2b887166deba8883b54b43de7150168fdd2094f9852f380bd9133e,37244,110.41325049999978,0.13437414169311523,0.140625,513542e17ddbca8b50109dcb24ce4faf75c9dfec77ac6fad24bc5d7e0de097a3,True,True,True,1,0.8193684757153963,4.800543274185263,3.2242700735398673,0.05210336096901803,0.4249447813416716,-0.25901144614195676,4.794260223024331,0.9056298123659831,0.8350751399525986,10.307012563647682,0.0,0.07587773352861404,0.10391523689031601,0.07608398795127869,78.80859375,21.19140625,0.0,0.8576576113700867,0.618218183517456,-0.26778465509414673,3.3423259258270264,1.2794228792190552,0.9222357869148254,-0.39947158098220825,4.9859619140625,89.697265625,10.302734375,0.0,-3.2273037433624268,TIT_INC,65,136161,110.41286620000028,256,256,700,0,75,125,EARLY_STOPPING,False,0,2048,deterministic_evenly_spaced_full_fold,54.0,36.19874954223633,1536,1525,99.28385416666667,TIT,1.4666428059277477,20,0.99,1.4666428059277477
72,COMPLETE,4,42,27061,2784,2cf8e61e68345fca034455d14ca0a91ba8af3af3a30bcfad11a389cf00a64d26,e85c7d3201b31d98e24a7a8ea73439fb69c13286f849eaf6812d38684b5bedb5,14436,95.08207779999975,0.13179922103881836,0.140625,513542e17ddbca8b50109dcb24ce4faf75c9dfec77ac6fad24bc5d7e0de097a3,True,True,True,1,0.6948179710046505,5.784039120181982,3.803693672706341,0.07723379453462684,0.5523336030096939,0.1805198959920598,5.782259994209072,0.8357435737389316,0.7468545143931857,16.880317811433876,0.0,0.1067027598619461,0.09298008680343628,0.10688731074333191,85.05859375,14.94140625,0.0,1.103466272354126,1.033553123474121,-0.46745043992996216,2.893064260482788,1.6144309043884277,1.5121445655822754,-0.6839054822921753,4.232710838317871,90.13671875,9.86328125,0.0,-8.676286697387695,TIT_INC,40,136161,95.08075180000014,256,256,700,0,75,100,EARLY_STOPPING,False,0,2048,deterministic_evenly_spaced_full_fold,53.699951171875,36.704002380371094,1536,1528,99.47916666666667,TIT,1.460840509680585,20,0.99,1.460840509680585
73,COMPLETE,0,42,25813,4032,81354305b7b8066000bae764cd84c6a44c1e035572eb00baa18e30401895a2a4,6d4d4bf8c14384a72deec9ae950f7dbc99365946e460adffb80cf5c9ed8ff111,37244,315.0186893000009,0.12534666061401367,0.140625,513542e17ddbca8b50109dcb24ce4faf75c9dfec77ac6fad24bc5d7e0de097a3,True,True,True,1,0.8158345838874098,4.557353320647583,2.9573657711346946,0.0590124341281137,0.4290917619415848,1.2185337515104384,4.391973231952657,0.9124725020775138,0.8873951840240356,8.105715169760405,0.0,0.0799071341753006,0.10543225705623627,0.08003740012645721,80.859375,19.140625,0.0,0.5120989680290222,0.3150984048843384,-0.504054605960846,2.072908878326416,0.7555797100067139,0.4649139940738678,-0.7437106370925903,3.0584864616394043,86.328125,13.671875,0.0,-1.6287200450897217,TIT_INC,150,101201,315.01829309999994,128,128,400,0,75,210,EARLY_STOPPING,False,0,2048,deterministic_evenly_spaced_full_fold,54.0999755859375,36.66660079956054,640,624,97.5,TIT,1.4710406161479248,20,0.99,1.4710406161479248
73,COMPLETE,1,42,27493,2352,db92a7db6dfa639d2026ff19c5b1159be2b53d1e09d9e6a72b1b767a05c21400,2ea764e1783688df4d4bc4d6bc4b7c6a52ae545bfb933c403a7aa96e5d21a797,2568,208.5686136000004,0.11640071868896484,0.123046875,513542e17ddbca8b50109dcb24ce4faf75c9dfec77ac6fad24bc5d7e0de097a3,True,True,True,1,0.8357257502707467,4.114239349588331,2.9506162202277153,0.054263249447982456,0.40522142741385336,-0.8143644268009939,4.033694809732087,0.9187607225813973,0.8847896684031586,6.846390264452137,0.0,0.06002176180481911,1.0633389949798584,0.06133556738495827,84.66796875,15.33203125,0.0,0.7012600898742676,0.7473310232162476,-1.4918708801269531,2.67231822013855,1.014603853225708,1.0812606811523438,-2.1584830284118652,3.8663887977600098,85.83984375,14.16015625,0.0,-2.8737335205078125,TIT_INC,75,101201,208.5681712000005,128,128,400,0,75,135,EARLY_STOPPING,False,0,2048,deterministic_evenly_spaced_full_fold,53.699951171875,37.11560134887693,640,639,99.84375,TIT,1.4510427975077411,20,0.99,1.4510427975077411
73,COMPLETE,2,42,26989,2856,424f72a3df11b24bdd551a74968aa5efe8f47b52221df203d3bd3ed6f8a96c5a,f1c78e2ff146b5069b0310a8b0222fe8d495ed8d7dbf78dc149a7df8702a8f3a,2568,411.5824169999996,0.11907291412353516,0.140625,513542e17ddbca8b50109dcb24ce4faf75c9dfec77ac6fad24bc5d7e0de097a3,True,True,True,1,0.8692030890909608,3.8843502690105938,2.6428375644844118,0.0466185441354517,0.3615952345804989,0.3541211975054915,3.8688520379865765,0.9342245122115089,0.9193487796829029,5.321582941728686,0.0,0.058930475264787674,0.29590755701065063,0.05929608270525932,80.17578125,19.82421875,0.0,0.5996799468994141,0.3986387848854065,-0.5476617217063904,3.0834860801696777,0.8842325210571289,0.5877958536148071,-0.8075312376022339,4.546623229980469,78.466796875,21.533203125,0.0,-2.4960527420043945,TIT_INC,170,101201,411.5819832999987,128,128,400,0,75,230,EARLY_STOPPING,False,0,2048,deterministic_evenly_spaced_full_fold,54.0,36.622398376464815,640,621,97.03125,TIT,1.4524626095825595,20,0.99,1.4524626095825595
73,COMPLETE,3,42,26466,3379,ad1e190147cfc7079fe69ab58be273b0089b28a9cb71d4377b9a01145e874910,b3de2bff6a2b887166deba8883b54b43de7150168fdd2094f9852f380bd9133e,37244,505.2832666999984,0.12135839462280273,0.140625,513542e17ddbca8b50109dcb24ce4faf75c9dfec77ac6fad24bc5d7e0de097a3,True,True,True,1,0.8344369592099085,4.595950183939677,3.0631055253326065,0.04988278154206935,0.40683417155591084,0.011072388553308925,4.596617070836942,0.9136528337478291,0.8183264004764701,11.650115853309407,0.0,0.0787302628159523,0.892428994178772,0.07983290404081345,73.53515625,26.46484375,0.0,0.5809450745582581,0.43947339057922363,-1.074905514717102,2.7486655712127686,0.8666330575942993,0.6555906534194946,-1.6035056114196777,4.100360870361328,77.24609375,22.75390625,0.0,-2.0072669982910156,TIT_INC,235,101201,505.2828571000009,128,128,400,0,75,295,EARLY_STOPPING,False,0,2048,deterministic_evenly_spaced_full_fold,54.0,36.19874954223633,640,623,97.34375,TIT,1.4666428059277477,20,0.99,1.4666428059277477
73,COMPLETE,4,42,27061,2784,2cf8e61e68345fca034455d14ca0a91ba8af3af3a30bcfad11a389cf00a64d26,e85c7d3201b31d98e24a7a8ea73439fb69c13286f849eaf6812d38684b5bedb5,12848,228.76821689999997,0.11802148818969727,0.140625,513542e17ddbca8b50109dcb24ce4faf75c9dfec77ac6fad24bc5d7e0de097a3,True,True,True,1,0.7011335019328429,5.7238779005823615,3.559622405589312,0.07643046676021797,0.5465886447733344,-0.6980244400857509,5.68217717896574,0.8409550842847807,0.7411294169079838,16.37945341232942,0.0,0.10040048509836197,0.93546462059021,0.10155629366636276,86.23046875,13.76953125,0.0,1.3557336330413818,1.1718683242797852,-1.0532610416412354,4.116870403289795,1.9835121631622314,1.7145071029663086,-1.540978193283081,6.023205280303955,87.6953125,12.3046875,0.0,-4.100982666015625,TIT_INC,50,101201,228.76779210000132,128,128,400,0,75,110,EARLY_STOPPING,False,0,2048,deterministic_evenly_spaced_full_fold,53.699951171875,36.704002380371094,640,634,99.0625,TIT,1.460840509680585,20,0.99,1.460840509680585
74,COMPLETE,0,42,25813,4032,81354305b7b8066000bae764cd84c6a44c1e035572eb00baa18e30401895a2a4,6d4d4bf8c14384a72deec9ae950f7dbc99365946e460adffb80cf5c9ed8ff111,2568,66.83247739999933,0.14652109146118164,0.158203125,513542e17ddbca8b50109dcb24ce4faf75c9dfec77ac6fad24bc5d7e0de097a3,True,True,True,1,0.8084183119248318,4.648209117188346,3.15756898172318,0.0601889112040138,0.43764617303884473,0.9670746449440245,4.547058669134993,0.903770513902507,0.8253751370789107,11.647551324833813,0.0,0.07250257581472397,0.37132734060287476,0.07275782525539398,68.701171875,31.298828125,0.0,0.2406366914510727,0.23746296763420105,-1.7252874374389648,1.9121074676513672,0.3550490140914917,0.3503662645816803,-2.545586585998535,2.8212313652038574,62.40234375,37.59765625,0.0,-0.974876880645752,TIT_INC,85,153633,66.8320844000009,512,512,400,0,75,145,EARLY_STOPPING,False,0,2048,deterministic_evenly_spaced_full_fold,54.0999755859375,36.66660079956054,384,375,97.65625,TIT,1.4710406161479248,20,0.99,1.4710406161479248
74,COMPLETE,1,42,27493,2352,db92a7db6dfa639d2026ff19c5b1159be2b53d1e09d9e6a72b1b767a05c21400,2ea764e1783688df4d4bc4d6bc4b7c6a52ae545bfb933c403a7aa96e5d21a797,37244,87.50842740000007,0.13257122039794922,0.140625,513542e17ddbca8b50109dcb24ce4faf75c9dfec77ac6fad24bc5d7e0de097a3,True,True,True,1,0.8276419950316287,4.214252340111923,2.9632502575309907,0.05558233406890112,0.4150719497914474,-0.37708677239969474,4.19824035389663,0.9121821659480013,0.8824889426882208,7.436651553825268,0.0,0.05786416679620743,0.48624512553215027,0.05819840729236603,57.861328125,42.138671875,0.0,-0.04755955934524536,0.10856381058692932,-1.6736376285552979,1.1846048831939697,-0.0688105970621109,0.15707331895828247,-2.4214682579040527,1.713921308517456,63.525390625,36.474609375,0.0,-1.058814525604248,TIT_INC,120,153633,87.50803640000049,512,512,400,0,75,180,EARLY_STOPPING,False,0,2048,deterministic_evenly_spaced_full_fold,53.699951171875,37.11560134887693,384,384,100.0,TIT,1.4510427975077411,20,0.99,1.4510427975077411
74,COMPLETE,2,42,26989,2856,424f72a3df11b24bdd551a74968aa5efe8f47b52221df203d3bd3ed6f8a96c5a,f1c78e2ff146b5069b0310a8b0222fe8d495ed8d7dbf78dc149a7df8702a8f3a,2568,123.81481859999985,0.13680219650268555,0.158203125,513542e17ddbca8b50109dcb24ce4faf75c9dfec77ac6fad24bc5d7e0de097a3,True,True,True,1,0.8660377325645985,3.9310709887883015,2.669761910158045,0.04717926904081713,0.36594447923090295,0.38105417433239164,3.9132440119938727,0.9313225683620534,0.8748852446428751,8.087109438354334,0.0,0.05287700891494751,0.25195807218551636,0.0530502013862133,77.83203125,22.16796875,0.0,0.2990337014198303,0.21424630284309387,-1.035221815109253,1.9618682861328125,0.44092750549316406,0.3159077763557434,-1.5264421701431274,2.892789363861084,55.908203125,44.091796875,0.0,-0.5023138523101807,TIT_INC,150,153633,123.8144067000012,512,512,400,0,75,210,EARLY_STOPPING,False,0,2048,deterministic_evenly_spaced_full_fold,54.0,36.622398376464815,384,372,96.875,TIT,1.4524626095825595,20,0.99,1.4524626095825595
74,COMPLETE,3,42,26466,3379,ad1e190147cfc7079fe69ab58be273b0089b28a9cb71d4377b9a01145e874910,b3de2bff6a2b887166deba8883b54b43de7150168fdd2094f9852f380bd9133e,37244,151.32476920000045,0.14101839065551758,0.158203125,513542e17ddbca8b50109dcb24ce4faf75c9dfec77ac6fad24bc5d7e0de097a3,True,True,True,1,0.8118479876760104,4.899458115709337,3.2535867535810423,0.05317694689435202,0.43370073734542774,-0.03375758374008987,4.900066948507936,0.9030379189223738,0.7611406836706364,15.268927957861223,0.0,0.07852676510810852,0.41191399097442627,0.07880990952253342,54.931640625,45.068359375,0.0,0.09483140707015991,0.04604706913232803,-1.3746206760406494,1.7976185083389282,0.14146608114242554,0.06869137287139893,-2.050609827041626,2.6816227436065674,57.8125,42.1875,0.0,-0.5539295673370361,TIT_INC,215,153633,151.32425369999874,512,512,400,0,75,275,EARLY_STOPPING,False,0,2048,deterministic_evenly_spaced_full_fold,54.0,36.19874954223633,384,374,97.39583333333333,TIT,1.4666428059277477,20,0.99,1.4666428059277477
74,COMPLETE,4,42,27061,2784,2cf8e61e68345fca034455d14ca0a91ba8af3af3a30bcfad11a389cf00a64d26,e85c7d3201b31d98e24a7a8ea73439fb69c13286f849eaf6812d38684b5bedb5,15320,90.70493239999996,0.1367654800415039,0.158203125,513542e17ddbca8b50109dcb24ce4faf75c9dfec77ac6fad24bc5d7e0de097a3,True,True,True,1,0.6754411955053803,5.964835088122207,3.8802328246763382,0.07964794809590929,0.5695983009668039,-0.9501711691933117,5.889727707493204,0.8268476284175857,0.6839524294615228,19.89922516512091,0.0,0.11150408536195755,0.390780508518219,0.11177270114421844,66.11328125,33.88671875,0.0,0.15931864082813263,0.2225744128227234,-1.4656836986541748,1.6137768030166626,0.23309186100959778,0.32563847303390503,-2.1443750858306885,2.3610432147979736,71.2890625,28.7109375,0.0,-1.3242409229278564,TIT_INC,80,153633,90.70381570000063,512,512,400,0,75,140,EARLY_STOPPING,False,0,2048,deterministic_evenly_spaced_full_fold,53.699951171875,36.704002380371094,384,381,99.21875,TIT,1.460840509680585,20,0.99,1.460840509680585
75,COMPLETE,0,42,25813,4032,81354305b7b8066000bae764cd84c6a44c1e035572eb00baa18e30401895a2a4,6d4d4bf8c14384a72deec9ae950f7dbc99365946e460adffb80cf5c9ed8ff111,2568,653.0453725999996,0.1045985221862793,0.119140625,513542e17ddbca8b50109dcb24ce4faf75c9dfec77ac6fad24bc5d7e0de097a3,True,True,True,1,0.8252142846004901,4.4397818209107,2.855021831535158,0.05749001971443808,0.4180219680444013,0.9758736150605338,4.331741805711944,0.9149934352969133,0.891762881110605,7.595916172912328,0.0,0.07627090066671371,0.16354870796203613,0.07640721648931503,82.666015625,17.333984375,0.0,0.6310352683067322,0.5079283118247986,-0.51785808801651,2.00579571723938,0.9310650825500488,0.7494261264801025,-0.7640770673751831,2.9594643115997314,86.279296875,13.720703125,0.0,-2.779362916946411,TIT_INC,460,35409,653.0449454000009,128,128,500,50,75,500,MAX_EPOCHS,False,0,2048,deterministic_evenly_spaced_full_fold,54.0999755859375,36.66660079956054,896,873,97.43303571428571,TIT,1.4710406161479248,20,0.99,1.4710406161479248
75,COMPLETE,1,42,27493,2352,db92a7db6dfa639d2026ff19c5b1159be2b53d1e09d9e6a72b1b767a05c21400,2ea764e1783688df4d4bc4d6bc4b7c6a52ae545bfb933c403a7aa96e5d21a797,37244,353.82463909999933,0.09818553924560547,0.103515625,513542e17ddbca8b50109dcb24ce4faf75c9dfec77ac6fad24bc5d7e0de097a3,True,True,True,1,0.8354763693753562,4.11736103055281,2.961217012535147,0.05430442171300624,0.40552888935490045,-0.7446873155580896,4.050318210452542,0.917613032094504,0.8732040732702254,7.686435805639027,0.0,0.060950394719839096,1.1653838157653809,0.06192173808813095,72.265625,27.734375,0.0,0.40797412395477295,0.4275702238082886,-1.3687434196472168,2.0720388889312744,0.5902690887451172,0.6186212301254272,-1.9803383350372314,2.997887372970581,84.9609375,15.0390625,0.0,-3.014939308166504,TIT_INC,200,35409,353.82427629999984,128,128,500,50,75,260,EARLY_STOPPING,False,0,2048,deterministic_evenly_spaced_full_fold,53.699951171875,37.11560134887693,896,895,99.88839285714286,TIT,1.4510427975077411,20,0.99,1.4510427975077411
75,COMPLETE,2,42,26989,2856,424f72a3df11b24bdd551a74968aa5efe8f47b52221df203d3bd3ed6f8a96c5a,f1c78e2ff146b5069b0310a8b0222fe8d495ed8d7dbf78dc149a7df8702a8f3a,37244,513.9610291999998,0.10027790069580078,0.119140625,513542e17ddbca8b50109dcb24ce4faf75c9dfec77ac6fad24bc5d7e0de097a3,True,True,True,1,0.8665550718891679,3.9234730849251367,2.671682823939818,0.047088081791457126,0.36523718827116647,0.44750348125853123,3.8985514434515847,0.9325073405377866,0.9029173850760494,6.42700600791331,0.0,0.0626000314950943,0.09155473858118057,0.062676340341568,92.578125,7.421875,0.0,0.8405101299285889,0.6727315187454224,-0.11912010610103607,2.902693510055542,1.2393383979797363,0.9919476509094238,-0.17564348876476288,4.280043601989746,89.599609375,10.400390625,0.0,-4.3698577880859375,TIT_INC,250,35409,513.9606476999998,128,128,500,50,75,310,EARLY_STOPPING,False,0,2048,deterministic_evenly_spaced_full_fold,54.0,36.622398376464815,896,870,97.09821428571429,TIT,1.4524626095825595,20,0.99,1.4524626095825595
75,COMPLETE,3,42,26466,3379,ad1e190147cfc7079fe69ab58be273b0089b28a9cb71d4377b9a01145e874910,b3de2bff6a2b887166deba8883b54b43de7150168fdd2094f9852f380bd9133e,2568,519.8187068999996,0.1024165153503418,0.119140625,513542e17ddbca8b50109dcb24ce4faf75c9dfec77ac6fad24bc5d7e0de097a3,True,True,True,1,0.8243364898615161,4.734066932412058,3.1893470642234347,0.05138185079121488,0.4190602860031719,0.17021592053551404,4.731706055776478,0.9084778807234535,0.8001478468953896,12.973880859250947,0.0,0.08361298590898514,0.29667627811431885,0.08386026322841644,83.544921875,16.455078125,0.0,0.7951005697250366,0.5529043078422546,-0.6201165914535522,3.349172830581665,1.1861023902893066,0.8248028755187988,-0.9250677227973938,4.996176242828369,81.591796875,18.408203125,0.0,-3.4323346614837646,TIT_INC,260,35409,519.8183477000002,128,128,500,50,75,320,EARLY_STOPPING,False,0,2048,deterministic_evenly_spaced_full_fold,54.0,36.19874954223633,896,873,97.43303571428571,TIT,1.4666428059277477,20,0.99,1.4666428059277477
75,COMPLETE,4,42,27061,2784,2cf8e61e68345fca034455d14ca0a91ba8af3af3a30bcfad11a389cf00a64d26,e85c7d3201b31d98e24a7a8ea73439fb69c13286f849eaf6812d38684b5bedb5,35336,417.00004980000085,0.10024881362915039,0.119140625,513542e17ddbca8b50109dcb24ce4faf75c9dfec77ac6fad24bc5d7e0de097a3,True,True,True,1,0.6791872033260538,5.930312580905351,3.60019231390679,0.0791869719209897,0.5663016530016334,-0.6636497700351408,5.894120373178336,0.8287952242676127,0.7372923353018053,16.66695717632633,0.0,0.10606002807617188,0.7982553243637085,0.10672537237405777,82.03125,17.96875,0.0,1.0707052946090698,0.8910654187202454,-1.1061197519302368,4.205516815185547,1.566500186920166,1.3036772012710571,-1.6183133125305176,6.152900218963623,80.37109375,19.62890625,0.0,-3.198885202407837,TIT_INC,175,35409,416.99966119999954,128,128,500,50,75,235,EARLY_STOPPING,False,0,2048,deterministic_evenly_spaced_full_fold,53.699951171875,36.704002380371094,896,888,99.10714285714286,TIT,1.460840509680585,20,0.99,1.460840509680585
76,COMPLETE,0,42,25813,4032,81354305b7b8066000bae764cd84c6a44c1e035572eb00baa18e30401895a2a4,6d4d4bf8c14384a72deec9ae950f7dbc99365946e460adffb80cf5c9ed8ff111,37244,51.28441799999928,0.11931943893432617,0.138671875,513542e17ddbca8b50109dcb24ce4faf75c9dfec77ac6fad24bc5d7e0de097a3,True,True,True,1,0.7942452111250193,4.817077531701816,3.109734915551685,0.06237556110509698,0.4535457622130215,1.0374329960535442,4.704620938404893,0.8999959072073187,0.8808814047032644,8.323012826589645,0.0,0.07710564881563187,0.0319681279361248,0.07713641971349716,96.337890625,3.662109375,0.0,0.8996471166610718,0.8539057970046997,0.1735888421535492,1.9508161544799805,1.327390193939209,1.2599008083343506,0.25612279772758484,2.8783442974090576,96.97265625,3.02734375,0.0,-5.314846038818359,TIT_INC,80,96769,51.2840656999997,512,512,400,100,100,140,EARLY_STOPPING,False,0,2048,deterministic_evenly_spaced_full_fold,54.0999755859375,36.66660079956054,1280,1275,99.609375,TIT,1.4710406161479248,20,0.99,1.4710406161479248
76,COMPLETE,1,42,27493,2352,db92a7db6dfa639d2026ff19c5b1159be2b53d1e09d9e6a72b1b767a05c21400,2ea764e1783688df4d4bc4d6bc4b7c6a52ae545bfb933c403a7aa96e5d21a797,2568,48.104639099999986,0.11131858825683594,0.119140625,513542e17ddbca8b50109dcb24ce4faf75c9dfec77ac6fad24bc5d7e0de097a3,True,True,True,1,0.829518304994238,4.191251141559959,3.0268784364064536,0.055278968204989315,0.4128065058739979,-0.6586730674821504,4.140051128512016,0.9133320243283763,0.8148736888799718,11.65104982568615,0.0,0.057986654341220856,0.2925097644329071,0.058268241584300995,86.328125,13.671875,0.0,0.818915605545044,1.0704171657562256,-1.2435815334320068,2.0835819244384766,1.1848312616348267,1.5487111806869507,-1.7992504835128784,3.014587879180908,87.158203125,12.841796875,0.0,-6.271454811096191,TIT_INC,65,96769,48.104244899999685,512,512,400,100,100,125,EARLY_STOPPING,False,0,2048,deterministic_evenly_spaced_full_fold,53.699951171875,37.11560134887693,1280,1273,99.453125,TIT,1.4510427975077411,20,0.99,1.4510427975077411
76,COMPLETE,2,42,26989,2856,424f72a3df11b24bdd551a74968aa5efe8f47b52221df203d3bd3ed6f8a96c5a,f1c78e2ff146b5069b0310a8b0222fe8d495ed8d7dbf78dc149a7df8702a8f3a,2568,123.88901250000163,0.11390066146850586,0.119140625,513542e17ddbca8b50109dcb24ce4faf75c9dfec77ac6fad24bc5d7e0de097a3,True,True,True,1,0.8649783456776634,3.946584028999605,2.6428754282932654,0.0473654508472148,0.3673885924096282,0.4164750262134883,3.925234874818563,0.9311233406533215,0.8879917475225421,7.315275900291711,0.0,0.05279529467225075,0.16729958355426788,0.05295634642243385,83.88671875,16.11328125,0.0,0.5787255764007568,0.42475998401641846,-0.6898634433746338,2.2957937717437744,0.8533352017402649,0.6263117790222168,-1.0172088146209717,3.385164976119995,76.26953125,23.73046875,0.0,-1.4573891162872314,TIT_INC,220,96769,123.88861050000014,512,512,400,100,100,280,EARLY_STOPPING,False,0,2048,deterministic_evenly_spaced_full_fold,54.0,36.622398376464815,1280,1275,99.609375,TIT,1.4524626095825595,20,0.99,1.4524626095825595
76,COMPLETE,3,42,26466,3379,ad1e190147cfc7079fe69ab58be273b0089b28a9cb71d4377b9a01145e874910,b3de2bff6a2b887166deba8883b54b43de7150168fdd2094f9852f380bd9133e,37244,87.92735429999993,0.1162261962890625,0.119140625,513542e17ddbca8b50109dcb24ce4faf75c9dfec77ac6fad24bc5d7e0de097a3,True,True,True,1,0.8079515595143462,4.949929437468432,3.2859299516635523,0.05372474437184562,0.43816846600944725,0.23628089568360242,4.945018664546813,0.8997962692051387,0.7778949472770023,14.465593075134839,0.0,0.08046222478151321,0.15354810655117035,0.08061003684997559,85.546875,14.453125,0.0,0.6141258478164673,0.5381289720535278,-0.7338891625404358,2.093954563140869,0.9161309003829956,0.8027615547180176,-1.0947896242141724,3.1236863136291504,78.90625,21.09375,0.0,-2.1856868267059326,TIT_INC,130,96769,87.9269705000006,512,512,400,100,100,190,EARLY_STOPPING,False,0,2048,deterministic_evenly_spaced_full_fold,54.0,36.19874954223633,1280,1275,99.609375,TIT,1.4666428059277477,20,0.99,1.4666428059277477
76,COMPLETE,4,42,27061,2784,2cf8e61e68345fca034455d14ca0a91ba8af3af3a30bcfad11a389cf00a64d26,e85c7d3201b31d98e24a7a8ea73439fb69c13286f849eaf6812d38684b5bedb5,37376,67.24565599999914,0.11279439926147461,0.119140625,513542e17ddbca8b50109dcb24ce4faf75c9dfec77ac6fad24bc5d7e0de097a3,True,True,True,1,0.6724296479802181,5.992444732686065,3.8437640351810676,0.08001661738930646,0.5722348209043268,-0.4638589072501522,5.975538017476167,0.8249843281633785,0.7455937124311158,16.31911306886073,0.0,0.11226731538772583,0.04489292949438095,0.11231052875518799,95.166015625,4.833984375,0.0,1.1181466579437256,1.0784525871276855,0.033019810914993286,2.5772197246551514,1.6359093189239502,1.5778348445892334,0.04830978065729141,3.7706124782562256,94.3359375,5.6640625,0.0,-6.419553756713867,TIT_INC,70,96769,67.24525960000028,512,512,400,100,100,130,EARLY_STOPPING,False,0,2048,deterministic_evenly_spaced_full_fold,53.699951171875,36.704002380371094,1280,1253,97.890625,TIT,1.460840509680585,20,0.99,1.460840509680585
77,COMPLETE,0,42,25813,4032,81354305b7b8066000bae764cd84c6a44c1e035572eb00baa18e30401895a2a4,6d4d4bf8c14384a72deec9ae950f7dbc99365946e460adffb80cf5c9ed8ff111,37244,191.92533720000029,0.13199567794799805,0.140625,513542e17ddbca8b50109dcb24ce4faf75c9dfec77ac6fad24bc5d7e0de097a3,True,True,True,1,0.7835634705934689,4.940534553597974,3.2648468736618286,0.06397418619727327,0.46516969990718204,1.3959370359541878,4.739811530562877,0.896740162768555,0.8556615483621793,10.224023947185016,0.0,0.0955960601568222,5.9294659877195954e-05,-3.606522560119629,99.853515625,0.146484375,0.0,1.2165297269821167,1.0752654075622559,0.44776758551597595,2.7609870433807373,1.7949367761611938,1.5865072011947632,0.6606615781784058,4.073716640472412,99.12109375,0.87890625,0.0,-5.152040481567383,TIT_INC,65,117379,191.92494649999935,128,128,400,0,75,125,EARLY_STOPPING,False,0,2048,deterministic_evenly_spaced_full_fold,54.0999755859375,36.66660079956054,640,624,97.5,TIT,1.4710406161479248,20,0.99,1.4710406161479248
77,COMPLETE,1,42,27493,2352,db92a7db6dfa639d2026ff19c5b1159be2b53d1e09d9e6a72b1b767a05c21400,2ea764e1783688df4d4bc4d6bc4b7c6a52ae545bfb933c403a7aa96e5d21a797,2568,290.72983999999997,0.12141132354736328,0.140625,513542e17ddbca8b50109dcb24ce4faf75c9dfec77ac6fad24bc5d7e0de097a3,True,True,True,1,0.8383357902793642,4.0814243312677405,2.9627744243258523,0.05383044781116264,0.40198939654870397,-0.8538075028633585,3.9919685307514343,0.9207016084331872,0.8916632601221793,6.349897032579879,0.0,0.05988255888223648,0.00016244719154201448,-5.749897003173828,98.779296875,1.220703125,0.0,0.861217737197876,0.74397873878479,0.08432058990001678,2.2834157943725586,1.2460353374481201,1.0764105319976807,0.12199752777814865,3.30371356010437,95.60546875,4.39453125,0.0,-4.6505126953125,TIT_INC,115,117379,290.72945309999886,128,128,400,0,75,175,EARLY_STOPPING,False,0,2048,deterministic_evenly_spaced_full_fold,53.699951171875,37.11560134887693,640,639,99.84375,TIT,1.4510427975077411,20,0.99,1.4510427975077411
78,COMPLETE,0,42,25813,4032,81354305b7b8066000bae764cd84c6a44c1e035572eb00baa18e30401895a2a4,6d4d4bf8c14384a72deec9ae950f7dbc99365946e460adffb80cf5c9ed8ff111,37244,59.970812300000034,0.12520790100097656,0.14453125,513542e17ddbca8b50109dcb24ce4faf75c9dfec77ac6fad24bc5d7e0de097a3,True,True,True,1,0.8143027357441839,4.576267611015268,3.000332153978802,0.0592573522276927,0.430872612713671,1.2931790910069905,4.390295379145831,0.9119061699907836,0.8766318374651975,8.838672676243135,0.0,0.06912027299404144,0.01340477354824543,0.06922512501478195,97.94921875,2.05078125,0.0,0.737703800201416,0.574481725692749,0.10498824715614319,2.024590015411377,1.0884498357772827,0.8476228713989258,0.15490558743476868,2.987194538116455,83.056640625,16.943359375,0.0,-3.0122108459472656,TIT_INC,95,83729,59.97032020000006,512,512,150,0,75,150,MAX_EPOCHS,False,0,2048,deterministic_evenly_spaced_full_fold,54.0999755859375,36.66660079956054,1536,1520,98.95833333333333,TIT,1.4710406161479248,20,0.99,1.4710406161479248
78,COMPLETE,1,42,27493,2352,db92a7db6dfa639d2026ff19c5b1159be2b53d1e09d9e6a72b1b767a05c21400,2ea764e1783688df4d4bc4d6bc4b7c6a52ae545bfb933c403a7aa96e5d21a797,2568,51.33984910000072,0.11607217788696289,0.12890625,513542e17ddbca8b50109dcb24ce4faf75c9dfec77ac6fad24bc5d7e0de097a3,True,True,True,1,0.8435501839649666,4.015062737851249,2.839285605618743,0.0529551959380102,0.395453282014585,-0.594586503748991,3.971637227837169,0.9209861956754899,0.880573404484313,7.346522936493933,0.0,0.05212518572807312,0.028167493641376495,0.05234551057219505,94.091796875,5.908203125,0.0,0.7348490357398987,0.5406542420387268,-0.032244157046079636,2.3178350925445557,1.0632013082504272,0.7822345495223999,-0.046651799231767654,3.3535125255584717,84.08203125,15.91796875,0.0,-3.333430767059326,TIT_INC,60,83729,51.338855399999375,512,512,150,0,75,120,EARLY_STOPPING,False,0,2048,deterministic_evenly_spaced_full_fold,53.699951171875,37.11560134887693,1536,1521,99.0234375,TIT,1.4510427975077411,20,0.99,1.4510427975077411
78,COMPLETE,2,42,26989,2856,424f72a3df11b24bdd551a74968aa5efe8f47b52221df203d3bd3ed6f8a96c5a,f1c78e2ff146b5069b0310a8b0222fe8d495ed8d7dbf78dc149a7df8702a8f3a,2568,78.48123960000157,0.11874532699584961,0.125,513542e17ddbca8b50109dcb24ce4faf75c9dfec77ac6fad24bc5d7e0de097a3,True,True,True,1,0.8650207869080393,3.9459637172161166,2.6820162845258952,0.04735800609320098,0.3673308474151427,0.08125065822227329,3.9458179743298016,0.9302453165233717,0.8808759308462517,7.418328187996464,0.0,0.05322503671050072,0.00986802764236927,0.05330222472548485,98.828125,1.171875,0.0,0.7111234664916992,0.5118393898010254,0.15973053872585297,1.9336689710617065,1.0485568046569824,0.7547109723091125,0.23552387952804565,2.8512094020843506,73.779296875,26.220703125,0.0,-1.6953191757202148,TIT_INC,80,83729,78.48084310000013,512,512,150,0,75,140,EARLY_STOPPING,False,0,2048,deterministic_evenly_spaced_full_fold,54.0,36.622398376464815,1536,1525,99.28385416666667,TIT,1.4524626095825595,20,0.99,1.4524626095825595
78,COMPLETE,3,42,26466,3379,ad1e190147cfc7079fe69ab58be273b0089b28a9cb71d4377b9a01145e874910,b3de2bff6a2b887166deba8883b54b43de7150168fdd2094f9852f380bd9133e,37244,81.70948830000088,0.12234878540039062,0.14453125,513542e17ddbca8b50109dcb24ce4faf75c9dfec77ac6fad24bc5d7e0de097a3,True,True,True,1,0.8175380140860655,4.8248055415169,3.1720956518439083,0.05236669484614502,0.4270924807367667,0.32298044665884995,4.814695477889318,0.9055431502990218,0.7831945637269598,14.212769071948332,0.0,0.07619401812553406,0.01700497791171074,0.07632703334093094,98.486328125,1.513671875,0.0,0.6820853352546692,0.39978694915771484,0.09858527034521103,2.3167691230773926,1.0175105333328247,0.5963878631591797,0.14706598222255707,3.45607328414917,74.853515625,25.146484375,0.0,-2.868008613586426,TIT_INC,130,83729,81.70848169999954,512,512,150,0,75,150,MAX_EPOCHS,False,0,2048,deterministic_evenly_spaced_full_fold,54.0,36.19874954223633,1536,1525,99.28385416666667,TIT,1.4666428059277477,20,0.99,1.4666428059277477
78,COMPLETE,4,42,27061,2784,2cf8e61e68345fca034455d14ca0a91ba8af3af3a30bcfad11a389cf00a64d26,e85c7d3201b31d98e24a7a8ea73439fb69c13286f849eaf6812d38684b5bedb5,9796,79.00368069999968,0.11823749542236328,0.125,513542e17ddbca8b50109dcb24ce4faf75c9dfec77ac6fad24bc5d7e0de097a3,True,True,True,1,0.727228146488024,5.468289779927324,3.395469799809072,0.0730176197884047,0.5221818410442075,0.001970066421333401,5.46927178190981,0.8530608112813481,0.7464910529723008,16.72574523061514,0.0,0.09225375205278397,0.01957368105649948,0.09240685403347015,96.533203125,3.466796875,0.0,0.8445868492126465,0.5830069184303284,0.030120577663183212,2.7907466888427734,1.2356765270233154,0.8529708385467529,0.04406804218888283,4.083014011383057,67.236328125,32.763671875,0.0,-1.6201677322387695,TIT_INC,80,83729,79.00322919999962,512,512,150,0,75,140,EARLY_STOPPING,False,0,2048,deterministic_evenly_spaced_full_fold,53.699951171875,36.704002380371094,1536,1528,99.47916666666667,TIT,1.460840509680585,20,0.99,1.460840509680585
79,COMPLETE,0,42,25813,4032,81354305b7b8066000bae764cd84c6a44c1e035572eb00baa18e30401895a2a4,6d4d4bf8c14384a72deec9ae950f7dbc99365946e460adffb80cf5c9ed8ff111,37244,56.05719119999958,0.125213623046875,0.14453125,513542e17ddbca8b50109dcb24ce4faf75c9dfec77ac6fad24bc5d7e0de097a3,True,True,True,1,0.8301691084528244,4.376399957355013,2.851034214572301,0.05666929817172794,0.4120543299012199,0.4549242040467641,4.353231054059061,0.9148378800459559,0.9011245093440119,6.502387059557544,0.0,0.06303402036428452,0.0018851885106414557,0.0631023570895195,99.462890625,0.537109375,0.0,0.7208377718925476,0.4701192080974579,0.08643089979887009,2.1778247356414795,1.0635647773742676,0.6936404705047607,0.12752503156661987,3.2132856845855713,84.47265625,15.52734375,0.0,-3.1560440063476562,TIT_INC,80,83729,56.056822999998985,512,512,150,0,75,140,EARLY_STOPPING,False,0,2048,deterministic_evenly_spaced_full_fold,54.0999755859375,36.66660079956054,1280,1275,99.609375,TIT,1.4710406161479248,20,0.99,1.4710406161479248
79,COMPLETE,1,42,27493,2352,db92a7db6dfa639d2026ff19c5b1159be2b53d1e09d9e6a72b1b767a05c21400,2ea764e1783688df4d4bc4d6bc4b7c6a52ae545bfb933c403a7aa96e5d21a797,9796,44.33999159999985,0.11607789993286133,0.12890625,513542e17ddbca8b50109dcb24ce4faf75c9dfec77ac6fad24bc5d7e0de097a3,True,True,True,1,0.7791648841738014,4.770225108924905,3.3357283679806455,0.06291513278986105,0.46983105830179,-0.7408749505776127,4.713342476888501,0.888246055394416,0.7294672350045481,17.247834220305606,0.0,0.07388686388731003,5.171411612536758e-05,0.07388874143362045,100.0,0.0,0.0,0.8448522686958313,0.8902256488800049,0.20480257272720337,1.354466438293457,1.2223572731018066,1.288004755973816,0.29631441831588745,1.9596819877624512,100.0,0.0,0.0,-9.091763496398926,TIT_INC,45,83729,44.339594700000816,512,512,150,0,75,105,EARLY_STOPPING,False,0,2048,deterministic_evenly_spaced_full_fold,53.699951171875,37.11560134887693,1280,1273,99.453125,TIT,1.4510427975077411,20,0.99,1.4510427975077411
80,COMPLETE,0,42,25813,4032,81354305b7b8066000bae764cd84c6a44c1e035572eb00baa18e30401895a2a4,6d4d4bf8c14384a72deec9ae950f7dbc99365946e460adffb80cf5c9ed8ff111,9796,510.48012689999996,0.1267533302307129,0.13671875,513542e17ddbca8b50109dcb24ce4faf75c9dfec77ac6fad24bc5d7e0de097a3,True,True,True,1,0.7556791414086412,5.249149395323695,3.5833694641552274,0.06797039007635049,0.4942269348591993,1.6968420204662142,4.96793897580691,0.8849562388523993,0.8221011026526232,12.577566521623721,0.0,0.22665973007678986,0.0,-6.9119768142700195,100.0,0.0,0.0,1.320995569229126,1.2146763801574707,0.5582665801048279,2.6049225330352783,1.9490714073181152,1.7922022342681885,0.8236980438232422,3.8434500694274902,99.70703125,0.29296875,0.0,-6.4573845863342285,TIT_INC,120,46147,510.4793924000005,64,64,800,80,80,180,EARLY_STOPPING,False,0,2048,deterministic_evenly_spaced_full_fold,54.0999755859375,36.66660079956054,768,765,99.609375,TIT,1.4710406161479248,20,0.99,1.4710406161479248
80,COMPLETE,1,42,27493,2352,db92a7db6dfa639d2026ff19c5b1159be2b53d1e09d9e6a72b1b767a05c21400,2ea764e1783688df4d4bc4d6bc4b7c6a52ae545bfb933c403a7aa96e5d21a797,37244,292.50081300000056,0.1187596321105957,0.138671875,513542e17ddbca8b50109dcb24ce4faf75c9dfec77ac6fad24bc5d7e0de097a3,True,True,True,1,0.768844067080991,4.880421477890594,3.363908667142699,0.06436852734213604,0.48068456635852674,-1.6213549432300387,4.604208402921052,0.8913058739266689,0.7869704691085362,12.54375469175503,0.0,0.17347267270088196,0.0,-2.6056108474731445,100.0,0.0,0.0,1.1373430490493774,1.214266061782837,0.3718174695968628,1.6367086172103882,1.6455414295196533,1.756836175918579,0.5379565358161926,2.3680384159088135,100.0,0.0,0.0,-7.1997785568237305,TIT_INC,40,46147,292.5004205999994,64,64,800,80,80,100,EARLY_STOPPING,False,0,2048,deterministic_evenly_spaced_full_fold,53.699951171875,37.11560134887693,768,764,99.47916666666667,TIT,1.4510427975077411,20,0.99,1.4510427975077411
81,COMPLETE,0,42,25813,4032,81354305b7b8066000bae764cd84c6a44c1e035572eb00baa18e30401895a2a4,6d4d4bf8c14384a72deec9ae950f7dbc99365946e460adffb80cf5c9ed8ff111,37244,61.27862500000083,0.1347355842590332,0.142578125,513542e17ddbca8b50109dcb24ce4faf75c9dfec77ac6fad24bc5d7e0de097a3,True,True,True,1,0.8146063934929525,4.572524454976361,2.951880207137456,0.05920888270302879,0.43052018065344866,1.3340652083593703,4.374127935681501,0.9128553881365205,0.8826116877847486,8.51381676340098,0.0,0.0681215450167656,0.019531361758708954,0.06832563877105713,95.947265625,4.052734375,0.0,0.624311089515686,0.43517202138900757,0.015943050384521484,1.9070823192596436,0.9211438894271851,0.6420773863792419,0.023523278534412384,2.813817024230957,72.607421875,27.392578125,0.0,-2.616401433944702,TIT_INC,85,119681,61.27816249999887,512,512,700,0,75,145,EARLY_STOPPING,False,0,2048,deterministic_evenly_spaced_full_fold,54.0999755859375,36.66660079956054,1536,1520,98.95833333333333,TIT,1.4710406161479248,20,0.99,1.4710406161479248
81,COMPLETE,1,42,27493,2352,db92a7db6dfa639d2026ff19c5b1159be2b53d1e09d9e6a72b1b767a05c21400,2ea764e1783688df4d4bc4d6bc4b7c6a52ae545bfb933c403a7aa96e5d21a797,9796,44.51261549999981,0.12493419647216797,0.146484375,513542e17ddbca8b50109dcb24ce4faf75c9dfec77ac6fad24bc5d7e0de097a3,True,True,True,1,0.8336468764162116,4.140190145943905,2.9510524321575553,0.054605517949244356,0.4077773843838299,-0.8687732949548838,4.048873593966607,0.9178856861922233,0.8785617994351057,7.206095093848228,0.0,0.055480100214481354,0.02340777963399887,0.05572470650076866,94.04296875,5.95703125,0.0,0.743169903755188,0.5708683729171753,-0.04722559452056885,2.2010316848754883,1.0752402544021606,0.8259491920471191,-0.06832738220691681,3.1845176219940186,77.734375,22.265625,0.0,-2.4337961673736572,TIT_INC,40,119681,44.51224709999951,512,512,700,0,75,100,EARLY_STOPPING,False,0,2048,deterministic_evenly_spaced_full_fold,53.699951171875,37.11560134887693,1536,1521,99.0234375,TIT,1.4510427975077411,20,0.99,1.4510427975077411
81,COMPLETE,2,42,26989,2856,424f72a3df11b24bdd551a74968aa5efe8f47b52221df203d3bd3ed6f8a96c5a,f1c78e2ff146b5069b0310a8b0222fe8d495ed8d7dbf78dc149a7df8702a8f3a,9796,80.92628180000065,0.1277456283569336,0.142578125,513542e17ddbca8b50109dcb24ce4faf75c9dfec77ac6fad24bc5d7e0de097a3,True,True,True,1,0.8658335256584038,3.934066034229019,2.66529080179893,0.047215214475290354,0.366223288834495,0.3990949676150367,3.9144557670199007,0.9319831659790195,0.8339916645499199,10.623863450078103,0.0,0.05265232175588608,0.02509663999080658,0.0529145747423172,96.484375,3.515625,0.0,0.5216325521469116,0.347175657749176,0.049744803458452225,1.7478783130645752,0.7691510915756226,0.5119130611419678,0.07334908097982407,2.5772595405578613,83.49609375,16.50390625,0.0,-1.6411052942276,TIT_INC,80,119681,80.92585419999887,512,512,700,0,75,140,EARLY_STOPPING,False,0,2048,deterministic_evenly_spaced_full_fold,54.0,36.622398376464815,1536,1525,99.28385416666667,TIT,1.4524626095825595,20,0.99,1.4524626095825595
81,COMPLETE,3,42,26466,3379,ad1e190147cfc7079fe69ab58be273b0089b28a9cb71d4377b9a01145e874910,b3de2bff6a2b887166deba8883b54b43de7150168fdd2094f9852f380bd9133e,37244,113.31171260000156,0.13033056259155273,0.142578125,513542e17ddbca8b50109dcb24ce4faf75c9dfec77ac6fad24bc5d7e0de097a3,True,True,True,1,0.8214123006779113,4.773307213739782,3.180217540839185,0.05180775061666562,0.42253384135226424,0.30739498674675503,4.764104014639972,0.907251265964333,0.7951132491348357,13.433604875946633,0.0,0.07423564046621323,0.015314437448978424,0.07439567148685455,98.33984375,1.66015625,0.0,0.7160087823867798,0.42758265137672424,0.09626685082912445,2.451352834701538,1.0681161880493164,0.6378524899482727,0.14360743761062622,3.6568405628204346,74.365234375,25.634765625,0.0,-2.9276599884033203,TIT_INC,160,119681,113.31097579999914,512,512,700,0,75,220,EARLY_STOPPING,False,0,2048,deterministic_evenly_spaced_full_fold,54.0,36.19874954223633,1536,1525,99.28385416666667,TIT,1.4666428059277477,20,0.99,1.4666428059277477
81,COMPLETE,4,42,27061,2784,2cf8e61e68345fca034455d14ca0a91ba8af3af3a30bcfad11a389cf00a64d26,e85c7d3201b31d98e24a7a8ea73439fb69c13286f849eaf6812d38684b5bedb5,31632,78.8735633999986,0.12767744064331055,0.142578125,513542e17ddbca8b50109dcb24ce4faf75c9dfec77ac6fad24bc5d7e0de097a3,True,True,True,1,0.6887738489855222,5.841034675841138,3.410119160838511,0.0779948514610585,0.5577762633995447,-0.5232029701101368,5.818599977138103,0.8354484053318944,0.7663741706844499,14.888899394839845,0.0,0.09864746034145355,0.059673987329006195,0.09927103668451309,95.654296875,4.345703125,0.0,0.707609236240387,0.48411208391189575,0.04993752762675285,2.293274402618408,1.0352708101272583,0.7082823514938354,0.07306132465600967,3.3551852703094482,70.80078125,29.19921875,0.0,-1.7913743257522583,TIT_INC,75,119681,78.87308409999969,512,512,700,0,75,135,EARLY_STOPPING,False,0,2048,deterministic_evenly_spaced_full_fold,53.699951171875,36.704002380371094,1536,1528,99.47916666666667,TIT,1.460840509680585,20,0.99,1.460840509680585
82,COMPLETE,0,42,25813,4032,81354305b7b8066000bae764cd84c6a44c1e035572eb00baa18e30401895a2a4,6d4d4bf8c14384a72deec9ae950f7dbc99365946e460adffb80cf5c9ed8ff111,31632,69.05692590000035,0.09439563751220703,0.11328125,513542e17ddbca8b50109dcb24ce4faf75c9dfec77ac6fad24bc5d7e0de097a3,True,True,True,1,0.8156822939637247,4.559237212815831,3.0330922811750383,0.05903682834437504,0.4292691373945959,1.369766422680446,4.349146485104646,0.9128158611433537,0.8608215254934093,9.882256720136036,0.0,0.0712173730134964,0.08743302524089813,0.07171335816383362,91.6015625,8.3984375,0.0,0.6671016216278076,0.5581264495849609,-0.39507320523262024,2.1354823112487793,0.9842793941497803,0.8234913349151611,-0.582913339138031,3.150811195373535,77.63671875,22.36328125,0.0,-2.080239772796631,TIT_INC,190,33537,69.0565770000012,512,512,400,0,75,250,EARLY_STOPPING,False,0,2048,deterministic_evenly_spaced_full_fold,54.0999755859375,36.66660079956054,2560,2534,98.984375,TIT,1.4710406161479248,20,0.99,1.4710406161479248
82,COMPLETE,1,42,27493,2352,db92a7db6dfa639d2026ff19c5b1159be2b53d1e09d9e6a72b1b767a05c21400,2ea764e1783688df4d4bc4d6bc4b7c6a52ae545bfb933c403a7aa96e5d21a797,37244,48.71479709999949,0.08960199356079102,0.09375,513542e17ddbca8b50109dcb24ce4faf75c9dfec77ac6fad24bc5d7e0de097a3,True,True,True,1,0.8310571131945597,4.172292650350291,3.0038338437372323,0.05502892214537673,0.4109392380228061,-0.6708603991943152,4.118881568336173,0.9140672596508566,0.8266509530921227,10.855749288648962,0.0,0.05802040174603462,0.14334344863891602,0.05883355438709259,91.259765625,8.740234375,0.0,0.8207471370697021,0.8058390021324158,-0.43909841775894165,2.1604669094085693,1.1874810457229614,1.1659116744995117,-0.6353005766868591,3.1258273124694824,89.16015625,10.83984375,0.0,-3.2941579818725586,TIT_INC,105,33537,48.714417199998934,512,512,400,0,75,165,EARLY_STOPPING,False,0,2048,deterministic_evenly_spaced_full_fold,53.699951171875,37.11560134887693,2560,2536,99.0625,TIT,1.4510427975077411,20,0.99,1.4510427975077411
82,COMPLETE,2,42,26989,2856,424f72a3df11b24bdd551a74968aa5efe8f47b52221df203d3bd3ed6f8a96c5a,f1c78e2ff146b5069b0310a8b0222fe8d495ed8d7dbf78dc149a7df8702a8f3a,37244,107.52694279999923,0.09136390686035156,0.111328125,513542e17ddbca8b50109dcb24ce4faf75c9dfec77ac6fad24bc5d7e0de097a3,True,True,True,1,0.8681977665944653,3.899249511456974,2.66191913834473,0.04679735936669198,0.36298220915651797,0.31870140081026305,3.8868838468341482,0.9322439879826134,0.8683640266746828,8.426410857482596,0.0,0.05279466509819031,0.13514336943626404,0.05356130003929138,79.58984375,20.41015625,0.0,0.5708571076393127,0.4383251667022705,-0.5544517636299133,2.1490674018859863,0.8417329788208008,0.6463137269020081,-0.8175432682037354,3.168815851211548,76.025390625,23.974609375,0.0,-1.5953326225280762,TIT_INC,270,33537,107.52658210000118,512,512,400,0,75,330,EARLY_STOPPING,False,0,2048,deterministic_evenly_spaced_full_fold,54.0,36.622398376464815,2560,2542,99.296875,TIT,1.4524626095825595,20,0.99,1.4524626095825595
82,COMPLETE,3,42,26466,3379,ad1e190147cfc7079fe69ab58be273b0089b28a9cb71d4377b9a01145e874910,b3de2bff6a2b887166deba8883b54b43de7150168fdd2094f9852f380bd9133e,31632,94.33969250000155,0.09343957901000977,0.11328125,513542e17ddbca8b50109dcb24ce4faf75c9dfec77ac6fad24bc5d7e0de097a3,True,True,True,1,0.8213274977660426,4.774440388952659,3.2366059611767275,0.051820049690704834,0.4226341501851514,0.3179830634124747,4.764544681830056,0.9073534188790127,0.7922514474289996,13.62753623710221,0.0,0.07710463553667068,0.09850446879863739,0.07766342908143997,84.47265625,15.52734375,0.0,0.7072660326957703,0.5711331367492676,-0.4158865511417389,2.4268791675567627,1.0550740957260132,0.8519959449768066,-0.6204046607017517,3.6203315258026123,76.7578125,23.2421875,0.0,-1.9418690204620361,TIT_INC,225,33537,94.3386827000013,512,512,400,0,75,285,EARLY_STOPPING,False,0,2048,deterministic_evenly_spaced_full_fold,54.0,36.19874954223633,2560,2542,99.296875,TIT,1.4666428059277477,20,0.99,1.4666428059277477
82,COMPLETE,4,42,27061,2784,2cf8e61e68345fca034455d14ca0a91ba8af3af3a30bcfad11a389cf00a64d26,e85c7d3201b31d98e24a7a8ea73439fb69c13286f849eaf6812d38684b5bedb5,15056,65.71849420000035,0.09135055541992188,0.111328125,513542e17ddbca8b50109dcb24ce4faf75c9dfec77ac6fad24bc5d7e0de097a3,True,True,True,1,0.7246936025653179,5.493636189257737,3.4419183991421227,0.07335606828948504,0.5246022385031349,-0.5487349951404265,5.467144109603519,0.8535031599829107,0.7558233788981501,15.55939436099507,0.0,0.09774865955114365,0.15349143743515015,0.09861937910318375,90.0390625,9.9609375,0.0,0.880603015422821,0.7152534127235413,-0.5953733921051025,2.5709967613220215,1.288370132446289,1.046454668045044,-0.8710636496543884,3.7615082263946533,86.71875,13.28125,0.0,-3.1678552627563477,TIT_INC,115,33537,65.71799970000029,512,512,400,0,75,175,EARLY_STOPPING,False,0,2048,deterministic_evenly_spaced_full_fold,53.699951171875,36.704002380371094,2560,2547,99.4921875,TIT,1.460840509680585,20,0.99,1.460840509680585
83,COMPLETE,0,42,25813,4032,81354305b7b8066000bae764cd84c6a44c1e035572eb00baa18e30401895a2a4,6d4d4bf8c14384a72deec9ae950f7dbc99365946e460adffb80cf5c9ed8ff111,31632,33.66022630000043,0.09440183639526367,0.11328125,513542e17ddbca8b50109dcb24ce4faf75c9dfec77ac6fad24bc5d7e0de097a3,True,True,True,1,0.7883748458741171,4.885311988448821,3.383029585792905,0.06325911809546833,0.459970290049836,1.1828793590030973,4.740531955250705,0.8949983426329785,0.7871487291505959,14.201375102185306,0.0,0.0835086926817894,9.87895095588831e-13,-20.7292423248291,100.0,0.0,0.0,1.3278672695159912,1.2567057609558105,0.9439096450805664,1.9416186809539795,1.9592102766036987,1.8542146682739258,1.3926975727081299,2.864773988723755,100.0,0.0,0.0,-8.020647048950195,TIT_INC,160,33539,33.65957290000006,1024,1024,400,0,75,220,EARLY_STOPPING,False,0,2048,deterministic_evenly_spaced_full_fold,54.0999755859375,36.66660079956054,2560,2534,98.984375,TIT,1.4710406161479248,20,0.99,1.4710406161479248
83,COMPLETE,1,42,27493,2352,db92a7db6dfa639d2026ff19c5b1159be2b53d1e09d9e6a72b1b767a05c21400,2ea764e1783688df4d4bc4d6bc4b7c6a52ae545bfb933c403a7aa96e5d21a797,37244,34.24183460000131,0.0896291732788086,0.09375,513542e17ddbca8b50109dcb24ce4faf75c9dfec77ac6fad24bc5d7e0de097a3,True,True,True,1,0.8030928438841507,4.5043855572375735,3.3312206430500058,0.059408939620085234,0.44364787510692366,-0.3988892334659083,4.487642933855515,0.8971306925871477,0.8177342843659948,11.720622243889299,0.0,0.06824476271867752,2.808492070016655e-07,51.413291931152344,100.0,0.0,0.0,1.460601568222046,1.3948264122009277,0.8493021726608276,2.3605480194091797,2.11324143409729,2.018075942993164,1.2287954092025757,3.4153106212615967,100.0,0.0,0.0,-7.3724799156188965,TIT_INC,155,33539,34.241437900000165,1024,1024,400,0,75,215,EARLY_STOPPING,False,0,2048,deterministic_evenly_spaced_full_fold,53.699951171875,37.11560134887693,2560,2536,99.0625,TIT,1.4510427975077411,20,0.99,1.4510427975077411
84,COMPLETE,0,42,25813,4032,81354305b7b8066000bae764cd84c6a44c1e035572eb00baa18e30401895a2a4,6d4d4bf8c14384a72deec9ae950f7dbc99365946e460adffb80cf5c9ed8ff111,31632,127.30483859999913,0.11038684844970703,0.125,513542e17ddbca8b50109dcb24ce4faf75c9dfec77ac6fad24bc5d7e0de097a3,True,True,True,1,0.8075412477373258,4.6588367574241385,3.0459376091048833,0.06032652680570757,0.43864680488658775,1.2924381920269556,4.476531416723801,0.9069022811740698,0.8323603365949281,11.545683266478578,0.0,0.07446645200252533,0.0002910922921728343,0.07450044900178909,99.658203125,0.341796875,0.0,0.6971462965011597,0.5616663098335266,0.18205489218235016,1.6844596862792969,1.0286089181900024,0.8287141919136047,0.2686140835285187,2.485346794128418,94.3359375,5.6640625,0.0,-2.855503797531128,TIT_INC,240,60993,127.30438719999984,512,512,400,0,75,300,EARLY_STOPPING,False,0,2048,deterministic_evenly_spaced_full_fold,54.0999755859375,36.66660079956054,1536,1520,98.95833333333333,TIT,1.4710406161479248,20,0.99,1.4710406161479248
84,COMPLETE,1,42,27493,2352,db92a7db6dfa639d2026ff19c5b1159be2b53d1e09d9e6a72b1b767a05c21400,2ea764e1783688df4d4bc4d6bc4b7c6a52ae545bfb933c403a7aa96e5d21a797,37244,100.89603379999971,0.10278081893920898,0.109375,513542e17ddbca8b50109dcb24ce4faf75c9dfec77ac6fad24bc5d7e0de097a3,True,True,True,1,0.8367870169319425,4.100928134091503,2.887006727205653,0.054087686058110034,0.403910373465381,-0.9668245575054973,3.9861783233812305,0.919707313211586,0.8474241327388229,9.178500733139915,0.0,0.055781856179237366,0.009687704965472221,0.056913286447525024,98.14453125,1.85546875,0.0,0.703741729259491,0.6106792688369751,0.08716721087694168,1.614951491355896,1.0181941986083984,0.8835487365722656,0.1261160969734192,2.336559534072876,90.0390625,9.9609375,0.0,-3.0849757194519043,TIT_INC,165,60993,100.89454289999958,512,512,400,0,75,225,EARLY_STOPPING,False,0,2048,deterministic_evenly_spaced_full_fold,53.699951171875,37.11560134887693,1536,1521,99.0234375,TIT,1.4510427975077411,20,0.99,1.4510427975077411
84,COMPLETE,2,42,26989,2856,424f72a3df11b24bdd551a74968aa5efe8f47b52221df203d3bd3ed6f8a96c5a,f1c78e2ff146b5069b0310a8b0222fe8d495ed8d7dbf78dc149a7df8702a8f3a,37244,106.17779579999842,0.10523462295532227,0.125,513542e17ddbca8b50109dcb24ce4faf75c9dfec77ac6fad24bc5d7e0de097a3,True,True,True,1,0.8479592960561075,4.187931577146976,2.868085369676435,0.050262015406557996,0.3898557020274243,0.5147357374346223,4.15690610785935,0.9220999598943056,0.8534900552786341,9.538561324824455,0.0,0.06102720648050308,0.00405002199113369,0.06150021031498909,99.755859375,0.244140625,0.0,0.8428359031677246,0.6849918961524963,0.20239801704883575,2.0834310054779053,1.2427678108215332,1.0100257396697998,0.2984374165534973,3.0720343589782715,98.6328125,1.3671875,0.0,-3.767402410507202,TIT_INC,130,60993,106.17737329999909,512,512,400,0,75,190,EARLY_STOPPING,False,0,2048,deterministic_evenly_spaced_full_fold,54.0,36.622398376464815,1536,1525,99.28385416666667,TIT,1.4524626095825595,20,0.99,1.4524626095825595
84,COMPLETE,3,42,26466,3379,ad1e190147cfc7079fe69ab58be273b0089b28a9cb71d4377b9a01145e874910,b3de2bff6a2b887166deba8883b54b43de7150168fdd2094f9852f380bd9133e,31632,104.58217180000065,0.10774803161621094,0.125,513542e17ddbca8b50109dcb24ce4faf75c9dfec77ac6fad24bc5d7e0de097a3,True,True,True,1,0.8080756827893847,4.948329578710567,3.435673312062729,0.053707380083347536,0.43802684628201044,0.3336653087081977,4.937797968817373,0.9045818639908229,0.7309397590183634,17.571193753326366,0.0,0.08374881744384766,0.0016792621463537216,0.08394493907690048,99.51171875,0.48828125,0.0,0.7874559164047241,0.6226820945739746,0.14837628602981567,2.009605646133423,1.1746985912322998,0.9288948774337769,0.22134244441986084,2.9978575706481934,97.16796875,2.83203125,0.0,-3.2173256874084473,TIT_INC,130,60993,104.58174870000039,512,512,400,0,75,190,EARLY_STOPPING,False,0,2048,deterministic_evenly_spaced_full_fold,54.0,36.19874954223633,1536,1525,99.28385416666667,TIT,1.4666428059277477,20,0.99,1.4666428059277477
84,COMPLETE,4,42,27061,2784,2cf8e61e68345fca034455d14ca0a91ba8af3af3a30bcfad11a389cf00a64d26,e85c7d3201b31d98e24a7a8ea73439fb69c13286f849eaf6812d38684b5bedb5,35388,84.58039599999938,0.10516357421875,0.125,513542e17ddbca8b50109dcb24ce4faf75c9dfec77ac6fad24bc5d7e0de097a3,True,True,True,1,0.7047481208906841,5.689159094336353,3.6583456020245606,0.07596686942064683,0.5432732516807908,-0.0983249140881944,5.689331245826334,0.8405883400802648,0.7417776539840794,16.93638927558131,0.0,0.10584695637226105,0.009120761416852474,0.10691217333078384,98.486328125,1.513671875,0.0,0.9102864861488342,0.7127143740653992,0.13788658380508423,2.290498733520508,1.3317985534667969,1.0427398681640625,0.20173557102680206,3.3511242866516113,96.875,3.125,0.0,-4.624509811401367,TIT_INC,80,60993,84.5799220000008,512,512,400,0,75,140,EARLY_STOPPING,False,0,2048,deterministic_evenly_spaced_full_fold,53.699951171875,36.704002380371094,1536,1528,99.47916666666667,TIT,1.460840509680585,20,0.99,1.460840509680585
85,COMPLETE,0,42,25813,4032,81354305b7b8066000bae764cd84c6a44c1e035572eb00baa18e30401895a2a4,6d4d4bf8c14384a72deec9ae950f7dbc99365946e460adffb80cf5c9ed8ff111,31632,101.03627550000056,0.11531877517700195,0.123046875,513542e17ddbca8b50109dcb24ce4faf75c9dfec77ac6fad24bc5d7e0de097a3,True,True,True,1,0.8052428062497246,4.686573305513981,3.0726406564788213,0.06068568289959157,0.4412583040293308,1.2421574885883029,4.519522111196261,0.9079110418110593,0.8908844830396954,7.915924985461232,0.0,0.07422780990600586,4.709127619101361e-12,-19.02658462524414,100.0,0.0,0.0,1.2541542053222656,1.1395630836486816,0.7793103456497192,2.11686635017395,1.850450038909912,1.6813757419586182,1.1498384475708008,3.1233441829681396,94.62890625,5.37109375,0.0,-6.0974225997924805,TIT_INC,60,76291,101.03587430000152,256,256,400,0,75,120,EARLY_STOPPING,False,0,2048,deterministic_evenly_spaced_full_fold,54.0999755859375,36.66660079956054,1536,1520,98.95833333333333,TIT,1.4710406161479248,20,0.99,1.4710406161479248
85,COMPLETE,1,42,27493,2352,db92a7db6dfa639d2026ff19c5b1159be2b53d1e09d9e6a72b1b767a05c21400,2ea764e1783688df4d4bc4d6bc4b7c6a52ae545bfb933c403a7aa96e5d21a797,37244,91.2045908,0.10734176635742188,0.123046875,513542e17ddbca8b50109dcb24ce4faf75c9dfec77ac6fad24bc5d7e0de097a3,True,True,True,1,0.8362981597250634,4.107065113221206,2.9570483528837865,0.05416862749128297,0.40451481944716283,-0.6748991969491349,4.052095258988723,0.9179253745197297,0.8822639487917537,7.153799793167523,0.0,0.05628408119082451,6.196289037418978e-10,-14.30651569366455,100.0,0.0,0.0,1.085943579673767,0.948076069355011,0.5536360740661621,2.3054659366607666,1.571175217628479,1.3717044591903687,0.8010170459747314,3.33561635017395,87.255859375,12.744140625,0.0,-5.567592620849609,TIT_INC,40,76291,91.20291429999997,256,256,400,0,75,100,EARLY_STOPPING,False,0,2048,deterministic_evenly_spaced_full_fold,53.699951171875,37.11560134887693,1536,1521,99.0234375,TIT,1.4510427975077411,20,0.99,1.4510427975077411
85,COMPLETE,2,42,26989,2856,424f72a3df11b24bdd551a74968aa5efe8f47b52221df203d3bd3ed6f8a96c5a,f1c78e2ff146b5069b0310a8b0222fe8d495ed8d7dbf78dc149a7df8702a8f3a,37244,124.16027740000027,0.10946464538574219,0.123046875,513542e17ddbca8b50109dcb24ce4faf75c9dfec77ac6fad24bc5d7e0de097a3,True,True,True,1,0.8570978497236462,4.060121438432899,2.8148763867653384,0.04872808510162747,0.37795782107194226,0.21110877269456366,4.055339382390978,0.9267829420142111,0.8941252067038867,6.7321382538131305,0.0,0.05714750662446022,3.245142002339385e-12,-15.572147369384766,100.0,0.0,0.0,1.353574275970459,1.2094261646270752,0.7596851587295532,2.3951807022094727,1.9958553314208984,1.7833080291748047,1.1201614141464233,3.5317115783691406,90.478515625,9.521484375,0.0,-6.688601493835449,TIT_INC,45,76291,124.15980359999958,256,256,400,0,75,105,EARLY_STOPPING,False,0,2048,deterministic_evenly_spaced_full_fold,54.0,36.622398376464815,1536,1525,99.28385416666667,TIT,1.4524626095825595,20,0.99,1.4524626095825595
85,COMPLETE,3,42,26466,3379,ad1e190147cfc7079fe69ab58be273b0089b28a9cb71d4377b9a01145e874910,b3de2bff6a2b887166deba8883b54b43de7150168fdd2094f9852f380bd9133e,31632,153.06321070000013,0.11225080490112305,0.123046875,513542e17ddbca8b50109dcb24ce4faf75c9dfec77ac6fad24bc5d7e0de097a3,True,True,True,1,0.8260990455026518,4.710256943398293,3.294773966576722,0.051123425779420126,0.4169526223498495,0.5708791377735618,4.676225930220443,0.9123465268779851,0.7767105761570214,14.876068863439619,0.0,0.07599065452814102,4.1815956621817085e-14,-25.340517044067383,100.0,0.0,0.0,1.3170197010040283,1.1913630962371826,0.8889594674110413,2.303990602493286,1.9646825790405273,1.7772326469421387,1.326117992401123,3.4370105266571045,87.3046875,12.6953125,0.0,-6.385886192321777,TIT_INC,80,76291,153.06269520000023,256,256,400,0,75,140,EARLY_STOPPING,False,0,2048,deterministic_evenly_spaced_full_fold,54.0,36.19874954223633,1536,1525,99.28385416666667,TIT,1.4666428059277477,20,0.99,1.4666428059277477
85,COMPLETE,4,42,27061,2784,2cf8e61e68345fca034455d14ca0a91ba8af3af3a30bcfad11a389cf00a64d26,e85c7d3201b31d98e24a7a8ea73439fb69c13286f849eaf6812d38684b5bedb5,14316,116.07547610000074,0.10924863815307617,0.12109375,513542e17ddbca8b50109dcb24ce4faf75c9dfec77ac6fad24bc5d7e0de097a3,True,True,True,1,0.6968586421387605,5.7646685180280555,3.572247179075219,0.0769751404910281,0.5504838516062476,-0.5257669892804376,5.7416734253738895,0.8407239990186924,0.7793170900698584,14.0325017090171,0.0,0.10622182488441467,4.449789869909182e-09,-11.827315330505371,100.0,0.0,0.0,1.2069687843322754,0.8858206272125244,0.4753831923007965,2.8914334774017334,1.7658610343933105,1.296003818511963,0.6955114603042603,4.230324745178223,84.1796875,15.8203125,0.0,-4.56132698059082,TIT_INC,35,76291,116.07501689999845,256,256,400,0,75,95,EARLY_STOPPING,False,0,2048,deterministic_evenly_spaced_full_fold,53.699951171875,36.704002380371094,1536,1528,99.47916666666667,TIT,1.460840509680585,20,0.99,1.460840509680585
86,COMPLETE,0,42,25813,4032,81354305b7b8066000bae764cd84c6a44c1e035572eb00baa18e30401895a2a4,6d4d4bf8c14384a72deec9ae950f7dbc99365946e460adffb80cf5c9ed8ff111,37244,68.62340380000023,0.1328272819519043,0.146484375,513542e17ddbca8b50109dcb24ce4faf75c9dfec77ac6fad24bc5d7e0de097a3,True,True,True,1,0.7031859111764531,5.785633461409403,3.719471033603426,0.07491723584036661,0.5447389046306348,0.8050704957946898,5.730057529419115,0.8425282747343619,0.7354209751464517,16.987360106027726,0.0,0.10754943639039993,0.13391616940498352,0.10892695188522339,76.611328125,23.388671875,0.0,0.32958972454071045,0.2192554771900177,-0.5610236525535583,1.4725323915481567,0.48629528284072876,0.3235018849372864,-0.8277660608291626,2.1726574897766113,88.916015625,11.083984375,0.0,-4.244937419891357,TIT_INC,95,102945,68.62251259999903,512,512,150,0,75,150,MAX_EPOCHS,False,0,2048,deterministic_evenly_spaced_full_fold,54.0999755859375,36.66660079956054,1536,1520,98.95833333333333,TIT,1.4710406161479248,20,0.99,1.4710406161479248
86,COMPLETE,1,42,27493,2352,db92a7db6dfa639d2026ff19c5b1159be2b53d1e09d9e6a72b1b767a05c21400,2ea764e1783688df4d4bc4d6bc4b7c6a52ae545bfb933c403a7aa96e5d21a797,31632,70.35060609999891,0.12206363677978516,0.130859375,513542e17ddbca8b50109dcb24ce4faf75c9dfec77ac6fad24bc5d7e0de097a3,True,True,True,1,0.7126969071893963,5.4409527942301645,3.542988937728259,0.07176144935212643,0.5358926572879021,-0.6867717285545505,5.398583458409099,0.8487503920094641,0.7676562005720996,14.762613988686757,0.0,0.08975054323673248,0.1385808140039444,0.09117604047060013,79.638671875,20.361328125,0.0,0.40734612941741943,0.2719036936759949,-0.48507264256477356,2.078744411468506,0.5893603563308716,0.3933982849121094,-0.7018174529075623,3.0075888633728027,83.935546875,16.064453125,0.0,-4.593499183654785,TIT_INC,85,102945,70.35008600000037,512,512,150,0,75,145,EARLY_STOPPING,False,0,2048,deterministic_evenly_spaced_full_fold,53.699951171875,37.11560134887693,1536,1521,99.0234375,TIT,1.4510427975077411,20,0.99,1.4510427975077411
87,COMPLETE,0,42,25813,4032,81354305b7b8066000bae764cd84c6a44c1e035572eb00baa18e30401895a2a4,6d4d4bf8c14384a72deec9ae950f7dbc99365946e460adffb80cf5c9ed8ff111,37244,35.33510229999956,0.09671592712402344,0.109375,513542e17ddbca8b50109dcb24ce4faf75c9dfec77ac6fad24bc5d7e0de097a3,True,True,True,1,0.769338375261676,5.100307183739852,3.448062278921642,0.06604305625152292,0.48021288715953175,1.4079128570026822,4.902741710762525,0.8894825263904685,0.8492632278356245,10.627336442926927,0.0,0.08821044117212296,3.830123329606749e-09,0.08821044117212296,100.0,0.0,0.0,1.2896004915237427,1.2191576957702637,0.639534592628479,2.0468192100524902,1.9027495384216309,1.798814058303833,0.9436054229736328,3.0199928283691406,100.0,0.0,0.0,-7.132610321044922,TIT_INC,95,43073,35.33477069999935,512,512,700,0,75,155,EARLY_STOPPING,False,0,2048,deterministic_evenly_spaced_full_fold,54.0999755859375,36.66660079956054,2560,2532,98.90625,TIT,1.4710406161479248,20,0.99,1.4710406161479248
87,COMPLETE,1,42,27493,2352,db92a7db6dfa639d2026ff19c5b1159be2b53d1e09d9e6a72b1b767a05c21400,2ea764e1783688df4d4bc4d6bc4b7c6a52ae545bfb933c403a7aa96e5d21a797,31632,72.8837980999997,0.09282255172729492,0.109375,513542e17ddbca8b50109dcb24ce4faf75c9dfec77ac6fad24bc5d7e0de097a3,True,True,True,1,0.8361388438685567,4.109063140473483,2.935300264228769,0.05419497973819467,0.404711610004635,-0.1065331202785985,4.108555409651796,0.9152304345264447,0.8718641373389666,8.413687222748262,0.0,0.056273866444826126,0.1564500629901886,0.05808750167489052,91.11328125,8.88671875,0.0,1.043774127960205,0.9744903445243835,-0.491087943315506,3.112301826477051,1.5101633071899414,1.409921407699585,-0.7105205655097961,4.502970218658447,80.95703125,19.04296875,0.0,-2.1854119300842285,TIT_INC,250,43073,72.88347910000084,512,512,700,0,75,310,EARLY_STOPPING,False,0,2048,deterministic_evenly_spaced_full_fold,53.699951171875,37.11560134887693,2560,2533,98.9453125,TIT,1.4510427975077411,20,0.99,1.4510427975077411
88,COMPLETE,0,42,25813,4032,81354305b7b8066000bae764cd84c6a44c1e035572eb00baa18e30401895a2a4,6d4d4bf8c14384a72deec9ae950f7dbc99365946e460adffb80cf5c9ed8ff111,37244,61.261613799999395,0.12765884399414062,0.146484375,513542e17ddbca8b50109dcb24ce4faf75c9dfec77ac6fad24bc5d7e0de097a3,True,True,True,1,0.8305067996934852,4.3720467819753965,2.748607635498047,0.05661292960487273,0.4116444622516748,0.9434269023320031,4.269573736281363,0.9178383586143075,0.9006809476957458,7.018019055247222,0.0,0.06166568398475647,0.05368031561374664,0.06192803010344505,90.52734375,9.47265625,0.0,0.502263605594635,0.3516930341720581,-0.16603896021842957,1.5599983930587769,0.7410681247711182,0.5189077854156494,-0.2449832558631897,2.3017098903656006,73.828125,26.171875,0.0,-2.4950249195098877,TIT_INC,100,106449,61.26087650000045,512,512,150,0,75,150,MAX_EPOCHS,False,0,2048,deterministic_evenly_spaced_full_fold,54.0999755859375,36.66660079956054,3584,3548,98.99553571428571,TIT,1.4710406161479248,20,0.99,1.4710406161479248
88,COMPLETE,1,42,27493,2352,db92a7db6dfa639d2026ff19c5b1159be2b53d1e09d9e6a72b1b767a05c21400,2ea764e1783688df4d4bc4d6bc4b7c6a52ae545bfb933c403a7aa96e5d21a797,31632,52.33077950000006,0.11780214309692383,0.126953125,513542e17ddbca8b50109dcb24ce4faf75c9dfec77ac6fad24bc5d7e0de097a3,True,True,True,1,0.834231343492392,4.132910649286012,2.9255938935442036,0.054509507700583805,0.4070604090754145,-0.9227384953271776,4.029442559292259,0.9178782110897934,0.8402749892447381,9.697959392564217,0.0,0.055157341063022614,0.07276108860969543,0.055512934923172,86.669921875,13.330078125,0.0,0.4279385805130005,0.32613909244537354,-0.19526870548725128,1.5550864934921265,0.6191542148590088,0.4718676805496216,-0.2825205326080322,2.2499451637268066,81.787109375,18.212890625,0.0,-2.5906920433044434,TIT_INC,60,106449,52.330364100000224,512,512,150,0,75,120,EARLY_STOPPING,False,0,2048,deterministic_evenly_spaced_full_fold,53.699951171875,37.11560134887693,3584,3549,99.0234375,TIT,1.4510427975077411,20,0.99,1.4510427975077411
88,COMPLETE,2,42,26989,2856,424f72a3df11b24bdd551a74968aa5efe8f47b52221df203d3bd3ed6f8a96c5a,f1c78e2ff146b5069b0310a8b0222fe8d495ed8d7dbf78dc149a7df8702a8f3a,31632,77.54413339999883,0.12074422836303711,0.126953125,513542e17ddbca8b50109dcb24ce4faf75c9dfec77ac6fad24bc5d7e0de097a3,True,True,True,1,0.8687606262690635,3.8909147571337472,2.6783996109201125,0.04669732870895872,0.3622063245848504,0.2418464225213401,3.8840713396694264,0.9334239338021774,0.913155269757022,5.590778199043044,0.0,0.051376622170209885,0.0381670743227005,0.05156315118074417,89.599609375,10.400390625,0.0,0.6095187067985535,0.3180757164955139,-0.09309638291597366,2.2411904335021973,0.8987398147583008,0.4690050482749939,-0.13727131485939026,3.304652214050293,69.921875,30.078125,0.0,-1.5509543418884277,TIT_INC,100,106449,77.54371150000043,512,512,150,0,75,150,MAX_EPOCHS,False,0,2048,deterministic_evenly_spaced_full_fold,54.0,36.622398376464815,3584,3559,99.30245535714286,TIT,1.4524626095825595,20,0.99,1.4524626095825595
88,COMPLETE,3,42,26466,3379,ad1e190147cfc7079fe69ab58be273b0089b28a9cb71d4377b9a01145e874910,b3de2bff6a2b887166deba8883b54b43de7150168fdd2094f9852f380bd9133e,37244,69.66988909999964,0.12445831298828125,0.14453125,513542e17ddbca8b50109dcb24ce4faf75c9dfec77ac6fad24bc5d7e0de097a3,True,True,True,1,0.8043734265642932,4.995828710825796,3.2697261371144037,0.054222918489099096,0.44223147629111104,0.04876793203497822,4.9963300509776305,0.897041956163843,0.8200182588900262,11.579421329862013,0.0,0.08025950193405151,0.06389708817005157,0.08057177811861038,88.916015625,11.083984375,0.0,0.7017284631729126,0.514220654964447,-0.15908226370811462,2.5031328201293945,1.0468134880065918,0.7670959234237671,-0.23731322586536407,3.734084129333496,76.904296875,23.095703125,0.0,-4.132662773132324,TIT_INC,75,106449,69.6694738999995,512,512,150,0,75,135,EARLY_STOPPING,False,0,2048,deterministic_evenly_spaced_full_fold,54.0,36.19874954223633,3584,3558,99.27455357142857,TIT,1.4666428059277477,20,0.99,1.4666428059277477
88,COMPLETE,4,42,27061,2784,2cf8e61e68345fca034455d14ca0a91ba8af3af3a30bcfad11a389cf00a64d26,e85c7d3201b31d98e24a7a8ea73439fb69c13286f849eaf6812d38684b5bedb5,6388,52.40415790000043,0.1203298568725586,0.126953125,513542e17ddbca8b50109dcb24ce4faf75c9dfec77ac6fad24bc5d7e0de097a3,True,True,True,1,0.7530840551687329,5.202670378298743,3.3578393719662194,0.06947082595393511,0.49681712305347275,-0.4367719203576274,5.185235474108751,0.8692059251521894,0.778428049797514,14.180146027999628,0.0,0.0843026414513588,0.05218363553285599,0.0845576748251915,89.599609375,10.400390625,0.0,0.7817011475563049,0.5111758708953857,-0.1329660564661026,2.714190721511841,1.1436712741851807,0.7478781342506409,-0.19453658163547516,3.971008539199829,69.482421875,30.517578125,0.0,-2.3936853408813477,TIT_INC,30,106449,52.403663699999015,512,512,150,0,75,90,EARLY_STOPPING,False,0,2048,deterministic_evenly_spaced_full_fold,53.699951171875,36.704002380371094,3584,3566,99.49776785714286,TIT,1.460840509680585,20,0.99,1.460840509680585
89,COMPLETE,0,42,25813,4032,81354305b7b8066000bae764cd84c6a44c1e035572eb00baa18e30401895a2a4,6d4d4bf8c14384a72deec9ae950f7dbc99365946e460adffb80cf5c9ed8ff111,37244,51.01255679999849,0.13062047958374023,0.14453125,513542e17ddbca8b50109dcb24ce4faf75c9dfec77ac6fad24bc5d7e0de097a3,True,True,True,1,0.8173447118603961,4.5386300629488145,2.884253967375982,0.058769989679796214,0.427328897605644,1.1705598301357694,4.385626842416839,0.9139905507715839,0.9054895660519077,6.951045317159531,0.0,0.06562062352895737,0.02702803537249565,0.06592956185340881,94.7265625,5.2734375,0.0,0.6566048264503479,0.5037193298339844,-0.010850938968360424,1.677959680557251,0.9687918424606323,0.7432159185409546,-0.016010088846087456,2.4757564067840576,86.279296875,13.720703125,0.0,-3.543663501739502,TIT_INC,60,93009,51.012163299999884,512,512,500,0,75,120,EARLY_STOPPING,False,0,2048,deterministic_evenly_spaced_full_fold,54.0999755859375,36.66660079956054,3584,3548,98.99553571428571,TIT,1.4710406161479248,20,0.99,1.4710406161479248
89,COMPLETE,1,42,27493,2352,db92a7db6dfa639d2026ff19c5b1159be2b53d1e09d9e6a72b1b767a05c21400,2ea764e1783688df4d4bc4d6bc4b7c6a52ae545bfb933c403a7aa96e5d21a797,31632,33.187633199999254,0.12005805969238281,0.12890625,513542e17ddbca8b50109dcb24ce4faf75c9dfec77ac6fad24bc5d7e0de097a3,True,True,True,1,0.8245095113026475,4.252375419407453,3.1053650119677694,0.05608514442721086,0.418826784475796,-0.8044211961785142,4.176484107057677,0.9120274354855747,0.8607006267308673,8.458101638964436,0.0,0.05895479395985603,0.008306660689413548,0.05904974043369293,96.6796875,3.3203125,0.0,1.0857882499694824,0.9393737316131592,0.06114327907562256,2.968221664428711,1.5709503889083862,1.3591136932373047,0.08846390247344971,4.294510841369629,87.646484375,12.353515625,0.0,-3.438197612762451,TIT_INC,15,93009,33.18717699999979,512,512,500,0,75,75,EARLY_STOPPING,False,0,2048,deterministic_evenly_spaced_full_fold,53.699951171875,37.11560134887693,3584,3549,99.0234375,TIT,1.4510427975077411,20,0.99,1.4510427975077411
89,COMPLETE,2,42,26989,2856,424f72a3df11b24bdd551a74968aa5efe8f47b52221df203d3bd3ed6f8a96c5a,f1c78e2ff146b5069b0310a8b0222fe8d495ed8d7dbf78dc149a7df8702a8f3a,31632,81.48824380000042,0.12312030792236328,0.14453125,513542e17ddbca8b50109dcb24ce4faf75c9dfec77ac6fad24bc5d7e0de097a3,True,True,True,1,0.8617641622576844,3.993281866821777,2.696009729422775,0.04792590113176075,0.37173570697249986,0.588923692035408,3.9503079455802617,0.9308532337932546,0.9050587677340844,6.436534396201814,0.0,0.05285375565290451,0.019592057913541794,0.05307769775390625,95.41015625,4.58984375,0.0,0.6268308162689209,0.4231875240802765,0.004258961882442236,1.9466140270233154,0.9242666959762573,0.6239931583404541,0.006279870867729187,2.8702967166900635,75.1953125,24.8046875,0.0,-2.453951835632324,TIT_INC,100,93009,81.48781509999935,512,512,500,0,75,160,EARLY_STOPPING,False,0,2048,deterministic_evenly_spaced_full_fold,54.0,36.622398376464815,3584,3559,99.30245535714286,TIT,1.4524626095825595,20,0.99,1.4524626095825595
89,COMPLETE,3,42,26466,3379,ad1e190147cfc7079fe69ab58be273b0089b28a9cb71d4377b9a01145e874910,b3de2bff6a2b887166deba8883b54b43de7150168fdd2094f9852f380bd9133e,37244,60.243493100000705,0.1264948844909668,0.146484375,513542e17ddbca8b50109dcb24ce4faf75c9dfec77ac6fad24bc5d7e0de097a3,True,True,True,1,0.8154164006521161,4.852775169230637,3.2188575837202205,0.05267026707239168,0.42956835620630696,-0.06424252300369701,4.85306809458967,0.9032343281533334,0.7981440238977967,12.86779870718077,0.0,0.07590635120868683,0.01210404746234417,0.07604470103979111,97.314453125,2.685546875,0.0,0.7577207088470459,0.4939011037349701,0.07168112695217133,2.6856091022491455,1.130340576171875,0.7367839813232422,0.10693134367465973,4.006295680999756,70.263671875,29.736328125,0.0,-2.285045862197876,TIT_INC,50,93009,60.24306609999985,512,512,500,0,75,110,EARLY_STOPPING,False,0,2048,deterministic_evenly_spaced_full_fold,54.0,36.19874954223633,3584,3558,99.27455357142857,TIT,1.4666428059277477,20,0.99,1.4666428059277477
89,COMPLETE,4,42,27061,2784,2cf8e61e68345fca034455d14ca0a91ba8af3af3a30bcfad11a389cf00a64d26,e85c7d3201b31d98e24a7a8ea73439fb69c13286f849eaf6812d38684b5bedb5,2656,65.6524229000006,0.12268877029418945,0.14453125,513542e17ddbca8b50109dcb24ce4faf75c9dfec77ac6fad24bc5d7e0de097a3,True,True,True,1,0.6923292738490359,5.807575064123823,3.2958448659414534,0.07754806804156769,0.554581114212077,-0.7419776546544042,5.7610171615888985,0.8418461757293857,0.7984068159857908,12.556957643748358,0.0,0.09265094250440598,0.027364764362573624,0.09296372532844543,93.212890625,6.787109375,0.0,0.7578912973403931,0.45023781061172485,-0.03903602808713913,2.8333940505981445,1.1088361740112305,0.6587224006652832,-0.05711182951927185,4.14540958404541,75.146484375,24.853515625,0.0,-3.0375375747680664,TIT_INC,60,93009,65.65198170000076,512,512,500,0,75,120,EARLY_STOPPING,False,0,2048,deterministic_evenly_spaced_full_fold,53.699951171875,36.704002380371094,3584,3566,99.49776785714286,TIT,1.460840509680585,20,0.99,1.460840509680585
90,COMPLETE,0,42,25813,4032,81354305b7b8066000bae764cd84c6a44c1e035572eb00baa18e30401895a2a4,6d4d4bf8c14384a72deec9ae950f7dbc99365946e460adffb80cf5c9ed8ff111,2656,36.20892090000052,0.08654117584228516,0.091796875,513542e17ddbca8b50109dcb24ce4faf75c9dfec77ac6fad24bc5d7e0de097a3,True,True,True,1,0.8123961147833638,4.599700712765806,3.0778799984190197,0.05956078368805498,0.43307892638093476,0.5896088225500924,4.562320733668425,0.9045108032396743,0.8647999705402455,8.858767850711223,0.0,0.06938567012548447,0.08890214562416077,0.0698937401175499,84.9609375,15.0390625,0.0,0.6444557905197144,0.5480144023895264,-0.40975454449653625,2.0765836238861084,0.9508664608001709,0.8085713982582092,-0.604574978351593,3.063908576965332,71.484375,28.515625,0.0,-1.5535099506378174,TIT_INC,95,33537,36.20859859999837,512,512,600,0,75,155,EARLY_STOPPING,False,0,2048,deterministic_evenly_spaced_full_fold,54.0999755859375,36.66660079956054,2560,2534,98.984375,TIT,1.4710406161479248,20,0.99,1.4710406161479248
90,COMPLETE,1,42,27493,2352,db92a7db6dfa639d2026ff19c5b1159be2b53d1e09d9e6a72b1b767a05c21400,2ea764e1783688df4d4bc4d6bc4b7c6a52ae545bfb933c403a7aa96e5d21a797,31632,37.12833959999989,0.08336019515991211,0.09375,513542e17ddbca8b50109dcb24ce4faf75c9dfec77ac6fad24bc5d7e0de097a3,True,True,True,1,0.8343816451624665,4.131036578952588,2.9572176803536965,0.054484790337945226,0.4068758273359831,-0.5689767461244751,4.092535862838335,0.9161943630523767,0.8792287344688265,7.461544702456126,0.0,0.05545178800821304,0.09510530531406403,0.055995307862758636,81.8359375,18.1640625,0.0,0.6947246193885803,0.5122771263122559,-0.39669620990753174,2.4262516498565674,1.00514817237854,0.7411776781082153,-0.5739518404006958,3.5103726387023926,70.703125,29.296875,0.0,-1.9717504978179932,TIT_INC,90,33537,37.128014599999005,512,512,600,0,75,150,EARLY_STOPPING,False,0,2048,deterministic_evenly_spaced_full_fold,53.699951171875,37.11560134887693,2560,2536,99.0625,TIT,1.4510427975077411,20,0.99,1.4510427975077411
90,COMPLETE,2,42,26989,2856,424f72a3df11b24bdd551a74968aa5efe8f47b52221df203d3bd3ed6f8a96c5a,f1c78e2ff146b5069b0310a8b0222fe8d495ed8d7dbf78dc149a7df8702a8f3a,2656,39.716474599999856,0.08446979522705078,0.091796875,513542e17ddbca8b50109dcb24ce4faf75c9dfec77ac6fad24bc5d7e0de097a3,True,True,True,1,0.8547189510583126,4.093776466466353,2.829788061083198,0.049132000377310636,0.38109077688534,0.3811749877715979,4.076705845342377,0.926193955730043,0.8977450658471419,6.679250473365993,0.0,0.056250251829624176,0.05826718360185623,0.05658324435353279,85.3515625,14.6484375,0.0,0.780436098575592,0.5439057350158691,-0.2822391390800476,2.5847339630126953,1.1507587432861328,0.8019930720329285,-0.41616368293762207,3.8112096786499023,75.5859375,24.4140625,0.0,-3.231175184249878,TIT_INC,75,33537,39.71614249999948,512,512,600,0,75,135,EARLY_STOPPING,False,0,2048,deterministic_evenly_spaced_full_fold,54.0,36.622398376464815,2560,2542,99.296875,TIT,1.4524626095825595,20,0.99,1.4524626095825595
90,COMPLETE,3,42,26466,3379,ad1e190147cfc7079fe69ab58be273b0089b28a9cb71d4377b9a01145e874910,b3de2bff6a2b887166deba8883b54b43de7150168fdd2094f9852f380bd9133e,31632,34.158038399998986,0.08534002304077148,0.091796875,513542e17ddbca8b50109dcb24ce4faf75c9dfec77ac6fad24bc5d7e0de097a3,True,True,True,1,0.8140167824132339,4.87113868033443,3.278601498249615,0.05286957798223071,0.43119389685138965,0.030844325742696157,4.8717619668191094,0.9035530612339961,0.7722920226282107,14.61911170665454,0.0,0.07608604431152344,0.03577212244272232,0.07629048079252243,92.67578125,7.32421875,0.0,1.0960044860839844,0.8484793901443481,-0.09875325858592987,3.182086229324341,1.6349802017211914,1.2657312154769897,-0.147316575050354,4.746922016143799,70.3125,29.6875,0.0,-2.8462042808532715,TIT_INC,55,33537,34.157681600001524,512,512,600,0,75,115,EARLY_STOPPING,False,0,2048,deterministic_evenly_spaced_full_fold,54.0,36.19874954223633,2560,2542,99.296875,TIT,1.4666428059277477,20,0.99,1.4666428059277477
90,COMPLETE,4,42,27061,2784,2cf8e61e68345fca034455d14ca0a91ba8af3af3a30bcfad11a389cf00a64d26,e85c7d3201b31d98e24a7a8ea73439fb69c13286f849eaf6812d38684b5bedb5,33352,37.6427977000003,0.08435440063476562,0.091796875,513542e17ddbca8b50109dcb24ce4faf75c9dfec77ac6fad24bc5d7e0de097a3,True,True,True,1,0.7069779455321852,5.6676353198258465,3.544385350983718,0.07567946424519535,0.5412178880017529,-0.317240449203842,5.659766311958366,0.8418606061089173,0.7330307669577413,17.294498629449542,0.0,0.09762515127658844,0.044938668608665466,0.0978819727897644,89.6484375,10.3515625,0.0,1.0406488180160522,0.6557490825653076,-0.21341253817081451,3.5783774852752686,1.5225259065628052,0.9593966007232666,-0.31223413348197937,5.235361099243164,71.09375,28.90625,0.0,-2.9207253456115723,TIT_INC,65,33537,37.64238260000093,512,512,600,0,75,125,EARLY_STOPPING,False,0,2048,deterministic_evenly_spaced_full_fold,53.699951171875,36.704002380371094,2560,2547,99.4921875,TIT,1.460840509680585,20,0.99,1.460840509680585
91,COMPLETE,0,42,25813,4032,81354305b7b8066000bae764cd84c6a44c1e035572eb00baa18e30401895a2a4,6d4d4bf8c14384a72deec9ae950f7dbc99365946e460adffb80cf5c9ed8ff111,2656,19.36883510000007,0.12801647186279297,0.1484375,513542e17ddbca8b50109dcb24ce4faf75c9dfec77ac6fad24bc5d7e0de097a3,True,True,True,1,0.8182246471812261,4.5276845205562735,2.9250397720034162,0.058628257614276987,0.42629833408770407,0.7688887176059541,4.462474220138676,0.9111352994908357,0.90475125886765,6.594530848031739,0.0,0.06576185673475266,0.051389750093221664,0.06594152748584747,94.189453125,5.810546875,0.0,0.695510745048523,0.5687277317047119,-0.026305409148335457,2.1086387634277344,1.026195764541626,0.8391330242156982,-0.038812488317489624,3.1112046241760254,81.591796875,18.408203125,0.0,-2.7724342346191406,TIT_INC,30,79633,19.368388800001412,1024,1024,150,0,75,90,EARLY_STOPPING,False,0,2048,deterministic_evenly_spaced_full_fold,54.0999755859375,36.66660079956054,1536,1520,98.95833333333333,TIT,1.4710406161479248,20,0.99,1.4710406161479248
91,COMPLETE,1,42,27493,2352,db92a7db6dfa639d2026ff19c5b1159be2b53d1e09d9e6a72b1b767a05c21400,2ea764e1783688df4d4bc4d6bc4b7c6a52ae545bfb933c403a7aa96e5d21a797,33352,18.094982299999174,0.11756563186645508,0.12890625,513542e17ddbca8b50109dcb24ce4faf75c9dfec77ac6fad24bc5d7e0de097a3,True,True,True,1,0.8250084666310646,4.24632593012619,3.0098925918137946,0.05600535690927394,0.41823095558170814,-0.2368141372187608,4.240618909816911,0.9098993359206632,0.8721577115644323,8.263885385984082,0.0,0.05834697559475899,0.11275101453065872,0.05874117836356163,86.767578125,13.232421875,0.0,0.6588838696479797,0.5635876655578613,-0.41784727573394775,2.4272336959838867,0.9532926082611084,0.8154153227806091,-0.604553759098053,3.511793375015259,80.17578125,19.82421875,0.0,-1.999354362487793,TIT_INC,20,79633,18.09452219999912,1024,1024,150,0,75,80,EARLY_STOPPING,False,0,2048,deterministic_evenly_spaced_full_fold,53.699951171875,37.11560134887693,1536,1521,99.0234375,TIT,1.4510427975077411,20,0.99,1.4510427975077411
91,COMPLETE,2,42,26989,2856,424f72a3df11b24bdd551a74968aa5efe8f47b52221df203d3bd3ed6f8a96c5a,f1c78e2ff146b5069b0310a8b0222fe8d495ed8d7dbf78dc149a7df8702a8f3a,33352,23.564977,0.12042760848999023,0.12890625,513542e17ddbca8b50109dcb24ce4faf75c9dfec77ac6fad24bc5d7e0de097a3,True,True,True,1,0.85968270126172,4.02323359776345,2.694938630283046,0.04828537079699081,0.3745239218413677,0.3540643350082953,4.008325412749955,0.9280641124490772,0.8827402127916991,7.576317201150064,0.0,0.05406085029244423,0.09049557149410248,0.0543772429227829,92.333984375,7.666015625,0.0,0.7202950716018677,0.521079421043396,-0.14339816570281982,2.466262102127075,1.0620803833007812,0.7683354616165161,-0.21144166588783264,3.636522054672241,71.77734375,28.22265625,0.0,-1.5971732139587402,TIT_INC,25,79633,23.563365500000145,1024,1024,150,0,75,85,EARLY_STOPPING,False,0,2048,deterministic_evenly_spaced_full_fold,54.0,36.622398376464815,1536,1525,99.28385416666667,TIT,1.4524626095825595,20,0.99,1.4524626095825595
91,COMPLETE,3,42,26466,3379,ad1e190147cfc7079fe69ab58be273b0089b28a9cb71d4377b9a01145e874910,b3de2bff6a2b887166deba8883b54b43de7150168fdd2094f9852f380bd9133e,2656,30.152485599999636,0.12325811386108398,0.12890625,513542e17ddbca8b50109dcb24ce4faf75c9dfec77ac6fad24bc5d7e0de097a3,True,True,True,1,0.813303391738932,4.880472046460238,3.2786269581646,0.05297087896350173,0.4320200877637477,0.21043816188553727,4.876654722515231,0.9031508206076239,0.8563824284023053,9.41139615750113,0.0,0.07585285604000092,0.12080508470535278,0.07627521455287933,85.15625,14.84375,0.0,0.6076492667198181,0.33912235498428345,-0.34640687704086304,2.556997299194336,0.906469464302063,0.5058906078338623,-0.5167573690414429,3.814436912536621,63.96484375,36.03515625,0.0,-1.2899913787841797,TIT_INC,60,79633,30.152061400000093,1024,1024,150,0,75,120,EARLY_STOPPING,False,0,2048,deterministic_evenly_spaced_full_fold,54.0,36.19874954223633,1536,1525,99.28385416666667,TIT,1.4666428059277477,20,0.99,1.4666428059277477
91,COMPLETE,4,42,27061,2784,2cf8e61e68345fca034455d14ca0a91ba8af3af3a30bcfad11a389cf00a64d26,e85c7d3201b31d98e24a7a8ea73439fb69c13286f849eaf6812d38684b5bedb5,32180,30.79358929999944,0.11984825134277344,0.12890625,513542e17ddbca8b50109dcb24ce4faf75c9dfec77ac6fad24bc5d7e0de097a3,True,True,True,1,0.6767078066172458,5.953184638642232,3.448084699696508,0.07949238061051093,0.5684857679074226,-0.781896944703727,5.9026739226885745,0.8323425665168888,0.778122077822829,13.855205721278574,0.0,0.09947072714567184,0.07275500893592834,0.09972509741783142,88.4765625,11.5234375,0.0,0.6999771595001221,0.3833363652229309,-0.20268183946609497,3.0576491355895996,1.0241047143936157,0.5608419179916382,-0.29653456807136536,4.473506927490234,62.353515625,37.646484375,0.0,-1.563019037246704,TIT_INC,55,79633,30.793163600001208,1024,1024,150,0,75,115,EARLY_STOPPING,False,0,2048,deterministic_evenly_spaced_full_fold,53.699951171875,36.704002380371094,1536,1528,99.47916666666667,TIT,1.460840509680585,20,0.99,1.460840509680585
92,COMPLETE,0,42,25813,4032,81354305b7b8066000bae764cd84c6a44c1e035572eb00baa18e30401895a2a4,6d4d4bf8c14384a72deec9ae950f7dbc99365946e460adffb80cf5c9ed8ff111,2656,68.9933130999998,0.10567235946655273,0.109375,513542e17ddbca8b50109dcb24ce4faf75c9dfec77ac6fad24bc5d7e0de097a3,True,True,True,1,0.8125946145558814,4.597266644865298,3.082462602191501,0.05952926533484956,0.43284974983686864,1.2743619301962474,4.417658030998477,0.9093935217080794,0.8282069965013794,11.78163527571281,0.0,0.1497267782688141,0.014425110071897507,0.14982303977012634,95.458984375,4.541015625,0.0,1.037075400352478,0.9479124546051025,0.019312210381031036,2.259542942047119,1.530159592628479,1.3986034393310547,0.028494326397776604,3.3338570594787598,90.625,9.375,0.0,-5.433437824249268,TIT_INC,95,35329,68.99289549999958,512,512,150,15,75,150,MAX_EPOCHS,False,0,2048,deterministic_evenly_spaced_full_fold,54.0999755859375,36.66660079956054,3584,3548,98.99553571428571,TIT,1.4710406161479248,20,0.99,1.4710406161479248
92,COMPLETE,1,42,27493,2352,db92a7db6dfa639d2026ff19c5b1159be2b53d1e09d9e6a72b1b767a05c21400,2ea764e1783688df4d4bc4d6bc4b7c6a52ae545bfb933c403a7aa96e5d21a797,32180,73.49065879999944,0.09927558898925781,0.109375,513542e17ddbca8b50109dcb24ce4faf75c9dfec77ac6fad24bc5d7e0de097a3,True,True,True,1,0.8220682323852816,4.281851032886767,3.0533516212385527,0.05647390220986645,0.4217299092464008,-0.5274199936665646,4.250147831161999,0.9084468283141235,0.8457465922396337,9.72945107651798,0.0,0.12659388780593872,0.09599108248949051,0.12723442912101746,90.380859375,9.619140625,0.0,0.9170368909835815,0.8782871961593628,-0.20382963120937347,2.6111555099487305,1.326796054840088,1.270731806755066,-0.29490673542022705,3.7778971195220947,82.861328125,17.138671875,0.0,-3.150780439376831,TIT_INC,110,35329,73.49023550000129,512,512,150,15,75,150,MAX_EPOCHS,False,0,2048,deterministic_evenly_spaced_full_fold,53.699951171875,37.11560134887693,3584,3549,99.0234375,TIT,1.4510427975077411,20,0.99,1.4510427975077411
92,COMPLETE,2,42,26989,2856,424f72a3df11b24bdd551a74968aa5efe8f47b52221df203d3bd3ed6f8a96c5a,f1c78e2ff146b5069b0310a8b0222fe8d495ed8d7dbf78dc149a7df8702a8f3a,2656,96.07035970000106,0.10119819641113281,0.107421875,513542e17ddbca8b50109dcb24ce4faf75c9dfec77ac6fad24bc5d7e0de097a3,True,True,True,1,0.8527505894713553,4.121415728052858,2.8215964461575034,0.049463716635347786,0.3836637233461003,0.41651543448953066,4.1010329572880195,0.9242770956392173,0.8596494628245008,9.060971419895957,0.0,0.11991579085588455,0.012115076184272766,0.11999663710594177,95.703125,4.296875,0.0,1.043928623199463,0.9176716804504395,0.019775573164224625,2.5795645713806152,1.539280652999878,1.3531136512756348,0.02915922924876213,3.8035871982574463,84.619140625,15.380859375,0.0,-3.3229594230651855,TIT_INC,100,35329,96.06992300000093,512,512,150,15,75,150,MAX_EPOCHS,False,0,2048,deterministic_evenly_spaced_full_fold,54.0,36.622398376464815,3584,3559,99.30245535714286,TIT,1.4524626095825595,20,0.99,1.4524626095825595
92,COMPLETE,3,42,26466,3379,ad1e190147cfc7079fe69ab58be273b0089b28a9cb71d4377b9a01145e874910,b3de2bff6a2b887166deba8883b54b43de7150168fdd2094f9852f380bd9133e,32180,94.92240149999998,0.1031951904296875,0.109375,513542e17ddbca8b50109dcb24ce4faf75c9dfec77ac6fad24bc5d7e0de097a3,True,True,True,1,0.7921928545715057,5.149011406263414,3.556051167908347,0.05588550807922167,0.45579123053145043,-0.13975103355152574,5.147876344097632,0.8924500448779962,0.7391752199873105,16.570166968926053,0.0,0.18597041070461273,0.04220111668109894,0.18625201284885406,90.33203125,9.66796875,0.0,1.0382968187332153,0.9725029468536377,-0.1722063422203064,2.6109025478363037,1.5488941669464111,1.4507449865341187,-0.25689125061035156,3.894850730895996,84.130859375,15.869140625,0.0,-4.351450443267822,TIT_INC,120,35329,94.92073520000122,512,512,150,15,75,150,MAX_EPOCHS,False,0,2048,deterministic_evenly_spaced_full_fold,54.0,36.19874954223633,3584,3558,99.27455357142857,TIT,1.4666428059277477,20,0.99,1.4666428059277477
92,COMPLETE,4,42,27061,2784,2cf8e61e68345fca034455d14ca0a91ba8af3af3a30bcfad11a389cf00a64d26,e85c7d3201b31d98e24a7a8ea73439fb69c13286f849eaf6812d38684b5bedb5,34668,96.62255820000064,0.10092973709106445,0.107421875,513542e17ddbca8b50109dcb24ce4faf75c9dfec77ac6fad24bc5d7e0de097a3,True,True,True,1,0.7088380651331637,5.649617454343692,3.5544692044970634,0.07543887318215332,0.5394973130966527,-0.3325087256815242,5.640837223523654,0.8425637720342133,0.7030127680153259,19.259492868665667,0.0,0.22042647004127502,0.127870112657547,0.22127974033355713,82.03125,17.96875,0.0,0.9049180746078491,0.8853370547294617,-0.35889536142349243,2.4781744480133057,1.3239442110061646,1.295296311378479,-0.5250834226608276,3.625704050064087,70.01953125,29.98046875,0.0,-2.0230159759521484,TIT_INC,100,35329,96.62210700000105,512,512,150,15,75,150,MAX_EPOCHS,False,0,2048,deterministic_evenly_spaced_full_fold,53.699951171875,36.704002380371094,3584,3566,99.49776785714286,TIT,1.460840509680585,20,0.99,1.460840509680585
93,COMPLETE,0,42,25813,4032,81354305b7b8066000bae764cd84c6a44c1e035572eb00baa18e30401895a2a4,6d4d4bf8c14384a72deec9ae950f7dbc99365946e460adffb80cf5c9ed8ff111,2656,61.85353130000112,0.1079096794128418,0.119140625,513542e17ddbca8b50109dcb24ce4faf75c9dfec77ac6fad24bc5d7e0de097a3,True,True,True,1,0.8062975649931152,4.6738653919696995,3.0402463882688493,0.06052113017388122,0.4400618067139674,1.0781646247894046,4.548374393612295,0.9057490062632853,0.8760403266342778,8.659836435335839,0.0,0.1547577679157257,0.087980717420578,0.15498608350753784,85.693359375,14.306640625,0.0,0.5742420554161072,0.47059518098831177,-0.3193688988685608,1.873258352279663,0.8472691774368286,0.6943427324295044,-0.4712148904800415,2.763911247253418,80.76171875,19.23828125,0.0,-2.237381935119629,TIT_INC,150,37793,61.852882499999396,512,512,400,40,75,210,EARLY_STOPPING,False,0,2048,deterministic_evenly_spaced_full_fold,54.0999755859375,36.66660079956054,2560,2534,98.984375,TIT,1.4710406161479248,20,0.99,1.4710406161479248
93,COMPLETE,1,42,27493,2352,db92a7db6dfa639d2026ff19c5b1159be2b53d1e09d9e6a72b1b767a05c21400,2ea764e1783688df4d4bc4d6bc4b7c6a52ae545bfb933c403a7aa96e5d21a797,34668,37.57079390000035,0.10291004180908203,0.119140625,513542e17ddbca8b50109dcb24ce4faf75c9dfec77ac6fad24bc5d7e0de097a3,True,True,True,1,0.8237064692191179,4.262093720363684,3.0637459738724897,0.056213320389810445,0.41978396354363895,-0.6545828816031112,4.212423122881878,0.9109320775438485,0.8698414321283051,8.000134500159994,0.0,0.12542833387851715,0.2539065182209015,0.1260872185230255,85.9375,14.0625,0.0,0.7429192066192627,0.8645839691162109,-1.3771240711212158,2.2297165393829346,1.0748775005340576,1.2509056329727173,-1.9924638271331787,3.226019859313965,78.466796875,21.533203125,0.0,-3.434730052947998,TIT_INC,60,37793,37.57042849999925,512,512,400,40,75,120,EARLY_STOPPING,False,0,2048,deterministic_evenly_spaced_full_fold,53.699951171875,37.11560134887693,2560,2536,99.0625,TIT,1.4510427975077411,20,0.99,1.4510427975077411
94,COMPLETE,0,42,25813,4032,81354305b7b8066000bae764cd84c6a44c1e035572eb00baa18e30401895a2a4,6d4d4bf8c14384a72deec9ae950f7dbc99365946e460adffb80cf5c9ed8ff111,34668,62.55452940000032,0.09215307235717773,0.109375,513542e17ddbca8b50109dcb24ce4faf75c9dfec77ac6fad24bc5d7e0de097a3,True,True,True,1,0.7467624679024352,5.344076871999364,3.4719575312402515,0.0691995906825205,0.5031647097819572,1.3551797043709528,5.170036253948401,0.8796894869840423,0.8653013228389034,9.59367481993311,0.0,0.09687866270542145,0.041502244770526886,0.09828414767980576,91.552734375,8.447265625,0.0,0.47905123233795166,0.39392542839050293,-0.14996232092380524,1.3344358205795288,0.7068192362785339,0.5812197923660278,-0.2212628722190857,1.9689018726348877,84.1796875,15.8203125,0.0,-5.54835844039917,TIT_INC,125,21185,62.55413270000099,512,512,150,15,75,150,MAX_EPOCHS,False,0,2048,deterministic_evenly_spaced_full_fold,54.0999755859375,36.66660079956054,3584,3548,98.99553571428571,TIT,1.4710406161479248,20,0.99,1.4710406161479248
94,COMPLETE,1,42,27493,2352,db92a7db6dfa639d2026ff19c5b1159be2b53d1e09d9e6a72b1b767a05c21400,2ea764e1783688df4d4bc4d6bc4b7c6a52ae545bfb933c403a7aa96e5d21a797,2656,50.98942200000056,0.08766460418701172,0.091796875,513542e17ddbca8b50109dcb24ce4faf75c9dfec77ac6fad24bc5d7e0de097a3,True,True,True,1,0.7270471139389747,5.303330009307781,3.5878096291808044,0.06994632415560217,0.5223378549022564,-1.3898993203429137,5.119045857526914,0.8640874492817191,0.7718677339470698,13.779446199005585,0.0,0.09064725786447525,0.03487568721175194,0.09182833135128021,90.8203125,9.1796875,0.0,0.4926952123641968,0.356927752494812,-0.09908105432987213,1.4695134162902832,0.712846040725708,0.5164135694503784,-0.1433533877134323,2.1261355876922607,88.76953125,11.23046875,0.0,-6.900653839111328,TIT_INC,55,21185,50.9890321999992,512,512,150,15,75,115,EARLY_STOPPING,False,0,2048,deterministic_evenly_spaced_full_fold,53.699951171875,37.11560134887693,3584,3549,99.0234375,TIT,1.4510427975077411,20,0.99,1.4510427975077411
95,COMPLETE,0,42,25813,4032,81354305b7b8066000bae764cd84c6a44c1e035572eb00baa18e30401895a2a4,6d4d4bf8c14384a72deec9ae950f7dbc99365946e460adffb80cf5c9ed8ff111,2656,108.32321500000035,0.12051010131835938,0.140625,513542e17ddbca8b50109dcb24ce4faf75c9dfec77ac6fad24bc5d7e0de097a3,True,True,True,1,0.7391249090011757,5.424066022271861,3.41048611818798,0.07023535730610736,0.5106959857247578,1.0379731759192452,5.324484499326097,0.8700024027931611,0.8358107529925967,11.080182483443123,0.0,0.09173417836427689,0.333759069442749,0.09277860820293427,61.42578125,38.57421875,0.0,0.08739636093378067,0.14461109042167664,-1.2920384407043457,1.1762487888336182,0.12894952297210693,0.21336737275123596,-1.9063464403152466,1.7355037927627563,88.232421875,11.767578125,0.0,-5.283734321594238,TIT_INC,175,73089,108.32276029999957,512,512,400,0,75,235,EARLY_STOPPING,False,0,2048,deterministic_evenly_spaced_full_fold,54.0999755859375,36.66660079956054,640,625,97.65625,TIT,1.4710406161479248,20,0.99,1.4710406161479248
95,COMPLETE,1,42,27493,2352,db92a7db6dfa639d2026ff19c5b1159be2b53d1e09d9e6a72b1b767a05c21400,2ea764e1783688df4d4bc4d6bc4b7c6a52ae545bfb933c403a7aa96e5d21a797,34668,66.84292199999982,0.1112680435180664,0.125,513542e17ddbca8b50109dcb24ce4faf75c9dfec77ac6fad24bc5d7e0de097a3,True,True,True,1,0.7480342298460378,5.095368290749777,3.4262160297964708,0.06720348941729914,0.5018552000829773,-0.8401796493400522,5.026690681809631,0.8688412225128832,0.7552147866613319,15.436481006369927,0.0,0.0796113908290863,0.196049764752388,0.0802248865365982,72.75390625,27.24609375,0.0,0.24615752696990967,0.2012287676334381,-0.7540901303291321,1.3267998695373535,0.35614800453186035,0.2911437153816223,-1.0910398960113525,1.9196531772613525,96.728515625,3.271484375,0.0,-7.6362104415893555,TIT_INC,75,73089,66.84252309999829,512,512,400,0,75,135,EARLY_STOPPING,False,0,2048,deterministic_evenly_spaced_full_fold,53.699951171875,37.11560134887693,640,640,100.0,TIT,1.4510427975077411,20,0.99,1.4510427975077411
96,COMPLETE,0,42,25813,4032,81354305b7b8066000bae764cd84c6a44c1e035572eb00baa18e30401895a2a4,6d4d4bf8c14384a72deec9ae950f7dbc99365946e460adffb80cf5c9ed8ff111,34668,63.54957829999876,0.11854839324951172,0.130859375,513542e17ddbca8b50109dcb24ce4faf75c9dfec77ac6fad24bc5d7e0de097a3,True,True,True,1,0.8104842762939016,4.623078677599842,3.0132173734997947,0.059863501189365995,0.43528004870247977,1.349240577410138,4.422358740952125,0.9106292923561164,0.8758507022034463,8.942510274291598,0.0,0.07248035818338394,0.027565062046051025,0.07250387966632843,94.189453125,5.810546875,0.0,0.7690907716751099,0.6167324781417847,-0.021617768332362175,2.439749002456665,1.1347600221633911,0.9099619388580322,-0.03189607709646225,3.599743366241455,90.8203125,9.1796875,0.0,-3.961596727371216,TIT_INC,120,76513,63.549158999998326,512,512,150,0,75,150,MAX_EPOCHS,False,0,2048,deterministic_evenly_spaced_full_fold,54.0999755859375,36.66660079956054,3584,3548,98.99553571428571,TIT,1.4710406161479248,20,0.99,1.4710406161479248
96,COMPLETE,1,42,27493,2352,db92a7db6dfa639d2026ff19c5b1159be2b53d1e09d9e6a72b1b767a05c21400,2ea764e1783688df4d4bc4d6bc4b7c6a52ae545bfb933c403a7aa96e5d21a797,2656,67.53084659999877,0.11015462875366211,0.1328125,513542e17ddbca8b50109dcb24ce4faf75c9dfec77ac6fad24bc5d7e0de097a3,True,True,True,1,0.8243383292934725,4.254448901410131,2.994287197281714,0.05611249185685142,0.41903100675492194,-0.677848110393602,4.200995233128794,0.9106747150464889,0.8503120435928474,9.27544946610287,0.0,0.0599420890212059,0.03308042138814926,0.059970319271087646,89.74609375,10.25390625,0.0,0.745851993560791,0.5546691417694092,-0.12053274363279343,2.406757116317749,1.0791206359863281,0.8025116920471191,-0.17439033091068268,3.4821674823760986,86.181640625,13.818359375,0.0,-3.2957444190979004,TIT_INC,110,76513,67.53044430000045,512,512,150,0,75,150,MAX_EPOCHS,False,0,2048,deterministic_evenly_spaced_full_fold,53.699951171875,37.11560134887693,3584,3549,99.0234375,TIT,1.4510427975077411,20,0.99,1.4510427975077411
96,COMPLETE,2,42,26989,2856,424f72a3df11b24bdd551a74968aa5efe8f47b52221df203d3bd3ed6f8a96c5a,f1c78e2ff146b5069b0310a8b0222fe8d495ed8d7dbf78dc149a7df8702a8f3a,34668,84.25514350000049,0.11281919479370117,0.1328125,513542e17ddbca8b50109dcb24ce4faf75c9dfec77ac6fad24bc5d7e0de097a3,True,True,True,1,0.8658021978321283,3.9345253089631194,2.6547467902261004,0.04722072652183074,0.3662660428457743,0.4778103654791995,3.9060887001638247,0.9318876668382355,0.8918661286876813,7.137980749594576,0.0,0.05336902663111687,0.02336496114730835,0.053388968110084534,96.630859375,3.369140625,0.0,0.9292764663696289,0.7053557634353638,0.06889081001281738,2.9231345653533936,1.370224952697754,1.0400522947311401,0.10158001631498337,4.310183525085449,87.6953125,12.3046875,0.0,-3.5179736614227295,TIT_INC,110,76513,84.25471060000018,512,512,150,0,75,150,MAX_EPOCHS,False,0,2048,deterministic_evenly_spaced_full_fold,54.0,36.622398376464815,3584,3559,99.30245535714286,TIT,1.4524626095825595,20,0.99,1.4524626095825595
96,COMPLETE,3,42,26466,3379,ad1e190147cfc7079fe69ab58be273b0089b28a9cb71d4377b9a01145e874910,b3de2bff6a2b887166deba8883b54b43de7150168fdd2094f9852f380bd9133e,2656,83.10089449999941,0.11529397964477539,0.1328125,513542e17ddbca8b50109dcb24ce4faf75c9dfec77ac6fad24bc5d7e0de097a3,True,True,True,1,0.7994159972748018,5.058733051294916,3.4138810134350317,0.05490565945627366,0.4477997775602271,0.05966161009333267,5.059129889832624,0.8947641512474059,0.7701415981088434,14.785697409279637,0.0,0.0854860171675682,0.020062563940882683,0.08550313860177994,94.873046875,5.126953125,0.0,0.8808802366256714,0.6799576282501221,-0.0037235920317471027,2.613882541656494,1.3140654563903809,1.0143365859985352,-0.005554721225053072,3.899296522140503,84.033203125,15.966796875,0.0,-3.7270584106445312,TIT_INC,115,76513,83.10023569999976,512,512,150,0,75,150,MAX_EPOCHS,False,0,2048,deterministic_evenly_spaced_full_fold,54.0,36.19874954223633,3584,3558,99.27455357142857,TIT,1.4666428059277477,20,0.99,1.4666428059277477
96,COMPLETE,4,42,27061,2784,2cf8e61e68345fca034455d14ca0a91ba8af3af3a30bcfad11a389cf00a64d26,e85c7d3201b31d98e24a7a8ea73439fb69c13286f849eaf6812d38684b5bedb5,25492,75.9588089000008,0.11275672912597656,0.1328125,513542e17ddbca8b50109dcb24ce4faf75c9dfec77ac6fad24bc5d7e0de097a3,True,True,True,1,0.6930257697190935,5.800997831536121,3.5725015072987,0.07746024280046367,0.5539530364108184,-0.46194668610890705,5.783614463065585,0.836418002339417,0.7564634366637388,15.603958589617191,0.0,0.10577760636806488,0.021326720714569092,0.10579580813646317,91.796875,8.203125,0.0,1.0123255252838135,0.7798823118209839,-0.10704119503498077,2.9513731002807617,1.4810872077941895,1.1410102844238281,-0.15660709142684937,4.318019390106201,83.642578125,16.357421875,0.0,-3.7832891941070557,TIT_INC,70,76513,75.95834560000003,512,512,150,0,75,130,EARLY_STOPPING,False,0,2048,deterministic_evenly_spaced_full_fold,53.699951171875,36.704002380371094,3584,3566,99.49776785714286,TIT,1.460840509680585,20,0.99,1.460840509680585
97,COMPLETE,0,42,25813,4032,81354305b7b8066000bae764cd84c6a44c1e035572eb00baa18e30401895a2a4,6d4d4bf8c14384a72deec9ae950f7dbc99365946e460adffb80cf5c9ed8ff111,2656,102.65441020000071,0.08571386337280273,0.095703125,513542e17ddbca8b50109dcb24ce4faf75c9dfec77ac6fad24bc5d7e0de097a3,True,True,True,1,0.812164798088873,4.602535568210313,2.9557632870144315,0.05959749177461561,0.4333458385626219,1.0447242695187766,4.482953178416988,0.9089887721271442,0.8866777846635266,7.975783558376131,0.0,0.0782151147723198,5.3691484936280176e-05,-4.677728176116943,99.951171875,0.048828125,0.0,0.8728594779968262,0.6903183460235596,0.2833699882030487,1.960857629776001,1.2878661155700684,1.0185346603393555,0.4181000888347626,2.893160104751587,90.771484375,9.228515625,0.0,-3.2742161750793457,TIT_INC,260,21427,102.65348180000001,512,512,400,0,75,320,EARLY_STOPPING,False,0,2048,deterministic_evenly_spaced_full_fold,54.0999755859375,36.66660079956054,640,624,97.5,TIT,1.4710406161479248,20,0.99,1.4710406161479248
97,COMPLETE,1,42,27493,2352,db92a7db6dfa639d2026ff19c5b1159be2b53d1e09d9e6a72b1b767a05c21400,2ea764e1783688df4d4bc4d6bc4b7c6a52ae545bfb933c403a7aa96e5d21a797,34668,120.0286918999991,0.08344602584838867,0.095703125,513542e17ddbca8b50109dcb24ce4faf75c9dfec77ac6fad24bc5d7e0de097a3,True,True,True,1,0.8415991066200524,4.040020982773406,2.8480241055391273,0.05328437354653469,0.39791148018288386,-0.696712639867043,3.9803388108739095,0.9216955628224437,0.9017656175506136,5.8352493444531985,0.0,0.05708695575594902,2.156827122234972e-06,-5.766114234924316,100.0,0.0,0.0,0.9140190482139587,0.6971467733383179,0.24195612967014313,2.4146697521209717,1.322429895401001,1.0086524486541748,0.3500692844390869,3.4936156272888184,89.990234375,10.009765625,0.0,-3.2046608924865723,TIT_INC,305,21427,120.02831900000092,512,512,400,0,75,365,EARLY_STOPPING,False,0,2048,deterministic_evenly_spaced_full_fold,53.699951171875,37.11560134887693,640,639,99.84375,TIT,1.4510427975077411,20,0.99,1.4510427975077411
97,COMPLETE,2,42,26989,2856,424f72a3df11b24bdd551a74968aa5efe8f47b52221df203d3bd3ed6f8a96c5a,f1c78e2ff146b5069b0310a8b0222fe8d495ed8d7dbf78dc149a7df8702a8f3a,2656,128.52642849999938,0.08455467224121094,0.095703125,513542e17ddbca8b50109dcb24ce4faf75c9dfec77ac6fad24bc5d7e0de097a3,True,True,True,1,0.8619299630777467,3.9908863662531915,2.762402859054694,0.04789715121446465,0.371512709165905,0.5409156508138534,3.9547516304687744,0.9301942930311261,0.8914897290617574,7.224269202337809,0.0,0.06332819908857346,4.435638402355835e-06,-4.70098352432251,100.0,0.0,0.0,1.0869865417480469,0.8064138293266296,0.22172603011131287,2.6099884510040283,1.6027698516845703,1.1890631914138794,0.3269366919994354,3.848447322845459,90.52734375,9.47265625,0.0,-4.143071174621582,TIT_INC,235,21427,128.52603269999963,512,512,400,0,75,295,EARLY_STOPPING,False,0,2048,deterministic_evenly_spaced_full_fold,54.0,36.622398376464815,640,621,97.03125,TIT,1.4524626095825595,20,0.99,1.4524626095825595
97,COMPLETE,3,42,26466,3379,ad1e190147cfc7079fe69ab58be273b0089b28a9cb71d4377b9a01145e874910,b3de2bff6a2b887166deba8883b54b43de7150168fdd2094f9852f380bd9133e,34668,154.49234790000082,0.08570718765258789,0.095703125,513542e17ddbca8b50109dcb24ce4faf75c9dfec77ac6fad24bc5d7e0de097a3,True,True,True,1,0.8108733542015848,4.912131400200852,3.285598644246431,0.05331449814195253,0.4348225783120715,0.1865386895154065,4.909314708136454,0.9009881936851324,0.789100045706525,13.697988570921572,0.0,0.08625028282403946,1.5135498188101337e-06,-5.482954025268555,100.0,0.0,0.0,1.0508313179016113,0.687821626663208,0.27675265073776245,3.009082555770874,1.5675925016403198,1.0260677337646484,0.41284969449043274,4.488841533660889,81.93359375,18.06640625,0.0,-3.23673677444458,TIT_INC,335,21427,154.4919571999999,512,512,400,0,75,395,EARLY_STOPPING,False,0,2048,deterministic_evenly_spaced_full_fold,54.0,36.19874954223633,640,623,97.34375,TIT,1.4666428059277477,20,0.99,1.4666428059277477
97,COMPLETE,4,42,27061,2784,2cf8e61e68345fca034455d14ca0a91ba8af3af3a30bcfad11a389cf00a64d26,e85c7d3201b31d98e24a7a8ea73439fb69c13286f849eaf6812d38684b5bedb5,19844,122.45358839999972,0.08440256118774414,0.095703125,513542e17ddbca8b50109dcb24ce4faf75c9dfec77ac6fad24bc5d7e0de097a3,True,True,True,1,0.6832630046112398,5.892521012847321,3.4001012547262786,0.07868234424785538,0.5626928335391155,-0.5919909545744972,5.86376168205064,0.8319466891692543,0.7548102427638506,15.582974152801356,0.0,0.0960916206240654,0.0002538659900892526,-4.0291972160339355,99.755859375,0.244140625,0.0,1.2154947519302368,0.7360279560089111,0.19953420758247375,3.4171972274780273,1.7783348560333252,1.0768489837646484,0.2919293940067291,4.999545574188232,82.861328125,17.138671875,0.0,-3.9120664596557617,TIT_INC,215,21427,122.45317299999988,512,512,400,0,75,275,EARLY_STOPPING,False,0,2048,deterministic_evenly_spaced_full_fold,53.699951171875,36.704002380371094,640,634,99.0625,TIT,1.460840509680585,20,0.99,1.460840509680585
98,COMPLETE,0,42,25813,4032,81354305b7b8066000bae764cd84c6a44c1e035572eb00baa18e30401895a2a4,6d4d4bf8c14384a72deec9ae950f7dbc99365946e460adffb80cf5c9ed8ff111,2656,269.189568400001,0.10454225540161133,0.119140625,513542e17ddbca8b50109dcb24ce4faf75c9dfec77ac6fad24bc5d7e0de097a3,True,True,True,1,0.8273084245337339,4.413104751463572,2.899399664666918,0.05714458263885579,0.4155102227556073,0.8706757852009365,4.3268996513274525,0.9134182243496011,0.8502187914191482,10.031654803729365,0.0,0.07672174274921417,0.27445167303085327,0.07695872336626053,87.353515625,12.646484375,0.0,0.708130955696106,0.694843053817749,-0.6677855849266052,2.098454475402832,1.044816255569458,1.0252106189727783,-0.9852885603904724,3.0961782932281494,85.986328125,14.013671875,0.0,-3.356898307800293,TIT_INC,160,35409,269.1891673000009,128,128,400,0,75,220,EARLY_STOPPING,False,0,2048,deterministic_evenly_spaced_full_fold,54.0999755859375,36.66660079956054,640,619,96.71875,TIT,1.4710406161479248,20,0.99,1.4710406161479248
98,COMPLETE,1,42,27493,2352,db92a7db6dfa639d2026ff19c5b1159be2b53d1e09d9e6a72b1b767a05c21400,2ea764e1783688df4d4bc4d6bc4b7c6a52ae545bfb933c403a7aa96e5d21a797,34668,274.3427197000001,0.0981292724609375,0.103515625,513542e17ddbca8b50109dcb24ce4faf75c9dfec77ac6fad24bc5d7e0de097a3,True,True,True,1,0.8360934129446073,4.109632725120522,2.93794947740983,0.05420249206578618,0.40476770978009635,-0.7188042442814834,4.047142894657292,0.9179144183788027,0.8776301419620367,7.418013444194007,0.0,0.05919051542878151,0.7992019653320312,0.05988060310482979,83.642578125,16.357421875,0.0,0.5580974221229553,0.6236015558242798,-0.9996631741523743,1.8192065954208374,0.8074718713760376,0.9022452235221863,-1.4463422298431396,2.6320817470550537,80.2734375,19.7265625,0.0,-2.1174731254577637,TIT_INC,150,35409,274.34235400000034,128,128,400,0,75,210,EARLY_STOPPING,False,0,2048,deterministic_evenly_spaced_full_fold,53.699951171875,37.11560134887693,640,636,99.375,TIT,1.4510427975077411,20,0.99,1.4510427975077411
98,COMPLETE,2,42,26989,2856,424f72a3df11b24bdd551a74968aa5efe8f47b52221df203d3bd3ed6f8a96c5a,f1c78e2ff146b5069b0310a8b0222fe8d495ed8d7dbf78dc149a7df8702a8f3a,2656,506.6631898000014,0.10022163391113281,0.119140625,513542e17ddbca8b50109dcb24ce4faf75c9dfec77ac6fad24bc5d7e0de097a3,True,True,True,1,0.8765023898460824,3.7744086462841344,2.5889660263595795,0.045299065191370246,0.35136073869141915,0.4348629849965499,3.749930462736005,0.9372441204035459,0.8942441663972406,6.948565512802875,0.0,0.05633552372455597,0.1963340938091278,0.056505050510168076,88.720703125,11.279296875,0.0,0.7890596389770508,0.7429132461547852,-0.5469717979431152,2.1911871433258057,1.163474202156067,1.0954310894012451,-0.8065140247344971,3.230921745300293,82.6171875,17.3828125,0.0,-2.989217758178711,TIT_INC,250,35409,506.66268560000026,128,128,400,0,75,310,EARLY_STOPPING,False,0,2048,deterministic_evenly_spaced_full_fold,54.0,36.622398376464815,640,615,96.09375,TIT,1.4524626095825595,20,0.99,1.4524626095825595
98,COMPLETE,3,42,26466,3379,ad1e190147cfc7079fe69ab58be273b0089b28a9cb71d4377b9a01145e874910,b3de2bff6a2b887166deba8883b54b43de7150168fdd2094f9852f380bd9133e,34668,383.7189274000011,0.10235929489135742,0.119140625,513542e17ddbca8b50109dcb24ce4faf75c9dfec77ac6fad24bc5d7e0de097a3,True,True,True,1,0.8163397899138607,4.840621817933635,3.268194526566243,0.052538358991692534,0.42849253980085034,-0.11738027260479189,4.83991465971917,0.9061976670843845,0.7587623414187533,15.337675392758767,0.0,0.08653195202350616,0.28119662404060364,0.08677475899457932,86.328125,13.671875,0.0,0.8607453107833862,0.7845509648323059,-0.7311874032020569,2.774604320526123,1.2840290069580078,1.1703650951385498,-1.0907591581344604,4.139055252075195,83.935546875,16.064453125,0.0,-3.8692712783813477,TIT_INC,165,35409,383.71851549999883,128,128,400,0,75,225,EARLY_STOPPING,False,0,2048,deterministic_evenly_spaced_full_fold,54.0,36.19874954223633,640,619,96.71875,TIT,1.4666428059277477,20,0.99,1.4666428059277477
98,COMPLETE,4,42,27061,2784,2cf8e61e68345fca034455d14ca0a91ba8af3af3a30bcfad11a389cf00a64d26,e85c7d3201b31d98e24a7a8ea73439fb69c13286f849eaf6812d38684b5bedb5,27536,357.13740340000004,0.10019254684448242,0.119140625,513542e17ddbca8b50109dcb24ce4faf75c9dfec77ac6fad24bc5d7e0de097a3,True,True,True,1,0.7089127460567695,5.648892864936185,3.405416128279149,0.07542919779990598,0.539428120086399,-1.1601116451723823,5.5294768297407435,0.849248469123109,0.7261094995988207,16.90821770581254,0.0,0.09606431424617767,0.6879428029060364,0.09665833413600922,83.49609375,16.50390625,0.0,0.8361612558364868,0.6914985179901123,-1.2109043598175049,3.270033359527588,1.2233495712280273,1.011699914932251,-1.7716190814971924,4.784236907958984,75.439453125,24.560546875,0.0,-3.156972885131836,TIT_INC,140,35409,357.1369527000006,128,128,400,0,75,200,EARLY_STOPPING,False,0,2048,deterministic_evenly_spaced_full_fold,53.699951171875,36.704002380371094,640,626,97.8125,TIT,1.460840509680585,20,0.99,1.460840509680585
99,COMPLETE,0,42,25813,4032,81354305b7b8066000bae764cd84c6a44c1e035572eb00baa18e30401895a2a4,6d4d4bf8c14384a72deec9ae950f7dbc99365946e460adffb80cf5c9ed8ff111,34668,62.74831880000056,0.11409235000610352,0.12890625,513542e17ddbca8b50109dcb24ce4faf75c9dfec77ac6fad24bc5d7e0de097a3,True,True,True,1,0.8302289449213841,4.3756289215731,2.7989674740367465,0.05665931415357328,0.41198173401520816,0.8074713046588595,4.301012267397965,0.9148487087752214,0.8649635056413947,9.066628132646713,0.0,0.06435943394899368,0.16445612907409668,0.06445921212434769,87.060546875,12.939453125,0.0,0.5587799549102783,0.4928809404373169,-0.9882686734199524,2.0094034671783447,0.8244555592536926,0.7272244095802307,-1.4581475257873535,2.964787483215332,77.978515625,22.021484375,0.0,-1.2544364929199219,TIT_INC,105,62849,62.74785610000072,512,512,150,0,75,150,MAX_EPOCHS,False,0,2048,deterministic_evenly_spaced_full_fold,54.0999755859375,36.66660079956054,1536,1520,98.95833333333333,TIT,1.4710406161479248,20,0.99,1.4710406161479248
99,COMPLETE,1,42,27493,2352,db92a7db6dfa639d2026ff19c5b1159be2b53d1e09d9e6a72b1b767a05c21400,2ea764e1783688df4d4bc4d6bc4b7c6a52ae545bfb933c403a7aa96e5d21a797,2656,55.404933199999505,0.10650253295898438,0.11328125,513542e17ddbca8b50109dcb24ce4faf75c9dfec77ac6fad24bc5d7e0de097a3,True,True,True,1,0.8406066859634129,4.052657085439486,2.929213689298046,0.05345103278357893,0.39915604062874344,-0.6655115756858774,3.9984898874965142,0.9191905594630132,0.8472093076381032,9.494098218574216,0.0,0.05445340275764465,0.23406866192817688,0.05459541082382202,84.716796875,15.283203125,0.0,0.6916245222091675,0.7216447591781616,-1.1383624076843262,2.425410509109497,1.0006628036499023,1.0440969467163086,-1.6470164060592651,3.509155750274658,87.59765625,12.40234375,0.0,-2.343912124633789,TIT_INC,65,62849,55.404531000000134,512,512,150,0,75,125,EARLY_STOPPING,False,0,2048,deterministic_evenly_spaced_full_fold,53.699951171875,37.11560134887693,1536,1521,99.0234375,TIT,1.4510427975077411,20,0.99,1.4510427975077411
99,COMPLETE,2,42,26989,2856,424f72a3df11b24bdd551a74968aa5efe8f47b52221df203d3bd3ed6f8a96c5a,f1c78e2ff146b5069b0310a8b0222fe8d495ed8d7dbf78dc149a7df8702a8f3a,2656,82.90251349999926,0.10935592651367188,0.12890625,513542e17ddbca8b50109dcb24ce4faf75c9dfec77ac6fad24bc5d7e0de097a3,True,True,True,1,0.8756671339280557,3.787150935734662,2.5752428305917094,0.045451993465598056,0.35254692191998,0.16706306927678297,3.784126849363329,0.9362339826777251,0.8999397067949689,6.329966453224433,0.0,0.04923669248819351,0.08915940672159195,0.04929078370332718,88.57421875,11.42578125,0.0,0.6785355806350708,0.5068744421005249,-0.4691176414489746,2.311171054840088,1.000505805015564,0.7473901510238647,-0.6917175054550171,3.407838821411133,67.578125,32.421875,0.0,-1.0827031135559082,TIT_INC,135,62849,82.90207460000056,512,512,150,0,75,150,MAX_EPOCHS,False,0,2048,deterministic_evenly_spaced_full_fold,54.0,36.622398376464815,1536,1525,99.28385416666667,TIT,1.4524626095825595,20,0.99,1.4524626095825595
99,COMPLETE,3,42,26466,3379,ad1e190147cfc7079fe69ab58be273b0089b28a9cb71d4377b9a01145e874910,b3de2bff6a2b887166deba8883b54b43de7150168fdd2094f9852f380bd9133e,34668,81.5834233000005,0.11168241500854492,0.12890625,513542e17ddbca8b50109dcb24ce4faf75c9dfec77ac6fad24bc5d7e0de097a3,True,True,True,1,0.8154693598548941,4.852078960190963,3.2816598389267955,0.052662710671202866,0.4295067276819432,0.05610087412495202,4.85247271059885,0.907603802696773,0.7413042869665346,16.629618743751312,0.0,0.07975565642118454,0.18317100405693054,0.07986678183078766,83.0078125,16.9921875,0.0,0.5596529245376587,0.4629010260105133,-0.7496945858001709,2.455489158630371,0.8348702192306519,0.6905391216278076,-1.1183675527572632,3.663010835647583,80.615234375,19.384765625,0.0,-2.0871663093566895,TIT_INC,90,62849,81.58302420000109,512,512,150,0,75,150,MAX_EPOCHS,False,0,2048,deterministic_evenly_spaced_full_fold,54.0,36.19874954223633,1536,1525,99.28385416666667,TIT,1.4666428059277477,20,0.99,1.4666428059277477
99,COMPLETE,4,42,27061,2784,2cf8e61e68345fca034455d14ca0a91ba8af3af3a30bcfad11a389cf00a64d26,e85c7d3201b31d98e24a7a8ea73439fb69c13286f849eaf6812d38684b5bedb5,37412,70.52217439999913,0.10820913314819336,0.12890625,513542e17ddbca8b50109dcb24ce4faf75c9dfec77ac6fad24bc5d7e0de097a3,True,True,True,1,0.6922479500039498,5.808342545540629,3.7055810114433028,0.07755831615725693,0.5546544030967785,-0.7083995547787897,5.766017286709171,0.836178100146037,0.7398848964787675,16.451178279074878,0.0,0.10704198479652405,0.26180922985076904,0.10720082372426987,82.91015625,17.08984375,0.0,0.9388220310211182,0.9955541491508484,-0.750451922416687,2.875131368637085,1.3735476732254028,1.456549882888794,-1.0979520082473755,4.2064738273620605,77.44140625,22.55859375,0.0,-2.2522377967834473,TIT_INC,60,62849,70.52173490000132,512,512,150,0,75,120,EARLY_STOPPING,False,0,2048,deterministic_evenly_spaced_full_fold,53.699951171875,36.704002380371094,1536,1528,99.47916666666667,TIT,1.460840509680585,20,0.99,1.460840509680585
100,COMPLETE,0,42,25813,4032,81354305b7b8066000bae764cd84c6a44c1e035572eb00baa18e30401895a2a4,6d4d4bf8c14384a72deec9ae950f7dbc99365946e460adffb80cf5c9ed8ff111,34668,44.57360169999993,0.10837459564208984,0.125,513542e17ddbca8b50109dcb24ce4faf75c9dfec77ac6fad24bc5d7e0de097a3,True,True,True,1,0.8264772343664535,4.423712466531468,2.9820548106753635,0.05728194023275966,0.4165089785746999,1.1984277963638306,4.2588145289083466,0.9161157592050589,0.8324351474495977,11.447097258984833,0.0,0.06534841656684875,0.2562744915485382,0.06551279872655869,81.54296875,18.45703125,0.0,0.46501603722572327,0.43589258193969727,-1.3405516147613525,1.8328973054885864,0.6861109733581543,0.6431404948234558,-1.9779255390167236,2.704360246658325,83.49609375,16.50390625,0.0,-1.8955183029174805,TIT_INC,60,59457,44.57320169999912,512,512,700,0,75,120,EARLY_STOPPING,False,0,2048,deterministic_evenly_spaced_full_fold,54.0999755859375,36.66660079956054,448,446,99.55357142857143,TIT,1.4710406161479248,20,0.99,1.4710406161479248
100,COMPLETE,1,42,27493,2352,db92a7db6dfa639d2026ff19c5b1159be2b53d1e09d9e6a72b1b767a05c21400,2ea764e1783688df4d4bc4d6bc4b7c6a52ae545bfb933c403a7aa96e5d21a797,2656,37.60872500000005,0.10116815567016602,0.107421875,513542e17ddbca8b50109dcb24ce4faf75c9dfec77ac6fad24bc5d7e0de097a3,True,True,True,1,0.8391172049407849,4.07154846553172,2.929562943322318,0.05370019370574651,0.40101669854296,-0.6841976383105427,4.014502788469736,0.9205943052033234,0.9044931383015394,5.666401554161569,0.0,0.05396291986107826,0.4460428059101105,0.054249029606580734,71.630859375,28.369140625,0.0,0.21430665254592896,0.3533264994621277,-1.9575153589248657,1.7635527849197388,0.3100651800632477,0.5112032890319824,-2.832190990447998,2.551560401916504,82.470703125,17.529296875,0.0,-1.5705208778381348,TIT_INC,35,59457,37.60832710000068,512,512,700,0,75,95,EARLY_STOPPING,False,0,2048,deterministic_evenly_spaced_full_fold,53.699951171875,37.11560134887693,448,421,93.97321428571429,TIT,1.4510427975077411,20,0.99,1.4510427975077411
100,COMPLETE,2,42,26989,2856,424f72a3df11b24bdd551a74968aa5efe8f47b52221df203d3bd3ed6f8a96c5a,f1c78e2ff146b5069b0310a8b0222fe8d495ed8d7dbf78dc149a7df8702a8f3a,2656,74.7478110000011,0.10350179672241211,0.123046875,513542e17ddbca8b50109dcb24ce4faf75c9dfec77ac6fad24bc5d7e0de097a3,True,True,True,1,0.8656598094925958,3.9366120867997005,2.6484744555476,0.04724577126237633,0.3664603015683606,0.34162225108854577,3.922447714497877,0.9311366949827156,0.8842863684514374,7.468644455373392,0.0,0.052312418818473816,0.24126730859279633,0.05246717855334282,83.30078125,16.69921875,0.0,0.40523234009742737,0.40002548694610596,-0.9922603368759155,1.6692655086517334,0.5975180864334106,0.5898405313491821,-1.4630951881408691,2.4613444805145264,75.146484375,24.853515625,0.0,-1.3793467283248901,TIT_INC,100,59457,74.74742999999944,512,512,700,0,75,160,EARLY_STOPPING,False,0,2048,deterministic_evenly_spaced_full_fold,54.0,36.622398376464815,448,432,96.42857142857143,TIT,1.4524626095825595,20,0.99,1.4524626095825595
100,COMPLETE,3,42,26466,3379,ad1e190147cfc7079fe69ab58be273b0089b28a9cb71d4377b9a01145e874910,b3de2bff6a2b887166deba8883b54b43de7150168fdd2094f9852f380bd9133e,34668,54.980442799998855,0.10589075088500977,0.125,513542e17ddbca8b50109dcb24ce4faf75c9dfec77ac6fad24bc5d7e0de097a3,True,True,True,1,0.8233733073597318,4.747027897024707,3.1939697491413535,0.05152252441483389,0.4202075924555305,-0.13033224231712068,4.745940710268008,0.9082276947887239,0.7912474084251964,13.243545377171166,0.0,0.07444193959236145,0.2880684733390808,0.07462672144174576,79.638671875,20.361328125,0.0,0.4850834608078003,0.4257746636867523,-1.308655023574829,2.5824167728424072,0.7236300706863403,0.635155439376831,-1.9522045850753784,3.8523569107055664,79.736328125,20.263671875,0.0,-1.530543327331543,TIT_INC,50,59457,54.98007460000008,512,512,700,0,75,110,EARLY_STOPPING,False,0,2048,deterministic_evenly_spaced_full_fold,54.0,36.19874954223633,448,444,99.10714285714286,TIT,1.4666428059277477,20,0.99,1.4666428059277477
100,COMPLETE,4,42,27061,2784,2cf8e61e68345fca034455d14ca0a91ba8af3af3a30bcfad11a389cf00a64d26,e85c7d3201b31d98e24a7a8ea73439fb69c13286f849eaf6812d38684b5bedb5,17388,75.18118249999861,0.10344839096069336,0.123046875,513542e17ddbca8b50109dcb24ce4faf75c9dfec77ac6fad24bc5d7e0de097a3,True,True,True,1,0.7026300030831486,5.709529454663648,3.2929704353727143,0.07623887315219578,0.5452184727072049,-0.7079587201962526,5.666485195331164,0.8442535997736955,0.7757279876837175,14.08708008839066,0.0,0.09612227976322174,0.28722575306892395,0.09630651772022247,83.7890625,16.2109375,0.0,0.6183334589004517,0.5035613775253296,-1.3104605674743652,2.760618209838867,0.9046554565429688,0.7367377281188965,-1.9172751903533936,4.038934707641602,63.4765625,36.5234375,0.0,-0.7224303483963013,TIT_INC,100,59457,75.18076539999856,512,512,700,0,75,160,EARLY_STOPPING,False,0,2048,deterministic_evenly_spaced_full_fold,53.699951171875,36.704002380371094,448,445,99.33035714285714,TIT,1.460840509680585,20,0.99,1.460840509680585
101,COMPLETE,0,42,25813,4032,81354305b7b8066000bae764cd84c6a44c1e035572eb00baa18e30401895a2a4,6d4d4bf8c14384a72deec9ae950f7dbc99365946e460adffb80cf5c9ed8ff111,2656,114.71832940000058,0.11225271224975586,0.119140625,513542e17ddbca8b50109dcb24ce4faf75c9dfec77ac6fad24bc5d7e0de097a3,True,True,True,1,0.8247623224577567,4.4455183245951,2.7873097090494063,0.05756430077670894,0.41856208119783433,0.9374565642977518,4.346089392827743,0.9135903960630611,0.8764379824602453,8.494806787958863,0.0,0.06158643588423729,0.14496693015098572,0.062047604471445084,83.154296875,16.845703125,0.0,0.47948747873306274,0.3874915838241577,-0.6187101006507874,1.8020849227905273,0.7074629068374634,0.5717269778251648,-0.9128797650337219,2.658897876739502,80.17578125,19.82421875,0.0,-2.0720417499542236,TIT_INC,100,51505,114.71795700000075,256,256,400,0,75,160,EARLY_STOPPING,False,0,2048,deterministic_evenly_spaced_full_fold,54.0999755859375,36.66660079956054,3584,3548,98.99553571428571,TIT,1.4710406161479248,20,0.99,1.4710406161479248
101,COMPLETE,1,42,27493,2352,db92a7db6dfa639d2026ff19c5b1159be2b53d1e09d9e6a72b1b767a05c21400,2ea764e1783688df4d4bc4d6bc4b7c6a52ae545bfb933c403a7aa96e5d21a797,17388,79.86899540000013,0.10512351989746094,0.119140625,513542e17ddbca8b50109dcb24ce4faf75c9dfec77ac6fad24bc5d7e0de097a3,True,True,True,1,0.8434809391946374,4.015951173989462,2.834458993405712,0.052966913640285176,0.39554078624793226,-0.16019855551168222,4.013608020258477,0.9187593602392393,0.8622339562465209,9.000367613788223,0.0,0.051506705582141876,0.11124016344547272,0.05186058580875397,76.7578125,23.2421875,0.0,0.5238996744155884,0.3985217213630676,-0.5564250946044922,2.1774582862854004,0.7579935193061829,0.5765930414199829,-0.8050522804260254,3.1504108905792236,85.205078125,14.794921875,0.0,-3.5814945697784424,TIT_INC,45,51505,79.86865130000115,256,256,400,0,75,105,EARLY_STOPPING,False,0,2048,deterministic_evenly_spaced_full_fold,53.699951171875,37.11560134887693,3584,3549,99.0234375,TIT,1.4510427975077411,20,0.99,1.4510427975077411
101,COMPLETE,2,42,26989,2856,424f72a3df11b24bdd551a74968aa5efe8f47b52221df203d3bd3ed6f8a96c5a,f1c78e2ff146b5069b0310a8b0222fe8d495ed8d7dbf78dc149a7df8702a8f3a,17388,133.14631960000042,0.10691356658935547,0.119140625,513542e17ddbca8b50109dcb24ce4faf75c9dfec77ac6fad24bc5d7e0de097a3,True,True,True,1,0.869540400022864,3.8793383783306012,2.725548859069995,0.04655839326576023,0.36112867629903234,-0.16440612461720527,3.8765317758251228,0.9330015976539136,0.8954794994967911,6.2732098927895965,0.0,0.050400469452142715,0.08143353462219238,0.05065952613949776,85.791015625,14.208984375,0.0,0.5320370197296143,0.36410409212112427,-0.23096542060375214,1.5524159669876099,0.784492552280426,0.5368741750717163,-0.3405602276325226,2.289048910140991,76.7578125,23.2421875,0.0,-1.7717573642730713,TIT_INC,85,51505,133.1459648,256,256,400,0,75,145,EARLY_STOPPING,False,0,2048,deterministic_evenly_spaced_full_fold,54.0,36.622398376464815,3584,3559,99.30245535714286,TIT,1.4524626095825595,20,0.99,1.4524626095825595
101,COMPLETE,3,42,26466,3379,ad1e190147cfc7079fe69ab58be273b0089b28a9cb71d4377b9a01145e874910,b3de2bff6a2b887166deba8883b54b43de7150168fdd2094f9852f380bd9133e,2656,169.4919702999996,0.10815191268920898,0.119140625,513542e17ddbca8b50109dcb24ce4faf75c9dfec77ac6fad24bc5d7e0de097a3,True,True,True,1,0.8272843716515077,4.694176706239696,3.2585113708279336,0.05094889669942053,0.415529197442917,0.41352768937805484,4.676618688136525,0.9104462115877047,0.8134730315067377,12.3635055581277,0.0,0.07192479819059372,0.10059917718172073,0.07224482297897339,81.591796875,18.408203125,0.0,0.6325655579566956,0.3610679507255554,-0.3874216079711914,2.572085380554199,0.9436386823654175,0.5386282801628113,-0.5779417157173157,3.836944580078125,69.3359375,30.6640625,0.0,-2.155139923095703,TIT_INC,135,51505,169.49157319999904,256,256,400,0,75,195,EARLY_STOPPING,False,0,2048,deterministic_evenly_spaced_full_fold,54.0,36.19874954223633,3584,3558,99.27455357142857,TIT,1.4666428059277477,20,0.99,1.4666428059277477
101,COMPLETE,4,42,27061,2784,2cf8e61e68345fca034455d14ca0a91ba8af3af3a30bcfad11a389cf00a64d26,e85c7d3201b31d98e24a7a8ea73439fb69c13286f849eaf6812d38684b5bedb5,9240,100.11258459999954,0.10687398910522461,0.119140625,513542e17ddbca8b50109dcb24ce4faf75c9dfec77ac6fad24bc5d7e0de097a3,True,True,True,1,0.6990385385408504,5.743904190247026,3.454415430967835,0.07669787614475251,0.5485010095577986,-0.24190730884157377,5.739838862080545,0.8374889868998444,0.7370715673608434,17.103263515644894,0.0,0.09114628285169601,0.1512278914451599,0.09162737429141998,85.693359375,14.306640625,0.0,0.7602613568305969,0.5307334661483765,-0.5347061157226562,2.7210915088653564,1.1123038530349731,0.7764919400215149,-0.7823041081428528,3.981104850769043,81.640625,18.359375,0.0,-2.6074161529541016,TIT_INC,40,51505,100.11215680000169,256,256,400,0,75,100,EARLY_STOPPING,False,0,2048,deterministic_evenly_spaced_full_fold,53.699951171875,36.704002380371094,3584,3566,99.49776785714286,TIT,1.460840509680585,20,0.99,1.460840509680585
102,COMPLETE,0,42,25813,4032,81354305b7b8066000bae764cd84c6a44c1e035572eb00baa18e30401895a2a4,6d4d4bf8c14384a72deec9ae950f7dbc99365946e460adffb80cf5c9ed8ff111,17388,60.901754900000014,0.09392070770263672,0.09765625,513542e17ddbca8b50109dcb24ce4faf75c9dfec77ac6fad24bc5d7e0de097a3,True,True,True,1,0.8093398185203071,4.6370167152578965,3.0768370931110685,0.06004398259409813,0.4365923667774481,1.0919621615182786,4.507169953965972,0.9057344948304294,0.8394005215518018,10.914612588700342,0.0,0.0745759904384613,0.17147894203662872,0.07466084510087967,85.7421875,14.2578125,0.0,0.6465138792991638,0.5645117163658142,-0.8563092947006226,2.4526498317718506,0.953903079032898,0.8329124450683594,-1.2634470462799072,3.6187779903411865,65.52734375,34.47265625,0.0,-0.9588044881820679,TIT_INC,145,21057,60.90138669999942,512,512,400,0,75,205,EARLY_STOPPING,False,0,2048,deterministic_evenly_spaced_full_fold,54.0999755859375,36.66660079956054,2560,2532,98.90625,TIT,1.4710406161479248,20,0.99,1.4710406161479248
102,COMPLETE,1,42,27493,2352,db92a7db6dfa639d2026ff19c5b1159be2b53d1e09d9e6a72b1b767a05c21400,2ea764e1783688df4d4bc4d6bc4b7c6a52ae545bfb933c403a7aa96e5d21a797,2656,33.901645500000086,0.08913278579711914,0.09765625,513542e17ddbca8b50109dcb24ce4faf75c9dfec77ac6fad24bc5d7e0de097a3,True,True,True,1,0.8310310952257595,4.17261391395275,3.0827587737518103,0.055033159333716435,0.4109708800553917,-1.1377353473585479,4.015360534547899,0.9184760077640638,0.8455838305441036,9.129958340948091,0.0,0.058248985558748245,0.3926084041595459,0.05844326689839363,85.15625,14.84375,0.0,0.7062824964523315,0.9748402833938599,-2.22239089012146,2.169466733932495,1.0218703746795654,1.4104278087615967,-3.215420722961426,3.1388485431671143,88.8671875,11.1328125,0.0,-4.776684761047363,TIT_INC,45,21057,33.9012917,512,512,400,0,75,105,EARLY_STOPPING,False,0,2048,deterministic_evenly_spaced_full_fold,53.699951171875,37.11560134887693,2560,2533,98.9453125,TIT,1.4510427975077411,20,0.99,1.4510427975077411
102,COMPLETE,2,42,26989,2856,424f72a3df11b24bdd551a74968aa5efe8f47b52221df203d3bd3ed6f8a96c5a,f1c78e2ff146b5069b0310a8b0222fe8d495ed8d7dbf78dc149a7df8702a8f3a,2656,96.77850100000069,0.09057235717773438,0.09765625,513542e17ddbca8b50109dcb24ce4faf75c9dfec77ac6fad24bc5d7e0de097a3,True,True,True,1,0.8618139344981964,3.99256290536241,2.7033680493758174,0.04791727242059827,0.3716687786525622,0.4588608287629627,3.9668015991704246,0.9294515991569778,0.8783119168977039,7.953860844408889,0.0,0.05514005199074745,0.2490146905183792,0.055263277143239975,78.7109375,21.2890625,0.0,0.5398346185684204,0.4221346378326416,-0.6839287281036377,2.2581844329833984,0.7959902286529541,0.6224406957626343,-1.0084580183029175,3.329709768295288,71.77734375,28.22265625,0.0,-1.610762596130371,TIT_INC,190,21057,96.77815239999836,512,512,400,0,75,250,EARLY_STOPPING,False,0,2048,deterministic_evenly_spaced_full_fold,54.0,36.622398376464815,2560,2540,99.21875,TIT,1.4524626095825595,20,0.99,1.4524626095825595
102,COMPLETE,3,42,26466,3379,ad1e190147cfc7079fe69ab58be273b0089b28a9cb71d4377b9a01145e874910,b3de2bff6a2b887166deba8883b54b43de7150168fdd2094f9852f380bd9133e,17388,75.53107669999918,0.09206628799438477,0.09765625,513542e17ddbca8b50109dcb24ce4faf75c9dfec77ac6fad24bc5d7e0de097a3,True,True,True,1,0.8202578233691007,4.788710843553528,3.2039379854814722,0.05197493604518463,0.423897372879679,0.16444536961546732,4.7865948039230535,0.9060360303960743,0.8020804979580256,12.84429369557468,0.0,0.07727766782045364,0.2152632176876068,0.07738418877124786,85.498046875,14.501953125,0.0,0.8193639516830444,0.6971553564071655,-0.857203483581543,3.0855824947357178,1.2222977876663208,1.0399913787841797,-1.278745412826538,4.602961540222168,73.974609375,26.025390625,0.0,-1.8842387199401855,TIT_INC,130,21057,75.53063840000141,512,512,400,0,75,190,EARLY_STOPPING,False,0,2048,deterministic_evenly_spaced_full_fold,54.0,36.19874954223633,2560,2541,99.2578125,TIT,1.4666428059277477,20,0.99,1.4666428059277477
102,COMPLETE,4,42,27061,2784,2cf8e61e68345fca034455d14ca0a91ba8af3af3a30bcfad11a389cf00a64d26,e85c7d3201b31d98e24a7a8ea73439fb69c13286f849eaf6812d38684b5bedb5,9080,57.31068669999877,0.09037208557128906,0.09765625,513542e17ddbca8b50109dcb24ce4faf75c9dfec77ac6fad24bc5d7e0de097a3,True,True,True,1,0.6973260872616769,5.760222232966434,3.494745159971303,0.07691576961545891,0.5500592637711611,-0.8211282272448485,5.702419554536891,0.8415415908378412,0.7659807808193,14.616925741124925,0.0,0.10453573614358902,0.2613743543624878,0.10466507822275162,81.396484375,18.603515625,0.0,0.7697685956954956,0.7313334941864014,-1.1679565906524658,2.9867238998413086,1.1262133121490479,1.0699807405471802,-1.7087841033935547,4.369739532470703,81.8359375,18.1640625,0.0,-2.5930681228637695,TIT_INC,70,21057,57.31028409999999,512,512,400,0,75,130,EARLY_STOPPING,False,0,2048,deterministic_evenly_spaced_full_fold,53.699951171875,36.704002380371094,2560,2546,99.453125,TIT,1.460840509680585,20,0.99,1.460840509680585
103,COMPLETE,0,42,25813,4032,81354305b7b8066000bae764cd84c6a44c1e035572eb00baa18e30401895a2a4,6d4d4bf8c14384a72deec9ae950f7dbc99365946e460adffb80cf5c9ed8ff111,17388,332.3992349,0.09627819061279297,0.115234375,513542e17ddbca8b50109dcb24ce4faf75c9dfec77ac6fad24bc5d7e0de097a3,True,True,True,1,0.8202671999690159,4.502174568827307,2.9590649822401622,0.0582979333580477,0.4238964772720751,0.9289378202150739,4.405844382832863,0.9109864821315328,0.8704071649777161,8.855147348360987,0.0,0.1435967981815338,0.15487249195575714,0.14411450922489166,87.890625,12.109375,0.0,0.7112774848937988,0.6235693693161011,-0.8166865706443787,2.471652030944824,1.0494589805603027,0.9200494289398193,-1.204985499382019,3.646815061569214,74.072265625,25.927734375,0.0,-1.344925880432129,TIT_INC,95,29633,332.3988468999996,64,64,400,0,75,155,EARLY_STOPPING,False,0,2048,deterministic_evenly_spaced_full_fold,54.0999755859375,36.66660079956054,2560,2534,98.984375,TIT,1.4710406161479248,20,0.99,1.4710406161479248
103,COMPLETE,1,42,27493,2352,db92a7db6dfa639d2026ff19c5b1159be2b53d1e09d9e6a72b1b767a05c21400,2ea764e1783688df4d4bc4d6bc4b7c6a52ae545bfb933c403a7aa96e5d21a797,2656,204.71647250000024,0.09107303619384766,0.09765625,513542e17ddbca8b50109dcb24ce4faf75c9dfec77ac6fad24bc5d7e0de097a3,True,True,True,1,0.8267139853671017,4.225582294890445,3.0771009224612698,0.055731766347906185,0.41618786455910584,-0.9524991917772357,4.117705670836637,0.9146288973559206,0.8072317420867872,11.865364585414016,0.0,0.12328854948282242,0.3196580708026886,0.12435709685087204,86.62109375,13.37890625,0.0,0.6726446747779846,0.7986923456192017,-1.7515695095062256,2.2958788871765137,0.9732022285461426,1.155571699142456,-2.5342226028442383,3.3217456340789795,83.10546875,16.89453125,0.0,-2.558438777923584,TIT_INC,25,29633,204.71608969999943,64,64,400,0,75,85,EARLY_STOPPING,False,0,2048,deterministic_evenly_spaced_full_fold,53.699951171875,37.11560134887693,2560,2536,99.0625,TIT,1.4510427975077411,20,0.99,1.4510427975077411
103,COMPLETE,2,42,26989,2856,424f72a3df11b24bdd551a74968aa5efe8f47b52221df203d3bd3ed6f8a96c5a,f1c78e2ff146b5069b0310a8b0222fe8d495ed8d7dbf78dc149a7df8702a8f3a,2656,871.1569256999992,0.0929574966430664,0.095703125,513542e17ddbca8b50109dcb24ce4faf75c9dfec77ac6fad24bc5d7e0de097a3,True,True,True,1,0.8751352426616558,3.7952429343983547,2.6265013611951127,0.04554911065913669,0.35330020830055353,0.6264391639987293,3.7438416887857664,0.9374401709239312,0.8637670780920714,9.017283409388504,0.0,0.10168634355068207,0.20019853115081787,0.10235556215047836,83.447265625,16.552734375,0.0,0.5604349374771118,0.5198040008544922,-0.8401132225990295,2.108976125717163,0.8263654112815857,0.7664549350738525,-1.2387531995773315,3.109701156616211,73.974609375,26.025390625,0.0,-1.8550658226013184,TIT_INC,260,29633,871.1564060000001,64,64,400,0,75,320,EARLY_STOPPING,False,0,2048,deterministic_evenly_spaced_full_fold,54.0,36.622398376464815,2560,2542,99.296875,TIT,1.4524626095825595,20,0.99,1.4524626095825595
103,COMPLETE,3,42,26466,3379,ad1e190147cfc7079fe69ab58be273b0089b28a9cb71d4377b9a01145e874910,b3de2bff6a2b887166deba8883b54b43de7150168fdd2094f9852f380bd9133e,17388,647.0969086999994,0.09516000747680664,0.115234375,513542e17ddbca8b50109dcb24ce4faf75c9dfec77ac6fad24bc5d7e0de097a3,True,True,True,1,0.825205560496763,4.722341845526765,3.226599825102396,0.051254590937593165,0.4180223796250592,0.562836192352033,4.689374781241552,0.909785636592418,0.8319130338920777,11.33144269059949,0.0,0.15642671287059784,0.2211150825023651,0.15716585516929626,83.203125,16.796875,0.0,0.7748686075210571,0.5681500434875488,-1.0757158994674683,3.4746720790863037,1.155921220779419,0.8475459218025208,-1.6047145128250122,5.183391571044922,68.212890625,31.787109375,0.0,-1.5311107635498047,TIT_INC,170,29633,647.0965161999993,64,64,400,0,75,230,EARLY_STOPPING,False,0,2048,deterministic_evenly_spaced_full_fold,54.0,36.19874954223633,2560,2542,99.296875,TIT,1.4666428059277477,20,0.99,1.4666428059277477
103,COMPLETE,4,42,27061,2784,2cf8e61e68345fca034455d14ca0a91ba8af3af3a30bcfad11a389cf00a64d26,e85c7d3201b31d98e24a7a8ea73439fb69c13286f849eaf6812d38684b5bedb5,32972,343.69722159999947,0.09292316436767578,0.095703125,513542e17ddbca8b50109dcb24ce4faf75c9dfec77ac6fad24bc5d7e0de097a3,True,True,True,1,0.6796341100488268,5.926180544672376,3.6957087626402405,0.0791317971839597,0.5659070736405841,0.4028439604002854,5.913534781890469,0.8276995921301731,0.7372522785459878,17.736093417749824,0.0,0.2425355613231659,0.1380365639925003,0.24299699068069458,89.2578125,10.7421875,0.0,0.8108842372894287,0.6907250285148621,-0.6992525458335876,2.468719482421875,1.1863677501678467,1.010568380355835,-1.0230445861816406,3.611870765686035,74.51171875,25.48828125,0.0,-1.7562683820724487,TIT_INC,45,29633,343.6968161999994,64,64,400,0,75,105,EARLY_STOPPING,False,0,2048,deterministic_evenly_spaced_full_fold,53.699951171875,36.704002380371094,2560,2547,99.4921875,TIT,1.460840509680585,20,0.99,1.460840509680585
104,COMPLETE,0,42,25813,4032,81354305b7b8066000bae764cd84c6a44c1e035572eb00baa18e30401895a2a4,6d4d4bf8c14384a72deec9ae950f7dbc99365946e460adffb80cf5c9ed8ff111,17388,173.65050650000194,0.10186910629272461,0.119140625,513542e17ddbca8b50109dcb24ce4faf75c9dfec77ac6fad24bc5d7e0de097a3,True,True,True,1,0.8040859856628746,4.700471373907327,3.0060254174565513,0.060865646748752555,0.44256685884939856,0.8961803392758445,4.61482110430806,0.9040811908241827,0.8882930293958509,7.728447374800418,0.0,0.08078675717115402,0.00026622810401022434,0.08152952045202255,99.90234375,0.09765625,0.0,1.1149318218231201,0.9343945980072021,0.32947883009910583,2.494839906692505,1.645033597946167,1.3786585330963135,0.4861316978931427,3.68102765083313,80.517578125,19.482421875,0.0,-3.448917865753174,TIT_INC,115,33553,173.65015340000173,128,128,400,40,75,175,EARLY_STOPPING,False,0,2048,deterministic_evenly_spaced_full_fold,54.0999755859375,36.66660079956054,640,619,96.71875,TIT,1.4710406161479248,20,0.99,1.4710406161479248
104,COMPLETE,1,42,27493,2352,db92a7db6dfa639d2026ff19c5b1159be2b53d1e09d9e6a72b1b767a05c21400,2ea764e1783688df4d4bc4d6bc4b7c6a52ae545bfb933c403a7aa96e5d21a797,2656,125.88851790000263,0.0960702896118164,0.1015625,513542e17ddbca8b50109dcb24ce4faf75c9dfec77ac6fad24bc5d7e0de097a3,True,True,True,1,0.8212041464197328,4.292235368376877,3.1902390694131655,0.05661086259043055,0.42275268767334573,-0.19763931611768243,4.2885945138708035,0.9090114724686081,0.8887439006608927,7.200184065947439,0.0,0.06318193674087524,2.636392309796065e-05,0.06325548887252808,100.0,0.0,0.0,1.382617473602295,0.9157798886299133,0.3118894696235657,4.725986480712891,2.0004115104675293,1.3249773979187012,0.45125091075897217,6.8376970291137695,82.373046875,17.626953125,0.0,-2.943974494934082,TIT_INC,50,33553,125.88814220000131,128,128,400,40,75,110,EARLY_STOPPING,False,0,2048,deterministic_evenly_spaced_full_fold,53.699951171875,37.11560134887693,640,636,99.375,TIT,1.4510427975077411,20,0.99,1.4510427975077411
105,COMPLETE,0,42,25813,4032,81354305b7b8066000bae764cd84c6a44c1e035572eb00baa18e30401895a2a4,6d4d4bf8c14384a72deec9ae950f7dbc99365946e460adffb80cf5c9ed8ff111,2656,66.84232770000017,0.12272787094116211,0.140625,513542e17ddbca8b50109dcb24ce4faf75c9dfec77ac6fad24bc5d7e0de097a3,True,True,True,1,0.7510037236417973,5.299136255870338,3.5004454198337736,0.06861766188253575,0.4989333836589249,0.7933644690210857,5.240059918927632,0.8782934662701763,0.878300687405615,8.236787177449024,0.0,0.09467508643865585,0.3683789074420929,0.09481708705425262,70.01953125,29.98046875,0.0,0.44516393542289734,0.28699877858161926,-0.7901135683059692,2.3169331550598145,0.6568199992179871,0.4234541952610016,-1.1657781600952148,3.418534278869629,44.677734375,55.322265625,0.0,0.5919362902641296,TIT_INC,100,106449,66.84194320000097,512,512,400,200,200,200,EARLY_STOPPING,False,0,2048,deterministic_evenly_spaced_full_fold,54.0999755859375,36.66660079956054,1536,1520,98.95833333333333,TIT,1.4710406161479248,20,0.99,1.4710406161479248
105,COMPLETE,1,42,27493,2352,db92a7db6dfa639d2026ff19c5b1159be2b53d1e09d9e6a72b1b767a05c21400,2ea764e1783688df4d4bc4d6bc4b7c6a52ae545bfb933c403a7aa96e5d21a797,17388,69.9563664999987,0.11373138427734375,0.119140625,513542e17ddbca8b50109dcb24ce4faf75c9dfec77ac6fad24bc5d7e0de097a3,True,True,True,1,0.7787302735352274,4.774916780240328,3.3803864336338174,0.06297701186623082,0.47029315240615527,0.05864643888408635,4.775571936336399,0.8860586177981389,0.8556304830625246,9.658301598482998,0.0,0.07569032907485962,0.40785524249076843,0.0758475512266159,70.703125,29.296875,0.0,0.4628176689147949,0.347575843334198,-0.8972150087356567,2.1783645153045654,0.6696183085441589,0.5028830170631409,-1.2981171607971191,3.151721954345703,38.232421875,61.767578125,0.0,1.3703629970550537,TIT_INC,85,106449,69.95600109999941,512,512,400,200,200,200,EARLY_STOPPING,False,0,2048,deterministic_evenly_spaced_full_fold,53.699951171875,37.11560134887693,1536,1521,99.0234375,TIT,1.4510427975077411,20,0.99,1.4510427975077411
106,COMPLETE,0,42,25813,4032,81354305b7b8066000bae764cd84c6a44c1e035572eb00baa18e30401895a2a4,6d4d4bf8c14384a72deec9ae950f7dbc99365946e460adffb80cf5c9ed8ff111,2656,37.625851000000694,0.11771440505981445,0.130859375,513542e17ddbca8b50109dcb24ce4faf75c9dfec77ac6fad24bc5d7e0de097a3,True,True,True,1,0.8182737966340009,4.5270723686403125,3.0546448410503446,0.05862033095771222,0.42624069770849127,0.7794016722648863,4.460028111896738,0.9077657427643034,0.8416961098029779,10.461648399921119,0.0,0.06527549028396606,0.17803765833377838,0.06537949293851852,88.37890625,11.62109375,0.0,0.5539247393608093,0.5393326282501221,-1.0092884302139282,1.9153907299041748,0.8172918558120728,0.7957618236541748,-1.4891612529754639,2.826075792312622,81.201171875,18.798828125,0.0,-2.2533745765686035,TIT_INC,40,40465,37.62542079999912,512,512,600,0,75,100,EARLY_STOPPING,False,0,2048,deterministic_evenly_spaced_full_fold,54.0999755859375,36.66660079956054,3584,3548,98.99553571428571,TIT,1.4710406161479248,20,0.99,1.4710406161479248
106,COMPLETE,1,42,27493,2352,db92a7db6dfa639d2026ff19c5b1159be2b53d1e09d9e6a72b1b767a05c21400,2ea764e1783688df4d4bc4d6bc4b7c6a52ae545bfb933c403a7aa96e5d21a797,17388,52.863231799998175,0.11152172088623047,0.1328125,513542e17ddbca8b50109dcb24ce4faf75c9dfec77ac6fad24bc5d7e0de097a3,True,True,True,1,0.8355140064668388,4.116890051530426,2.860849148562165,0.0542982099081002,0.40548250148693366,-0.32178567866889796,4.105167817598108,0.915417259612693,0.8730846022527728,8.117281505744819,0.0,0.052981771528720856,0.22899191081523895,0.05311553552746773,75.732421875,24.267578125,0.0,0.39965319633483887,0.35956084728240967,-0.7555074095726013,1.9222743511199951,0.578230082988739,0.5202232599258423,-1.0930904150009155,2.781203269958496,71.97265625,28.02734375,0.0,-1.42539644241333,TIT_INC,80,40465,52.86280650000117,512,512,600,0,75,140,EARLY_STOPPING,False,0,2048,deterministic_evenly_spaced_full_fold,53.699951171875,37.11560134887693,3584,3549,99.0234375,TIT,1.4510427975077411,20,0.99,1.4510427975077411
106,COMPLETE,2,42,26989,2856,424f72a3df11b24bdd551a74968aa5efe8f47b52221df203d3bd3ed6f8a96c5a,f1c78e2ff146b5069b0310a8b0222fe8d495ed8d7dbf78dc149a7df8702a8f3a,2656,86.3917134000003,0.11338233947753906,0.12890625,513542e17ddbca8b50109dcb24ce4faf75c9dfec77ac6fad24bc5d7e0de097a3,True,True,True,1,0.8765863823566141,3.773124913025092,2.6053515148429978,0.04528365829666452,0.35124123560936044,0.3965753774349095,3.7528830247850165,0.9380767967749781,0.9223402346003111,5.179787735184233,0.0,0.04762931913137436,0.2423577904701233,0.04777089133858681,70.263671875,29.736328125,0.0,0.4056590795516968,0.22173205018043518,-0.7895063161849976,2.43664813041687,0.5981473326683044,0.32694554328918457,-1.1641329526901245,3.59285569190979,57.666015625,42.333984375,0.0,-0.5841089487075806,TIT_INC,130,40465,86.3912545000021,512,512,600,0,75,190,EARLY_STOPPING,False,0,2048,deterministic_evenly_spaced_full_fold,54.0,36.622398376464815,3584,3559,99.30245535714286,TIT,1.4524626095825595,20,0.99,1.4524626095825595
106,COMPLETE,3,42,26466,3379,ad1e190147cfc7079fe69ab58be273b0089b28a9cb71d4377b9a01145e874910,b3de2bff6a2b887166deba8883b54b43de7150168fdd2094f9852f380bd9133e,17388,61.4868071000019,0.11531543731689453,0.130859375,513542e17ddbca8b50109dcb24ce4faf75c9dfec77ac6fad24bc5d7e0de097a3,True,True,True,1,0.8191401419576537,4.803576465397961,3.2638039104894054,0.05213628212973188,0.4252132798642405,-0.0847131921610701,4.803540275805504,0.9051291745358337,0.8121070630649022,11.952776379487078,0.0,0.07335811853408813,0.1552709937095642,0.07344882190227509,80.517578125,19.482421875,0.0,0.5588033199310303,0.397973895072937,-0.5049435496330261,2.3175623416900635,0.833602786064148,0.5936832427978516,-0.7532566785812378,3.457256555557251,83.30078125,16.69921875,0.0,-2.704991579055786,TIT_INC,60,40465,61.48638170000049,512,512,600,0,75,120,EARLY_STOPPING,False,0,2048,deterministic_evenly_spaced_full_fold,54.0,36.19874954223633,3584,3558,99.27455357142857,TIT,1.4666428059277477,20,0.99,1.4666428059277477
106,COMPLETE,4,42,27061,2784,2cf8e61e68345fca034455d14ca0a91ba8af3af3a30bcfad11a389cf00a64d26,e85c7d3201b31d98e24a7a8ea73439fb69c13286f849eaf6812d38684b5bedb5,11796,54.693619699999545,0.11312055587768555,0.12890625,513542e17ddbca8b50109dcb24ce4faf75c9dfec77ac6fad24bc5d7e0de097a3,True,True,True,1,0.7249101800052615,5.491474903210833,3.4918891575144624,0.07332720881619852,0.5243958514292205,-0.3305982817178485,5.482499248661018,0.8542145047814558,0.7821678670614146,14.039607020754719,0.0,0.08785901963710785,0.3126180171966553,0.08804163336753845,79.638671875,20.361328125,0.0,0.7357254028320312,0.6024860143661499,-1.326049566268921,3.5722646713256836,1.0764062404632568,0.8814698457717896,-1.9400827884674072,5.2264180183410645,70.01953125,29.98046875,0.0,-1.2620444297790527,TIT_INC,40,40465,54.693106499998976,512,512,600,0,75,100,EARLY_STOPPING,False,0,2048,deterministic_evenly_spaced_full_fold,53.699951171875,36.704002380371094,3584,3566,99.49776785714286,TIT,1.460840509680585,20,0.99,1.460840509680585
107,COMPLETE,0,42,25813,4032,81354305b7b8066000bae764cd84c6a44c1e035572eb00baa18e30401895a2a4,6d4d4bf8c14384a72deec9ae950f7dbc99365946e460adffb80cf5c9ed8ff111,17388,8.2896404000021,0.16558456420898438,0.19921875,513542e17ddbca8b50109dcb24ce4faf75c9dfec77ac6fad24bc5d7e0de097a3,True,True,True,1,0.727880267678227,5.539731016499091,3.88345329912882,0.07173308468700597,0.5215862750387479,1.785408720137581,5.244783865688238,0.8695822372237161,0.7516202465772861,16.97691192198606,0.0,0.12196624279022217,0.0,0.12196624279022217,100.0,0.0,0.0,1.2267789840698242,1.1664838790893555,0.6549830436706543,1.90944504737854,1.8100589513778687,1.7210960388183594,0.9663989543914795,2.81730318069458,100.0,0.0,0.0,-8.737425804138184,TIT_INC,350,12625,8.289264399998501,FULL_BATCH,25813,400,0,75,400,MAX_EPOCHS,False,0,2048,deterministic_evenly_spaced_full_fold,54.0999755859375,36.66660079956054,640,619,96.71875,TIT,1.4710406161479248,20,0.99,1.4710406161479248
107,COMPLETE,1,42,27493,2352,db92a7db6dfa639d2026ff19c5b1159be2b53d1e09d9e6a72b1b767a05c21400,2ea764e1783688df4d4bc4d6bc4b7c6a52ae545bfb933c403a7aa96e5d21a797,2656,6.374618999998347,0.17280054092407227,0.203125,513542e17ddbca8b50109dcb24ce4faf75c9dfec77ac6fad24bc5d7e0de097a3,True,True,True,1,0.7474250352173812,5.101524279767956,3.432015590927228,0.06728468157441707,0.502461518394852,-1.0592736127425213,4.991400816644154,0.8709818144158178,0.7735642861776048,13.997261967784663,0.0,0.0879344567656517,0.0,0.0879344567656517,100.0,0.0,0.0,1.0592107772827148,0.9872327446937561,0.3499058187007904,1.680601716041565,1.5324976444244385,1.428357481956482,0.5062540173530579,2.431544303894043,100.0,0.0,0.0,-7.418094158172607,TIT_INC,190,12625,6.374194299998635,FULL_BATCH,27493,400,0,75,250,EARLY_STOPPING,False,0,2048,deterministic_evenly_spaced_full_fold,53.699951171875,37.11560134887693,640,636,99.375,TIT,1.4510427975077411,20,0.99,1.4510427975077411
108,COMPLETE,0,42,25813,4032,81354305b7b8066000bae764cd84c6a44c1e035572eb00baa18e30401895a2a4,6d4d4bf8c14384a72deec9ae950f7dbc99365946e460adffb80cf5c9ed8ff111,2656,88.57154330000049,0.11771440505981445,0.130859375,513542e17ddbca8b50109dcb24ce4faf75c9dfec77ac6fad24bc5d7e0de097a3,True,True,True,1,0.8254447209527497,4.436854165880007,2.772401158771818,0.057452109980982505,0.41774631843659366,0.8912065710340228,4.3469658697549605,0.9137473505402007,0.8801328199928873,8.222571643192438,0.0,0.058761805295944214,0.17810732126235962,0.058832086622714996,80.615234375,19.384765625,0.0,0.40222203731536865,0.3284562826156616,-0.6229318380355835,1.5493842363357544,0.5934611558914185,0.4846229553222656,-0.9191088676452637,2.2860491275787354,64.501953125,35.498046875,0.0,-0.9308750629425049,TIT_INC,180,40465,88.57077410000056,512,512,600,0,75,240,EARLY_STOPPING,False,0,2048,deterministic_evenly_spaced_full_fold,54.0999755859375,36.66660079956054,3584,3548,98.99553571428571,TIT,1.4710406161479248,20,0.99,1.4710406161479248
108,COMPLETE,1,42,27493,2352,db92a7db6dfa639d2026ff19c5b1159be2b53d1e09d9e6a72b1b767a05c21400,2ea764e1783688df4d4bc4d6bc4b7c6a52ae545bfb933c403a7aa96e5d21a797,17388,59.95821749999959,0.11152172088623047,0.1328125,513542e17ddbca8b50109dcb24ce4faf75c9dfec77ac6fad24bc5d7e0de097a3,True,True,True,1,0.83729814459258,4.094501741394177,2.894007129734065,0.05400292751093884,0.40327742243831133,-0.36307287702755053,4.079239820132456,0.9185772986483629,0.9100670532443311,5.61689640357129,0.0,0.05193406715989113,0.37898939847946167,0.052083615213632584,74.853515625,25.146484375,0.0,0.18330031633377075,0.30602356791496277,-1.5377724170684814,1.4106636047363281,0.26520437002182007,0.44276392459869385,-2.2248945236206055,2.040989875793457,81.93359375,18.06640625,0.0,-2.3809804916381836,TIT_INC,85,40465,59.957785700000386,512,512,600,0,75,145,EARLY_STOPPING,False,0,2048,deterministic_evenly_spaced_full_fold,53.699951171875,37.11560134887693,3584,3549,99.0234375,TIT,1.4510427975077411,20,0.99,1.4510427975077411
108,COMPLETE,2,42,26989,2856,424f72a3df11b24bdd551a74968aa5efe8f47b52221df203d3bd3ed6f8a96c5a,f1c78e2ff146b5069b0310a8b0222fe8d495ed8d7dbf78dc149a7df8702a8f3a,17388,88.20203430000038,0.11338233947753906,0.12890625,513542e17ddbca8b50109dcb24ce4faf75c9dfec77ac6fad24bc5d7e0de097a3,True,True,True,1,0.8768961938718325,3.768386002868751,2.4824346093570484,0.04522678363887687,0.3508000891598992,0.2922182350265546,3.7576968541039473,0.9369723423922008,0.8936161908952195,6.844598965968955,0.0,0.0448959656059742,0.2572903633117676,0.04499749094247818,79.345703125,20.654296875,0.0,0.39219340682029724,0.32569894194602966,-0.9277682900428772,2.2329776287078857,0.5782921314239502,0.48024553060531616,-1.3680013418197632,3.2925422191619873,71.97265625,28.02734375,0.0,-1.9603517055511475,TIT_INC,115,40465,88.20159260000219,512,512,600,0,75,175,EARLY_STOPPING,False,0,2048,deterministic_evenly_spaced_full_fold,54.0,36.622398376464815,3584,3559,99.30245535714286,TIT,1.4524626095825595,20,0.99,1.4524626095825595
108,COMPLETE,3,42,26466,3379,ad1e190147cfc7079fe69ab58be273b0089b28a9cb71d4377b9a01145e874910,b3de2bff6a2b887166deba8883b54b43de7150168fdd2094f9852f380bd9133e,2656,88.59042640000189,0.11531543731689453,0.12890625,513542e17ddbca8b50109dcb24ce4faf75c9dfec77ac6fad24bc5d7e0de097a3,True,True,True,1,0.8206915382325601,4.782929814512651,3.1196428701418255,0.05191219084621748,0.4233856353571957,-0.26718964566842945,4.776167747054167,0.9068989868148984,0.7908584605019142,13.13160618866493,0.0,0.06883563846349716,0.1643652319908142,0.06890049576759338,77.978515625,22.021484375,0.0,0.49536049365997314,0.3410249948501587,-0.6389925479888916,2.305145740509033,0.7389609813690186,0.5087288618087769,-0.9532261490821838,3.4387335777282715,73.92578125,26.07421875,0.0,-2.031985282897949,TIT_INC,120,40465,88.58983219999936,512,512,600,0,75,180,EARLY_STOPPING,False,0,2048,deterministic_evenly_spaced_full_fold,54.0,36.19874954223633,3584,3558,99.27455357142857,TIT,1.4666428059277477,20,0.99,1.4666428059277477
108,COMPLETE,4,42,27061,2784,2cf8e61e68345fca034455d14ca0a91ba8af3af3a30bcfad11a389cf00a64d26,e85c7d3201b31d98e24a7a8ea73439fb69c13286f849eaf6812d38684b5bedb5,32248,64.26346560000093,0.11312055587768555,0.130859375,513542e17ddbca8b50109dcb24ce4faf75c9dfec77ac6fad24bc5d7e0de097a3,True,True,True,1,0.7151221776374945,5.588317390198175,3.5486843599670235,0.07462033851100032,0.5336436035019028,-0.4532492996632368,5.570906924072389,0.8498936870521102,0.784327143143122,13.774510348992072,0.0,0.08848199248313904,0.3042345643043518,0.08860204368829727,85.44921875,14.55078125,0.0,0.8942448496818542,0.5662164092063904,-1.6550970077514648,4.209443092346191,1.3083289861679077,0.8284053802490234,-2.421497106552124,6.158644676208496,68.798828125,31.201171875,0.0,-1.5167144536972046,TIT_INC,55,40465,64.26296920000095,512,512,600,0,75,115,EARLY_STOPPING,False,0,2048,deterministic_evenly_spaced_full_fold,53.699951171875,36.704002380371094,3584,3566,99.49776785714286,TIT,1.460840509680585,20,0.99,1.460840509680585
109,COMPLETE,0,42,25813,4032,81354305b7b8066000bae764cd84c6a44c1e035572eb00baa18e30401895a2a4,6d4d4bf8c14384a72deec9ae950f7dbc99365946e460adffb80cf5c9ed8ff111,17388,51.13544600000023,0.1457061767578125,0.150390625,513542e17ddbca8b50109dcb24ce4faf75c9dfec77ac6fad24bc5d7e0de097a3,True,True,True,1,0.827173916426956,4.414823083180827,2.8911201102393016,0.05716683303950287,0.4156720100765105,0.9093142388358949,4.320699080058114,0.9138875467835896,0.8591044745947846,9.526823499651966,0.0,0.05859021097421646,0.2554139494895935,0.05868405103683472,72.55859375,27.44140625,0.0,0.31812840700149536,0.30340510606765747,-1.0399484634399414,1.4987369775772095,0.4693845808506012,0.44766101241111755,-1.5343986749649048,2.2113213539123535,71.923828125,28.076171875,0.0,-1.7291827201843262,TIT_INC,55,65457,51.13499830000001,512,512,400,0,75,115,EARLY_STOPPING,False,0,2048,deterministic_evenly_spaced_full_fold,54.0999755859375,36.66660079956054,3584,3548,98.99553571428571,TIT,1.4710406161479248,20,0.99,1.4710406161479248
109,COMPLETE,1,42,27493,2352,db92a7db6dfa639d2026ff19c5b1159be2b53d1e09d9e6a72b1b767a05c21400,2ea764e1783688df4d4bc4d6bc4b7c6a52ae545bfb933c403a7aa96e5d21a797,2656,44.71669130000009,0.13600397109985352,0.154296875,513542e17ddbca8b50109dcb24ce4faf75c9dfec77ac6fad24bc5d7e0de097a3,True,True,True,1,0.8439495932985405,4.009934325445789,2.861694486773744,0.05288755662537336,0.39494817221937695,-0.42646277518499465,3.9880402327700493,0.919640299577609,0.850211086969655,9.533547775000677,0.0,0.049531787633895874,0.18787206709384918,0.049600813537836075,82.51953125,17.48046875,0.0,0.4707702696323395,0.43160682916641235,-0.8316987156867981,1.7596794366836548,0.6811243295669556,0.6244615316390991,-1.2033263444900513,2.5459561347961426,79.78515625,20.21484375,0.0,-1.5124412775039673,TIT_INC,35,65457,44.716252299996995,512,512,400,0,75,95,EARLY_STOPPING,False,0,2048,deterministic_evenly_spaced_full_fold,53.699951171875,37.11560134887693,3584,3549,99.0234375,TIT,1.4510427975077411,20,0.99,1.4510427975077411
109,COMPLETE,2,42,26989,2856,424f72a3df11b24bdd551a74968aa5efe8f47b52221df203d3bd3ed6f8a96c5a,f1c78e2ff146b5069b0310a8b0222fe8d495ed8d7dbf78dc149a7df8702a8f3a,2656,61.07031690000076,0.13887929916381836,0.150390625,513542e17ddbca8b50109dcb24ce4faf75c9dfec77ac6fad24bc5d7e0de097a3,True,True,True,1,0.8696554242320405,3.877627824916386,2.649811424127146,0.04653786383244088,0.3609694404113704,0.19002857528814748,3.873646936661434,0.933199769155249,0.8987541160603304,6.425954742963921,0.0,0.047601159662008286,0.1264900118112564,0.0476476326584816,82.91015625,17.08984375,0.0,0.5449321269989014,0.364172101020813,-0.47454869747161865,2.7441887855529785,0.8035064935684204,0.5369744300842285,-0.6997255682945251,4.046327114105225,86.083984375,13.916015625,0.0,-2.089383363723755,TIT_INC,40,65457,61.069756199998665,512,512,400,0,75,100,EARLY_STOPPING,False,0,2048,deterministic_evenly_spaced_full_fold,54.0,36.622398376464815,3584,3559,99.30245535714286,TIT,1.4524626095825595,20,0.99,1.4524626095825595
109,COMPLETE,3,42,26466,3379,ad1e190147cfc7079fe69ab58be273b0089b28a9cb71d4377b9a01145e874910,b3de2bff6a2b887166deba8883b54b43de7150168fdd2094f9852f380bd9133e,17388,96.49156109999967,0.14175653457641602,0.150390625,513542e17ddbca8b50109dcb24ce4faf75c9dfec77ac6fad24bc5d7e0de097a3,True,True,True,1,0.8166380711042279,4.836689411570174,3.2393261090154724,0.05249567807486088,0.42814444262375506,0.21379637344238425,4.832677033908105,0.9038799532103265,0.818463769079687,11.84403922463808,0.0,0.06984551250934601,0.2096373438835144,0.069922536611557,70.556640625,29.443359375,0.0,0.3472570776939392,0.20599381625652313,-0.6844139099121094,1.9397786855697632,0.5180256366729736,0.30729418992996216,-1.020984172821045,2.8936922550201416,72.36328125,27.63671875,0.0,-1.742893934249878,TIT_INC,120,65457,96.49088990000018,512,512,400,0,75,180,EARLY_STOPPING,False,0,2048,deterministic_evenly_spaced_full_fold,54.0,36.19874954223633,3584,3558,99.27455357142857,TIT,1.4666428059277477,20,0.99,1.4666428059277477
109,COMPLETE,4,42,27061,2784,2cf8e61e68345fca034455d14ca0a91ba8af3af3a30bcfad11a389cf00a64d26,e85c7d3201b31d98e24a7a8ea73439fb69c13286f849eaf6812d38684b5bedb5,31228,56.832965100002184,0.1388235092163086,0.1484375,513542e17ddbca8b50109dcb24ce4faf75c9dfec77ac6fad24bc5d7e0de097a3,True,True,True,1,0.700334332015758,5.7315256248695245,3.559155010628974,0.07653258618817814,0.5473189467340549,0.020443024306461728,5.732518806655572,0.8438628665448803,0.8036408800553575,12.974091453268475,0.0,0.08735150098800659,0.23885378241539001,0.08743925392627716,79.78515625,20.21484375,0.0,0.6411904096603394,0.48216041922569275,-1.1050344705581665,3.391967296600342,0.9380964636802673,0.7054269313812256,-1.6167255640029907,4.962632656097412,69.921875,30.078125,0.0,-1.7653768062591553,TIT_INC,30,65457,56.83189279999715,512,512,400,0,75,90,EARLY_STOPPING,False,0,2048,deterministic_evenly_spaced_full_fold,53.699951171875,36.704002380371094,3584,3566,99.49776785714286,TIT,1.460840509680585,20,0.99,1.460840509680585
110,COMPLETE,0,42,25813,4032,81354305b7b8066000bae764cd84c6a44c1e035572eb00baa18e30401895a2a4,6d4d4bf8c14384a72deec9ae950f7dbc99365946e460adffb80cf5c9ed8ff111,2656,53.72794730000169,0.09693050384521484,0.109375,513542e17ddbca8b50109dcb24ce4faf75c9dfec77ac6fad24bc5d7e0de097a3,True,True,True,1,0.8247665132690682,4.445465166963335,2.8488506447701227,0.05756361244709694,0.4185570762091337,0.61585338437368,4.403145877142571,0.9117714542012767,0.8828853435168961,7.778867496552751,0.0,0.1400020867586136,0.2930017113685608,0.14012576639652252,64.2578125,35.7421875,0.0,0.20454655587673187,0.17510750889778137,-1.0756202936172485,1.4795036315917969,0.30179956555366516,0.2583635151386261,-1.5870307683944702,2.182943344116211,60.05859375,39.94140625,0.0,-0.5399997234344482,TIT_INC,235,28113,53.727568999998766,1024,1024,600,60,75,295,EARLY_STOPPING,False,0,2048,deterministic_evenly_spaced_full_fold,54.0999755859375,36.66660079956054,3584,3548,98.99553571428571,TIT,1.4710406161479248,20,0.99,1.4710406161479248
110,COMPLETE,1,42,27493,2352,db92a7db6dfa639d2026ff19c5b1159be2b53d1e09d9e6a72b1b767a05c21400,2ea764e1783688df4d4bc4d6bc4b7c6a52ae545bfb933c403a7aa96e5d21a797,17388,23.20444430000134,0.0919651985168457,0.111328125,513542e17ddbca8b50109dcb24ce4faf75c9dfec77ac6fad24bc5d7e0de097a3,True,True,True,1,0.8261221111878717,4.23279257405738,3.113389947787434,0.05582686367788144,0.41689802246870106,0.007617303303309849,4.233685833962067,0.9092579204523543,0.8039768827704126,13.041908534800836,0.0,0.12370964139699936,0.1414778083562851,0.1237693578004837,83.154296875,16.845703125,0.0,0.513135552406311,0.5283665657043457,-0.6124132871627808,1.73951256275177,0.7424196600914001,0.7644563913345337,-0.8860576748847961,2.516777992248535,81.689453125,18.310546875,0.0,-3.155794143676758,TIT_INC,65,28113,23.204076500001975,1024,1024,600,60,75,125,EARLY_STOPPING,False,0,2048,deterministic_evenly_spaced_full_fold,53.699951171875,37.11560134887693,3584,3549,99.0234375,TIT,1.4510427975077411,20,0.99,1.4510427975077411
110,COMPLETE,2,42,26989,2856,424f72a3df11b24bdd551a74968aa5efe8f47b52221df203d3bd3ed6f8a96c5a,f1c78e2ff146b5069b0310a8b0222fe8d495ed8d7dbf78dc149a7df8702a8f3a,17388,72.26353389999713,0.09343576431274414,0.111328125,513542e17ddbca8b50109dcb24ce4faf75c9dfec77ac6fad24bc5d7e0de097a3,True,True,True,1,0.8731874600362189,3.824729647362049,2.5988378230931044,0.04590299934952442,0.35604513451799036,-0.2256061008998326,3.81873863634597,0.9350307595191284,0.898191422134338,6.0449774537327965,0.0,0.10327257961034775,0.34568819403648376,0.1034184917807579,60.888671875,39.111328125,0.0,0.1426943987607956,0.09797064960002899,-1.2402898073196411,1.6253348588943481,0.21040396392345428,0.14445844292640686,-1.8288166522979736,2.3965682983398438,44.189453125,55.810546875,0.0,0.23263822495937347,TIT_INC,290,28113,72.26290130000052,1024,1024,600,60,75,350,EARLY_STOPPING,False,0,2048,deterministic_evenly_spaced_full_fold,54.0,36.622398376464815,3584,3559,99.30245535714286,TIT,1.4524626095825595,20,0.99,1.4524626095825595
110,COMPLETE,3,42,26466,3379,ad1e190147cfc7079fe69ab58be273b0089b28a9cb71d4377b9a01145e874910,b3de2bff6a2b887166deba8883b54b43de7150168fdd2094f9852f380bd9133e,2656,36.283961799999815,0.09502744674682617,0.111328125,513542e17ddbca8b50109dcb24ce4faf75c9dfec77ac6fad24bc5d7e0de097a3,True,True,True,1,0.8174531493996127,4.825927440985813,3.305210260287937,0.05237887153733621,0.4271917914391758,0.38627110504123296,4.81115585030397,0.9053985572160822,0.7893933241134069,13.878931904632932,0.0,0.16336451470851898,0.16290396451950073,0.1634332686662674,72.216796875,27.783203125,0.0,0.3356114327907562,0.29371803998947144,-0.5552589893341064,1.4330296516418457,0.5006531476974487,0.4381580948829651,-0.8283154964447021,2.137742280960083,66.162109375,33.837890625,0.0,-1.0706298351287842,TIT_INC,100,28113,36.283588000002055,1024,1024,600,60,75,160,EARLY_STOPPING,False,0,2048,deterministic_evenly_spaced_full_fold,54.0,36.19874954223633,3584,3558,99.27455357142857,TIT,1.4666428059277477,20,0.99,1.4666428059277477
110,COMPLETE,4,42,27061,2784,2cf8e61e68345fca034455d14ca0a91ba8af3af3a30bcfad11a389cf00a64d26,e85c7d3201b31d98e24a7a8ea73439fb69c13286f849eaf6812d38684b5bedb5,37676,34.24942150000061,0.09322547912597656,0.109375,513542e17ddbca8b50109dcb24ce4faf75c9dfec77ac6fad24bc5d7e0de097a3,True,True,True,1,0.7200498075080652,5.539775035166839,3.545895266806942,0.07397215647128424,0.5290081621959335,-0.9927522862094572,5.451075449025269,0.8539333105984609,0.7183364512743068,17.588358621575413,0.0,0.21193848550319672,0.23906071484088898,0.21203939616680145,69.04296875,30.95703125,0.0,0.37796705961227417,0.2959384024143219,-0.7911809682846069,1.9266159534454346,0.5529863834381104,0.4329739809036255,-1.1575407981872559,2.818743944168091,64.990234375,35.009765625,0.0,-1.0176491737365723,TIT_INC,80,28113,34.24903880000056,1024,1024,600,60,75,140,EARLY_STOPPING,False,0,2048,deterministic_evenly_spaced_full_fold,53.699951171875,36.704002380371094,3584,3566,99.49776785714286,TIT,1.460840509680585,20,0.99,1.460840509680585
111,COMPLETE,0,42,25813,4032,81354305b7b8066000bae764cd84c6a44c1e035572eb00baa18e30401895a2a4,6d4d4bf8c14384a72deec9ae950f7dbc99365946e460adffb80cf5c9ed8ff111,37676,31.813015200001246,0.10439395904541016,0.115234375,513542e17ddbca8b50109dcb24ce4faf75c9dfec77ac6fad24bc5d7e0de097a3,True,True,True,1,0.8040790266508354,4.700554855292056,3.031193864723993,0.06086672773575766,0.44257471893220157,0.8187421096695794,4.629275573275367,0.9028066914897414,0.8791332591755672,8.21124272587904,0.0,0.1565302610397339,0.1720465123653412,0.15655164420604706,76.953125,23.046875,0.0,0.4249041974544525,0.35678499937057495,-0.6816806197166443,1.744654893875122,0.6269276142120361,0.5264207720756531,-1.005790114402771,2.574162244796753,71.97265625,28.02734375,0.0,-1.703801155090332,TIT_INC,105,40465,31.812235400000645,1024,1024,600,60,75,165,EARLY_STOPPING,False,0,2048,deterministic_evenly_spaced_full_fold,54.0999755859375,36.66660079956054,3584,3548,98.99553571428571,TIT,1.4710406161479248,20,0.99,1.4710406161479248
111,COMPLETE,1,42,27493,2352,db92a7db6dfa639d2026ff19c5b1159be2b53d1e09d9e6a72b1b767a05c21400,2ea764e1783688df4d4bc4d6bc4b7c6a52ae545bfb933c403a7aa96e5d21a797,17388,27.759439699999348,0.09822702407836914,0.119140625,513542e17ddbca8b50109dcb24ce4faf75c9dfec77ac6fad24bc5d7e0de097a3,True,True,True,1,0.8209981010286166,4.294707854870989,3.0328284526357847,0.056643472543325045,0.42299620887405215,-0.5836474279157159,4.2557692297357175,0.9080636897407918,0.839655975290045,10.078210953063692,0.0,0.12735524773597717,0.21330374479293823,0.12738175690174103,74.70703125,25.29296875,0.0,0.3026861846446991,0.32135576009750366,-0.6618768572807312,1.3102980852127075,0.43793535232543945,0.46494701504707336,-0.9576230049133301,1.8957780599594116,73.876953125,26.123046875,0.0,-1.9857378005981445,TIT_INC,80,40465,27.75898959999904,1024,1024,600,60,75,140,EARLY_STOPPING,False,0,2048,deterministic_evenly_spaced_full_fold,53.699951171875,37.11560134887693,3584,3549,99.0234375,TIT,1.4510427975077411,20,0.99,1.4510427975077411
112,COMPLETE,0,42,25813,4032,81354305b7b8066000bae764cd84c6a44c1e035572eb00baa18e30401895a2a4,6d4d4bf8c14384a72deec9ae950f7dbc99365946e460adffb80cf5c9ed8ff111,17388,119.31354799999826,0.11629581451416016,0.130859375,513542e17ddbca8b50109dcb24ce4faf75c9dfec77ac6fad24bc5d7e0de097a3,True,True,True,1,0.8241095565355345,4.453790476821878,2.856981881081112,0.05767141554355591,0.4193409350904995,1.1322853281384422,4.307990531528082,0.9141637886634901,0.8491806472291074,10.356759742606592,0.0,0.07017306238412857,0.16436605155467987,0.07028073072433472,84.08203125,15.91796875,0.0,0.35527288913726807,0.26890718936920166,-0.5751402974128723,1.505515456199646,0.5241897106170654,0.39676085114479065,-0.8485944867134094,2.221322536468506,85.498046875,14.501953125,0.0,-1.382202386856079,TIT_INC,170,63121,119.31299310000031,512,512,400,200,200,230,EARLY_STOPPING,False,0,2048,deterministic_evenly_spaced_full_fold,54.0999755859375,36.66660079956054,1536,1520,98.95833333333333,TIT,1.4710406161479248,20,0.99,1.4710406161479248
112,COMPLETE,1,42,27493,2352,db92a7db6dfa639d2026ff19c5b1159be2b53d1e09d9e6a72b1b767a05c21400,2ea764e1783688df4d4bc4d6bc4b7c6a52ae545bfb933c403a7aa96e5d21a797,37676,110.33989099999962,0.10810232162475586,0.130859375,513542e17ddbca8b50109dcb24ce4faf75c9dfec77ac6fad24bc5d7e0de097a3,True,True,True,1,0.8362924690305185,4.107136498643269,2.8922437129377507,0.05416956900309965,0.40452185037078364,-0.8964923125545995,4.00895310023818,0.9193212905101624,0.8750736029710839,7.410318967614135,0.0,0.057644445449113846,0.23172438144683838,0.05779623985290527,86.865234375,13.134765625,0.0,0.47920167446136475,0.5212903022766113,-1.1355160474777222,1.857955813407898,0.6933231353759766,0.7542181611061096,-1.6428982019424438,2.688145399093628,91.796875,8.203125,0.0,-3.7719128131866455,TIT_INC,75,63121,110.33944479999991,512,512,400,200,200,200,EARLY_STOPPING,False,0,2048,deterministic_evenly_spaced_full_fold,53.699951171875,37.11560134887693,1536,1521,99.0234375,TIT,1.4510427975077411,20,0.99,1.4510427975077411
112,COMPLETE,2,42,26989,2856,424f72a3df11b24bdd551a74968aa5efe8f47b52221df203d3bd3ed6f8a96c5a,f1c78e2ff146b5069b0310a8b0222fe8d495ed8d7dbf78dc149a7df8702a8f3a,37676,138.4656810000015,0.11056375503540039,0.12890625,513542e17ddbca8b50109dcb24ce4faf75c9dfec77ac6fad24bc5d7e0de097a3,True,True,True,1,0.8710295295277519,3.8571345048360546,2.6594416687802442,0.04629191053768556,0.35906171161026307,-0.028044178372337705,3.8577079808560533,0.9333652265642238,0.8819871693458294,7.240590062959872,0.0,0.05661832168698311,0.1943337768316269,0.05674562603235245,86.376953125,13.623046875,0.0,0.4352688491344452,0.3642154335975647,-0.7544653415679932,2.138200283050537,0.6418071985244751,0.5370383858680725,-1.1124647855758667,3.152791976928711,86.865234375,13.134765625,0.0,-2.034703254699707,TIT_INC,145,63121,138.46521180000127,512,512,400,200,200,205,EARLY_STOPPING,False,0,2048,deterministic_evenly_spaced_full_fold,54.0,36.622398376464815,1536,1525,99.28385416666667,TIT,1.4524626095825595,20,0.99,1.4524626095825595
112,COMPLETE,3,42,26466,3379,ad1e190147cfc7079fe69ab58be273b0089b28a9cb71d4377b9a01145e874910,b3de2bff6a2b887166deba8883b54b43de7150168fdd2094f9852f380bd9133e,17388,133.66684919999898,0.11312007904052734,0.130859375,513542e17ddbca8b50109dcb24ce4faf75c9dfec77ac6fad24bc5d7e0de097a3,True,True,True,1,0.8196784249319322,4.79642283211199,3.1450631558524678,0.05205863918058,0.4245800392164888,-0.10480954005683657,4.795987295068572,0.9057101835553635,0.7991395966617808,12.763449639776173,0.0,0.07582166790962219,0.19042839109897614,0.07594641298055649,86.669921875,13.330078125,0.0,0.5511171817779541,0.4518599212169647,-0.6551182866096497,2.036449909210205,0.8221368789672852,0.6740684509277344,-0.9772819876670837,3.03790283203125,89.794921875,10.205078125,0.0,-3.5862350463867188,TIT_INC,100,63121,133.66598220000014,512,512,400,200,200,200,EARLY_STOPPING,False,0,2048,deterministic_evenly_spaced_full_fold,54.0,36.19874954223633,1536,1525,99.28385416666667,TIT,1.4666428059277477,20,0.99,1.4666428059277477
112,COMPLETE,4,42,27061,2784,2cf8e61e68345fca034455d14ca0a91ba8af3af3a30bcfad11a389cf00a64d26,e85c7d3201b31d98e24a7a8ea73439fb69c13286f849eaf6812d38684b5bedb5,36412,135.60724409999966,0.11021804809570312,0.130859375,513542e17ddbca8b50109dcb24ce4faf75c9dfec77ac6fad24bc5d7e0de097a3,True,True,True,1,0.7029040912614475,5.706897589801568,3.395539938718423,0.07620373007902888,0.5449671487843022,-0.6059362449865232,5.675657861613316,0.8407431395157012,0.7273683911070425,17.379345076386596,0.0,0.08341547101736069,0.24746382236480713,0.08357758074998856,88.37890625,11.62109375,0.0,0.6406512260437012,0.6676332950592041,-0.8320789933204651,2.3161706924438477,0.9373075366020203,0.9767838716506958,-1.2173768281936646,3.388683795928955,80.615234375,19.384765625,0.0,-3.276334762573242,TIT_INC,85,63121,135.60678069999994,512,512,400,200,200,200,EARLY_STOPPING,False,0,2048,deterministic_evenly_spaced_full_fold,53.699951171875,36.704002380371094,1536,1528,99.47916666666667,TIT,1.460840509680585,20,0.99,1.460840509680585
113,COMPLETE,0,42,25813,4032,81354305b7b8066000bae764cd84c6a44c1e035572eb00baa18e30401895a2a4,6d4d4bf8c14384a72deec9ae950f7dbc99365946e460adffb80cf5c9ed8ff111,37676,85.69129460000113,0.09431076049804688,0.11328125,513542e17ddbca8b50109dcb24ce4faf75c9dfec77ac6fad24bc5d7e0de097a3,True,True,True,1,0.8029364973318078,4.714240768374353,3.1248319272011047,0.06104394441996624,0.44386329854082135,1.1573339710159907,4.570538820527286,0.9032851112077405,0.8460276180494912,10.574655234784876,0.0,0.07777782529592514,0.08680330216884613,0.07791457325220108,92.08984375,7.91015625,0.0,0.7632883787155151,0.7129303216934204,-0.28430119156837463,2.026285409927368,1.1261988878250122,1.0518977642059326,-0.4194740355014801,2.9896960258483887,86.962890625,13.037109375,0.0,-2.274618625640869,TIT_INC,290,33537,85.69096239999999,512,512,400,40,75,350,EARLY_STOPPING,False,0,2048,deterministic_evenly_spaced_full_fold,54.0999755859375,36.66660079956054,2560,2534,98.984375,TIT,1.4710406161479248,20,0.99,1.4710406161479248
113,COMPLETE,1,42,27493,2352,db92a7db6dfa639d2026ff19c5b1159be2b53d1e09d9e6a72b1b767a05c21400,2ea764e1783688df4d4bc4d6bc4b7c6a52ae545bfb933c403a7aa96e5d21a797,36412,66.55543319999924,0.08951711654663086,0.095703125,513542e17ddbca8b50109dcb24ce4faf75c9dfec77ac6fad24bc5d7e0de097a3,True,True,True,1,0.832678065751093,4.1522285053774635,3.066533322236976,0.05476429347137167,0.4089630716467441,-0.02027587501370177,4.153061972891326,0.9125452086910254,0.8258672035376365,11.55844817612559,0.0,0.05836551636457443,0.2195020616054535,0.058711323887109756,86.376953125,13.623046875,0.0,0.7650266885757446,0.8163329362869263,-0.9149630665779114,2.5318007469177246,1.106863260269165,1.1810946464538574,-1.3237955570220947,3.663084030151367,82.32421875,17.67578125,0.0,-2.8003625869750977,TIT_INC,180,33537,66.55504210000072,512,512,400,40,75,240,EARLY_STOPPING,False,0,2048,deterministic_evenly_spaced_full_fold,53.699951171875,37.11560134887693,2560,2536,99.0625,TIT,1.4510427975077411,20,0.99,1.4510427975077411
114,COMPLETE,0,42,25813,4032,81354305b7b8066000bae764cd84c6a44c1e035572eb00baa18e30401895a2a4,6d4d4bf8c14384a72deec9ae950f7dbc99365946e460adffb80cf5c9ed8ff111,36412,64.94865910000226,0.1270151138305664,0.150390625,513542e17ddbca8b50109dcb24ce4faf75c9dfec77ac6fad24bc5d7e0de097a3,True,True,True,1,0.7819739318030983,4.958643339021891,3.4487051973267207,0.06420867394307243,0.46687470939349207,1.9677638979185195,4.552053183921885,0.9037094563012525,0.7990160782890108,14.260424020647118,0.0,0.07756282389163971,0.001237314660102129,0.07756327092647552,99.8046875,0.1953125,0.0,0.8490428328514099,0.7805745005607605,0.1752036213874817,1.7473645210266113,1.2527258396148682,1.1517037153244019,0.25850531458854675,2.578160285949707,92.822265625,7.177734375,0.0,-2.784008741378784,TIT_INC,150,74529,64.94817689999763,512,512,150,0,75,150,MAX_EPOCHS,False,0,2048,deterministic_evenly_spaced_full_fold,54.0999755859375,36.66660079956054,1536,1520,98.95833333333333,TIT,1.4710406161479248,20,0.99,1.4710406161479248
114,COMPLETE,1,42,27493,2352,db92a7db6dfa639d2026ff19c5b1159be2b53d1e09d9e6a72b1b767a05c21400,2ea764e1783688df4d4bc4d6bc4b7c6a52ae545bfb933c403a7aa96e5d21a797,37676,67.80168979999871,0.11677217483520508,0.130859375,513542e17ddbca8b50109dcb24ce4faf75c9dfec77ac6fad24bc5d7e0de097a3,True,True,True,1,0.8182077134799675,4.328052631859129,3.0311392845750667,0.05708326123760114,0.4262804169572019,-0.9620755464852262,4.220666323803153,0.9100273409496867,0.7999637346333195,12.339064525665844,0.0,0.05678901448845863,0.14347901940345764,0.05684079974889755,87.40234375,12.59765625,0.0,0.6055111289024353,0.6418702602386475,-0.5409268736839294,1.653911828994751,0.8760713934898376,0.9286769032478333,-0.7826290130615234,2.3929286003112793,87.548828125,12.451171875,0.0,-2.7355690002441406,TIT_INC,100,74529,67.801243599999,512,512,150,0,75,150,MAX_EPOCHS,False,0,2048,deterministic_evenly_spaced_full_fold,53.699951171875,37.11560134887693,1536,1521,99.0234375,TIT,1.4510427975077411,20,0.99,1.4510427975077411
115,COMPLETE,0,42,25813,4032,81354305b7b8066000bae764cd84c6a44c1e035572eb00baa18e30401895a2a4,6d4d4bf8c14384a72deec9ae950f7dbc99365946e460adffb80cf5c9ed8ff111,36412,394.93468210000356,0.09342002868652344,0.10546875,513542e17ddbca8b50109dcb24ce4faf75c9dfec77ac6fad24bc5d7e0de097a3,True,True,True,1,0.8173312147699716,4.538797748126114,2.978614995403895,0.058772161008149186,0.4273446857886345,1.0868837161669656,4.407287861309573,0.910319200527704,0.8556079935735498,9.918246167097532,0.0,0.07631503790616989,0.0,-26.75760269165039,100.0,0.0,0.0,0.8348268270492554,0.6836528778076172,0.28810828924179077,1.8150525093078613,1.231750726699829,1.0087001323699951,0.4250912368297577,2.6780309677124023,89.453125,10.546875,0.0,-3.18719482421875,TIT_INC,230,22867,394.93426140000156,128,128,400,100,100,290,EARLY_STOPPING,False,0,2048,deterministic_evenly_spaced_full_fold,54.0999755859375,36.66660079956054,640,619,96.71875,TIT,1.4710406161479248,20,0.99,1.4710406161479248
115,COMPLETE,1,42,27493,2352,db92a7db6dfa639d2026ff19c5b1159be2b53d1e09d9e6a72b1b767a05c21400,2ea764e1783688df4d4bc4d6bc4b7c6a52ae545bfb933c403a7aa96e5d21a797,37676,217.4113221000007,0.08882284164428711,0.109375,513542e17ddbca8b50109dcb24ce4faf75c9dfec77ac6fad24bc5d7e0de097a3,True,True,True,1,0.8288008425046468,4.200061202817095,3.0205352419898626,0.05539516527351812,0.41367423020767763,-0.7519379408181119,4.13308194346922,0.9137199353260954,0.8571914713089085,8.743921423163046,0.0,0.05994568392634392,0.0,-13.425731658935547,100.0,0.0,0.0,0.9442487359046936,0.836314857006073,0.2599346339702606,2.152466297149658,1.3661670684814453,1.2100050449371338,0.37608110904693604,3.1142516136169434,82.421875,17.578125,0.0,-4.353166103363037,TIT_INC,90,22867,217.41086879999784,128,128,400,100,100,150,EARLY_STOPPING,False,0,2048,deterministic_evenly_spaced_full_fold,53.699951171875,37.11560134887693,640,636,99.375,TIT,1.4510427975077411,20,0.99,1.4510427975077411
115,COMPLETE,2,42,26989,2856,424f72a3df11b24bdd551a74968aa5efe8f47b52221df203d3bd3ed6f8a96c5a,f1c78e2ff146b5069b0310a8b0222fe8d495ed8d7dbf78dc149a7df8702a8f3a,37676,431.0085435000001,0.09020185470581055,0.10546875,513542e17ddbca8b50109dcb24ce4faf75c9dfec77ac6fad24bc5d7e0de097a3,True,True,True,1,0.8730796493286528,3.826355114397439,2.5891148743509245,0.045922507607400805,0.35619644969125214,0.052624084034553764,3.826663218932574,0.9344015158467691,0.8716179007572492,7.959921259750485,0.0,0.05542132258415222,0.0,-24.522106170654297,100.0,0.0,0.0,0.9405598044395447,0.851872980594635,0.24103020131587982,2.067047357559204,1.3868625164031982,1.2560930252075195,0.35540083050727844,3.0478768348693848,89.404296875,10.595703125,0.0,-4.114997386932373,TIT_INC,195,22867,431.0081143999996,128,128,400,100,100,255,EARLY_STOPPING,False,0,2048,deterministic_evenly_spaced_full_fold,54.0,36.622398376464815,640,615,96.09375,TIT,1.4524626095825595,20,0.99,1.4524626095825595
115,COMPLETE,3,42,26466,3379,ad1e190147cfc7079fe69ab58be273b0089b28a9cb71d4377b9a01145e874910,b3de2bff6a2b887166deba8883b54b43de7150168fdd2094f9852f380bd9133e,36412,466.0035085999989,0.09163475036621094,0.10546875,513542e17ddbca8b50109dcb24ce4faf75c9dfec77ac6fad24bc5d7e0de097a3,True,True,True,1,0.8258500385682153,4.713628020585916,3.182742781242558,0.051160014232336626,0.4172510305875345,0.04106259240169926,4.714146776570214,0.9127689228508973,0.7552464002268628,15.721369436028164,0.0,0.07960811257362366,0.0,-26.769229888916016,100.0,0.0,0.0,0.9650297164916992,0.6928787231445312,0.2332213670015335,2.640699625015259,1.4395967721939087,1.03361177444458,0.3479112982749939,3.9393012523651123,79.8828125,20.1171875,0.0,-3.0704901218414307,TIT_INC,225,22867,466.0030592000003,128,128,400,100,100,285,EARLY_STOPPING,False,0,2048,deterministic_evenly_spaced_full_fold,54.0,36.19874954223633,640,619,96.71875,TIT,1.4666428059277477,20,0.99,1.4666428059277477
115,COMPLETE,4,42,27061,2784,2cf8e61e68345fca034455d14ca0a91ba8af3af3a30bcfad11a389cf00a64d26,e85c7d3201b31d98e24a7a8ea73439fb69c13286f849eaf6812d38684b5bedb5,31748,282.6193598000027,0.09000110626220703,0.10546875,513542e17ddbca8b50109dcb24ce4faf75c9dfec77ac6fad24bc5d7e0de097a3,True,True,True,1,0.7072934081803671,5.664583657515772,3.4831451657174646,0.0756387156515313,0.5409264764805183,-0.3374162432791173,5.6555412835188195,0.8428603746245256,0.7488692056507482,16.22947415938342,0.0,0.08968351036310196,0.0,-12.838289260864258,100.0,0.0,0.0,1.0893828868865967,0.93913733959198,0.23265579342842102,2.6113662719726562,1.5938265323638916,1.374009132385254,0.34038808941841125,3.820570945739746,77.587890625,22.412109375,0.0,-4.512513637542725,TIT_INC,90,22867,282.6180650999995,128,128,400,100,100,150,EARLY_STOPPING,False,0,2048,deterministic_evenly_spaced_full_fold,53.699951171875,36.704002380371094,640,626,97.8125,TIT,1.460840509680585,20,0.99,1.460840509680585
116,COMPLETE,0,42,25813,4032,81354305b7b8066000bae764cd84c6a44c1e035572eb00baa18e30401895a2a4,6d4d4bf8c14384a72deec9ae950f7dbc99365946e460adffb80cf5c9ed8ff111,37676,480.0552763000014,0.09351110458374023,0.10546875,513542e17ddbca8b50109dcb24ce4faf75c9dfec77ac6fad24bc5d7e0de097a3,True,True,True,1,0.8069894130533225,4.665511090063511,3.062212887264433,0.06041295166406683,0.43927521812350695,1.2764749810809182,4.488050917599038,0.907248173988254,0.8600839504651779,9.834077141514749,0.0,0.08877606689929962,0.24858659505844116,0.08933106064796448,89.0625,10.9375,0.0,0.892189621925354,1.0051817893981934,-0.6185518503189087,1.9974085092544556,1.3163870573043823,1.4831018447875977,-0.9126462936401367,2.947089195251465,87.98828125,12.01171875,0.0,-4.1125688552856445,TIT_INC,395,22865,480.0548280999974,128,128,400,0,75,400,MAX_EPOCHS,False,0,2048,deterministic_evenly_spaced_full_fold,54.0999755859375,36.66660079956054,3584,3517,98.13058035714286,TIT,1.4710406161479248,20,0.99,1.4710406161479248
116,COMPLETE,1,42,27493,2352,db92a7db6dfa639d2026ff19c5b1159be2b53d1e09d9e6a72b1b767a05c21400,2ea764e1783688df4d4bc4d6bc4b7c6a52ae545bfb933c403a7aa96e5d21a797,36412,509.1872340000009,0.0889134407043457,0.109375,513542e17ddbca8b50109dcb24ce4faf75c9dfec77ac6fad24bc5d7e0de097a3,True,True,True,1,0.8342600697457951,4.1325525351980845,2.9831490240940433,0.05450478448629487,0.4070251375490018,-0.7169987247103736,4.070743022636755,0.9164068984157053,0.8613396404392653,8.503033760855969,0.0,0.06162059307098389,0.7430441379547119,0.06327950954437256,79.638671875,20.361328125,0.0,0.5716773271560669,0.6271202564239502,-1.13381028175354,2.0744030475616455,0.8271197080612183,0.9073361754417419,-1.640430212020874,3.001307487487793,84.375,15.625,0.0,-3.4708828926086426,TIT_INC,380,22865,509.18678029999865,128,128,400,0,75,400,MAX_EPOCHS,False,0,2048,deterministic_evenly_spaced_full_fold,53.699951171875,37.11560134887693,3584,3515,98.07477678571429,TIT,1.4510427975077411,20,0.99,1.4510427975077411
117,COMPLETE,0,42,25813,4032,81354305b7b8066000bae764cd84c6a44c1e035572eb00baa18e30401895a2a4,6d4d4bf8c14384a72deec9ae950f7dbc99365946e460adffb80cf5c9ed8ff111,37676,48.05666370000108,0.08710289001464844,0.10546875,513542e17ddbca8b50109dcb24ce4faf75c9dfec77ac6fad24bc5d7e0de097a3,True,True,True,1,0.8172092182932489,4.540313127212653,3.0209834348587763,0.058791783407869294,0.4274873643646639,1.2536548338239155,4.364346106498826,0.9116726677982183,0.8323765785158351,11.505906513322588,0.0,0.07087544351816177,0.004530073143541813,0.07087696343660355,99.4140625,0.5859375,0.0,1.1434452533721924,1.0733399391174316,0.2040802538394928,2.3721134662628174,1.6871037483215332,1.583666443824768,0.3011115491390228,3.4999501705169678,82.470703125,17.529296875,0.0,-4.213163375854492,TIT_INC,110,15665,48.056271400000696,512,512,150,0,75,150,MAX_EPOCHS,False,0,2048,deterministic_evenly_spaced_full_fold,54.0999755859375,36.66660079956054,3584,3548,98.99553571428571,TIT,1.4710406161479248,20,0.99,1.4710406161479248
117,COMPLETE,1,42,27493,2352,db92a7db6dfa639d2026ff19c5b1159be2b53d1e09d9e6a72b1b767a05c21400,2ea764e1783688df4d4bc4d6bc4b7c6a52ae545bfb933c403a7aa96e5d21a797,36412,50.74736760000087,0.08371591567993164,0.10546875,513542e17ddbca8b50109dcb24ce4faf75c9dfec77ac6fad24bc5d7e0de097a3,True,True,True,1,0.8159747085071083,4.354552837102608,3.1913132732417306,0.057432775965686536,0.4288904865431138,-0.8744975790685537,4.266746379785861,0.9074533465345404,0.8156077908169526,11.386412201771732,0.0,0.06315885484218597,0.056820109486579895,0.0631779208779335,90.673828125,9.326171875,0.0,1.1230101585388184,1.1507521867752075,-0.31420257687568665,2.5899667739868164,1.6248044967651367,1.6649422645568848,-0.4545975625514984,3.7472405433654785,67.236328125,32.763671875,0.0,-2.88966703414917,TIT_INC,120,15665,50.74696100000074,512,512,150,0,75,150,MAX_EPOCHS,False,0,2048,deterministic_evenly_spaced_full_fold,53.699951171875,37.11560134887693,3584,3549,99.0234375,TIT,1.4510427975077411,20,0.99,1.4510427975077411
117,COMPLETE,2,42,26989,2856,424f72a3df11b24bdd551a74968aa5efe8f47b52221df203d3bd3ed6f8a96c5a,f1c78e2ff146b5069b0310a8b0222fe8d495ed8d7dbf78dc149a7df8702a8f3a,37676,63.57399760000044,0.08473539352416992,0.103515625,513542e17ddbca8b50109dcb24ce4faf75c9dfec77ac6fad24bc5d7e0de097a3,True,True,True,1,0.8390289734396168,4.30916871842347,2.993413090371952,0.05171705901231753,0.40114170084413486,0.4631367384218702,4.2849583756218435,0.9170447657207311,0.8326314544708124,10.771683141485653,0.0,0.06424317508935928,0.00639541307464242,0.0642453208565712,99.0234375,0.9765625,0.0,1.2590659856796265,1.2631853818893433,0.17487511038780212,2.525968313217163,1.8565020561218262,1.8625762462615967,0.2578546702861786,3.7245590686798096,85.44921875,14.55078125,0.0,-5.7035627365112305,TIT_INC,115,15665,63.57365579999896,512,512,150,0,75,150,MAX_EPOCHS,False,0,2048,deterministic_evenly_spaced_full_fold,54.0,36.622398376464815,3584,3559,99.30245535714286,TIT,1.4524626095825595,20,0.99,1.4524626095825595
117,COMPLETE,3,42,26466,3379,ad1e190147cfc7079fe69ab58be273b0089b28a9cb71d4377b9a01145e874910,b3de2bff6a2b887166deba8883b54b43de7150168fdd2094f9852f380bd9133e,36412,62.68078869999954,0.08579492568969727,0.10546875,513542e17ddbca8b50109dcb24ce4faf75c9dfec77ac6fad24bc5d7e0de097a3,True,True,True,1,0.8021897407076092,5.023634353905584,3.4373857103603482,0.05452471088542069,0.44469283581725977,0.2581104979637848,5.017741756041585,0.8984756406153073,0.7466759531416733,16.487488898484173,0.0,0.08519258350133896,0.10945110023021698,0.0852293148636818,88.818359375,11.181640625,0.0,0.9186775088310242,1.02983820438385,-0.4090886414051056,1.984320878982544,1.3704502582550049,1.5362757444381714,-0.6102637648582458,2.9601387977600098,68.45703125,31.54296875,0.0,-3.557880163192749,TIT_INC,115,15665,62.680397600001015,512,512,150,0,75,150,MAX_EPOCHS,False,0,2048,deterministic_evenly_spaced_full_fold,54.0,36.19874954223633,3584,3558,99.27455357142857,TIT,1.4666428059277477,20,0.99,1.4666428059277477
117,COMPLETE,4,42,27061,2784,2cf8e61e68345fca034455d14ca0a91ba8af3af3a30bcfad11a389cf00a64d26,e85c7d3201b31d98e24a7a8ea73439fb69c13286f849eaf6812d38684b5bedb5,35516,62.456471800000145,0.0845956802368164,0.103515625,513542e17ddbca8b50109dcb24ce4faf75c9dfec77ac6fad24bc5d7e0de097a3,True,True,True,1,0.7104827321803391,5.633638548552308,3.6769111005739235,0.07522550817871243,0.5379714439895243,-1.1287426797822975,5.520395787959309,0.8499218585637407,0.708602488850197,18.094509663033442,0.0,0.10409405827522278,0.11462152749300003,0.1041325256228447,81.8359375,18.1640625,0.0,1.13023841381073,1.1573365926742554,-0.520564615726471,2.6882262229919434,1.6536003351211548,1.6932463645935059,-0.7616143822669983,3.933021306991577,74.0234375,25.9765625,0.0,-3.876251220703125,TIT_INC,85,15665,62.45606730000145,512,512,150,0,75,145,EARLY_STOPPING,False,0,2048,deterministic_evenly_spaced_full_fold,53.699951171875,36.704002380371094,3584,3566,99.49776785714286,TIT,1.460840509680585,20,0.99,1.460840509680585
118,COMPLETE,0,42,25813,4032,81354305b7b8066000bae764cd84c6a44c1e035572eb00baa18e30401895a2a4,6d4d4bf8c14384a72deec9ae950f7dbc99365946e460adffb80cf5c9ed8ff111,37676,86.74629760000244,0.12723588943481445,0.146484375,513542e17ddbca8b50109dcb24ce4faf75c9dfec77ac6fad24bc5d7e0de097a3,True,True,True,1,0.7353185185648741,5.46349360103105,3.7692017167333574,0.0707458986731364,0.5144082388788468,1.8035388361840021,5.157868562882787,0.8744390376026241,0.7838526588631932,15.023630166907394,0.0,0.24487575888633728,0.0,-1.3710434436798096,100.0,0.0,0.0,1.2716360092163086,1.237962007522583,0.5320826768875122,2.085556983947754,1.8762434720993042,1.8265589475631714,0.7850648760795593,3.0771484375,100.0,0.0,0.0,-11.234821319580078,TIT_INC,150,56835,86.7458192999984,512,512,800,200,200,210,EARLY_STOPPING,False,0,2048,deterministic_evenly_spaced_full_fold,54.0999755859375,36.66660079956054,768,765,99.609375,TIT,1.4710406161479248,20,0.99,1.4710406161479248
118,COMPLETE,1,42,27493,2352,db92a7db6dfa639d2026ff19c5b1159be2b53d1e09d9e6a72b1b767a05c21400,2ea764e1783688df4d4bc4d6bc4b7c6a52ae545bfb933c403a7aa96e5d21a797,35516,173.28721549999682,0.12003803253173828,0.1328125,513542e17ddbca8b50109dcb24ce4faf75c9dfec77ac6fad24bc5d7e0de097a3,True,True,True,1,0.8225073691059076,4.276563951105254,3.0940175818748217,0.056404170185746165,0.42120917171892247,-1.0559461019477066,4.145031004048291,0.9133113476147575,0.8601162584365046,8.245433510104146,0.0,0.13324791193008423,9.784362475784292e-08,-4.023844242095947,99.853515625,0.146484375,0.0,0.8104326725006104,0.6559648513793945,0.12697507441043854,2.0890889167785645,1.1725579500198364,0.9490693807601929,0.18371130526065826,3.0225555896759033,89.35546875,10.64453125,0.0,-4.600837707519531,TIT_INC,330,56835,173.28679890000058,512,512,800,200,200,390,EARLY_STOPPING,False,0,2048,deterministic_evenly_spaced_full_fold,53.699951171875,37.11560134887693,768,764,99.47916666666667,TIT,1.4510427975077411,20,0.99,1.4510427975077411
119,COMPLETE,0,42,25813,4032,81354305b7b8066000bae764cd84c6a44c1e035572eb00baa18e30401895a2a4,6d4d4bf8c14384a72deec9ae950f7dbc99365946e460adffb80cf5c9ed8ff111,37676,57.23541489999843,0.10417938232421875,0.115234375,513542e17ddbca8b50109dcb24ce4faf75c9dfec77ac6fad24bc5d7e0de097a3,True,True,True,1,0.8158466533544722,4.55720398281808,2.933530563399905,0.05901050037661226,0.429077701229615,1.0256284986223494,4.440842877884256,0.910376465834893,0.8834928616391492,8.15148534104731,0.0,0.16839191317558289,0.1748354136943817,0.1684817671775818,84.326171875,15.673828125,0.0,0.48525139689445496,0.44875702261924744,-0.8402829170227051,1.9068433046340942,0.7159672975540161,0.6621214151382446,-1.2398008108139038,2.813464403152466,77.685546875,22.314453125,0.0,-2.2872629165649414,TIT_INC,260,41505,57.23502120000194,1024,1024,600,0,75,320,EARLY_STOPPING,False,0,2048,deterministic_evenly_spaced_full_fold,54.0999755859375,36.66660079956054,3584,3548,98.99553571428571,TIT,1.4710406161479248,20,0.99,1.4710406161479248
119,COMPLETE,1,42,27493,2352,db92a7db6dfa639d2026ff19c5b1159be2b53d1e09d9e6a72b1b767a05c21400,2ea764e1783688df4d4bc4d6bc4b7c6a52ae545bfb933c403a7aa96e5d21a797,35516,39.15714619999926,0.09821271896362305,0.115234375,513542e17ddbca8b50109dcb24ce4faf75c9dfec77ac6fad24bc5d7e0de097a3,True,True,True,1,0.8269415683989321,4.222806575254105,3.1214021922779733,0.05569515701280772,0.4159144771896397,-0.38587953606430364,4.206033038112746,0.9105288993679137,0.8053852459149672,12.55476449889194,0.0,0.12843717634677887,0.3401423692703247,0.1286119818687439,79.58984375,20.41015625,0.0,0.4362313747406006,0.5754278898239136,-1.3136814832687378,2.0057525634765625,0.6311524510383606,0.8325461149215698,-1.9006731510162354,2.901982069015503,80.615234375,19.384765625,0.0,-4.1111063957214355,TIT_INC,150,41505,39.156746900000144,1024,1024,600,0,75,210,EARLY_STOPPING,False,0,2048,deterministic_evenly_spaced_full_fold,53.699951171875,37.11560134887693,3584,3549,99.0234375,TIT,1.4510427975077411,20,0.99,1.4510427975077411
119,COMPLETE,2,42,26989,2856,424f72a3df11b24bdd551a74968aa5efe8f47b52221df203d3bd3ed6f8a96c5a,f1c78e2ff146b5069b0310a8b0222fe8d495ed8d7dbf78dc149a7df8702a8f3a,35516,83.388420700001,0.09998369216918945,0.11328125,513542e17ddbca8b50109dcb24ce4faf75c9dfec77ac6fad24bc5d7e0de097a3,True,True,True,1,0.8595460825043475,4.025191715025026,2.7120479909645745,0.0483088714006077,0.3747062035156504,0.3984138424656972,4.006127078559024,0.928233662830387,0.8860994460020655,7.413765158986596,0.0,0.12995463609695435,0.09739352762699127,0.13000468909740448,86.474609375,13.525390625,0.0,0.4347023665904999,0.35665032267570496,-0.3931495249271393,1.4807595014572144,0.640971839427948,0.5258835554122925,-0.5797019004821777,2.1833908557891846,76.708984375,23.291015625,0.0,-1.4222965240478516,TIT_INC,290,41505,83.38802829999986,1024,1024,600,0,75,350,EARLY_STOPPING,False,0,2048,deterministic_evenly_spaced_full_fold,54.0,36.622398376464815,3584,3559,99.30245535714286,TIT,1.4524626095825595,20,0.99,1.4524626095825595
119,COMPLETE,3,42,26466,3379,ad1e190147cfc7079fe69ab58be273b0089b28a9cb71d4377b9a01145e874910,b3de2bff6a2b887166deba8883b54b43de7150168fdd2094f9852f380bd9133e,37676,96.5312570999995,0.10188627243041992,0.11328125,513542e17ddbca8b50109dcb24ce4faf75c9dfec77ac6fad24bc5d7e0de097a3,True,True,True,1,0.8143503286054395,4.8667687191663545,3.215643980687241,0.05282214800375615,0.43080706726003376,0.12474643270374579,4.865889760516476,0.9028826364852578,0.7908903518865944,13.521499123655706,0.0,0.18425413966178894,0.21440961956977844,0.18436433374881744,75.927734375,24.072265625,0.0,0.3936804533004761,0.2950991690158844,-0.9243179559707642,1.8970288038253784,0.587278425693512,0.44021838903427124,-1.3788644075393677,2.8299195766448975,75.146484375,24.853515625,0.0,-2.3632302284240723,TIT_INC,375,41505,96.53084839999792,1024,1024,600,0,75,435,EARLY_STOPPING,False,0,2048,deterministic_evenly_spaced_full_fold,54.0,36.19874954223633,3584,3558,99.27455357142857,TIT,1.4666428059277477,20,0.99,1.4666428059277477
119,COMPLETE,4,42,27061,2784,2cf8e61e68345fca034455d14ca0a91ba8af3af3a30bcfad11a389cf00a64d26,e85c7d3201b31d98e24a7a8ea73439fb69c13286f849eaf6812d38684b5bedb5,8124,73.93418269999893,0.0997304916381836,0.11328125,513542e17ddbca8b50109dcb24ce4faf75c9dfec77ac6fad24bc5d7e0de097a3,True,True,True,1,0.6747753827740608,5.9709502025011885,3.605146046342521,0.07972960271090905,0.5701822498453607,-0.272063877390719,5.965820286861829,0.8250614222415735,0.7406542062963462,16.836763225289015,0.0,0.24824528396129608,0.2768521308898926,0.24838756024837494,80.56640625,19.43359375,0.0,0.3743898570537567,0.3674045503139496,-1.249671459197998,1.93877375125885,0.5477527379989624,0.5375328063964844,-1.8283374309539795,2.836531400680542,65.087890625,34.912109375,0.0,-1.6737949848175049,TIT_INC,235,41505,73.93375139999989,1024,1024,600,0,75,295,EARLY_STOPPING,False,0,2048,deterministic_evenly_spaced_full_fold,53.699951171875,36.704002380371094,3584,3566,99.49776785714286,TIT,1.460840509680585,20,0.99,1.460840509680585
120,COMPLETE,0,42,25813,4032,81354305b7b8066000bae764cd84c6a44c1e035572eb00baa18e30401895a2a4,6d4d4bf8c14384a72deec9ae950f7dbc99365946e460adffb80cf5c9ed8ff111,35516,91.53866079999716,0.1167593002319336,0.126953125,513542e17ddbca8b50109dcb24ce4faf75c9dfec77ac6fad24bc5d7e0de097a3,True,True,True,1,0.7830836320046876,4.946008090469163,3.2987338446435475,0.06404506214463407,0.46568505375729274,1.6321504314740498,4.669527691251611,0.8993818857112085,0.8509081167149808,10.750968656723424,0.0,0.08064357191324234,0.44042593240737915,0.0809444710612297,61.42578125,38.57421875,0.0,0.08577372878789902,0.21270164847373962,-1.5407683849334717,1.1007215976715088,0.126555398106575,0.31383204460144043,-2.27333664894104,1.6240668296813965,80.126953125,19.873046875,0.0,-4.877254962921143,TIT_INC,175,34369,91.53825279999728,512,512,600,0,75,235,EARLY_STOPPING,False,0,2048,deterministic_evenly_spaced_full_fold,54.0999755859375,36.66660079956054,3584,3548,98.99553571428571,TIT,1.4710406161479248,20,0.99,1.4710406161479248
120,COMPLETE,1,42,27493,2352,db92a7db6dfa639d2026ff19c5b1159be2b53d1e09d9e6a72b1b767a05c21400,2ea764e1783688df4d4bc4d6bc4b7c6a52ae545bfb933c403a7aa96e5d21a797,37676,109.24415379999846,0.11066675186157227,0.12890625,513542e17ddbca8b50109dcb24ce4faf75c9dfec77ac6fad24bc5d7e0de097a3,True,True,True,1,0.8145202356953156,4.371727414742895,3.103517300417634,0.05765929375220081,0.4305820524135641,-0.7652408719873752,4.305146596901563,0.905870541164849,0.8386753888727603,9.961820272427216,0.0,0.06270932406187057,0.588762104511261,0.0631115660071373,52.099609375,47.900390625,0.0,-0.06219106912612915,0.025029873475432396,-1.975138545036316,1.6377443075180054,-0.0899798572063446,0.036213960498571396,-2.8576886653900146,2.369536876678467,66.259765625,33.740234375,0.0,-2.703929901123047,TIT_INC,205,34369,109.24358790000042,512,512,600,0,75,265,EARLY_STOPPING,False,0,2048,deterministic_evenly_spaced_full_fold,53.699951171875,37.11560134887693,3584,3549,99.0234375,TIT,1.4510427975077411,20,0.99,1.4510427975077411
121,COMPLETE,0,42,25813,4032,81354305b7b8066000bae764cd84c6a44c1e035572eb00baa18e30401895a2a4,6d4d4bf8c14384a72deec9ae950f7dbc99365946e460adffb80cf5c9ed8ff111,35516,44.01404750000074,0.07639122009277344,0.078125,513542e17ddbca8b50109dcb24ce4faf75c9dfec77ac6fad24bc5d7e0de097a3,True,True,True,1,0.8171125145210443,4.541513973739965,3.0430010945077925,0.05880733297613953,0.427600428530633,0.7868214249610901,4.473390696123853,0.9071275449616544,0.8380144661375838,10.694246335461047,0.0,0.0687679722905159,0.10662835091352463,0.06890522688627243,89.453125,10.546875,0.0,0.7344864010810852,0.6746350526809692,-0.476574569940567,2.0009851455688477,1.0837026834487915,0.9953945875167847,-0.7031650543212891,2.952366590499878,85.302734375,14.697265625,0.0,-2.855095863342285,TIT_INC,105,6657,44.01370550000138,512,512,400,0,75,165,EARLY_STOPPING,False,0,2048,deterministic_evenly_spaced_full_fold,54.0999755859375,36.66660079956054,1280,1275,99.609375,TIT,1.4710406161479248,20,0.99,1.4710406161479248
121,COMPLETE,1,42,27493,2352,db92a7db6dfa639d2026ff19c5b1159be2b53d1e09d9e6a72b1b767a05c21400,2ea764e1783688df4d4bc4d6bc4b7c6a52ae545bfb933c403a7aa96e5d21a797,37676,42.65516960000241,0.0744013786315918,0.076171875,513542e17ddbca8b50109dcb24ce4faf75c9dfec77ac6fad24bc5d7e0de097a3,True,True,True,1,0.8331878656738623,4.145898132065212,3.0158084476886153,0.05468080133662848,0.4083395778021505,-0.9217461453003137,4.04299457236308,0.9174241732260767,0.8276385324744852,10.539195791382449,0.0,0.05620202422142029,0.34825199842453003,0.0566503144800663,84.9609375,15.0390625,0.0,0.6230275630950928,0.7731788158416748,-1.74736750125885,2.1782543659210205,0.901414692401886,1.1186580657958984,-2.5281429290771484,3.1515626907348633,86.328125,13.671875,0.0,-3.3349523544311523,TIT_INC,90,6657,42.653815500001656,512,512,400,0,75,150,EARLY_STOPPING,False,0,2048,deterministic_evenly_spaced_full_fold,53.699951171875,37.11560134887693,1280,1273,99.453125,TIT,1.4510427975077411,20,0.99,1.4510427975077411
121,COMPLETE,2,42,26989,2856,424f72a3df11b24bdd551a74968aa5efe8f47b52221df203d3bd3ed6f8a96c5a,f1c78e2ff146b5069b0310a8b0222fe8d495ed8d7dbf78dc149a7df8702a8f3a,37676,105.01035749999937,0.07499980926513672,0.076171875,513542e17ddbca8b50109dcb24ce4faf75c9dfec77ac6fad24bc5d7e0de097a3,True,True,True,1,0.8689615983404133,3.8879344594952343,2.6677672068277993,0.04666156027218662,0.36192888785822064,0.17756214195272835,3.884557836723115,0.9342173223898304,0.9282445530174902,4.597116321341774,0.0,0.050870731472969055,0.2668038010597229,0.051214177161455154,79.638671875,20.361328125,0.0,0.6580570936203003,0.5016546249389648,-1.1807599067687988,2.9648725986480713,0.9703100323677063,0.7396934628486633,-1.7410392761230469,4.371726989746094,76.611328125,23.388671875,0.0,-2.064300537109375,TIT_INC,260,6657,105.00999760000195,512,512,400,0,75,320,EARLY_STOPPING,False,0,2048,deterministic_evenly_spaced_full_fold,54.0,36.622398376464815,1280,1275,99.609375,TIT,1.4524626095825595,20,0.99,1.4524626095825595
121,COMPLETE,3,42,26466,3379,ad1e190147cfc7079fe69ab58be273b0089b28a9cb71d4377b9a01145e874910,b3de2bff6a2b887166deba8883b54b43de7150168fdd2094f9852f380bd9133e,35516,72.9630916999995,0.0756220817565918,0.076171875,513542e17ddbca8b50109dcb24ce4faf75c9dfec77ac6fad24bc5d7e0de097a3,True,True,True,1,0.8117729883944644,4.900434505022171,3.259519167784651,0.053187544270921136,0.4337871674678844,-0.10096393911469509,4.900119449565494,0.9017390289690848,0.7808667878445402,13.937955240876983,0.0,0.07774936407804489,0.20687533915042877,0.07801566272974014,84.47265625,15.52734375,0.0,0.8131395578384399,0.7051722407341003,-0.9556876420974731,2.9038963317871094,1.213012456893921,1.0519506931304932,-1.4256606101989746,4.331928253173828,75.537109375,24.462890625,0.0,-1.560025930404663,TIT_INC,150,6657,72.96273210000072,512,512,400,0,75,210,EARLY_STOPPING,False,0,2048,deterministic_evenly_spaced_full_fold,54.0,36.19874954223633,1280,1275,99.609375,TIT,1.4666428059277477,20,0.99,1.4666428059277477
121,COMPLETE,4,42,27061,2784,2cf8e61e68345fca034455d14ca0a91ba8af3af3a30bcfad11a389cf00a64d26,e85c7d3201b31d98e24a7a8ea73439fb69c13286f849eaf6812d38684b5bedb5,8448,66.13500910000221,0.07491683959960938,0.076171875,513542e17ddbca8b50109dcb24ce4faf75c9dfec77ac6fad24bc5d7e0de097a3,True,True,True,1,0.7322640367721994,5.417577080513196,3.289561941705901,0.07234045732019445,0.5173391476592305,-0.2473665421036468,5.412898987975152,0.8560815941637481,0.7391358565362339,16.961624836063947,0.0,0.08884984254837036,0.41536110639572144,0.0893845185637474,80.810546875,19.189453125,0.0,0.563377320766449,0.5054223537445068,-1.7102221250534058,3.0284554958343506,0.824251651763916,0.7394604086875916,-2.502148151397705,4.430795192718506,71.97265625,28.02734375,0.0,-1.4675853252410889,TIT_INC,120,6657,66.1346052000008,512,512,400,0,75,180,EARLY_STOPPING,False,0,2048,deterministic_evenly_spaced_full_fold,53.699951171875,36.704002380371094,1280,1253,97.890625,TIT,1.460840509680585,20,0.99,1.460840509680585
122,COMPLETE,0,42,25813,4032,81354305b7b8066000bae764cd84c6a44c1e035572eb00baa18e30401895a2a4,6d4d4bf8c14384a72deec9ae950f7dbc99365946e460adffb80cf5c9ed8ff111,35516,58.18207310000071,0.08458423614501953,0.103515625,513542e17ddbca8b50109dcb24ce4faf75c9dfec77ac6fad24bc5d7e0de097a3,True,True,True,1,0.8132073250959161,4.589745249929353,2.953595759376647,0.05943187200324237,0.43214158253487317,1.0574035417465937,4.4668342002571,0.9090877570002526,0.878812809805487,8.469503612277578,0.0,0.1492372453212738,0.11376721411943436,0.1495962142944336,81.689453125,18.310546875,0.0,0.5148004293441772,0.4583348035812378,-0.5163125991821289,1.9076200723648071,0.7595655918121338,0.676253080368042,-0.7617968320846558,2.814610481262207,62.6953125,37.3046875,0.0,-1.2407314777374268,TIT_INC,155,13553,58.181718299998465,512,512,200,20,75,200,MAX_EPOCHS,False,0,2048,deterministic_evenly_spaced_full_fold,54.0999755859375,36.66660079956054,3584,3548,98.99553571428571,TIT,1.4710406161479248,20,0.99,1.4710406161479248
122,COMPLETE,1,42,27493,2352,db92a7db6dfa639d2026ff19c5b1159be2b53d1e09d9e6a72b1b767a05c21400,2ea764e1783688df4d4bc4d6bc4b7c6a52ae545bfb933c403a7aa96e5d21a797,37676,34.03539059999821,0.08159017562866211,0.1015625,513542e17ddbca8b50109dcb24ce4faf75c9dfec77ac6fad24bc5d7e0de097a3,True,True,True,1,0.8360615055138404,4.11003271344015,3.0330399607314544,0.05420776756488091,0.4048071056013056,-0.3519970300246258,4.095802666044081,0.9152253616016499,0.8199496047286673,11.620209725386424,0.0,0.11663802713155746,0.08650501817464828,0.11691097915172577,80.37109375,19.62890625,0.0,0.5446556806564331,0.43035486340522766,-0.3389965891838074,1.902971863746643,0.7880240082740784,0.622650146484375,-0.490470290184021,2.7532761096954346,61.62109375,38.37890625,0.0,-1.1451430320739746,TIT_INC,50,13553,34.034990899999684,512,512,200,20,75,110,EARLY_STOPPING,False,0,2048,deterministic_evenly_spaced_full_fold,53.699951171875,37.11560134887693,3584,3549,99.0234375,TIT,1.4510427975077411,20,0.99,1.4510427975077411
123,COMPLETE,0,42,25813,4032,81354305b7b8066000bae764cd84c6a44c1e035572eb00baa18e30401895a2a4,6d4d4bf8c14384a72deec9ae950f7dbc99365946e460adffb80cf5c9ed8ff111,37676,65.39642900000035,0.08871984481811523,0.09765625,513542e17ddbca8b50109dcb24ce4faf75c9dfec77ac6fad24bc5d7e0de097a3,True,True,True,1,0.8240099862905982,4.45505092695536,2.951015211286999,0.057687736909322516,0.41945961115762936,0.8762218554814657,4.368574969894935,0.9118492510022177,0.8081998014041505,12.607183380856599,0.0,0.0634215846657753,0.14908628165721893,0.06377192586660385,83.30078125,16.69921875,0.0,0.5408406257629395,0.5819231271743774,-0.8093445301055908,1.5307061672210693,0.7979868650436401,0.8586022257804871,-1.194152593612671,2.2584900856018066,88.720703125,11.279296875,0.0,-2.787768602371216,TIT_INC,150,17153,65.39603239999997,512,512,600,150,150,210,EARLY_STOPPING,False,0,2048,deterministic_evenly_spaced_full_fold,54.0999755859375,36.66660079956054,1280,1275,99.609375,TIT,1.4710406161479248,20,0.99,1.4710406161479248
123,COMPLETE,1,42,27493,2352,db92a7db6dfa639d2026ff19c5b1159be2b53d1e09d9e6a72b1b767a05c21400,2ea764e1783688df4d4bc4d6bc4b7c6a52ae545bfb933c403a7aa96e5d21a797,35516,50.91692220000186,0.08472728729248047,0.095703125,513542e17ddbca8b50109dcb24ce4faf75c9dfec77ac6fad24bc5d7e0de097a3,True,True,True,1,0.8299108326262344,4.186423262620717,3.0289979159426528,0.05521529266817084,0.4123309963499016,-0.374718680673716,4.170506045849605,0.9118473795254887,0.8441041362131403,9.991365274637916,0.0,0.05608231574296951,0.24855434894561768,0.056666404008865356,83.642578125,16.357421875,0.0,0.5035319328308105,0.6617468595504761,-1.1045185327529907,1.6219457387924194,0.7285248637199402,0.9574349522590637,-1.5980501174926758,2.3466789722442627,85.3515625,14.6484375,0.0,-3.69895339012146,TIT_INC,95,17153,50.916073100001086,512,512,600,150,150,155,EARLY_STOPPING,False,0,2048,deterministic_evenly_spaced_full_fold,53.699951171875,37.11560134887693,1280,1273,99.453125,TIT,1.4510427975077411,20,0.99,1.4510427975077411
123,COMPLETE,2,42,26989,2856,424f72a3df11b24bdd551a74968aa5efe8f47b52221df203d3bd3ed6f8a96c5a,f1c78e2ff146b5069b0310a8b0222fe8d495ed8d7dbf78dc149a7df8702a8f3a,35516,80.27186869999787,0.08592653274536133,0.095703125,513542e17ddbca8b50109dcb24ce4faf75c9dfec77ac6fad24bc5d7e0de097a3,True,True,True,1,0.8752149549662176,3.7940313200681097,2.6099952729810187,0.04553456930930522,0.3531874187894064,0.20935660183262758,3.7889140972138096,0.9359085223457332,0.8589269887248845,8.898311138369783,0.0,0.04862276464700699,0.13230814039707184,0.04893368110060692,85.400390625,14.599609375,0.0,0.7341599464416504,0.8273961544036865,-0.6369321346282959,1.9218991994857788,1.082524299621582,1.2200016975402832,-0.9391611814498901,2.8338546752929688,79.39453125,20.60546875,0.0,-3.253652811050415,TIT_INC,135,17153,80.2715085000018,512,512,600,150,150,195,EARLY_STOPPING,False,0,2048,deterministic_evenly_spaced_full_fold,54.0,36.622398376464815,1280,1275,99.609375,TIT,1.4524626095825595,20,0.99,1.4524626095825595
123,COMPLETE,3,42,26466,3379,ad1e190147cfc7079fe69ab58be273b0089b28a9cb71d4377b9a01145e874910,b3de2bff6a2b887166deba8883b54b43de7150168fdd2094f9852f380bd9133e,37676,82.58332959999825,0.0871725082397461,0.09765625,513542e17ddbca8b50109dcb24ce4faf75c9dfec77ac6fad24bc5d7e0de097a3,True,True,True,1,0.8007631513786402,5.041716803835081,3.455306921036295,0.054720971258897,0.44629349688675424,0.1494686626830585,5.040246588705256,0.8999798258840819,0.7244635915610347,17.801897206812534,0.0,0.08041059970855713,0.1810002326965332,0.08083593845367432,84.08203125,15.91796875,0.0,0.6041580438613892,0.6676768064498901,-0.6254754066467285,1.775747537612915,0.9012613296508789,0.996016263961792,-0.9330618381500244,2.648996591567993,80.322265625,19.677734375,0.0,-3.0625295639038086,TIT_INC,145,17153,82.58277939999971,512,512,600,150,150,205,EARLY_STOPPING,False,0,2048,deterministic_evenly_spaced_full_fold,54.0,36.19874954223633,1280,1275,99.609375,TIT,1.4666428059277477,20,0.99,1.4666428059277477
123,COMPLETE,4,42,27061,2784,2cf8e61e68345fca034455d14ca0a91ba8af3af3a30bcfad11a389cf00a64d26,e85c7d3201b31d98e24a7a8ea73439fb69c13286f849eaf6812d38684b5bedb5,16280,71.30517210000107,0.08575773239135742,0.095703125,513542e17ddbca8b50109dcb24ce4faf75c9dfec77ac6fad24bc5d7e0de097a3,True,True,True,1,0.7400628670492206,5.338090173486533,3.482522360209761,0.07127907524480885,0.5097487270486674,-0.43070356736237975,5.3216419933787105,0.8620397099794701,0.7113525545206975,18.611129222023553,0.0,0.08587662130594254,0.2350567728281021,0.08642899245023727,84.228515625,15.771484375,0.0,0.6512043476104736,0.43313419818878174,-1.0289212465286255,3.77541446685791,0.9527474641799927,0.6336989402770996,-1.5053678750991821,5.523636817932129,73.583984375,26.416015625,0.0,-1.6653904914855957,TIT_INC,105,17153,71.30475310000111,512,512,600,150,150,165,EARLY_STOPPING,False,0,2048,deterministic_evenly_spaced_full_fold,53.699951171875,36.704002380371094,1280,1253,97.890625,TIT,1.460840509680585,20,0.99,1.460840509680585
