trial_number,state,objective,failure_reason,config_hash,config_source,config_json,MAE_mean,NRMSE_mean,R2_mean,R2_median,R2_min,R2_std,RMSE_mean,active_tit_pcd_mean,active_tit_pcd_min,active_tit_violation_max,bias_abs_mean,objective_definition,parameter_count,physics_admissible,physics_level,training_time_s,val_data_loss,val_physics_loss,val_total_loss
0,FAIL,,RuntimeError: trial 0; fold=2; seed=42; FloatingPointError: non_finite_loss,5120260e3c51e944606b25de57a403baf104c606ffce29217eb2300facdc50d2,OPTUNA_AUTONOMOUS_R6,"{""activation"":""softplus"",""batch_size"":""FULL_BATCH"",""config_source"":""OPTUNA_AUTONOMOUS_R6"",""dropout"":0.0,""fourier_dim"":16,""fourier_scale"":0.2703716048363296,""gradient_clip"":5.0,""hidden_widths"":[160,256,160,192,128],""huber_delta"":0.810035444816847,""lambda_phys"":1.0,""learning_rate"":0.004517519390231868,""loss_data"":""huber"",""lr_scheduler"":""none"",""max_epochs"":300,""name"":""TRIAL_0000_TIT_INC"",""nonnegative_output"":false,""optimizer"":""RMSprop"",""parameter_sources"":{""physics_mode"":""FROZEN_R6_CAMPAIGN_POLICY""},""physics_dropout_mode"":""shared_stochastic"",""physics_mode"":""TIT_INC"",""physics_penalty"":""relu_squared"",""physics_real_fraction"":0.5,""physics_warmup_fraction"":0.1,""physics_weighting"":""ADAPTIVE_LEARNED"",""synthetic_base_rows"":64,""synthetic_batch_size"":64,""synthetic_levels"":3,""synthetic_local_span_std"":0.25,""target_transform"":""log1p"",""tau_softplus"":0.027670994194155984,""use_lbfgs"":false,""weight_decay"":2.8355519248243626e-06}",,,,,,,,,,,,,,,,,,,
1,FAIL,,,0e5fee94e0f8d2ad45973e52d298910a0c31615527c7ee4a52e08f6c904d5575,OPTUNA_AUTONOMOUS_R6,"{""activation"":""softplus"",""batch_size"":512,""config_source"":""OPTUNA_AUTONOMOUS_R6"",""dropout"":0.03,""fourier_dim"":8,""fourier_scale"":0.8451374169986905,""gradient_clip"":10.0,""hidden_widths"":[192,48,64,192,192],""huber_delta"":1.0,""lambda_phys"":1.0,""learning_rate"":0.000856515286561574,""loss_data"":""mse"",""lr_scheduler"":""reduce_on_plateau"",""max_epochs"":200,""name"":""TRIAL_0001_TIT_INC"",""nonnegative_output"":false,""optimizer"":""AdamW"",""parameter_sources"":{""physics_mode"":""FROZEN_R6_CAMPAIGN_POLICY""},""physics_dropout_mode"":""shared_stochastic"",""physics_mode"":""TIT_INC"",""physics_penalty"":""relu_squared"",""physics_real_fraction"":0.25,""physics_warmup_fraction"":0.5,""physics_weighting"":""ADAPTIVE_LEARNED"",""synthetic_base_rows"":256,""synthetic_batch_size"":512,""synthetic_levels"":5,""synthetic_local_span_std"":0.25,""target_transform"":""original"",""tau_softplus"":0.10732102672119374,""use_lbfgs"":false,""weight_decay"":0.0}",,,,,,,,,,,,,,,,,,,
2,FAIL,,RuntimeError: trial 2; fold=2; seed=42; FloatingPointError: non_finite_loss,0862e9fd70f29443cfbded2b6f97df782f1bdef65fc809bd5b85dc63fbf2d091,OPTUNA_AUTONOMOUS_R6,"{""activation"":""softplus"",""batch_size"":""FULL_BATCH"",""config_source"":""OPTUNA_AUTONOMOUS_R6"",""dropout"":0.0,""fourier_dim"":16,""fourier_scale"":0.2703716048363296,""gradient_clip"":5.0,""hidden_widths"":[160,256,160,192,128],""huber_delta"":0.810035444816847,""lambda_phys"":1.0,""learning_rate"":0.004517519390231868,""loss_data"":""huber"",""lr_scheduler"":""none"",""max_epochs"":300,""name"":""TRIAL_0002_TIT_INC"",""nonnegative_output"":false,""optimizer"":""RMSprop"",""parameter_sources"":{""physics_mode"":""FROZEN_R6_CAMPAIGN_POLICY""},""physics_dropout_mode"":""shared_stochastic"",""physics_mode"":""TIT_INC"",""physics_penalty"":""relu_squared"",""physics_real_fraction"":0.5,""physics_warmup_fraction"":0.1,""physics_weighting"":""ADAPTIVE_LEARNED"",""synthetic_base_rows"":64,""synthetic_batch_size"":64,""synthetic_levels"":3,""synthetic_local_span_std"":0.25,""target_transform"":""log1p"",""tau_softplus"":0.027670994194155984,""use_lbfgs"":false,""weight_decay"":2.8355519248243626e-06}",,,,,,,,,,,,,,,,,,,
3,COMPLETE,-0.19472795619759137,,fee895d4e2452a254693c9b19d07438e90748b5e0712516e482ffddc36e1d36e,OPTUNA_AUTONOMOUS_R6,"{""activation"":""softplus"",""batch_size"":512,""config_source"":""OPTUNA_AUTONOMOUS_R6"",""dropout"":0.03,""fourier_dim"":8,""fourier_scale"":0.8451374169986905,""gradient_clip"":10.0,""hidden_widths"":[192,48,64,192,192],""huber_delta"":1.0,""lambda_phys"":1.0,""learning_rate"":0.000856515286561574,""loss_data"":""mse"",""lr_scheduler"":""reduce_on_plateau"",""max_epochs"":200,""name"":""TRIAL_0003_TIT_INC"",""nonnegative_output"":false,""optimizer"":""AdamW"",""parameter_sources"":{""physics_mode"":""FROZEN_R6_CAMPAIGN_POLICY""},""physics_dropout_mode"":""shared_stochastic"",""physics_mode"":""TIT_INC"",""physics_penalty"":""relu_squared"",""physics_real_fraction"":0.25,""physics_warmup_fraction"":0.5,""physics_weighting"":""ADAPTIVE_LEARNED"",""synthetic_base_rows"":256,""synthetic_batch_size"":512,""synthetic_levels"":5,""synthetic_local_span_std"":0.25,""target_transform"":""original"",""tau_softplus"":0.10732102672119374,""use_lbfgs"":false,""weight_decay"":0.0}",8.797070376480413,1.0429014852250074,-0.09108412586222929,-0.0007743759161664698,-0.28932756795356074,0.11790690064382059,11.114653551432019,49.677734375,47.75390625,52.24609375,2.0555816798485393,predictive_only_robust_score_R6,65395.0,False,C,215.0216839999921,0.8686474442481995,0.0006976067437790334,0.5942767083644866
4,COMPLETE,-0.011327277051995432,,91fb8dc50a9e82a95b8b6f929789951af1cf8f2cb6f6c3b51782edb7ba774693,OPTUNA_AUTONOMOUS_R6,"{""activation"":""tanh"",""batch_size"":1024,""config_source"":""OPTUNA_AUTONOMOUS_R6"",""dropout"":0.0,""fourier_dim"":32,""fourier_scale"":0.17312791762231514,""gradient_clip"":10.0,""hidden_widths"":[256,64,96],""huber_delta"":1.1659215010328807,""lambda_phys"":0.047138564009539766,""learning_rate"":0.0004424179715229947,""loss_data"":""huber"",""lr_scheduler"":""reduce_on_plateau"",""max_epochs"":800,""name"":""TRIAL_0004_TIT_INC"",""nonnegative_output"":""softplus_output"",""optimizer"":""AdamW"",""parameter_sources"":{""physics_mode"":""FROZEN_R6_CAMPAIGN_POLICY""},""physics_dropout_mode"":""shared_stochastic"",""physics_mode"":""TIT_INC"",""physics_penalty"":""softplus"",""physics_real_fraction"":0.25,""physics_warmup_fraction"":0.1,""physics_weighting"":""FIXED_LAMBDA"",""synthetic_base_rows"":512,""synthetic_batch_size"":64,""synthetic_levels"":7,""synthetic_local_span_std"":1.0,""target_transform"":""original"",""tau_softplus"":0.015148733846223712,""use_lbfgs"":false,""weight_decay"":0.0}",7.78258532110128,0.9135151817388755,0.15546377241242196,0.2125448527120687,-0.12066521922472462,0.1823797857202346,9.747887494120416,76.259765625,70.166015625,29.833984375,5.250708068280368,predictive_only_robust_score_R6,39425.0,False,C,102.22026149999874,0.323009991645813,0.019173014909029007,0.3239137798547745
5,COMPLETE,0.6552985200691464,,4b28088b1d02aadc2a68a0f02112af7473574bad20ffa6242b1c1bc0752e8d76,OPTUNA_AUTONOMOUS_R6,"{""activation"":""gelu"",""batch_size"":""FULL_BATCH"",""config_source"":""OPTUNA_AUTONOMOUS_R6"",""dropout"":0.03,""fourier_dim"":64,""fourier_scale"":0.1411454883306656,""gradient_clip"":10.0,""hidden_widths"":[96,96,128,160],""huber_delta"":1.2277277063759673,""lambda_phys"":1.0,""learning_rate"":0.00024555900341981625,""loss_data"":""huber"",""lr_scheduler"":""cosine"",""max_epochs"":500,""name"":""TRIAL_0005_TIT_INC"",""nonnegative_output"":false,""optimizer"":""Adam"",""parameter_sources"":{""physics_mode"":""FROZEN_R6_CAMPAIGN_POLICY""},""physics_dropout_mode"":""shared_stochastic"",""physics_mode"":""TIT_INC"",""physics_penalty"":""relu_squared"",""physics_real_fraction"":0.5,""physics_warmup_fraction"":0.5,""physics_weighting"":""ADAPTIVE_LEARNED"",""synthetic_base_rows"":128,""synthetic_batch_size"":512,""synthetic_levels"":5,""synthetic_local_span_std"":0.5,""target_transform"":""original"",""tau_softplus"":0.035462839175298806,""use_lbfgs"":false,""weight_decay"":1.293218055072981e-06}",3.8914368631264544,0.5243171555035692,0.7218879693173544,0.7213471371803927,0.6211456990963187,0.059818374744980495,5.5881972268484885,97.509765625,95.849609375,4.150390625,0.9386837007894411,predictive_only_robust_score_R6,54915.0,True,B,36.28407189999416,0.10520154386758804,0.0010454916511662305,-0.04247307255864143
6,FAIL,,,b5aaaa51f0f16c104473303979fb414c471ff30712af6fa3f978e3acfcb33315,OPTUNA_AUTONOMOUS_R6,"{""activation"":""softplus"",""batch_size"":256,""config_source"":""OPTUNA_AUTONOMOUS_R6"",""dropout"":0.25,""fourier_dim"":64,""fourier_scale"":0.25172192381326247,""gradient_clip"":10.0,""hidden_widths"":[192,32,256,192,256],""huber_delta"":1.8107079475531873,""lambda_phys"":0.3450991024523629,""learning_rate"":0.0008404858385797737,""loss_data"":""huber"",""lr_scheduler"":""none"",""max_epochs"":400,""name"":""TRIAL_0006_TIT_INC"",""nonnegative_output"":false,""optimizer"":""RMSprop"",""parameter_sources"":{""physics_mode"":""FROZEN_R6_CAMPAIGN_POLICY""},""physics_dropout_mode"":""data_only_dropout"",""physics_mode"":""TIT_INC"",""physics_penalty"":""softplus"",""physics_real_fraction"":0.5,""physics_warmup_fraction"":0.1,""physics_weighting"":""FIXED_LAMBDA"",""synthetic_base_rows"":512,""synthetic_batch_size"":64,""synthetic_levels"":5,""synthetic_local_span_std"":0.5,""target_transform"":""log1p"",""tau_softplus"":0.015390873659504587,""use_lbfgs"":false,""weight_decay"":3.7361082709029954e-06}",,,,,,,,,,,,,,,,,,,
7,FAIL,,RuntimeError: trial 7; fold=2; seed=42; FloatingPointError: non_finite_loss,eb1394a893d4f5a3c544f791bff49028df468d8780e4f82d9720df911da50016,OPTUNA_AUTONOMOUS_R6,"{""activation"":""softplus"",""batch_size"":""FULL_BATCH"",""config_source"":""OPTUNA_AUTONOMOUS_R6"",""dropout"":0.0,""fourier_dim"":16,""fourier_scale"":0.2703716048363296,""gradient_clip"":5.0,""hidden_widths"":[160,256,160,192,128],""huber_delta"":0.810035444816847,""lambda_phys"":1.0,""learning_rate"":0.004517519390231868,""loss_data"":""huber"",""lr_scheduler"":""none"",""max_epochs"":300,""name"":""TRIAL_0007_TIT_INC"",""nonnegative_output"":false,""optimizer"":""RMSprop"",""parameter_sources"":{""physics_mode"":""FROZEN_R6_CAMPAIGN_POLICY""},""physics_dropout_mode"":""shared_stochastic"",""physics_mode"":""TIT_INC"",""physics_penalty"":""relu_squared"",""physics_real_fraction"":0.5,""physics_warmup_fraction"":0.1,""physics_weighting"":""ADAPTIVE_LEARNED"",""synthetic_base_rows"":64,""synthetic_batch_size"":64,""synthetic_levels"":3,""synthetic_local_span_std"":0.25,""target_transform"":""log1p"",""tau_softplus"":0.027670994194155984,""use_lbfgs"":false,""weight_decay"":2.8355519248243626e-06}",,,,,,,,,,,,,,,,,,,
8,COMPLETE,-0.1946178561525141,,b26b0cffe915d93ac21a00db5cb3e4bad0b5983082991b2ce17ebe6595ac5372,OPTUNA_AUTONOMOUS_R6,"{""activation"":""softplus"",""batch_size"":512,""config_source"":""OPTUNA_AUTONOMOUS_R6"",""dropout"":0.03,""fourier_dim"":8,""fourier_scale"":0.8451374169986905,""gradient_clip"":10.0,""hidden_widths"":[192,48,64,192,192],""huber_delta"":1.0,""lambda_phys"":1.0,""learning_rate"":0.000856515286561574,""loss_data"":""mse"",""lr_scheduler"":""reduce_on_plateau"",""max_epochs"":200,""name"":""TRIAL_0008_TIT_INC"",""nonnegative_output"":false,""optimizer"":""AdamW"",""parameter_sources"":{""physics_mode"":""FROZEN_R6_CAMPAIGN_POLICY""},""physics_dropout_mode"":""shared_stochastic"",""physics_mode"":""TIT_INC"",""physics_penalty"":""relu_squared"",""physics_real_fraction"":0.25,""physics_warmup_fraction"":0.5,""physics_weighting"":""ADAPTIVE_LEARNED"",""synthetic_base_rows"":256,""synthetic_batch_size"":512,""synthetic_levels"":5,""synthetic_local_span_std"":0.25,""target_transform"":""original"",""tau_softplus"":0.10732102672119374,""use_lbfgs"":false,""weight_decay"":0.0}",8.796950852392829,1.0428888667968945,-0.0910550719174367,-0.0007819181637280792,-0.28915455398628587,0.11785041119880497,11.114520268275504,49.677734375,47.75390625,52.24609375,2.0549134715933266,predictive_only_robust_score_R6,65395.0,False,C,259.6656304000062,0.8686244249343872,0.0006977344281040132,0.594254320859909
9,COMPLETE,-0.011333116130017697,,306685c5babb129e22c9d515759781afd79d5a5970028dc46f8cfcdf0fa8f64a,OPTUNA_AUTONOMOUS_R6,"{""activation"":""tanh"",""batch_size"":1024,""config_source"":""OPTUNA_AUTONOMOUS_R6"",""dropout"":0.0,""fourier_dim"":32,""fourier_scale"":0.17312791762231514,""gradient_clip"":10.0,""hidden_widths"":[256,64,96],""huber_delta"":1.1659215010328807,""lambda_phys"":0.047138564009539766,""learning_rate"":0.0004424179715229947,""loss_data"":""huber"",""lr_scheduler"":""reduce_on_plateau"",""max_epochs"":800,""name"":""TRIAL_0009_TIT_INC"",""nonnegative_output"":""softplus_output"",""optimizer"":""AdamW"",""parameter_sources"":{""physics_mode"":""FROZEN_R6_CAMPAIGN_POLICY""},""physics_dropout_mode"":""shared_stochastic"",""physics_mode"":""TIT_INC"",""physics_penalty"":""softplus"",""physics_real_fraction"":0.25,""physics_warmup_fraction"":0.1,""physics_weighting"":""FIXED_LAMBDA"",""synthetic_base_rows"":512,""synthetic_batch_size"":64,""synthetic_levels"":7,""synthetic_local_span_std"":1.0,""target_transform"":""original"",""tau_softplus"":0.015148733846223712,""use_lbfgs"":false,""weight_decay"":0.0}",7.7825132533077355,0.913511183332037,0.15547096064893012,0.2125479106530953,-0.12067721500292783,0.18238256389082605,9.74784418466273,76.26953125,70.166015625,29.833984375,5.251096256353698,predictive_only_robust_score_R6,39425.0,False,C,114.12001410000084,0.32300726473331454,0.019174816459417342,0.3239111423492432
10,COMPLETE,0.6553006021795492,,015cb7d3f7e397431918c5477e78e4845ffcfd0eebca9148c12b78daf894c556,OPTUNA_AUTONOMOUS_R6,"{""activation"":""gelu"",""batch_size"":""FULL_BATCH"",""config_source"":""OPTUNA_AUTONOMOUS_R6"",""dropout"":0.03,""fourier_dim"":64,""fourier_scale"":0.1411454883306656,""gradient_clip"":10.0,""hidden_widths"":[96,96,128,160],""huber_delta"":1.2277277063759673,""lambda_phys"":1.0,""learning_rate"":0.00024555900341981625,""loss_data"":""huber"",""lr_scheduler"":""cosine"",""max_epochs"":500,""name"":""TRIAL_0010_TIT_INC"",""nonnegative_output"":false,""optimizer"":""Adam"",""parameter_sources"":{""physics_mode"":""FROZEN_R6_CAMPAIGN_POLICY""},""physics_dropout_mode"":""shared_stochastic"",""physics_mode"":""TIT_INC"",""physics_penalty"":""relu_squared"",""physics_real_fraction"":0.5,""physics_warmup_fraction"":0.5,""physics_weighting"":""ADAPTIVE_LEARNED"",""synthetic_base_rows"":128,""synthetic_batch_size"":512,""synthetic_levels"":5,""synthetic_local_span_std"":0.5,""target_transform"":""original"",""tau_softplus"":0.035462839175298806,""use_lbfgs"":false,""weight_decay"":1.293218055072981e-06}",3.8912712028002674,0.5243228990843614,0.7218823416449627,0.7213425054481496,0.6211517756695213,0.059814490211046005,5.588257960742502,97.490234375,95.849609375,4.150390625,0.9381540365773396,predictive_only_robust_score_R6,54915.0,True,B,71.80118850000144,0.10520319193601609,0.0010467608692124486,-0.04233148321509361
11,COMPLETE,0.6618596181889665,,32e992df2e437100bfae4fc4b94a5267d3c39b35b7656a74542cf2045c8ff31b,OPTUNA_AUTONOMOUS_R6,"{""activation"":""softplus"",""batch_size"":256,""config_source"":""OPTUNA_AUTONOMOUS_R6"",""dropout"":0.25,""fourier_dim"":64,""fourier_scale"":0.25172192381326247,""gradient_clip"":10.0,""hidden_widths"":[192,32,256,192,256],""huber_delta"":1.8107079475531873,""lambda_phys"":0.3450991024523629,""learning_rate"":0.0008404858385797737,""loss_data"":""huber"",""lr_scheduler"":""none"",""max_epochs"":400,""name"":""TRIAL_0011_TIT_INC"",""nonnegative_output"":false,""optimizer"":""RMSprop"",""parameter_sources"":{""physics_mode"":""FROZEN_R6_CAMPAIGN_POLICY""},""physics_dropout_mode"":""data_only_dropout"",""physics_mode"":""TIT_INC"",""physics_penalty"":""softplus"",""physics_real_fraction"":0.5,""physics_warmup_fraction"":0.1,""physics_weighting"":""FIXED_LAMBDA"",""synthetic_base_rows"":512,""synthetic_batch_size"":64,""synthetic_levels"":5,""synthetic_local_span_std"":0.5,""target_transform"":""log1p"",""tau_softplus"":0.015390873659504587,""use_lbfgs"":false,""weight_decay"":3.7361082709029954e-06}",3.8931981138051936,0.5358880050180369,0.710394087310559,0.7323586442471605,0.6272837424315028,0.052576292751390155,5.707262053082661,93.046875,92.138671875,7.861328125,0.5205479338988405,predictive_only_robust_score_R6,138401.0,False,C,974.3195789999882,0.12258068919181823,0.02266419157385826,0.1304020807147026
12,COMPLETE,0.6469563826753042,,09bb45c04bca104fa533b2e0580364a749bd622d665cf9604e19ca58aab570d8,OPTUNA_AUTONOMOUS_R6,"{""activation"":""silu"",""batch_size"":""FULL_BATCH"",""config_source"":""OPTUNA_AUTONOMOUS_R6"",""dropout"":0.15,""fourier_dim"":0,""fourier_scale"":0.05,""gradient_clip"":1.0,""hidden_widths"":[32,96,48],""huber_delta"":1.2727296934826533,""lambda_phys"":7.576844419726635,""learning_rate"":0.0050541150232574356,""loss_data"":""huber"",""lr_scheduler"":""none"",""max_epochs"":600,""name"":""TRIAL_0012_TIT_INC"",""nonnegative_output"":false,""optimizer"":""RMSprop"",""parameter_sources"":{""physics_mode"":""FROZEN_R6_CAMPAIGN_POLICY""},""physics_dropout_mode"":""data_only_dropout"",""physics_mode"":""TIT_INC"",""physics_penalty"":""relu_squared"",""physics_real_fraction"":0.5,""physics_warmup_fraction"":0.25,""physics_weighting"":""FIXED_LAMBDA"",""synthetic_base_rows"":256,""synthetic_batch_size"":128,""synthetic_levels"":5,""synthetic_local_span_std"":0.5,""target_transform"":""log1p"",""tau_softplus"":0.009040231170505258,""use_lbfgs"":false,""weight_decay"":3.8925693563842356e-08}",3.744736771253926,0.5142146405208018,0.730807577965567,0.7369420110358087,0.6002067462760478,0.07331026197623738,5.478588318469861,99.951171875,99.853515625,0.146484375,0.8895713946133508,predictive_only_robust_score_R6,8193.0,True,A,47.913363800005754,0.11152887791395187,2.5097292336795363e-06,0.11154789328575135
13,COMPLETE,0.6938684097693637,,dce066e22e96d84b3e3e01fbe07e6232bff7a03e7cf2d9c8c1c3a9c962be403a,OPTUNA_AUTONOMOUS_R6,"{""activation"":""silu"",""batch_size"":512,""config_source"":""OPTUNA_AUTONOMOUS_R6"",""dropout"":0.25,""fourier_dim"":64,""fourier_scale"":0.02200661381062072,""gradient_clip"":10.0,""hidden_widths"":[32,192,96],""huber_delta"":1.0,""lambda_phys"":2.49572877528735,""learning_rate"":0.0003514922659722757,""loss_data"":""mse"",""lr_scheduler"":""none"",""max_epochs"":200,""name"":""TRIAL_0013_TIT_INC"",""nonnegative_output"":false,""optimizer"":""NAdam"",""parameter_sources"":{""physics_mode"":""FROZEN_R6_CAMPAIGN_POLICY""},""physics_dropout_mode"":""no_dropout"",""physics_mode"":""TIT_INC"",""physics_penalty"":""relu_squared"",""physics_real_fraction"":0.25,""physics_warmup_fraction"":0.5,""physics_weighting"":""FIXED_LAMBDA"",""synthetic_base_rows"":64,""synthetic_batch_size"":256,""synthetic_levels"":5,""synthetic_local_span_std"":0.5,""target_transform"":""log1p"",""tau_softplus"":0.017707275351546602,""use_lbfgs"":false,""weight_decay"":1.3801871212616498e-08}",3.5373504319306277,0.4798533901313382,0.7657600522187082,0.7755252047388482,0.6515220679430688,0.06278397640002824,5.111184717120664,99.140625,96.97265625,3.02734375,0.7558203947464726,predictive_only_robust_score_R6,29089.0,True,B,368.95083609998983,0.20167915523052216,0.00027444721543190553,0.20236409902572633
14,COMPLETE,0.7367057378412575,,86e1007a83039f12760eeb3bd18b78c005aca235f33d601f3df4f4333288dc0f,OPTUNA_AUTONOMOUS_R6,"{""activation"":""gelu"",""batch_size"":256,""config_source"":""OPTUNA_AUTONOMOUS_R6"",""dropout"":0.03,""fourier_dim"":0,""fourier_scale"":0.05,""gradient_clip"":10.0,""hidden_widths"":[32,32,256,32,64,48],""huber_delta"":0.593996031532972,""lambda_phys"":0.022796538876822085,""learning_rate"":0.0009443918445940873,""loss_data"":""huber"",""lr_scheduler"":""none"",""max_epochs"":400,""name"":""TRIAL_0014_TIT_INC"",""nonnegative_output"":false,""optimizer"":""RMSprop"",""parameter_sources"":{""physics_mode"":""FROZEN_R6_CAMPAIGN_POLICY""},""physics_dropout_mode"":""data_only_dropout"",""physics_mode"":""TIT_INC"",""physics_penalty"":""softplus"",""physics_real_fraction"":0.5,""physics_warmup_fraction"":0.5,""physics_weighting"":""FIXED_LAMBDA"",""synthetic_base_rows"":512,""synthetic_batch_size"":128,""synthetic_levels"":5,""synthetic_local_span_std"":0.25,""target_transform"":""log1p"",""tau_softplus"":0.03685037214934477,""use_lbfgs"":false,""weight_decay"":0.0}",3.0217249716083896,0.43092045093473325,0.8097108653582714,0.819737199466413,0.6933566877446081,0.06200521181258467,4.588794443026385,90.05859375,79.931640625,20.068359375,0.5877655354888796,predictive_only_robust_score_R6,23329.0,False,C,985.5025148000132,0.0662977583706379,0.08064819723367692,0.06813625767827033
15,COMPLETE,0.5946275994878247,,b4954eed13db9d98b2a109ed6c26be3b1570d2a3d3609654a91b6dc76447d6f8,OPTUNA_AUTONOMOUS_R6,"{""activation"":""silu"",""batch_size"":1024,""config_source"":""OPTUNA_AUTONOMOUS_R6"",""dropout"":0.0,""fourier_dim"":16,""fourier_scale"":0.1702567896593662,""gradient_clip"":10.0,""hidden_widths"":[256,128,32,160,64,160],""huber_delta"":0.6247628824058745,""lambda_phys"":1.0,""learning_rate"":0.00014251876354712462,""loss_data"":""huber"",""lr_scheduler"":""reduce_on_plateau"",""max_epochs"":300,""name"":""TRIAL_0015_TIT_INC"",""nonnegative_output"":false,""optimizer"":""RMSprop"",""parameter_sources"":{""physics_mode"":""FROZEN_R6_CAMPAIGN_POLICY""},""physics_dropout_mode"":""shared_stochastic"",""physics_mode"":""TIT_INC"",""physics_penalty"":""softplus"",""physics_real_fraction"":0.0,""physics_warmup_fraction"":0.1,""physics_weighting"":""ADAPTIVE_LEARNED"",""synthetic_base_rows"":512,""synthetic_batch_size"":512,""synthetic_levels"":5,""synthetic_local_span_std"":0.25,""target_transform"":""original"",""tau_softplus"":0.10495164482780041,""use_lbfgs"":false,""weight_decay"":0.0}",4.3505143691094785,0.5872097165397732,0.6507299392978789,0.6791797601576394,0.5559275993943644,0.07755882125873596,6.254158732598195,91.279296875,85.107421875,14.892578125,1.0073050177583946,predictive_only_robust_score_R6,71619.0,False,C,288.1485462000128,0.10804104208946227,0.0434231873601675,-0.7390176236629487
16,COMPLETE,0.7345385805792957,,209004995936c11ee9cb9a7b72a69a74e201cbf76f58cf4703af4086cc34f32c,OPTUNA_AUTONOMOUS_R6,"{""activation"":""silu"",""batch_size"":64,""config_source"":""OPTUNA_AUTONOMOUS_R6"",""dropout"":0.08,""fourier_dim"":0,""fourier_scale"":0.05,""gradient_clip"":5.0,""hidden_widths"":[64,160,160,96,96,160],""huber_delta"":1.0,""lambda_phys"":1.0,""learning_rate"":0.00019788310699197083,""loss_data"":""mse"",""lr_scheduler"":""none"",""max_epochs"":800,""name"":""TRIAL_0016_TIT_INC"",""nonnegative_output"":false,""optimizer"":""NAdam"",""parameter_sources"":{""physics_mode"":""FROZEN_R6_CAMPAIGN_POLICY""},""physics_dropout_mode"":""shared_stochastic"",""physics_mode"":""TIT_INC"",""physics_penalty"":""relu_squared"",""physics_real_fraction"":0.0,""physics_warmup_fraction"":0.1,""physics_weighting"":""ADAPTIVE_LEARNED"",""synthetic_base_rows"":256,""synthetic_batch_size"":128,""synthetic_levels"":3,""synthetic_local_span_std"":1.0,""target_transform"":""log1p"",""tau_softplus"":0.07934205652841075,""use_lbfgs"":false,""weight_decay"":0.0}",3.082725737619504,0.43358444874516716,0.8073645236539939,0.829532980382192,0.6854933534484368,0.06353777969823353,4.616107398050559,98.369140625,95.8984375,4.1015625,0.5580813636631785,predictive_only_robust_score_R6,77251.0,True,B,4044.8049477999884,0.16581107228994368,0.0047100225987378504,55845.60398454666
17,COMPLETE,0.02284453075893894,,8873fa44a948a0e996f1d8aa720c7b15ad9e4e6fe0210a479c059325f9a04296,OPTUNA_AUTONOMOUS_R6,"{""activation"":""silu"",""batch_size"":128,""config_source"":""OPTUNA_AUTONOMOUS_R6"",""dropout"":0.0,""fourier_dim"":16,""fourier_scale"":0.08168467007031904,""gradient_clip"":1.0,""hidden_widths"":[192,96,48],""huber_delta"":1.2736467570126546,""lambda_phys"":1.0,""learning_rate"":0.004103726947376359,""loss_data"":""huber"",""lr_scheduler"":""cosine"",""max_epochs"":150,""name"":""TRIAL_0017_TIT_INC"",""nonnegative_output"":""softplus_output"",""optimizer"":""RMSprop"",""parameter_sources"":{""physics_mode"":""FROZEN_R6_CAMPAIGN_POLICY""},""physics_dropout_mode"":""no_dropout"",""physics_mode"":""TIT_INC"",""physics_penalty"":""relu_squared"",""physics_real_fraction"":0.0,""physics_warmup_fraction"":0.1,""physics_weighting"":""ADAPTIVE_LEARNED"",""synthetic_base_rows"":128,""synthetic_batch_size"":128,""synthetic_levels"":3,""synthetic_local_span_std"":0.5,""target_transform"":""original"",""tau_softplus"":0.07080507115155603,""use_lbfgs"":false,""weight_decay"":3.528013195354289e-07}",7.4572668331460745,0.8873213580197273,0.20085160846523595,0.27174775636371507,-0.09896110503106792,0.19388293978058413,9.468698232510377,92.744140625,90.52734375,9.47265625,5.379671150994616,predictive_only_robust_score_R6,29571.0,False,C,754.1246820999804,0.3118449807167053,0.04280786346644163,2.1829820731905142e+23
18,COMPLETE,0.41189276444442585,,5bc1dd0d8c500d8e39a578e7781401b15e069c8836fee836d4e9101bd9121d89,OPTUNA_AUTONOMOUS_R6,"{""activation"":""softplus"",""batch_size"":1024,""config_source"":""OPTUNA_AUTONOMOUS_R6"",""dropout"":0.03,""fourier_dim"":8,""fourier_scale"":0.01050272657423299,""gradient_clip"":5.0,""hidden_widths"":[32,160,160,96,64],""huber_delta"":0.98773694238078,""lambda_phys"":1.0,""learning_rate"":0.00011103349184727345,""loss_data"":""huber"",""lr_scheduler"":""cosine"",""max_epochs"":800,""name"":""TRIAL_0018_TIT_INC"",""nonnegative_output"":false,""optimizer"":""NAdam"",""parameter_sources"":{""physics_mode"":""FROZEN_R6_CAMPAIGN_POLICY""},""physics_dropout_mode"":""shared_stochastic"",""physics_mode"":""TIT_INC"",""physics_penalty"":""softplus"",""physics_real_fraction"":0.0,""physics_warmup_fraction"":0.25,""physics_weighting"":""ADAPTIVE_LEARNED"",""synthetic_base_rows"":512,""synthetic_batch_size"":512,""synthetic_levels"":5,""synthetic_local_span_std"":0.5,""target_transform"":""log1p"",""tau_softplus"":0.1874580217592644,""use_lbfgs"":false,""weight_decay"":9.891119378358088e-08}",5.661263142790736,0.7164159633072569,0.4839842209452848,0.5054020114048987,0.3653770158675306,0.0735247059209061,7.629314652297492,100.0,100.0,0.0,1.234804918677074,predictive_only_robust_score_R6,53315.0,True,A,740.9461792000075,0.20553927421569823,0.011708811484277248,-1.6461845874786376
19,COMPLETE,-0.10676688287725145,,899fee8a80d155fc122dec964aa563f59cbcb912f26fb58e390bc58a19789694,OPTUNA_AUTONOMOUS_R6,"{""activation"":""tanh"",""batch_size"":64,""config_source"":""OPTUNA_AUTONOMOUS_R6"",""dropout"":0.25,""fourier_dim"":64,""fourier_scale"":0.5628601221675518,""gradient_clip"":1.0,""hidden_widths"":[96,128,192],""huber_delta"":0.6661065275108166,""lambda_phys"":1.0,""learning_rate"":0.001066157200141097,""loss_data"":""huber"",""lr_scheduler"":""none"",""max_epochs"":500,""name"":""TRIAL_0019_TIT_INC"",""nonnegative_output"":false,""optimizer"":""AdamW"",""parameter_sources"":{""physics_mode"":""FROZEN_R6_CAMPAIGN_POLICY""},""physics_dropout_mode"":""no_dropout"",""physics_mode"":""TIT_INC"",""physics_penalty"":""softplus"",""physics_real_fraction"":0.0,""physics_warmup_fraction"":0.0,""physics_weighting"":""ADAPTIVE_LEARNED"",""synthetic_base_rows"":128,""synthetic_batch_size"":256,""synthetic_levels"":3,""synthetic_local_span_std"":0.5,""target_transform"":""log1p"",""tau_softplus"":0.024693807179539177,""use_lbfgs"":false,""weight_decay"":0.00010012079341069309}",8.298557413989283,1.0188271576726309,-0.03923643987917447,-0.046205439175518004,-0.13817315295556076,0.0607771536334214,10.855449221556466,49.794921875,46.09375,53.90625,1.7736725718838613,predictive_only_robust_score_R6,49763.0,False,C,974.9337060000253,0.32140294313430784,0.8014716684818268,8.274703842401504
20,COMPLETE,0.679575460593849,,e276e4a4c47806c422ea58c6e632f1374736b93e1e6f1cb44c0b4af5bd4b0ea4,OPTUNA_AUTONOMOUS_R6,"{""activation"":""tanh"",""batch_size"":256,""config_source"":""OPTUNA_AUTONOMOUS_R6"",""dropout"":0.0,""fourier_dim"":32,""fourier_scale"":0.0282617564854576,""gradient_clip"":10.0,""hidden_widths"":[160,48,64,96,48,192],""huber_delta"":1.3430093151945535,""lambda_phys"":1.0,""learning_rate"":0.006290722363946569,""loss_data"":""huber"",""lr_scheduler"":""cosine"",""max_epochs"":600,""name"":""TRIAL_0020_TIT_INC"",""nonnegative_output"":false,""optimizer"":""NAdam"",""parameter_sources"":{""physics_mode"":""FROZEN_R6_CAMPAIGN_POLICY""},""physics_dropout_mode"":""shared_stochastic"",""physics_mode"":""TIT_INC"",""physics_penalty"":""relu_squared"",""physics_real_fraction"":0.0,""physics_warmup_fraction"":0.0,""physics_weighting"":""ADAPTIVE_LEARNED"",""synthetic_base_rows"":256,""synthetic_batch_size"":256,""synthetic_levels"":5,""synthetic_local_span_std"":0.5,""target_transform"":""original"",""tau_softplus"":0.006984895345921677,""use_lbfgs"":false,""weight_decay"":0.0}",3.8559161599375584,0.5014596171914553,0.7448482535356442,0.7569334083518766,0.6403599573694506,0.06205361686948769,5.344613527942752,99.98046875,99.951171875,0.048828125,0.9623308362660914,predictive_only_robust_score_R6,41763.0,True,A,531.9714545999886,0.09805419147014618,3.8062412386352664e-07,5.666695433671199e+24
21,COMPLETE,0.6198569696156657,,e74e18958f685d5bd23b5fe598097e2ad83d41f6ed099eac3abd324adb0d5eab,OPTUNA_AUTONOMOUS_R6,"{""activation"":""softplus"",""batch_size"":""FULL_BATCH"",""config_source"":""OPTUNA_AUTONOMOUS_R6"",""dropout"":0.0,""fourier_dim"":32,""fourier_scale"":0.06448548731192892,""gradient_clip"":10.0,""hidden_widths"":[256,96,160],""huber_delta"":1.0,""lambda_phys"":0.3756791514364829,""learning_rate"":0.0037403329585608074,""loss_data"":""mse"",""lr_scheduler"":""none"",""max_epochs"":200,""name"":""TRIAL_0021_TIT_INC"",""nonnegative_output"":false,""optimizer"":""AdamW"",""parameter_sources"":{""physics_mode"":""FROZEN_R6_CAMPAIGN_POLICY""},""physics_dropout_mode"":""shared_stochastic"",""physics_mode"":""TIT_INC"",""physics_penalty"":""relu_squared"",""physics_real_fraction"":0.5,""physics_warmup_fraction"":0.25,""physics_weighting"":""FIXED_LAMBDA"",""synthetic_base_rows"":64,""synthetic_batch_size"":256,""synthetic_levels"":5,""synthetic_local_span_std"":0.5,""target_transform"":""log1p"",""tau_softplus"":0.007467105734532021,""use_lbfgs"":false,""weight_decay"":0.0}",3.8485999811332627,0.523967671347794,0.7197342012057183,0.725289033137054,0.5644258734907439,0.08358684540468608,5.582908274108665,99.951171875,99.853515625,0.146484375,0.49342576442985137,predictive_only_robust_score_R6,56993.0,True,A,24.45273930001713,0.24047402739524842,3.7815117121773397e-06,0.24047545194625855
22,COMPLETE,0.5980090266234397,,b58129b93ad36d8e4a14eb4ca4278ca166de1a6fd996ae232150002365effa99,OPTUNA_AUTONOMOUS_R6,"{""activation"":""silu"",""batch_size"":""FULL_BATCH"",""config_source"":""OPTUNA_AUTONOMOUS_R6"",""dropout"":0.0,""fourier_dim"":32,""fourier_scale"":0.02051565677965235,""gradient_clip"":1.0,""hidden_widths"":[128,192,192,32,256,32],""huber_delta"":1.0,""lambda_phys"":0.0356143301795514,""learning_rate"":0.00042594517993541233,""loss_data"":""mse"",""lr_scheduler"":""cosine"",""max_epochs"":400,""name"":""TRIAL_0022_TIT_INC"",""nonnegative_output"":false,""optimizer"":""RMSprop"",""parameter_sources"":{""physics_mode"":""FROZEN_R6_CAMPAIGN_POLICY""},""physics_dropout_mode"":""shared_stochastic"",""physics_mode"":""TIT_INC"",""physics_penalty"":""softplus"",""physics_real_fraction"":0.25,""physics_warmup_fraction"":0.0,""physics_weighting"":""FIXED_LAMBDA"",""synthetic_base_rows"":64,""synthetic_batch_size"":64,""synthetic_levels"":5,""synthetic_local_span_std"":1.0,""target_transform"":""log1p"",""tau_softplus"":0.19544334171775044,""use_lbfgs"":false,""weight_decay"":3.698761567357443e-05}",3.907561908310593,0.5387786693899997,0.7033143065659966,0.708971373928289,0.540009871417747,0.09019739062294789,5.743515832200166,100.0,100.0,0.0,0.9213822887036972,predictive_only_robust_score_R6,93025.0,True,A,54.96085210000456,0.2568922460079193,0.00022915466979611665,0.25690040588378904
23,COMPLETE,-0.06888722223892978,,ab61e03ed6b41e4f98718ac17a71c4fb69ba5534c2fe9b7c3a8d9e207e2f0e1b,OPTUNA_AUTONOMOUS_R6,"{""activation"":""silu"",""batch_size"":256,""config_source"":""OPTUNA_AUTONOMOUS_R6"",""dropout"":0.0,""fourier_dim"":32,""fourier_scale"":0.5531761570360073,""gradient_clip"":5.0,""hidden_widths"":[192,48,96,128,160],""huber_delta"":1.6520036977451986,""lambda_phys"":0.016824780370175305,""learning_rate"":0.00016611534842442624,""loss_data"":""huber"",""lr_scheduler"":""none"",""max_epochs"":200,""name"":""TRIAL_0023_TIT_INC"",""nonnegative_output"":false,""optimizer"":""Adam"",""parameter_sources"":{""physics_mode"":""FROZEN_R6_CAMPAIGN_POLICY""},""physics_dropout_mode"":""no_dropout"",""physics_mode"":""TIT_INC"",""physics_penalty"":""softplus"",""physics_real_fraction"":0.25,""physics_warmup_fraction"":0.0,""physics_weighting"":""FIXED_LAMBDA"",""synthetic_base_rows"":128,""synthetic_batch_size"":64,""synthetic_levels"":7,""synthetic_local_span_std"":1.0,""target_transform"":""log1p"",""tau_softplus"":0.024157025105503986,""use_lbfgs"":false,""weight_decay"":1.0165572756065825e-08}",8.024969012375312,0.9893869592208301,0.01903311211658838,0.01749274587884231,-0.1128539719548356,0.08325974041339952,10.550835812072853,50.83984375,48.095703125,51.904296875,1.8600545731648679,predictive_only_robust_score_R6,59665.0,False,C,400.62920139999187,0.4240968346595764,0.7144560098648072,0.4361173987388611
24,COMPLETE,-0.13537071774685813,,12fb76ce0e75e6802f47dc56ff9c0ff01ab495524b3c18183434430b22b53c5b,OPTUNA_AUTONOMOUS_R6,"{""activation"":""tanh"",""batch_size"":1024,""config_source"":""OPTUNA_AUTONOMOUS_R6"",""dropout"":0.0,""fourier_dim"":8,""fourier_scale"":0.6668384857748247,""gradient_clip"":5.0,""hidden_widths"":[96,192],""huber_delta"":1.8934644675748862,""lambda_phys"":0.00010271717646718659,""learning_rate"":0.00020522775655729516,""loss_data"":""huber"",""lr_scheduler"":""none"",""max_epochs"":600,""name"":""TRIAL_0024_TIT_INC"",""nonnegative_output"":false,""optimizer"":""NAdam"",""parameter_sources"":{""physics_mode"":""FROZEN_R6_CAMPAIGN_POLICY""},""physics_dropout_mode"":""shared_stochastic"",""physics_mode"":""TIT_INC"",""physics_penalty"":""softplus"",""physics_real_fraction"":0.0,""physics_warmup_fraction"":0.1,""physics_weighting"":""FIXED_LAMBDA"",""synthetic_base_rows"":128,""synthetic_batch_size"":256,""synthetic_levels"":7,""synthetic_local_span_std"":1.0,""target_transform"":""log1p"",""tau_softplus"":0.059118238292737976,""use_lbfgs"":false,""weight_decay"":0.0}",8.674265741700019,1.0344336685459645,-0.07178905381000052,-0.014340583863005074,-0.19355011500822594,0.07759568202021011,11.0244037649981,49.39453125,47.94921875,52.05078125,2.355444952098703,predictive_only_robust_score_R6,20449.0,False,C,85.31406119999883,0.48131961226463316,0.20996333062648773,0.4813411831855774
25,COMPLETE,0.6449234079432838,,724b4ce6f70d5b74f723bb7930e8afcedec99a91103566a70c829ae30d562623,OPTUNA_AUTONOMOUS_R6,"{""activation"":""gelu"",""batch_size"":512,""config_source"":""OPTUNA_AUTONOMOUS_R6"",""dropout"":0.15,""fourier_dim"":8,""fourier_scale"":0.04143468779899655,""gradient_clip"":10.0,""hidden_widths"":[160,128,96,128,96,160],""huber_delta"":1.0,""lambda_phys"":1.0,""learning_rate"":0.0031070354468641513,""loss_data"":""mse"",""lr_scheduler"":""cosine"",""max_epochs"":600,""name"":""TRIAL_0025_TIT_INC"",""nonnegative_output"":false,""optimizer"":""NAdam"",""parameter_sources"":{""physics_mode"":""FROZEN_R6_CAMPAIGN_POLICY""},""physics_dropout_mode"":""data_only_dropout"",""physics_mode"":""TIT_INC"",""physics_penalty"":""softplus"",""physics_real_fraction"":0.0,""physics_warmup_fraction"":0.25,""physics_weighting"":""ADAPTIVE_LEARNED"",""synthetic_base_rows"":512,""synthetic_batch_size"":512,""synthetic_levels"":7,""synthetic_local_span_std"":0.5,""target_transform"":""log1p"",""tau_softplus"":0.17167677828648484,""use_lbfgs"":false,""weight_decay"":0.0}",3.872765296241384,0.5244597573788609,0.7212029906875849,0.7409165673825575,0.5953723819828171,0.0669529052993217,5.580737099592989,99.755859375,99.4140625,0.5859375,0.6021009164398261,predictive_only_robust_score_R6,76195.0,True,A,384.66823710002063,0.23951186537742614,0.0013287228241097182,63.16564359664917
26,COMPLETE,0.7334097968418954,,c0329e5d931ce57b8b806cb1677110e1035572af399e0467f35f690a6fcea7a2,OPTUNA_AUTONOMOUS_R6,"{""activation"":""softplus"",""batch_size"":64,""config_source"":""OPTUNA_AUTONOMOUS_R6"",""dropout"":0.08,""fourier_dim"":64,""fourier_scale"":0.03736041696111713,""gradient_clip"":1.0,""hidden_widths"":[64,96,48,160],""huber_delta"":0.7208323686396079,""lambda_phys"":0.7527779515983277,""learning_rate"":0.00046885599273047986,""loss_data"":""huber"",""lr_scheduler"":""none"",""max_epochs"":400,""name"":""TRIAL_0026_TIT_INC"",""nonnegative_output"":false,""optimizer"":""AdamW"",""parameter_sources"":{""physics_mode"":""FROZEN_R6_CAMPAIGN_POLICY""},""physics_dropout_mode"":""shared_stochastic"",""physics_mode"":""TIT_INC"",""physics_penalty"":""relu_squared"",""physics_real_fraction"":0.5,""physics_warmup_fraction"":0.1,""physics_weighting"":""FIXED_LAMBDA"",""synthetic_base_rows"":256,""synthetic_batch_size"":256,""synthetic_levels"":7,""synthetic_local_span_std"":0.25,""target_transform"":""original"",""tau_softplus"":0.13393244839964472,""use_lbfgs"":false,""weight_decay"":0.0}",3.002074438714368,0.43321502328061284,0.807724325258184,0.8220610812525986,0.687211108355026,0.0630762507271812,4.612989862193642,99.111328125,98.388671875,1.611328125,0.5591706705160946,predictive_only_robust_score_R6,27153.0,True,B,3797.332736199998,0.06288962885737419,0.0008848759460761358,0.06355574503540992
27,COMPLETE,0.6170043624153784,,d716c861460567bd4f0d4ed8b15e45f6058058fbc8765684fb7dc5524afeb60f,OPTUNA_AUTONOMOUS_R6,"{""activation"":""gelu"",""batch_size"":64,""config_source"":""OPTUNA_AUTONOMOUS_R6"",""dropout"":0.15,""fourier_dim"":0,""fourier_scale"":0.05,""gradient_clip"":10.0,""hidden_widths"":[160,48],""huber_delta"":0.4422488599117077,""lambda_phys"":1.0,""learning_rate"":0.00012147947953941101,""loss_data"":""huber"",""lr_scheduler"":""reduce_on_plateau"",""max_epochs"":300,""name"":""TRIAL_0027_TIT_INC"",""nonnegative_output"":false,""optimizer"":""Adam"",""parameter_sources"":{""physics_mode"":""FROZEN_R6_CAMPAIGN_POLICY""},""physics_dropout_mode"":""shared_stochastic"",""physics_mode"":""TIT_INC"",""physics_penalty"":""relu_squared"",""physics_real_fraction"":0.0,""physics_warmup_fraction"":0.1,""physics_weighting"":""ADAPTIVE_LEARNED"",""synthetic_base_rows"":512,""synthetic_batch_size"":64,""synthetic_levels"":7,""synthetic_local_span_std"":1.0,""target_transform"":""original"",""tau_softplus"":0.019190004643491042,""use_lbfgs"":false,""weight_decay"":2.1499525907503934e-08}",3.5698380627938926,0.508759055889117,0.7323699899277408,0.7572001825723043,0.5445501045343275,0.10122754069683404,5.4154356021960055,100.0,100.0,0.0,1.1550266139275756,predictive_only_robust_score_R6,9379.0,True,A,1640.1983096000185,0.06929880827665329,0.0,-6.188305783271789
28,COMPLETE,-0.14734081867996596,,2a26542deaf52ee7b5d1efdb80914430638710724f7c9c71b3b8fb3738276df3,OPTUNA_AUTONOMOUS_R6,"{""activation"":""tanh"",""batch_size"":512,""config_source"":""OPTUNA_AUTONOMOUS_R6"",""dropout"":0.08,""fourier_dim"":16,""fourier_scale"":0.25503262725714265,""gradient_clip"":5.0,""hidden_widths"":[64,160,160,64],""huber_delta"":1.0,""lambda_phys"":1.0,""learning_rate"":0.0015546127087718283,""loss_data"":""mse"",""lr_scheduler"":""reduce_on_plateau"",""max_epochs"":400,""name"":""TRIAL_0028_TIT_INC"",""nonnegative_output"":""softplus_output"",""optimizer"":""NAdam"",""parameter_sources"":{""physics_mode"":""FROZEN_R6_CAMPAIGN_POLICY""},""physics_dropout_mode"":""no_dropout"",""physics_mode"":""TIT_INC"",""physics_penalty"":""softplus"",""physics_real_fraction"":0.5,""physics_warmup_fraction"":0.0,""physics_weighting"":""ADAPTIVE_LEARNED"",""synthetic_base_rows"":256,""synthetic_batch_size"":64,""synthetic_levels"":5,""synthetic_local_span_std"":0.25,""target_transform"":""original"",""tau_softplus"":0.005187914445173875,""use_lbfgs"":false,""weight_decay"":0.00028450362446562886}",8.587796940970627,1.001779372496469,-0.00947773970254102,0.08623709841491434,-0.26159791185328296,0.15305427122216356,10.679762199857283,69.189453125,65.478515625,34.521484375,3.7876891358688525,predictive_only_robust_score_R6,48643.0,False,C,240.06259119999595,0.8049317359924316,0.016216888930648564,-1.5893256664276123
29,COMPLETE,0.4683991253401542,,fbb0e46e546ce0b362974c0a78ddaa4d50c1c4d7302bca7306b8322e4438061e,OPTUNA_AUTONOMOUS_R6,"{""activation"":""gelu"",""batch_size"":128,""config_source"":""OPTUNA_AUTONOMOUS_R6"",""dropout"":0.25,""fourier_dim"":64,""fourier_scale"":0.3208092786853457,""gradient_clip"":10.0,""hidden_widths"":[96,64],""huber_delta"":1.0,""lambda_phys"":7.494194329459229,""learning_rate"":0.0040615067933122105,""loss_data"":""mse"",""lr_scheduler"":""cosine"",""max_epochs"":700,""name"":""TRIAL_0029_TIT_INC"",""nonnegative_output"":false,""optimizer"":""AdamW"",""parameter_sources"":{""physics_mode"":""FROZEN_R6_CAMPAIGN_POLICY""},""physics_dropout_mode"":""no_dropout"",""physics_mode"":""TIT_INC"",""physics_penalty"":""softplus"",""physics_real_fraction"":0.5,""physics_warmup_fraction"":0.5,""physics_weighting"":""FIXED_LAMBDA"",""synthetic_base_rows"":64,""synthetic_batch_size"":128,""synthetic_levels"":3,""synthetic_local_span_std"":0.25,""target_transform"":""log1p"",""tau_softplus"":0.010317473310232344,""use_lbfgs"":false,""weight_decay"":3.659259472999019e-08}",5.248334875606771,0.6936441602304507,0.51652819340307,0.5302060099660791,0.4402360206443279,0.06457109376573306,7.385441594563284,74.580078125,66.552734375,33.447265625,0.6164962648396107,predictive_only_robust_score_R6,18657.0,False,C,2037.6628041999793,0.4115124762058258,0.20882364809513093,1.9764774799346925
30,COMPLETE,0.7460432386966712,,a956f40d1e078cca5be1315449a50357ad7b4686b29a192186ae44ef90fc5cf1,OPTUNA_AUTONOMOUS_R6,"{""activation"":""tanh"",""batch_size"":64,""config_source"":""OPTUNA_AUTONOMOUS_R6"",""dropout"":0.08,""fourier_dim"":0,""fourier_scale"":0.05,""gradient_clip"":5.0,""hidden_widths"":[64,64,256,32,96],""huber_delta"":1.0,""lambda_phys"":0.0020452214560590268,""learning_rate"":0.00032148109911909643,""loss_data"":""mse"",""lr_scheduler"":""none"",""max_epochs"":600,""name"":""TRIAL_0030_TIT_INC"",""nonnegative_output"":false,""optimizer"":""NAdam"",""parameter_sources"":{""physics_mode"":""FROZEN_R6_CAMPAIGN_POLICY""},""physics_dropout_mode"":""shared_stochastic"",""physics_mode"":""TIT_INC"",""physics_penalty"":""relu_squared"",""physics_real_fraction"":0.0,""physics_warmup_fraction"":0.5,""physics_weighting"":""FIXED_LAMBDA"",""synthetic_base_rows"":256,""synthetic_batch_size"":128,""synthetic_levels"":3,""synthetic_local_span_std"":1.0,""target_transform"":""log1p"",""tau_softplus"":0.10365563364879597,""use_lbfgs"":false,""weight_decay"":0.0}",2.9963582265194413,0.43057860360743483,0.8107649702211475,0.8289348266776131,0.7032461197181372,0.05661378159609742,4.584528956651302,76.38671875,72.4609375,27.5390625,0.4274067354334126,predictive_only_robust_score_R6,32929.0,False,C,5043.855067000011,0.16180211454629898,0.6785242974758148,0.1631898447871208
31,COMPLETE,0.7436202854974026,,faff853f07ca3600a21ce48776b1996b97a60aef5affed0eec41d1b794d397a3,OPTUNA_AUTONOMOUS_R6,"{""activation"":""gelu"",""batch_size"":512,""config_source"":""OPTUNA_AUTONOMOUS_R6"",""dropout"":0.03,""fourier_dim"":0,""fourier_scale"":0.05,""gradient_clip"":10.0,""hidden_widths"":[32,32,256,32,96,48],""huber_delta"":0.32097337774021095,""lambda_phys"":0.0015416576851300862,""learning_rate"":0.00036044317977036727,""loss_data"":""huber"",""lr_scheduler"":""none"",""max_epochs"":400,""name"":""TRIAL_0031_TIT_INC"",""nonnegative_output"":false,""optimizer"":""Adam"",""parameter_sources"":{""physics_mode"":""FROZEN_R6_CAMPAIGN_POLICY""},""physics_dropout_mode"":""shared_stochastic"",""physics_mode"":""TIT_INC"",""physics_penalty"":""softplus"",""physics_real_fraction"":0.5,""physics_warmup_fraction"":0.0,""physics_weighting"":""FIXED_LAMBDA"",""synthetic_base_rows"":512,""synthetic_batch_size"":128,""synthetic_levels"":5,""synthetic_local_span_std"":0.25,""target_transform"":""log1p"",""tau_softplus"":0.054843982830120507,""use_lbfgs"":false,""weight_decay"":0.0}",3.0476886952969173,0.44108322816762113,0.8020644565002508,0.8095326822020543,0.7096974545159264,0.05264437522794639,4.701970432099737,88.65234375,82.421875,17.578125,0.5827247316271053,predictive_only_robust_score_R6,25921.0,False,C,722.8032489999896,0.051898449659347534,0.12041770964860916,0.05208409130573273
32,COMPLETE,0.7279060925763919,,70b2ab0a6466b86ff445067bbadf1b481c2b5faac6dc0c716e97c661871b3a44,OPTUNA_AUTONOMOUS_R6,"{""activation"":""gelu"",""batch_size"":256,""config_source"":""OPTUNA_AUTONOMOUS_R6"",""dropout"":0.03,""fourier_dim"":0,""fourier_scale"":0.05,""gradient_clip"":10.0,""hidden_widths"":[32,256,256,32,96,48],""huber_delta"":0.2840929442383574,""lambda_phys"":0.0009552827430398236,""learning_rate"":0.0028530583570130575,""loss_data"":""huber"",""lr_scheduler"":""none"",""max_epochs"":150,""name"":""TRIAL_0032_TIT_INC"",""nonnegative_output"":false,""optimizer"":""RMSprop"",""parameter_sources"":{""physics_mode"":""FROZEN_R6_CAMPAIGN_POLICY""},""physics_dropout_mode"":""data_only_dropout"",""physics_mode"":""TIT_INC"",""physics_penalty"":""softplus"",""physics_real_fraction"":0.5,""physics_warmup_fraction"":0.5,""physics_weighting"":""FIXED_LAMBDA"",""synthetic_base_rows"":256,""synthetic_batch_size"":512,""synthetic_levels"":5,""synthetic_local_span_std"":0.25,""target_transform"":""log1p"",""tau_softplus"":0.022749738075633852,""use_lbfgs"":false,""weight_decay"":0.0}",3.001919076688332,0.44337471097743136,0.7991371729457002,0.8133168695069475,0.6835534288604288,0.06134742886519633,4.7199191016828275,71.40625,61.376953125,38.623046875,0.5500352855184054,predictive_only_robust_score_R6,90657.0,False,C,550.5277566000004,0.04737513586878776,0.2158156782388687,0.047581300139427185
33,COMPLETE,0.7125589681601877,,28c5ead5fa6615d65adc190f4bb4719cc9e8b21d80ed917593b0384937d931b8,OPTUNA_AUTONOMOUS_R6,"{""activation"":""tanh"",""batch_size"":64,""config_source"":""OPTUNA_AUTONOMOUS_R6"",""dropout"":0.08,""fourier_dim"":0,""fourier_scale"":0.05,""gradient_clip"":5.0,""hidden_widths"":[48,64,256,32,32],""huber_delta"":1.0,""lambda_phys"":0.0016445488576506634,""learning_rate"":0.0017123298950290598,""loss_data"":""mse"",""lr_scheduler"":""none"",""max_epochs"":150,""name"":""TRIAL_0033_TIT_INC"",""nonnegative_output"":false,""optimizer"":""NAdam"",""parameter_sources"":{""physics_mode"":""FROZEN_R6_CAMPAIGN_POLICY""},""physics_dropout_mode"":""shared_stochastic"",""physics_mode"":""TIT_INC"",""physics_penalty"":""relu_squared"",""physics_real_fraction"":0.0,""physics_warmup_fraction"":0.5,""physics_weighting"":""FIXED_LAMBDA"",""synthetic_base_rows"":256,""synthetic_batch_size"":64,""synthetic_levels"":3,""synthetic_local_span_std"":0.25,""target_transform"":""log1p"",""tau_softplus"":0.1105716321043858,""use_lbfgs"":false,""weight_decay"":0.0}",3.155291012957824,0.4503545781106231,0.7920969153576723,0.8184788843373662,0.6579221422533083,0.06947674028774307,4.794657016391832,76.62109375,73.095703125,26.904296875,0.5937031691139982,predictive_only_robust_score_R6,29569.0,False,C,1885.83931760001,0.17573819160461426,0.7311877846717835,0.17694066762924193
34,COMPLETE,0.7257209433157013,,daa54199ea3b51a1bd86a7e949a99c7c417bd7f7c6d97041e55fdc0fd1f62e1c,OPTUNA_AUTONOMOUS_R6,"{""activation"":""softplus"",""batch_size"":256,""config_source"":""OPTUNA_AUTONOMOUS_R6"",""dropout"":0.03,""fourier_dim"":0,""fourier_scale"":0.05,""gradient_clip"":5.0,""hidden_widths"":[256,48,256,32,128,48],""huber_delta"":0.2641343122303172,""lambda_phys"":1.0,""learning_rate"":0.0011076169333015934,""loss_data"":""huber"",""lr_scheduler"":""none"",""max_epochs"":400,""name"":""TRIAL_0034_TIT_INC"",""nonnegative_output"":false,""optimizer"":""RMSprop"",""parameter_sources"":{""physics_mode"":""FROZEN_R6_CAMPAIGN_POLICY""},""physics_dropout_mode"":""data_only_dropout"",""physics_mode"":""TIT_INC"",""physics_penalty"":""softplus"",""physics_real_fraction"":0.5,""physics_warmup_fraction"":0.5,""physics_weighting"":""ADAPTIVE_LEARNED"",""synthetic_base_rows"":512,""synthetic_batch_size"":128,""synthetic_levels"":3,""synthetic_local_span_std"":0.25,""target_transform"":""log1p"",""tau_softplus"":0.035606510784495934,""use_lbfgs"":false,""weight_decay"":0.0}",3.0320957537947044,0.4403010004469558,0.8013005558723814,0.8203127280165434,0.6767780902710444,0.06569784839126666,4.688721832912102,99.912109375,99.755859375,0.244140625,0.3960936417436399,predictive_only_robust_score_R6,46131.0,True,A,961.5083835999831,0.0463434137403965,0.0012358013997602058,19882.46062297821
35,PRUNED,-0.013488481477894103,PRUNED: median_pruner_after_two_folds,87351869f280fd242029e55d6a055f424347760ab6e71e5a02e4792cd3191903,OPTUNA_AUTONOMOUS_R6,"{""activation"":""tanh"",""batch_size"":256,""config_source"":""OPTUNA_AUTONOMOUS_R6"",""dropout"":0.03,""fourier_dim"":0,""fourier_scale"":0.05,""gradient_clip"":5.0,""hidden_widths"":[64,64,256,256,96,48],""huber_delta"":1.0,""lambda_phys"":0.002690272673532613,""learning_rate"":0.0001224380475533611,""loss_data"":""mse"",""lr_scheduler"":""none"",""max_epochs"":600,""name"":""TRIAL_0035_TIT_INC"",""nonnegative_output"":""softplus_output"",""optimizer"":""NAdam"",""parameter_sources"":{""physics_mode"":""FROZEN_R6_CAMPAIGN_POLICY""},""physics_dropout_mode"":""shared_stochastic"",""physics_mode"":""TIT_INC"",""physics_penalty"":""relu_squared"",""physics_real_fraction"":0.0,""physics_warmup_fraction"":0.5,""physics_weighting"":""FIXED_LAMBDA"",""synthetic_base_rows"":512,""synthetic_batch_size"":128,""synthetic_levels"":3,""synthetic_local_span_std"":1.0,""target_transform"":""original"",""tau_softplus"":0.09448926175969105,""use_lbfgs"":false,""weight_decay"":0.0}",,,,,,,,,,,,,,,,,,,
36,COMPLETE,0.7220044833920342,,969b9c822e11e8f8fdb06832d1d8ba02b93aa52ad1cc15bc8e5544f96f3e60c3,OPTUNA_AUTONOMOUS_R6,"{""activation"":""gelu"",""batch_size"":512,""config_source"":""OPTUNA_AUTONOMOUS_R6"",""dropout"":0.03,""fourier_dim"":64,""fourier_scale"":0.013679703128902515,""gradient_clip"":5.0,""hidden_widths"":[160,32,256,48,96,128],""huber_delta"":0.6759115621311839,""lambda_phys"":0.003351481428242172,""learning_rate"":0.00038069217484553407,""loss_data"":""huber"",""lr_scheduler"":""none"",""max_epochs"":500,""name"":""TRIAL_0036_TIT_INC"",""nonnegative_output"":false,""optimizer"":""Adam"",""parameter_sources"":{""physics_mode"":""FROZEN_R6_CAMPAIGN_POLICY""},""physics_dropout_mode"":""shared_stochastic"",""physics_mode"":""TIT_INC"",""physics_penalty"":""softplus"",""physics_real_fraction"":0.5,""physics_warmup_fraction"":0.0,""physics_weighting"":""FIXED_LAMBDA"",""synthetic_base_rows"":512,""synthetic_batch_size"":128,""synthetic_levels"":5,""synthetic_local_span_std"":0.25,""target_transform"":""log1p"",""tau_softplus"":0.04142375304462215,""use_lbfgs"":false,""weight_decay"":0.0}",3.048327769736694,0.4385053872506859,0.8019784642802368,0.8287716186491225,0.6672066219996926,0.07148821830541892,4.671903386911043,88.994140625,82.861328125,17.138671875,0.5631517358003155,predictive_only_robust_score_R6,63825.0,False,C,644.8584902000148,0.07023377940058709,0.12994476929306983,0.07066928818821908
37,COMPLETE,0.7600093893815681,,b2effe24f47ab2b0a8e7bbb6cb4aeac6a601b1caffd75283004c2363db1f19c3,OPTUNA_AUTONOMOUS_R6,"{""activation"":""silu"",""batch_size"":64,""config_source"":""OPTUNA_AUTONOMOUS_R6"",""dropout"":0.08,""fourier_dim"":0,""fourier_scale"":0.05,""gradient_clip"":5.0,""hidden_widths"":[96,160,256,32,96],""huber_delta"":1.0,""lambda_phys"":1.0,""learning_rate"":0.0002400903032956889,""loss_data"":""mse"",""lr_scheduler"":""reduce_on_plateau"",""max_epochs"":800,""name"":""TRIAL_0037_TIT_INC"",""nonnegative_output"":false,""optimizer"":""NAdam"",""parameter_sources"":{""physics_mode"":""FROZEN_R6_CAMPAIGN_POLICY""},""physics_dropout_mode"":""shared_stochastic"",""physics_mode"":""TIT_INC"",""physics_penalty"":""relu_squared"",""physics_real_fraction"":0.5,""physics_warmup_fraction"":0.1,""physics_weighting"":""ADAPTIVE_LEARNED"",""synthetic_base_rows"":256,""synthetic_batch_size"":128,""synthetic_levels"":3,""synthetic_local_span_std"":0.25,""target_transform"":""log1p"",""tau_softplus"":0.10162276912977888,""use_lbfgs"":false,""weight_decay"":0.0}",3.1079629752967244,0.4316774209645824,0.810991831286082,0.8212220303609943,0.7285277503260073,0.04573053050942731,4.597092445842824,99.9609375,99.8046875,0.1953125,0.6297548329485702,predictive_only_robust_score_R6,69187.0,True,A,2878.1000667999906,0.1635734409093857,1.8095746054314076e-05,-9.912937450408936
38,PRUNED,-0.03877829607629227,PRUNED: median_pruner_after_two_folds,c4a10090614e9870789b92a1f860db317ac8646d18895cd75b3e17553836838f,OPTUNA_AUTONOMOUS_R6,"{""activation"":""gelu"",""batch_size"":256,""config_source"":""OPTUNA_AUTONOMOUS_R6"",""dropout"":0.03,""fourier_dim"":8,""fourier_scale"":0.06352687434501456,""gradient_clip"":2.5,""hidden_widths"":[192,32,256,32,64,256],""huber_delta"":0.3060732442895454,""lambda_phys"":0.0009003780154487374,""learning_rate"":0.0002008886934115725,""loss_data"":""huber"",""lr_scheduler"":""none"",""max_epochs"":700,""name"":""TRIAL_0038_TIT_INC"",""nonnegative_output"":""softplus_output"",""optimizer"":""RMSprop"",""parameter_sources"":{""physics_mode"":""FROZEN_R6_CAMPAIGN_POLICY""},""physics_dropout_mode"":""data_only_dropout"",""physics_mode"":""TIT_INC"",""physics_penalty"":""softplus"",""physics_real_fraction"":0.5,""physics_warmup_fraction"":0.5,""physics_weighting"":""FIXED_LAMBDA"",""synthetic_base_rows"":512,""synthetic_batch_size"":128,""synthetic_levels"":5,""synthetic_local_span_std"":0.25,""target_transform"":""original"",""tau_softplus"":0.04319787399199738,""use_lbfgs"":false,""weight_decay"":0.0}",,,,,,,,,,,,,,,,,,,
39,COMPLETE,0.6337954781563643,,50b9cf94cc1ba3eebd9ed041a8ced9fddcb83cc93b1ee1d967b5a4f13f7c9d17,OPTUNA_AUTONOMOUS_R6,"{""activation"":""softplus"",""batch_size"":64,""config_source"":""OPTUNA_AUTONOMOUS_R6"",""dropout"":0.08,""fourier_dim"":0,""fourier_scale"":0.05,""gradient_clip"":5.0,""hidden_widths"":[48,192,256,32,96],""huber_delta"":1.0,""lambda_phys"":1.0,""learning_rate"":0.00015841615414171869,""loss_data"":""mse"",""lr_scheduler"":""reduce_on_plateau"",""max_epochs"":300,""name"":""TRIAL_0039_TIT_INC"",""nonnegative_output"":false,""optimizer"":""NAdam"",""parameter_sources"":{""physics_mode"":""FROZEN_R6_CAMPAIGN_POLICY""},""physics_dropout_mode"":""shared_stochastic"",""physics_mode"":""TIT_INC"",""physics_penalty"":""softplus"",""physics_real_fraction"":0.5,""physics_warmup_fraction"":0.1,""physics_weighting"":""ADAPTIVE_LEARNED"",""synthetic_base_rows"":256,""synthetic_batch_size"":128,""synthetic_levels"":7,""synthetic_local_span_std"":0.25,""target_transform"":""log1p"",""tau_softplus"":0.16025597482582127,""use_lbfgs"":false,""weight_decay"":0.0}",3.7714329159869764,0.521145863063586,0.7235230248368987,0.7338779532373956,0.5815234044266864,0.07634252954556074,5.5513761624039635,100.0,100.0,0.0,1.1252928497129386,predictive_only_robust_score_R6,70787.0,True,A,3653.464314099998,0.23859050273895263,4.467414014470705e-05,-7.714760684967041
40,COMPLETE,0.7369430311300209,,dbbec4a7a300ae69c9acc17916144b5470687d1e18cfb6052e9342d98b9d7661,OPTUNA_AUTONOMOUS_R6,"{""activation"":""gelu"",""batch_size"":512,""config_source"":""OPTUNA_AUTONOMOUS_R6"",""dropout"":0.03,""fourier_dim"":0,""fourier_scale"":0.05,""gradient_clip"":10.0,""hidden_widths"":[32,48,256,32,96,96],""huber_delta"":0.8165894200838155,""lambda_phys"":0.009443858556929537,""learning_rate"":0.0004090686379670614,""loss_data"":""huber"",""lr_scheduler"":""none"",""max_epochs"":400,""name"":""TRIAL_0040_TIT_INC"",""nonnegative_output"":false,""optimizer"":""Adam"",""parameter_sources"":{""physics_mode"":""FROZEN_R6_CAMPAIGN_POLICY""},""physics_dropout_mode"":""shared_stochastic"",""physics_mode"":""TIT_INC"",""physics_penalty"":""softplus"",""physics_real_fraction"":0.5,""physics_warmup_fraction"":0.0,""physics_weighting"":""FIXED_LAMBDA"",""synthetic_base_rows"":64,""synthetic_batch_size"":64,""synthetic_levels"":5,""synthetic_local_span_std"":1.0,""target_transform"":""log1p"",""tau_softplus"":0.10564863336980287,""use_lbfgs"":false,""weight_decay"":0.0}",3.0010315216164973,0.4261872583653189,0.8132718681972124,0.8344627879498776,0.6864483341724062,0.06591992578107408,4.53707854692861,91.767578125,85.546875,14.453125,0.6284004435186951,predictive_only_robust_score_R6,35249.0,False,C,690.507938499999,0.07109856605529785,0.07524092122912407,0.07180912867188453
41,COMPLETE,0.7478449416423396,,ef9510b9857c1f15285bd484e469e78f4984fab73df6b99b457431b4c1b84488,OPTUNA_AUTONOMOUS_R6,"{""activation"":""gelu"",""batch_size"":512,""config_source"":""OPTUNA_AUTONOMOUS_R6"",""dropout"":0.03,""fourier_dim"":0,""fourier_scale"":0.05,""gradient_clip"":10.0,""hidden_widths"":[96,48,32,32,96],""huber_delta"":0.8357039785862921,""lambda_phys"":0.00044522000847261505,""learning_rate"":0.0002481905733111014,""loss_data"":""huber"",""lr_scheduler"":""none"",""max_epochs"":400,""name"":""TRIAL_0041_TIT_INC"",""nonnegative_output"":false,""optimizer"":""Adam"",""parameter_sources"":{""physics_mode"":""FROZEN_R6_CAMPAIGN_POLICY""},""physics_dropout_mode"":""shared_stochastic"",""physics_mode"":""TIT_INC"",""physics_penalty"":""softplus"",""physics_real_fraction"":0.5,""physics_warmup_fraction"":0.0,""physics_weighting"":""FIXED_LAMBDA"",""synthetic_base_rows"":128,""synthetic_batch_size"":512,""synthetic_levels"":5,""synthetic_local_span_std"":0.5,""target_transform"":""log1p"",""tau_softplus"":0.1036252807211027,""use_lbfgs"":false,""weight_decay"":0.0}",3.0382992697873457,0.4308552245981548,0.810934771435868,0.8172296618527498,0.7114877974032757,0.05310112499037564,4.589720616695239,83.779296875,76.7578125,23.2421875,0.5778995981543261,predictive_only_robust_score_R6,11505.0,False,C,763.4281489999703,0.07306206449866295,0.2759301483631134,0.07318491339683533
42,COMPLETE,0.7386769157084466,,b6c96bb0e593588c1c2938d51e9954aa747dce115a21a1869ed51218c0d01b04,OPTUNA_AUTONOMOUS_R6,"{""activation"":""gelu"",""batch_size"":512,""config_source"":""OPTUNA_AUTONOMOUS_R6"",""dropout"":0.03,""fourier_dim"":0,""fourier_scale"":0.05,""gradient_clip"":10.0,""hidden_widths"":[48,48,32,32],""huber_delta"":0.8468215859837236,""lambda_phys"":0.00014728802080357374,""learning_rate"":0.00035887417634340637,""loss_data"":""huber"",""lr_scheduler"":""none"",""max_epochs"":150,""name"":""TRIAL_0042_TIT_INC"",""nonnegative_output"":false,""optimizer"":""AdamW"",""parameter_sources"":{""physics_mode"":""FROZEN_R6_CAMPAIGN_POLICY""},""physics_dropout_mode"":""shared_stochastic"",""physics_mode"":""TIT_INC"",""physics_penalty"":""softplus"",""physics_real_fraction"":0.0,""physics_warmup_fraction"":0.0,""physics_weighting"":""FIXED_LAMBDA"",""synthetic_base_rows"":128,""synthetic_batch_size"":256,""synthetic_levels"":5,""synthetic_local_span_std"":0.5,""target_transform"":""log1p"",""tau_softplus"":0.09152817298225678,""use_lbfgs"":false,""weight_decay"":0.0006267149182805035}",3.2193446627310407,0.4475332892629142,0.7965904776108929,0.804893609009689,0.7044806797715439,0.051386226184756516,4.766671010576667,87.03125,79.98046875,20.01953125,0.6766684275220725,predictive_only_robust_score_R6,5489.0,False,C,288.7920557000034,0.07939314842224121,0.16946621239185333,0.0794181078672409
43,COMPLETE,0.6352933737500304,,d007aef698fbd3f03fe0ef0521b4f4c371fb53ca79c71ed71d049312402152cf,OPTUNA_AUTONOMOUS_R6,"{""activation"":""silu"",""batch_size"":64,""config_source"":""OPTUNA_AUTONOMOUS_R6"",""dropout"":0.08,""fourier_dim"":0,""fourier_scale"":0.05,""gradient_clip"":5.0,""hidden_widths"":[96,256,32,256],""huber_delta"":0.37146018751012755,""lambda_phys"":1.0,""learning_rate"":0.0001494134721548909,""loss_data"":""huber"",""lr_scheduler"":""reduce_on_plateau"",""max_epochs"":800,""name"":""TRIAL_0043_TIT_INC"",""nonnegative_output"":false,""optimizer"":""NAdam"",""parameter_sources"":{""physics_mode"":""FROZEN_R6_CAMPAIGN_POLICY""},""physics_dropout_mode"":""no_dropout"",""physics_mode"":""TIT_INC"",""physics_penalty"":""relu_squared"",""physics_real_fraction"":0.5,""physics_warmup_fraction"":0.1,""physics_weighting"":""ADAPTIVE_LEARNED"",""synthetic_base_rows"":256,""synthetic_batch_size"":256,""synthetic_levels"":3,""synthetic_local_span_std"":0.25,""target_transform"":""log1p"",""tau_softplus"":0.09948567988887914,""use_lbfgs"":false,""weight_decay"":0.0}",3.4892308421497185,0.49312764043318785,0.7483993781381123,0.783916054244856,0.5586294757973295,0.09899065815635402,5.241888513058529,99.541015625,98.4375,1.5625,0.8822488156269165,predictive_only_robust_score_R6,42723.0,True,B,1724.2732981000008,0.06843056976795196,0.00018366347248957026,-5.904275894165039
44,COMPLETE,0.7394216451106902,,8c67b18d3e666c9430329e13588ec4bc0146f3db9cb315712db3752b64f5e9cd,OPTUNA_AUTONOMOUS_R6,"{""activation"":""silu"",""batch_size"":64,""config_source"":""OPTUNA_AUTONOMOUS_R6"",""dropout"":0.08,""fourier_dim"":0,""fourier_scale"":0.05,""gradient_clip"":5.0,""hidden_widths"":[96,160,32,48,96],""huber_delta"":1.0,""lambda_phys"":0.0004976476742620411,""learning_rate"":0.0007084732458945381,""loss_data"":""mse"",""lr_scheduler"":""reduce_on_plateau"",""max_epochs"":800,""name"":""TRIAL_0044_TIT_INC"",""nonnegative_output"":false,""optimizer"":""NAdam"",""parameter_sources"":{""physics_mode"":""FROZEN_R6_CAMPAIGN_POLICY""},""physics_dropout_mode"":""shared_stochastic"",""physics_mode"":""TIT_INC"",""physics_penalty"":""relu_squared"",""physics_real_fraction"":0.5,""physics_warmup_fraction"":0.5,""physics_weighting"":""FIXED_LAMBDA"",""synthetic_base_rows"":256,""synthetic_batch_size"":512,""synthetic_levels"":7,""synthetic_local_span_std"":0.25,""target_transform"":""log1p"",""tau_softplus"":0.11149698941075456,""use_lbfgs"":false,""weight_decay"":1.3067820525755538e-05}",3.124549679397076,0.43572049144037345,0.8061121867339353,0.8232548922987648,0.6961317889084275,0.058451145973892796,4.637678670799197,77.8125,62.01171875,37.98828125,0.634868064845796,predictive_only_robust_score_R6,28017.0,False,C,7848.316511999976,0.16499214768409728,1.1648086786270142,0.16557181179523467
45,COMPLETE,0.6684345338181484,,63fd88de6832ca39c021fab157bbe4a7ab12abb4298d12f2da697d0718d0f3a7,OPTUNA_AUTONOMOUS_R6,"{""activation"":""softplus"",""batch_size"":512,""config_source"":""OPTUNA_AUTONOMOUS_R6"",""dropout"":0.08,""fourier_dim"":0,""fourier_scale"":0.05,""gradient_clip"":5.0,""hidden_widths"":[96,160,128,32,96,64],""huber_delta"":0.8661516938030088,""lambda_phys"":1.0,""learning_rate"":0.0011833705173484401,""loss_data"":""huber"",""lr_scheduler"":""reduce_on_plateau"",""max_epochs"":800,""name"":""TRIAL_0045_TIT_INC"",""nonnegative_output"":false,""optimizer"":""NAdam"",""parameter_sources"":{""physics_mode"":""FROZEN_R6_CAMPAIGN_POLICY""},""physics_dropout_mode"":""shared_stochastic"",""physics_mode"":""TIT_INC"",""physics_penalty"":""relu_squared"",""physics_real_fraction"":0.5,""physics_warmup_fraction"":0.1,""physics_weighting"":""ADAPTIVE_LEARNED"",""synthetic_base_rows"":64,""synthetic_batch_size"":128,""synthetic_levels"":5,""synthetic_local_span_std"":0.25,""target_transform"":""log1p"",""tau_softplus"":0.10628345368664172,""use_lbfgs"":false,""weight_decay"":0.0}",3.337777319023341,0.474526390833356,0.7683423773596638,0.7912287151126403,0.6043824112262293,0.08397765187347636,5.0461874581731525,100.0,100.0,0.0,0.6729427176937839,predictive_only_robust_score_R6,50659.0,True,A,533.088751999996,0.08741672337055206,0.0,-9.166584587097168
46,PRUNED,0.702491952486622,PRUNED: median_pruner_after_two_folds,884512efaa14b0824d178d6fac78a5ca6669ff8b62a35c0b42666d503754a144,OPTUNA_AUTONOMOUS_R6,"{""activation"":""gelu"",""batch_size"":512,""config_source"":""OPTUNA_AUTONOMOUS_R6"",""dropout"":0.0,""fourier_dim"":16,""fourier_scale"":0.010716241129787517,""gradient_clip"":2.5,""hidden_widths"":[96,48,32,48,96],""huber_delta"":0.2511826470225264,""lambda_phys"":0.0006132910702777587,""learning_rate"":0.00012140442138135572,""loss_data"":""huber"",""lr_scheduler"":""reduce_on_plateau"",""max_epochs"":400,""name"":""TRIAL_0046_TIT_INC"",""nonnegative_output"":false,""optimizer"":""Adam"",""parameter_sources"":{""physics_mode"":""FROZEN_R6_CAMPAIGN_POLICY""},""physics_dropout_mode"":""shared_stochastic"",""physics_mode"":""TIT_INC"",""physics_penalty"":""softplus"",""physics_real_fraction"":0.5,""physics_warmup_fraction"":0.5,""physics_weighting"":""FIXED_LAMBDA"",""synthetic_base_rows"":128,""synthetic_batch_size"":512,""synthetic_levels"":5,""synthetic_local_span_std"":0.5,""target_transform"":""log1p"",""tau_softplus"":0.06183629182385431,""use_lbfgs"":false,""weight_decay"":0.0}",,,,,,,,,,,,,,,,,,,
47,FAIL,,,155a2ad36f8ec11b160a5dbc2fcda07cc488c158b9db6b47e9b1b1805caf2f59,OPTUNA_AUTONOMOUS_R6,"{""activation"":""silu"",""batch_size"":64,""config_source"":""OPTUNA_AUTONOMOUS_R6"",""dropout"":0.08,""fourier_dim"":0,""fourier_scale"":0.05,""gradient_clip"":10.0,""hidden_widths"":[96,32,32,48,96,32],""huber_delta"":1.0,""lambda_phys"":0.0004395708612421547,""learning_rate"":0.00022689113047427115,""loss_data"":""mse"",""lr_scheduler"":""reduce_on_plateau"",""max_epochs"":800,""name"":""TRIAL_0047_TIT_INC"",""nonnegative_output"":false,""optimizer"":""NAdam"",""parameter_sources"":{""physics_mode"":""FROZEN_R6_CAMPAIGN_POLICY""},""physics_dropout_mode"":""shared_stochastic"",""physics_mode"":""TIT_INC"",""physics_penalty"":""relu_squared"",""physics_real_fraction"":0.5,""physics_warmup_fraction"":0.5,""physics_weighting"":""FIXED_LAMBDA"",""synthetic_base_rows"":256,""synthetic_batch_size"":512,""synthetic_levels"":5,""synthetic_local_span_std"":0.25,""target_transform"":""log1p"",""tau_softplus"":0.06137636585692406,""use_lbfgs"":false,""weight_decay"":1.352146015577401e-05}",,,,,,,,,,,,,,,,,,,
48,COMPLETE,0.7316603957552779,,8a855f3b55ed316b2c93448e449db65e4d65544c6b6effbf669d99ce15e16556,OPTUNA_AUTONOMOUS_R6,"{""activation"":""silu"",""batch_size"":256,""config_source"":""OPTUNA_AUTONOMOUS_R6"",""dropout"":0.08,""fourier_dim"":0,""fourier_scale"":0.05,""gradient_clip"":5.0,""hidden_widths"":[96,160,32,48],""huber_delta"":1.0,""lambda_phys"":0.0005075120228795499,""learning_rate"":0.0005362916952577028,""loss_data"":""mse"",""lr_scheduler"":""reduce_on_plateau"",""max_epochs"":800,""name"":""TRIAL_0048_TIT_INC"",""nonnegative_output"":false,""optimizer"":""NAdam"",""parameter_sources"":{""physics_mode"":""FROZEN_R6_CAMPAIGN_POLICY""},""physics_dropout_mode"":""shared_stochastic"",""physics_mode"":""TIT_INC"",""physics_penalty"":""relu_squared"",""physics_real_fraction"":0.5,""physics_warmup_fraction"":0.5,""physics_weighting"":""FIXED_LAMBDA"",""synthetic_base_rows"":256,""synthetic_batch_size"":512,""synthetic_levels"":7,""synthetic_local_span_std"":0.25,""target_transform"":""log1p"",""tau_softplus"":0.11548624186683423,""use_lbfgs"":false,""weight_decay"":1.4185534748344311e-05}",3.0893507526206445,0.43640680025570616,0.8051101419564393,0.8243891592886502,0.6835208093591274,0.06279851842437657,4.645764904386293,84.00390625,74.560546875,25.439453125,0.6398137787388022,predictive_only_robust_score_R6,23265.0,False,C,1701.2208486999998,0.1667483776807785,0.995945543050766,0.1672538310289383
49,PRUNED,0.7053442697448812,PRUNED: median_pruner_after_two_folds,7f676e985b937b10cffceda1e754613d75c9c208fecbc41461d1fc6fed13b300,OPTUNA_AUTONOMOUS_R6,"{""activation"":""tanh"",""batch_size"":64,""config_source"":""OPTUNA_AUTONOMOUS_R6"",""dropout"":0.08,""fourier_dim"":8,""fourier_scale"":0.05960536689436084,""gradient_clip"":5.0,""hidden_widths"":[64,192,32,64],""huber_delta"":1.0,""lambda_phys"":0.000554331211868421,""learning_rate"":0.00018130714181211722,""loss_data"":""mse"",""lr_scheduler"":""cosine"",""max_epochs"":600,""name"":""TRIAL_0049_TIT_INC"",""nonnegative_output"":false,""optimizer"":""AdamW"",""parameter_sources"":{""physics_mode"":""FROZEN_R6_CAMPAIGN_POLICY""},""physics_dropout_mode"":""shared_stochastic"",""physics_mode"":""TIT_INC"",""physics_penalty"":""relu_squared"",""physics_real_fraction"":0.0,""physics_warmup_fraction"":0.5,""physics_weighting"":""FIXED_LAMBDA"",""synthetic_base_rows"":256,""synthetic_batch_size"":128,""synthetic_levels"":7,""synthetic_local_span_std"":1.0,""target_transform"":""log1p"",""tau_softplus"":0.08858520467435214,""use_lbfgs"":false,""weight_decay"":0.0}",,,,,,,,,,,,,,,,,,,
50,COMPLETE,0.7270929221745384,,6d119b94e333d95eb361a125f1379aae2dd993c577cc2a851d7920f5fe1b8e26,OPTUNA_AUTONOMOUS_R6,"{""activation"":""silu"",""batch_size"":512,""config_source"":""OPTUNA_AUTONOMOUS_R6"",""dropout"":0.03,""fourier_dim"":0,""fourier_scale"":0.05,""gradient_clip"":10.0,""hidden_widths"":[256,64,64,48,96],""huber_delta"":0.8454534192138174,""lambda_phys"":1.0,""learning_rate"":0.00046433477106245683,""loss_data"":""huber"",""lr_scheduler"":""none"",""max_epochs"":400,""name"":""TRIAL_0050_TIT_INC"",""nonnegative_output"":false,""optimizer"":""Adam"",""parameter_sources"":{""physics_mode"":""FROZEN_R6_CAMPAIGN_POLICY""},""physics_dropout_mode"":""no_dropout"",""physics_mode"":""TIT_INC"",""physics_penalty"":""softplus"",""physics_real_fraction"":0.5,""physics_warmup_fraction"":0.0,""physics_weighting"":""ADAPTIVE_LEARNED"",""synthetic_base_rows"":512,""synthetic_batch_size"":128,""synthetic_levels"":5,""synthetic_local_span_std"":0.25,""target_transform"":""log1p"",""tau_softplus"":0.05946253208387494,""use_lbfgs"":false,""weight_decay"":0.0}",3.2394161852938153,0.452704201155539,0.791667921546864,0.8188816172319687,0.6798913797377193,0.056731829923701384,4.81958860660958,99.9609375,99.8046875,0.1953125,0.49546621061675494,predictive_only_robust_score_R6,31091.0,True,A,414.4994286000001,0.0809725359082222,9.230532778019551e-05,-5.179282188415527
51,PRUNED,-0.011241405443978777,PRUNED: median_pruner_after_two_folds,97d29b428419d6636516f9ad9fa25e336c3357a3016080c30ab7392e8f8b53d5,OPTUNA_AUTONOMOUS_R6,"{""activation"":""gelu"",""batch_size"":64,""config_source"":""OPTUNA_AUTONOMOUS_R6"",""dropout"":0.03,""fourier_dim"":0,""fourier_scale"":0.05,""gradient_clip"":10.0,""hidden_widths"":[32,128,32,32],""huber_delta"":0.5843775158002862,""lambda_phys"":0.0017379126624056894,""learning_rate"":0.0002571928616887202,""loss_data"":""huber"",""lr_scheduler"":""none"",""max_epochs"":700,""name"":""TRIAL_0051_TIT_INC"",""nonnegative_output"":""softplus_output"",""optimizer"":""Adam"",""parameter_sources"":{""physics_mode"":""FROZEN_R6_CAMPAIGN_POLICY""},""physics_dropout_mode"":""shared_stochastic"",""physics_mode"":""TIT_INC"",""physics_penalty"":""softplus"",""physics_real_fraction"":0.5,""physics_warmup_fraction"":0.0,""physics_weighting"":""FIXED_LAMBDA"",""synthetic_base_rows"":128,""synthetic_batch_size"":512,""synthetic_levels"":5,""synthetic_local_span_std"":0.5,""target_transform"":""original"",""tau_softplus"":0.07925560451618233,""use_lbfgs"":false,""weight_decay"":0.0}",,,,,,,,,,,,,,,,,,,
52,COMPLETE,0.7217836196762444,,09b823d0a30b5a4dec9eee6eb1c0a22623234bf9a57bfc37ce8f089bc21c612e,OPTUNA_AUTONOMOUS_R6,"{""activation"":""tanh"",""batch_size"":64,""config_source"":""OPTUNA_AUTONOMOUS_R6"",""dropout"":0.0,""fourier_dim"":0,""fourier_scale"":0.05,""gradient_clip"":5.0,""hidden_widths"":[256,192,256,192,96],""huber_delta"":1.0,""lambda_phys"":0.00022735275987693592,""learning_rate"":0.0005662439551177163,""loss_data"":""mse"",""lr_scheduler"":""none"",""max_epochs"":600,""name"":""TRIAL_0052_TIT_INC"",""nonnegative_output"":false,""optimizer"":""NAdam"",""parameter_sources"":{""physics_mode"":""FROZEN_R6_CAMPAIGN_POLICY""},""physics_dropout_mode"":""shared_stochastic"",""physics_mode"":""TIT_INC"",""physics_penalty"":""relu_squared"",""physics_real_fraction"":0.25,""physics_warmup_fraction"":0.5,""physics_weighting"":""FIXED_LAMBDA"",""synthetic_base_rows"":256,""synthetic_batch_size"":128,""synthetic_levels"":3,""synthetic_local_span_std"":0.5,""target_transform"":""log1p"",""tau_softplus"":0.07777231272144378,""use_lbfgs"":false,""weight_decay"":0.0}",3.196786798040471,0.448913771640457,0.7942007796067145,0.8150012775286535,0.6735721956412516,0.06280158927774109,4.779202909466217,63.837890625,56.005859375,43.994140625,0.572232457392981,predictive_only_robust_score_R6,169281.0,False,C,4024.7558802999997,0.17544884085655213,1.6530895829200745,0.1758246749639511
53,FAIL,,,5695a96c1fc8ae7eda047af2622f0e73d609d6e2bc4df9a90ea2bd4527b862d5,OPTUNA_AUTONOMOUS_R6,"{""activation"":""tanh"",""batch_size"":64,""config_source"":""OPTUNA_AUTONOMOUS_R6"",""dropout"":0.08,""fourier_dim"":32,""fourier_scale"":0.031015800746753516,""gradient_clip"":1.0,""hidden_widths"":[64,64,128,32],""huber_delta"":1.0,""lambda_phys"":0.0020938204150096435,""learning_rate"":0.00042431159947155597,""loss_data"":""mse"",""lr_scheduler"":""none"",""max_epochs"":500,""name"":""TRIAL_0053_TIT_INC"",""nonnegative_output"":false,""optimizer"":""NAdam"",""parameter_sources"":{""physics_mode"":""FROZEN_R6_CAMPAIGN_POLICY""},""physics_dropout_mode"":""shared_stochastic"",""physics_mode"":""TIT_INC"",""physics_penalty"":""relu_squared"",""physics_real_fraction"":0.0,""physics_warmup_fraction"":0.5,""physics_weighting"":""FIXED_LAMBDA"",""synthetic_base_rows"":64,""synthetic_batch_size"":128,""synthetic_levels"":3,""synthetic_local_span_std"":0.5,""target_transform"":""log1p"",""tau_softplus"":0.05521918504691621,""use_lbfgs"":false,""weight_decay"":0.0}",,,,,,,,,,,,,,,,,,,
54,COMPLETE,0.7310128142121044,,7c6e4756f7d01e7e98ce39936c060d6cd7b64fe50a5f3c2f9a91709cf3487ae2,OPTUNA_AUTONOMOUS_R6,"{""activation"":""gelu"",""batch_size"":256,""config_source"":""OPTUNA_AUTONOMOUS_R6"",""dropout"":0.15,""fourier_dim"":0,""fourier_scale"":0.05,""gradient_clip"":10.0,""hidden_widths"":[64,48,128,32],""huber_delta"":1.0,""lambda_phys"":0.0026091302865912745,""learning_rate"":0.00011793253143258077,""loss_data"":""mse"",""lr_scheduler"":""none"",""max_epochs"":400,""name"":""TRIAL_0054_TIT_INC"",""nonnegative_output"":false,""optimizer"":""NAdam"",""parameter_sources"":{""physics_mode"":""FROZEN_R6_CAMPAIGN_POLICY""},""physics_dropout_mode"":""shared_stochastic"",""physics_mode"":""TIT_INC"",""physics_penalty"":""softplus"",""physics_real_fraction"":0.5,""physics_warmup_fraction"":0.0,""physics_weighting"":""FIXED_LAMBDA"",""synthetic_base_rows"":128,""synthetic_batch_size"":512,""synthetic_levels"":5,""synthetic_local_span_std"":0.5,""target_transform"":""log1p"",""tau_softplus"":0.12695814690753188,""use_lbfgs"":false,""weight_decay"":0.0}",3.3002222115166355,0.45622303276554643,0.7887777055447165,0.7971270669564041,0.696973982602843,0.05187465990994309,4.859828677190062,89.4140625,82.568359375,17.431640625,0.8031570858729676,predictive_only_robust_score_R6,14193.0,False,C,1551.9690796,0.18089083433151246,0.22116984724998473,0.1814678966999054
55,COMPLETE,0.6980780008239232,,c5cad28e5cc8677f0ba2b60d24f494b6e51e51e107a44ce477bf95779bfbedd6,OPTUNA_AUTONOMOUS_R6,"{""activation"":""silu"",""batch_size"":512,""config_source"":""OPTUNA_AUTONOMOUS_R6"",""dropout"":0.25,""fourier_dim"":0,""fourier_scale"":0.05,""gradient_clip"":2.5,""hidden_widths"":[96,48,32,48,32],""huber_delta"":0.8524209715521822,""lambda_phys"":0.0011443958310677939,""learning_rate"":0.00026971893166771374,""loss_data"":""huber"",""lr_scheduler"":""none"",""max_epochs"":800,""name"":""TRIAL_0055_TIT_INC"",""nonnegative_output"":false,""optimizer"":""RMSprop"",""parameter_sources"":{""physics_mode"":""FROZEN_R6_CAMPAIGN_POLICY""},""physics_dropout_mode"":""shared_stochastic"",""physics_mode"":""TIT_INC"",""physics_penalty"":""softplus"",""physics_real_fraction"":0.5,""physics_warmup_fraction"":0.0,""physics_weighting"":""FIXED_LAMBDA"",""synthetic_base_rows"":128,""synthetic_batch_size"":512,""synthetic_levels"":3,""synthetic_local_span_std"":0.5,""target_transform"":""log1p"",""tau_softplus"":0.17553381497710066,""use_lbfgs"":false,""weight_decay"":0.0}",3.3240326036629093,0.4731849639020494,0.7713823902129144,0.7851869429222406,0.6534333599058748,0.06676337017565252,5.034142851755753,94.560546875,89.599609375,10.400390625,0.9592463117664496,predictive_only_robust_score_R6,10369.0,False,C,1496.5637798999999,0.08457694053649903,0.05888661292847246,0.0846443310379982
56,COMPLETE,0.7399160432948629,,69aaf2901e00f2667147a95b553b4e40fa751bd5899d1114d549922a131d5c92,OPTUNA_AUTONOMOUS_R6,"{""activation"":""silu"",""batch_size"":128,""config_source"":""OPTUNA_AUTONOMOUS_R6"",""dropout"":0.08,""fourier_dim"":0,""fourier_scale"":0.05,""gradient_clip"":5.0,""hidden_widths"":[96,160,192,32,48],""huber_delta"":1.0,""lambda_phys"":0.00012724842978741255,""learning_rate"":0.0001350740733893505,""loss_data"":""mse"",""lr_scheduler"":""reduce_on_plateau"",""max_epochs"":800,""name"":""TRIAL_0056_TIT_INC"",""nonnegative_output"":false,""optimizer"":""NAdam"",""parameter_sources"":{""physics_mode"":""FROZEN_R6_CAMPAIGN_POLICY""},""physics_dropout_mode"":""shared_stochastic"",""physics_mode"":""TIT_INC"",""physics_penalty"":""softplus"",""physics_real_fraction"":0.5,""physics_warmup_fraction"":0.1,""physics_weighting"":""FIXED_LAMBDA"",""synthetic_base_rows"":256,""synthetic_batch_size"":128,""synthetic_levels"":3,""synthetic_local_span_std"":0.5,""target_transform"":""log1p"",""tau_softplus"":0.06059569192200196,""use_lbfgs"":false,""weight_decay"":0.0}",3.190758375565901,0.44168907101935817,0.80175839729056,0.8186371728245218,0.6990530924243291,0.052828037361471396,4.702158048003126,83.76953125,75.0,25.0,0.7463892189083348,predictive_only_robust_score_R6,55201.0,False,C,2102.6575605999997,0.16882804334163665,0.37591736316680907,0.16887587904930115
57,PRUNED,-0.03906910513379366,PRUNED: median_pruner_after_two_folds,8c92f282601416a085d5025c62ba382b2abc7e9a13b87a4e7abcef0e909cb406,OPTUNA_AUTONOMOUS_R6,"{""activation"":""silu"",""batch_size"":256,""config_source"":""OPTUNA_AUTONOMOUS_R6"",""dropout"":0.08,""fourier_dim"":0,""fourier_scale"":0.05,""gradient_clip"":5.0,""hidden_widths"":[96,256,192,32,48,128],""huber_delta"":1.0,""lambda_phys"":1.0,""learning_rate"":0.0001663476527850767,""loss_data"":""mse"",""lr_scheduler"":""reduce_on_plateau"",""max_epochs"":800,""name"":""TRIAL_0057_TIT_INC"",""nonnegative_output"":""softplus_output"",""optimizer"":""NAdam"",""parameter_sources"":{""physics_mode"":""FROZEN_R6_CAMPAIGN_POLICY""},""physics_dropout_mode"":""shared_stochastic"",""physics_mode"":""TIT_INC"",""physics_penalty"":""relu_squared"",""physics_real_fraction"":0.25,""physics_warmup_fraction"":0.1,""physics_weighting"":""ADAPTIVE_LEARNED"",""synthetic_base_rows"":256,""synthetic_batch_size"":128,""synthetic_levels"":5,""synthetic_local_span_std"":0.25,""target_transform"":""original"",""tau_softplus"":0.0737332186747706,""use_lbfgs"":false,""weight_decay"":0.0}",,,,,,,,,,,,,,,,,,,
58,COMPLETE,0.733849627573563,,2018575c3b3e70e99dd7d252129ee97c35d13fe0832b997c50c8e6997ea8b0dc,OPTUNA_AUTONOMOUS_R6,"{""activation"":""silu"",""batch_size"":128,""config_source"":""OPTUNA_AUTONOMOUS_R6"",""dropout"":0.03,""fourier_dim"":0,""fourier_scale"":0.05,""gradient_clip"":5.0,""hidden_widths"":[96,160,192,32,48],""huber_delta"":1.0,""lambda_phys"":0.0001625411279626817,""learning_rate"":0.00012555177539416826,""loss_data"":""mse"",""lr_scheduler"":""reduce_on_plateau"",""max_epochs"":800,""name"":""TRIAL_0058_TIT_INC"",""nonnegative_output"":false,""optimizer"":""NAdam"",""parameter_sources"":{""physics_mode"":""FROZEN_R6_CAMPAIGN_POLICY""},""physics_dropout_mode"":""shared_stochastic"",""physics_mode"":""TIT_INC"",""physics_penalty"":""softplus"",""physics_real_fraction"":0.5,""physics_warmup_fraction"":0.1,""physics_weighting"":""FIXED_LAMBDA"",""synthetic_base_rows"":64,""synthetic_batch_size"":128,""synthetic_levels"":3,""synthetic_local_span_std"":0.25,""target_transform"":""log1p"",""tau_softplus"":0.05853576889588837,""use_lbfgs"":false,""weight_decay"":0.0}",3.207383059443172,0.4434020675258389,0.7996083039033735,0.821721339679952,0.6886537243829629,0.05819839350537698,4.725149244839562,82.67578125,74.31640625,25.68359375,0.7388634054463123,predictive_only_robust_score_R6,55201.0,False,C,2554.2076777000007,0.1709320604801178,0.357571080327034,0.17099017947912215
59,COMPLETE,0.7362151688273957,,92e6aecdbc4b98f16cae8113865c68aa40407b4644534931b0b4635943aefaa4,OPTUNA_AUTONOMOUS_R6,"{""activation"":""tanh"",""batch_size"":512,""config_source"":""OPTUNA_AUTONOMOUS_R6"",""dropout"":0.08,""fourier_dim"":0,""fourier_scale"":0.05,""gradient_clip"":10.0,""hidden_widths"":[64,64,192,192,128],""huber_delta"":1.0,""lambda_phys"":0.00018879966659147613,""learning_rate"":0.0005687588397936416,""loss_data"":""mse"",""lr_scheduler"":""none"",""max_epochs"":200,""name"":""TRIAL_0059_TIT_INC"",""nonnegative_output"":false,""optimizer"":""NAdam"",""parameter_sources"":{""physics_mode"":""FROZEN_R6_CAMPAIGN_POLICY""},""physics_dropout_mode"":""data_only_dropout"",""physics_mode"":""TIT_INC"",""physics_penalty"":""relu_squared"",""physics_real_fraction"":0.0,""physics_warmup_fraction"":0.5,""physics_weighting"":""FIXED_LAMBDA"",""synthetic_base_rows"":256,""synthetic_batch_size"":128,""synthetic_levels"":3,""synthetic_local_span_std"":1.0,""target_transform"":""log1p"",""tau_softplus"":0.060286985466432394,""use_lbfgs"":false,""weight_decay"":0.0}",3.0045062771718074,0.43613418537291315,0.8057023434463249,0.8242842213630672,0.690560419891265,0.059765838609160155,4.641746850711556,75.048828125,71.142578125,28.857421875,0.4753308872752967,predictive_only_robust_score_R6,79169.0,False,C,352.05087710000134,0.16453403234481812,0.7847633540630341,0.16468219459056854
60,PRUNED,-0.02078812763105552,PRUNED: median_pruner_after_two_folds,66c9c3ea1e51dec09f81ca5952e781a155b662b30ae7670c354519678f77b19d,OPTUNA_AUTONOMOUS_R6,"{""activation"":""silu"",""batch_size"":128,""config_source"":""OPTUNA_AUTONOMOUS_R6"",""dropout"":0.08,""fourier_dim"":0,""fourier_scale"":0.05,""gradient_clip"":5.0,""hidden_widths"":[64,160,256,32,192,96],""huber_delta"":1.0,""lambda_phys"":0.0001376837423220373,""learning_rate"":0.00014400086568590054,""loss_data"":""mse"",""lr_scheduler"":""reduce_on_plateau"",""max_epochs"":800,""name"":""TRIAL_0060_TIT_INC"",""nonnegative_output"":""softplus_output"",""optimizer"":""NAdam"",""parameter_sources"":{""physics_mode"":""FROZEN_R6_CAMPAIGN_POLICY""},""physics_dropout_mode"":""no_dropout"",""physics_mode"":""TIT_INC"",""physics_penalty"":""softplus"",""physics_real_fraction"":0.5,""physics_warmup_fraction"":0.5,""physics_weighting"":""FIXED_LAMBDA"",""synthetic_base_rows"":256,""synthetic_batch_size"":128,""synthetic_levels"":3,""synthetic_local_span_std"":0.5,""target_transform"":""original"",""tau_softplus"":0.014770353708978504,""use_lbfgs"":false,""weight_decay"":0.0}",,,,,,,,,,,,,,,,,,,
61,COMPLETE,0.7324965495513693,,bbf46b829bb75cddb6790b0e07a1b892056030de6c192c495343a5726eee13fb,OPTUNA_AUTONOMOUS_R6,"{""activation"":""tanh"",""batch_size"":128,""config_source"":""OPTUNA_AUTONOMOUS_R6"",""dropout"":0.08,""fourier_dim"":0,""fourier_scale"":0.05,""gradient_clip"":2.5,""hidden_widths"":[96,160,48,32,160,256],""huber_delta"":1.0,""lambda_phys"":0.0010892049410496233,""learning_rate"":0.00020550076052179098,""loss_data"":""mse"",""lr_scheduler"":""reduce_on_plateau"",""max_epochs"":800,""name"":""TRIAL_0061_TIT_INC"",""nonnegative_output"":false,""optimizer"":""NAdam"",""parameter_sources"":{""physics_mode"":""FROZEN_R6_CAMPAIGN_POLICY""},""physics_dropout_mode"":""shared_stochastic"",""physics_mode"":""TIT_INC"",""physics_penalty"":""softplus"",""physics_real_fraction"":0.5,""physics_warmup_fraction"":0.5,""physics_weighting"":""FIXED_LAMBDA"",""synthetic_base_rows"":256,""synthetic_batch_size"":128,""synthetic_levels"":3,""synthetic_local_span_std"":0.5,""target_transform"":""log1p"",""tau_softplus"":0.09850484149532883,""use_lbfgs"":false,""weight_decay"":1.3687397778316128e-05}",3.204315361480903,0.45049930658472315,0.7934250236836371,0.8141987098933531,0.690887245297992,0.05637912963795471,4.794246726971208,82.060546875,75.0,25.0,0.6897299753156024,predictive_only_robust_score_R6,72529.0,False,C,3881.4885538,0.17318033576011657,0.19511605501174928,0.17339285910129548
62,PRUNED,0.7391225025979273,PRUNED: median_pruner_after_two_folds,bb969784a1412ea30549681893310b0ced85ef1c05533a4140098203fb4cb44c,OPTUNA_AUTONOMOUS_R6,"{""activation"":""gelu"",""batch_size"":512,""config_source"":""OPTUNA_AUTONOMOUS_R6"",""dropout"":0.03,""fourier_dim"":0,""fourier_scale"":0.05,""gradient_clip"":10.0,""hidden_widths"":[32,128,64,128,48],""huber_delta"":0.5359216400251323,""lambda_phys"":0.0007579496942415722,""learning_rate"":0.0003207518422559892,""loss_data"":""huber"",""lr_scheduler"":""none"",""max_epochs"":300,""name"":""TRIAL_0062_TIT_INC"",""nonnegative_output"":false,""optimizer"":""Adam"",""parameter_sources"":{""physics_mode"":""FROZEN_R6_CAMPAIGN_POLICY""},""physics_dropout_mode"":""shared_stochastic"",""physics_mode"":""TIT_INC"",""physics_penalty"":""softplus"",""physics_real_fraction"":0.0,""physics_warmup_fraction"":0.25,""physics_weighting"":""FIXED_LAMBDA"",""synthetic_base_rows"":512,""synthetic_batch_size"":128,""synthetic_levels"":5,""synthetic_local_span_std"":0.25,""target_transform"":""log1p"",""tau_softplus"":0.07139364551224459,""use_lbfgs"":false,""weight_decay"":0.0008538835965794249}",,,,,,,,,,,,,,,,,,,
63,PRUNED,0.7273828481245557,PRUNED: median_pruner_after_two_folds,c534f448ba79238bc32f88d8b68a389d42a912255a964e367fb0f3a75a4fcda1,OPTUNA_AUTONOMOUS_R6,"{""activation"":""softplus"",""batch_size"":128,""config_source"":""OPTUNA_AUTONOMOUS_R6"",""dropout"":0.0,""fourier_dim"":0,""fourier_scale"":0.05,""gradient_clip"":5.0,""hidden_widths"":[96,48,192,160,96],""huber_delta"":1.0,""lambda_phys"":0.0001179405771272465,""learning_rate"":0.00046637299694865216,""loss_data"":""mse"",""lr_scheduler"":""reduce_on_plateau"",""max_epochs"":500,""name"":""TRIAL_0063_TIT_INC"",""nonnegative_output"":false,""optimizer"":""NAdam"",""parameter_sources"":{""physics_mode"":""FROZEN_R6_CAMPAIGN_POLICY""},""physics_dropout_mode"":""shared_stochastic"",""physics_mode"":""TIT_INC"",""physics_penalty"":""softplus"",""physics_real_fraction"":0.25,""physics_warmup_fraction"":0.1,""physics_weighting"":""FIXED_LAMBDA"",""synthetic_base_rows"":256,""synthetic_batch_size"":128,""synthetic_levels"":3,""synthetic_local_span_std"":0.5,""target_transform"":""log1p"",""tau_softplus"":0.10063975696901242,""use_lbfgs"":false,""weight_decay"":0.0}",,,,,,,,,,,,,,,,,,,
64,PRUNED,-0.1875323785612573,PRUNED: median_pruner_after_two_folds,e8f223d7de64531fe554be188b37a62d4751d70f694e67ae5a3cb2b3bdef9575,OPTUNA_AUTONOMOUS_R6,"{""activation"":""silu"",""batch_size"":128,""config_source"":""OPTUNA_AUTONOMOUS_R6"",""dropout"":0.08,""fourier_dim"":64,""fourier_scale"":0.9770616583094589,""gradient_clip"":10.0,""hidden_widths"":[128,64,32,96],""huber_delta"":1.5210663053728557,""lambda_phys"":0.002453414664035016,""learning_rate"":0.0002059150813433456,""loss_data"":""huber"",""lr_scheduler"":""reduce_on_plateau"",""max_epochs"":800,""name"":""TRIAL_0064_TIT_INC"",""nonnegative_output"":false,""optimizer"":""NAdam"",""parameter_sources"":{""physics_mode"":""FROZEN_R6_CAMPAIGN_POLICY""},""physics_dropout_mode"":""shared_stochastic"",""physics_mode"":""TIT_INC"",""physics_penalty"":""softplus"",""physics_real_fraction"":0.5,""physics_warmup_fraction"":0.1,""physics_weighting"":""FIXED_LAMBDA"",""synthetic_base_rows"":256,""synthetic_batch_size"":128,""synthetic_levels"":3,""synthetic_local_span_std"":0.5,""target_transform"":""log1p"",""tau_softplus"":0.03993765091119942,""use_lbfgs"":false,""weight_decay"":0.0}",,,,,,,,,,,,,,,,,,,
65,COMPLETE,0.7285128617664545,,f91de963e57e8bff757dbe40054fe86a0efe90bb3449b31a7d01fd524a08ad01,OPTUNA_AUTONOMOUS_R6,"{""activation"":""gelu"",""batch_size"":512,""config_source"":""OPTUNA_AUTONOMOUS_R6"",""dropout"":0.03,""fourier_dim"":0,""fourier_scale"":0.05,""gradient_clip"":10.0,""hidden_widths"":[96,192,256,64,192,32],""huber_delta"":1.103508806588585,""lambda_phys"":0.0007806775126138574,""learning_rate"":0.00047769264998946323,""loss_data"":""huber"",""lr_scheduler"":""none"",""max_epochs"":400,""name"":""TRIAL_0065_TIT_INC"",""nonnegative_output"":false,""optimizer"":""Adam"",""parameter_sources"":{""physics_mode"":""FROZEN_R6_CAMPAIGN_POLICY""},""physics_dropout_mode"":""data_only_dropout"",""physics_mode"":""TIT_INC"",""physics_penalty"":""softplus"",""physics_real_fraction"":0.25,""physics_warmup_fraction"":0.0,""physics_weighting"":""FIXED_LAMBDA"",""synthetic_base_rows"":128,""synthetic_batch_size"":512,""synthetic_levels"":5,""synthetic_local_span_std"":0.5,""target_transform"":""log1p"",""tau_softplus"":0.10337200664584524,""use_lbfgs"":false,""weight_decay"":0.0}",3.0597909374828967,0.43347440675575655,0.8069961878448936,0.828019373568815,0.6768900416018204,0.06726594049771746,4.612532450079196,76.23046875,71.533203125,28.466796875,0.4615635905028682,predictive_only_robust_score_R6,104129.0,False,C,317.23114520000127,0.07726079896092415,0.3466124325990677,0.07753138989210129
66,PRUNED,0.7582634278536758,PRUNED: median_pruner_after_two_folds,73c00dc18878de26b71e83143fbc5eda253b24fd85c1d8efc373e088e1dae72e,OPTUNA_AUTONOMOUS_R6,"{""activation"":""silu"",""batch_size"":128,""config_source"":""OPTUNA_AUTONOMOUS_R6"",""dropout"":0.08,""fourier_dim"":0,""fourier_scale"":0.05,""gradient_clip"":5.0,""hidden_widths"":[48,160,128,32],""huber_delta"":1.0,""lambda_phys"":0.005274278933074582,""learning_rate"":0.00024068771869221374,""loss_data"":""mse"",""lr_scheduler"":""cosine"",""max_epochs"":150,""name"":""TRIAL_0066_TIT_INC"",""nonnegative_output"":false,""optimizer"":""NAdam"",""parameter_sources"":{""physics_mode"":""FROZEN_R6_CAMPAIGN_POLICY""},""physics_dropout_mode"":""shared_stochastic"",""physics_mode"":""TIT_INC"",""physics_penalty"":""softplus"",""physics_real_fraction"":0.0,""physics_warmup_fraction"":0.1,""physics_weighting"":""FIXED_LAMBDA"",""synthetic_base_rows"":256,""synthetic_batch_size"":128,""synthetic_levels"":3,""synthetic_local_span_std"":0.5,""target_transform"":""log1p"",""tau_softplus"":0.06049034767275869,""use_lbfgs"":false,""weight_decay"":1.3649282442726218e-05}",,,,,,,,,,,,,,,,,,,
67,COMPLETE,0.7481664075782676,,8ed319c5b9d7b346dd877450dd2a63c7394f504f300100deb1d4656e81c4e2d1,OPTUNA_AUTONOMOUS_R6,"{""activation"":""softplus"",""batch_size"":512,""config_source"":""OPTUNA_AUTONOMOUS_R6"",""dropout"":0.03,""fourier_dim"":0,""fourier_scale"":0.05,""gradient_clip"":10.0,""hidden_widths"":[32,32,96,256,96],""huber_delta"":1.0475222383973581,""lambda_phys"":0.0005778693947558043,""learning_rate"":0.0032894236162511656,""loss_data"":""huber"",""lr_scheduler"":""none"",""max_epochs"":400,""name"":""TRIAL_0067_TIT_INC"",""nonnegative_output"":false,""optimizer"":""Adam"",""parameter_sources"":{""physics_mode"":""FROZEN_R6_CAMPAIGN_POLICY""},""physics_dropout_mode"":""shared_stochastic"",""physics_mode"":""TIT_INC"",""physics_penalty"":""softplus"",""physics_real_fraction"":0.5,""physics_warmup_fraction"":0.0,""physics_weighting"":""FIXED_LAMBDA"",""synthetic_base_rows"":512,""synthetic_batch_size"":128,""synthetic_levels"":5,""synthetic_local_span_std"":0.25,""target_transform"":""original"",""tau_softplus"":0.07387479811302125,""use_lbfgs"":false,""weight_decay"":0.0}",3.111041322540447,0.43854785217733055,0.8048118390529686,0.8208695449202214,0.7106020394723512,0.04936863486506508,4.669149782225217,85.537109375,81.005859375,18.994140625,0.5314193515916333,predictive_only_robust_score_R6,54145.0,False,C,500.44705220000014,0.07137590870261193,0.19615569934248925,0.0714892603456974
68,COMPLETE,0.785581590872164,,4c1ce1e9786913c87b7d05a52b7a446e565b81647549cce7af32167b0c2c8ccf,OPTUNA_AUTONOMOUS_R6,"{""activation"":""softplus"",""batch_size"":512,""config_source"":""OPTUNA_AUTONOMOUS_R6"",""dropout"":0.03,""fourier_dim"":16,""fourier_scale"":0.034841272915629495,""gradient_clip"":10.0,""hidden_widths"":[48,32,96,256,96],""huber_delta"":1.0980505955796747,""lambda_phys"":0.0005674852599127614,""learning_rate"":0.0059243503773147846,""loss_data"":""huber"",""lr_scheduler"":""none"",""max_epochs"":400,""name"":""TRIAL_0068_TIT_INC"",""nonnegative_output"":false,""optimizer"":""Adam"",""parameter_sources"":{""physics_mode"":""FROZEN_R6_CAMPAIGN_POLICY""},""physics_dropout_mode"":""shared_stochastic"",""physics_mode"":""TIT_INC"",""physics_penalty"":""softplus"",""physics_real_fraction"":0.5,""physics_warmup_fraction"":0.0,""physics_weighting"":""FIXED_LAMBDA"",""synthetic_base_rows"":512,""synthetic_batch_size"":128,""synthetic_levels"":3,""synthetic_local_span_std"":0.25,""target_transform"":""original"",""tau_softplus"":0.027550443010581963,""use_lbfgs"":false,""weight_decay"":1.010928944146777e-06}",2.9385247295117347,0.4144747569334892,0.8264177488413722,0.8332007426347928,0.7609273662690814,0.03576826563860027,4.4127405927190235,66.083984375,50.830078125,49.169921875,0.49491038874747406,predictive_only_robust_score_R6,55921.0,False,C,485.0969126,0.06449634283781051,0.33007433116436,0.06468365490436553
69,COMPLETE,0.7586280202437122,,daeb0ea448993866f4d625334ee1ffb2923582d07ec14ce0c807781b9c6e32b4,OPTUNA_AUTONOMOUS_R6,"{""activation"":""softplus"",""batch_size"":512,""config_source"":""OPTUNA_AUTONOMOUS_R6"",""dropout"":0.03,""fourier_dim"":64,""fourier_scale"":0.03189341568261458,""gradient_clip"":10.0,""hidden_widths"":[48,192,96,256,96,64],""huber_delta"":1.056936600680509,""lambda_phys"":0.0005674570886128751,""learning_rate"":0.003467796676179061,""loss_data"":""huber"",""lr_scheduler"":""none"",""max_epochs"":150,""name"":""TRIAL_0069_TIT_INC"",""nonnegative_output"":false,""optimizer"":""Adam"",""parameter_sources"":{""physics_mode"":""FROZEN_R6_CAMPAIGN_POLICY""},""physics_dropout_mode"":""shared_stochastic"",""physics_mode"":""TIT_INC"",""physics_penalty"":""softplus"",""physics_real_fraction"":0.5,""physics_warmup_fraction"":0.0,""physics_weighting"":""FIXED_LAMBDA"",""synthetic_base_rows"":512,""synthetic_batch_size"":128,""synthetic_levels"":3,""synthetic_local_span_std"":0.25,""target_transform"":""original"",""tau_softplus"":0.11068292595889626,""use_lbfgs"":false,""weight_decay"":4.4915644666173835e-07}",3.0137053005376657,0.4301181258221286,0.8122107957759098,0.8261576692836509,0.7238114548401064,0.04727233023037815,4.580253171150936,85.0390625,81.591796875,18.408203125,0.45483900635116675,predictive_only_robust_score_R6,89905.0,False,C,376.3031801999987,0.06854945421218872,0.14512943625450134,0.06863180920481682
70,COMPLETE,0.7486810345320841,,cf0a843ca79c7b28d6ae1db0d8c51a19ee1388ac0389b59dd8acd437a4249b09,OPTUNA_AUTONOMOUS_R6,"{""activation"":""softplus"",""batch_size"":256,""config_source"":""OPTUNA_AUTONOMOUS_R6"",""dropout"":0.03,""fourier_dim"":32,""fourier_scale"":0.03348772370706788,""gradient_clip"":10.0,""hidden_widths"":[48,256,96,256,96],""huber_delta"":1.069434779377125,""lambda_phys"":0.002468281100412841,""learning_rate"":0.004077767396071276,""loss_data"":""huber"",""lr_scheduler"":""none"",""max_epochs"":400,""name"":""TRIAL_0070_TIT_INC"",""nonnegative_output"":false,""optimizer"":""Adam"",""parameter_sources"":{""physics_mode"":""FROZEN_R6_CAMPAIGN_POLICY""},""physics_dropout_mode"":""shared_stochastic"",""physics_mode"":""TIT_INC"",""physics_penalty"":""softplus"",""physics_real_fraction"":0.5,""physics_warmup_fraction"":0.0,""physics_weighting"":""FIXED_LAMBDA"",""synthetic_base_rows"":512,""synthetic_batch_size"":128,""synthetic_levels"":3,""synthetic_local_span_std"":0.25,""target_transform"":""original"",""tau_softplus"":0.034757932760480906,""use_lbfgs"":false,""weight_decay"":5.623875773469076e-07}",3.0760929849585184,0.4334869803735087,0.8087320706235863,0.8266178665601647,0.7085284946128262,0.05294629266019669,4.613947557766765,86.23046875,81.34765625,18.65234375,0.4927313633120362,predictive_only_robust_score_R6,89937.0,False,C,586.6426805000001,0.06949938610196113,0.16708722412586213,0.06991180330514908
71,COMPLETE,0.7296902930701485,,0cc1bb70bf8f590c4690b6e53dcda5e9a2c840af714fe6de283c7880610f5b23,OPTUNA_AUTONOMOUS_R6,"{""activation"":""softplus"",""batch_size"":512,""config_source"":""OPTUNA_AUTONOMOUS_R6"",""dropout"":0.03,""fourier_dim"":16,""fourier_scale"":0.03368073631884419,""gradient_clip"":10.0,""hidden_widths"":[48,32,96,256],""huber_delta"":1.1112219752916142,""lambda_phys"":0.010201224477117497,""learning_rate"":0.007676664023272162,""loss_data"":""huber"",""lr_scheduler"":""none"",""max_epochs"":150,""name"":""TRIAL_0071_TIT_INC"",""nonnegative_output"":false,""optimizer"":""Adam"",""parameter_sources"":{""physics_mode"":""FROZEN_R6_CAMPAIGN_POLICY""},""physics_dropout_mode"":""data_only_dropout"",""physics_mode"":""TIT_INC"",""physics_penalty"":""softplus"",""physics_real_fraction"":0.5,""physics_warmup_fraction"":0.0,""physics_weighting"":""FIXED_LAMBDA"",""synthetic_base_rows"":512,""synthetic_batch_size"":128,""synthetic_levels"":5,""synthetic_local_span_std"":0.25,""target_transform"":""original"",""tau_softplus"":0.011561041061702063,""use_lbfgs"":false,""weight_decay"":4.5773129597915616e-07}",3.0920903071433847,0.43705845358234985,0.8040906361741023,0.8306017573449281,0.6778261041327305,0.06594960230378343,4.651677313826353,87.05078125,83.056640625,16.943359375,0.16650498601849648,predictive_only_robust_score_R6,31409.0,False,C,296.20011989999875,0.07101833596825599,0.12160138934850692,0.07225882038474082
72,COMPLETE,0.7373611784514065,,1f71723125d485369c716642fdbfe8c60a47ec2fe79a62cc986aeca3fa565f0e,OPTUNA_AUTONOMOUS_R6,"{""activation"":""softplus"",""batch_size"":256,""config_source"":""OPTUNA_AUTONOMOUS_R6"",""dropout"":0.03,""fourier_dim"":32,""fourier_scale"":0.03196388115680048,""gradient_clip"":10.0,""hidden_widths"":[192,256,96,256,96],""huber_delta"":1.1295857158996139,""lambda_phys"":0.001984832719695709,""learning_rate"":0.007886874739197695,""loss_data"":""huber"",""lr_scheduler"":""none"",""max_epochs"":700,""name"":""TRIAL_0072_TIT_INC"",""nonnegative_output"":false,""optimizer"":""Adam"",""parameter_sources"":{""physics_mode"":""FROZEN_R6_CAMPAIGN_POLICY""},""physics_dropout_mode"":""no_dropout"",""physics_mode"":""TIT_INC"",""physics_penalty"":""softplus"",""physics_real_fraction"":0.5,""physics_warmup_fraction"":0.0,""physics_weighting"":""FIXED_LAMBDA"",""synthetic_base_rows"":512,""synthetic_batch_size"":128,""synthetic_levels"":3,""synthetic_local_span_std"":0.25,""target_transform"":""original"",""tau_softplus"":0.050565058438081,""use_lbfgs"":false,""weight_decay"":4.960132537535812e-07}",3.1397388698890794,0.4378878975140609,0.804376361755974,0.8193684757153963,0.6948179710046505,0.0577778304160017,4.661714854778917,78.046875,72.65625,27.34375,0.3829233460500508,predictive_only_robust_score_R6,136161.0,False,C,536.467875100001,0.072775749117136,0.22916696220636368,0.07323060780763627
73,COMPLETE,0.7463686520864093,,bae1ee24635cd4afca3c43d0a0a22c35b4eaa53a529457b0d03245742bae592e,OPTUNA_AUTONOMOUS_R6,"{""activation"":""gelu"",""batch_size"":128,""config_source"":""OPTUNA_AUTONOMOUS_R6"",""dropout"":0.03,""fourier_dim"":0,""fourier_scale"":0.05,""gradient_clip"":2.5,""hidden_widths"":[96,48,96,256,256],""huber_delta"":1.0809389781444103,""lambda_phys"":0.0012355485175495205,""learning_rate"":0.00034133235324025846,""loss_data"":""huber"",""lr_scheduler"":""none"",""max_epochs"":400,""name"":""TRIAL_0073_TIT_INC"",""nonnegative_output"":false,""optimizer"":""Adam"",""parameter_sources"":{""physics_mode"":""FROZEN_R6_CAMPAIGN_POLICY""},""physics_dropout_mode"":""shared_stochastic"",""physics_mode"":""TIT_INC"",""physics_penalty"":""relu_squared"",""physics_real_fraction"":0.5,""physics_warmup_fraction"":0.0,""physics_weighting"":""FIXED_LAMBDA"",""synthetic_base_rows"":128,""synthetic_batch_size"":512,""synthetic_levels"":5,""synthetic_local_span_std"":0.5,""target_transform"":""log1p"",""tau_softplus"":0.09396824644954684,""use_lbfgs"":false,""weight_decay"":6.378319243180337e-07}",3.034709497353748,0.4298662480530364,0.8112667768783737,0.8344369592099085,0.7011335019328429,0.057692145241062816,4.5751542047537095,81.09375,73.53515625,26.46484375,0.6192232408911968,predictive_only_robust_score_R6,101201.0,False,C,1669.2190968000014,0.07559802383184433,0.6585144847631454,0.0764116495847702
74,COMPLETE,0.722152607620568,,4a3b47c19b7242968fa8bef1dbaab5a79e2e96905189c16458f4ba6b1a76fa34,OPTUNA_AUTONOMOUS_R6,"{""activation"":""softplus"",""batch_size"":512,""config_source"":""OPTUNA_AUTONOMOUS_R6"",""dropout"":0.03,""fourier_dim"":16,""fourier_scale"":0.029948345126988532,""gradient_clip"":10.0,""hidden_widths"":[160,160,96,256,256,64],""huber_delta"":1.0962707518145605,""lambda_phys"":0.0006873878917500393,""learning_rate"":0.0009185484429708882,""loss_data"":""huber"",""lr_scheduler"":""none"",""max_epochs"":400,""name"":""TRIAL_0074_TIT_INC"",""nonnegative_output"":false,""optimizer"":""Adam"",""parameter_sources"":{""physics_mode"":""FROZEN_R6_CAMPAIGN_POLICY""},""physics_dropout_mode"":""shared_stochastic"",""physics_mode"":""TIT_INC"",""physics_penalty"":""softplus"",""physics_real_fraction"":0.5,""physics_warmup_fraction"":0.0,""physics_weighting"":""FIXED_LAMBDA"",""synthetic_base_rows"":128,""synthetic_batch_size"":128,""synthetic_levels"":3,""synthetic_local_span_std"":0.25,""target_transform"":""original"",""tau_softplus"":0.04922403562131508,""use_lbfgs"":false,""weight_decay"":5.488921918170212e-07}",3.1848801455339193,0.4443923280746853,0.79787744454049,0.8118479876760104,0.6754411955053803,0.06454250439512259,4.7315651299840225,65.087890625,54.931640625,45.068359375,0.5418288689219025,predictive_only_robust_score_R6,153633.0,False,C,520.182596900002,0.074654920399189,0.38244500756263733,0.07491780892014503
75,COMPLETE,0.7291616733030256,,33b04e1897baf62132fec7cb48c5ff3fb4cafe1e48cc67e50d317ade19e2f674,OPTUNA_AUTONOMOUS_R6,"{""activation"":""gelu"",""batch_size"":128,""config_source"":""OPTUNA_AUTONOMOUS_R6"",""dropout"":0.03,""fourier_dim"":0,""fourier_scale"":0.05,""gradient_clip"":2.5,""hidden_widths"":[96,48,96,256],""huber_delta"":1.1154147174005766,""lambda_phys"":0.0008334977883849703,""learning_rate"":0.00016064523054493292,""loss_data"":""huber"",""lr_scheduler"":""none"",""max_epochs"":500,""name"":""TRIAL_0075_TIT_INC"",""nonnegative_output"":false,""optimizer"":""Adam"",""parameter_sources"":{""physics_mode"":""FROZEN_R6_CAMPAIGN_POLICY""},""physics_dropout_mode"":""shared_stochastic"",""physics_mode"":""TIT_INC"",""physics_penalty"":""relu_squared"",""physics_real_fraction"":0.5,""physics_warmup_fraction"":0.1,""physics_weighting"":""FIXED_LAMBDA"",""synthetic_base_rows"":128,""synthetic_batch_size"":512,""synthetic_levels"":7,""synthetic_local_span_std"":0.5,""target_transform"":""log1p"",""tau_softplus"":0.08455567595346622,""use_lbfgs"":false,""weight_decay"":6.70002151938304e-07}",3.0554922092280696,0.43482999693505475,0.8061538838105168,0.8252142846004901,0.6791872033260538,0.06530322453805291,4.628999089941211,82.6171875,72.265625,27.734375,0.600386020489562,predictive_only_robust_score_R6,35409.0,False,C,2457.6478783000002,0.07789886817336082,0.503083772957325,0.07831818610429764
76,COMPLETE,0.7187029305298248,,4494273b0d0d8ad039a49a6cf473bd6c79499d14de8ddd10e3a8856f23f56a2a,OPTUNA_AUTONOMOUS_R6,"{""activation"":""softplus"",""batch_size"":512,""config_source"":""OPTUNA_AUTONOMOUS_R6"",""dropout"":0.03,""fourier_dim"":0,""fourier_scale"":0.05,""gradient_clip"":10.0,""hidden_widths"":[64,32,96,256,256],""huber_delta"":1.1145898424095735,""lambda_phys"":0.0009626573229416219,""learning_rate"":0.0030384396763985847,""loss_data"":""huber"",""lr_scheduler"":""none"",""max_epochs"":400,""name"":""TRIAL_0076_TIT_INC"",""nonnegative_output"":false,""optimizer"":""NAdam"",""parameter_sources"":{""physics_mode"":""FROZEN_R6_CAMPAIGN_POLICY""},""physics_dropout_mode"":""shared_stochastic"",""physics_mode"":""TIT_INC"",""physics_penalty"":""softplus"",""physics_real_fraction"":0.5,""physics_warmup_fraction"":0.25,""physics_weighting"":""FIXED_LAMBDA"",""synthetic_base_rows"":256,""synthetic_batch_size"":128,""synthetic_levels"":5,""synthetic_local_span_std"":0.25,""target_transform"":""original"",""tau_softplus"":0.04809404029395188,""use_lbfgs"":false,""weight_decay"":0.0}",3.181836553419205,0.4488288294820843,0.7938246138582971,0.8079515595143462,0.6724296479802181,0.06522787498439597,4.779457374483176,89.453125,83.88671875,16.11328125,0.5625441785365874,predictive_only_robust_score_R6,96769.0,False,C,378.4491512000004,0.0761234275996685,0.13804370239377023,0.07625631466507912
77,PRUNED,0.7917793185463531,PRUNED: median_pruner_after_two_folds,d2457576f3c12c83aab0f2ac7b8f5597e6101991e11be0c96dd31939450d02f5,OPTUNA_AUTONOMOUS_R6,"{""activation"":""gelu"",""batch_size"":128,""config_source"":""OPTUNA_AUTONOMOUS_R6"",""dropout"":0.03,""fourier_dim"":0,""fourier_scale"":0.05,""gradient_clip"":1.0,""hidden_widths"":[64,160,96,256,256],""huber_delta"":1.0801282497704972,""lambda_phys"":1.0,""learning_rate"":0.00018582475600519002,""loss_data"":""huber"",""lr_scheduler"":""reduce_on_plateau"",""max_epochs"":400,""name"":""TRIAL_0077_TIT_INC"",""nonnegative_output"":false,""optimizer"":""Adam"",""parameter_sources"":{""physics_mode"":""FROZEN_R6_CAMPAIGN_POLICY""},""physics_dropout_mode"":""shared_stochastic"",""physics_mode"":""TIT_INC"",""physics_penalty"":""relu_squared"",""physics_real_fraction"":0.5,""physics_warmup_fraction"":0.0,""physics_weighting"":""ADAPTIVE_LEARNED"",""synthetic_base_rows"":128,""synthetic_batch_size"":512,""synthetic_levels"":5,""synthetic_local_span_std"":0.5,""target_transform"":""log1p"",""tau_softplus"":0.044832125176605675,""use_lbfgs"":false,""weight_decay"":7.468317362483147e-07}",,,,,,,,,,,,,,,,,,,
78,COMPLETE,0.7582570115384768,,309551c91076011bb1107d901fdb34a947f3aa7bb174cfb9cc07204f9114e0c1,OPTUNA_AUTONOMOUS_R6,"{""activation"":""softplus"",""batch_size"":512,""config_source"":""OPTUNA_AUTONOMOUS_R6"",""dropout"":0.08,""fourier_dim"":64,""fourier_scale"":0.05633331972157633,""gradient_clip"":10.0,""hidden_widths"":[48,192,96,256,96],""huber_delta"":1.0710595386406148,""lambda_phys"":0.007821932835187931,""learning_rate"":0.004798336433620801,""loss_data"":""huber"",""lr_scheduler"":""reduce_on_plateau"",""max_epochs"":150,""name"":""TRIAL_0078_TIT_INC"",""nonnegative_output"":false,""optimizer"":""Adam"",""parameter_sources"":{""physics_mode"":""FROZEN_R6_CAMPAIGN_POLICY""},""physics_dropout_mode"":""shared_stochastic"",""physics_mode"":""TIT_INC"",""physics_penalty"":""softplus"",""physics_real_fraction"":0.5,""physics_warmup_fraction"":0.0,""physics_weighting"":""FIXED_LAMBDA"",""synthetic_base_rows"":512,""synthetic_batch_size"":128,""synthetic_levels"":3,""synthetic_local_span_std"":0.25,""target_transform"":""original"",""tau_softplus"":0.16734553588796602,""use_lbfgs"":false,""weight_decay"":4.0093286473991916e-07}",3.0178398991552844,0.4285862127848746,0.8135279734382559,0.8175380140860655,0.727228146488024,0.04694077923982896,4.566077877505371,97.177734375,94.091796875,5.908203125,0.4587933532116876,predictive_only_robust_score_R6,83729.0,False,C,350.5017295999987,0.06858365312218666,0.017603790760040282,0.06872134953737259
79,PRUNED,0.7868155178156547,PRUNED: median_pruner_after_two_folds,a5083ea9c67c62bf3d0c920c59985de3f75079f308423d07081e6f14269d698c,OPTUNA_AUTONOMOUS_R6,"{""activation"":""softplus"",""batch_size"":512,""config_source"":""OPTUNA_AUTONOMOUS_R6"",""dropout"":0.08,""fourier_dim"":64,""fourier_scale"":0.04859586740656301,""gradient_clip"":10.0,""hidden_widths"":[48,192,96,256,96],""huber_delta"":1.1072663460898127,""lambda_phys"":0.03625043915706575,""learning_rate"":0.009328386530545175,""loss_data"":""huber"",""lr_scheduler"":""reduce_on_plateau"",""max_epochs"":150,""name"":""TRIAL_0079_TIT_INC"",""nonnegative_output"":false,""optimizer"":""Adam"",""parameter_sources"":{""physics_mode"":""FROZEN_R6_CAMPAIGN_POLICY""},""physics_dropout_mode"":""shared_stochastic"",""physics_mode"":""TIT_INC"",""physics_penalty"":""softplus"",""physics_real_fraction"":0.5,""physics_warmup_fraction"":0.0,""physics_weighting"":""FIXED_LAMBDA"",""synthetic_base_rows"":256,""synthetic_batch_size"":256,""synthetic_levels"":5,""synthetic_local_span_std"":0.25,""target_transform"":""original"",""tau_softplus"":0.052354934892383485,""use_lbfgs"":false,""weight_decay"":3.9384286052109804e-07}",,,,,,,,,,,,,,,,,,,
80,PRUNED,0.7576538802594938,PRUNED: median_pruner_after_two_folds,117a94812f792725eb758f0f25375b2a21c0d6a817aa3f2353f8e7e789dae206,OPTUNA_AUTONOMOUS_R6,"{""activation"":""silu"",""batch_size"":64,""config_source"":""OPTUNA_AUTONOMOUS_R6"",""dropout"":0.08,""fourier_dim"":0,""fourier_scale"":0.05,""gradient_clip"":5.0,""hidden_widths"":[32,160,96,256],""huber_delta"":1.0,""lambda_phys"":1.0,""learning_rate"":0.00012448695159540858,""loss_data"":""mse"",""lr_scheduler"":""reduce_on_plateau"",""max_epochs"":800,""name"":""TRIAL_0080_TIT_INC"",""nonnegative_output"":false,""optimizer"":""Adam"",""parameter_sources"":{""physics_mode"":""FROZEN_R6_CAMPAIGN_POLICY""},""physics_dropout_mode"":""shared_stochastic"",""physics_mode"":""TIT_INC"",""physics_penalty"":""relu_squared"",""physics_real_fraction"":0.5,""physics_warmup_fraction"":0.1,""physics_weighting"":""ADAPTIVE_LEARNED"",""synthetic_base_rows"":256,""synthetic_batch_size"":128,""synthetic_levels"":3,""synthetic_local_span_std"":0.25,""target_transform"":""log1p"",""tau_softplus"":0.07788245440383598,""use_lbfgs"":false,""weight_decay"":0.0}",,,,,,,,,,,,,,,,,,,
81,COMPLETE,0.7341085726405565,,8fbb755f3e51bb92143f463dcf47eb917069fe5c79217f038c33d5bba38dd4a2,OPTUNA_AUTONOMOUS_R6,"{""activation"":""softplus"",""batch_size"":512,""config_source"":""OPTUNA_AUTONOMOUS_R6"",""dropout"":0.08,""fourier_dim"":64,""fourier_scale"":0.05491192599867344,""gradient_clip"":10.0,""hidden_widths"":[160,192,96,256,96],""huber_delta"":1.0408945564387846,""lambda_phys"":0.010449714729742371,""learning_rate"":0.0033071133141994767,""loss_data"":""huber"",""lr_scheduler"":""reduce_on_plateau"",""max_epochs"":700,""name"":""TRIAL_0081_TIT_INC"",""nonnegative_output"":false,""optimizer"":""Adam"",""parameter_sources"":{""physics_mode"":""FROZEN_R6_CAMPAIGN_POLICY""},""physics_dropout_mode"":""shared_stochastic"",""physics_mode"":""TIT_INC"",""physics_penalty"":""softplus"",""physics_real_fraction"":0.5,""physics_warmup_fraction"":0.0,""physics_weighting"":""FIXED_LAMBDA"",""synthetic_base_rows"":512,""synthetic_batch_size"":128,""synthetic_levels"":3,""synthetic_local_span_std"":0.25,""target_transform"":""original"",""tau_softplus"":0.16071613585963368,""use_lbfgs"":false,""weight_decay"":4.1029584162955037e-07}",3.031712028554327,0.4369661917247164,0.8048545890462003,0.8214123006779113,0.6887738489855222,0.06064885858750147,4.652224504946041,96.09375,94.04296875,5.95703125,0.6865062855572365,predictive_only_robust_score_R6,119681.0,False,C,378.9003236999961,0.06982741355895997,0.028604841232299803,0.07012632563710212
82,COMPLETE,0.7576913938548077,,0e05c969c454ff8d00689b8d8df0efcad97c5da6186d72a239ca15e0b9506adc,OPTUNA_AUTONOMOUS_R6,"{""activation"":""softplus"",""batch_size"":512,""config_source"":""OPTUNA_AUTONOMOUS_R6"",""dropout"":0.03,""fourier_dim"":0,""fourier_scale"":0.05,""gradient_clip"":10.0,""hidden_widths"":[32,256,96],""huber_delta"":1.27685359837149,""lambda_phys"":0.0056727586629851,""learning_rate"":0.00404423811635226,""loss_data"":""huber"",""lr_scheduler"":""none"",""max_epochs"":400,""name"":""TRIAL_0082_TIT_INC"",""nonnegative_output"":false,""optimizer"":""Adam"",""parameter_sources"":{""physics_mode"":""FROZEN_R6_CAMPAIGN_POLICY""},""physics_dropout_mode"":""shared_stochastic"",""physics_mode"":""TIT_INC"",""physics_penalty"":""softplus"",""physics_real_fraction"":0.0,""physics_warmup_fraction"":0.0,""physics_weighting"":""FIXED_LAMBDA"",""synthetic_base_rows"":512,""synthetic_batch_size"":128,""synthetic_levels"":5,""synthetic_local_span_std"":0.25,""target_transform"":""original"",""tau_softplus"":0.06105760749292034,""use_lbfgs"":false,""weight_decay"":0.0}",3.07547392471517,0.4300853946524413,0.8121916548168221,0.8213274977660426,0.7246936025653179,0.04742182495877966,4.5797711905666985,87.392578125,79.58984375,20.41015625,0.6452092562475851,predictive_only_robust_score_R6,33537.0,False,C,385.3542587000029,0.07137714698910713,0.12358314990997314,0.07207820415496827
83,PRUNED,0.790582545575622,PRUNED: median_pruner_after_two_folds,5c6939d33d02914b133b4a532af25442a37e718dd41c39a9a27a1a050af2779e,OPTUNA_AUTONOMOUS_R6,"{""activation"":""softplus"",""batch_size"":1024,""config_source"":""OPTUNA_AUTONOMOUS_R6"",""dropout"":0.08,""fourier_dim"":0,""fourier_scale"":0.05,""gradient_clip"":10.0,""hidden_widths"":[32,256,96],""huber_delta"":1.4066408236520636,""lambda_phys"":1.0,""learning_rate"":0.004639077460181093,""loss_data"":""huber"",""lr_scheduler"":""none"",""max_epochs"":400,""name"":""TRIAL_0083_TIT_INC"",""nonnegative_output"":false,""optimizer"":""Adam"",""parameter_sources"":{""physics_mode"":""FROZEN_R6_CAMPAIGN_POLICY""},""physics_dropout_mode"":""shared_stochastic"",""physics_mode"":""TIT_INC"",""physics_penalty"":""softplus"",""physics_real_fraction"":0.0,""physics_warmup_fraction"":0.0,""physics_weighting"":""ADAPTIVE_LEARNED"",""synthetic_base_rows"":512,""synthetic_batch_size"":128,""synthetic_levels"":5,""synthetic_local_span_std"":0.25,""target_transform"":""original"",""tau_softplus"":0.058782328025177674,""use_lbfgs"":false,""weight_decay"":0.0}",,,,,,,,,,,,,,,,,,,
84,COMPLETE,0.7403056371349651,,b0958ec2e4c2fc1f8f040b6ca499671a0cc4cb45589f26832629efc87c8a70d6,OPTUNA_AUTONOMOUS_R6,"{""activation"":""softplus"",""batch_size"":512,""config_source"":""OPTUNA_AUTONOMOUS_R6"",""dropout"":0.08,""fourier_dim"":0,""fourier_scale"":0.05,""gradient_clip"":10.0,""hidden_widths"":[48,32,96,256,96,64],""huber_delta"":1.3345582628930954,""lambda_phys"":0.11679033902302852,""learning_rate"":0.006137486362376017,""loss_data"":""huber"",""lr_scheduler"":""cosine"",""max_epochs"":400,""name"":""TRIAL_0084_TIT_INC"",""nonnegative_output"":false,""optimizer"":""Adam"",""parameter_sources"":{""physics_mode"":""FROZEN_R6_CAMPAIGN_POLICY""},""physics_dropout_mode"":""shared_stochastic"",""physics_mode"":""TIT_INC"",""physics_penalty"":""softplus"",""physics_real_fraction"":0.5,""physics_warmup_fraction"":0.0,""physics_weighting"":""FIXED_LAMBDA"",""synthetic_base_rows"":512,""synthetic_batch_size"":128,""synthetic_levels"":3,""synthetic_local_span_std"":0.25,""target_transform"":""original"",""tau_softplus"":0.01577547309209407,""use_lbfgs"":false,""weight_decay"":2.3508152171664687e-06}",3.179009724014852,0.4427425956684388,0.8010222728810887,0.8080756827893847,0.7047481208906841,0.050681675243696454,4.717037028341908,99.111328125,98.14453125,1.85546875,0.6411977419526934,predictive_only_robust_score_R6,60993.0,True,B,523.5379740999997,0.0761742576956749,0.004965768562396988,0.07675421163439751
85,COMPLETE,0.7407498891671255,,9b19a31b3f1d7e611a13df5ecc1b0c799254e6653ca791a00ded85a1f8f3b50f,OPTUNA_AUTONOMOUS_R6,"{""activation"":""gelu"",""batch_size"":256,""config_source"":""OPTUNA_AUTONOMOUS_R6"",""dropout"":0.03,""fourier_dim"":32,""fourier_scale"":0.027664495323804585,""gradient_clip"":10.0,""hidden_widths"":[48,48,96,256,160],""huber_delta"":1.3116371095978712,""lambda_phys"":1.0,""learning_rate"":0.002890657256724615,""loss_data"":""huber"",""lr_scheduler"":""none"",""max_epochs"":400,""name"":""TRIAL_0085_TIT_INC"",""nonnegative_output"":false,""optimizer"":""Adam"",""parameter_sources"":{""physics_mode"":""FROZEN_R6_CAMPAIGN_POLICY""},""physics_dropout_mode"":""shared_stochastic"",""physics_mode"":""TIT_INC"",""physics_penalty"":""softplus"",""physics_real_fraction"":0.5,""physics_warmup_fraction"":0.0,""physics_weighting"":""ADAPTIVE_LEARNED"",""synthetic_base_rows"":512,""synthetic_batch_size"":64,""synthetic_levels"":3,""synthetic_local_span_std"":0.25,""target_transform"":""original"",""tau_softplus"":0.04734414587046274,""use_lbfgs"":false,""weight_decay"":2.105033965788711e-06}",3.1423173083559774,0.4382334837009066,0.8043193006679694,0.8260990455026518,0.6968586421387605,0.056269398337232324,4.665737063718888,100.0,100.0,0.0,0.6449623170572001,predictive_only_robust_score_R6,76291.0,True,A,585.5363042999998,0.07397437542676925,1.0154829718458284e-09,-17.21461601257324
86,PRUNED,0.6954182246408946,PRUNED: median_pruner_after_two_folds,8637cc65dd32d41534482222bfa176f581b9837f9870a459615ee119f625cda1,OPTUNA_AUTONOMOUS_R6,"{""activation"":""softplus"",""batch_size"":512,""config_source"":""OPTUNA_AUTONOMOUS_R6"",""dropout"":0.03,""fourier_dim"":8,""fourier_scale"":0.0701659726050506,""gradient_clip"":5.0,""hidden_widths"":[96,192,160,128,96,192],""huber_delta"":0.9951425509910904,""lambda_phys"":0.010286413760633484,""learning_rate"":0.0022538085001117206,""loss_data"":""huber"",""lr_scheduler"":""none"",""max_epochs"":150,""name"":""TRIAL_0086_TIT_INC"",""nonnegative_output"":false,""optimizer"":""RMSprop"",""parameter_sources"":{""physics_mode"":""FROZEN_R6_CAMPAIGN_POLICY""},""physics_dropout_mode"":""shared_stochastic"",""physics_mode"":""TIT_INC"",""physics_penalty"":""softplus"",""physics_real_fraction"":0.5,""physics_warmup_fraction"":0.0,""physics_weighting"":""FIXED_LAMBDA"",""synthetic_base_rows"":512,""synthetic_batch_size"":128,""synthetic_levels"":3,""synthetic_local_span_std"":0.25,""target_transform"":""original"",""tau_softplus"":0.12635364894555526,""use_lbfgs"":false,""weight_decay"":2.089472623607819e-07}",,,,,,,,,,,,,,,,,,,
87,PRUNED,0.7774150861777082,PRUNED: median_pruner_after_two_folds,fa85d5fef25292148ef2b408296dbc9f9d7c482ee94faf78cfff46d09c424cbc,OPTUNA_AUTONOMOUS_R6,"{""activation"":""softplus"",""batch_size"":512,""config_source"":""OPTUNA_AUTONOMOUS_R6"",""dropout"":0.03,""fourier_dim"":0,""fourier_scale"":0.05,""gradient_clip"":10.0,""hidden_widths"":[160,256],""huber_delta"":1.2855098390206123,""lambda_phys"":0.011592418821228214,""learning_rate"":0.003306223761532584,""loss_data"":""huber"",""lr_scheduler"":""none"",""max_epochs"":700,""name"":""TRIAL_0087_TIT_INC"",""nonnegative_output"":false,""optimizer"":""AdamW"",""parameter_sources"":{""physics_mode"":""FROZEN_R6_CAMPAIGN_POLICY""},""physics_dropout_mode"":""shared_stochastic"",""physics_mode"":""TIT_INC"",""physics_penalty"":""softplus"",""physics_real_fraction"":0.0,""physics_warmup_fraction"":0.0,""physics_weighting"":""FIXED_LAMBDA"",""synthetic_base_rows"":512,""synthetic_batch_size"":128,""synthetic_levels"":5,""synthetic_local_span_std"":0.5,""target_transform"":""original"",""tau_softplus"":0.04662575294231749,""use_lbfgs"":false,""weight_decay"":0.0}",,,,,,,,,,,,,,,,,,,
88,COMPLETE,0.7789755355678638,,0cb2542017267b8e151f1698cdf06714568f059b932100f275afd6d573c347b5,OPTUNA_AUTONOMOUS_R6,"{""activation"":""gelu"",""batch_size"":512,""config_source"":""OPTUNA_AUTONOMOUS_R6"",""dropout"":0.03,""fourier_dim"":64,""fourier_scale"":0.02990155930430492,""gradient_clip"":10.0,""hidden_widths"":[48,64,96,256,256],""huber_delta"":1.0117859949731272,""lambda_phys"":0.004887168974160852,""learning_rate"":0.007499499102197235,""loss_data"":""huber"",""lr_scheduler"":""cosine"",""max_epochs"":150,""name"":""TRIAL_0088_TIT_INC"",""nonnegative_output"":false,""optimizer"":""Adam"",""parameter_sources"":{""physics_mode"":""FROZEN_R6_CAMPAIGN_POLICY""},""physics_dropout_mode"":""shared_stochastic"",""physics_mode"":""TIT_INC"",""physics_penalty"":""softplus"",""physics_real_fraction"":0.5,""physics_warmup_fraction"":0.0,""physics_weighting"":""FIXED_LAMBDA"",""synthetic_base_rows"":512,""synthetic_batch_size"":128,""synthetic_levels"":7,""synthetic_local_span_std"":0.25,""target_transform"":""original"",""tau_softplus"":0.13685700705160134,""use_lbfgs"":false,""weight_decay"":1.2908185441636016e-06}",2.9960333298085975,0.4239919590513047,0.8181912502375933,0.8305067996934852,0.7530840551687329,0.038460624651808356,4.518874255503938,89.0625,86.669921875,13.330078125,0.5187103345146252,predictive_only_robust_score_R6,106449.0,False,C,313.2080896999996,0.06655235812067986,0.05613784044981003,0.06682671383023261
89,COMPLETE,0.7350800090330428,,3e0cbeff3613b4eac056782104fc616d56750df39aabe1396e71c0a74903f036,OPTUNA_AUTONOMOUS_R6,"{""activation"":""gelu"",""batch_size"":512,""config_source"":""OPTUNA_AUTONOMOUS_R6"",""dropout"":0.03,""fourier_dim"":64,""fourier_scale"":0.029322279252771605,""gradient_clip"":10.0,""hidden_widths"":[48,256,96,256,96],""huber_delta"":0.9668701999925707,""lambda_phys"":0.011430228595494247,""learning_rate"":0.004364694185177296,""loss_data"":""huber"",""lr_scheduler"":""reduce_on_plateau"",""max_epochs"":500,""name"":""TRIAL_0089_TIT_INC"",""nonnegative_output"":false,""optimizer"":""Adam"",""parameter_sources"":{""physics_mode"":""FROZEN_R6_CAMPAIGN_POLICY""},""physics_dropout_mode"":""shared_stochastic"",""physics_mode"":""TIT_INC"",""physics_penalty"":""softplus"",""physics_real_fraction"":0.5,""physics_warmup_fraction"":0.0,""physics_weighting"":""FIXED_LAMBDA"",""synthetic_base_rows"":512,""synthetic_batch_size"":128,""synthetic_levels"":7,""synthetic_local_span_std"":0.25,""target_transform"":""original"",""tau_softplus"":0.060055212588765505,""use_lbfgs"":false,""weight_decay"":1.876014199324951e-06}",3.04006623168564,0.44040817189446474,0.8022728119843758,0.8173447118603961,0.6923292738490359,0.05748250032935101,4.6889275165065,95.46875,93.212890625,6.787109375,0.6740249792015586,predictive_only_robust_score_R6,93009.0,False,C,291.58220319999964,0.06919729337096214,0.018879113160073756,0.0694130852818489
90,COMPLETE,0.7437272736520798,,5cb1d9e0939863c4ece5da995a95f38c10291dda4bd6607082310495c781ed2d,OPTUNA_AUTONOMOUS_R6,"{""activation"":""tanh"",""batch_size"":512,""config_source"":""OPTUNA_AUTONOMOUS_R6"",""dropout"":0.03,""fourier_dim"":0,""fourier_scale"":0.05,""gradient_clip"":10.0,""hidden_widths"":[32,256,96],""huber_delta"":0.9997192604674358,""lambda_phys"":0.005714926600939085,""learning_rate"":0.005100591059251284,""loss_data"":""huber"",""lr_scheduler"":""none"",""max_epochs"":600,""name"":""TRIAL_0090_TIT_INC"",""nonnegative_output"":false,""optimizer"":""Adam"",""parameter_sources"":{""physics_mode"":""FROZEN_R6_CAMPAIGN_POLICY""},""physics_dropout_mode"":""data_only_dropout"",""physics_mode"":""TIT_INC"",""physics_penalty"":""softplus"",""physics_real_fraction"":0.25,""physics_warmup_fraction"":0.0,""physics_weighting"":""FIXED_LAMBDA"",""synthetic_base_rows"":512,""synthetic_batch_size"":128,""synthetic_levels"":5,""synthetic_local_span_std"":0.25,""target_transform"":""original"",""tau_softplus"":0.07078792919741944,""use_lbfgs"":false,""weight_decay"":0.0}",3.1375745178178494,0.43869146309108,0.8044982877899123,0.8140167824132339,0.7069779455321852,0.051143571701927064,4.672657551669005,86.89453125,81.8359375,18.1640625,0.3775690662785407,predictive_only_robust_score_R6,33537.0,False,C,184.8528198999993,0.07095978111028671,0.06459708511829376,0.07132894918322563
91,COMPLETE,0.7250438718864268,,5e46d12b03b4597d6384be7752cd286960e32917f8cdf2af616b676c1c703572,OPTUNA_AUTONOMOUS_R6,"{""activation"":""gelu"",""batch_size"":1024,""config_source"":""OPTUNA_AUTONOMOUS_R6"",""dropout"":0.0,""fourier_dim"":64,""fourier_scale"":0.030965553123373693,""gradient_clip"":10.0,""hidden_widths"":[48,192,96,256,64,64],""huber_delta"":0.9699208733330472,""lambda_phys"":0.0034962252358325405,""learning_rate"":0.005163971817275341,""loss_data"":""huber"",""lr_scheduler"":""none"",""max_epochs"":150,""name"":""TRIAL_0091_TIT_INC"",""nonnegative_output"":false,""optimizer"":""Adam"",""parameter_sources"":{""physics_mode"":""FROZEN_R6_CAMPAIGN_POLICY""},""physics_dropout_mode"":""shared_stochastic"",""physics_mode"":""TIT_INC"",""physics_penalty"":""softplus"",""physics_real_fraction"":0.0,""physics_warmup_fraction"":0.0,""physics_weighting"":""FIXED_LAMBDA"",""synthetic_base_rows"":512,""synthetic_batch_size"":256,""synthetic_levels"":3,""synthetic_local_span_std"":0.25,""target_transform"":""original"",""tau_softplus"":0.17877411833630727,""use_lbfgs"":false,""weight_decay"":1.7391818191298245e-06}",3.0713165303922727,0.44391181343639,0.7985854026860377,0.8182246471812261,0.6767078066172458,0.06306746506892369,4.726180146709677,89.384765625,85.15625,14.84375,0.4704204592844549,predictive_only_robust_score_R6,79633.0,False,C,121.97150150000198,0.07069865316152572,0.0896392859518528,0.07101205214858056
92,COMPLETE,0.7439976886596306,,adaf666d34fc6d7f76101e21343b15c056ff9b3004a8faa77b8c67569f6ce109,OPTUNA_AUTONOMOUS_R6,"{""activation"":""gelu"",""batch_size"":512,""config_source"":""OPTUNA_AUTONOMOUS_R6"",""dropout"":0.15,""fourier_dim"":64,""fourier_scale"":0.03015675814688137,""gradient_clip"":10.0,""hidden_widths"":[32,64,96,160,32,64],""huber_delta"":1.0,""lambda_phys"":0.006672896957461574,""learning_rate"":0.0015949223054818609,""loss_data"":""mse"",""lr_scheduler"":""cosine"",""max_epochs"":150,""name"":""TRIAL_0092_TIT_INC"",""nonnegative_output"":false,""optimizer"":""Adam"",""parameter_sources"":{""physics_mode"":""FROZEN_R6_CAMPAIGN_POLICY""},""physics_dropout_mode"":""shared_stochastic"",""physics_mode"":""TIT_INC"",""physics_penalty"":""softplus"",""physics_real_fraction"":0.5,""physics_warmup_fraction"":0.1,""physics_weighting"":""FIXED_LAMBDA"",""synthetic_base_rows"":512,""synthetic_batch_size"":128,""synthetic_levels"":7,""synthetic_local_span_std"":0.25,""target_transform"":""original"",""tau_softplus"":0.1257307334737951,""use_lbfgs"":false,""weight_decay"":2.1033830723712382e-07}",3.2135862083985933,0.4467063852114945,0.7976888712234376,0.8125946145558814,0.7088380651331637,0.04852421909375803,4.759832453282405,90.78125,82.03125,17.96875,0.5381114235170785,predictive_only_robust_score_R6,35329.0,False,C,430.09589620000406,0.16052666753530503,0.05852049961686134,0.16091717183589935
93,PRUNED,0.8042555803145156,PRUNED: median_pruner_after_two_folds,bec265b6b84af25122e3b883ac687fc3c355ea3088536370171682709f2175bf,OPTUNA_AUTONOMOUS_R6,"{""activation"":""silu"",""batch_size"":512,""config_source"":""OPTUNA_AUTONOMOUS_R6"",""dropout"":0.03,""fourier_dim"":0,""fourier_scale"":0.05,""gradient_clip"":10.0,""hidden_widths"":[48,256,96],""huber_delta"":1.0,""lambda_phys"":0.002594991349223063,""learning_rate"":0.0050005162207788665,""loss_data"":""mse"",""lr_scheduler"":""none"",""max_epochs"":400,""name"":""TRIAL_0093_TIT_INC"",""nonnegative_output"":false,""optimizer"":""Adam"",""parameter_sources"":{""physics_mode"":""FROZEN_R6_CAMPAIGN_POLICY""},""physics_dropout_mode"":""shared_stochastic"",""physics_mode"":""TIT_INC"",""physics_penalty"":""softplus"",""physics_real_fraction"":0.0,""physics_warmup_fraction"":0.1,""physics_weighting"":""FIXED_LAMBDA"",""synthetic_base_rows"":512,""synthetic_batch_size"":128,""synthetic_levels"":5,""synthetic_local_span_std"":0.25,""target_transform"":""original"",""tau_softplus"":0.061443493968411214,""use_lbfgs"":false,""weight_decay"":0.0}",,,,,,,,,,,,,,,,,,,
94,PRUNED,0.7279145732834937,PRUNED: median_pruner_after_two_folds,bb08850a336b57f9f783acb80f96e162f29381d41ac4a9bba772bd7c12441cd5,OPTUNA_AUTONOMOUS_R6,"{""activation"":""gelu"",""batch_size"":512,""config_source"":""OPTUNA_AUTONOMOUS_R6"",""dropout"":0.03,""fourier_dim"":8,""fourier_scale"":0.05013331121573079,""gradient_clip"":1.0,""hidden_widths"":[48,64,48,96,96],""huber_delta"":1.2392864052825368,""lambda_phys"":0.03386529546616629,""learning_rate"":0.009524490915793528,""loss_data"":""huber"",""lr_scheduler"":""cosine"",""max_epochs"":150,""name"":""TRIAL_0094_TIT_INC"",""nonnegative_output"":false,""optimizer"":""Adam"",""parameter_sources"":{""physics_mode"":""FROZEN_R6_CAMPAIGN_POLICY""},""physics_dropout_mode"":""shared_stochastic"",""physics_mode"":""TIT_INC"",""physics_penalty"":""softplus"",""physics_real_fraction"":0.5,""physics_warmup_fraction"":0.1,""physics_weighting"":""FIXED_LAMBDA"",""synthetic_base_rows"":512,""synthetic_batch_size"":128,""synthetic_levels"":7,""synthetic_local_span_std"":0.25,""target_transform"":""original"",""tau_softplus"":0.055930320507835356,""use_lbfgs"":false,""weight_decay"":1.7267287393086417e-06}",,,,,,,,,,,,,,,,,,,
95,PRUNED,0.7236741977529049,PRUNED: median_pruner_after_two_folds,faebea3fcfc0edc15a90ceb6d9cefc1012df31e55c9a4a8a86cfdfc18614b2c4,OPTUNA_AUTONOMOUS_R6,"{""activation"":""softplus"",""batch_size"":512,""config_source"":""OPTUNA_AUTONOMOUS_R6"",""dropout"":0.03,""fourier_dim"":8,""fourier_scale"":0.023312431897886163,""gradient_clip"":10.0,""hidden_widths"":[32,32,96,256,96,192],""huber_delta"":0.9184944067236498,""lambda_phys"":0.0031292843572787057,""learning_rate"":0.0030753219787035325,""loss_data"":""huber"",""lr_scheduler"":""none"",""max_epochs"":400,""name"":""TRIAL_0095_TIT_INC"",""nonnegative_output"":false,""optimizer"":""Adam"",""parameter_sources"":{""physics_mode"":""FROZEN_R6_CAMPAIGN_POLICY""},""physics_dropout_mode"":""shared_stochastic"",""physics_mode"":""TIT_INC"",""physics_penalty"":""softplus"",""physics_real_fraction"":0.0,""physics_warmup_fraction"":0.0,""physics_weighting"":""FIXED_LAMBDA"",""synthetic_base_rows"":128,""synthetic_batch_size"":256,""synthetic_levels"":5,""synthetic_local_span_std"":0.25,""target_transform"":""original"",""tau_softplus"":0.08136053697422951,""use_lbfgs"":false,""weight_decay"":0.0}",,,,,,,,,,,,,,,,,,,
96,COMPLETE,0.7330833626699926,,6a67adc50c2eed569853a00a9b0fa348877c8a0b8d94fde4771459cf7ee79ce8,OPTUNA_AUTONOMOUS_R6,"{""activation"":""softplus"",""batch_size"":512,""config_source"":""OPTUNA_AUTONOMOUS_R6"",""dropout"":0.03,""fourier_dim"":64,""fourier_scale"":0.07183989998655846,""gradient_clip"":10.0,""hidden_widths"":[64,64,96,256,128],""huber_delta"":1.2610966629325746,""lambda_phys"":0.0008534248090430492,""learning_rate"":0.0018926017751377392,""loss_data"":""huber"",""lr_scheduler"":""cosine"",""max_epochs"":150,""name"":""TRIAL_0096_TIT_INC"",""nonnegative_output"":false,""optimizer"":""NAdam"",""parameter_sources"":{""physics_mode"":""FROZEN_R6_CAMPAIGN_POLICY""},""physics_dropout_mode"":""shared_stochastic"",""physics_mode"":""TIT_INC"",""physics_penalty"":""softplus"",""physics_real_fraction"":0.5,""physics_warmup_fraction"":0.0,""physics_weighting"":""FIXED_LAMBDA"",""synthetic_base_rows"":512,""synthetic_batch_size"":128,""synthetic_levels"":7,""synthetic_local_span_std"":0.25,""target_transform"":""original"",""tau_softplus"":0.08256751562669261,""use_lbfgs"":false,""weight_decay"":1.9203454461109525e-07}",3.129726776348268,0.44446598245484437,0.7986133140826797,0.8104842762939016,0.6930257697190935,0.057387134579018506,4.734356754160825,93.447265625,89.74609375,10.25390625,0.6053014698970359,predictive_only_robust_score_R6,76513.0,False,C,374.39289519999875,0.07541101947426795,0.025079945847392083,0.07543242275714875
97,COMPLETE,0.7275684289264139,,7d419aaa070a59f604811df8af2b919bb4fd608469d96eaaf6ddaad93b18a06f,OPTUNA_AUTONOMOUS_R6,"{""activation"":""tanh"",""batch_size"":512,""config_source"":""OPTUNA_AUTONOMOUS_R6"",""dropout"":0.03,""fourier_dim"":0,""fourier_scale"":0.05,""gradient_clip"":10.0,""hidden_widths"":[96,48,64,192],""huber_delta"":0.9175341602565318,""lambda_phys"":1.0,""learning_rate"":0.00023704086786600423,""loss_data"":""huber"",""lr_scheduler"":""none"",""max_epochs"":400,""name"":""TRIAL_0097_TIT_INC"",""nonnegative_output"":false,""optimizer"":""Adam"",""parameter_sources"":{""physics_mode"":""FROZEN_R6_CAMPAIGN_POLICY""},""physics_dropout_mode"":""shared_stochastic"",""physics_mode"":""TIT_INC"",""physics_penalty"":""softplus"",""physics_real_fraction"":0.5,""physics_warmup_fraction"":0.0,""physics_weighting"":""ADAPTIVE_LEARNED"",""synthetic_base_rows"":128,""synthetic_batch_size"":512,""synthetic_levels"":5,""synthetic_local_span_std"":0.5,""target_transform"":""log1p"",""tau_softplus"":0.031731795069613274,""use_lbfgs"":false,""weight_decay"":0.0}",3.0503780301161925,0.4400570879525196,0.8019660453198993,0.812164798088873,0.6832630046112398,0.06235417798981824,4.6876190660570165,99.94140625,99.755859375,0.244140625,0.6121764408579154,predictive_only_robust_score_R6,21427.0,True,A,628.1529637000003,0.07619443461298943,6.313269807378674e-05,-4.931395435333252
98,COMPLETE,0.7492547691328482,,65ddea5907b0b75d3cd0db8b78a73e7f1f17397b373cff19696aa3f5b7397d81,OPTUNA_AUTONOMOUS_R6,"{""activation"":""gelu"",""batch_size"":128,""config_source"":""OPTUNA_AUTONOMOUS_R6"",""dropout"":0.15,""fourier_dim"":0,""fourier_scale"":0.05,""gradient_clip"":2.5,""hidden_widths"":[96,48,96,256],""huber_delta"":1.1397872944305822,""lambda_phys"":0.0008634698603702236,""learning_rate"":0.00041525644533973587,""loss_data"":""huber"",""lr_scheduler"":""none"",""max_epochs"":400,""name"":""TRIAL_0098_TIT_INC"",""nonnegative_output"":false,""optimizer"":""Adam"",""parameter_sources"":{""physics_mode"":""FROZEN_R6_CAMPAIGN_POLICY""},""physics_dropout_mode"":""shared_stochastic"",""physics_mode"":""TIT_INC"",""physics_penalty"":""relu_squared"",""physics_real_fraction"":0.5,""physics_warmup_fraction"":0.0,""physics_weighting"":""FIXED_LAMBDA"",""synthetic_base_rows"":128,""synthetic_batch_size"":64,""synthetic_levels"":5,""synthetic_local_span_std"":1.0,""target_transform"":""log1p"",""tau_softplus"":0.03877611469024444,""use_lbfgs"":false,""weight_decay"":1.2004185143074567e-06}",3.019985164656344,0.4279118662228744,0.8130313526590107,0.8273084245337339,0.7089127460567695,0.05588541127234673,4.5573321611476105,85.908203125,83.49609375,16.50390625,0.6603669864512287,predictive_only_robust_score_R6,35409.0,False,C,1791.049675100001,0.0749688096344471,0.44782543182373047,0.07535549402236938
99,COMPLETE,0.7392488478098902,,01f0d0bea5552e41a6de72c5a5174dcd04cd4577c40360b6454bd9e571112ed5,OPTUNA_AUTONOMOUS_R6,"{""activation"":""softplus"",""batch_size"":512,""config_source"":""OPTUNA_AUTONOMOUS_R6"",""dropout"":0.03,""fourier_dim"":64,""fourier_scale"":0.023054409973665483,""gradient_clip"":2.5,""hidden_widths"":[48,48,96,256,96],""huber_delta"":1.214830526071858,""lambda_phys"":0.0006066939129036738,""learning_rate"":0.002475660374461196,""loss_data"":""huber"",""lr_scheduler"":""none"",""max_epochs"":150,""name"":""TRIAL_0099_TIT_INC"",""nonnegative_output"":false,""optimizer"":""Adam"",""parameter_sources"":{""physics_mode"":""FROZEN_R6_CAMPAIGN_POLICY""},""physics_dropout_mode"":""shared_stochastic"",""physics_mode"":""TIT_INC"",""physics_penalty"":""softplus"",""physics_real_fraction"":0.0,""physics_warmup_fraction"":0.0,""physics_weighting"":""FIXED_LAMBDA"",""synthetic_base_rows"":512,""synthetic_batch_size"":128,""synthetic_levels"":3,""synthetic_local_span_std"":0.25,""target_transform"":""original"",""tau_softplus"":0.06269097994661853,""use_lbfgs"":false,""weight_decay"":2.0183285199963534e-06}",3.05813296885932,0.42956916546853063,0.8108440149343394,0.8302289449213841,0.6922479500039498,0.06253007162328902,4.575171689695768,85.25390625,82.91015625,17.08984375,0.4809092757050523,predictive_only_robust_score_R6,62849.0,False,C,353.1592208000038,0.07096943408250808,0.186532886326313,0.07108260244131089
100,COMPLETE,0.7450247008080128,,8a5dc6dcb5b02c35118ed2c1ab2bc6641edf7841f0ae473d6e10d0023a85ee28,OPTUNA_AUTONOMOUS_R6,"{""activation"":""gelu"",""batch_size"":512,""config_source"":""OPTUNA_AUTONOMOUS_R6"",""dropout"":0.03,""fourier_dim"":0,""fourier_scale"":0.05,""gradient_clip"":10.0,""hidden_widths"":[48,64,96,256,96],""huber_delta"":1.054639472661815,""lambda_phys"":0.0006414423271741492,""learning_rate"":0.002998154515034248,""loss_data"":""huber"",""lr_scheduler"":""cosine"",""max_epochs"":700,""name"":""TRIAL_0100_TIT_INC"",""nonnegative_output"":false,""optimizer"":""Adam"",""parameter_sources"":{""physics_mode"":""FROZEN_R6_CAMPAIGN_POLICY""},""physics_dropout_mode"":""shared_stochastic"",""physics_mode"":""TIT_INC"",""physics_penalty"":""softplus"",""physics_real_fraction"":0.5,""physics_warmup_fraction"":0.0,""physics_weighting"":""FIXED_LAMBDA"",""synthetic_base_rows"":64,""synthetic_batch_size"":128,""synthetic_levels"":7,""synthetic_local_span_std"":1.0,""target_transform"":""original"",""tau_softplus"":0.17070561051336047,""use_lbfgs"":false,""weight_decay"":1.5127224021050294e-06}",3.0094064788118695,0.42988240876975115,0.811451511848543,0.8264772343664535,0.7026300030831486,0.056416225366667336,4.5776860741102485,79.98046875,71.630859375,28.369140625,0.6125077296552585,predictive_only_robust_score_R6,59457.0,False,C,287.0897987999979,0.0684375949203968,0.30377576649189,0.0686324492096901
101,COMPLETE,0.7429820374676995,,0de50349ae403f53a2395597ebfae27d1b47e351077356bcf04e0f0cfcb36517,OPTUNA_AUTONOMOUS_R6,"{""activation"":""softplus"",""batch_size"":256,""config_source"":""OPTUNA_AUTONOMOUS_R6"",""dropout"":0.03,""fourier_dim"":32,""fourier_scale"":0.04279017197681816,""gradient_clip"":10.0,""hidden_widths"":[48,160,96,256],""huber_delta"":0.9048072633069328,""lambda_phys"":0.003181211046074246,""learning_rate"":0.009782825675210348,""loss_data"":""huber"",""lr_scheduler"":""cosine"",""max_epochs"":400,""name"":""TRIAL_0101_TIT_INC"",""nonnegative_output"":false,""optimizer"":""Adam"",""parameter_sources"":{""physics_mode"":""FROZEN_R6_CAMPAIGN_POLICY""},""physics_dropout_mode"":""shared_stochastic"",""physics_mode"":""TIT_INC"",""physics_penalty"":""softplus"",""physics_real_fraction"":0.0,""physics_warmup_fraction"":0.0,""physics_weighting"":""FIXED_LAMBDA"",""synthetic_base_rows"":512,""synthetic_batch_size"":128,""synthetic_levels"":7,""synthetic_local_span_std"":0.25,""target_transform"":""original"",""tau_softplus"":0.05339701475221131,""use_lbfgs"":false,""weight_decay"":2.2476454904021444e-07}",3.0120488726641765,0.4278523501491029,0.8128213143735235,0.8272843716515077,0.6990385385408504,0.05908528589615354,4.555777754680377,82.59765625,76.7578125,23.2421875,0.38349924852925354,predictive_only_robust_score_R6,51505.0,False,C,597.3363031000026,0.06531293839216232,0.11789353936910629,0.06568798273801804
102,COMPLETE,0.7392567304763018,,c5485f26813803f97ded4f63e74eef0d4551268f1f4d2c82d1c1eebcd7c409a8,OPTUNA_AUTONOMOUS_R6,"{""activation"":""softplus"",""batch_size"":512,""config_source"":""OPTUNA_AUTONOMOUS_R6"",""dropout"":0.03,""fourier_dim"":0,""fourier_scale"":0.05,""gradient_clip"":10.0,""hidden_widths"":[128,32,160,64],""huber_delta"":1.287695279457536,""lambda_phys"":0.0004948484932387554,""learning_rate"":0.0062787273807871,""loss_data"":""huber"",""lr_scheduler"":""cosine"",""max_epochs"":400,""name"":""TRIAL_0102_TIT_INC"",""nonnegative_output"":false,""optimizer"":""Adam"",""parameter_sources"":{""physics_mode"":""FROZEN_R6_CAMPAIGN_POLICY""},""physics_dropout_mode"":""shared_stochastic"",""physics_mode"":""TIT_INC"",""physics_penalty"":""softplus"",""physics_real_fraction"":0.5,""physics_warmup_fraction"":0.0,""physics_weighting"":""FIXED_LAMBDA"",""synthetic_base_rows"":512,""synthetic_batch_size"":64,""synthetic_levels"":5,""synthetic_local_span_std"":0.5,""target_transform"":""original"",""tau_softplus"":0.06546833408786719,""use_lbfgs"":false,""weight_decay"":0.0}",3.112329412338294,0.4386377324272484,0.803953751775008,0.8202578233691007,0.6973260872616769,0.05611644068935291,4.670225322218604,83.30078125,78.7109375,21.2890625,0.7348263869000211,predictive_only_robust_score_R6,21057.0,False,C,324.4217532999992,0.07395568639039993,0.2579479217529297,0.07408333122730255
103,COMPLETE,0.7292861606089349,,46ea37b4300888cc0fc15eb2cfb01cfbb80a485825da8ac7d018838cb31f2da7,OPTUNA_AUTONOMOUS_R6,"{""activation"":""softplus"",""batch_size"":64,""config_source"":""OPTUNA_AUTONOMOUS_R6"",""dropout"":0.03,""fourier_dim"":0,""fourier_scale"":0.05,""gradient_clip"":10.0,""hidden_widths"":[32,32,96,256],""huber_delta"":1.0,""lambda_phys"":0.0033427760117527984,""learning_rate"":0.0072353534479533185,""loss_data"":""mse"",""lr_scheduler"":""none"",""max_epochs"":400,""name"":""TRIAL_0103_TIT_INC"",""nonnegative_output"":false,""optimizer"":""Adam"",""parameter_sources"":{""physics_mode"":""FROZEN_R6_CAMPAIGN_POLICY""},""physics_dropout_mode"":""shared_stochastic"",""physics_mode"":""TIT_INC"",""physics_penalty"":""softplus"",""physics_real_fraction"":0.5,""physics_warmup_fraction"":0.0,""physics_weighting"":""FIXED_LAMBDA"",""synthetic_base_rows"":512,""synthetic_batch_size"":128,""synthetic_levels"":5,""synthetic_local_span_std"":0.25,""target_transform"":""original"",""tau_softplus"":0.057906606356520354,""use_lbfgs"":false,""weight_decay"":0.0}",3.116995170727836,0.43546280067947557,0.8053912197086726,0.825205560496763,0.6796341100488268,0.06595095540257429,4.634304437663049,86.083984375,83.203125,16.796875,0.6947112657486715,predictive_only_robust_score_R6,29633.0,False,C,2399.064674999998,0.1535067930817604,0.2067761480808258,0.1541980028152466
104,PRUNED,0.8066537097764033,PRUNED: median_pruner_after_two_folds,68655bfce9517113afa61cbcdc1cbb33e172bbd8753d67411d5ca3799516e69f,OPTUNA_AUTONOMOUS_R6,"{""activation"":""gelu"",""batch_size"":128,""config_source"":""OPTUNA_AUTONOMOUS_R6"",""dropout"":0.15,""fourier_dim"":0,""fourier_scale"":0.05,""gradient_clip"":2.5,""hidden_widths"":[64,48,96,256],""huber_delta"":0.9043139894078467,""lambda_phys"":2.7899401267976462,""learning_rate"":0.0006353854799899712,""loss_data"":""huber"",""lr_scheduler"":""none"",""max_epochs"":400,""name"":""TRIAL_0104_TIT_INC"",""nonnegative_output"":false,""optimizer"":""Adam"",""parameter_sources"":{""physics_mode"":""FROZEN_R6_CAMPAIGN_POLICY""},""physics_dropout_mode"":""no_dropout"",""physics_mode"":""TIT_INC"",""physics_penalty"":""softplus"",""physics_real_fraction"":0.5,""physics_warmup_fraction"":0.1,""physics_weighting"":""FIXED_LAMBDA"",""synthetic_base_rows"":128,""synthetic_batch_size"":64,""synthetic_levels"":5,""synthetic_local_span_std"":1.0,""target_transform"":""log1p"",""tau_softplus"":0.05904975587154005,""use_lbfgs"":false,""weight_decay"":1.612318589117734e-06}",,,,,,,,,,,,,,,,,,,
105,PRUNED,0.7426724717508119,PRUNED: median_pruner_after_two_folds,15e41239bdf4b3d85f7fd953778fd80cc3d05ccf5e6f4338fe65f2f92a58645e,OPTUNA_AUTONOMOUS_R6,"{""activation"":""softplus"",""batch_size"":512,""config_source"":""OPTUNA_AUTONOMOUS_R6"",""dropout"":0.03,""fourier_dim"":16,""fourier_scale"":0.10455060507620693,""gradient_clip"":10.0,""hidden_widths"":[48,32,128,256,256],""huber_delta"":1.2170173724422833,""lambda_phys"":0.0003854761849469518,""learning_rate"":0.002498814675472032,""loss_data"":""huber"",""lr_scheduler"":""none"",""max_epochs"":400,""name"":""TRIAL_0105_TIT_INC"",""nonnegative_output"":false,""optimizer"":""NAdam"",""parameter_sources"":{""physics_mode"":""FROZEN_R6_CAMPAIGN_POLICY""},""physics_dropout_mode"":""no_dropout"",""physics_mode"":""TIT_INC"",""physics_penalty"":""relu_squared"",""physics_real_fraction"":0.5,""physics_warmup_fraction"":0.5,""physics_weighting"":""FIXED_LAMBDA"",""synthetic_base_rows"":512,""synthetic_batch_size"":128,""synthetic_levels"":3,""synthetic_local_span_std"":0.25,""target_transform"":""original"",""tau_softplus"":0.0188511691826361,""use_lbfgs"":false,""weight_decay"":2.5884054141649755e-07}",,,,,,,,,,,,,,,,,,,
106,COMPLETE,0.7572051872489302,,1e46d3aa028fdc8363e3e90329dc36038fc38d1e445ef60738f9ba253b016668,OPTUNA_AUTONOMOUS_R6,"{""activation"":""silu"",""batch_size"":512,""config_source"":""OPTUNA_AUTONOMOUS_R6"",""dropout"":0.03,""fourier_dim"":64,""fourier_scale"":0.019854375224116295,""gradient_clip"":10.0,""hidden_widths"":[48,64,96,128,96],""huber_delta"":0.8414826595540645,""lambda_phys"":0.0005841432045358059,""learning_rate"":0.004111103537467837,""loss_data"":""huber"",""lr_scheduler"":""cosine"",""max_epochs"":600,""name"":""TRIAL_0106_TIT_INC"",""nonnegative_output"":false,""optimizer"":""Adam"",""parameter_sources"":{""physics_mode"":""FROZEN_R6_CAMPAIGN_POLICY""},""physics_dropout_mode"":""data_only_dropout"",""physics_mode"":""TIT_INC"",""physics_penalty"":""softplus"",""physics_real_fraction"":0.25,""physics_warmup_fraction"":0.0,""physics_weighting"":""FIXED_LAMBDA"",""synthetic_base_rows"":512,""synthetic_batch_size"":128,""synthetic_levels"":7,""synthetic_local_span_std"":0.25,""target_transform"":""original"",""tau_softplus"":0.19801902782325223,""use_lbfgs"":false,""weight_decay"":2.356890983853938e-06}",3.0553077144918754,0.4265147132196493,0.8148849014840739,0.8191401419576537,0.7249101800052615,0.0497145348993017,4.542427740360925,78.90625,70.263671875,29.736328125,0.38261484044952243,predictive_only_robust_score_R6,40465.0,False,C,293.05897000000186,0.06542074382305145,0.22345527410507202,0.06555127501487731
107,PRUNED,0.7308119828091001,PRUNED: median_pruner_after_two_folds,94b857529206504b511e594a64944dc109bd3d8f62daf7c00b9585759d4ff5c0,OPTUNA_AUTONOMOUS_R6,"{""activation"":""gelu"",""batch_size"":""FULL_BATCH"",""config_source"":""OPTUNA_AUTONOMOUS_R6"",""dropout"":0.15,""fourier_dim"":16,""fourier_scale"":0.01664688425268822,""gradient_clip"":2.5,""hidden_widths"":[96,48,96],""huber_delta"":1.0610502348233082,""lambda_phys"":0.004145242929599369,""learning_rate"":0.0013945518438830142,""loss_data"":""huber"",""lr_scheduler"":""none"",""max_epochs"":400,""name"":""TRIAL_0107_TIT_INC"",""nonnegative_output"":false,""optimizer"":""Adam"",""parameter_sources"":{""physics_mode"":""FROZEN_R6_CAMPAIGN_POLICY""},""physics_dropout_mode"":""shared_stochastic"",""physics_mode"":""TIT_INC"",""physics_penalty"":""relu_squared"",""physics_real_fraction"":0.25,""physics_warmup_fraction"":0.0,""physics_weighting"":""FIXED_LAMBDA"",""synthetic_base_rows"":128,""synthetic_batch_size"":64,""synthetic_levels"":5,""synthetic_local_span_std"":1.0,""target_transform"":""log1p"",""tau_softplus"":0.05070006713399863,""use_lbfgs"":false,""weight_decay"":2.8446536427318304e-06}",,,,,,,,,,,,,,,,,,,
108,COMPLETE,0.7528407676261495,,9668163be01a0748271303c5c32210652d04e140496d637e0233fea335bb2ee1,OPTUNA_AUTONOMOUS_R6,"{""activation"":""silu"",""batch_size"":512,""config_source"":""OPTUNA_AUTONOMOUS_R6"",""dropout"":0.03,""fourier_dim"":64,""fourier_scale"":0.018927959612407813,""gradient_clip"":10.0,""hidden_widths"":[48,64,96,128,96],""huber_delta"":0.7541625648335839,""lambda_phys"":0.0003945970763747953,""learning_rate"":0.0024759742450261306,""loss_data"":""huber"",""lr_scheduler"":""cosine"",""max_epochs"":600,""name"":""TRIAL_0108_TIT_INC"",""nonnegative_output"":false,""optimizer"":""Adam"",""parameter_sources"":{""physics_mode"":""FROZEN_R6_CAMPAIGN_POLICY""},""physics_dropout_mode"":""data_only_dropout"",""physics_mode"":""TIT_INC"",""physics_penalty"":""softplus"",""physics_real_fraction"":0.25,""physics_warmup_fraction"":0.0,""physics_weighting"":""FIXED_LAMBDA"",""synthetic_base_rows"":512,""synthetic_batch_size"":128,""synthetic_levels"":7,""synthetic_local_span_std"":0.25,""target_transform"":""original"",""tau_softplus"":0.1885375430980569,""use_lbfgs"":false,""weight_decay"":2.041027587833499e-06}",2.963434025594356,0.4257706137787805,0.8150905550574432,0.8254447209527497,0.7151221776374945,0.05375010747916442,4.534197822970752,79.6484375,74.853515625,25.146484375,0.45338732568395884,predictive_only_robust_score_R6,40465.0,False,C,389.58295380000345,0.06258189380168915,0.25659737586975095,0.06268314644694328
109,COMPLETE,0.7436657303543555,,3583ad29211ed62b91d2f70e80edc9dbb155280f6518a808f5844a2c0743b18f,OPTUNA_AUTONOMOUS_R6,"{""activation"":""silu"",""batch_size"":512,""config_source"":""OPTUNA_AUTONOMOUS_R6"",""dropout"":0.03,""fourier_dim"":64,""fourier_scale"":0.01850826696104288,""gradient_clip"":10.0,""hidden_widths"":[48,64,96,128,96,256],""huber_delta"":0.6929540829043401,""lambda_phys"":0.00036740260856503177,""learning_rate"":0.007079984053299512,""loss_data"":""huber"",""lr_scheduler"":""cosine"",""max_epochs"":400,""name"":""TRIAL_0109_TIT_INC"",""nonnegative_output"":false,""optimizer"":""Adam"",""parameter_sources"":{""physics_mode"":""FROZEN_R6_CAMPAIGN_POLICY""},""physics_dropout_mode"":""data_only_dropout"",""physics_mode"":""TIT_INC"",""physics_penalty"":""softplus"",""physics_real_fraction"":0.25,""physics_warmup_fraction"":0.0,""physics_weighting"":""FIXED_LAMBDA"",""synthetic_base_rows"":512,""synthetic_batch_size"":128,""synthetic_levels"":7,""synthetic_local_span_std"":0.25,""target_transform"":""original"",""tau_softplus"":0.18617602121169402,""use_lbfgs"":false,""weight_decay"":3.304581505887284e-06}",3.0402214281569275,0.42941060241301354,0.8115502674155046,0.827173916426956,0.700334332015758,0.05842070524736586,4.57412005399654,77.666015625,70.556640625,29.443359375,0.3520089974115766,predictive_only_robust_score_R6,65457.0,False,C,310.243789499993,0.06258403435349465,0.2036534309387207,0.06265885755419731
110,COMPLETE,0.7556733720410878,,8676595a7a93569bc7dd8562e2f2ff84849d71f01e8441fb915aff58f39e839e,OPTUNA_AUTONOMOUS_R6,"{""activation"":""softplus"",""batch_size"":1024,""config_source"":""OPTUNA_AUTONOMOUS_R6"",""dropout"":0.03,""fourier_dim"":64,""fourier_scale"":0.018101324351605858,""gradient_clip"":10.0,""hidden_widths"":[48,64,96,128],""huber_delta"":1.0,""lambda_phys"":0.0004220874191852292,""learning_rate"":0.00396778696684842,""loss_data"":""mse"",""lr_scheduler"":""cosine"",""max_epochs"":600,""name"":""TRIAL_0110_TIT_INC"",""nonnegative_output"":false,""optimizer"":""RMSprop"",""parameter_sources"":{""physics_mode"":""FROZEN_R6_CAMPAIGN_POLICY""},""physics_dropout_mode"":""data_only_dropout"",""physics_mode"":""TIT_INC"",""physics_penalty"":""softplus"",""physics_real_fraction"":0.25,""physics_warmup_fraction"":0.1,""physics_weighting"":""FIXED_LAMBDA"",""synthetic_base_rows"":512,""synthetic_batch_size"":128,""synthetic_levels"":7,""synthetic_local_span_std"":0.25,""target_transform"":""original"",""tau_softplus"":0.16044801276395243,""use_lbfgs"":false,""weight_decay"":2.1962272929879226e-06}",3.082436788549108,0.42954003736618684,0.8123158082801674,0.8247665132690682,0.7200498075080652,0.050180472724885794,4.573737972907084,69.912109375,60.888671875,39.111328125,0.4456200359655026,predictive_only_robust_score_R6,28113.0,False,C,219.72717360000388,0.14845746159553527,0.23642647862434388,0.14855725616216658
111,PRUNED,0.7964704034325026,PRUNED: median_pruner_after_two_folds,2d620bdad61410143dc7e85dce94bbfd8164f27df7b8d560c2aa84061cb715cb,OPTUNA_AUTONOMOUS_R6,"{""activation"":""softplus"",""batch_size"":1024,""config_source"":""OPTUNA_AUTONOMOUS_R6"",""dropout"":0.0,""fourier_dim"":64,""fourier_scale"":0.014936732338276573,""gradient_clip"":10.0,""hidden_widths"":[48,64,96,128,96],""huber_delta"":1.0,""lambda_phys"":0.00012429241382542181,""learning_rate"":0.00375761601197764,""loss_data"":""mse"",""lr_scheduler"":""cosine"",""max_epochs"":600,""name"":""TRIAL_0111_TIT_INC"",""nonnegative_output"":false,""optimizer"":""RMSprop"",""parameter_sources"":{""physics_mode"":""FROZEN_R6_CAMPAIGN_POLICY""},""physics_dropout_mode"":""no_dropout"",""physics_mode"":""TIT_INC"",""physics_penalty"":""softplus"",""physics_real_fraction"":0.25,""physics_warmup_fraction"":0.1,""physics_weighting"":""FIXED_LAMBDA"",""synthetic_base_rows"":512,""synthetic_batch_size"":128,""synthetic_levels"":7,""synthetic_local_span_std"":0.25,""target_transform"":""original"",""tau_softplus"":0.16719142190502298,""use_lbfgs"":false,""weight_decay"":2.7640598993412673e-06}",,,,,,,,,,,,,,,,,,,
112,COMPLETE,0.7443679041336961,,c1f592fae19d5bac16154b43cd843a7300630c193c308eb0f403dbe60284f83c,OPTUNA_AUTONOMOUS_R6,"{""activation"":""softplus"",""batch_size"":512,""config_source"":""OPTUNA_AUTONOMOUS_R6"",""dropout"":0.03,""fourier_dim"":32,""fourier_scale"":0.017357053235476316,""gradient_clip"":10.0,""hidden_widths"":[48,256,96,128,64,32],""huber_delta"":0.7093501267394237,""lambda_phys"":0.0006550717062489418,""learning_rate"":0.003632060136021582,""loss_data"":""huber"",""lr_scheduler"":""none"",""max_epochs"":400,""name"":""TRIAL_0112_TIT_INC"",""nonnegative_output"":false,""optimizer"":""Adam"",""parameter_sources"":{""physics_mode"":""FROZEN_R6_CAMPAIGN_POLICY""},""physics_dropout_mode"":""shared_stochastic"",""physics_mode"":""TIT_INC"",""physics_penalty"":""softplus"",""physics_real_fraction"":0.5,""physics_warmup_fraction"":0.5,""physics_weighting"":""FIXED_LAMBDA"",""synthetic_base_rows"":512,""synthetic_batch_size"":128,""synthetic_levels"":3,""synthetic_local_span_std"":0.25,""target_transform"":""log1p"",""tau_softplus"":0.022718494740922874,""use_lbfgs"":false,""weight_decay"":2.2180381056616478e-06}",2.9898540714739994,0.4304943370144674,0.8108028142574369,0.8241095565355345,0.7029040912614475,0.05687699009576484,4.584276380442952,86.474609375,84.08203125,15.91796875,0.5535135208217479,predictive_only_robust_score_R6,63121.0,False,C,637.3904126000016,0.06873459368944168,0.2056632846593857,0.0688693180680275
113,PRUNED,0.8030862091572006,PRUNED: median_pruner_after_two_folds,f2716c3504496e7d9daa89164dbbf785f1edff525b129cb275c6882722b2e23b,OPTUNA_AUTONOMOUS_R6,"{""activation"":""softplus"",""batch_size"":512,""config_source"":""OPTUNA_AUTONOMOUS_R6"",""dropout"":0.03,""fourier_dim"":0,""fourier_scale"":0.05,""gradient_clip"":2.5,""hidden_widths"":[32,256,96],""huber_delta"":1.562375626659454,""lambda_phys"":0.0015754110541960358,""learning_rate"":0.0017587516724315642,""loss_data"":""huber"",""lr_scheduler"":""none"",""max_epochs"":400,""name"":""TRIAL_0113_TIT_INC"",""nonnegative_output"":false,""optimizer"":""RMSprop"",""parameter_sources"":{""physics_mode"":""FROZEN_R6_CAMPAIGN_POLICY""},""physics_dropout_mode"":""shared_stochastic"",""physics_mode"":""TIT_INC"",""physics_penalty"":""softplus"",""physics_real_fraction"":0.0,""physics_warmup_fraction"":0.1,""physics_weighting"":""FIXED_LAMBDA"",""synthetic_base_rows"":512,""synthetic_batch_size"":512,""synthetic_levels"":5,""synthetic_local_span_std"":0.25,""target_transform"":""original"",""tau_softplus"":0.022621854100890043,""use_lbfgs"":false,""weight_decay"":0.0}",,,,,,,,,,,,,,,,,,,
114,PRUNED,0.7836101709296286,PRUNED: median_pruner_after_two_folds,b7e511d9a8ed6afccd09dcf8ffa1ec4f7cd219b22b255a0905865cc90dd0f662,OPTUNA_AUTONOMOUS_R6,"{""activation"":""softplus"",""batch_size"":512,""config_source"":""OPTUNA_AUTONOMOUS_R6"",""dropout"":0.25,""fourier_dim"":64,""fourier_scale"":0.019947624019100982,""gradient_clip"":10.0,""hidden_widths"":[48,192,48,128,192,96],""huber_delta"":0.7534140389613004,""lambda_phys"":0.0003609253439313679,""learning_rate"":0.003829554416924072,""loss_data"":""huber"",""lr_scheduler"":""none"",""max_epochs"":150,""name"":""TRIAL_0114_TIT_INC"",""nonnegative_output"":false,""optimizer"":""Adam"",""parameter_sources"":{""physics_mode"":""FROZEN_R6_CAMPAIGN_POLICY""},""physics_dropout_mode"":""shared_stochastic"",""physics_mode"":""TIT_INC"",""physics_penalty"":""softplus"",""physics_real_fraction"":0.5,""physics_warmup_fraction"":0.0,""physics_weighting"":""FIXED_LAMBDA"",""synthetic_base_rows"":512,""synthetic_batch_size"":64,""synthetic_levels"":3,""synthetic_local_span_std"":0.25,""target_transform"":""original"",""tau_softplus"":0.09594972099022565,""use_lbfgs"":false,""weight_decay"":1.5182958193806866e-06}",,,,,,,,,,,,,,,,,,,
115,COMPLETE,0.7476672578182966,,107abe0327aa09bda8ddf23992b3ac18a17bbb218666e2ab40a63f75e5a717cb,OPTUNA_AUTONOMOUS_R6,"{""activation"":""gelu"",""batch_size"":128,""config_source"":""OPTUNA_AUTONOMOUS_R6"",""dropout"":0.15,""fourier_dim"":0,""fourier_scale"":0.05,""gradient_clip"":2.5,""hidden_widths"":[96,48,96,128],""huber_delta"":0.8121210686463071,""lambda_phys"":1.0,""learning_rate"":0.0005383099143793131,""loss_data"":""huber"",""lr_scheduler"":""none"",""max_epochs"":400,""name"":""TRIAL_0115_TIT_INC"",""nonnegative_output"":false,""optimizer"":""NAdam"",""parameter_sources"":{""physics_mode"":""FROZEN_R6_CAMPAIGN_POLICY""},""physics_dropout_mode"":""shared_stochastic"",""physics_mode"":""TIT_INC"",""physics_penalty"":""relu_squared"",""physics_real_fraction"":0.5,""physics_warmup_fraction"":0.25,""physics_weighting"":""ADAPTIVE_LEARNED"",""synthetic_base_rows"":128,""synthetic_batch_size"":64,""synthetic_levels"":5,""synthetic_local_span_std"":1.0,""target_transform"":""log1p"",""tau_softplus"":0.03431301299417878,""use_lbfgs"":false,""weight_decay"":9.736126084598947e-07}",3.050830611740941,0.4310785745511234,0.8104710306703706,0.8258500385682153,0.7072934081803671,0.055109017274254185,4.588685148688467,100.0,100.0,0.0,0.45398491534008956,predictive_only_robust_score_R6,22867.0,True,A,1791.9743688999988,0.07219473347067833,0.0,-20.8625919342041
116,PRUNED,0.8033993474946934,PRUNED: median_pruner_after_two_folds,a5e0f66c8ceadc69c7e631bcbf1006e62618a045015cf24671604401883a59ad,OPTUNA_AUTONOMOUS_R6,"{""activation"":""gelu"",""batch_size"":128,""config_source"":""OPTUNA_AUTONOMOUS_R6"",""dropout"":0.15,""fourier_dim"":0,""fourier_scale"":0.05,""gradient_clip"":2.5,""hidden_widths"":[96,48,96,128],""huber_delta"":1.9951923243150527,""lambda_phys"":0.0022325946211193405,""learning_rate"":0.00011321455976807342,""loss_data"":""huber"",""lr_scheduler"":""none"",""max_epochs"":400,""name"":""TRIAL_0116_TIT_INC"",""nonnegative_output"":false,""optimizer"":""Adam"",""parameter_sources"":{""physics_mode"":""FROZEN_R6_CAMPAIGN_POLICY""},""physics_dropout_mode"":""shared_stochastic"",""physics_mode"":""TIT_INC"",""physics_penalty"":""relu_squared"",""physics_real_fraction"":0.5,""physics_warmup_fraction"":0.0,""physics_weighting"":""FIXED_LAMBDA"",""synthetic_base_rows"":512,""synthetic_batch_size"":64,""synthetic_levels"":7,""synthetic_local_span_std"":1.0,""target_transform"":""log1p"",""tau_softplus"":0.12503130700920734,""use_lbfgs"":false,""weight_decay"":0.0}",,,,,,,,,,,,,,,,,,,
117,COMPLETE,0.7462971138791705,,44950b3272a95fa4f0d4e3f1e6891c8b40120db134594aaba5ab0e70f82bce2a,OPTUNA_AUTONOMOUS_R6,"{""activation"":""gelu"",""batch_size"":512,""config_source"":""OPTUNA_AUTONOMOUS_R6"",""dropout"":0.25,""fourier_dim"":64,""fourier_scale"":0.023401880283532156,""gradient_clip"":10.0,""hidden_widths"":[48,64,96],""huber_delta"":1.2656798640872675,""lambda_phys"":0.00033561623686389233,""learning_rate"":0.005162891601832236,""loss_data"":""huber"",""lr_scheduler"":""cosine"",""max_epochs"":150,""name"":""TRIAL_0117_TIT_INC"",""nonnegative_output"":false,""optimizer"":""Adam"",""parameter_sources"":{""physics_mode"":""FROZEN_R6_CAMPAIGN_POLICY""},""physics_dropout_mode"":""shared_stochastic"",""physics_mode"":""TIT_INC"",""physics_penalty"":""softplus"",""physics_real_fraction"":0.5,""physics_warmup_fraction"":0.0,""physics_weighting"":""FIXED_LAMBDA"",""synthetic_base_rows"":512,""synthetic_batch_size"":256,""synthetic_levels"":7,""synthetic_local_span_std"":0.25,""target_transform"":""original"",""tau_softplus"":0.16416268455666178,""use_lbfgs"":false,""weight_decay"":6.063285900535146e-06}",3.2640013218813464,0.44803676631173933,0.7969770746255845,0.8159747085071083,0.7104827321803391,0.044826454437238546,4.7722615170393246,91.953125,81.8359375,18.1640625,0.7956284658120844,predictive_only_robust_score_R6,15665.0,False,C,287.51335310000286,0.07751282304525375,0.058363644685596225,0.07753240913152695
118,PRUNED,0.7483968461460291,PRUNED: median_pruner_after_two_folds,6f92ebd303b9b6977359e6caf7bab9d2170b5a99cde8a2615e988a5a66e437d8,OPTUNA_AUTONOMOUS_R6,"{""activation"":""silu"",""batch_size"":512,""config_source"":""OPTUNA_AUTONOMOUS_R6"",""dropout"":0.08,""fourier_dim"":0,""fourier_scale"":0.05,""gradient_clip"":1.0,""hidden_widths"":[96,160,96,128,96],""huber_delta"":1.0,""lambda_phys"":1.0,""learning_rate"":0.0001798317355442384,""loss_data"":""mse"",""lr_scheduler"":""reduce_on_plateau"",""max_epochs"":800,""name"":""TRIAL_0118_TIT_INC"",""nonnegative_output"":false,""optimizer"":""NAdam"",""parameter_sources"":{""physics_mode"":""FROZEN_R6_CAMPAIGN_POLICY""},""physics_dropout_mode"":""shared_stochastic"",""physics_mode"":""TIT_INC"",""physics_penalty"":""relu_squared"",""physics_real_fraction"":0.5,""physics_warmup_fraction"":0.25,""physics_weighting"":""ADAPTIVE_LEARNED"",""synthetic_base_rows"":256,""synthetic_batch_size"":512,""synthetic_levels"":3,""synthetic_local_span_std"":0.25,""target_transform"":""log1p"",""tau_softplus"":0.18562561955133416,""use_lbfgs"":false,""weight_decay"":0.0}",,,,,,,,,,,,,,,,,,,
119,COMPLETE,0.7230616817588292,,0567cbc8c2315d351943e1044acc19ee9c136520d13bf561d1d28ffd98bd11ec,OPTUNA_AUTONOMOUS_R6,"{""activation"":""softplus"",""batch_size"":1024,""config_source"":""OPTUNA_AUTONOMOUS_R6"",""dropout"":0.03,""fourier_dim"":64,""fourier_scale"":0.022146631886102514,""gradient_clip"":10.0,""hidden_widths"":[64,128,96,128],""huber_delta"":1.0,""lambda_phys"":0.0005139153319166624,""learning_rate"":0.0008042030772576756,""loss_data"":""mse"",""lr_scheduler"":""cosine"",""max_epochs"":600,""name"":""TRIAL_0119_TIT_INC"",""nonnegative_output"":false,""optimizer"":""RMSprop"",""parameter_sources"":{""physics_mode"":""FROZEN_R6_CAMPAIGN_POLICY""},""physics_dropout_mode"":""data_only_dropout"",""physics_mode"":""TIT_INC"",""physics_penalty"":""softplus"",""physics_real_fraction"":0.25,""physics_warmup_fraction"":0.0,""physics_weighting"":""FIXED_LAMBDA"",""synthetic_base_rows"":512,""synthetic_batch_size"":128,""synthetic_levels"":7,""synthetic_local_span_std"":0.25,""target_transform"":""log1p"",""tau_softplus"":0.11011756594140382,""use_lbfgs"":false,""weight_decay"":6.916484716152711e-07}",3.117554154734443,0.4441375398080599,0.7982920031274504,0.8158466533544722,0.6747753827740608,0.06386744224693766,4.728584238952951,81.376953125,75.927734375,24.072265625,0.441346437449363,predictive_only_robust_score_R6,41505.0,False,C,350.24439619999976,0.1718566298484802,0.22072661221027373,0.17197006642818452
120,PRUNED,0.7663489272457817,PRUNED: median_pruner_after_two_folds,55ba0ffe317b22570a9577cd4f4b7559791fbc6f18c463580da5cd3f367af71e,OPTUNA_AUTONOMOUS_R6,"{""activation"":""silu"",""batch_size"":512,""config_source"":""OPTUNA_AUTONOMOUS_R6"",""dropout"":0.03,""fourier_dim"":8,""fourier_scale"":0.011542597277467346,""gradient_clip"":10.0,""hidden_widths"":[128,32,96,128,96],""huber_delta"":1.0393755617096798,""lambda_phys"":0.0006832038182326091,""learning_rate"":0.0017568457998458815,""loss_data"":""huber"",""lr_scheduler"":""cosine"",""max_epochs"":600,""name"":""TRIAL_0120_TIT_INC"",""nonnegative_output"":false,""optimizer"":""AdamW"",""parameter_sources"":{""physics_mode"":""FROZEN_R6_CAMPAIGN_POLICY""},""physics_dropout_mode"":""data_only_dropout"",""physics_mode"":""TIT_INC"",""physics_penalty"":""softplus"",""physics_real_fraction"":0.25,""physics_warmup_fraction"":0.0,""physics_weighting"":""FIXED_LAMBDA"",""synthetic_base_rows"":512,""synthetic_batch_size"":256,""synthetic_levels"":7,""synthetic_local_span_std"":0.25,""target_transform"":""original"",""tau_softplus"":0.17238695188068448,""use_lbfgs"":false,""weight_decay"":4.978769542478621e-06}",,,,,,,,,,,,,,,,,,,
121,COMPLETE,0.7612691954060522,,c3759d2ea47dc2516b54c298857eed6562b9c5060da143326a776cd8ca57822e,OPTUNA_AUTONOMOUS_R6,"{""activation"":""softplus"",""batch_size"":512,""config_source"":""OPTUNA_AUTONOMOUS_R6"",""dropout"":0.03,""fourier_dim"":0,""fourier_scale"":0.05,""gradient_clip"":10.0,""hidden_widths"":[32,64,64],""huber_delta"":1.0306255791528534,""lambda_phys"":0.001287254249643475,""learning_rate"":0.0067082386304784325,""loss_data"":""huber"",""lr_scheduler"":""none"",""max_epochs"":400,""name"":""TRIAL_0121_TIT_INC"",""nonnegative_output"":false,""optimizer"":""Adam"",""parameter_sources"":{""physics_mode"":""FROZEN_R6_CAMPAIGN_POLICY""},""physics_dropout_mode"":""shared_stochastic"",""physics_mode"":""TIT_INC"",""physics_penalty"":""softplus"",""physics_real_fraction"":0.0,""physics_warmup_fraction"":0.0,""physics_weighting"":""FIXED_LAMBDA"",""synthetic_base_rows"":256,""synthetic_batch_size"":128,""synthetic_levels"":5,""synthetic_local_span_std"":0.25,""target_transform"":""original"",""tau_softplus"":0.10546708724672389,""use_lbfgs"":false,""weight_decay"":0.0}",3.055131571702952,0.42979904186362383,0.8126598007403967,0.8171125145210443,0.7322640367721994,0.04488961087620424,4.578671630167156,83.8671875,79.638671875,20.361328125,0.4468920386864948,predictive_only_robust_score_R6,6657.0,False,C,330.7748559000065,0.0684879869222641,0.26878411918878553,0.06883397996425629
122,PRUNED,0.8093209990336047,PRUNED: median_pruner_after_two_folds,3e77fe7cd74b93ee3f449337addef44dc41869a763448b42f84ca6789b32d63b,OPTUNA_AUTONOMOUS_R6,"{""activation"":""softplus"",""batch_size"":512,""config_source"":""OPTUNA_AUTONOMOUS_R6"",""dropout"":0.03,""fourier_dim"":64,""fourier_scale"":0.031989691316603265,""gradient_clip"":1.0,""hidden_widths"":[48,64,64],""huber_delta"":1.0,""lambda_phys"":0.0031553564806834494,""learning_rate"":0.005068576560323732,""loss_data"":""mse"",""lr_scheduler"":""cosine"",""max_epochs"":200,""name"":""TRIAL_0122_TIT_INC"",""nonnegative_output"":false,""optimizer"":""RMSprop"",""parameter_sources"":{""physics_mode"":""FROZEN_R6_CAMPAIGN_POLICY""},""physics_dropout_mode"":""data_only_dropout"",""physics_mode"":""TIT_INC"",""physics_penalty"":""softplus"",""physics_real_fraction"":0.25,""physics_warmup_fraction"":0.1,""physics_weighting"":""FIXED_LAMBDA"",""synthetic_base_rows"":512,""synthetic_batch_size"":128,""synthetic_levels"":7,""synthetic_local_span_std"":0.25,""target_transform"":""original"",""tau_softplus"":0.08279737505481015,""use_lbfgs"":false,""weight_decay"":0.0}",,,,,,,,,,,,,,,,,,,
123,COMPLETE,0.7682257615206508,,b7d5bdfd0337a09ee681628c2175183da0039545623f4fae1fe41bb6abcec1ea,OPTUNA_AUTONOMOUS_R6,"{""activation"":""gelu"",""batch_size"":512,""config_source"":""OPTUNA_AUTONOMOUS_R6"",""dropout"":0.25,""fourier_dim"":0,""fourier_scale"":0.05,""gradient_clip"":10.0,""hidden_widths"":[32,64,64,160],""huber_delta"":0.8891555508060476,""lambda_phys"":0.002349944349181884,""learning_rate"":0.003234573459719581,""loss_data"":""huber"",""lr_scheduler"":""none"",""max_epochs"":600,""name"":""TRIAL_0123_TIT_INC"",""nonnegative_output"":false,""optimizer"":""Adam"",""parameter_sources"":{""physics_mode"":""FROZEN_R6_CAMPAIGN_POLICY""},""physics_dropout_mode"":""shared_stochastic"",""physics_mode"":""TIT_INC"",""physics_penalty"":""softplus"",""physics_real_fraction"":0.0,""physics_warmup_fraction"":0.25,""physics_weighting"":""FIXED_LAMBDA"",""synthetic_base_rows"":256,""synthetic_batch_size"":128,""synthetic_levels"":5,""synthetic_local_span_std"":0.25,""target_transform"":""original"",""tau_softplus"":0.16328457035414012,""use_lbfgs"":false,""weight_decay"":0.0}",3.1055675362913453,0.4282040500464718,0.8139923584621822,0.8240099862905982,0.7400628670492206,0.04414190442279212,4.56306249739316,84.130859375,83.30078125,16.69921875,0.40809387360664956,predictive_only_robust_score_R6,17153.0,False,C,350.47114650000367,0.0668827772140503,0.18920115530490875,0.06732738837599754
