target,model_family,device,round,order_position,benchmark,batch_size,repetition,value,unit
CO,DENSE_PINN,cpu,1,1,latency_wall_batch1_ms,1,0,0.0462,ms
CO,DENSE_PINN,cpu,1,1,latency_wall_batch1_ms,1,1,0.0687,ms
CO,DENSE_PINN,cpu,1,1,latency_wall_batch1_ms,1,2,0.0601,ms
CO,DENSE_PINN,cpu,1,1,latency_wall_batch1_ms,1,3,0.0452,ms
CO,DENSE_PINN,cpu,1,1,latency_wall_batch1_ms,1,4,0.3079,ms
CO,DENSE_PINN,cpu,1,1,latency_wall_batch1_ms,1,5,0.0835,ms
CO,DENSE_PINN,cpu,1,1,latency_wall_batch1_ms,1,6,0.0679,ms
CO,DENSE_PINN,cpu,1,1,latency_wall_batch1_ms,1,7,0.0633,ms
CO,DENSE_PINN,cpu,1,1,latency_wall_batch1_ms,1,8,0.0584,ms
CO,DENSE_PINN,cpu,1,1,latency_wall_batch1_ms,1,9,0.0603,ms
CO,DENSE_PINN,cpu,1,1,latency_wall_batch1_ms,1,10,0.0598,ms
CO,DENSE_PINN,cpu,1,1,latency_wall_batch1_ms,1,11,0.0585,ms
CO,DENSE_PINN,cpu,1,1,latency_wall_batch1_ms,1,12,0.0612,ms
CO,DENSE_PINN,cpu,1,1,latency_wall_batch1_ms,1,13,0.0606,ms
CO,DENSE_PINN,cpu,1,1,latency_wall_batch1_ms,1,14,0.0611,ms
CO,DENSE_PINN,cpu,1,1,latency_wall_batch1_ms,1,15,0.0572,ms
CO,DENSE_PINN,cpu,1,1,latency_wall_batch1_ms,1,16,0.0579,ms
CO,DENSE_PINN,cpu,1,1,latency_wall_batch1_ms,1,17,0.0574,ms
CO,DENSE_PINN,cpu,1,1,latency_wall_batch1_ms,1,18,0.0574,ms
CO,DENSE_PINN,cpu,1,1,latency_wall_batch1_ms,1,19,0.0583,ms
CO,DENSE_PINN,cpu,1,1,latency_wall_batch1_ms,1,20,0.0579,ms
CO,DENSE_PINN,cpu,1,1,latency_wall_batch1_ms,1,21,0.0587,ms
CO,DENSE_PINN,cpu,1,1,latency_wall_batch1_ms,1,22,0.0585,ms
CO,DENSE_PINN,cpu,1,1,latency_wall_batch1_ms,1,23,0.0585,ms
CO,DENSE_PINN,cpu,1,1,latency_wall_batch1_ms,1,24,0.0605,ms
CO,DENSE_PINN,cpu,1,1,latency_wall_batch1_ms,1,25,0.0602,ms
CO,DENSE_PINN,cpu,1,1,latency_wall_batch1_ms,1,26,0.0593,ms
CO,DENSE_PINN,cpu,1,1,latency_wall_batch1_ms,1,27,0.0586,ms
CO,DENSE_PINN,cpu,1,1,latency_wall_batch1_ms,1,28,0.0582,ms
CO,DENSE_PINN,cpu,1,1,latency_wall_batch1_ms,1,29,0.0574,ms
CO,DENSE_PINN,cpu,1,1,latency_wall_batch1_ms,1,30,0.0581,ms
CO,DENSE_PINN,cpu,1,1,latency_wall_batch1_ms,1,31,0.0584,ms
CO,DENSE_PINN,cpu,1,1,latency_wall_batch1_ms,1,32,0.0757,ms
CO,DENSE_PINN,cpu,1,1,latency_wall_batch1_ms,1,33,0.0592,ms
CO,DENSE_PINN,cpu,1,1,latency_wall_batch1_ms,1,34,0.0589,ms
CO,DENSE_PINN,cpu,1,1,latency_wall_batch1_ms,1,35,0.0588,ms
CO,DENSE_PINN,cpu,1,1,latency_wall_batch1_ms,1,36,0.0569,ms
CO,DENSE_PINN,cpu,1,1,latency_wall_batch1_ms,1,37,0.0566,ms
CO,DENSE_PINN,cpu,1,1,latency_wall_batch1_ms,1,38,0.0574,ms
CO,DENSE_PINN,cpu,1,1,latency_wall_batch1_ms,1,39,0.0574,ms
CO,DENSE_PINN,cpu,1,1,latency_wall_batch1_ms,1,40,0.0574,ms
CO,DENSE_PINN,cpu,1,1,latency_wall_batch1_ms,1,41,0.0596,ms
CO,DENSE_PINN,cpu,1,1,latency_wall_batch1_ms,1,42,0.0578,ms
CO,DENSE_PINN,cpu,1,1,latency_wall_batch1_ms,1,43,0.0613,ms
CO,DENSE_PINN,cpu,1,1,latency_wall_batch1_ms,1,44,0.0583,ms
CO,DENSE_PINN,cpu,1,1,latency_wall_batch1_ms,1,45,0.058,ms
CO,DENSE_PINN,cpu,1,1,latency_wall_batch1_ms,1,46,0.0604,ms
CO,DENSE_PINN,cpu,1,1,latency_wall_batch1_ms,1,47,0.0814,ms
CO,DENSE_PINN,cpu,1,1,latency_wall_batch1_ms,1,48,0.0638,ms
CO,DENSE_PINN,cpu,1,1,latency_wall_batch1_ms,1,49,0.0626,ms
CO,DENSE_PINN,cpu,1,1,latency_wall_batch1_ms,1,50,0.0601,ms
CO,DENSE_PINN,cpu,1,1,latency_wall_batch1_ms,1,51,0.0596,ms
CO,DENSE_PINN,cpu,1,1,latency_wall_batch1_ms,1,52,0.0595,ms
CO,DENSE_PINN,cpu,1,1,latency_wall_batch1_ms,1,53,0.0596,ms
CO,DENSE_PINN,cpu,1,1,latency_wall_batch1_ms,1,54,0.059,ms
CO,DENSE_PINN,cpu,1,1,latency_wall_batch1_ms,1,55,0.0608,ms
CO,DENSE_PINN,cpu,1,1,latency_wall_batch1_ms,1,56,0.061,ms
CO,DENSE_PINN,cpu,1,1,latency_wall_batch1_ms,1,57,0.0686,ms
CO,DENSE_PINN,cpu,1,1,latency_wall_batch1_ms,1,58,0.063,ms
CO,DENSE_PINN,cpu,1,1,latency_wall_batch1_ms,1,59,0.0615,ms
CO,DENSE_PINN,cpu,1,1,latency_wall_batch1_ms,1,60,0.0682,ms
CO,DENSE_PINN,cpu,1,1,latency_wall_batch1_ms,1,61,0.0573,ms
CO,DENSE_PINN,cpu,1,1,latency_wall_batch1_ms,1,62,0.0579,ms
CO,DENSE_PINN,cpu,1,1,latency_wall_batch1_ms,1,63,0.0567,ms
CO,DENSE_PINN,cpu,1,1,latency_wall_batch1_ms,1,64,0.0691,ms
CO,DENSE_PINN,cpu,1,1,latency_wall_batch1_ms,1,65,0.0581,ms
CO,DENSE_PINN,cpu,1,1,latency_wall_batch1_ms,1,66,0.0575,ms
CO,DENSE_PINN,cpu,1,1,latency_wall_batch1_ms,1,67,0.0604,ms
CO,DENSE_PINN,cpu,1,1,latency_wall_batch1_ms,1,68,0.0583,ms
CO,DENSE_PINN,cpu,1,1,latency_wall_batch1_ms,1,69,0.061,ms
CO,DENSE_PINN,cpu,1,1,latency_wall_batch1_ms,1,70,0.0576,ms
CO,DENSE_PINN,cpu,1,1,latency_wall_batch1_ms,1,71,0.0571,ms
CO,DENSE_PINN,cpu,1,1,latency_wall_batch1_ms,1,72,0.0569,ms
CO,DENSE_PINN,cpu,1,1,latency_wall_batch1_ms,1,73,0.0578,ms
CO,DENSE_PINN,cpu,1,1,latency_wall_batch1_ms,1,74,0.1142,ms
CO,DENSE_PINN,cpu,1,1,latency_wall_batch1_ms,1,75,0.0661,ms
CO,DENSE_PINN,cpu,1,1,latency_wall_batch1_ms,1,76,0.0694,ms
CO,DENSE_PINN,cpu,1,1,latency_wall_batch1_ms,1,77,0.0587,ms
CO,DENSE_PINN,cpu,1,1,latency_wall_batch1_ms,1,78,0.0592,ms
CO,DENSE_PINN,cpu,1,1,latency_wall_batch1_ms,1,79,0.0577,ms
CO,DENSE_PINN,cpu,1,1,latency_wall_batch1_ms,1,80,0.0576,ms
CO,DENSE_PINN,cpu,1,1,latency_wall_batch1_ms,1,81,0.0569,ms
CO,DENSE_PINN,cpu,1,1,latency_wall_batch1_ms,1,82,0.058,ms
CO,DENSE_PINN,cpu,1,1,latency_wall_batch1_ms,1,83,0.0575,ms
CO,DENSE_PINN,cpu,1,1,latency_wall_batch1_ms,1,84,0.0577,ms
CO,DENSE_PINN,cpu,1,1,latency_wall_batch1_ms,1,85,0.0578,ms
CO,DENSE_PINN,cpu,1,1,latency_wall_batch1_ms,1,86,0.057,ms
CO,DENSE_PINN,cpu,1,1,latency_wall_batch1_ms,1,87,0.0576,ms
CO,DENSE_PINN,cpu,1,1,latency_wall_batch1_ms,1,88,0.0577,ms
CO,DENSE_PINN,cpu,1,1,latency_wall_batch1_ms,1,89,0.0565,ms
CO,DENSE_PINN,cpu,1,1,latency_wall_batch1_ms,1,90,0.0565,ms
CO,DENSE_PINN,cpu,1,1,latency_wall_batch1_ms,1,91,0.057,ms
CO,DENSE_PINN,cpu,1,1,latency_wall_batch1_ms,1,92,0.0646,ms
CO,DENSE_PINN,cpu,1,1,latency_wall_batch1_ms,1,93,0.0634,ms
CO,DENSE_PINN,cpu,1,1,latency_wall_batch1_ms,1,94,0.0627,ms
CO,DENSE_PINN,cpu,1,1,latency_wall_batch1_ms,1,95,0.0592,ms
CO,DENSE_PINN,cpu,1,1,latency_wall_batch1_ms,1,96,0.0574,ms
CO,DENSE_PINN,cpu,1,1,latency_wall_batch1_ms,1,97,0.0698,ms
CO,DENSE_PINN,cpu,1,1,latency_wall_batch1_ms,1,98,0.0579,ms
CO,DENSE_PINN,cpu,1,1,latency_wall_batch1_ms,1,99,0.0576,ms
CO,DENSE_PINN,cpu,1,1,latency_wall_batch1_ms,1,100,0.0576,ms
CO,DENSE_PINN,cpu,1,1,latency_wall_batch1_ms,1,101,0.0581,ms
CO,DENSE_PINN,cpu,1,1,latency_wall_batch1_ms,1,102,0.0571,ms
CO,DENSE_PINN,cpu,1,1,latency_wall_batch1_ms,1,103,0.0579,ms
CO,DENSE_PINN,cpu,1,1,latency_wall_batch1_ms,1,104,0.0591,ms
CO,DENSE_PINN,cpu,1,1,latency_wall_batch1_ms,1,105,0.0579,ms
CO,DENSE_PINN,cpu,1,1,latency_wall_batch1_ms,1,106,0.0577,ms
CO,DENSE_PINN,cpu,1,1,latency_wall_batch1_ms,1,107,0.0581,ms
CO,DENSE_PINN,cpu,1,1,latency_wall_batch1_ms,1,108,0.0578,ms
CO,DENSE_PINN,cpu,1,1,latency_wall_batch1_ms,1,109,0.0573,ms
CO,DENSE_PINN,cpu,1,1,latency_wall_batch1_ms,1,110,0.0584,ms
CO,DENSE_PINN,cpu,1,1,latency_wall_batch1_ms,1,111,0.0571,ms
CO,DENSE_PINN,cpu,1,1,latency_wall_batch1_ms,1,112,0.0571,ms
CO,DENSE_PINN,cpu,1,1,latency_wall_batch1_ms,1,113,0.0573,ms
CO,DENSE_PINN,cpu,1,1,latency_wall_batch1_ms,1,114,0.0578,ms
CO,DENSE_PINN,cpu,1,1,latency_wall_batch1_ms,1,115,0.0574,ms
CO,DENSE_PINN,cpu,1,1,latency_wall_batch1_ms,1,116,0.0578,ms
CO,DENSE_PINN,cpu,1,1,latency_wall_batch1_ms,1,117,0.0877,ms
CO,DENSE_PINN,cpu,1,1,latency_wall_batch1_ms,1,118,0.0609,ms
CO,DENSE_PINN,cpu,1,1,latency_wall_batch1_ms,1,119,0.0592,ms
CO,DENSE_PINN,cpu,1,1,latency_wall_batch1_ms,1,120,0.0586,ms
CO,DENSE_PINN,cpu,1,1,latency_wall_batch1_ms,1,121,0.0608,ms
CO,DENSE_PINN,cpu,1,1,latency_wall_batch1_ms,1,122,0.0593,ms
CO,DENSE_PINN,cpu,1,1,latency_wall_batch1_ms,1,123,0.0576,ms
CO,DENSE_PINN,cpu,1,1,latency_wall_batch1_ms,1,124,0.0579,ms
CO,DENSE_PINN,cpu,1,1,latency_wall_batch1_ms,1,125,0.058,ms
CO,DENSE_PINN,cpu,1,1,latency_wall_batch1_ms,1,126,0.0596,ms
CO,DENSE_PINN,cpu,1,1,latency_wall_batch1_ms,1,127,0.0597,ms
CO,DENSE_PINN,cpu,1,1,latency_wall_batch1_ms,1,128,0.0576,ms
CO,DENSE_PINN,cpu,1,1,latency_wall_batch1_ms,1,129,0.0577,ms
CO,DENSE_PINN,cpu,1,1,latency_wall_batch1_ms,1,130,0.068,ms
CO,DENSE_PINN,cpu,1,1,latency_wall_batch1_ms,1,131,0.059,ms
CO,DENSE_PINN,cpu,1,1,latency_wall_batch1_ms,1,132,0.0575,ms
CO,DENSE_PINN,cpu,1,1,latency_wall_batch1_ms,1,133,0.0591,ms
CO,DENSE_PINN,cpu,1,1,latency_wall_batch1_ms,1,134,0.0606,ms
CO,DENSE_PINN,cpu,1,1,latency_wall_batch1_ms,1,135,0.1001,ms
CO,DENSE_PINN,cpu,1,1,latency_wall_batch1_ms,1,136,0.0929,ms
CO,DENSE_PINN,cpu,1,1,latency_wall_batch1_ms,1,137,0.0611,ms
CO,DENSE_PINN,cpu,1,1,latency_wall_batch1_ms,1,138,0.0591,ms
CO,DENSE_PINN,cpu,1,1,latency_wall_batch1_ms,1,139,0.1199,ms
CO,DENSE_PINN,cpu,1,1,latency_wall_batch1_ms,1,140,0.1462,ms
CO,DENSE_PINN,cpu,1,1,latency_wall_batch1_ms,1,141,0.0959,ms
CO,DENSE_PINN,cpu,1,1,latency_wall_batch1_ms,1,142,0.0608,ms
CO,DENSE_PINN,cpu,1,1,latency_wall_batch1_ms,1,143,0.0581,ms
CO,DENSE_PINN,cpu,1,1,latency_wall_batch1_ms,1,144,0.0572,ms
CO,DENSE_PINN,cpu,1,1,latency_wall_batch1_ms,1,145,0.0564,ms
CO,DENSE_PINN,cpu,1,1,latency_wall_batch1_ms,1,146,0.0572,ms
CO,DENSE_PINN,cpu,1,1,latency_wall_batch1_ms,1,147,0.0573,ms
CO,DENSE_PINN,cpu,1,1,latency_wall_batch1_ms,1,148,0.0572,ms
CO,DENSE_PINN,cpu,1,1,latency_wall_batch1_ms,1,149,0.0566,ms
CO,DENSE_PINN,cpu,1,1,latency_wall_batch1_ms,1,150,0.0613,ms
CO,DENSE_PINN,cpu,1,1,latency_wall_batch1_ms,1,151,0.0571,ms
CO,DENSE_PINN,cpu,1,1,latency_wall_batch1_ms,1,152,0.0584,ms
CO,DENSE_PINN,cpu,1,1,latency_wall_batch1_ms,1,153,0.0566,ms
CO,DENSE_PINN,cpu,1,1,latency_wall_batch1_ms,1,154,0.057,ms
CO,DENSE_PINN,cpu,1,1,latency_wall_batch1_ms,1,155,0.0618,ms
CO,DENSE_PINN,cpu,1,1,latency_wall_batch1_ms,1,156,0.0574,ms
CO,DENSE_PINN,cpu,1,1,latency_wall_batch1_ms,1,157,0.0562,ms
CO,DENSE_PINN,cpu,1,1,latency_wall_batch1_ms,1,158,0.0565,ms
CO,DENSE_PINN,cpu,1,1,latency_wall_batch1_ms,1,159,0.0573,ms
CO,DENSE_PINN,cpu,1,1,latency_wall_batch1_ms,1,160,0.068,ms
CO,DENSE_PINN,cpu,1,1,latency_wall_batch1_ms,1,161,0.0574,ms
CO,DENSE_PINN,cpu,1,1,latency_wall_batch1_ms,1,162,0.061,ms
CO,DENSE_PINN,cpu,1,1,latency_wall_batch1_ms,1,163,0.0587,ms
CO,DENSE_PINN,cpu,1,1,latency_wall_batch1_ms,1,164,0.0565,ms
CO,DENSE_PINN,cpu,1,1,latency_wall_batch1_ms,1,165,0.0563,ms
CO,DENSE_PINN,cpu,1,1,latency_wall_batch1_ms,1,166,0.0593,ms
CO,DENSE_PINN,cpu,1,1,latency_wall_batch1_ms,1,167,0.0612,ms
CO,DENSE_PINN,cpu,1,1,latency_wall_batch1_ms,1,168,0.059,ms
CO,DENSE_PINN,cpu,1,1,latency_wall_batch1_ms,1,169,0.0581,ms
CO,DENSE_PINN,cpu,1,1,latency_wall_batch1_ms,1,170,0.0576,ms
CO,DENSE_PINN,cpu,1,1,latency_wall_batch1_ms,1,171,0.0574,ms
CO,DENSE_PINN,cpu,1,1,latency_wall_batch1_ms,1,172,0.0575,ms
CO,DENSE_PINN,cpu,1,1,latency_wall_batch1_ms,1,173,0.0574,ms
CO,DENSE_PINN,cpu,1,1,latency_wall_batch1_ms,1,174,0.0578,ms
CO,DENSE_PINN,cpu,1,1,latency_wall_batch1_ms,1,175,0.0599,ms
CO,DENSE_PINN,cpu,1,1,latency_wall_batch1_ms,1,176,0.0566,ms
CO,DENSE_PINN,cpu,1,1,latency_wall_batch1_ms,1,177,0.0573,ms
CO,DENSE_PINN,cpu,1,1,latency_wall_batch1_ms,1,178,0.0577,ms
CO,DENSE_PINN,cpu,1,1,latency_wall_batch1_ms,1,179,0.0644,ms
CO,DENSE_PINN,cpu,1,1,latency_wall_batch1_ms,1,180,0.0577,ms
CO,DENSE_PINN,cpu,1,1,latency_wall_batch1_ms,1,181,0.0573,ms
CO,DENSE_PINN,cpu,1,1,latency_wall_batch1_ms,1,182,0.0573,ms
CO,DENSE_PINN,cpu,1,1,latency_wall_batch1_ms,1,183,0.0797,ms
CO,DENSE_PINN,cpu,1,1,latency_wall_batch1_ms,1,184,0.0846,ms
CO,DENSE_PINN,cpu,1,1,latency_wall_batch1_ms,1,185,0.0578,ms
CO,DENSE_PINN,cpu,1,1,latency_wall_batch1_ms,1,186,0.057,ms
CO,DENSE_PINN,cpu,1,1,latency_wall_batch1_ms,1,187,0.0562,ms
CO,DENSE_PINN,cpu,1,1,latency_wall_batch1_ms,1,188,0.0599,ms
CO,DENSE_PINN,cpu,1,1,latency_wall_batch1_ms,1,189,0.0568,ms
CO,DENSE_PINN,cpu,1,1,latency_wall_batch1_ms,1,190,0.0568,ms
CO,DENSE_PINN,cpu,1,1,latency_wall_batch1_ms,1,191,0.0564,ms
CO,DENSE_PINN,cpu,1,1,latency_wall_batch1_ms,1,192,0.0569,ms
CO,DENSE_PINN,cpu,1,1,latency_wall_batch1_ms,1,193,0.0672,ms
CO,DENSE_PINN,cpu,1,1,latency_wall_batch1_ms,1,194,0.0594,ms
CO,DENSE_PINN,cpu,1,1,latency_wall_batch1_ms,1,195,0.0564,ms
CO,DENSE_PINN,cpu,1,1,latency_wall_batch1_ms,1,196,0.0564,ms
CO,DENSE_PINN,cpu,1,1,latency_wall_batch1_ms,1,197,0.0559,ms
CO,DENSE_PINN,cpu,1,1,latency_wall_batch1_ms,1,198,0.0567,ms
CO,DENSE_PINN,cpu,1,1,latency_wall_batch1_ms,1,199,0.056,ms
CO,DENSE_PINN,cpu,1,1,latency_wall_batch1_ms,1,200,0.0558,ms
CO,DENSE_PINN,cpu,1,1,latency_wall_batch1_ms,1,201,0.096,ms
CO,DENSE_PINN,cpu,1,1,latency_wall_batch1_ms,1,202,0.0567,ms
CO,DENSE_PINN,cpu,1,1,latency_wall_batch1_ms,1,203,0.0563,ms
CO,DENSE_PINN,cpu,1,1,latency_wall_batch1_ms,1,204,0.0563,ms
CO,DENSE_PINN,cpu,1,1,latency_wall_batch1_ms,1,205,0.0559,ms
CO,DENSE_PINN,cpu,1,1,latency_wall_batch1_ms,1,206,0.0566,ms
CO,DENSE_PINN,cpu,1,1,latency_wall_batch1_ms,1,207,0.0563,ms
CO,DENSE_PINN,cpu,1,1,latency_wall_batch1_ms,1,208,0.0557,ms
CO,DENSE_PINN,cpu,1,1,latency_wall_batch1_ms,1,209,0.0556,ms
CO,DENSE_PINN,cpu,1,1,latency_wall_batch1_ms,1,210,0.0554,ms
CO,DENSE_PINN,cpu,1,1,latency_wall_batch1_ms,1,211,0.0558,ms
CO,DENSE_PINN,cpu,1,1,latency_wall_batch1_ms,1,212,0.0564,ms
CO,DENSE_PINN,cpu,1,1,latency_wall_batch1_ms,1,213,0.0561,ms
CO,DENSE_PINN,cpu,1,1,latency_wall_batch1_ms,1,214,0.0561,ms
CO,DENSE_PINN,cpu,1,1,latency_wall_batch1_ms,1,215,0.0559,ms
CO,DENSE_PINN,cpu,1,1,latency_wall_batch1_ms,1,216,0.0558,ms
CO,DENSE_PINN,cpu,1,1,latency_wall_batch1_ms,1,217,0.0579,ms
CO,DENSE_PINN,cpu,1,1,latency_wall_batch1_ms,1,218,0.0565,ms
CO,DENSE_PINN,cpu,1,1,latency_wall_batch1_ms,1,219,0.0563,ms
CO,DENSE_PINN,cpu,1,1,latency_wall_batch1_ms,1,220,0.0629,ms
CO,DENSE_PINN,cpu,1,1,latency_wall_batch1_ms,1,221,0.057,ms
CO,DENSE_PINN,cpu,1,1,latency_wall_batch1_ms,1,222,0.0595,ms
CO,DENSE_PINN,cpu,1,1,latency_wall_batch1_ms,1,223,0.0563,ms
CO,DENSE_PINN,cpu,1,1,latency_wall_batch1_ms,1,224,0.0559,ms
CO,DENSE_PINN,cpu,1,1,latency_wall_batch1_ms,1,225,0.0564,ms
CO,DENSE_PINN,cpu,1,1,latency_wall_batch1_ms,1,226,0.0561,ms
CO,DENSE_PINN,cpu,1,1,latency_wall_batch1_ms,1,227,0.0654,ms
CO,DENSE_PINN,cpu,1,1,latency_wall_batch1_ms,1,228,0.0579,ms
CO,DENSE_PINN,cpu,1,1,latency_wall_batch1_ms,1,229,0.0598,ms
CO,DENSE_PINN,cpu,1,1,latency_wall_batch1_ms,1,230,0.0573,ms
CO,DENSE_PINN,cpu,1,1,latency_wall_batch1_ms,1,231,0.0561,ms
CO,DENSE_PINN,cpu,1,1,latency_wall_batch1_ms,1,232,0.0563,ms
CO,DENSE_PINN,cpu,1,1,latency_wall_batch1_ms,1,233,0.0566,ms
CO,DENSE_PINN,cpu,1,1,latency_wall_batch1_ms,1,234,0.0561,ms
CO,DENSE_PINN,cpu,1,1,latency_wall_batch1_ms,1,235,0.0563,ms
CO,DENSE_PINN,cpu,1,1,latency_wall_batch1_ms,1,236,0.0567,ms
CO,DENSE_PINN,cpu,1,1,latency_wall_batch1_ms,1,237,0.0568,ms
CO,DENSE_PINN,cpu,1,1,latency_wall_batch1_ms,1,238,0.057,ms
CO,DENSE_PINN,cpu,1,1,latency_wall_batch1_ms,1,239,0.0565,ms
CO,DENSE_PINN,cpu,1,1,latency_wall_batch1_ms,1,240,0.0633,ms
CO,DENSE_PINN,cpu,1,1,latency_wall_batch1_ms,1,241,0.0566,ms
CO,DENSE_PINN,cpu,1,1,latency_wall_batch1_ms,1,242,0.0699,ms
CO,DENSE_PINN,cpu,1,1,latency_wall_batch1_ms,1,243,0.0686,ms
CO,DENSE_PINN,cpu,1,1,latency_wall_batch1_ms,1,244,0.0797,ms
CO,DENSE_PINN,cpu,1,1,latency_wall_batch1_ms,1,245,0.0909,ms
CO,DENSE_PINN,cpu,1,1,latency_wall_batch1_ms,1,246,0.0758,ms
CO,DENSE_PINN,cpu,1,1,latency_wall_batch1_ms,1,247,0.0661,ms
CO,DENSE_PINN,cpu,1,1,latency_wall_batch1_ms,1,248,0.0698,ms
CO,DENSE_PINN,cpu,1,1,latency_wall_batch1_ms,1,249,0.0625,ms
CO,DENSE_PINN,cpu,1,1,latency_wall_batch1_ms,1,250,0.0609,ms
CO,DENSE_PINN,cpu,1,1,latency_wall_batch1_ms,1,251,0.0596,ms
CO,DENSE_PINN,cpu,1,1,latency_wall_batch1_ms,1,252,0.0584,ms
CO,DENSE_PINN,cpu,1,1,latency_wall_batch1_ms,1,253,0.0631,ms
CO,DENSE_PINN,cpu,1,1,latency_wall_batch1_ms,1,254,0.0579,ms
CO,DENSE_PINN,cpu,1,1,latency_wall_batch1_ms,1,255,0.0599,ms
CO,DENSE_PINN,cpu,1,1,latency_wall_batch1_ms,1,256,0.0607,ms
CO,DENSE_PINN,cpu,1,1,latency_wall_batch1_ms,1,257,0.0587,ms
CO,DENSE_PINN,cpu,1,1,latency_wall_batch1_ms,1,258,0.0666,ms
CO,DENSE_PINN,cpu,1,1,latency_wall_batch1_ms,1,259,0.069,ms
CO,DENSE_PINN,cpu,1,1,latency_wall_batch1_ms,1,260,0.0599,ms
CO,DENSE_PINN,cpu,1,1,latency_wall_batch1_ms,1,261,0.0568,ms
CO,DENSE_PINN,cpu,1,1,latency_wall_batch1_ms,1,262,0.0657,ms
CO,DENSE_PINN,cpu,1,1,latency_wall_batch1_ms,1,263,0.0674,ms
CO,DENSE_PINN,cpu,1,1,latency_wall_batch1_ms,1,264,0.057,ms
CO,DENSE_PINN,cpu,1,1,latency_wall_batch1_ms,1,265,0.0608,ms
CO,DENSE_PINN,cpu,1,1,latency_wall_batch1_ms,1,266,0.0562,ms
CO,DENSE_PINN,cpu,1,1,latency_wall_batch1_ms,1,267,0.0559,ms
CO,DENSE_PINN,cpu,1,1,latency_wall_batch1_ms,1,268,0.0562,ms
CO,DENSE_PINN,cpu,1,1,latency_wall_batch1_ms,1,269,0.056,ms
CO,DENSE_PINN,cpu,1,1,latency_wall_batch1_ms,1,270,0.056,ms
CO,DENSE_PINN,cpu,1,1,latency_wall_batch1_ms,1,271,0.0558,ms
CO,DENSE_PINN,cpu,1,1,latency_wall_batch1_ms,1,272,0.062,ms
CO,DENSE_PINN,cpu,1,1,latency_wall_batch1_ms,1,273,0.0573,ms
CO,DENSE_PINN,cpu,1,1,latency_wall_batch1_ms,1,274,0.0651,ms
CO,DENSE_PINN,cpu,1,1,latency_wall_batch1_ms,1,275,0.0571,ms
CO,DENSE_PINN,cpu,1,1,latency_wall_batch1_ms,1,276,0.0695,ms
CO,DENSE_PINN,cpu,1,1,latency_wall_batch1_ms,1,277,0.0591,ms
CO,DENSE_PINN,cpu,1,1,latency_wall_batch1_ms,1,278,0.059,ms
CO,DENSE_PINN,cpu,1,1,latency_wall_batch1_ms,1,279,0.0567,ms
CO,DENSE_PINN,cpu,1,1,latency_wall_batch1_ms,1,280,0.0688,ms
CO,DENSE_PINN,cpu,1,1,latency_wall_batch1_ms,1,281,0.0584,ms
CO,DENSE_PINN,cpu,1,1,latency_wall_batch1_ms,1,282,0.0564,ms
CO,DENSE_PINN,cpu,1,1,latency_wall_batch1_ms,1,283,0.0567,ms
CO,DENSE_PINN,cpu,1,1,latency_wall_batch1_ms,1,284,0.0592,ms
CO,DENSE_PINN,cpu,1,1,latency_wall_batch1_ms,1,285,0.0569,ms
CO,DENSE_PINN,cpu,1,1,latency_wall_batch1_ms,1,286,0.0589,ms
CO,DENSE_PINN,cpu,1,1,latency_wall_batch1_ms,1,287,0.0566,ms
CO,DENSE_PINN,cpu,1,1,latency_wall_batch1_ms,1,288,0.0571,ms
CO,DENSE_PINN,cpu,1,1,latency_wall_batch1_ms,1,289,0.0565,ms
CO,DENSE_PINN,cpu,1,1,latency_wall_batch1_ms,1,290,0.0563,ms
CO,DENSE_PINN,cpu,1,1,latency_wall_batch1_ms,1,291,0.0567,ms
CO,DENSE_PINN,cpu,1,1,latency_wall_batch1_ms,1,292,0.0838,ms
CO,DENSE_PINN,cpu,1,1,latency_wall_batch1_ms,1,293,0.0644,ms
CO,DENSE_PINN,cpu,1,1,latency_wall_batch1_ms,1,294,0.0599,ms
CO,DENSE_PINN,cpu,1,1,latency_wall_batch1_ms,1,295,0.2012,ms
CO,DENSE_PINN,cpu,1,1,latency_wall_batch1_ms,1,296,0.0953,ms
CO,DENSE_PINN,cpu,1,1,latency_wall_batch1_ms,1,297,0.0575,ms
CO,DENSE_PINN,cpu,1,1,latency_wall_batch1_ms,1,298,0.0563,ms
CO,DENSE_PINN,cpu,1,1,latency_wall_batch1_ms,1,299,0.0486,ms
CO,DENSE_PINN,cpu,1,1,latency_wall_batch1_ms,1,300,0.0453,ms
CO,DENSE_PINN,cpu,1,1,latency_wall_batch1_ms,1,301,0.0453,ms
CO,DENSE_PINN,cpu,1,1,latency_wall_batch1_ms,1,302,0.0567,ms
CO,DENSE_PINN,cpu,1,1,latency_wall_batch1_ms,1,303,0.0592,ms
CO,DENSE_PINN,cpu,1,1,latency_wall_batch1_ms,1,304,0.0476,ms
CO,DENSE_PINN,cpu,1,1,latency_wall_batch1_ms,1,305,0.1455,ms
CO,DENSE_PINN,cpu,1,1,latency_wall_batch1_ms,1,306,0.1663,ms
CO,DENSE_PINN,cpu,1,1,latency_wall_batch1_ms,1,307,0.1375,ms
CO,DENSE_PINN,cpu,1,1,latency_wall_batch1_ms,1,308,0.1879,ms
CO,DENSE_PINN,cpu,1,1,latency_wall_batch1_ms,1,309,0.1348,ms
CO,DENSE_PINN,cpu,1,1,latency_wall_batch1_ms,1,310,0.1882,ms
CO,DENSE_PINN,cpu,1,1,latency_wall_batch1_ms,1,311,0.0487,ms
CO,DENSE_PINN,cpu,1,1,latency_wall_batch1_ms,1,312,0.0449,ms
CO,DENSE_PINN,cpu,1,1,latency_wall_batch1_ms,1,313,0.0721,ms
CO,DENSE_PINN,cpu,1,1,latency_wall_batch1_ms,1,314,0.1339,ms
CO,DENSE_PINN,cpu,1,1,latency_wall_batch1_ms,1,315,0.0532,ms
CO,DENSE_PINN,cpu,1,1,latency_wall_batch1_ms,1,316,0.1472,ms
CO,DENSE_PINN,cpu,1,1,latency_wall_batch1_ms,1,317,0.0845,ms
CO,DENSE_PINN,cpu,1,1,latency_wall_batch1_ms,1,318,0.0605,ms
CO,DENSE_PINN,cpu,1,1,latency_wall_batch1_ms,1,319,0.0491,ms
CO,DENSE_PINN,cpu,1,1,latency_wall_batch1_ms,1,320,0.0571,ms
CO,DENSE_PINN,cpu,1,1,latency_wall_batch1_ms,1,321,0.069,ms
CO,DENSE_PINN,cpu,1,1,latency_wall_batch1_ms,1,322,0.044,ms
CO,DENSE_PINN,cpu,1,1,latency_wall_batch1_ms,1,323,0.0452,ms
CO,DENSE_PINN,cpu,1,1,latency_wall_batch1_ms,1,324,0.0438,ms
CO,DENSE_PINN,cpu,1,1,latency_wall_batch1_ms,1,325,0.043,ms
CO,DENSE_PINN,cpu,1,1,latency_wall_batch1_ms,1,326,0.0431,ms
CO,DENSE_PINN,cpu,1,1,latency_wall_batch1_ms,1,327,0.0429,ms
CO,DENSE_PINN,cpu,1,1,latency_wall_batch1_ms,1,328,0.0425,ms
CO,DENSE_PINN,cpu,1,1,latency_wall_batch1_ms,1,329,0.0427,ms
CO,DENSE_PINN,cpu,1,1,latency_wall_batch1_ms,1,330,0.0434,ms
CO,DENSE_PINN,cpu,1,1,latency_wall_batch1_ms,1,331,0.0427,ms
CO,DENSE_PINN,cpu,1,1,latency_wall_batch1_ms,1,332,0.0429,ms
CO,DENSE_PINN,cpu,1,1,latency_wall_batch1_ms,1,333,0.0429,ms
CO,DENSE_PINN,cpu,1,1,latency_wall_batch1_ms,1,334,0.0431,ms
CO,DENSE_PINN,cpu,1,1,latency_wall_batch1_ms,1,335,0.0429,ms
CO,DENSE_PINN,cpu,1,1,latency_wall_batch1_ms,1,336,0.0478,ms
CO,DENSE_PINN,cpu,1,1,latency_wall_batch1_ms,1,337,0.0928,ms
CO,DENSE_PINN,cpu,1,1,latency_wall_batch1_ms,1,338,0.0453,ms
CO,DENSE_PINN,cpu,1,1,latency_wall_batch1_ms,1,339,0.048,ms
CO,DENSE_PINN,cpu,1,1,latency_wall_batch1_ms,1,340,0.042,ms
CO,DENSE_PINN,cpu,1,1,latency_wall_batch1_ms,1,341,0.0428,ms
CO,DENSE_PINN,cpu,1,1,latency_wall_batch1_ms,1,342,0.0429,ms
CO,DENSE_PINN,cpu,1,1,latency_wall_batch1_ms,1,343,0.0425,ms
CO,DENSE_PINN,cpu,1,1,latency_wall_batch1_ms,1,344,0.0416,ms
CO,DENSE_PINN,cpu,1,1,latency_wall_batch1_ms,1,345,0.0423,ms
CO,DENSE_PINN,cpu,1,1,latency_wall_batch1_ms,1,346,0.0417,ms
CO,DENSE_PINN,cpu,1,1,latency_wall_batch1_ms,1,347,0.0423,ms
CO,DENSE_PINN,cpu,1,1,latency_wall_batch1_ms,1,348,0.043,ms
CO,DENSE_PINN,cpu,1,1,latency_wall_batch1_ms,1,349,0.042,ms
CO,DENSE_PINN,cpu,1,1,latency_wall_batch1_ms,1,350,0.0462,ms
CO,DENSE_PINN,cpu,1,1,latency_wall_batch1_ms,1,351,0.0423,ms
CO,DENSE_PINN,cpu,1,1,latency_wall_batch1_ms,1,352,0.0423,ms
CO,DENSE_PINN,cpu,1,1,latency_wall_batch1_ms,1,353,0.0422,ms
CO,DENSE_PINN,cpu,1,1,latency_wall_batch1_ms,1,354,0.0424,ms
CO,DENSE_PINN,cpu,1,1,latency_wall_batch1_ms,1,355,0.0444,ms
CO,DENSE_PINN,cpu,1,1,latency_wall_batch1_ms,1,356,0.0426,ms
CO,DENSE_PINN,cpu,1,1,latency_wall_batch1_ms,1,357,0.0424,ms
CO,DENSE_PINN,cpu,1,1,latency_wall_batch1_ms,1,358,0.0422,ms
CO,DENSE_PINN,cpu,1,1,latency_wall_batch1_ms,1,359,0.0557,ms
CO,DENSE_PINN,cpu,1,1,latency_wall_batch1_ms,1,360,0.0704,ms
CO,DENSE_PINN,cpu,1,1,latency_wall_batch1_ms,1,361,0.0427,ms
CO,DENSE_PINN,cpu,1,1,latency_wall_batch1_ms,1,362,0.0745,ms
CO,DENSE_PINN,cpu,1,1,latency_wall_batch1_ms,1,363,0.0748,ms
CO,DENSE_PINN,cpu,1,1,latency_wall_batch1_ms,1,364,0.0427,ms
CO,DENSE_PINN,cpu,1,1,latency_wall_batch1_ms,1,365,0.1085,ms
CO,DENSE_PINN,cpu,1,1,latency_wall_batch1_ms,1,366,0.0425,ms
CO,DENSE_PINN,cpu,1,1,latency_wall_batch1_ms,1,367,0.075,ms
CO,DENSE_PINN,cpu,1,1,latency_wall_batch1_ms,1,368,0.0429,ms
CO,DENSE_PINN,cpu,1,1,latency_wall_batch1_ms,1,369,0.0426,ms
CO,DENSE_PINN,cpu,1,1,latency_wall_batch1_ms,1,370,0.0425,ms
CO,DENSE_PINN,cpu,1,1,latency_wall_batch1_ms,1,371,0.0425,ms
CO,DENSE_PINN,cpu,1,1,latency_wall_batch1_ms,1,372,0.0461,ms
CO,DENSE_PINN,cpu,1,1,latency_wall_batch1_ms,1,373,0.0423,ms
CO,DENSE_PINN,cpu,1,1,latency_wall_batch1_ms,1,374,0.0423,ms
CO,DENSE_PINN,cpu,1,1,latency_wall_batch1_ms,1,375,0.0423,ms
CO,DENSE_PINN,cpu,1,1,latency_wall_batch1_ms,1,376,0.0422,ms
CO,DENSE_PINN,cpu,1,1,latency_wall_batch1_ms,1,377,0.0424,ms
CO,DENSE_PINN,cpu,1,1,latency_wall_batch1_ms,1,378,0.0424,ms
CO,DENSE_PINN,cpu,1,1,latency_wall_batch1_ms,1,379,0.0423,ms
CO,DENSE_PINN,cpu,1,1,latency_wall_batch1_ms,1,380,0.0424,ms
CO,DENSE_PINN,cpu,1,1,latency_wall_batch1_ms,1,381,0.0434,ms
CO,DENSE_PINN,cpu,1,1,latency_wall_batch1_ms,1,382,0.0424,ms
CO,DENSE_PINN,cpu,1,1,latency_wall_batch1_ms,1,383,0.0426,ms
CO,DENSE_PINN,cpu,1,1,latency_wall_batch1_ms,1,384,0.0424,ms
CO,DENSE_PINN,cpu,1,1,latency_wall_batch1_ms,1,385,0.0424,ms
CO,DENSE_PINN,cpu,1,1,latency_wall_batch1_ms,1,386,0.0428,ms
CO,DENSE_PINN,cpu,1,1,latency_wall_batch1_ms,1,387,0.0425,ms
CO,DENSE_PINN,cpu,1,1,latency_wall_batch1_ms,1,388,0.0419,ms
CO,DENSE_PINN,cpu,1,1,latency_wall_batch1_ms,1,389,0.0419,ms
CO,DENSE_PINN,cpu,1,1,latency_wall_batch1_ms,1,390,0.0424,ms
CO,DENSE_PINN,cpu,1,1,latency_wall_batch1_ms,1,391,0.073,ms
CO,DENSE_PINN,cpu,1,1,latency_wall_batch1_ms,1,392,0.0428,ms
CO,DENSE_PINN,cpu,1,1,latency_wall_batch1_ms,1,393,0.0425,ms
CO,DENSE_PINN,cpu,1,1,latency_wall_batch1_ms,1,394,0.0425,ms
CO,DENSE_PINN,cpu,1,1,latency_wall_batch1_ms,1,395,0.0422,ms
CO,DENSE_PINN,cpu,1,1,latency_wall_batch1_ms,1,396,0.0442,ms
CO,DENSE_PINN,cpu,1,1,latency_wall_batch1_ms,1,397,0.0427,ms
CO,DENSE_PINN,cpu,1,1,latency_wall_batch1_ms,1,398,0.0428,ms
CO,DENSE_PINN,cpu,1,1,latency_wall_batch1_ms,1,399,0.0421,ms
CO,DENSE_PINN,cpu,1,1,throughput_rows_s,1,0,18248.17518248175,rows/s
CO,DENSE_PINN,cpu,1,1,throughput_rows_s,1,1,19417.47572815534,rows/s
CO,DENSE_PINN,cpu,1,1,throughput_rows_s,1,2,24154.589371980677,rows/s
CO,DENSE_PINN,cpu,1,1,throughput_rows_s,1,3,23752.969121140144,rows/s
CO,DENSE_PINN,cpu,1,1,throughput_rows_s,1,4,21978.021978021978,rows/s
CO,DENSE_PINN,cpu,1,1,throughput_rows_s,1,5,24330.900243309006,rows/s
CO,DENSE_PINN,cpu,1,1,throughput_rows_s,1,6,24038.461538461543,rows/s
CO,DENSE_PINN,cpu,1,1,throughput_rows_s,1,7,24213.075060532687,rows/s
CO,DENSE_PINN,cpu,1,1,throughput_rows_s,1,8,23980.815347721822,rows/s
CO,DENSE_PINN,cpu,1,1,throughput_rows_s,1,9,21786.492374727666,rows/s
CO,DENSE_PINN,cpu,1,1,throughput_rows_s,1,10,23310.02331002331,rows/s
CO,DENSE_PINN,cpu,1,1,throughput_rows_s,1,11,23094.68822170901,rows/s
CO,DENSE_PINN,cpu,1,1,throughput_rows_s,16,0,249221.1838006231,rows/s
CO,DENSE_PINN,cpu,1,1,throughput_rows_s,16,1,261437.90849673204,rows/s
CO,DENSE_PINN,cpu,1,1,throughput_rows_s,16,2,247295.20865533236,rows/s
CO,DENSE_PINN,cpu,1,1,throughput_rows_s,16,3,249609.98439937597,rows/s
CO,DENSE_PINN,cpu,1,1,throughput_rows_s,16,4,248062.015503876,rows/s
CO,DENSE_PINN,cpu,1,1,throughput_rows_s,16,5,252365.9305993691,rows/s
CO,DENSE_PINN,cpu,1,1,throughput_rows_s,16,6,250391.2363067293,rows/s
CO,DENSE_PINN,cpu,1,1,throughput_rows_s,16,7,248833.59253499226,rows/s
CO,DENSE_PINN,cpu,1,1,throughput_rows_s,16,8,249221.1838006231,rows/s
CO,DENSE_PINN,cpu,1,1,throughput_rows_s,16,9,250000.0,rows/s
CO,DENSE_PINN,cpu,1,1,throughput_rows_s,16,10,245398.773006135,rows/s
CO,DENSE_PINN,cpu,1,1,throughput_rows_s,16,11,219178.08219178082,rows/s
CO,DENSE_PINN,cpu,1,1,throughput_rows_s,64,0,615384.6153846154,rows/s
CO,DENSE_PINN,cpu,1,1,throughput_rows_s,64,1,570918.8224799286,rows/s
CO,DENSE_PINN,cpu,1,1,throughput_rows_s,64,2,623781.6764132554,rows/s
CO,DENSE_PINN,cpu,1,1,throughput_rows_s,64,3,628066.7320902846,rows/s
CO,DENSE_PINN,cpu,1,1,throughput_rows_s,64,4,637450.1992031873,rows/s
CO,DENSE_PINN,cpu,1,1,throughput_rows_s,64,5,633036.5974282889,rows/s
CO,DENSE_PINN,cpu,1,1,throughput_rows_s,64,6,629301.8682399213,rows/s
CO,DENSE_PINN,cpu,1,1,throughput_rows_s,64,7,626223.0919765166,rows/s
CO,DENSE_PINN,cpu,1,1,throughput_rows_s,64,8,629921.2598425198,rows/s
CO,DENSE_PINN,cpu,1,1,throughput_rows_s,64,9,632411.0671936759,rows/s
CO,DENSE_PINN,cpu,1,1,throughput_rows_s,64,10,633036.5974282889,rows/s
CO,DENSE_PINN,cpu,1,1,throughput_rows_s,64,11,572450.8050089446,rows/s
CO,DENSE_PINN,cpu,1,1,throughput_rows_s,256,0,1698739.2169873922,rows/s
CO,DENSE_PINN,cpu,1,1,throughput_rows_s,256,1,1708945.2603471298,rows/s
CO,DENSE_PINN,cpu,1,1,throughput_rows_s,256,2,1700996.6777408638,rows/s
CO,DENSE_PINN,cpu,1,1,throughput_rows_s,256,3,1593030.4915992531,rows/s
CO,DENSE_PINN,cpu,1,1,throughput_rows_s,256,4,1636828.6445012786,rows/s
CO,DENSE_PINN,cpu,1,1,throughput_rows_s,256,5,1649484.5360824743,rows/s
CO,DENSE_PINN,cpu,1,1,throughput_rows_s,256,6,1649484.5360824743,rows/s
CO,DENSE_PINN,cpu,1,1,throughput_rows_s,256,7,1684210.5263157894,rows/s
CO,DENSE_PINN,cpu,1,1,throughput_rows_s,256,8,1686429.512516469,rows/s
CO,DENSE_PINN,cpu,1,1,throughput_rows_s,256,9,1616161.616161616,rows/s
CO,DENSE_PINN,cpu,1,1,throughput_rows_s,256,10,1525625.7449344457,rows/s
CO,DENSE_PINN,cpu,1,1,throughput_rows_s,256,11,1689768.9768976897,rows/s
CO,DENSE_PINN,cpu,1,1,throughput_rows_s,1024,0,1573448.0639213275,rows/s
CO,DENSE_PINN,cpu,1,1,throughput_rows_s,1024,1,1284495.7350727548,rows/s
CO,DENSE_PINN,cpu,1,1,throughput_rows_s,1024,2,1416908.8141690881,rows/s
CO,DENSE_PINN,cpu,1,1,throughput_rows_s,1024,3,1652412.4576407939,rows/s
CO,DENSE_PINN,cpu,1,1,throughput_rows_s,1024,4,1662607.5661633383,rows/s
CO,DENSE_PINN,cpu,1,1,throughput_rows_s,1024,5,1661528.4763913678,rows/s
CO,DENSE_PINN,cpu,1,1,throughput_rows_s,1024,6,1650016.1134386077,rows/s
CO,DENSE_PINN,cpu,1,1,throughput_rows_s,1024,7,1642078.2552918536,rows/s
CO,DENSE_PINN,cpu,1,1,throughput_rows_s,1024,8,1658568.1891804342,rows/s
CO,DENSE_PINN,cpu,1,1,throughput_rows_s,1024,9,1659374.4935990926,rows/s
CO,DENSE_PINN,cpu,1,1,throughput_rows_s,1024,10,1631352.556953959,rows/s
CO,DENSE_PINN,cpu,1,1,throughput_rows_s,1024,11,1637090.3277378099,rows/s
CO,DENSE_PINN,cpu,1,1,throughput_rows_s,4096,0,4303425.089304476,rows/s
CO,DENSE_PINN,cpu,1,1,throughput_rows_s,4096,1,4412842.059900884,rows/s
CO,DENSE_PINN,cpu,1,1,throughput_rows_s,4096,2,4376535.9546960145,rows/s
CO,DENSE_PINN,cpu,1,1,throughput_rows_s,4096,3,4302973.00136569,rows/s
CO,DENSE_PINN,cpu,1,1,throughput_rows_s,4096,4,4333474.396953026,rows/s
CO,DENSE_PINN,cpu,1,1,throughput_rows_s,4096,5,4339442.737578133,rows/s
CO,DENSE_PINN,cpu,1,1,throughput_rows_s,4096,6,4335767.968667301,rows/s
CO,DENSE_PINN,cpu,1,1,throughput_rows_s,4096,7,1630313.644324152,rows/s
CO,DENSE_PINN,cpu,1,1,throughput_rows_s,4096,8,1792246.433884659,rows/s
CO,DENSE_PINN,cpu,1,1,throughput_rows_s,4096,9,1864445.354818153,rows/s
CO,DENSE_PINN,cpu,1,1,throughput_rows_s,4096,10,2155222.3099184423,rows/s
CO,DENSE_PINN,cpu,1,1,throughput_rows_s,4096,11,2415521.6134929527,rows/s
CO,TT_PINN,cpu,1,2,latency_wall_batch1_ms,1,0,0.4813,ms
CO,TT_PINN,cpu,1,2,latency_wall_batch1_ms,1,1,0.4706,ms
CO,TT_PINN,cpu,1,2,latency_wall_batch1_ms,1,2,0.4716,ms
CO,TT_PINN,cpu,1,2,latency_wall_batch1_ms,1,3,0.4821,ms
CO,TT_PINN,cpu,1,2,latency_wall_batch1_ms,1,4,0.4885,ms
CO,TT_PINN,cpu,1,2,latency_wall_batch1_ms,1,5,0.4747,ms
CO,TT_PINN,cpu,1,2,latency_wall_batch1_ms,1,6,0.4699,ms
CO,TT_PINN,cpu,1,2,latency_wall_batch1_ms,1,7,0.7049,ms
CO,TT_PINN,cpu,1,2,latency_wall_batch1_ms,1,8,0.6427,ms
CO,TT_PINN,cpu,1,2,latency_wall_batch1_ms,1,9,0.6452,ms
CO,TT_PINN,cpu,1,2,latency_wall_batch1_ms,1,10,0.7976,ms
CO,TT_PINN,cpu,1,2,latency_wall_batch1_ms,1,11,0.4951,ms
CO,TT_PINN,cpu,1,2,latency_wall_batch1_ms,1,12,0.4754,ms
CO,TT_PINN,cpu,1,2,latency_wall_batch1_ms,1,13,0.5082,ms
CO,TT_PINN,cpu,1,2,latency_wall_batch1_ms,1,14,0.504,ms
CO,TT_PINN,cpu,1,2,latency_wall_batch1_ms,1,15,0.5108,ms
CO,TT_PINN,cpu,1,2,latency_wall_batch1_ms,1,16,0.4799,ms
CO,TT_PINN,cpu,1,2,latency_wall_batch1_ms,1,17,0.5213,ms
CO,TT_PINN,cpu,1,2,latency_wall_batch1_ms,1,18,0.5386,ms
CO,TT_PINN,cpu,1,2,latency_wall_batch1_ms,1,19,0.5554,ms
CO,TT_PINN,cpu,1,2,latency_wall_batch1_ms,1,20,0.4808,ms
CO,TT_PINN,cpu,1,2,latency_wall_batch1_ms,1,21,0.536,ms
CO,TT_PINN,cpu,1,2,latency_wall_batch1_ms,1,22,0.4903,ms
CO,TT_PINN,cpu,1,2,latency_wall_batch1_ms,1,23,0.8472,ms
CO,TT_PINN,cpu,1,2,latency_wall_batch1_ms,1,24,0.6912,ms
CO,TT_PINN,cpu,1,2,latency_wall_batch1_ms,1,25,0.5077,ms
CO,TT_PINN,cpu,1,2,latency_wall_batch1_ms,1,26,0.478,ms
CO,TT_PINN,cpu,1,2,latency_wall_batch1_ms,1,27,0.5044,ms
CO,TT_PINN,cpu,1,2,latency_wall_batch1_ms,1,28,0.4738,ms
CO,TT_PINN,cpu,1,2,latency_wall_batch1_ms,1,29,0.4992,ms
CO,TT_PINN,cpu,1,2,latency_wall_batch1_ms,1,30,0.4975,ms
CO,TT_PINN,cpu,1,2,latency_wall_batch1_ms,1,31,0.498,ms
CO,TT_PINN,cpu,1,2,latency_wall_batch1_ms,1,32,0.4906,ms
CO,TT_PINN,cpu,1,2,latency_wall_batch1_ms,1,33,0.4694,ms
CO,TT_PINN,cpu,1,2,latency_wall_batch1_ms,1,34,1.2545,ms
CO,TT_PINN,cpu,1,2,latency_wall_batch1_ms,1,35,0.5242,ms
CO,TT_PINN,cpu,1,2,latency_wall_batch1_ms,1,36,0.4835,ms
CO,TT_PINN,cpu,1,2,latency_wall_batch1_ms,1,37,0.4979,ms
CO,TT_PINN,cpu,1,2,latency_wall_batch1_ms,1,38,0.4764,ms
CO,TT_PINN,cpu,1,2,latency_wall_batch1_ms,1,39,0.4707,ms
CO,TT_PINN,cpu,1,2,latency_wall_batch1_ms,1,40,0.467,ms
CO,TT_PINN,cpu,1,2,latency_wall_batch1_ms,1,41,0.4849,ms
CO,TT_PINN,cpu,1,2,latency_wall_batch1_ms,1,42,0.4976,ms
CO,TT_PINN,cpu,1,2,latency_wall_batch1_ms,1,43,0.467,ms
CO,TT_PINN,cpu,1,2,latency_wall_batch1_ms,1,44,0.4656,ms
CO,TT_PINN,cpu,1,2,latency_wall_batch1_ms,1,45,0.4655,ms
CO,TT_PINN,cpu,1,2,latency_wall_batch1_ms,1,46,0.5055,ms
CO,TT_PINN,cpu,1,2,latency_wall_batch1_ms,1,47,0.4695,ms
CO,TT_PINN,cpu,1,2,latency_wall_batch1_ms,1,48,0.4704,ms
CO,TT_PINN,cpu,1,2,latency_wall_batch1_ms,1,49,0.4661,ms
CO,TT_PINN,cpu,1,2,latency_wall_batch1_ms,1,50,0.4964,ms
CO,TT_PINN,cpu,1,2,latency_wall_batch1_ms,1,51,0.4737,ms
CO,TT_PINN,cpu,1,2,latency_wall_batch1_ms,1,52,0.4728,ms
CO,TT_PINN,cpu,1,2,latency_wall_batch1_ms,1,53,0.755,ms
CO,TT_PINN,cpu,1,2,latency_wall_batch1_ms,1,54,0.4786,ms
CO,TT_PINN,cpu,1,2,latency_wall_batch1_ms,1,55,0.4687,ms
CO,TT_PINN,cpu,1,2,latency_wall_batch1_ms,1,56,0.4681,ms
CO,TT_PINN,cpu,1,2,latency_wall_batch1_ms,1,57,0.4645,ms
CO,TT_PINN,cpu,1,2,latency_wall_batch1_ms,1,58,0.4925,ms
CO,TT_PINN,cpu,1,2,latency_wall_batch1_ms,1,59,0.4726,ms
CO,TT_PINN,cpu,1,2,latency_wall_batch1_ms,1,60,0.4689,ms
CO,TT_PINN,cpu,1,2,latency_wall_batch1_ms,1,61,0.4661,ms
CO,TT_PINN,cpu,1,2,latency_wall_batch1_ms,1,62,0.5607,ms
CO,TT_PINN,cpu,1,2,latency_wall_batch1_ms,1,63,0.5064,ms
CO,TT_PINN,cpu,1,2,latency_wall_batch1_ms,1,64,0.4698,ms
CO,TT_PINN,cpu,1,2,latency_wall_batch1_ms,1,65,0.4668,ms
CO,TT_PINN,cpu,1,2,latency_wall_batch1_ms,1,66,0.4921,ms
CO,TT_PINN,cpu,1,2,latency_wall_batch1_ms,1,67,0.4668,ms
CO,TT_PINN,cpu,1,2,latency_wall_batch1_ms,1,68,0.4727,ms
CO,TT_PINN,cpu,1,2,latency_wall_batch1_ms,1,69,0.4812,ms
CO,TT_PINN,cpu,1,2,latency_wall_batch1_ms,1,70,0.4855,ms
CO,TT_PINN,cpu,1,2,latency_wall_batch1_ms,1,71,0.4715,ms
CO,TT_PINN,cpu,1,2,latency_wall_batch1_ms,1,72,0.4788,ms
CO,TT_PINN,cpu,1,2,latency_wall_batch1_ms,1,73,0.9208,ms
CO,TT_PINN,cpu,1,2,latency_wall_batch1_ms,1,74,0.4989,ms
CO,TT_PINN,cpu,1,2,latency_wall_batch1_ms,1,75,0.4981,ms
CO,TT_PINN,cpu,1,2,latency_wall_batch1_ms,1,76,0.4698,ms
CO,TT_PINN,cpu,1,2,latency_wall_batch1_ms,1,77,0.5389,ms
CO,TT_PINN,cpu,1,2,latency_wall_batch1_ms,1,78,0.479,ms
CO,TT_PINN,cpu,1,2,latency_wall_batch1_ms,1,79,0.4952,ms
CO,TT_PINN,cpu,1,2,latency_wall_batch1_ms,1,80,0.4697,ms
CO,TT_PINN,cpu,1,2,latency_wall_batch1_ms,1,81,0.7529,ms
CO,TT_PINN,cpu,1,2,latency_wall_batch1_ms,1,82,0.516,ms
CO,TT_PINN,cpu,1,2,latency_wall_batch1_ms,1,83,0.4739,ms
CO,TT_PINN,cpu,1,2,latency_wall_batch1_ms,1,84,0.4693,ms
CO,TT_PINN,cpu,1,2,latency_wall_batch1_ms,1,85,0.4958,ms
CO,TT_PINN,cpu,1,2,latency_wall_batch1_ms,1,86,0.4714,ms
CO,TT_PINN,cpu,1,2,latency_wall_batch1_ms,1,87,0.4676,ms
CO,TT_PINN,cpu,1,2,latency_wall_batch1_ms,1,88,0.4677,ms
CO,TT_PINN,cpu,1,2,latency_wall_batch1_ms,1,89,0.489,ms
CO,TT_PINN,cpu,1,2,latency_wall_batch1_ms,1,90,0.4685,ms
CO,TT_PINN,cpu,1,2,latency_wall_batch1_ms,1,91,0.4611,ms
CO,TT_PINN,cpu,1,2,latency_wall_batch1_ms,1,92,0.7569,ms
CO,TT_PINN,cpu,1,2,latency_wall_batch1_ms,1,93,0.6111,ms
CO,TT_PINN,cpu,1,2,latency_wall_batch1_ms,1,94,0.5545,ms
CO,TT_PINN,cpu,1,2,latency_wall_batch1_ms,1,95,0.5148,ms
CO,TT_PINN,cpu,1,2,latency_wall_batch1_ms,1,96,0.5904,ms
CO,TT_PINN,cpu,1,2,latency_wall_batch1_ms,1,97,0.4914,ms
CO,TT_PINN,cpu,1,2,latency_wall_batch1_ms,1,98,0.4723,ms
CO,TT_PINN,cpu,1,2,latency_wall_batch1_ms,1,99,0.5528,ms
CO,TT_PINN,cpu,1,2,latency_wall_batch1_ms,1,100,0.4998,ms
CO,TT_PINN,cpu,1,2,latency_wall_batch1_ms,1,101,0.4712,ms
CO,TT_PINN,cpu,1,2,latency_wall_batch1_ms,1,102,0.468,ms
CO,TT_PINN,cpu,1,2,latency_wall_batch1_ms,1,103,0.4665,ms
CO,TT_PINN,cpu,1,2,latency_wall_batch1_ms,1,104,0.4897,ms
CO,TT_PINN,cpu,1,2,latency_wall_batch1_ms,1,105,0.5255,ms
CO,TT_PINN,cpu,1,2,latency_wall_batch1_ms,1,106,0.4728,ms
CO,TT_PINN,cpu,1,2,latency_wall_batch1_ms,1,107,0.4722,ms
CO,TT_PINN,cpu,1,2,latency_wall_batch1_ms,1,108,0.4937,ms
CO,TT_PINN,cpu,1,2,latency_wall_batch1_ms,1,109,0.5633,ms
CO,TT_PINN,cpu,1,2,latency_wall_batch1_ms,1,110,0.4865,ms
CO,TT_PINN,cpu,1,2,latency_wall_batch1_ms,1,111,1.0028,ms
CO,TT_PINN,cpu,1,2,latency_wall_batch1_ms,1,112,0.8592,ms
CO,TT_PINN,cpu,1,2,latency_wall_batch1_ms,1,113,0.5154,ms
CO,TT_PINN,cpu,1,2,latency_wall_batch1_ms,1,114,0.4827,ms
CO,TT_PINN,cpu,1,2,latency_wall_batch1_ms,1,115,0.4792,ms
CO,TT_PINN,cpu,1,2,latency_wall_batch1_ms,1,116,0.4694,ms
CO,TT_PINN,cpu,1,2,latency_wall_batch1_ms,1,117,0.4813,ms
CO,TT_PINN,cpu,1,2,latency_wall_batch1_ms,1,118,0.4745,ms
CO,TT_PINN,cpu,1,2,latency_wall_batch1_ms,1,119,0.4638,ms
CO,TT_PINN,cpu,1,2,latency_wall_batch1_ms,1,120,0.4662,ms
CO,TT_PINN,cpu,1,2,latency_wall_batch1_ms,1,121,0.4627,ms
CO,TT_PINN,cpu,1,2,latency_wall_batch1_ms,1,122,0.4959,ms
CO,TT_PINN,cpu,1,2,latency_wall_batch1_ms,1,123,0.4698,ms
CO,TT_PINN,cpu,1,2,latency_wall_batch1_ms,1,124,0.4672,ms
CO,TT_PINN,cpu,1,2,latency_wall_batch1_ms,1,125,0.4632,ms
CO,TT_PINN,cpu,1,2,latency_wall_batch1_ms,1,126,0.4909,ms
CO,TT_PINN,cpu,1,2,latency_wall_batch1_ms,1,127,0.4686,ms
CO,TT_PINN,cpu,1,2,latency_wall_batch1_ms,1,128,0.4674,ms
CO,TT_PINN,cpu,1,2,latency_wall_batch1_ms,1,129,0.4648,ms
CO,TT_PINN,cpu,1,2,latency_wall_batch1_ms,1,130,0.6013,ms
CO,TT_PINN,cpu,1,2,latency_wall_batch1_ms,1,131,0.4754,ms
CO,TT_PINN,cpu,1,2,latency_wall_batch1_ms,1,132,0.4676,ms
CO,TT_PINN,cpu,1,2,latency_wall_batch1_ms,1,133,0.464,ms
CO,TT_PINN,cpu,1,2,latency_wall_batch1_ms,1,134,0.4915,ms
CO,TT_PINN,cpu,1,2,latency_wall_batch1_ms,1,135,0.4982,ms
CO,TT_PINN,cpu,1,2,latency_wall_batch1_ms,1,136,0.4717,ms
CO,TT_PINN,cpu,1,2,latency_wall_batch1_ms,1,137,0.4637,ms
CO,TT_PINN,cpu,1,2,latency_wall_batch1_ms,1,138,0.491,ms
CO,TT_PINN,cpu,1,2,latency_wall_batch1_ms,1,139,0.4666,ms
CO,TT_PINN,cpu,1,2,latency_wall_batch1_ms,1,140,0.4671,ms
CO,TT_PINN,cpu,1,2,latency_wall_batch1_ms,1,141,0.4706,ms
CO,TT_PINN,cpu,1,2,latency_wall_batch1_ms,1,142,0.4883,ms
CO,TT_PINN,cpu,1,2,latency_wall_batch1_ms,1,143,0.4722,ms
CO,TT_PINN,cpu,1,2,latency_wall_batch1_ms,1,144,0.4713,ms
CO,TT_PINN,cpu,1,2,latency_wall_batch1_ms,1,145,0.4671,ms
CO,TT_PINN,cpu,1,2,latency_wall_batch1_ms,1,146,0.4901,ms
CO,TT_PINN,cpu,1,2,latency_wall_batch1_ms,1,147,0.4698,ms
CO,TT_PINN,cpu,1,2,latency_wall_batch1_ms,1,148,0.4688,ms
CO,TT_PINN,cpu,1,2,latency_wall_batch1_ms,1,149,0.4642,ms
CO,TT_PINN,cpu,1,2,latency_wall_batch1_ms,1,150,0.4919,ms
CO,TT_PINN,cpu,1,2,latency_wall_batch1_ms,1,151,0.7474,ms
CO,TT_PINN,cpu,1,2,latency_wall_batch1_ms,1,152,0.568,ms
CO,TT_PINN,cpu,1,2,latency_wall_batch1_ms,1,153,0.515,ms
CO,TT_PINN,cpu,1,2,latency_wall_batch1_ms,1,154,0.5253,ms
CO,TT_PINN,cpu,1,2,latency_wall_batch1_ms,1,155,0.479,ms
CO,TT_PINN,cpu,1,2,latency_wall_batch1_ms,1,156,0.4757,ms
CO,TT_PINN,cpu,1,2,latency_wall_batch1_ms,1,157,0.5114,ms
CO,TT_PINN,cpu,1,2,latency_wall_batch1_ms,1,158,0.4821,ms
CO,TT_PINN,cpu,1,2,latency_wall_batch1_ms,1,159,0.4723,ms
CO,TT_PINN,cpu,1,2,latency_wall_batch1_ms,1,160,0.5093,ms
CO,TT_PINN,cpu,1,2,latency_wall_batch1_ms,1,161,0.4935,ms
CO,TT_PINN,cpu,1,2,latency_wall_batch1_ms,1,162,0.4727,ms
CO,TT_PINN,cpu,1,2,latency_wall_batch1_ms,1,163,0.4675,ms
CO,TT_PINN,cpu,1,2,latency_wall_batch1_ms,1,164,0.4725,ms
CO,TT_PINN,cpu,1,2,latency_wall_batch1_ms,1,165,0.4939,ms
CO,TT_PINN,cpu,1,2,latency_wall_batch1_ms,1,166,0.4807,ms
CO,TT_PINN,cpu,1,2,latency_wall_batch1_ms,1,167,0.4695,ms
CO,TT_PINN,cpu,1,2,latency_wall_batch1_ms,1,168,0.4676,ms
CO,TT_PINN,cpu,1,2,latency_wall_batch1_ms,1,169,0.4899,ms
CO,TT_PINN,cpu,1,2,latency_wall_batch1_ms,1,170,0.4712,ms
CO,TT_PINN,cpu,1,2,latency_wall_batch1_ms,1,171,0.5063,ms
CO,TT_PINN,cpu,1,2,latency_wall_batch1_ms,1,172,0.5304,ms
CO,TT_PINN,cpu,1,2,latency_wall_batch1_ms,1,173,0.7009,ms
CO,TT_PINN,cpu,1,2,latency_wall_batch1_ms,1,174,0.4786,ms
CO,TT_PINN,cpu,1,2,latency_wall_batch1_ms,1,175,0.4662,ms
CO,TT_PINN,cpu,1,2,latency_wall_batch1_ms,1,176,0.4679,ms
CO,TT_PINN,cpu,1,2,latency_wall_batch1_ms,1,177,0.5313,ms
CO,TT_PINN,cpu,1,2,latency_wall_batch1_ms,1,178,0.4869,ms
CO,TT_PINN,cpu,1,2,latency_wall_batch1_ms,1,179,0.4972,ms
CO,TT_PINN,cpu,1,2,latency_wall_batch1_ms,1,180,0.4811,ms
CO,TT_PINN,cpu,1,2,latency_wall_batch1_ms,1,181,0.5013,ms
CO,TT_PINN,cpu,1,2,latency_wall_batch1_ms,1,182,0.4727,ms
CO,TT_PINN,cpu,1,2,latency_wall_batch1_ms,1,183,0.4697,ms
CO,TT_PINN,cpu,1,2,latency_wall_batch1_ms,1,184,0.4687,ms
CO,TT_PINN,cpu,1,2,latency_wall_batch1_ms,1,185,0.5052,ms
CO,TT_PINN,cpu,1,2,latency_wall_batch1_ms,1,186,0.4754,ms
CO,TT_PINN,cpu,1,2,latency_wall_batch1_ms,1,187,0.4691,ms
CO,TT_PINN,cpu,1,2,latency_wall_batch1_ms,1,188,0.4686,ms
CO,TT_PINN,cpu,1,2,latency_wall_batch1_ms,1,189,0.492,ms
CO,TT_PINN,cpu,1,2,latency_wall_batch1_ms,1,190,0.4755,ms
CO,TT_PINN,cpu,1,2,latency_wall_batch1_ms,1,191,0.5293,ms
CO,TT_PINN,cpu,1,2,latency_wall_batch1_ms,1,192,0.4839,ms
CO,TT_PINN,cpu,1,2,latency_wall_batch1_ms,1,193,0.5298,ms
CO,TT_PINN,cpu,1,2,latency_wall_batch1_ms,1,194,0.5482,ms
CO,TT_PINN,cpu,1,2,latency_wall_batch1_ms,1,195,0.5033,ms
CO,TT_PINN,cpu,1,2,latency_wall_batch1_ms,1,196,0.4888,ms
CO,TT_PINN,cpu,1,2,latency_wall_batch1_ms,1,197,0.4749,ms
CO,TT_PINN,cpu,1,2,latency_wall_batch1_ms,1,198,0.468,ms
CO,TT_PINN,cpu,1,2,latency_wall_batch1_ms,1,199,0.466,ms
CO,TT_PINN,cpu,1,2,latency_wall_batch1_ms,1,200,0.4724,ms
CO,TT_PINN,cpu,1,2,latency_wall_batch1_ms,1,201,0.495,ms
CO,TT_PINN,cpu,1,2,latency_wall_batch1_ms,1,202,0.4716,ms
CO,TT_PINN,cpu,1,2,latency_wall_batch1_ms,1,203,0.4673,ms
CO,TT_PINN,cpu,1,2,latency_wall_batch1_ms,1,204,0.4669,ms
CO,TT_PINN,cpu,1,2,latency_wall_batch1_ms,1,205,0.4926,ms
CO,TT_PINN,cpu,1,2,latency_wall_batch1_ms,1,206,0.4721,ms
CO,TT_PINN,cpu,1,2,latency_wall_batch1_ms,1,207,0.4698,ms
CO,TT_PINN,cpu,1,2,latency_wall_batch1_ms,1,208,0.4767,ms
CO,TT_PINN,cpu,1,2,latency_wall_batch1_ms,1,209,0.4832,ms
CO,TT_PINN,cpu,1,2,latency_wall_batch1_ms,1,210,0.4848,ms
CO,TT_PINN,cpu,1,2,latency_wall_batch1_ms,1,211,0.7309,ms
CO,TT_PINN,cpu,1,2,latency_wall_batch1_ms,1,212,0.6516,ms
CO,TT_PINN,cpu,1,2,latency_wall_batch1_ms,1,213,0.486,ms
CO,TT_PINN,cpu,1,2,latency_wall_batch1_ms,1,214,0.4779,ms
CO,TT_PINN,cpu,1,2,latency_wall_batch1_ms,1,215,0.484,ms
CO,TT_PINN,cpu,1,2,latency_wall_batch1_ms,1,216,0.5357,ms
CO,TT_PINN,cpu,1,2,latency_wall_batch1_ms,1,217,0.486,ms
CO,TT_PINN,cpu,1,2,latency_wall_batch1_ms,1,218,0.4704,ms
CO,TT_PINN,cpu,1,2,latency_wall_batch1_ms,1,219,0.4693,ms
CO,TT_PINN,cpu,1,2,latency_wall_batch1_ms,1,220,0.4927,ms
CO,TT_PINN,cpu,1,2,latency_wall_batch1_ms,1,221,0.4738,ms
CO,TT_PINN,cpu,1,2,latency_wall_batch1_ms,1,222,0.466,ms
CO,TT_PINN,cpu,1,2,latency_wall_batch1_ms,1,223,0.4627,ms
CO,TT_PINN,cpu,1,2,latency_wall_batch1_ms,1,224,0.4826,ms
CO,TT_PINN,cpu,1,2,latency_wall_batch1_ms,1,225,0.487,ms
CO,TT_PINN,cpu,1,2,latency_wall_batch1_ms,1,226,0.4753,ms
CO,TT_PINN,cpu,1,2,latency_wall_batch1_ms,1,227,0.5098,ms
CO,TT_PINN,cpu,1,2,latency_wall_batch1_ms,1,228,0.4812,ms
CO,TT_PINN,cpu,1,2,latency_wall_batch1_ms,1,229,0.4791,ms
CO,TT_PINN,cpu,1,2,latency_wall_batch1_ms,1,230,0.4659,ms
CO,TT_PINN,cpu,1,2,latency_wall_batch1_ms,1,231,0.7111,ms
CO,TT_PINN,cpu,1,2,latency_wall_batch1_ms,1,232,0.5528,ms
CO,TT_PINN,cpu,1,2,latency_wall_batch1_ms,1,233,0.5424,ms
CO,TT_PINN,cpu,1,2,latency_wall_batch1_ms,1,234,0.5022,ms
CO,TT_PINN,cpu,1,2,latency_wall_batch1_ms,1,235,0.5041,ms
CO,TT_PINN,cpu,1,2,latency_wall_batch1_ms,1,236,0.5051,ms
CO,TT_PINN,cpu,1,2,latency_wall_batch1_ms,1,237,0.4736,ms
CO,TT_PINN,cpu,1,2,latency_wall_batch1_ms,1,238,0.4725,ms
CO,TT_PINN,cpu,1,2,latency_wall_batch1_ms,1,239,0.4742,ms
CO,TT_PINN,cpu,1,2,latency_wall_batch1_ms,1,240,0.4875,ms
CO,TT_PINN,cpu,1,2,latency_wall_batch1_ms,1,241,0.4738,ms
CO,TT_PINN,cpu,1,2,latency_wall_batch1_ms,1,242,0.4693,ms
CO,TT_PINN,cpu,1,2,latency_wall_batch1_ms,1,243,0.4718,ms
CO,TT_PINN,cpu,1,2,latency_wall_batch1_ms,1,244,0.4896,ms
CO,TT_PINN,cpu,1,2,latency_wall_batch1_ms,1,245,0.4662,ms
CO,TT_PINN,cpu,1,2,latency_wall_batch1_ms,1,246,0.4659,ms
CO,TT_PINN,cpu,1,2,latency_wall_batch1_ms,1,247,0.4809,ms
CO,TT_PINN,cpu,1,2,latency_wall_batch1_ms,1,248,0.4742,ms
CO,TT_PINN,cpu,1,2,latency_wall_batch1_ms,1,249,0.4641,ms
CO,TT_PINN,cpu,1,2,latency_wall_batch1_ms,1,250,0.4648,ms
CO,TT_PINN,cpu,1,2,latency_wall_batch1_ms,1,251,0.6163,ms
CO,TT_PINN,cpu,1,2,latency_wall_batch1_ms,1,252,0.4993,ms
CO,TT_PINN,cpu,1,2,latency_wall_batch1_ms,1,253,0.5509,ms
CO,TT_PINN,cpu,1,2,latency_wall_batch1_ms,1,254,0.5688,ms
CO,TT_PINN,cpu,1,2,latency_wall_batch1_ms,1,255,0.4934,ms
CO,TT_PINN,cpu,1,2,latency_wall_batch1_ms,1,256,0.4681,ms
CO,TT_PINN,cpu,1,2,latency_wall_batch1_ms,1,257,0.4697,ms
CO,TT_PINN,cpu,1,2,latency_wall_batch1_ms,1,258,0.4635,ms
CO,TT_PINN,cpu,1,2,latency_wall_batch1_ms,1,259,0.4824,ms
CO,TT_PINN,cpu,1,2,latency_wall_batch1_ms,1,260,0.4723,ms
CO,TT_PINN,cpu,1,2,latency_wall_batch1_ms,1,261,0.467,ms
CO,TT_PINN,cpu,1,2,latency_wall_batch1_ms,1,262,0.4656,ms
CO,TT_PINN,cpu,1,2,latency_wall_batch1_ms,1,263,0.4668,ms
CO,TT_PINN,cpu,1,2,latency_wall_batch1_ms,1,264,0.4877,ms
CO,TT_PINN,cpu,1,2,latency_wall_batch1_ms,1,265,0.4659,ms
CO,TT_PINN,cpu,1,2,latency_wall_batch1_ms,1,266,0.4644,ms
CO,TT_PINN,cpu,1,2,latency_wall_batch1_ms,1,267,0.4619,ms
CO,TT_PINN,cpu,1,2,latency_wall_batch1_ms,1,268,0.4946,ms
CO,TT_PINN,cpu,1,2,latency_wall_batch1_ms,1,269,0.4798,ms
CO,TT_PINN,cpu,1,2,latency_wall_batch1_ms,1,270,0.4649,ms
CO,TT_PINN,cpu,1,2,latency_wall_batch1_ms,1,271,0.4624,ms
CO,TT_PINN,cpu,1,2,latency_wall_batch1_ms,1,272,0.6882,ms
CO,TT_PINN,cpu,1,2,latency_wall_batch1_ms,1,273,0.4688,ms
CO,TT_PINN,cpu,1,2,latency_wall_batch1_ms,1,274,0.4659,ms
CO,TT_PINN,cpu,1,2,latency_wall_batch1_ms,1,275,0.491,ms
CO,TT_PINN,cpu,1,2,latency_wall_batch1_ms,1,276,0.4801,ms
CO,TT_PINN,cpu,1,2,latency_wall_batch1_ms,1,277,0.4662,ms
CO,TT_PINN,cpu,1,2,latency_wall_batch1_ms,1,278,0.4682,ms
CO,TT_PINN,cpu,1,2,latency_wall_batch1_ms,1,279,0.6191,ms
CO,TT_PINN,cpu,1,2,latency_wall_batch1_ms,1,280,0.591,ms
CO,TT_PINN,cpu,1,2,latency_wall_batch1_ms,1,281,0.4857,ms
CO,TT_PINN,cpu,1,2,latency_wall_batch1_ms,1,282,0.47,ms
CO,TT_PINN,cpu,1,2,latency_wall_batch1_ms,1,283,0.499,ms
CO,TT_PINN,cpu,1,2,latency_wall_batch1_ms,1,284,0.4699,ms
CO,TT_PINN,cpu,1,2,latency_wall_batch1_ms,1,285,0.5081,ms
CO,TT_PINN,cpu,1,2,latency_wall_batch1_ms,1,286,0.4735,ms
CO,TT_PINN,cpu,1,2,latency_wall_batch1_ms,1,287,0.5044,ms
CO,TT_PINN,cpu,1,2,latency_wall_batch1_ms,1,288,0.4712,ms
CO,TT_PINN,cpu,1,2,latency_wall_batch1_ms,1,289,0.466,ms
CO,TT_PINN,cpu,1,2,latency_wall_batch1_ms,1,290,0.4655,ms
CO,TT_PINN,cpu,1,2,latency_wall_batch1_ms,1,291,0.4908,ms
CO,TT_PINN,cpu,1,2,latency_wall_batch1_ms,1,292,0.7392,ms
CO,TT_PINN,cpu,1,2,latency_wall_batch1_ms,1,293,0.6343,ms
CO,TT_PINN,cpu,1,2,latency_wall_batch1_ms,1,294,0.634,ms
CO,TT_PINN,cpu,1,2,latency_wall_batch1_ms,1,295,0.6434,ms
CO,TT_PINN,cpu,1,2,latency_wall_batch1_ms,1,296,0.6088,ms
CO,TT_PINN,cpu,1,2,latency_wall_batch1_ms,1,297,0.5999,ms
CO,TT_PINN,cpu,1,2,latency_wall_batch1_ms,1,298,0.6178,ms
CO,TT_PINN,cpu,1,2,latency_wall_batch1_ms,1,299,0.5976,ms
CO,TT_PINN,cpu,1,2,latency_wall_batch1_ms,1,300,0.6003,ms
CO,TT_PINN,cpu,1,2,latency_wall_batch1_ms,1,301,0.6102,ms
CO,TT_PINN,cpu,1,2,latency_wall_batch1_ms,1,302,0.6032,ms
CO,TT_PINN,cpu,1,2,latency_wall_batch1_ms,1,303,0.6969,ms
CO,TT_PINN,cpu,1,2,latency_wall_batch1_ms,1,304,0.6012,ms
CO,TT_PINN,cpu,1,2,latency_wall_batch1_ms,1,305,0.6197,ms
CO,TT_PINN,cpu,1,2,latency_wall_batch1_ms,1,306,0.6199,ms
CO,TT_PINN,cpu,1,2,latency_wall_batch1_ms,1,307,0.8701,ms
CO,TT_PINN,cpu,1,2,latency_wall_batch1_ms,1,308,0.7712,ms
CO,TT_PINN,cpu,1,2,latency_wall_batch1_ms,1,309,0.6155,ms
CO,TT_PINN,cpu,1,2,latency_wall_batch1_ms,1,310,0.6766,ms
CO,TT_PINN,cpu,1,2,latency_wall_batch1_ms,1,311,0.6562,ms
CO,TT_PINN,cpu,1,2,latency_wall_batch1_ms,1,312,0.6157,ms
CO,TT_PINN,cpu,1,2,latency_wall_batch1_ms,1,313,0.629,ms
CO,TT_PINN,cpu,1,2,latency_wall_batch1_ms,1,314,0.6087,ms
CO,TT_PINN,cpu,1,2,latency_wall_batch1_ms,1,315,0.5982,ms
CO,TT_PINN,cpu,1,2,latency_wall_batch1_ms,1,316,0.5958,ms
CO,TT_PINN,cpu,1,2,latency_wall_batch1_ms,1,317,0.6257,ms
CO,TT_PINN,cpu,1,2,latency_wall_batch1_ms,1,318,0.6083,ms
CO,TT_PINN,cpu,1,2,latency_wall_batch1_ms,1,319,0.6275,ms
CO,TT_PINN,cpu,1,2,latency_wall_batch1_ms,1,320,0.6354,ms
CO,TT_PINN,cpu,1,2,latency_wall_batch1_ms,1,321,0.6151,ms
CO,TT_PINN,cpu,1,2,latency_wall_batch1_ms,1,322,0.6323,ms
CO,TT_PINN,cpu,1,2,latency_wall_batch1_ms,1,323,0.6913,ms
CO,TT_PINN,cpu,1,2,latency_wall_batch1_ms,1,324,0.6627,ms
CO,TT_PINN,cpu,1,2,latency_wall_batch1_ms,1,325,0.6566,ms
CO,TT_PINN,cpu,1,2,latency_wall_batch1_ms,1,326,0.648,ms
CO,TT_PINN,cpu,1,2,latency_wall_batch1_ms,1,327,0.6078,ms
CO,TT_PINN,cpu,1,2,latency_wall_batch1_ms,1,328,0.6033,ms
CO,TT_PINN,cpu,1,2,latency_wall_batch1_ms,1,329,0.6284,ms
CO,TT_PINN,cpu,1,2,latency_wall_batch1_ms,1,330,0.6028,ms
CO,TT_PINN,cpu,1,2,latency_wall_batch1_ms,1,331,0.6112,ms
CO,TT_PINN,cpu,1,2,latency_wall_batch1_ms,1,332,0.6307,ms
CO,TT_PINN,cpu,1,2,latency_wall_batch1_ms,1,333,0.6051,ms
CO,TT_PINN,cpu,1,2,latency_wall_batch1_ms,1,334,0.6028,ms
CO,TT_PINN,cpu,1,2,latency_wall_batch1_ms,1,335,0.6334,ms
CO,TT_PINN,cpu,1,2,latency_wall_batch1_ms,1,336,0.6069,ms
CO,TT_PINN,cpu,1,2,latency_wall_batch1_ms,1,337,0.5987,ms
CO,TT_PINN,cpu,1,2,latency_wall_batch1_ms,1,338,0.6265,ms
CO,TT_PINN,cpu,1,2,latency_wall_batch1_ms,1,339,0.8547,ms
CO,TT_PINN,cpu,1,2,latency_wall_batch1_ms,1,340,0.6152,ms
CO,TT_PINN,cpu,1,2,latency_wall_batch1_ms,1,341,0.6335,ms
CO,TT_PINN,cpu,1,2,latency_wall_batch1_ms,1,342,0.6778,ms
CO,TT_PINN,cpu,1,2,latency_wall_batch1_ms,1,343,0.6465,ms
CO,TT_PINN,cpu,1,2,latency_wall_batch1_ms,1,344,0.6342,ms
CO,TT_PINN,cpu,1,2,latency_wall_batch1_ms,1,345,0.6183,ms
CO,TT_PINN,cpu,1,2,latency_wall_batch1_ms,1,346,0.644,ms
CO,TT_PINN,cpu,1,2,latency_wall_batch1_ms,1,347,0.6332,ms
CO,TT_PINN,cpu,1,2,latency_wall_batch1_ms,1,348,0.6151,ms
CO,TT_PINN,cpu,1,2,latency_wall_batch1_ms,1,349,0.6041,ms
CO,TT_PINN,cpu,1,2,latency_wall_batch1_ms,1,350,0.6224,ms
CO,TT_PINN,cpu,1,2,latency_wall_batch1_ms,1,351,0.6071,ms
CO,TT_PINN,cpu,1,2,latency_wall_batch1_ms,1,352,0.6062,ms
CO,TT_PINN,cpu,1,2,latency_wall_batch1_ms,1,353,0.901,ms
CO,TT_PINN,cpu,1,2,latency_wall_batch1_ms,1,354,0.6161,ms
CO,TT_PINN,cpu,1,2,latency_wall_batch1_ms,1,355,0.63,ms
CO,TT_PINN,cpu,1,2,latency_wall_batch1_ms,1,356,0.6781,ms
CO,TT_PINN,cpu,1,2,latency_wall_batch1_ms,1,357,0.7184,ms
CO,TT_PINN,cpu,1,2,latency_wall_batch1_ms,1,358,0.7803,ms
CO,TT_PINN,cpu,1,2,latency_wall_batch1_ms,1,359,0.5235,ms
CO,TT_PINN,cpu,1,2,latency_wall_batch1_ms,1,360,0.4794,ms
CO,TT_PINN,cpu,1,2,latency_wall_batch1_ms,1,361,0.4891,ms
CO,TT_PINN,cpu,1,2,latency_wall_batch1_ms,1,362,0.4873,ms
CO,TT_PINN,cpu,1,2,latency_wall_batch1_ms,1,363,0.4703,ms
CO,TT_PINN,cpu,1,2,latency_wall_batch1_ms,1,364,0.4652,ms
CO,TT_PINN,cpu,1,2,latency_wall_batch1_ms,1,365,0.4661,ms
CO,TT_PINN,cpu,1,2,latency_wall_batch1_ms,1,366,0.495,ms
CO,TT_PINN,cpu,1,2,latency_wall_batch1_ms,1,367,0.4698,ms
CO,TT_PINN,cpu,1,2,latency_wall_batch1_ms,1,368,0.4696,ms
CO,TT_PINN,cpu,1,2,latency_wall_batch1_ms,1,369,0.4639,ms
CO,TT_PINN,cpu,1,2,latency_wall_batch1_ms,1,370,0.4979,ms
CO,TT_PINN,cpu,1,2,latency_wall_batch1_ms,1,371,0.6562,ms
CO,TT_PINN,cpu,1,2,latency_wall_batch1_ms,1,372,0.5273,ms
CO,TT_PINN,cpu,1,2,latency_wall_batch1_ms,1,373,0.5287,ms
CO,TT_PINN,cpu,1,2,latency_wall_batch1_ms,1,374,0.8936,ms
CO,TT_PINN,cpu,1,2,latency_wall_batch1_ms,1,375,0.5467,ms
CO,TT_PINN,cpu,1,2,latency_wall_batch1_ms,1,376,0.5117,ms
CO,TT_PINN,cpu,1,2,latency_wall_batch1_ms,1,377,0.4853,ms
CO,TT_PINN,cpu,1,2,latency_wall_batch1_ms,1,378,0.4741,ms
CO,TT_PINN,cpu,1,2,latency_wall_batch1_ms,1,379,0.4709,ms
CO,TT_PINN,cpu,1,2,latency_wall_batch1_ms,1,380,0.4764,ms
CO,TT_PINN,cpu,1,2,latency_wall_batch1_ms,1,381,0.4894,ms
CO,TT_PINN,cpu,1,2,latency_wall_batch1_ms,1,382,0.4703,ms
CO,TT_PINN,cpu,1,2,latency_wall_batch1_ms,1,383,0.4688,ms
CO,TT_PINN,cpu,1,2,latency_wall_batch1_ms,1,384,0.4662,ms
CO,TT_PINN,cpu,1,2,latency_wall_batch1_ms,1,385,0.5141,ms
CO,TT_PINN,cpu,1,2,latency_wall_batch1_ms,1,386,0.5884,ms
CO,TT_PINN,cpu,1,2,latency_wall_batch1_ms,1,387,0.5383,ms
CO,TT_PINN,cpu,1,2,latency_wall_batch1_ms,1,388,0.495,ms
CO,TT_PINN,cpu,1,2,latency_wall_batch1_ms,1,389,0.4812,ms
CO,TT_PINN,cpu,1,2,latency_wall_batch1_ms,1,390,0.482,ms
CO,TT_PINN,cpu,1,2,latency_wall_batch1_ms,1,391,0.7097,ms
CO,TT_PINN,cpu,1,2,latency_wall_batch1_ms,1,392,0.8251,ms
CO,TT_PINN,cpu,1,2,latency_wall_batch1_ms,1,393,0.5071,ms
CO,TT_PINN,cpu,1,2,latency_wall_batch1_ms,1,394,0.4749,ms
CO,TT_PINN,cpu,1,2,latency_wall_batch1_ms,1,395,0.4647,ms
CO,TT_PINN,cpu,1,2,latency_wall_batch1_ms,1,396,0.468,ms
CO,TT_PINN,cpu,1,2,latency_wall_batch1_ms,1,397,0.4882,ms
CO,TT_PINN,cpu,1,2,latency_wall_batch1_ms,1,398,0.4772,ms
CO,TT_PINN,cpu,1,2,latency_wall_batch1_ms,1,399,0.4688,ms
CO,TT_PINN,cpu,1,2,throughput_rows_s,1,0,1524.6226558926664,rows/s
CO,TT_PINN,cpu,1,2,throughput_rows_s,1,1,1901.1406844106464,rows/s
CO,TT_PINN,cpu,1,2,throughput_rows_s,1,2,1988.4668920262477,rows/s
CO,TT_PINN,cpu,1,2,throughput_rows_s,1,3,1995.2114924181967,rows/s
CO,TT_PINN,cpu,1,2,throughput_rows_s,1,4,2080.7324178110694,rows/s
CO,TT_PINN,cpu,1,2,throughput_rows_s,1,5,2122.2410865874363,rows/s
CO,TT_PINN,cpu,1,2,throughput_rows_s,1,6,2031.694433157253,rows/s
CO,TT_PINN,cpu,1,2,throughput_rows_s,1,7,2124.946876328092,rows/s
CO,TT_PINN,cpu,1,2,throughput_rows_s,1,8,2132.6508850501173,rows/s
CO,TT_PINN,cpu,1,2,throughput_rows_s,1,9,2114.611968703743,rows/s
CO,TT_PINN,cpu,1,2,throughput_rows_s,1,10,2011.263073209976,rows/s
CO,TT_PINN,cpu,1,2,throughput_rows_s,1,11,2055.076037813399,rows/s
CO,TT_PINN,cpu,1,2,throughput_rows_s,16,0,27123.241227326667,rows/s
CO,TT_PINN,cpu,1,2,throughput_rows_s,16,1,28975.00905469033,rows/s
CO,TT_PINN,cpu,1,2,throughput_rows_s,16,2,29149.20750592093,rows/s
CO,TT_PINN,cpu,1,2,throughput_rows_s,16,3,24864.024864024865,rows/s
CO,TT_PINN,cpu,1,2,throughput_rows_s,16,4,28725.31418312387,rows/s
CO,TT_PINN,cpu,1,2,throughput_rows_s,16,5,28860.02886002886,rows/s
CO,TT_PINN,cpu,1,2,throughput_rows_s,16,6,28484.956382410543,rows/s
CO,TT_PINN,cpu,1,2,throughput_rows_s,16,7,28298.549699327912,rows/s
CO,TT_PINN,cpu,1,2,throughput_rows_s,16,8,29022.31090150553,rows/s
CO,TT_PINN,cpu,1,2,throughput_rows_s,16,9,29127.98106681231,rows/s
CO,TT_PINN,cpu,1,2,throughput_rows_s,16,10,27467.811158798282,rows/s
CO,TT_PINN,cpu,1,2,throughput_rows_s,16,11,29373.967321461358,rows/s
CO,TT_PINN,cpu,1,2,throughput_rows_s,64,0,97889.26277148974,rows/s
CO,TT_PINN,cpu,1,2,throughput_rows_s,64,1,93910.49156272926,rows/s
CO,TT_PINN,cpu,1,2,throughput_rows_s,64,2,96822.99546142209,rows/s
CO,TT_PINN,cpu,1,2,throughput_rows_s,64,3,95181.43961927424,rows/s
CO,TT_PINN,cpu,1,2,throughput_rows_s,64,4,71764.9697241534,rows/s
CO,TT_PINN,cpu,1,2,throughput_rows_s,64,5,75046.904315197,rows/s
CO,TT_PINN,cpu,1,2,throughput_rows_s,64,6,94814.8148148148,rows/s
CO,TT_PINN,cpu,1,2,throughput_rows_s,64,7,87731.32282385195,rows/s
CO,TT_PINN,cpu,1,2,throughput_rows_s,64,8,96969.69696969698,rows/s
CO,TT_PINN,cpu,1,2,throughput_rows_s,64,9,97754.6968076982,rows/s
CO,TT_PINN,cpu,1,2,throughput_rows_s,64,10,95195.59720362932,rows/s
CO,TT_PINN,cpu,1,2,throughput_rows_s,64,11,98507.00323226104,rows/s
CO,TT_PINN,cpu,1,2,throughput_rows_s,256,0,282498.3447362613,rows/s
CO,TT_PINN,cpu,1,2,throughput_rows_s,256,1,309365.5589123867,rows/s
CO,TT_PINN,cpu,1,2,throughput_rows_s,256,2,283530.8450548233,rows/s
CO,TT_PINN,cpu,1,2,throughput_rows_s,256,3,294896.9012786545,rows/s
CO,TT_PINN,cpu,1,2,throughput_rows_s,256,4,309440.34812039166,rows/s
CO,TT_PINN,cpu,1,2,throughput_rows_s,256,5,206918.84901390233,rows/s
CO,TT_PINN,cpu,1,2,throughput_rows_s,256,6,283405.2917081811,rows/s
CO,TT_PINN,cpu,1,2,throughput_rows_s,256,7,274796.049806784,rows/s
CO,TT_PINN,cpu,1,2,throughput_rows_s,256,8,269360.26936026936,rows/s
CO,TT_PINN,cpu,1,2,throughput_rows_s,256,9,280118.1748550169,rows/s
CO,TT_PINN,cpu,1,2,throughput_rows_s,256,10,276637.1298897774,rows/s
CO,TT_PINN,cpu,1,2,throughput_rows_s,256,11,317696.6989327377,rows/s
CO,TT_PINN,cpu,1,2,throughput_rows_s,1024,0,911032.0284697507,rows/s
CO,TT_PINN,cpu,1,2,throughput_rows_s,1024,1,735262.4398650104,rows/s
CO,TT_PINN,cpu,1,2,throughput_rows_s,1024,2,795401.5845890942,rows/s
CO,TT_PINN,cpu,1,2,throughput_rows_s,1024,3,839344.262295082,rows/s
CO,TT_PINN,cpu,1,2,throughput_rows_s,1024,4,929388.2737338901,rows/s
CO,TT_PINN,cpu,1,2,throughput_rows_s,1024,5,862679.0227464194,rows/s
CO,TT_PINN,cpu,1,2,throughput_rows_s,1024,6,824808.6991542489,rows/s
CO,TT_PINN,cpu,1,2,throughput_rows_s,1024,7,877012.6755738267,rows/s
CO,TT_PINN,cpu,1,2,throughput_rows_s,1024,8,916823.350344704,rows/s
CO,TT_PINN,cpu,1,2,throughput_rows_s,1024,9,760885.7185317283,rows/s
CO,TT_PINN,cpu,1,2,throughput_rows_s,1024,10,918220.9469153516,rows/s
CO,TT_PINN,cpu,1,2,throughput_rows_s,1024,11,933795.3674995439,rows/s
CO,TT_PINN,cpu,1,2,throughput_rows_s,4096,0,1935544.844532653,rows/s
CO,TT_PINN,cpu,1,2,throughput_rows_s,4096,1,1952428.6190952857,rows/s
CO,TT_PINN,cpu,1,2,throughput_rows_s,4096,2,1068977.2163791528,rows/s
CO,TT_PINN,cpu,1,2,throughput_rows_s,4096,3,1219192.7610429814,rows/s
CO,TT_PINN,cpu,1,2,throughput_rows_s,4096,4,1201243.4746905977,rows/s
CO,TT_PINN,cpu,1,2,throughput_rows_s,4096,5,1133934.9980621228,rows/s
CO,TT_PINN,cpu,1,2,throughput_rows_s,4096,6,1221665.4736339776,rows/s
CO,TT_PINN,cpu,1,2,throughput_rows_s,4096,7,1190109.5388906645,rows/s
CO,TT_PINN,cpu,1,2,throughput_rows_s,4096,8,1022542.8764011284,rows/s
CO,TT_PINN,cpu,1,2,throughput_rows_s,4096,9,1254825.0719931377,rows/s
CO,TT_PINN,cpu,1,2,throughput_rows_s,4096,10,1263963.4635561316,rows/s
CO,TT_PINN,cpu,1,2,throughput_rows_s,4096,11,1100868.1162146907,rows/s
CO,TT_PINN,cpu,2,1,latency_wall_batch1_ms,1,0,0.5781,ms
CO,TT_PINN,cpu,2,1,latency_wall_batch1_ms,1,1,0.5192,ms
CO,TT_PINN,cpu,2,1,latency_wall_batch1_ms,1,2,0.4946,ms
CO,TT_PINN,cpu,2,1,latency_wall_batch1_ms,1,3,0.4927,ms
CO,TT_PINN,cpu,2,1,latency_wall_batch1_ms,1,4,0.5277,ms
CO,TT_PINN,cpu,2,1,latency_wall_batch1_ms,1,5,0.544,ms
CO,TT_PINN,cpu,2,1,latency_wall_batch1_ms,1,6,0.5479,ms
CO,TT_PINN,cpu,2,1,latency_wall_batch1_ms,1,7,0.4896,ms
CO,TT_PINN,cpu,2,1,latency_wall_batch1_ms,1,8,0.5208,ms
CO,TT_PINN,cpu,2,1,latency_wall_batch1_ms,1,9,0.4995,ms
CO,TT_PINN,cpu,2,1,latency_wall_batch1_ms,1,10,0.4881,ms
CO,TT_PINN,cpu,2,1,latency_wall_batch1_ms,1,11,0.4913,ms
CO,TT_PINN,cpu,2,1,latency_wall_batch1_ms,1,12,0.5352,ms
CO,TT_PINN,cpu,2,1,latency_wall_batch1_ms,1,13,0.4983,ms
CO,TT_PINN,cpu,2,1,latency_wall_batch1_ms,1,14,0.4892,ms
CO,TT_PINN,cpu,2,1,latency_wall_batch1_ms,1,15,0.5185,ms
CO,TT_PINN,cpu,2,1,latency_wall_batch1_ms,1,16,0.5749,ms
CO,TT_PINN,cpu,2,1,latency_wall_batch1_ms,1,17,0.4966,ms
CO,TT_PINN,cpu,2,1,latency_wall_batch1_ms,1,18,0.4994,ms
CO,TT_PINN,cpu,2,1,latency_wall_batch1_ms,1,19,0.7307,ms
CO,TT_PINN,cpu,2,1,latency_wall_batch1_ms,1,20,0.5275,ms
CO,TT_PINN,cpu,2,1,latency_wall_batch1_ms,1,21,0.8557,ms
CO,TT_PINN,cpu,2,1,latency_wall_batch1_ms,1,22,1.0383,ms
CO,TT_PINN,cpu,2,1,latency_wall_batch1_ms,1,23,1.3538,ms
CO,TT_PINN,cpu,2,1,latency_wall_batch1_ms,1,24,0.5503,ms
CO,TT_PINN,cpu,2,1,latency_wall_batch1_ms,1,25,0.4915,ms
CO,TT_PINN,cpu,2,1,latency_wall_batch1_ms,1,26,0.4813,ms
CO,TT_PINN,cpu,2,1,latency_wall_batch1_ms,1,27,0.511,ms
CO,TT_PINN,cpu,2,1,latency_wall_batch1_ms,1,28,0.4856,ms
CO,TT_PINN,cpu,2,1,latency_wall_batch1_ms,1,29,0.4815,ms
CO,TT_PINN,cpu,2,1,latency_wall_batch1_ms,1,30,0.4845,ms
CO,TT_PINN,cpu,2,1,latency_wall_batch1_ms,1,31,0.5083,ms
CO,TT_PINN,cpu,2,1,latency_wall_batch1_ms,1,32,0.4861,ms
CO,TT_PINN,cpu,2,1,latency_wall_batch1_ms,1,33,0.4836,ms
CO,TT_PINN,cpu,2,1,latency_wall_batch1_ms,1,34,0.4863,ms
CO,TT_PINN,cpu,2,1,latency_wall_batch1_ms,1,35,0.6248,ms
CO,TT_PINN,cpu,2,1,latency_wall_batch1_ms,1,36,0.4907,ms
CO,TT_PINN,cpu,2,1,latency_wall_batch1_ms,1,37,0.4854,ms
CO,TT_PINN,cpu,2,1,latency_wall_batch1_ms,1,38,0.4864,ms
CO,TT_PINN,cpu,2,1,latency_wall_batch1_ms,1,39,0.5079,ms
CO,TT_PINN,cpu,2,1,latency_wall_batch1_ms,1,40,0.4842,ms
CO,TT_PINN,cpu,2,1,latency_wall_batch1_ms,1,41,0.4898,ms
CO,TT_PINN,cpu,2,1,latency_wall_batch1_ms,1,42,0.5192,ms
CO,TT_PINN,cpu,2,1,latency_wall_batch1_ms,1,43,0.5063,ms
CO,TT_PINN,cpu,2,1,latency_wall_batch1_ms,1,44,0.4987,ms
CO,TT_PINN,cpu,2,1,latency_wall_batch1_ms,1,45,0.4966,ms
CO,TT_PINN,cpu,2,1,latency_wall_batch1_ms,1,46,0.5102,ms
CO,TT_PINN,cpu,2,1,latency_wall_batch1_ms,1,47,0.5024,ms
CO,TT_PINN,cpu,2,1,latency_wall_batch1_ms,1,48,0.4974,ms
CO,TT_PINN,cpu,2,1,latency_wall_batch1_ms,1,49,0.4969,ms
CO,TT_PINN,cpu,2,1,latency_wall_batch1_ms,1,50,0.5256,ms
CO,TT_PINN,cpu,2,1,latency_wall_batch1_ms,1,51,0.5691,ms
CO,TT_PINN,cpu,2,1,latency_wall_batch1_ms,1,52,0.5193,ms
CO,TT_PINN,cpu,2,1,latency_wall_batch1_ms,1,53,1.3583,ms
CO,TT_PINN,cpu,2,1,latency_wall_batch1_ms,1,54,1.0262,ms
CO,TT_PINN,cpu,2,1,latency_wall_batch1_ms,1,55,0.5143,ms
CO,TT_PINN,cpu,2,1,latency_wall_batch1_ms,1,56,0.4892,ms
CO,TT_PINN,cpu,2,1,latency_wall_batch1_ms,1,57,0.521,ms
CO,TT_PINN,cpu,2,1,latency_wall_batch1_ms,1,58,0.5323,ms
CO,TT_PINN,cpu,2,1,latency_wall_batch1_ms,1,59,0.4909,ms
CO,TT_PINN,cpu,2,1,latency_wall_batch1_ms,1,60,0.4944,ms
CO,TT_PINN,cpu,2,1,latency_wall_batch1_ms,1,61,0.5111,ms
CO,TT_PINN,cpu,2,1,latency_wall_batch1_ms,1,62,0.4946,ms
CO,TT_PINN,cpu,2,1,latency_wall_batch1_ms,1,63,0.4877,ms
CO,TT_PINN,cpu,2,1,latency_wall_batch1_ms,1,64,0.4882,ms
CO,TT_PINN,cpu,2,1,latency_wall_batch1_ms,1,65,0.5169,ms
CO,TT_PINN,cpu,2,1,latency_wall_batch1_ms,1,66,0.4923,ms
CO,TT_PINN,cpu,2,1,latency_wall_batch1_ms,1,67,0.4919,ms
CO,TT_PINN,cpu,2,1,latency_wall_batch1_ms,1,68,0.5049,ms
CO,TT_PINN,cpu,2,1,latency_wall_batch1_ms,1,69,0.5185,ms
CO,TT_PINN,cpu,2,1,latency_wall_batch1_ms,1,70,0.5059,ms
CO,TT_PINN,cpu,2,1,latency_wall_batch1_ms,1,71,0.503,ms
CO,TT_PINN,cpu,2,1,latency_wall_batch1_ms,1,72,0.5063,ms
CO,TT_PINN,cpu,2,1,latency_wall_batch1_ms,1,73,0.5211,ms
CO,TT_PINN,cpu,2,1,latency_wall_batch1_ms,1,74,0.5081,ms
CO,TT_PINN,cpu,2,1,latency_wall_batch1_ms,1,75,0.4973,ms
CO,TT_PINN,cpu,2,1,latency_wall_batch1_ms,1,76,0.5162,ms
CO,TT_PINN,cpu,2,1,latency_wall_batch1_ms,1,77,0.4982,ms
CO,TT_PINN,cpu,2,1,latency_wall_batch1_ms,1,78,0.4983,ms
CO,TT_PINN,cpu,2,1,latency_wall_batch1_ms,1,79,0.5052,ms
CO,TT_PINN,cpu,2,1,latency_wall_batch1_ms,1,80,0.515,ms
CO,TT_PINN,cpu,2,1,latency_wall_batch1_ms,1,81,0.588,ms
CO,TT_PINN,cpu,2,1,latency_wall_batch1_ms,1,82,0.5116,ms
CO,TT_PINN,cpu,2,1,latency_wall_batch1_ms,1,83,0.502,ms
CO,TT_PINN,cpu,2,1,latency_wall_batch1_ms,1,84,0.5243,ms
CO,TT_PINN,cpu,2,1,latency_wall_batch1_ms,1,85,0.496,ms
CO,TT_PINN,cpu,2,1,latency_wall_batch1_ms,1,86,0.4956,ms
CO,TT_PINN,cpu,2,1,latency_wall_batch1_ms,1,87,0.5024,ms
CO,TT_PINN,cpu,2,1,latency_wall_batch1_ms,1,88,0.5278,ms
CO,TT_PINN,cpu,2,1,latency_wall_batch1_ms,1,89,0.4944,ms
CO,TT_PINN,cpu,2,1,latency_wall_batch1_ms,1,90,0.4966,ms
CO,TT_PINN,cpu,2,1,latency_wall_batch1_ms,1,91,0.493,ms
CO,TT_PINN,cpu,2,1,latency_wall_batch1_ms,1,92,0.5209,ms
CO,TT_PINN,cpu,2,1,latency_wall_batch1_ms,1,93,0.4912,ms
CO,TT_PINN,cpu,2,1,latency_wall_batch1_ms,1,94,0.4874,ms
CO,TT_PINN,cpu,2,1,latency_wall_batch1_ms,1,95,0.4846,ms
CO,TT_PINN,cpu,2,1,latency_wall_batch1_ms,1,96,0.5115,ms
CO,TT_PINN,cpu,2,1,latency_wall_batch1_ms,1,97,0.4921,ms
CO,TT_PINN,cpu,2,1,latency_wall_batch1_ms,1,98,0.4846,ms
CO,TT_PINN,cpu,2,1,latency_wall_batch1_ms,1,99,0.4906,ms
CO,TT_PINN,cpu,2,1,latency_wall_batch1_ms,1,100,0.5138,ms
CO,TT_PINN,cpu,2,1,latency_wall_batch1_ms,1,101,0.4865,ms
CO,TT_PINN,cpu,2,1,latency_wall_batch1_ms,1,102,0.4861,ms
CO,TT_PINN,cpu,2,1,latency_wall_batch1_ms,1,103,0.5054,ms
CO,TT_PINN,cpu,2,1,latency_wall_batch1_ms,1,104,0.4867,ms
CO,TT_PINN,cpu,2,1,latency_wall_batch1_ms,1,105,0.4845,ms
CO,TT_PINN,cpu,2,1,latency_wall_batch1_ms,1,106,0.4869,ms
CO,TT_PINN,cpu,2,1,latency_wall_batch1_ms,1,107,0.5178,ms
CO,TT_PINN,cpu,2,1,latency_wall_batch1_ms,1,108,0.4858,ms
CO,TT_PINN,cpu,2,1,latency_wall_batch1_ms,1,109,0.4815,ms
CO,TT_PINN,cpu,2,1,latency_wall_batch1_ms,1,110,0.5074,ms
CO,TT_PINN,cpu,2,1,latency_wall_batch1_ms,1,111,0.4866,ms
CO,TT_PINN,cpu,2,1,latency_wall_batch1_ms,1,112,0.5471,ms
CO,TT_PINN,cpu,2,1,latency_wall_batch1_ms,1,113,0.5034,ms
CO,TT_PINN,cpu,2,1,latency_wall_batch1_ms,1,114,0.5198,ms
CO,TT_PINN,cpu,2,1,latency_wall_batch1_ms,1,115,0.49,ms
CO,TT_PINN,cpu,2,1,latency_wall_batch1_ms,1,116,0.4831,ms
CO,TT_PINN,cpu,2,1,latency_wall_batch1_ms,1,117,0.4817,ms
CO,TT_PINN,cpu,2,1,latency_wall_batch1_ms,1,118,0.5024,ms
CO,TT_PINN,cpu,2,1,latency_wall_batch1_ms,1,119,0.4867,ms
CO,TT_PINN,cpu,2,1,latency_wall_batch1_ms,1,120,0.4817,ms
CO,TT_PINN,cpu,2,1,latency_wall_batch1_ms,1,121,0.4802,ms
CO,TT_PINN,cpu,2,1,latency_wall_batch1_ms,1,122,0.5042,ms
CO,TT_PINN,cpu,2,1,latency_wall_batch1_ms,1,123,0.4868,ms
CO,TT_PINN,cpu,2,1,latency_wall_batch1_ms,1,124,0.4818,ms
CO,TT_PINN,cpu,2,1,latency_wall_batch1_ms,1,125,0.4796,ms
CO,TT_PINN,cpu,2,1,latency_wall_batch1_ms,1,126,0.5493,ms
CO,TT_PINN,cpu,2,1,latency_wall_batch1_ms,1,127,0.4872,ms
CO,TT_PINN,cpu,2,1,latency_wall_batch1_ms,1,128,0.4982,ms
CO,TT_PINN,cpu,2,1,latency_wall_batch1_ms,1,129,0.4855,ms
CO,TT_PINN,cpu,2,1,latency_wall_batch1_ms,1,130,0.4994,ms
CO,TT_PINN,cpu,2,1,latency_wall_batch1_ms,1,131,0.5246,ms
CO,TT_PINN,cpu,2,1,latency_wall_batch1_ms,1,132,0.663,ms
CO,TT_PINN,cpu,2,1,latency_wall_batch1_ms,1,133,0.4823,ms
CO,TT_PINN,cpu,2,1,latency_wall_batch1_ms,1,134,0.5077,ms
CO,TT_PINN,cpu,2,1,latency_wall_batch1_ms,1,135,0.486,ms
CO,TT_PINN,cpu,2,1,latency_wall_batch1_ms,1,136,0.4827,ms
CO,TT_PINN,cpu,2,1,latency_wall_batch1_ms,1,137,0.4802,ms
CO,TT_PINN,cpu,2,1,latency_wall_batch1_ms,1,138,0.505,ms
CO,TT_PINN,cpu,2,1,latency_wall_batch1_ms,1,139,0.4884,ms
CO,TT_PINN,cpu,2,1,latency_wall_batch1_ms,1,140,0.4806,ms
CO,TT_PINN,cpu,2,1,latency_wall_batch1_ms,1,141,0.4825,ms
CO,TT_PINN,cpu,2,1,latency_wall_batch1_ms,1,142,0.5006,ms
CO,TT_PINN,cpu,2,1,latency_wall_batch1_ms,1,143,0.4855,ms
CO,TT_PINN,cpu,2,1,latency_wall_batch1_ms,1,144,0.4838,ms
CO,TT_PINN,cpu,2,1,latency_wall_batch1_ms,1,145,0.4855,ms
CO,TT_PINN,cpu,2,1,latency_wall_batch1_ms,1,146,0.5094,ms
CO,TT_PINN,cpu,2,1,latency_wall_batch1_ms,1,147,0.4964,ms
CO,TT_PINN,cpu,2,1,latency_wall_batch1_ms,1,148,0.4852,ms
CO,TT_PINN,cpu,2,1,latency_wall_batch1_ms,1,149,0.4802,ms
CO,TT_PINN,cpu,2,1,latency_wall_batch1_ms,1,150,0.5104,ms
CO,TT_PINN,cpu,2,1,latency_wall_batch1_ms,1,151,0.4858,ms
CO,TT_PINN,cpu,2,1,latency_wall_batch1_ms,1,152,0.6539,ms
CO,TT_PINN,cpu,2,1,latency_wall_batch1_ms,1,153,0.506,ms
CO,TT_PINN,cpu,2,1,latency_wall_batch1_ms,1,154,0.4828,ms
CO,TT_PINN,cpu,2,1,latency_wall_batch1_ms,1,155,0.4787,ms
CO,TT_PINN,cpu,2,1,latency_wall_batch1_ms,1,156,0.4812,ms
CO,TT_PINN,cpu,2,1,latency_wall_batch1_ms,1,157,0.5014,ms
CO,TT_PINN,cpu,2,1,latency_wall_batch1_ms,1,158,0.4882,ms
CO,TT_PINN,cpu,2,1,latency_wall_batch1_ms,1,159,0.4872,ms
CO,TT_PINN,cpu,2,1,latency_wall_batch1_ms,1,160,0.4827,ms
CO,TT_PINN,cpu,2,1,latency_wall_batch1_ms,1,161,0.5032,ms
CO,TT_PINN,cpu,2,1,latency_wall_batch1_ms,1,162,0.4867,ms
CO,TT_PINN,cpu,2,1,latency_wall_batch1_ms,1,163,0.4833,ms
CO,TT_PINN,cpu,2,1,latency_wall_batch1_ms,1,164,0.4817,ms
CO,TT_PINN,cpu,2,1,latency_wall_batch1_ms,1,165,0.5022,ms
CO,TT_PINN,cpu,2,1,latency_wall_batch1_ms,1,166,0.4875,ms
CO,TT_PINN,cpu,2,1,latency_wall_batch1_ms,1,167,0.5228,ms
CO,TT_PINN,cpu,2,1,latency_wall_batch1_ms,1,168,0.4792,ms
CO,TT_PINN,cpu,2,1,latency_wall_batch1_ms,1,169,0.5062,ms
CO,TT_PINN,cpu,2,1,latency_wall_batch1_ms,1,170,0.4867,ms
CO,TT_PINN,cpu,2,1,latency_wall_batch1_ms,1,171,0.483,ms
CO,TT_PINN,cpu,2,1,latency_wall_batch1_ms,1,172,0.7263,ms
CO,TT_PINN,cpu,2,1,latency_wall_batch1_ms,1,173,0.5192,ms
CO,TT_PINN,cpu,2,1,latency_wall_batch1_ms,1,174,0.8112,ms
CO,TT_PINN,cpu,2,1,latency_wall_batch1_ms,1,175,0.5696,ms
CO,TT_PINN,cpu,2,1,latency_wall_batch1_ms,1,176,0.504,ms
CO,TT_PINN,cpu,2,1,latency_wall_batch1_ms,1,177,0.5331,ms
CO,TT_PINN,cpu,2,1,latency_wall_batch1_ms,1,178,0.5089,ms
CO,TT_PINN,cpu,2,1,latency_wall_batch1_ms,1,179,0.4863,ms
CO,TT_PINN,cpu,2,1,latency_wall_batch1_ms,1,180,0.4871,ms
CO,TT_PINN,cpu,2,1,latency_wall_batch1_ms,1,181,0.4948,ms
CO,TT_PINN,cpu,2,1,latency_wall_batch1_ms,1,182,0.5005,ms
CO,TT_PINN,cpu,2,1,latency_wall_batch1_ms,1,183,0.4842,ms
CO,TT_PINN,cpu,2,1,latency_wall_batch1_ms,1,184,0.4825,ms
CO,TT_PINN,cpu,2,1,latency_wall_batch1_ms,1,185,0.5093,ms
CO,TT_PINN,cpu,2,1,latency_wall_batch1_ms,1,186,0.4852,ms
CO,TT_PINN,cpu,2,1,latency_wall_batch1_ms,1,187,0.4884,ms
CO,TT_PINN,cpu,2,1,latency_wall_batch1_ms,1,188,0.4866,ms
CO,TT_PINN,cpu,2,1,latency_wall_batch1_ms,1,189,0.5079,ms
CO,TT_PINN,cpu,2,1,latency_wall_batch1_ms,1,190,0.4872,ms
CO,TT_PINN,cpu,2,1,latency_wall_batch1_ms,1,191,0.4944,ms
CO,TT_PINN,cpu,2,1,latency_wall_batch1_ms,1,192,0.4926,ms
CO,TT_PINN,cpu,2,1,latency_wall_batch1_ms,1,193,0.5083,ms
CO,TT_PINN,cpu,2,1,latency_wall_batch1_ms,1,194,0.4908,ms
CO,TT_PINN,cpu,2,1,latency_wall_batch1_ms,1,195,0.4837,ms
CO,TT_PINN,cpu,2,1,latency_wall_batch1_ms,1,196,0.4821,ms
CO,TT_PINN,cpu,2,1,latency_wall_batch1_ms,1,197,0.5074,ms
CO,TT_PINN,cpu,2,1,latency_wall_batch1_ms,1,198,0.4954,ms
CO,TT_PINN,cpu,2,1,latency_wall_batch1_ms,1,199,0.4861,ms
CO,TT_PINN,cpu,2,1,latency_wall_batch1_ms,1,200,0.483,ms
CO,TT_PINN,cpu,2,1,latency_wall_batch1_ms,1,201,0.5018,ms
CO,TT_PINN,cpu,2,1,latency_wall_batch1_ms,1,202,0.4898,ms
CO,TT_PINN,cpu,2,1,latency_wall_batch1_ms,1,203,0.4861,ms
CO,TT_PINN,cpu,2,1,latency_wall_batch1_ms,1,204,0.6232,ms
CO,TT_PINN,cpu,2,1,latency_wall_batch1_ms,1,205,1.4256,ms
CO,TT_PINN,cpu,2,1,latency_wall_batch1_ms,1,206,0.8281,ms
CO,TT_PINN,cpu,2,1,latency_wall_batch1_ms,1,207,0.5179,ms
CO,TT_PINN,cpu,2,1,latency_wall_batch1_ms,1,208,0.4994,ms
CO,TT_PINN,cpu,2,1,latency_wall_batch1_ms,1,209,0.5224,ms
CO,TT_PINN,cpu,2,1,latency_wall_batch1_ms,1,210,0.4906,ms
CO,TT_PINN,cpu,2,1,latency_wall_batch1_ms,1,211,0.4888,ms
CO,TT_PINN,cpu,2,1,latency_wall_batch1_ms,1,212,0.4851,ms
CO,TT_PINN,cpu,2,1,latency_wall_batch1_ms,1,213,0.5101,ms
CO,TT_PINN,cpu,2,1,latency_wall_batch1_ms,1,214,0.4895,ms
CO,TT_PINN,cpu,2,1,latency_wall_batch1_ms,1,215,0.4859,ms
CO,TT_PINN,cpu,2,1,latency_wall_batch1_ms,1,216,0.4844,ms
CO,TT_PINN,cpu,2,1,latency_wall_batch1_ms,1,217,0.5159,ms
CO,TT_PINN,cpu,2,1,latency_wall_batch1_ms,1,218,0.4919,ms
CO,TT_PINN,cpu,2,1,latency_wall_batch1_ms,1,219,0.4859,ms
CO,TT_PINN,cpu,2,1,latency_wall_batch1_ms,1,220,0.5036,ms
CO,TT_PINN,cpu,2,1,latency_wall_batch1_ms,1,221,0.4949,ms
CO,TT_PINN,cpu,2,1,latency_wall_batch1_ms,1,222,0.487,ms
CO,TT_PINN,cpu,2,1,latency_wall_batch1_ms,1,223,0.4916,ms
CO,TT_PINN,cpu,2,1,latency_wall_batch1_ms,1,224,0.5177,ms
CO,TT_PINN,cpu,2,1,latency_wall_batch1_ms,1,225,0.4898,ms
CO,TT_PINN,cpu,2,1,latency_wall_batch1_ms,1,226,0.4884,ms
CO,TT_PINN,cpu,2,1,latency_wall_batch1_ms,1,227,0.5027,ms
CO,TT_PINN,cpu,2,1,latency_wall_batch1_ms,1,228,0.4949,ms
CO,TT_PINN,cpu,2,1,latency_wall_batch1_ms,1,229,0.4917,ms
CO,TT_PINN,cpu,2,1,latency_wall_batch1_ms,1,230,0.4899,ms
CO,TT_PINN,cpu,2,1,latency_wall_batch1_ms,1,231,0.5288,ms
CO,TT_PINN,cpu,2,1,latency_wall_batch1_ms,1,232,0.4909,ms
CO,TT_PINN,cpu,2,1,latency_wall_batch1_ms,1,233,0.4866,ms
CO,TT_PINN,cpu,2,1,latency_wall_batch1_ms,1,234,0.5493,ms
CO,TT_PINN,cpu,2,1,latency_wall_batch1_ms,1,235,0.5038,ms
CO,TT_PINN,cpu,2,1,latency_wall_batch1_ms,1,236,0.4913,ms
CO,TT_PINN,cpu,2,1,latency_wall_batch1_ms,1,237,0.4853,ms
CO,TT_PINN,cpu,2,1,latency_wall_batch1_ms,1,238,0.5095,ms
CO,TT_PINN,cpu,2,1,latency_wall_batch1_ms,1,239,0.4955,ms
CO,TT_PINN,cpu,2,1,latency_wall_batch1_ms,1,240,0.486,ms
CO,TT_PINN,cpu,2,1,latency_wall_batch1_ms,1,241,0.4861,ms
CO,TT_PINN,cpu,2,1,latency_wall_batch1_ms,1,242,0.5134,ms
CO,TT_PINN,cpu,2,1,latency_wall_batch1_ms,1,243,0.4883,ms
CO,TT_PINN,cpu,2,1,latency_wall_batch1_ms,1,244,0.4886,ms
CO,TT_PINN,cpu,2,1,latency_wall_batch1_ms,1,245,0.5079,ms
CO,TT_PINN,cpu,2,1,latency_wall_batch1_ms,1,246,0.5142,ms
CO,TT_PINN,cpu,2,1,latency_wall_batch1_ms,1,247,0.4923,ms
CO,TT_PINN,cpu,2,1,latency_wall_batch1_ms,1,248,0.57,ms
CO,TT_PINN,cpu,2,1,latency_wall_batch1_ms,1,249,0.5218,ms
CO,TT_PINN,cpu,2,1,latency_wall_batch1_ms,1,250,0.5123,ms
CO,TT_PINN,cpu,2,1,latency_wall_batch1_ms,1,251,0.4954,ms
CO,TT_PINN,cpu,2,1,latency_wall_batch1_ms,1,252,0.489,ms
CO,TT_PINN,cpu,2,1,latency_wall_batch1_ms,1,253,0.5053,ms
CO,TT_PINN,cpu,2,1,latency_wall_batch1_ms,1,254,0.4919,ms
CO,TT_PINN,cpu,2,1,latency_wall_batch1_ms,1,255,0.4859,ms
CO,TT_PINN,cpu,2,1,latency_wall_batch1_ms,1,256,0.4881,ms
CO,TT_PINN,cpu,2,1,latency_wall_batch1_ms,1,257,0.5114,ms
CO,TT_PINN,cpu,2,1,latency_wall_batch1_ms,1,258,0.4918,ms
CO,TT_PINN,cpu,2,1,latency_wall_batch1_ms,1,259,0.4833,ms
CO,TT_PINN,cpu,2,1,latency_wall_batch1_ms,1,260,0.4862,ms
CO,TT_PINN,cpu,2,1,latency_wall_batch1_ms,1,261,0.5037,ms
CO,TT_PINN,cpu,2,1,latency_wall_batch1_ms,1,262,0.4925,ms
CO,TT_PINN,cpu,2,1,latency_wall_batch1_ms,1,263,0.4875,ms
CO,TT_PINN,cpu,2,1,latency_wall_batch1_ms,1,264,0.5151,ms
CO,TT_PINN,cpu,2,1,latency_wall_batch1_ms,1,265,0.5794,ms
CO,TT_PINN,cpu,2,1,latency_wall_batch1_ms,1,266,0.7575,ms
CO,TT_PINN,cpu,2,1,latency_wall_batch1_ms,1,267,0.6319,ms
CO,TT_PINN,cpu,2,1,latency_wall_batch1_ms,1,268,0.6556,ms
CO,TT_PINN,cpu,2,1,latency_wall_batch1_ms,1,269,0.6289,ms
CO,TT_PINN,cpu,2,1,latency_wall_batch1_ms,1,270,0.6195,ms
CO,TT_PINN,cpu,2,1,latency_wall_batch1_ms,1,271,0.6416,ms
CO,TT_PINN,cpu,2,1,latency_wall_batch1_ms,1,272,0.619,ms
CO,TT_PINN,cpu,2,1,latency_wall_batch1_ms,1,273,0.6161,ms
CO,TT_PINN,cpu,2,1,latency_wall_batch1_ms,1,274,0.6335,ms
CO,TT_PINN,cpu,2,1,latency_wall_batch1_ms,1,275,0.6244,ms
CO,TT_PINN,cpu,2,1,latency_wall_batch1_ms,1,276,0.6186,ms
CO,TT_PINN,cpu,2,1,latency_wall_batch1_ms,1,277,0.6152,ms
CO,TT_PINN,cpu,2,1,latency_wall_batch1_ms,1,278,0.6518,ms
CO,TT_PINN,cpu,2,1,latency_wall_batch1_ms,1,279,0.6249,ms
CO,TT_PINN,cpu,2,1,latency_wall_batch1_ms,1,280,0.6246,ms
CO,TT_PINN,cpu,2,1,latency_wall_batch1_ms,1,281,0.6466,ms
CO,TT_PINN,cpu,2,1,latency_wall_batch1_ms,1,282,0.6246,ms
CO,TT_PINN,cpu,2,1,latency_wall_batch1_ms,1,283,0.6256,ms
CO,TT_PINN,cpu,2,1,latency_wall_batch1_ms,1,284,0.6448,ms
CO,TT_PINN,cpu,2,1,latency_wall_batch1_ms,1,285,0.621,ms
CO,TT_PINN,cpu,2,1,latency_wall_batch1_ms,1,286,0.6149,ms
CO,TT_PINN,cpu,2,1,latency_wall_batch1_ms,1,287,0.6912,ms
CO,TT_PINN,cpu,2,1,latency_wall_batch1_ms,1,288,0.6335,ms
CO,TT_PINN,cpu,2,1,latency_wall_batch1_ms,1,289,0.6191,ms
CO,TT_PINN,cpu,2,1,latency_wall_batch1_ms,1,290,0.6774,ms
CO,TT_PINN,cpu,2,1,latency_wall_batch1_ms,1,291,0.6679,ms
CO,TT_PINN,cpu,2,1,latency_wall_batch1_ms,1,292,0.628,ms
CO,TT_PINN,cpu,2,1,latency_wall_batch1_ms,1,293,0.6494,ms
CO,TT_PINN,cpu,2,1,latency_wall_batch1_ms,1,294,0.6244,ms
CO,TT_PINN,cpu,2,1,latency_wall_batch1_ms,1,295,0.6548,ms
CO,TT_PINN,cpu,2,1,latency_wall_batch1_ms,1,296,0.648,ms
CO,TT_PINN,cpu,2,1,latency_wall_batch1_ms,1,297,0.6428,ms
CO,TT_PINN,cpu,2,1,latency_wall_batch1_ms,1,298,0.6688,ms
CO,TT_PINN,cpu,2,1,latency_wall_batch1_ms,1,299,0.5952,ms
CO,TT_PINN,cpu,2,1,latency_wall_batch1_ms,1,300,0.5152,ms
CO,TT_PINN,cpu,2,1,latency_wall_batch1_ms,1,301,0.4986,ms
CO,TT_PINN,cpu,2,1,latency_wall_batch1_ms,1,302,0.5153,ms
CO,TT_PINN,cpu,2,1,latency_wall_batch1_ms,1,303,0.5433,ms
CO,TT_PINN,cpu,2,1,latency_wall_batch1_ms,1,304,0.4938,ms
CO,TT_PINN,cpu,2,1,latency_wall_batch1_ms,1,305,0.4939,ms
CO,TT_PINN,cpu,2,1,latency_wall_batch1_ms,1,306,0.5053,ms
CO,TT_PINN,cpu,2,1,latency_wall_batch1_ms,1,307,0.5401,ms
CO,TT_PINN,cpu,2,1,latency_wall_batch1_ms,1,308,0.4964,ms
CO,TT_PINN,cpu,2,1,latency_wall_batch1_ms,1,309,0.4934,ms
CO,TT_PINN,cpu,2,1,latency_wall_batch1_ms,1,310,0.511,ms
CO,TT_PINN,cpu,2,1,latency_wall_batch1_ms,1,311,0.5037,ms
CO,TT_PINN,cpu,2,1,latency_wall_batch1_ms,1,312,0.5496,ms
CO,TT_PINN,cpu,2,1,latency_wall_batch1_ms,1,313,0.5312,ms
CO,TT_PINN,cpu,2,1,latency_wall_batch1_ms,1,314,0.494,ms
CO,TT_PINN,cpu,2,1,latency_wall_batch1_ms,1,315,0.544,ms
CO,TT_PINN,cpu,2,1,latency_wall_batch1_ms,1,316,0.5057,ms
CO,TT_PINN,cpu,2,1,latency_wall_batch1_ms,1,317,0.5008,ms
CO,TT_PINN,cpu,2,1,latency_wall_batch1_ms,1,318,0.5407,ms
CO,TT_PINN,cpu,2,1,latency_wall_batch1_ms,1,319,0.6867,ms
CO,TT_PINN,cpu,2,1,latency_wall_batch1_ms,1,320,0.7281,ms
CO,TT_PINN,cpu,2,1,latency_wall_batch1_ms,1,321,0.5334,ms
CO,TT_PINN,cpu,2,1,latency_wall_batch1_ms,1,322,0.4978,ms
CO,TT_PINN,cpu,2,1,latency_wall_batch1_ms,1,323,0.5212,ms
CO,TT_PINN,cpu,2,1,latency_wall_batch1_ms,1,324,0.4894,ms
CO,TT_PINN,cpu,2,1,latency_wall_batch1_ms,1,325,0.4896,ms
CO,TT_PINN,cpu,2,1,latency_wall_batch1_ms,1,326,0.4857,ms
CO,TT_PINN,cpu,2,1,latency_wall_batch1_ms,1,327,0.5121,ms
CO,TT_PINN,cpu,2,1,latency_wall_batch1_ms,1,328,0.4873,ms
CO,TT_PINN,cpu,2,1,latency_wall_batch1_ms,1,329,0.4875,ms
CO,TT_PINN,cpu,2,1,latency_wall_batch1_ms,1,330,0.4857,ms
CO,TT_PINN,cpu,2,1,latency_wall_batch1_ms,1,331,0.5115,ms
CO,TT_PINN,cpu,2,1,latency_wall_batch1_ms,1,332,0.4912,ms
CO,TT_PINN,cpu,2,1,latency_wall_batch1_ms,1,333,0.4853,ms
CO,TT_PINN,cpu,2,1,latency_wall_batch1_ms,1,334,0.4994,ms
CO,TT_PINN,cpu,2,1,latency_wall_batch1_ms,1,335,0.4935,ms
CO,TT_PINN,cpu,2,1,latency_wall_batch1_ms,1,336,0.488,ms
CO,TT_PINN,cpu,2,1,latency_wall_batch1_ms,1,337,0.486,ms
CO,TT_PINN,cpu,2,1,latency_wall_batch1_ms,1,338,0.5099,ms
CO,TT_PINN,cpu,2,1,latency_wall_batch1_ms,1,339,0.4872,ms
CO,TT_PINN,cpu,2,1,latency_wall_batch1_ms,1,340,0.485,ms
CO,TT_PINN,cpu,2,1,latency_wall_batch1_ms,1,341,0.5176,ms
CO,TT_PINN,cpu,2,1,latency_wall_batch1_ms,1,342,0.5135,ms
CO,TT_PINN,cpu,2,1,latency_wall_batch1_ms,1,343,0.487,ms
CO,TT_PINN,cpu,2,1,latency_wall_batch1_ms,1,344,0.4901,ms
CO,TT_PINN,cpu,2,1,latency_wall_batch1_ms,1,345,0.4872,ms
CO,TT_PINN,cpu,2,1,latency_wall_batch1_ms,1,346,0.5105,ms
CO,TT_PINN,cpu,2,1,latency_wall_batch1_ms,1,347,0.4917,ms
CO,TT_PINN,cpu,2,1,latency_wall_batch1_ms,1,348,0.4864,ms
CO,TT_PINN,cpu,2,1,latency_wall_batch1_ms,1,349,0.6859,ms
CO,TT_PINN,cpu,2,1,latency_wall_batch1_ms,1,350,0.5375,ms
CO,TT_PINN,cpu,2,1,latency_wall_batch1_ms,1,351,0.5072,ms
CO,TT_PINN,cpu,2,1,latency_wall_batch1_ms,1,352,0.4919,ms
CO,TT_PINN,cpu,2,1,latency_wall_batch1_ms,1,353,0.489,ms
CO,TT_PINN,cpu,2,1,latency_wall_batch1_ms,1,354,0.5149,ms
CO,TT_PINN,cpu,2,1,latency_wall_batch1_ms,1,355,0.4978,ms
CO,TT_PINN,cpu,2,1,latency_wall_batch1_ms,1,356,0.6798,ms
CO,TT_PINN,cpu,2,1,latency_wall_batch1_ms,1,357,0.4943,ms
CO,TT_PINN,cpu,2,1,latency_wall_batch1_ms,1,358,0.5174,ms
CO,TT_PINN,cpu,2,1,latency_wall_batch1_ms,1,359,0.5263,ms
CO,TT_PINN,cpu,2,1,latency_wall_batch1_ms,1,360,0.489,ms
CO,TT_PINN,cpu,2,1,latency_wall_batch1_ms,1,361,0.4832,ms
CO,TT_PINN,cpu,2,1,latency_wall_batch1_ms,1,362,0.5208,ms
CO,TT_PINN,cpu,2,1,latency_wall_batch1_ms,1,363,0.4929,ms
CO,TT_PINN,cpu,2,1,latency_wall_batch1_ms,1,364,0.4854,ms
CO,TT_PINN,cpu,2,1,latency_wall_batch1_ms,1,365,0.4856,ms
CO,TT_PINN,cpu,2,1,latency_wall_batch1_ms,1,366,0.5051,ms
CO,TT_PINN,cpu,2,1,latency_wall_batch1_ms,1,367,0.4903,ms
CO,TT_PINN,cpu,2,1,latency_wall_batch1_ms,1,368,0.4852,ms
CO,TT_PINN,cpu,2,1,latency_wall_batch1_ms,1,369,0.4816,ms
CO,TT_PINN,cpu,2,1,latency_wall_batch1_ms,1,370,0.5126,ms
CO,TT_PINN,cpu,2,1,latency_wall_batch1_ms,1,371,0.4882,ms
CO,TT_PINN,cpu,2,1,latency_wall_batch1_ms,1,372,0.4869,ms
CO,TT_PINN,cpu,2,1,latency_wall_batch1_ms,1,373,0.4805,ms
CO,TT_PINN,cpu,2,1,latency_wall_batch1_ms,1,374,0.5106,ms
CO,TT_PINN,cpu,2,1,latency_wall_batch1_ms,1,375,0.4874,ms
CO,TT_PINN,cpu,2,1,latency_wall_batch1_ms,1,376,0.6636,ms
CO,TT_PINN,cpu,2,1,latency_wall_batch1_ms,1,377,0.5065,ms
CO,TT_PINN,cpu,2,1,latency_wall_batch1_ms,1,378,0.4933,ms
CO,TT_PINN,cpu,2,1,latency_wall_batch1_ms,1,379,0.7894,ms
CO,TT_PINN,cpu,2,1,latency_wall_batch1_ms,1,380,0.7021,ms
CO,TT_PINN,cpu,2,1,latency_wall_batch1_ms,1,381,0.6419,ms
CO,TT_PINN,cpu,2,1,latency_wall_batch1_ms,1,382,0.6226,ms
CO,TT_PINN,cpu,2,1,latency_wall_batch1_ms,1,383,0.6235,ms
CO,TT_PINN,cpu,2,1,latency_wall_batch1_ms,1,384,0.6128,ms
CO,TT_PINN,cpu,2,1,latency_wall_batch1_ms,1,385,0.639,ms
CO,TT_PINN,cpu,2,1,latency_wall_batch1_ms,1,386,0.617,ms
CO,TT_PINN,cpu,2,1,latency_wall_batch1_ms,1,387,0.6207,ms
CO,TT_PINN,cpu,2,1,latency_wall_batch1_ms,1,388,0.6372,ms
CO,TT_PINN,cpu,2,1,latency_wall_batch1_ms,1,389,0.6268,ms
CO,TT_PINN,cpu,2,1,latency_wall_batch1_ms,1,390,0.6167,ms
CO,TT_PINN,cpu,2,1,latency_wall_batch1_ms,1,391,0.6364,ms
CO,TT_PINN,cpu,2,1,latency_wall_batch1_ms,1,392,0.6267,ms
CO,TT_PINN,cpu,2,1,latency_wall_batch1_ms,1,393,0.6137,ms
CO,TT_PINN,cpu,2,1,latency_wall_batch1_ms,1,394,0.6475,ms
CO,TT_PINN,cpu,2,1,latency_wall_batch1_ms,1,395,0.6226,ms
CO,TT_PINN,cpu,2,1,latency_wall_batch1_ms,1,396,0.6216,ms
CO,TT_PINN,cpu,2,1,latency_wall_batch1_ms,1,397,0.6482,ms
CO,TT_PINN,cpu,2,1,latency_wall_batch1_ms,1,398,0.6406,ms
CO,TT_PINN,cpu,2,1,latency_wall_batch1_ms,1,399,0.633,ms
CO,TT_PINN,cpu,2,1,throughput_rows_s,1,0,1617.3378618793465,rows/s
CO,TT_PINN,cpu,2,1,throughput_rows_s,1,1,1627.8691193228067,rows/s
CO,TT_PINN,cpu,2,1,throughput_rows_s,1,2,1576.2925598991176,rows/s
CO,TT_PINN,cpu,2,1,throughput_rows_s,1,3,1630.2575806977504,rows/s
CO,TT_PINN,cpu,2,1,throughput_rows_s,1,4,1633.7199803953604,rows/s
CO,TT_PINN,cpu,2,1,throughput_rows_s,1,5,1290.9888974954815,rows/s
CO,TT_PINN,cpu,2,1,throughput_rows_s,1,6,1964.2506383814575,rows/s
CO,TT_PINN,cpu,2,1,throughput_rows_s,1,7,1912.4115509657674,rows/s
CO,TT_PINN,cpu,2,1,throughput_rows_s,1,8,1918.6492709132772,rows/s
CO,TT_PINN,cpu,2,1,throughput_rows_s,1,9,2019.3861066235863,rows/s
CO,TT_PINN,cpu,2,1,throughput_rows_s,1,10,1931.993817619784,rows/s
CO,TT_PINN,cpu,2,1,throughput_rows_s,1,11,2078.5699438786114,rows/s
CO,TT_PINN,cpu,2,1,throughput_rows_s,16,0,28124.450694322375,rows/s
CO,TT_PINN,cpu,2,1,throughput_rows_s,16,1,28720.157960868783,rows/s
CO,TT_PINN,cpu,2,1,throughput_rows_s,16,2,27425.43709290367,rows/s
CO,TT_PINN,cpu,2,1,throughput_rows_s,16,3,28653.295128939826,rows/s
CO,TT_PINN,cpu,2,1,throughput_rows_s,16,4,28288.54314002829,rows/s
CO,TT_PINN,cpu,2,1,throughput_rows_s,16,5,28658.427368798133,rows/s
CO,TT_PINN,cpu,2,1,throughput_rows_s,16,6,26958.719460825607,rows/s
CO,TT_PINN,cpu,2,1,throughput_rows_s,16,7,28318.584070796463,rows/s
CO,TT_PINN,cpu,2,1,throughput_rows_s,16,8,21099.82856389292,rows/s
CO,TT_PINN,cpu,2,1,throughput_rows_s,16,9,27027.027027027027,rows/s
CO,TT_PINN,cpu,2,1,throughput_rows_s,16,10,28183.89994715519,rows/s
CO,TT_PINN,cpu,2,1,throughput_rows_s,16,11,24638.127502309828,rows/s
CO,TT_PINN,cpu,2,1,throughput_rows_s,64,0,59656.97240865026,rows/s
CO,TT_PINN,cpu,2,1,throughput_rows_s,64,1,73851.83475651973,rows/s
CO,TT_PINN,cpu,2,1,throughput_rows_s,64,2,74142.72474513439,rows/s
CO,TT_PINN,cpu,2,1,throughput_rows_s,64,3,76454.42599450484,rows/s
CO,TT_PINN,cpu,2,1,throughput_rows_s,64,4,73877.40967332333,rows/s
CO,TT_PINN,cpu,2,1,throughput_rows_s,64,5,75730.68275943675,rows/s
CO,TT_PINN,cpu,2,1,throughput_rows_s,64,6,76591.67065581618,rows/s
CO,TT_PINN,cpu,2,1,throughput_rows_s,64,7,73962.78747255288,rows/s
CO,TT_PINN,cpu,2,1,throughput_rows_s,64,8,75901.32827324478,rows/s
CO,TT_PINN,cpu,2,1,throughput_rows_s,64,9,73724.22531966363,rows/s
CO,TT_PINN,cpu,2,1,throughput_rows_s,64,10,76181.40697536008,rows/s
CO,TT_PINN,cpu,2,1,throughput_rows_s,64,11,66108.87305030473,rows/s
CO,TT_PINN,cpu,2,1,throughput_rows_s,256,0,295987.9754884958,rows/s
CO,TT_PINN,cpu,2,1,throughput_rows_s,256,1,288353.23271006986,rows/s
CO,TT_PINN,cpu,2,1,throughput_rows_s,256,2,293679.01801078353,rows/s
CO,TT_PINN,cpu,2,1,throughput_rows_s,256,3,281814.17877586966,rows/s
CO,TT_PINN,cpu,2,1,throughput_rows_s,256,4,295987.9754884958,rows/s
CO,TT_PINN,cpu,2,1,throughput_rows_s,256,5,290315.2642322522,rows/s
CO,TT_PINN,cpu,2,1,throughput_rows_s,256,6,282935.4553492484,rows/s
CO,TT_PINN,cpu,2,1,throughput_rows_s,256,7,281783.1590533847,rows/s
CO,TT_PINN,cpu,2,1,throughput_rows_s,256,8,296399.2126895913,rows/s
CO,TT_PINN,cpu,2,1,throughput_rows_s,256,9,216673.7198476513,rows/s
CO,TT_PINN,cpu,2,1,throughput_rows_s,256,10,213975.25911066536,rows/s
CO,TT_PINN,cpu,2,1,throughput_rows_s,256,11,236708.275543227,rows/s
CO,TT_PINN,cpu,2,1,throughput_rows_s,1024,0,850780.9903622466,rows/s
CO,TT_PINN,cpu,2,1,throughput_rows_s,1024,1,885659.9204289917,rows/s
CO,TT_PINN,cpu,2,1,throughput_rows_s,1024,2,929388.2737338901,rows/s
CO,TT_PINN,cpu,2,1,throughput_rows_s,1024,3,895652.9344878859,rows/s
CO,TT_PINN,cpu,2,1,throughput_rows_s,1024,4,924521.4879017697,rows/s
CO,TT_PINN,cpu,2,1,throughput_rows_s,1024,5,900378.088455113,rows/s
CO,TT_PINN,cpu,2,1,throughput_rows_s,1024,6,881390.9450852126,rows/s
CO,TT_PINN,cpu,2,1,throughput_rows_s,1024,7,878668.2684056975,rows/s
CO,TT_PINN,cpu,2,1,throughput_rows_s,1024,8,908203.9911308204,rows/s
CO,TT_PINN,cpu,2,1,throughput_rows_s,1024,9,752996.5438635193,rows/s
CO,TT_PINN,cpu,2,1,throughput_rows_s,1024,10,632254.877747592,rows/s
CO,TT_PINN,cpu,2,1,throughput_rows_s,1024,11,665323.8905854071,rows/s
CO,TT_PINN,cpu,2,1,throughput_rows_s,4096,0,1220100.6821363678,rows/s
CO,TT_PINN,cpu,2,1,throughput_rows_s,4096,1,1221374.0458015266,rows/s
CO,TT_PINN,cpu,2,1,throughput_rows_s,4096,2,1152277.2667173038,rows/s
CO,TT_PINN,cpu,2,1,throughput_rows_s,4096,3,848771.1881967757,rows/s
CO,TT_PINN,cpu,2,1,throughput_rows_s,4096,4,1290363.229688435,rows/s
CO,TT_PINN,cpu,2,1,throughput_rows_s,4096,5,1224770.5050384235,rows/s
CO,TT_PINN,cpu,2,1,throughput_rows_s,4096,6,1325737.9596064214,rows/s
CO,TT_PINN,cpu,2,1,throughput_rows_s,4096,7,1194378.02531055,rows/s
CO,TT_PINN,cpu,2,1,throughput_rows_s,4096,8,1192430.8588064045,rows/s
CO,TT_PINN,cpu,2,1,throughput_rows_s,4096,9,1310049.254781552,rows/s
CO,TT_PINN,cpu,2,1,throughput_rows_s,4096,10,1313157.2197999486,rows/s
CO,TT_PINN,cpu,2,1,throughput_rows_s,4096,11,1149496.2534729044,rows/s
CO,DENSE_PINN,cpu,2,2,latency_wall_batch1_ms,1,0,0.0525,ms
CO,DENSE_PINN,cpu,2,2,latency_wall_batch1_ms,1,1,0.0567,ms
CO,DENSE_PINN,cpu,2,2,latency_wall_batch1_ms,1,2,0.0451,ms
CO,DENSE_PINN,cpu,2,2,latency_wall_batch1_ms,1,3,0.0432,ms
CO,DENSE_PINN,cpu,2,2,latency_wall_batch1_ms,1,4,0.0438,ms
CO,DENSE_PINN,cpu,2,2,latency_wall_batch1_ms,1,5,0.0439,ms
CO,DENSE_PINN,cpu,2,2,latency_wall_batch1_ms,1,6,0.0433,ms
CO,DENSE_PINN,cpu,2,2,latency_wall_batch1_ms,1,7,0.0429,ms
CO,DENSE_PINN,cpu,2,2,latency_wall_batch1_ms,1,8,0.043,ms
CO,DENSE_PINN,cpu,2,2,latency_wall_batch1_ms,1,9,0.0442,ms
CO,DENSE_PINN,cpu,2,2,latency_wall_batch1_ms,1,10,0.0436,ms
CO,DENSE_PINN,cpu,2,2,latency_wall_batch1_ms,1,11,0.0435,ms
CO,DENSE_PINN,cpu,2,2,latency_wall_batch1_ms,1,12,0.0452,ms
CO,DENSE_PINN,cpu,2,2,latency_wall_batch1_ms,1,13,0.043,ms
CO,DENSE_PINN,cpu,2,2,latency_wall_batch1_ms,1,14,0.0432,ms
CO,DENSE_PINN,cpu,2,2,latency_wall_batch1_ms,1,15,0.0424,ms
CO,DENSE_PINN,cpu,2,2,latency_wall_batch1_ms,1,16,0.0429,ms
CO,DENSE_PINN,cpu,2,2,latency_wall_batch1_ms,1,17,0.0428,ms
CO,DENSE_PINN,cpu,2,2,latency_wall_batch1_ms,1,18,0.0426,ms
CO,DENSE_PINN,cpu,2,2,latency_wall_batch1_ms,1,19,0.0425,ms
CO,DENSE_PINN,cpu,2,2,latency_wall_batch1_ms,1,20,0.0429,ms
CO,DENSE_PINN,cpu,2,2,latency_wall_batch1_ms,1,21,0.0427,ms
CO,DENSE_PINN,cpu,2,2,latency_wall_batch1_ms,1,22,0.0431,ms
CO,DENSE_PINN,cpu,2,2,latency_wall_batch1_ms,1,23,0.0428,ms
CO,DENSE_PINN,cpu,2,2,latency_wall_batch1_ms,1,24,0.0429,ms
CO,DENSE_PINN,cpu,2,2,latency_wall_batch1_ms,1,25,0.0431,ms
CO,DENSE_PINN,cpu,2,2,latency_wall_batch1_ms,1,26,0.0428,ms
CO,DENSE_PINN,cpu,2,2,latency_wall_batch1_ms,1,27,0.043,ms
CO,DENSE_PINN,cpu,2,2,latency_wall_batch1_ms,1,28,0.0451,ms
CO,DENSE_PINN,cpu,2,2,latency_wall_batch1_ms,1,29,0.0428,ms
CO,DENSE_PINN,cpu,2,2,latency_wall_batch1_ms,1,30,0.0444,ms
CO,DENSE_PINN,cpu,2,2,latency_wall_batch1_ms,1,31,0.0436,ms
CO,DENSE_PINN,cpu,2,2,latency_wall_batch1_ms,1,32,0.043,ms
CO,DENSE_PINN,cpu,2,2,latency_wall_batch1_ms,1,33,0.0425,ms
CO,DENSE_PINN,cpu,2,2,latency_wall_batch1_ms,1,34,0.0433,ms
CO,DENSE_PINN,cpu,2,2,latency_wall_batch1_ms,1,35,0.0427,ms
CO,DENSE_PINN,cpu,2,2,latency_wall_batch1_ms,1,36,0.0432,ms
CO,DENSE_PINN,cpu,2,2,latency_wall_batch1_ms,1,37,0.0428,ms
CO,DENSE_PINN,cpu,2,2,latency_wall_batch1_ms,1,38,0.0432,ms
CO,DENSE_PINN,cpu,2,2,latency_wall_batch1_ms,1,39,0.0433,ms
CO,DENSE_PINN,cpu,2,2,latency_wall_batch1_ms,1,40,0.0431,ms
CO,DENSE_PINN,cpu,2,2,latency_wall_batch1_ms,1,41,0.0511,ms
CO,DENSE_PINN,cpu,2,2,latency_wall_batch1_ms,1,42,0.0439,ms
CO,DENSE_PINN,cpu,2,2,latency_wall_batch1_ms,1,43,0.0443,ms
CO,DENSE_PINN,cpu,2,2,latency_wall_batch1_ms,1,44,0.0433,ms
CO,DENSE_PINN,cpu,2,2,latency_wall_batch1_ms,1,45,0.0427,ms
CO,DENSE_PINN,cpu,2,2,latency_wall_batch1_ms,1,46,0.0517,ms
CO,DENSE_PINN,cpu,2,2,latency_wall_batch1_ms,1,47,0.0441,ms
CO,DENSE_PINN,cpu,2,2,latency_wall_batch1_ms,1,48,0.0431,ms
CO,DENSE_PINN,cpu,2,2,latency_wall_batch1_ms,1,49,0.0428,ms
CO,DENSE_PINN,cpu,2,2,latency_wall_batch1_ms,1,50,0.043,ms
CO,DENSE_PINN,cpu,2,2,latency_wall_batch1_ms,1,51,0.0427,ms
CO,DENSE_PINN,cpu,2,2,latency_wall_batch1_ms,1,52,0.0429,ms
CO,DENSE_PINN,cpu,2,2,latency_wall_batch1_ms,1,53,0.043,ms
CO,DENSE_PINN,cpu,2,2,latency_wall_batch1_ms,1,54,0.0439,ms
CO,DENSE_PINN,cpu,2,2,latency_wall_batch1_ms,1,55,0.0501,ms
CO,DENSE_PINN,cpu,2,2,latency_wall_batch1_ms,1,56,0.0446,ms
CO,DENSE_PINN,cpu,2,2,latency_wall_batch1_ms,1,57,0.0427,ms
CO,DENSE_PINN,cpu,2,2,latency_wall_batch1_ms,1,58,0.043,ms
CO,DENSE_PINN,cpu,2,2,latency_wall_batch1_ms,1,59,0.0427,ms
CO,DENSE_PINN,cpu,2,2,latency_wall_batch1_ms,1,60,0.0427,ms
CO,DENSE_PINN,cpu,2,2,latency_wall_batch1_ms,1,61,0.0427,ms
CO,DENSE_PINN,cpu,2,2,latency_wall_batch1_ms,1,62,0.0434,ms
CO,DENSE_PINN,cpu,2,2,latency_wall_batch1_ms,1,63,0.0428,ms
CO,DENSE_PINN,cpu,2,2,latency_wall_batch1_ms,1,64,0.0431,ms
CO,DENSE_PINN,cpu,2,2,latency_wall_batch1_ms,1,65,0.0429,ms
CO,DENSE_PINN,cpu,2,2,latency_wall_batch1_ms,1,66,0.0429,ms
CO,DENSE_PINN,cpu,2,2,latency_wall_batch1_ms,1,67,0.0427,ms
CO,DENSE_PINN,cpu,2,2,latency_wall_batch1_ms,1,68,0.043,ms
CO,DENSE_PINN,cpu,2,2,latency_wall_batch1_ms,1,69,0.0437,ms
CO,DENSE_PINN,cpu,2,2,latency_wall_batch1_ms,1,70,0.0427,ms
CO,DENSE_PINN,cpu,2,2,latency_wall_batch1_ms,1,71,0.0436,ms
CO,DENSE_PINN,cpu,2,2,latency_wall_batch1_ms,1,72,0.0429,ms
CO,DENSE_PINN,cpu,2,2,latency_wall_batch1_ms,1,73,0.0427,ms
CO,DENSE_PINN,cpu,2,2,latency_wall_batch1_ms,1,74,0.0432,ms
CO,DENSE_PINN,cpu,2,2,latency_wall_batch1_ms,1,75,0.0428,ms
CO,DENSE_PINN,cpu,2,2,latency_wall_batch1_ms,1,76,0.043,ms
CO,DENSE_PINN,cpu,2,2,latency_wall_batch1_ms,1,77,0.0428,ms
CO,DENSE_PINN,cpu,2,2,latency_wall_batch1_ms,1,78,0.0428,ms
CO,DENSE_PINN,cpu,2,2,latency_wall_batch1_ms,1,79,0.0425,ms
CO,DENSE_PINN,cpu,2,2,latency_wall_batch1_ms,1,80,0.0423,ms
CO,DENSE_PINN,cpu,2,2,latency_wall_batch1_ms,1,81,0.0496,ms
CO,DENSE_PINN,cpu,2,2,latency_wall_batch1_ms,1,82,0.0562,ms
CO,DENSE_PINN,cpu,2,2,latency_wall_batch1_ms,1,83,0.0443,ms
CO,DENSE_PINN,cpu,2,2,latency_wall_batch1_ms,1,84,0.0431,ms
CO,DENSE_PINN,cpu,2,2,latency_wall_batch1_ms,1,85,0.0435,ms
CO,DENSE_PINN,cpu,2,2,latency_wall_batch1_ms,1,86,0.0429,ms
CO,DENSE_PINN,cpu,2,2,latency_wall_batch1_ms,1,87,0.0431,ms
CO,DENSE_PINN,cpu,2,2,latency_wall_batch1_ms,1,88,0.0426,ms
CO,DENSE_PINN,cpu,2,2,latency_wall_batch1_ms,1,89,0.0426,ms
CO,DENSE_PINN,cpu,2,2,latency_wall_batch1_ms,1,90,0.0427,ms
CO,DENSE_PINN,cpu,2,2,latency_wall_batch1_ms,1,91,0.0508,ms
CO,DENSE_PINN,cpu,2,2,latency_wall_batch1_ms,1,92,0.0447,ms
CO,DENSE_PINN,cpu,2,2,latency_wall_batch1_ms,1,93,0.0432,ms
CO,DENSE_PINN,cpu,2,2,latency_wall_batch1_ms,1,94,0.0427,ms
CO,DENSE_PINN,cpu,2,2,latency_wall_batch1_ms,1,95,0.0428,ms
CO,DENSE_PINN,cpu,2,2,latency_wall_batch1_ms,1,96,0.0432,ms
CO,DENSE_PINN,cpu,2,2,latency_wall_batch1_ms,1,97,0.0427,ms
CO,DENSE_PINN,cpu,2,2,latency_wall_batch1_ms,1,98,0.0428,ms
CO,DENSE_PINN,cpu,2,2,latency_wall_batch1_ms,1,99,0.043,ms
CO,DENSE_PINN,cpu,2,2,latency_wall_batch1_ms,1,100,0.0431,ms
CO,DENSE_PINN,cpu,2,2,latency_wall_batch1_ms,1,101,0.0426,ms
CO,DENSE_PINN,cpu,2,2,latency_wall_batch1_ms,1,102,0.0429,ms
CO,DENSE_PINN,cpu,2,2,latency_wall_batch1_ms,1,103,0.0439,ms
CO,DENSE_PINN,cpu,2,2,latency_wall_batch1_ms,1,104,0.0429,ms
CO,DENSE_PINN,cpu,2,2,latency_wall_batch1_ms,1,105,0.0426,ms
CO,DENSE_PINN,cpu,2,2,latency_wall_batch1_ms,1,106,0.0431,ms
CO,DENSE_PINN,cpu,2,2,latency_wall_batch1_ms,1,107,0.043,ms
CO,DENSE_PINN,cpu,2,2,latency_wall_batch1_ms,1,108,0.0431,ms
CO,DENSE_PINN,cpu,2,2,latency_wall_batch1_ms,1,109,0.0432,ms
CO,DENSE_PINN,cpu,2,2,latency_wall_batch1_ms,1,110,0.0431,ms
CO,DENSE_PINN,cpu,2,2,latency_wall_batch1_ms,1,111,0.0425,ms
CO,DENSE_PINN,cpu,2,2,latency_wall_batch1_ms,1,112,0.0424,ms
CO,DENSE_PINN,cpu,2,2,latency_wall_batch1_ms,1,113,0.0423,ms
CO,DENSE_PINN,cpu,2,2,latency_wall_batch1_ms,1,114,0.0431,ms
CO,DENSE_PINN,cpu,2,2,latency_wall_batch1_ms,1,115,0.0428,ms
CO,DENSE_PINN,cpu,2,2,latency_wall_batch1_ms,1,116,0.0432,ms
CO,DENSE_PINN,cpu,2,2,latency_wall_batch1_ms,1,117,0.0427,ms
CO,DENSE_PINN,cpu,2,2,latency_wall_batch1_ms,1,118,0.0424,ms
CO,DENSE_PINN,cpu,2,2,latency_wall_batch1_ms,1,119,0.0427,ms
CO,DENSE_PINN,cpu,2,2,latency_wall_batch1_ms,1,120,0.0428,ms
CO,DENSE_PINN,cpu,2,2,latency_wall_batch1_ms,1,121,0.0425,ms
CO,DENSE_PINN,cpu,2,2,latency_wall_batch1_ms,1,122,0.0428,ms
CO,DENSE_PINN,cpu,2,2,latency_wall_batch1_ms,1,123,0.0434,ms
CO,DENSE_PINN,cpu,2,2,latency_wall_batch1_ms,1,124,0.0425,ms
CO,DENSE_PINN,cpu,2,2,latency_wall_batch1_ms,1,125,0.0433,ms
CO,DENSE_PINN,cpu,2,2,latency_wall_batch1_ms,1,126,0.043,ms
CO,DENSE_PINN,cpu,2,2,latency_wall_batch1_ms,1,127,0.0429,ms
CO,DENSE_PINN,cpu,2,2,latency_wall_batch1_ms,1,128,0.0428,ms
CO,DENSE_PINN,cpu,2,2,latency_wall_batch1_ms,1,129,0.0428,ms
CO,DENSE_PINN,cpu,2,2,latency_wall_batch1_ms,1,130,0.0497,ms
CO,DENSE_PINN,cpu,2,2,latency_wall_batch1_ms,1,131,0.0509,ms
CO,DENSE_PINN,cpu,2,2,latency_wall_batch1_ms,1,132,0.044,ms
CO,DENSE_PINN,cpu,2,2,latency_wall_batch1_ms,1,133,0.0428,ms
CO,DENSE_PINN,cpu,2,2,latency_wall_batch1_ms,1,134,0.0428,ms
CO,DENSE_PINN,cpu,2,2,latency_wall_batch1_ms,1,135,0.0429,ms
CO,DENSE_PINN,cpu,2,2,latency_wall_batch1_ms,1,136,0.0426,ms
CO,DENSE_PINN,cpu,2,2,latency_wall_batch1_ms,1,137,0.0424,ms
CO,DENSE_PINN,cpu,2,2,latency_wall_batch1_ms,1,138,0.0431,ms
CO,DENSE_PINN,cpu,2,2,latency_wall_batch1_ms,1,139,0.0471,ms
CO,DENSE_PINN,cpu,2,2,latency_wall_batch1_ms,1,140,0.0427,ms
CO,DENSE_PINN,cpu,2,2,latency_wall_batch1_ms,1,141,0.0425,ms
CO,DENSE_PINN,cpu,2,2,latency_wall_batch1_ms,1,142,0.0429,ms
CO,DENSE_PINN,cpu,2,2,latency_wall_batch1_ms,1,143,0.0428,ms
CO,DENSE_PINN,cpu,2,2,latency_wall_batch1_ms,1,144,0.0426,ms
CO,DENSE_PINN,cpu,2,2,latency_wall_batch1_ms,1,145,0.0427,ms
CO,DENSE_PINN,cpu,2,2,latency_wall_batch1_ms,1,146,0.0428,ms
CO,DENSE_PINN,cpu,2,2,latency_wall_batch1_ms,1,147,0.0428,ms
CO,DENSE_PINN,cpu,2,2,latency_wall_batch1_ms,1,148,0.0423,ms
CO,DENSE_PINN,cpu,2,2,latency_wall_batch1_ms,1,149,0.043,ms
CO,DENSE_PINN,cpu,2,2,latency_wall_batch1_ms,1,150,0.0429,ms
CO,DENSE_PINN,cpu,2,2,latency_wall_batch1_ms,1,151,0.0427,ms
CO,DENSE_PINN,cpu,2,2,latency_wall_batch1_ms,1,152,0.0427,ms
CO,DENSE_PINN,cpu,2,2,latency_wall_batch1_ms,1,153,0.167,ms
CO,DENSE_PINN,cpu,2,2,latency_wall_batch1_ms,1,154,0.0673,ms
CO,DENSE_PINN,cpu,2,2,latency_wall_batch1_ms,1,155,0.0586,ms
CO,DENSE_PINN,cpu,2,2,latency_wall_batch1_ms,1,156,0.0577,ms
CO,DENSE_PINN,cpu,2,2,latency_wall_batch1_ms,1,157,0.0575,ms
CO,DENSE_PINN,cpu,2,2,latency_wall_batch1_ms,1,158,0.058,ms
CO,DENSE_PINN,cpu,2,2,latency_wall_batch1_ms,1,159,0.0569,ms
CO,DENSE_PINN,cpu,2,2,latency_wall_batch1_ms,1,160,0.0577,ms
CO,DENSE_PINN,cpu,2,2,latency_wall_batch1_ms,1,161,0.0568,ms
CO,DENSE_PINN,cpu,2,2,latency_wall_batch1_ms,1,162,0.0683,ms
CO,DENSE_PINN,cpu,2,2,latency_wall_batch1_ms,1,163,0.058,ms
CO,DENSE_PINN,cpu,2,2,latency_wall_batch1_ms,1,164,0.0573,ms
CO,DENSE_PINN,cpu,2,2,latency_wall_batch1_ms,1,165,0.0568,ms
CO,DENSE_PINN,cpu,2,2,latency_wall_batch1_ms,1,166,0.0824,ms
CO,DENSE_PINN,cpu,2,2,latency_wall_batch1_ms,1,167,0.0568,ms
CO,DENSE_PINN,cpu,2,2,latency_wall_batch1_ms,1,168,0.0573,ms
CO,DENSE_PINN,cpu,2,2,latency_wall_batch1_ms,1,169,0.0569,ms
CO,DENSE_PINN,cpu,2,2,latency_wall_batch1_ms,1,170,0.0571,ms
CO,DENSE_PINN,cpu,2,2,latency_wall_batch1_ms,1,171,0.0566,ms
CO,DENSE_PINN,cpu,2,2,latency_wall_batch1_ms,1,172,0.0634,ms
CO,DENSE_PINN,cpu,2,2,latency_wall_batch1_ms,1,173,0.057,ms
CO,DENSE_PINN,cpu,2,2,latency_wall_batch1_ms,1,174,0.0567,ms
CO,DENSE_PINN,cpu,2,2,latency_wall_batch1_ms,1,175,0.057,ms
CO,DENSE_PINN,cpu,2,2,latency_wall_batch1_ms,1,176,0.0572,ms
CO,DENSE_PINN,cpu,2,2,latency_wall_batch1_ms,1,177,0.0567,ms
CO,DENSE_PINN,cpu,2,2,latency_wall_batch1_ms,1,178,0.0573,ms
CO,DENSE_PINN,cpu,2,2,latency_wall_batch1_ms,1,179,0.056,ms
CO,DENSE_PINN,cpu,2,2,latency_wall_batch1_ms,1,180,0.0567,ms
CO,DENSE_PINN,cpu,2,2,latency_wall_batch1_ms,1,181,0.0658,ms
CO,DENSE_PINN,cpu,2,2,latency_wall_batch1_ms,1,182,0.0572,ms
CO,DENSE_PINN,cpu,2,2,latency_wall_batch1_ms,1,183,0.0567,ms
CO,DENSE_PINN,cpu,2,2,latency_wall_batch1_ms,1,184,0.057,ms
CO,DENSE_PINN,cpu,2,2,latency_wall_batch1_ms,1,185,0.0562,ms
CO,DENSE_PINN,cpu,2,2,latency_wall_batch1_ms,1,186,0.0565,ms
CO,DENSE_PINN,cpu,2,2,latency_wall_batch1_ms,1,187,0.0562,ms
CO,DENSE_PINN,cpu,2,2,latency_wall_batch1_ms,1,188,0.0562,ms
CO,DENSE_PINN,cpu,2,2,latency_wall_batch1_ms,1,189,0.0563,ms
CO,DENSE_PINN,cpu,2,2,latency_wall_batch1_ms,1,190,0.0566,ms
CO,DENSE_PINN,cpu,2,2,latency_wall_batch1_ms,1,191,0.2793,ms
CO,DENSE_PINN,cpu,2,2,latency_wall_batch1_ms,1,192,0.0665,ms
CO,DENSE_PINN,cpu,2,2,latency_wall_batch1_ms,1,193,0.0571,ms
CO,DENSE_PINN,cpu,2,2,latency_wall_batch1_ms,1,194,0.0578,ms
CO,DENSE_PINN,cpu,2,2,latency_wall_batch1_ms,1,195,0.0566,ms
CO,DENSE_PINN,cpu,2,2,latency_wall_batch1_ms,1,196,0.0563,ms
CO,DENSE_PINN,cpu,2,2,latency_wall_batch1_ms,1,197,0.0565,ms
CO,DENSE_PINN,cpu,2,2,latency_wall_batch1_ms,1,198,0.0565,ms
CO,DENSE_PINN,cpu,2,2,latency_wall_batch1_ms,1,199,0.0568,ms
CO,DENSE_PINN,cpu,2,2,latency_wall_batch1_ms,1,200,0.0569,ms
CO,DENSE_PINN,cpu,2,2,latency_wall_batch1_ms,1,201,0.0567,ms
CO,DENSE_PINN,cpu,2,2,latency_wall_batch1_ms,1,202,0.0565,ms
CO,DENSE_PINN,cpu,2,2,latency_wall_batch1_ms,1,203,0.0566,ms
CO,DENSE_PINN,cpu,2,2,latency_wall_batch1_ms,1,204,0.0562,ms
CO,DENSE_PINN,cpu,2,2,latency_wall_batch1_ms,1,205,0.0565,ms
CO,DENSE_PINN,cpu,2,2,latency_wall_batch1_ms,1,206,0.0566,ms
CO,DENSE_PINN,cpu,2,2,latency_wall_batch1_ms,1,207,0.0564,ms
CO,DENSE_PINN,cpu,2,2,latency_wall_batch1_ms,1,208,0.0562,ms
CO,DENSE_PINN,cpu,2,2,latency_wall_batch1_ms,1,209,0.0564,ms
CO,DENSE_PINN,cpu,2,2,latency_wall_batch1_ms,1,210,0.0565,ms
CO,DENSE_PINN,cpu,2,2,latency_wall_batch1_ms,1,211,0.0558,ms
CO,DENSE_PINN,cpu,2,2,latency_wall_batch1_ms,1,212,0.0633,ms
CO,DENSE_PINN,cpu,2,2,latency_wall_batch1_ms,1,213,0.0561,ms
CO,DENSE_PINN,cpu,2,2,latency_wall_batch1_ms,1,214,0.0564,ms
CO,DENSE_PINN,cpu,2,2,latency_wall_batch1_ms,1,215,0.0561,ms
CO,DENSE_PINN,cpu,2,2,latency_wall_batch1_ms,1,216,0.0567,ms
CO,DENSE_PINN,cpu,2,2,latency_wall_batch1_ms,1,217,0.0567,ms
CO,DENSE_PINN,cpu,2,2,latency_wall_batch1_ms,1,218,0.0571,ms
CO,DENSE_PINN,cpu,2,2,latency_wall_batch1_ms,1,219,0.0565,ms
CO,DENSE_PINN,cpu,2,2,latency_wall_batch1_ms,1,220,0.0566,ms
CO,DENSE_PINN,cpu,2,2,latency_wall_batch1_ms,1,221,0.056,ms
CO,DENSE_PINN,cpu,2,2,latency_wall_batch1_ms,1,222,0.0568,ms
CO,DENSE_PINN,cpu,2,2,latency_wall_batch1_ms,1,223,0.0559,ms
CO,DENSE_PINN,cpu,2,2,latency_wall_batch1_ms,1,224,0.0563,ms
CO,DENSE_PINN,cpu,2,2,latency_wall_batch1_ms,1,225,0.0568,ms
CO,DENSE_PINN,cpu,2,2,latency_wall_batch1_ms,1,226,0.0568,ms
CO,DENSE_PINN,cpu,2,2,latency_wall_batch1_ms,1,227,0.065,ms
CO,DENSE_PINN,cpu,2,2,latency_wall_batch1_ms,1,228,0.0574,ms
CO,DENSE_PINN,cpu,2,2,latency_wall_batch1_ms,1,229,0.0561,ms
CO,DENSE_PINN,cpu,2,2,latency_wall_batch1_ms,1,230,0.0563,ms
CO,DENSE_PINN,cpu,2,2,latency_wall_batch1_ms,1,231,0.0567,ms
CO,DENSE_PINN,cpu,2,2,latency_wall_batch1_ms,1,232,0.1434,ms
CO,DENSE_PINN,cpu,2,2,latency_wall_batch1_ms,1,233,0.0578,ms
CO,DENSE_PINN,cpu,2,2,latency_wall_batch1_ms,1,234,0.057,ms
CO,DENSE_PINN,cpu,2,2,latency_wall_batch1_ms,1,235,0.0569,ms
CO,DENSE_PINN,cpu,2,2,latency_wall_batch1_ms,1,236,0.0607,ms
CO,DENSE_PINN,cpu,2,2,latency_wall_batch1_ms,1,237,0.0611,ms
CO,DENSE_PINN,cpu,2,2,latency_wall_batch1_ms,1,238,0.0568,ms
CO,DENSE_PINN,cpu,2,2,latency_wall_batch1_ms,1,239,0.0565,ms
CO,DENSE_PINN,cpu,2,2,latency_wall_batch1_ms,1,240,0.0567,ms
CO,DENSE_PINN,cpu,2,2,latency_wall_batch1_ms,1,241,0.0562,ms
CO,DENSE_PINN,cpu,2,2,latency_wall_batch1_ms,1,242,0.0566,ms
CO,DENSE_PINN,cpu,2,2,latency_wall_batch1_ms,1,243,0.0566,ms
CO,DENSE_PINN,cpu,2,2,latency_wall_batch1_ms,1,244,0.0566,ms
CO,DENSE_PINN,cpu,2,2,latency_wall_batch1_ms,1,245,0.0592,ms
CO,DENSE_PINN,cpu,2,2,latency_wall_batch1_ms,1,246,0.057,ms
CO,DENSE_PINN,cpu,2,2,latency_wall_batch1_ms,1,247,0.0566,ms
CO,DENSE_PINN,cpu,2,2,latency_wall_batch1_ms,1,248,0.0572,ms
CO,DENSE_PINN,cpu,2,2,latency_wall_batch1_ms,1,249,0.0564,ms
CO,DENSE_PINN,cpu,2,2,latency_wall_batch1_ms,1,250,0.0567,ms
CO,DENSE_PINN,cpu,2,2,latency_wall_batch1_ms,1,251,0.0571,ms
CO,DENSE_PINN,cpu,2,2,latency_wall_batch1_ms,1,252,0.0567,ms
CO,DENSE_PINN,cpu,2,2,latency_wall_batch1_ms,1,253,0.058,ms
CO,DENSE_PINN,cpu,2,2,latency_wall_batch1_ms,1,254,0.0566,ms
CO,DENSE_PINN,cpu,2,2,latency_wall_batch1_ms,1,255,0.0563,ms
CO,DENSE_PINN,cpu,2,2,latency_wall_batch1_ms,1,256,0.0567,ms
CO,DENSE_PINN,cpu,2,2,latency_wall_batch1_ms,1,257,0.0568,ms
CO,DENSE_PINN,cpu,2,2,latency_wall_batch1_ms,1,258,0.0571,ms
CO,DENSE_PINN,cpu,2,2,latency_wall_batch1_ms,1,259,0.0567,ms
CO,DENSE_PINN,cpu,2,2,latency_wall_batch1_ms,1,260,0.0709,ms
CO,DENSE_PINN,cpu,2,2,latency_wall_batch1_ms,1,261,0.0572,ms
CO,DENSE_PINN,cpu,2,2,latency_wall_batch1_ms,1,262,0.0567,ms
CO,DENSE_PINN,cpu,2,2,latency_wall_batch1_ms,1,263,0.0564,ms
CO,DENSE_PINN,cpu,2,2,latency_wall_batch1_ms,1,264,0.0663,ms
CO,DENSE_PINN,cpu,2,2,latency_wall_batch1_ms,1,265,0.0564,ms
CO,DENSE_PINN,cpu,2,2,latency_wall_batch1_ms,1,266,0.0568,ms
CO,DENSE_PINN,cpu,2,2,latency_wall_batch1_ms,1,267,0.0558,ms
CO,DENSE_PINN,cpu,2,2,latency_wall_batch1_ms,1,268,0.0627,ms
CO,DENSE_PINN,cpu,2,2,latency_wall_batch1_ms,1,269,0.0602,ms
CO,DENSE_PINN,cpu,2,2,latency_wall_batch1_ms,1,270,0.0699,ms
CO,DENSE_PINN,cpu,2,2,latency_wall_batch1_ms,1,271,0.0571,ms
CO,DENSE_PINN,cpu,2,2,latency_wall_batch1_ms,1,272,0.0625,ms
CO,DENSE_PINN,cpu,2,2,latency_wall_batch1_ms,1,273,0.0574,ms
CO,DENSE_PINN,cpu,2,2,latency_wall_batch1_ms,1,274,0.0567,ms
CO,DENSE_PINN,cpu,2,2,latency_wall_batch1_ms,1,275,0.0566,ms
CO,DENSE_PINN,cpu,2,2,latency_wall_batch1_ms,1,276,0.0558,ms
CO,DENSE_PINN,cpu,2,2,latency_wall_batch1_ms,1,277,0.056,ms
CO,DENSE_PINN,cpu,2,2,latency_wall_batch1_ms,1,278,0.0563,ms
CO,DENSE_PINN,cpu,2,2,latency_wall_batch1_ms,1,279,0.0621,ms
CO,DENSE_PINN,cpu,2,2,latency_wall_batch1_ms,1,280,0.0562,ms
CO,DENSE_PINN,cpu,2,2,latency_wall_batch1_ms,1,281,0.0561,ms
CO,DENSE_PINN,cpu,2,2,latency_wall_batch1_ms,1,282,0.0557,ms
CO,DENSE_PINN,cpu,2,2,latency_wall_batch1_ms,1,283,0.0556,ms
CO,DENSE_PINN,cpu,2,2,latency_wall_batch1_ms,1,284,0.0562,ms
CO,DENSE_PINN,cpu,2,2,latency_wall_batch1_ms,1,285,0.0559,ms
CO,DENSE_PINN,cpu,2,2,latency_wall_batch1_ms,1,286,0.0557,ms
CO,DENSE_PINN,cpu,2,2,latency_wall_batch1_ms,1,287,0.056,ms
CO,DENSE_PINN,cpu,2,2,latency_wall_batch1_ms,1,288,0.0561,ms
CO,DENSE_PINN,cpu,2,2,latency_wall_batch1_ms,1,289,0.0561,ms
CO,DENSE_PINN,cpu,2,2,latency_wall_batch1_ms,1,290,0.056,ms
CO,DENSE_PINN,cpu,2,2,latency_wall_batch1_ms,1,291,0.056,ms
CO,DENSE_PINN,cpu,2,2,latency_wall_batch1_ms,1,292,0.0556,ms
CO,DENSE_PINN,cpu,2,2,latency_wall_batch1_ms,1,293,0.0558,ms
CO,DENSE_PINN,cpu,2,2,latency_wall_batch1_ms,1,294,0.0651,ms
CO,DENSE_PINN,cpu,2,2,latency_wall_batch1_ms,1,295,0.0664,ms
CO,DENSE_PINN,cpu,2,2,latency_wall_batch1_ms,1,296,0.0573,ms
CO,DENSE_PINN,cpu,2,2,latency_wall_batch1_ms,1,297,0.0562,ms
CO,DENSE_PINN,cpu,2,2,latency_wall_batch1_ms,1,298,0.0573,ms
CO,DENSE_PINN,cpu,2,2,latency_wall_batch1_ms,1,299,0.0613,ms
CO,DENSE_PINN,cpu,2,2,latency_wall_batch1_ms,1,300,0.0661,ms
CO,DENSE_PINN,cpu,2,2,latency_wall_batch1_ms,1,301,0.0565,ms
CO,DENSE_PINN,cpu,2,2,latency_wall_batch1_ms,1,302,0.0566,ms
CO,DENSE_PINN,cpu,2,2,latency_wall_batch1_ms,1,303,0.0562,ms
CO,DENSE_PINN,cpu,2,2,latency_wall_batch1_ms,1,304,0.0566,ms
CO,DENSE_PINN,cpu,2,2,latency_wall_batch1_ms,1,305,0.0567,ms
CO,DENSE_PINN,cpu,2,2,latency_wall_batch1_ms,1,306,0.0562,ms
CO,DENSE_PINN,cpu,2,2,latency_wall_batch1_ms,1,307,0.0566,ms
CO,DENSE_PINN,cpu,2,2,latency_wall_batch1_ms,1,308,0.0561,ms
CO,DENSE_PINN,cpu,2,2,latency_wall_batch1_ms,1,309,0.0569,ms
CO,DENSE_PINN,cpu,2,2,latency_wall_batch1_ms,1,310,0.0561,ms
CO,DENSE_PINN,cpu,2,2,latency_wall_batch1_ms,1,311,0.1534,ms
CO,DENSE_PINN,cpu,2,2,latency_wall_batch1_ms,1,312,0.0604,ms
CO,DENSE_PINN,cpu,2,2,latency_wall_batch1_ms,1,313,0.0952,ms
CO,DENSE_PINN,cpu,2,2,latency_wall_batch1_ms,1,314,0.0605,ms
CO,DENSE_PINN,cpu,2,2,latency_wall_batch1_ms,1,315,0.0737,ms
CO,DENSE_PINN,cpu,2,2,latency_wall_batch1_ms,1,316,0.0594,ms
CO,DENSE_PINN,cpu,2,2,latency_wall_batch1_ms,1,317,0.0629,ms
CO,DENSE_PINN,cpu,2,2,latency_wall_batch1_ms,1,318,0.1344,ms
CO,DENSE_PINN,cpu,2,2,latency_wall_batch1_ms,1,319,0.0774,ms
CO,DENSE_PINN,cpu,2,2,latency_wall_batch1_ms,1,320,0.0778,ms
CO,DENSE_PINN,cpu,2,2,latency_wall_batch1_ms,1,321,0.0463,ms
CO,DENSE_PINN,cpu,2,2,latency_wall_batch1_ms,1,322,0.0445,ms
CO,DENSE_PINN,cpu,2,2,latency_wall_batch1_ms,1,323,0.0443,ms
CO,DENSE_PINN,cpu,2,2,latency_wall_batch1_ms,1,324,0.046,ms
CO,DENSE_PINN,cpu,2,2,latency_wall_batch1_ms,1,325,0.0436,ms
CO,DENSE_PINN,cpu,2,2,latency_wall_batch1_ms,1,326,0.0572,ms
CO,DENSE_PINN,cpu,2,2,latency_wall_batch1_ms,1,327,0.0449,ms
CO,DENSE_PINN,cpu,2,2,latency_wall_batch1_ms,1,328,0.0436,ms
CO,DENSE_PINN,cpu,2,2,latency_wall_batch1_ms,1,329,0.0441,ms
CO,DENSE_PINN,cpu,2,2,latency_wall_batch1_ms,1,330,0.0441,ms
CO,DENSE_PINN,cpu,2,2,latency_wall_batch1_ms,1,331,0.0431,ms
CO,DENSE_PINN,cpu,2,2,latency_wall_batch1_ms,1,332,0.0433,ms
CO,DENSE_PINN,cpu,2,2,latency_wall_batch1_ms,1,333,0.0435,ms
CO,DENSE_PINN,cpu,2,2,latency_wall_batch1_ms,1,334,0.0435,ms
CO,DENSE_PINN,cpu,2,2,latency_wall_batch1_ms,1,335,0.0441,ms
CO,DENSE_PINN,cpu,2,2,latency_wall_batch1_ms,1,336,0.0439,ms
CO,DENSE_PINN,cpu,2,2,latency_wall_batch1_ms,1,337,0.0433,ms
CO,DENSE_PINN,cpu,2,2,latency_wall_batch1_ms,1,338,0.0437,ms
CO,DENSE_PINN,cpu,2,2,latency_wall_batch1_ms,1,339,0.0432,ms
CO,DENSE_PINN,cpu,2,2,latency_wall_batch1_ms,1,340,0.0436,ms
CO,DENSE_PINN,cpu,2,2,latency_wall_batch1_ms,1,341,0.0433,ms
CO,DENSE_PINN,cpu,2,2,latency_wall_batch1_ms,1,342,0.0897,ms
CO,DENSE_PINN,cpu,2,2,latency_wall_batch1_ms,1,343,0.0437,ms
CO,DENSE_PINN,cpu,2,2,latency_wall_batch1_ms,1,344,0.0434,ms
CO,DENSE_PINN,cpu,2,2,latency_wall_batch1_ms,1,345,0.0437,ms
CO,DENSE_PINN,cpu,2,2,latency_wall_batch1_ms,1,346,0.0442,ms
CO,DENSE_PINN,cpu,2,2,latency_wall_batch1_ms,1,347,0.0439,ms
CO,DENSE_PINN,cpu,2,2,latency_wall_batch1_ms,1,348,0.1027,ms
CO,DENSE_PINN,cpu,2,2,latency_wall_batch1_ms,1,349,0.0427,ms
CO,DENSE_PINN,cpu,2,2,latency_wall_batch1_ms,1,350,0.0426,ms
CO,DENSE_PINN,cpu,2,2,latency_wall_batch1_ms,1,351,0.0426,ms
CO,DENSE_PINN,cpu,2,2,latency_wall_batch1_ms,1,352,0.0426,ms
CO,DENSE_PINN,cpu,2,2,latency_wall_batch1_ms,1,353,0.0422,ms
CO,DENSE_PINN,cpu,2,2,latency_wall_batch1_ms,1,354,0.0427,ms
CO,DENSE_PINN,cpu,2,2,latency_wall_batch1_ms,1,355,0.0423,ms
CO,DENSE_PINN,cpu,2,2,latency_wall_batch1_ms,1,356,0.0426,ms
CO,DENSE_PINN,cpu,2,2,latency_wall_batch1_ms,1,357,0.0424,ms
CO,DENSE_PINN,cpu,2,2,latency_wall_batch1_ms,1,358,0.0421,ms
CO,DENSE_PINN,cpu,2,2,latency_wall_batch1_ms,1,359,0.0421,ms
CO,DENSE_PINN,cpu,2,2,latency_wall_batch1_ms,1,360,0.2563,ms
CO,DENSE_PINN,cpu,2,2,latency_wall_batch1_ms,1,361,0.0425,ms
CO,DENSE_PINN,cpu,2,2,latency_wall_batch1_ms,1,362,0.0427,ms
CO,DENSE_PINN,cpu,2,2,latency_wall_batch1_ms,1,363,0.0421,ms
CO,DENSE_PINN,cpu,2,2,latency_wall_batch1_ms,1,364,0.0495,ms
CO,DENSE_PINN,cpu,2,2,latency_wall_batch1_ms,1,365,0.0446,ms
CO,DENSE_PINN,cpu,2,2,latency_wall_batch1_ms,1,366,0.0429,ms
CO,DENSE_PINN,cpu,2,2,latency_wall_batch1_ms,1,367,0.0427,ms
CO,DENSE_PINN,cpu,2,2,latency_wall_batch1_ms,1,368,0.0423,ms
CO,DENSE_PINN,cpu,2,2,latency_wall_batch1_ms,1,369,0.0422,ms
CO,DENSE_PINN,cpu,2,2,latency_wall_batch1_ms,1,370,0.0426,ms
CO,DENSE_PINN,cpu,2,2,latency_wall_batch1_ms,1,371,0.0422,ms
CO,DENSE_PINN,cpu,2,2,latency_wall_batch1_ms,1,372,0.0421,ms
CO,DENSE_PINN,cpu,2,2,latency_wall_batch1_ms,1,373,0.042,ms
CO,DENSE_PINN,cpu,2,2,latency_wall_batch1_ms,1,374,0.0425,ms
CO,DENSE_PINN,cpu,2,2,latency_wall_batch1_ms,1,375,0.0419,ms
CO,DENSE_PINN,cpu,2,2,latency_wall_batch1_ms,1,376,0.0469,ms
CO,DENSE_PINN,cpu,2,2,latency_wall_batch1_ms,1,377,0.0425,ms
CO,DENSE_PINN,cpu,2,2,latency_wall_batch1_ms,1,378,0.0427,ms
CO,DENSE_PINN,cpu,2,2,latency_wall_batch1_ms,1,379,0.0423,ms
CO,DENSE_PINN,cpu,2,2,latency_wall_batch1_ms,1,380,0.0422,ms
CO,DENSE_PINN,cpu,2,2,latency_wall_batch1_ms,1,381,0.0425,ms
CO,DENSE_PINN,cpu,2,2,latency_wall_batch1_ms,1,382,0.0417,ms
CO,DENSE_PINN,cpu,2,2,latency_wall_batch1_ms,1,383,0.0474,ms
CO,DENSE_PINN,cpu,2,2,latency_wall_batch1_ms,1,384,0.0429,ms
CO,DENSE_PINN,cpu,2,2,latency_wall_batch1_ms,1,385,0.0422,ms
CO,DENSE_PINN,cpu,2,2,latency_wall_batch1_ms,1,386,0.0426,ms
CO,DENSE_PINN,cpu,2,2,latency_wall_batch1_ms,1,387,0.0425,ms
CO,DENSE_PINN,cpu,2,2,latency_wall_batch1_ms,1,388,0.0426,ms
CO,DENSE_PINN,cpu,2,2,latency_wall_batch1_ms,1,389,0.0421,ms
CO,DENSE_PINN,cpu,2,2,latency_wall_batch1_ms,1,390,0.0421,ms
CO,DENSE_PINN,cpu,2,2,latency_wall_batch1_ms,1,391,0.0419,ms
CO,DENSE_PINN,cpu,2,2,latency_wall_batch1_ms,1,392,0.042,ms
CO,DENSE_PINN,cpu,2,2,latency_wall_batch1_ms,1,393,0.0419,ms
CO,DENSE_PINN,cpu,2,2,latency_wall_batch1_ms,1,394,0.0421,ms
CO,DENSE_PINN,cpu,2,2,latency_wall_batch1_ms,1,395,0.0423,ms
CO,DENSE_PINN,cpu,2,2,latency_wall_batch1_ms,1,396,0.042,ms
CO,DENSE_PINN,cpu,2,2,latency_wall_batch1_ms,1,397,0.0431,ms
CO,DENSE_PINN,cpu,2,2,latency_wall_batch1_ms,1,398,0.0425,ms
CO,DENSE_PINN,cpu,2,2,latency_wall_batch1_ms,1,399,0.0422,ms
CO,DENSE_PINN,cpu,2,2,throughput_rows_s,1,0,23474.17840375587,rows/s
CO,DENSE_PINN,cpu,2,2,throughput_rows_s,1,1,23866.34844868735,rows/s
CO,DENSE_PINN,cpu,2,2,throughput_rows_s,1,2,24038.461538461543,rows/s
CO,DENSE_PINN,cpu,2,2,throughput_rows_s,1,3,23923.444976076556,rows/s
CO,DENSE_PINN,cpu,2,2,throughput_rows_s,1,4,23980.815347721822,rows/s
CO,DENSE_PINN,cpu,2,2,throughput_rows_s,1,5,24038.461538461543,rows/s
CO,DENSE_PINN,cpu,2,2,throughput_rows_s,1,6,24038.461538461543,rows/s
CO,DENSE_PINN,cpu,2,2,throughput_rows_s,1,7,23923.444976076556,rows/s
CO,DENSE_PINN,cpu,2,2,throughput_rows_s,1,8,23923.444976076556,rows/s
CO,DENSE_PINN,cpu,2,2,throughput_rows_s,1,9,24038.461538461543,rows/s
CO,DENSE_PINN,cpu,2,2,throughput_rows_s,1,10,24096.385542168675,rows/s
CO,DENSE_PINN,cpu,2,2,throughput_rows_s,1,11,24390.243902439022,rows/s
CO,DENSE_PINN,cpu,2,2,throughput_rows_s,16,0,193470.3748488513,rows/s
CO,DENSE_PINN,cpu,2,2,throughput_rows_s,16,1,202788.33967046897,rows/s
CO,DENSE_PINN,cpu,2,2,throughput_rows_s,16,2,206451.61290322582,rows/s
CO,DENSE_PINN,cpu,2,2,throughput_rows_s,16,3,210803.68906455862,rows/s
CO,DENSE_PINN,cpu,2,2,throughput_rows_s,16,4,208604.9543676662,rows/s
CO,DENSE_PINN,cpu,2,2,throughput_rows_s,16,5,210526.31578947368,rows/s
CO,DENSE_PINN,cpu,2,2,throughput_rows_s,16,6,208877.28459530024,rows/s
CO,DENSE_PINN,cpu,2,2,throughput_rows_s,16,7,208877.28459530024,rows/s
CO,DENSE_PINN,cpu,2,2,throughput_rows_s,16,8,210526.31578947368,rows/s
CO,DENSE_PINN,cpu,2,2,throughput_rows_s,16,9,209424.0837696335,rows/s
CO,DENSE_PINN,cpu,2,2,throughput_rows_s,16,10,207522.69779507132,rows/s
CO,DENSE_PINN,cpu,2,2,throughput_rows_s,16,11,208877.28459530024,rows/s
CO,DENSE_PINN,cpu,2,2,throughput_rows_s,64,0,583409.2980856881,rows/s
CO,DENSE_PINN,cpu,2,2,throughput_rows_s,64,1,638085.742771685,rows/s
CO,DENSE_PINN,cpu,2,2,throughput_rows_s,64,2,636815.9203980099,rows/s
CO,DENSE_PINN,cpu,2,2,throughput_rows_s,64,3,617164.8987463838,rows/s
CO,DENSE_PINN,cpu,2,2,throughput_rows_s,64,4,633663.3663366337,rows/s
CO,DENSE_PINN,cpu,2,2,throughput_rows_s,64,5,632411.0671936759,rows/s
CO,DENSE_PINN,cpu,2,2,throughput_rows_s,64,6,637450.1992031873,rows/s
CO,DENSE_PINN,cpu,2,2,throughput_rows_s,64,7,613614.5733461169,rows/s
CO,DENSE_PINN,cpu,2,2,throughput_rows_s,64,8,626223.0919765166,rows/s
CO,DENSE_PINN,cpu,2,2,throughput_rows_s,64,9,631786.771964462,rows/s
CO,DENSE_PINN,cpu,2,2,throughput_rows_s,64,10,579185.5203619909,rows/s
CO,DENSE_PINN,cpu,2,2,throughput_rows_s,64,11,616570.3275529864,rows/s
CO,DENSE_PINN,cpu,2,2,throughput_rows_s,256,0,1302798.982188295,rows/s
CO,DENSE_PINN,cpu,2,2,throughput_rows_s,256,1,1330561.3305613305,rows/s
CO,DENSE_PINN,cpu,2,2,throughput_rows_s,256,2,1305456.3997960226,rows/s
CO,DENSE_PINN,cpu,2,2,throughput_rows_s,256,3,1343126.9674711437,rows/s
CO,DENSE_PINN,cpu,2,2,throughput_rows_s,256,4,1314843.3487416536,rows/s
CO,DENSE_PINN,cpu,2,2,throughput_rows_s,256,5,1330561.3305613305,rows/s
CO,DENSE_PINN,cpu,2,2,throughput_rows_s,256,6,1306122.4489795917,rows/s
CO,DENSE_PINN,cpu,2,2,throughput_rows_s,256,7,1097770.154373928,rows/s
CO,DENSE_PINN,cpu,2,2,throughput_rows_s,256,8,1307456.5883554649,rows/s
CO,DENSE_PINN,cpu,2,2,throughput_rows_s,256,9,1318907.7794951056,rows/s
CO,DENSE_PINN,cpu,2,2,throughput_rows_s,256,10,1331253.2501300052,rows/s
CO,DENSE_PINN,cpu,2,2,throughput_rows_s,256,11,1321631.3887454825,rows/s
CO,DENSE_PINN,cpu,2,2,throughput_rows_s,1024,0,3107738.998482549,rows/s
CO,DENSE_PINN,cpu,2,2,throughput_rows_s,1024,1,2959537.5722543355,rows/s
CO,DENSE_PINN,cpu,2,2,throughput_rows_s,1024,2,3047619.047619047,rows/s
CO,DENSE_PINN,cpu,2,2,throughput_rows_s,1024,3,3043090.638930163,rows/s
CO,DENSE_PINN,cpu,2,2,throughput_rows_s,1024,4,3035873.1099911057,rows/s
CO,DENSE_PINN,cpu,2,2,throughput_rows_s,1024,5,1634999.201660546,rows/s
CO,DENSE_PINN,cpu,2,2,throughput_rows_s,1024,6,1396236.7057540223,rows/s
CO,DENSE_PINN,cpu,2,2,throughput_rows_s,1024,7,1317041.800643087,rows/s
CO,DENSE_PINN,cpu,2,2,throughput_rows_s,1024,8,2982813.8654238274,rows/s
CO,DENSE_PINN,cpu,2,2,throughput_rows_s,1024,9,3122903.3241842026,rows/s
CO,DENSE_PINN,cpu,2,2,throughput_rows_s,1024,10,3125763.1257631257,rows/s
CO,DENSE_PINN,cpu,2,2,throughput_rows_s,1024,11,3081552.8137225397,rows/s
CO,DENSE_PINN,cpu,2,2,throughput_rows_s,4096,0,3255703.04427311,rows/s
CO,DENSE_PINN,cpu,2,2,throughput_rows_s,4096,1,4246759.979263867,rows/s
CO,DENSE_PINN,cpu,2,2,throughput_rows_s,4096,2,4190281.3299232735,rows/s
CO,DENSE_PINN,cpu,2,2,throughput_rows_s,4096,3,3343400.538731532,rows/s
CO,DENSE_PINN,cpu,2,2,throughput_rows_s,4096,4,4283622.673080945,rows/s
CO,DENSE_PINN,cpu,2,2,throughput_rows_s,4096,5,4257353.705436026,rows/s
CO,DENSE_PINN,cpu,2,2,throughput_rows_s,4096,6,4348656.969954348,rows/s
CO,DENSE_PINN,cpu,2,2,throughput_rows_s,4096,7,4371398.078975454,rows/s
CO,DENSE_PINN,cpu,2,2,throughput_rows_s,4096,8,4308404.33364889,rows/s
CO,DENSE_PINN,cpu,2,2,throughput_rows_s,4096,9,4313849.394418115,rows/s
CO,DENSE_PINN,cpu,2,2,throughput_rows_s,4096,10,4291251.964379256,rows/s
CO,DENSE_PINN,cpu,2,2,throughput_rows_s,4096,11,4333932.917151624,rows/s
CO,DENSE_PINN,cpu,3,1,latency_wall_batch1_ms,1,0,0.0446,ms
CO,DENSE_PINN,cpu,3,1,latency_wall_batch1_ms,1,1,0.0439,ms
CO,DENSE_PINN,cpu,3,1,latency_wall_batch1_ms,1,2,0.0436,ms
CO,DENSE_PINN,cpu,3,1,latency_wall_batch1_ms,1,3,0.0438,ms
CO,DENSE_PINN,cpu,3,1,latency_wall_batch1_ms,1,4,0.0454,ms
CO,DENSE_PINN,cpu,3,1,latency_wall_batch1_ms,1,5,0.0437,ms
CO,DENSE_PINN,cpu,3,1,latency_wall_batch1_ms,1,6,0.043,ms
CO,DENSE_PINN,cpu,3,1,latency_wall_batch1_ms,1,7,0.0428,ms
CO,DENSE_PINN,cpu,3,1,latency_wall_batch1_ms,1,8,0.0427,ms
CO,DENSE_PINN,cpu,3,1,latency_wall_batch1_ms,1,9,0.0471,ms
CO,DENSE_PINN,cpu,3,1,latency_wall_batch1_ms,1,10,0.0437,ms
CO,DENSE_PINN,cpu,3,1,latency_wall_batch1_ms,1,11,0.0494,ms
CO,DENSE_PINN,cpu,3,1,latency_wall_batch1_ms,1,12,0.0432,ms
CO,DENSE_PINN,cpu,3,1,latency_wall_batch1_ms,1,13,0.0427,ms
CO,DENSE_PINN,cpu,3,1,latency_wall_batch1_ms,1,14,0.043,ms
CO,DENSE_PINN,cpu,3,1,latency_wall_batch1_ms,1,15,0.0423,ms
CO,DENSE_PINN,cpu,3,1,latency_wall_batch1_ms,1,16,0.0428,ms
CO,DENSE_PINN,cpu,3,1,latency_wall_batch1_ms,1,17,0.043,ms
CO,DENSE_PINN,cpu,3,1,latency_wall_batch1_ms,1,18,0.043,ms
CO,DENSE_PINN,cpu,3,1,latency_wall_batch1_ms,1,19,0.0427,ms
CO,DENSE_PINN,cpu,3,1,latency_wall_batch1_ms,1,20,0.467,ms
CO,DENSE_PINN,cpu,3,1,latency_wall_batch1_ms,1,21,0.1483,ms
CO,DENSE_PINN,cpu,3,1,latency_wall_batch1_ms,1,22,0.1387,ms
CO,DENSE_PINN,cpu,3,1,latency_wall_batch1_ms,1,23,0.1535,ms
CO,DENSE_PINN,cpu,3,1,latency_wall_batch1_ms,1,24,0.1343,ms
CO,DENSE_PINN,cpu,3,1,latency_wall_batch1_ms,1,25,0.1334,ms
CO,DENSE_PINN,cpu,3,1,latency_wall_batch1_ms,1,26,0.1369,ms
CO,DENSE_PINN,cpu,3,1,latency_wall_batch1_ms,1,27,0.136,ms
CO,DENSE_PINN,cpu,3,1,latency_wall_batch1_ms,1,28,0.1336,ms
CO,DENSE_PINN,cpu,3,1,latency_wall_batch1_ms,1,29,0.1322,ms
CO,DENSE_PINN,cpu,3,1,latency_wall_batch1_ms,1,30,0.1354,ms
CO,DENSE_PINN,cpu,3,1,latency_wall_batch1_ms,1,31,0.1349,ms
CO,DENSE_PINN,cpu,3,1,latency_wall_batch1_ms,1,32,0.1397,ms
CO,DENSE_PINN,cpu,3,1,latency_wall_batch1_ms,1,33,0.1348,ms
CO,DENSE_PINN,cpu,3,1,latency_wall_batch1_ms,1,34,0.1346,ms
CO,DENSE_PINN,cpu,3,1,latency_wall_batch1_ms,1,35,0.1374,ms
CO,DENSE_PINN,cpu,3,1,latency_wall_batch1_ms,1,36,0.1373,ms
CO,DENSE_PINN,cpu,3,1,latency_wall_batch1_ms,1,37,0.1325,ms
CO,DENSE_PINN,cpu,3,1,latency_wall_batch1_ms,1,38,0.1131,ms
CO,DENSE_PINN,cpu,3,1,latency_wall_batch1_ms,1,39,0.0468,ms
CO,DENSE_PINN,cpu,3,1,latency_wall_batch1_ms,1,40,0.0431,ms
CO,DENSE_PINN,cpu,3,1,latency_wall_batch1_ms,1,41,0.0424,ms
CO,DENSE_PINN,cpu,3,1,latency_wall_batch1_ms,1,42,0.0434,ms
CO,DENSE_PINN,cpu,3,1,latency_wall_batch1_ms,1,43,0.0464,ms
CO,DENSE_PINN,cpu,3,1,latency_wall_batch1_ms,1,44,0.0428,ms
CO,DENSE_PINN,cpu,3,1,latency_wall_batch1_ms,1,45,0.0426,ms
CO,DENSE_PINN,cpu,3,1,latency_wall_batch1_ms,1,46,0.0427,ms
CO,DENSE_PINN,cpu,3,1,latency_wall_batch1_ms,1,47,0.0432,ms
CO,DENSE_PINN,cpu,3,1,latency_wall_batch1_ms,1,48,0.0578,ms
CO,DENSE_PINN,cpu,3,1,latency_wall_batch1_ms,1,49,0.0441,ms
CO,DENSE_PINN,cpu,3,1,latency_wall_batch1_ms,1,50,0.0432,ms
CO,DENSE_PINN,cpu,3,1,latency_wall_batch1_ms,1,51,0.0428,ms
CO,DENSE_PINN,cpu,3,1,latency_wall_batch1_ms,1,52,0.0438,ms
CO,DENSE_PINN,cpu,3,1,latency_wall_batch1_ms,1,53,0.0435,ms
CO,DENSE_PINN,cpu,3,1,latency_wall_batch1_ms,1,54,0.0433,ms
CO,DENSE_PINN,cpu,3,1,latency_wall_batch1_ms,1,55,0.0428,ms
CO,DENSE_PINN,cpu,3,1,latency_wall_batch1_ms,1,56,0.0433,ms
CO,DENSE_PINN,cpu,3,1,latency_wall_batch1_ms,1,57,0.0433,ms
CO,DENSE_PINN,cpu,3,1,latency_wall_batch1_ms,1,58,0.0429,ms
CO,DENSE_PINN,cpu,3,1,latency_wall_batch1_ms,1,59,0.0428,ms
CO,DENSE_PINN,cpu,3,1,latency_wall_batch1_ms,1,60,0.0603,ms
CO,DENSE_PINN,cpu,3,1,latency_wall_batch1_ms,1,61,0.0432,ms
CO,DENSE_PINN,cpu,3,1,latency_wall_batch1_ms,1,62,0.0432,ms
CO,DENSE_PINN,cpu,3,1,latency_wall_batch1_ms,1,63,0.0433,ms
CO,DENSE_PINN,cpu,3,1,latency_wall_batch1_ms,1,64,0.0435,ms
CO,DENSE_PINN,cpu,3,1,latency_wall_batch1_ms,1,65,0.0437,ms
CO,DENSE_PINN,cpu,3,1,latency_wall_batch1_ms,1,66,0.0432,ms
CO,DENSE_PINN,cpu,3,1,latency_wall_batch1_ms,1,67,0.0441,ms
CO,DENSE_PINN,cpu,3,1,latency_wall_batch1_ms,1,68,0.1621,ms
CO,DENSE_PINN,cpu,3,1,latency_wall_batch1_ms,1,69,0.1495,ms
CO,DENSE_PINN,cpu,3,1,latency_wall_batch1_ms,1,70,0.1416,ms
CO,DENSE_PINN,cpu,3,1,latency_wall_batch1_ms,1,71,0.1358,ms
CO,DENSE_PINN,cpu,3,1,latency_wall_batch1_ms,1,72,0.1357,ms
CO,DENSE_PINN,cpu,3,1,latency_wall_batch1_ms,1,73,0.1507,ms
CO,DENSE_PINN,cpu,3,1,latency_wall_batch1_ms,1,74,0.141,ms
CO,DENSE_PINN,cpu,3,1,latency_wall_batch1_ms,1,75,0.1334,ms
CO,DENSE_PINN,cpu,3,1,latency_wall_batch1_ms,1,76,0.1337,ms
CO,DENSE_PINN,cpu,3,1,latency_wall_batch1_ms,1,77,0.1327,ms
CO,DENSE_PINN,cpu,3,1,latency_wall_batch1_ms,1,78,0.1334,ms
CO,DENSE_PINN,cpu,3,1,latency_wall_batch1_ms,1,79,0.1325,ms
CO,DENSE_PINN,cpu,3,1,latency_wall_batch1_ms,1,80,0.144,ms
CO,DENSE_PINN,cpu,3,1,latency_wall_batch1_ms,1,81,0.0479,ms
CO,DENSE_PINN,cpu,3,1,latency_wall_batch1_ms,1,82,0.0438,ms
CO,DENSE_PINN,cpu,3,1,latency_wall_batch1_ms,1,83,0.0431,ms
CO,DENSE_PINN,cpu,3,1,latency_wall_batch1_ms,1,84,0.0431,ms
CO,DENSE_PINN,cpu,3,1,latency_wall_batch1_ms,1,85,0.0451,ms
CO,DENSE_PINN,cpu,3,1,latency_wall_batch1_ms,1,86,0.0426,ms
CO,DENSE_PINN,cpu,3,1,latency_wall_batch1_ms,1,87,0.0419,ms
CO,DENSE_PINN,cpu,3,1,latency_wall_batch1_ms,1,88,0.0424,ms
CO,DENSE_PINN,cpu,3,1,latency_wall_batch1_ms,1,89,0.0418,ms
CO,DENSE_PINN,cpu,3,1,latency_wall_batch1_ms,1,90,0.0424,ms
CO,DENSE_PINN,cpu,3,1,latency_wall_batch1_ms,1,91,0.0423,ms
CO,DENSE_PINN,cpu,3,1,latency_wall_batch1_ms,1,92,0.0418,ms
CO,DENSE_PINN,cpu,3,1,latency_wall_batch1_ms,1,93,0.0416,ms
CO,DENSE_PINN,cpu,3,1,latency_wall_batch1_ms,1,94,0.0422,ms
CO,DENSE_PINN,cpu,3,1,latency_wall_batch1_ms,1,95,0.0423,ms
CO,DENSE_PINN,cpu,3,1,latency_wall_batch1_ms,1,96,0.0423,ms
CO,DENSE_PINN,cpu,3,1,latency_wall_batch1_ms,1,97,0.0438,ms
CO,DENSE_PINN,cpu,3,1,latency_wall_batch1_ms,1,98,0.0425,ms
CO,DENSE_PINN,cpu,3,1,latency_wall_batch1_ms,1,99,0.0438,ms
CO,DENSE_PINN,cpu,3,1,latency_wall_batch1_ms,1,100,0.0426,ms
CO,DENSE_PINN,cpu,3,1,latency_wall_batch1_ms,1,101,0.0429,ms
CO,DENSE_PINN,cpu,3,1,latency_wall_batch1_ms,1,102,0.043,ms
CO,DENSE_PINN,cpu,3,1,latency_wall_batch1_ms,1,103,0.0421,ms
CO,DENSE_PINN,cpu,3,1,latency_wall_batch1_ms,1,104,0.043,ms
CO,DENSE_PINN,cpu,3,1,latency_wall_batch1_ms,1,105,0.0424,ms
CO,DENSE_PINN,cpu,3,1,latency_wall_batch1_ms,1,106,0.0419,ms
CO,DENSE_PINN,cpu,3,1,latency_wall_batch1_ms,1,107,0.0424,ms
CO,DENSE_PINN,cpu,3,1,latency_wall_batch1_ms,1,108,0.0423,ms
CO,DENSE_PINN,cpu,3,1,latency_wall_batch1_ms,1,109,0.0422,ms
CO,DENSE_PINN,cpu,3,1,latency_wall_batch1_ms,1,110,0.0432,ms
CO,DENSE_PINN,cpu,3,1,latency_wall_batch1_ms,1,111,0.0426,ms
CO,DENSE_PINN,cpu,3,1,latency_wall_batch1_ms,1,112,0.0426,ms
CO,DENSE_PINN,cpu,3,1,latency_wall_batch1_ms,1,113,0.0426,ms
CO,DENSE_PINN,cpu,3,1,latency_wall_batch1_ms,1,114,0.0424,ms
CO,DENSE_PINN,cpu,3,1,latency_wall_batch1_ms,1,115,0.0421,ms
CO,DENSE_PINN,cpu,3,1,latency_wall_batch1_ms,1,116,0.0429,ms
CO,DENSE_PINN,cpu,3,1,latency_wall_batch1_ms,1,117,0.0429,ms
CO,DENSE_PINN,cpu,3,1,latency_wall_batch1_ms,1,118,0.0427,ms
CO,DENSE_PINN,cpu,3,1,latency_wall_batch1_ms,1,119,0.0531,ms
CO,DENSE_PINN,cpu,3,1,latency_wall_batch1_ms,1,120,0.0565,ms
CO,DENSE_PINN,cpu,3,1,latency_wall_batch1_ms,1,121,0.0455,ms
CO,DENSE_PINN,cpu,3,1,latency_wall_batch1_ms,1,122,0.0437,ms
CO,DENSE_PINN,cpu,3,1,latency_wall_batch1_ms,1,123,0.043,ms
CO,DENSE_PINN,cpu,3,1,latency_wall_batch1_ms,1,124,0.0434,ms
CO,DENSE_PINN,cpu,3,1,latency_wall_batch1_ms,1,125,0.0436,ms
CO,DENSE_PINN,cpu,3,1,latency_wall_batch1_ms,1,126,0.0433,ms
CO,DENSE_PINN,cpu,3,1,latency_wall_batch1_ms,1,127,0.0428,ms
CO,DENSE_PINN,cpu,3,1,latency_wall_batch1_ms,1,128,0.0437,ms
CO,DENSE_PINN,cpu,3,1,latency_wall_batch1_ms,1,129,0.0434,ms
CO,DENSE_PINN,cpu,3,1,latency_wall_batch1_ms,1,130,0.0433,ms
CO,DENSE_PINN,cpu,3,1,latency_wall_batch1_ms,1,131,0.043,ms
CO,DENSE_PINN,cpu,3,1,latency_wall_batch1_ms,1,132,0.0432,ms
CO,DENSE_PINN,cpu,3,1,latency_wall_batch1_ms,1,133,0.0433,ms
CO,DENSE_PINN,cpu,3,1,latency_wall_batch1_ms,1,134,0.0433,ms
CO,DENSE_PINN,cpu,3,1,latency_wall_batch1_ms,1,135,0.0428,ms
CO,DENSE_PINN,cpu,3,1,latency_wall_batch1_ms,1,136,0.0434,ms
CO,DENSE_PINN,cpu,3,1,latency_wall_batch1_ms,1,137,0.0431,ms
CO,DENSE_PINN,cpu,3,1,latency_wall_batch1_ms,1,138,0.0434,ms
CO,DENSE_PINN,cpu,3,1,latency_wall_batch1_ms,1,139,0.0433,ms
CO,DENSE_PINN,cpu,3,1,latency_wall_batch1_ms,1,140,0.0428,ms
CO,DENSE_PINN,cpu,3,1,latency_wall_batch1_ms,1,141,0.0573,ms
CO,DENSE_PINN,cpu,3,1,latency_wall_batch1_ms,1,142,0.0436,ms
CO,DENSE_PINN,cpu,3,1,latency_wall_batch1_ms,1,143,0.0432,ms
CO,DENSE_PINN,cpu,3,1,latency_wall_batch1_ms,1,144,0.0434,ms
CO,DENSE_PINN,cpu,3,1,latency_wall_batch1_ms,1,145,0.0434,ms
CO,DENSE_PINN,cpu,3,1,latency_wall_batch1_ms,1,146,0.044,ms
CO,DENSE_PINN,cpu,3,1,latency_wall_batch1_ms,1,147,0.0434,ms
CO,DENSE_PINN,cpu,3,1,latency_wall_batch1_ms,1,148,0.0435,ms
CO,DENSE_PINN,cpu,3,1,latency_wall_batch1_ms,1,149,0.0434,ms
CO,DENSE_PINN,cpu,3,1,latency_wall_batch1_ms,1,150,0.0431,ms
CO,DENSE_PINN,cpu,3,1,latency_wall_batch1_ms,1,151,0.0427,ms
CO,DENSE_PINN,cpu,3,1,latency_wall_batch1_ms,1,152,0.0433,ms
CO,DENSE_PINN,cpu,3,1,latency_wall_batch1_ms,1,153,0.0437,ms
CO,DENSE_PINN,cpu,3,1,latency_wall_batch1_ms,1,154,0.0435,ms
CO,DENSE_PINN,cpu,3,1,latency_wall_batch1_ms,1,155,0.043,ms
CO,DENSE_PINN,cpu,3,1,latency_wall_batch1_ms,1,156,0.0436,ms
CO,DENSE_PINN,cpu,3,1,latency_wall_batch1_ms,1,157,0.0434,ms
CO,DENSE_PINN,cpu,3,1,latency_wall_batch1_ms,1,158,0.0438,ms
CO,DENSE_PINN,cpu,3,1,latency_wall_batch1_ms,1,159,0.0967,ms
CO,DENSE_PINN,cpu,3,1,latency_wall_batch1_ms,1,160,0.0428,ms
CO,DENSE_PINN,cpu,3,1,latency_wall_batch1_ms,1,161,0.0426,ms
CO,DENSE_PINN,cpu,3,1,latency_wall_batch1_ms,1,162,0.0427,ms
CO,DENSE_PINN,cpu,3,1,latency_wall_batch1_ms,1,163,0.0519,ms
CO,DENSE_PINN,cpu,3,1,latency_wall_batch1_ms,1,164,0.0434,ms
CO,DENSE_PINN,cpu,3,1,latency_wall_batch1_ms,1,165,0.0428,ms
CO,DENSE_PINN,cpu,3,1,latency_wall_batch1_ms,1,166,0.0425,ms
CO,DENSE_PINN,cpu,3,1,latency_wall_batch1_ms,1,167,0.0426,ms
CO,DENSE_PINN,cpu,3,1,latency_wall_batch1_ms,1,168,0.3472,ms
CO,DENSE_PINN,cpu,3,1,latency_wall_batch1_ms,1,169,0.1931,ms
CO,DENSE_PINN,cpu,3,1,latency_wall_batch1_ms,1,170,0.049,ms
CO,DENSE_PINN,cpu,3,1,latency_wall_batch1_ms,1,171,0.0453,ms
CO,DENSE_PINN,cpu,3,1,latency_wall_batch1_ms,1,172,0.0447,ms
CO,DENSE_PINN,cpu,3,1,latency_wall_batch1_ms,1,173,0.0441,ms
CO,DENSE_PINN,cpu,3,1,latency_wall_batch1_ms,1,174,0.0439,ms
CO,DENSE_PINN,cpu,3,1,latency_wall_batch1_ms,1,175,0.0433,ms
CO,DENSE_PINN,cpu,3,1,latency_wall_batch1_ms,1,176,0.0436,ms
CO,DENSE_PINN,cpu,3,1,latency_wall_batch1_ms,1,177,0.0499,ms
CO,DENSE_PINN,cpu,3,1,latency_wall_batch1_ms,1,178,0.0448,ms
CO,DENSE_PINN,cpu,3,1,latency_wall_batch1_ms,1,179,0.0436,ms
CO,DENSE_PINN,cpu,3,1,latency_wall_batch1_ms,1,180,0.0438,ms
CO,DENSE_PINN,cpu,3,1,latency_wall_batch1_ms,1,181,0.0435,ms
CO,DENSE_PINN,cpu,3,1,latency_wall_batch1_ms,1,182,0.0431,ms
CO,DENSE_PINN,cpu,3,1,latency_wall_batch1_ms,1,183,0.0437,ms
CO,DENSE_PINN,cpu,3,1,latency_wall_batch1_ms,1,184,0.0432,ms
CO,DENSE_PINN,cpu,3,1,latency_wall_batch1_ms,1,185,0.0434,ms
CO,DENSE_PINN,cpu,3,1,latency_wall_batch1_ms,1,186,0.0499,ms
CO,DENSE_PINN,cpu,3,1,latency_wall_batch1_ms,1,187,0.0458,ms
CO,DENSE_PINN,cpu,3,1,latency_wall_batch1_ms,1,188,0.0561,ms
CO,DENSE_PINN,cpu,3,1,latency_wall_batch1_ms,1,189,0.044,ms
CO,DENSE_PINN,cpu,3,1,latency_wall_batch1_ms,1,190,0.043,ms
CO,DENSE_PINN,cpu,3,1,latency_wall_batch1_ms,1,191,0.05,ms
CO,DENSE_PINN,cpu,3,1,latency_wall_batch1_ms,1,192,0.0476,ms
CO,DENSE_PINN,cpu,3,1,latency_wall_batch1_ms,1,193,0.0537,ms
CO,DENSE_PINN,cpu,3,1,latency_wall_batch1_ms,1,194,0.0436,ms
CO,DENSE_PINN,cpu,3,1,latency_wall_batch1_ms,1,195,0.0499,ms
CO,DENSE_PINN,cpu,3,1,latency_wall_batch1_ms,1,196,0.0436,ms
CO,DENSE_PINN,cpu,3,1,latency_wall_batch1_ms,1,197,0.0437,ms
CO,DENSE_PINN,cpu,3,1,latency_wall_batch1_ms,1,198,0.0508,ms
CO,DENSE_PINN,cpu,3,1,latency_wall_batch1_ms,1,199,0.0551,ms
CO,DENSE_PINN,cpu,3,1,latency_wall_batch1_ms,1,200,0.0445,ms
CO,DENSE_PINN,cpu,3,1,latency_wall_batch1_ms,1,201,0.0498,ms
CO,DENSE_PINN,cpu,3,1,latency_wall_batch1_ms,1,202,0.044,ms
CO,DENSE_PINN,cpu,3,1,latency_wall_batch1_ms,1,203,0.0442,ms
CO,DENSE_PINN,cpu,3,1,latency_wall_batch1_ms,1,204,0.0427,ms
CO,DENSE_PINN,cpu,3,1,latency_wall_batch1_ms,1,205,0.0435,ms
CO,DENSE_PINN,cpu,3,1,latency_wall_batch1_ms,1,206,0.0432,ms
CO,DENSE_PINN,cpu,3,1,latency_wall_batch1_ms,1,207,0.0438,ms
CO,DENSE_PINN,cpu,3,1,latency_wall_batch1_ms,1,208,0.0433,ms
CO,DENSE_PINN,cpu,3,1,latency_wall_batch1_ms,1,209,0.0497,ms
CO,DENSE_PINN,cpu,3,1,latency_wall_batch1_ms,1,210,0.0441,ms
CO,DENSE_PINN,cpu,3,1,latency_wall_batch1_ms,1,211,0.0437,ms
CO,DENSE_PINN,cpu,3,1,latency_wall_batch1_ms,1,212,0.0437,ms
CO,DENSE_PINN,cpu,3,1,latency_wall_batch1_ms,1,213,0.0436,ms
CO,DENSE_PINN,cpu,3,1,latency_wall_batch1_ms,1,214,0.044,ms
CO,DENSE_PINN,cpu,3,1,latency_wall_batch1_ms,1,215,0.0438,ms
CO,DENSE_PINN,cpu,3,1,latency_wall_batch1_ms,1,216,0.0442,ms
CO,DENSE_PINN,cpu,3,1,latency_wall_batch1_ms,1,217,0.043,ms
CO,DENSE_PINN,cpu,3,1,latency_wall_batch1_ms,1,218,0.0439,ms
CO,DENSE_PINN,cpu,3,1,latency_wall_batch1_ms,1,219,0.0436,ms
CO,DENSE_PINN,cpu,3,1,latency_wall_batch1_ms,1,220,0.0436,ms
CO,DENSE_PINN,cpu,3,1,latency_wall_batch1_ms,1,221,0.0994,ms
CO,DENSE_PINN,cpu,3,1,latency_wall_batch1_ms,1,222,0.0433,ms
CO,DENSE_PINN,cpu,3,1,latency_wall_batch1_ms,1,223,0.0426,ms
CO,DENSE_PINN,cpu,3,1,latency_wall_batch1_ms,1,224,0.0427,ms
CO,DENSE_PINN,cpu,3,1,latency_wall_batch1_ms,1,225,0.0435,ms
CO,DENSE_PINN,cpu,3,1,latency_wall_batch1_ms,1,226,0.0431,ms
CO,DENSE_PINN,cpu,3,1,latency_wall_batch1_ms,1,227,0.0434,ms
CO,DENSE_PINN,cpu,3,1,latency_wall_batch1_ms,1,228,0.0437,ms
CO,DENSE_PINN,cpu,3,1,latency_wall_batch1_ms,1,229,0.0433,ms
CO,DENSE_PINN,cpu,3,1,latency_wall_batch1_ms,1,230,0.0591,ms
CO,DENSE_PINN,cpu,3,1,latency_wall_batch1_ms,1,231,0.0448,ms
CO,DENSE_PINN,cpu,3,1,latency_wall_batch1_ms,1,232,0.0436,ms
CO,DENSE_PINN,cpu,3,1,latency_wall_batch1_ms,1,233,0.0454,ms
CO,DENSE_PINN,cpu,3,1,latency_wall_batch1_ms,1,234,0.0443,ms
CO,DENSE_PINN,cpu,3,1,latency_wall_batch1_ms,1,235,0.0513,ms
CO,DENSE_PINN,cpu,3,1,latency_wall_batch1_ms,1,236,0.0505,ms
CO,DENSE_PINN,cpu,3,1,latency_wall_batch1_ms,1,237,0.0451,ms
CO,DENSE_PINN,cpu,3,1,latency_wall_batch1_ms,1,238,0.0445,ms
CO,DENSE_PINN,cpu,3,1,latency_wall_batch1_ms,1,239,0.0445,ms
CO,DENSE_PINN,cpu,3,1,latency_wall_batch1_ms,1,240,0.0477,ms
CO,DENSE_PINN,cpu,3,1,latency_wall_batch1_ms,1,241,0.0529,ms
CO,DENSE_PINN,cpu,3,1,latency_wall_batch1_ms,1,242,0.044,ms
CO,DENSE_PINN,cpu,3,1,latency_wall_batch1_ms,1,243,0.0443,ms
CO,DENSE_PINN,cpu,3,1,latency_wall_batch1_ms,1,244,0.0435,ms
CO,DENSE_PINN,cpu,3,1,latency_wall_batch1_ms,1,245,0.044,ms
CO,DENSE_PINN,cpu,3,1,latency_wall_batch1_ms,1,246,0.0457,ms
CO,DENSE_PINN,cpu,3,1,latency_wall_batch1_ms,1,247,0.0466,ms
CO,DENSE_PINN,cpu,3,1,latency_wall_batch1_ms,1,248,0.0446,ms
CO,DENSE_PINN,cpu,3,1,latency_wall_batch1_ms,1,249,0.043,ms
CO,DENSE_PINN,cpu,3,1,latency_wall_batch1_ms,1,250,0.0439,ms
CO,DENSE_PINN,cpu,3,1,latency_wall_batch1_ms,1,251,0.1421,ms
CO,DENSE_PINN,cpu,3,1,latency_wall_batch1_ms,1,252,0.0507,ms
CO,DENSE_PINN,cpu,3,1,latency_wall_batch1_ms,1,253,0.0471,ms
CO,DENSE_PINN,cpu,3,1,latency_wall_batch1_ms,1,254,0.0472,ms
CO,DENSE_PINN,cpu,3,1,latency_wall_batch1_ms,1,255,0.0491,ms
CO,DENSE_PINN,cpu,3,1,latency_wall_batch1_ms,1,256,0.0706,ms
CO,DENSE_PINN,cpu,3,1,latency_wall_batch1_ms,1,257,0.0473,ms
CO,DENSE_PINN,cpu,3,1,latency_wall_batch1_ms,1,258,0.0499,ms
CO,DENSE_PINN,cpu,3,1,latency_wall_batch1_ms,1,259,0.0446,ms
CO,DENSE_PINN,cpu,3,1,latency_wall_batch1_ms,1,260,0.0867,ms
CO,DENSE_PINN,cpu,3,1,latency_wall_batch1_ms,1,261,0.0505,ms
CO,DENSE_PINN,cpu,3,1,latency_wall_batch1_ms,1,262,0.0474,ms
CO,DENSE_PINN,cpu,3,1,latency_wall_batch1_ms,1,263,0.0848,ms
CO,DENSE_PINN,cpu,3,1,latency_wall_batch1_ms,1,264,0.0567,ms
CO,DENSE_PINN,cpu,3,1,latency_wall_batch1_ms,1,265,0.2386,ms
CO,DENSE_PINN,cpu,3,1,latency_wall_batch1_ms,1,266,0.1424,ms
CO,DENSE_PINN,cpu,3,1,latency_wall_batch1_ms,1,267,0.3095,ms
CO,DENSE_PINN,cpu,3,1,latency_wall_batch1_ms,1,268,0.1327,ms
CO,DENSE_PINN,cpu,3,1,latency_wall_batch1_ms,1,269,0.1334,ms
CO,DENSE_PINN,cpu,3,1,latency_wall_batch1_ms,1,270,0.1328,ms
CO,DENSE_PINN,cpu,3,1,latency_wall_batch1_ms,1,271,0.1323,ms
CO,DENSE_PINN,cpu,3,1,latency_wall_batch1_ms,1,272,0.133,ms
CO,DENSE_PINN,cpu,3,1,latency_wall_batch1_ms,1,273,0.1322,ms
CO,DENSE_PINN,cpu,3,1,latency_wall_batch1_ms,1,274,0.1328,ms
CO,DENSE_PINN,cpu,3,1,latency_wall_batch1_ms,1,275,0.1728,ms
CO,DENSE_PINN,cpu,3,1,latency_wall_batch1_ms,1,276,0.0607,ms
CO,DENSE_PINN,cpu,3,1,latency_wall_batch1_ms,1,277,0.0511,ms
CO,DENSE_PINN,cpu,3,1,latency_wall_batch1_ms,1,278,0.0549,ms
CO,DENSE_PINN,cpu,3,1,latency_wall_batch1_ms,1,279,0.0435,ms
CO,DENSE_PINN,cpu,3,1,latency_wall_batch1_ms,1,280,0.0563,ms
CO,DENSE_PINN,cpu,3,1,latency_wall_batch1_ms,1,281,0.043,ms
CO,DENSE_PINN,cpu,3,1,latency_wall_batch1_ms,1,282,0.0426,ms
CO,DENSE_PINN,cpu,3,1,latency_wall_batch1_ms,1,283,0.0429,ms
CO,DENSE_PINN,cpu,3,1,latency_wall_batch1_ms,1,284,0.0467,ms
CO,DENSE_PINN,cpu,3,1,latency_wall_batch1_ms,1,285,0.0425,ms
CO,DENSE_PINN,cpu,3,1,latency_wall_batch1_ms,1,286,0.0425,ms
CO,DENSE_PINN,cpu,3,1,latency_wall_batch1_ms,1,287,0.0424,ms
CO,DENSE_PINN,cpu,3,1,latency_wall_batch1_ms,1,288,0.044,ms
CO,DENSE_PINN,cpu,3,1,latency_wall_batch1_ms,1,289,0.0488,ms
CO,DENSE_PINN,cpu,3,1,latency_wall_batch1_ms,1,290,0.0423,ms
CO,DENSE_PINN,cpu,3,1,latency_wall_batch1_ms,1,291,0.0425,ms
CO,DENSE_PINN,cpu,3,1,latency_wall_batch1_ms,1,292,0.0425,ms
CO,DENSE_PINN,cpu,3,1,latency_wall_batch1_ms,1,293,0.0489,ms
CO,DENSE_PINN,cpu,3,1,latency_wall_batch1_ms,1,294,0.0455,ms
CO,DENSE_PINN,cpu,3,1,latency_wall_batch1_ms,1,295,0.0426,ms
CO,DENSE_PINN,cpu,3,1,latency_wall_batch1_ms,1,296,0.0426,ms
CO,DENSE_PINN,cpu,3,1,latency_wall_batch1_ms,1,297,0.0422,ms
CO,DENSE_PINN,cpu,3,1,latency_wall_batch1_ms,1,298,0.0423,ms
CO,DENSE_PINN,cpu,3,1,latency_wall_batch1_ms,1,299,0.0427,ms
CO,DENSE_PINN,cpu,3,1,latency_wall_batch1_ms,1,300,0.0428,ms
CO,DENSE_PINN,cpu,3,1,latency_wall_batch1_ms,1,301,0.0423,ms
CO,DENSE_PINN,cpu,3,1,latency_wall_batch1_ms,1,302,0.0425,ms
CO,DENSE_PINN,cpu,3,1,latency_wall_batch1_ms,1,303,0.0428,ms
CO,DENSE_PINN,cpu,3,1,latency_wall_batch1_ms,1,304,0.0432,ms
CO,DENSE_PINN,cpu,3,1,latency_wall_batch1_ms,1,305,0.0427,ms
CO,DENSE_PINN,cpu,3,1,latency_wall_batch1_ms,1,306,0.0425,ms
CO,DENSE_PINN,cpu,3,1,latency_wall_batch1_ms,1,307,0.0425,ms
CO,DENSE_PINN,cpu,3,1,latency_wall_batch1_ms,1,308,0.0421,ms
CO,DENSE_PINN,cpu,3,1,latency_wall_batch1_ms,1,309,0.0424,ms
CO,DENSE_PINN,cpu,3,1,latency_wall_batch1_ms,1,310,0.0428,ms
CO,DENSE_PINN,cpu,3,1,latency_wall_batch1_ms,1,311,0.0426,ms
CO,DENSE_PINN,cpu,3,1,latency_wall_batch1_ms,1,312,0.0426,ms
CO,DENSE_PINN,cpu,3,1,latency_wall_batch1_ms,1,313,0.0551,ms
CO,DENSE_PINN,cpu,3,1,latency_wall_batch1_ms,1,314,0.0432,ms
CO,DENSE_PINN,cpu,3,1,latency_wall_batch1_ms,1,315,0.0427,ms
CO,DENSE_PINN,cpu,3,1,latency_wall_batch1_ms,1,316,0.0418,ms
CO,DENSE_PINN,cpu,3,1,latency_wall_batch1_ms,1,317,0.042,ms
CO,DENSE_PINN,cpu,3,1,latency_wall_batch1_ms,1,318,0.0425,ms
CO,DENSE_PINN,cpu,3,1,latency_wall_batch1_ms,1,319,0.0423,ms
CO,DENSE_PINN,cpu,3,1,latency_wall_batch1_ms,1,320,0.0424,ms
CO,DENSE_PINN,cpu,3,1,latency_wall_batch1_ms,1,321,0.0419,ms
CO,DENSE_PINN,cpu,3,1,latency_wall_batch1_ms,1,322,0.0419,ms
CO,DENSE_PINN,cpu,3,1,latency_wall_batch1_ms,1,323,0.0422,ms
CO,DENSE_PINN,cpu,3,1,latency_wall_batch1_ms,1,324,0.0424,ms
CO,DENSE_PINN,cpu,3,1,latency_wall_batch1_ms,1,325,0.042,ms
CO,DENSE_PINN,cpu,3,1,latency_wall_batch1_ms,1,326,0.0424,ms
CO,DENSE_PINN,cpu,3,1,latency_wall_batch1_ms,1,327,0.0425,ms
CO,DENSE_PINN,cpu,3,1,latency_wall_batch1_ms,1,328,0.0422,ms
CO,DENSE_PINN,cpu,3,1,latency_wall_batch1_ms,1,329,0.0426,ms
CO,DENSE_PINN,cpu,3,1,latency_wall_batch1_ms,1,330,0.0604,ms
CO,DENSE_PINN,cpu,3,1,latency_wall_batch1_ms,1,331,0.0437,ms
CO,DENSE_PINN,cpu,3,1,latency_wall_batch1_ms,1,332,0.0422,ms
CO,DENSE_PINN,cpu,3,1,latency_wall_batch1_ms,1,333,0.0428,ms
CO,DENSE_PINN,cpu,3,1,latency_wall_batch1_ms,1,334,0.0424,ms
CO,DENSE_PINN,cpu,3,1,latency_wall_batch1_ms,1,335,0.0428,ms
CO,DENSE_PINN,cpu,3,1,latency_wall_batch1_ms,1,336,0.0431,ms
CO,DENSE_PINN,cpu,3,1,latency_wall_batch1_ms,1,337,0.0425,ms
CO,DENSE_PINN,cpu,3,1,latency_wall_batch1_ms,1,338,0.0427,ms
CO,DENSE_PINN,cpu,3,1,latency_wall_batch1_ms,1,339,0.0423,ms
CO,DENSE_PINN,cpu,3,1,latency_wall_batch1_ms,1,340,0.0427,ms
CO,DENSE_PINN,cpu,3,1,latency_wall_batch1_ms,1,341,0.0897,ms
CO,DENSE_PINN,cpu,3,1,latency_wall_batch1_ms,1,342,0.2891,ms
CO,DENSE_PINN,cpu,3,1,latency_wall_batch1_ms,1,343,0.0863,ms
CO,DENSE_PINN,cpu,3,1,latency_wall_batch1_ms,1,344,0.0848,ms
CO,DENSE_PINN,cpu,3,1,latency_wall_batch1_ms,1,345,0.0509,ms
CO,DENSE_PINN,cpu,3,1,latency_wall_batch1_ms,1,346,0.0448,ms
CO,DENSE_PINN,cpu,3,1,latency_wall_batch1_ms,1,347,0.044,ms
CO,DENSE_PINN,cpu,3,1,latency_wall_batch1_ms,1,348,0.0433,ms
CO,DENSE_PINN,cpu,3,1,latency_wall_batch1_ms,1,349,0.0434,ms
CO,DENSE_PINN,cpu,3,1,latency_wall_batch1_ms,1,350,0.0478,ms
CO,DENSE_PINN,cpu,3,1,latency_wall_batch1_ms,1,351,0.0428,ms
CO,DENSE_PINN,cpu,3,1,latency_wall_batch1_ms,1,352,0.0428,ms
CO,DENSE_PINN,cpu,3,1,latency_wall_batch1_ms,1,353,0.0463,ms
CO,DENSE_PINN,cpu,3,1,latency_wall_batch1_ms,1,354,0.0569,ms
CO,DENSE_PINN,cpu,3,1,latency_wall_batch1_ms,1,355,0.0443,ms
CO,DENSE_PINN,cpu,3,1,latency_wall_batch1_ms,1,356,0.0437,ms
CO,DENSE_PINN,cpu,3,1,latency_wall_batch1_ms,1,357,0.0553,ms
CO,DENSE_PINN,cpu,3,1,latency_wall_batch1_ms,1,358,0.0447,ms
CO,DENSE_PINN,cpu,3,1,latency_wall_batch1_ms,1,359,0.0443,ms
CO,DENSE_PINN,cpu,3,1,latency_wall_batch1_ms,1,360,0.0436,ms
CO,DENSE_PINN,cpu,3,1,latency_wall_batch1_ms,1,361,0.0433,ms
CO,DENSE_PINN,cpu,3,1,latency_wall_batch1_ms,1,362,0.0436,ms
CO,DENSE_PINN,cpu,3,1,latency_wall_batch1_ms,1,363,0.0439,ms
CO,DENSE_PINN,cpu,3,1,latency_wall_batch1_ms,1,364,0.0435,ms
CO,DENSE_PINN,cpu,3,1,latency_wall_batch1_ms,1,365,0.0433,ms
CO,DENSE_PINN,cpu,3,1,latency_wall_batch1_ms,1,366,0.0468,ms
CO,DENSE_PINN,cpu,3,1,latency_wall_batch1_ms,1,367,0.0438,ms
CO,DENSE_PINN,cpu,3,1,latency_wall_batch1_ms,1,368,0.0437,ms
CO,DENSE_PINN,cpu,3,1,latency_wall_batch1_ms,1,369,0.0436,ms
CO,DENSE_PINN,cpu,3,1,latency_wall_batch1_ms,1,370,0.0437,ms
CO,DENSE_PINN,cpu,3,1,latency_wall_batch1_ms,1,371,0.044,ms
CO,DENSE_PINN,cpu,3,1,latency_wall_batch1_ms,1,372,0.0435,ms
CO,DENSE_PINN,cpu,3,1,latency_wall_batch1_ms,1,373,0.0432,ms
CO,DENSE_PINN,cpu,3,1,latency_wall_batch1_ms,1,374,0.0436,ms
CO,DENSE_PINN,cpu,3,1,latency_wall_batch1_ms,1,375,0.0438,ms
CO,DENSE_PINN,cpu,3,1,latency_wall_batch1_ms,1,376,0.0432,ms
CO,DENSE_PINN,cpu,3,1,latency_wall_batch1_ms,1,377,0.0436,ms
CO,DENSE_PINN,cpu,3,1,latency_wall_batch1_ms,1,378,0.0439,ms
CO,DENSE_PINN,cpu,3,1,latency_wall_batch1_ms,1,379,0.0433,ms
CO,DENSE_PINN,cpu,3,1,latency_wall_batch1_ms,1,380,0.0438,ms
CO,DENSE_PINN,cpu,3,1,latency_wall_batch1_ms,1,381,0.044,ms
CO,DENSE_PINN,cpu,3,1,latency_wall_batch1_ms,1,382,0.0436,ms
CO,DENSE_PINN,cpu,3,1,latency_wall_batch1_ms,1,383,0.0443,ms
CO,DENSE_PINN,cpu,3,1,latency_wall_batch1_ms,1,384,0.0436,ms
CO,DENSE_PINN,cpu,3,1,latency_wall_batch1_ms,1,385,0.0438,ms
CO,DENSE_PINN,cpu,3,1,latency_wall_batch1_ms,1,386,0.0438,ms
CO,DENSE_PINN,cpu,3,1,latency_wall_batch1_ms,1,387,0.1314,ms
CO,DENSE_PINN,cpu,3,1,latency_wall_batch1_ms,1,388,0.045,ms
CO,DENSE_PINN,cpu,3,1,latency_wall_batch1_ms,1,389,0.0442,ms
CO,DENSE_PINN,cpu,3,1,latency_wall_batch1_ms,1,390,0.0442,ms
CO,DENSE_PINN,cpu,3,1,latency_wall_batch1_ms,1,391,0.0493,ms
CO,DENSE_PINN,cpu,3,1,latency_wall_batch1_ms,1,392,0.0435,ms
CO,DENSE_PINN,cpu,3,1,latency_wall_batch1_ms,1,393,0.0434,ms
CO,DENSE_PINN,cpu,3,1,latency_wall_batch1_ms,1,394,0.0437,ms
CO,DENSE_PINN,cpu,3,1,latency_wall_batch1_ms,1,395,0.0438,ms
CO,DENSE_PINN,cpu,3,1,latency_wall_batch1_ms,1,396,0.0438,ms
CO,DENSE_PINN,cpu,3,1,latency_wall_batch1_ms,1,397,0.0469,ms
CO,DENSE_PINN,cpu,3,1,latency_wall_batch1_ms,1,398,0.0442,ms
CO,DENSE_PINN,cpu,3,1,latency_wall_batch1_ms,1,399,0.0493,ms
CO,DENSE_PINN,cpu,3,1,throughput_rows_s,1,0,22988.505747126437,rows/s
CO,DENSE_PINN,cpu,3,1,throughput_rows_s,1,1,22988.505747126437,rows/s
CO,DENSE_PINN,cpu,3,1,throughput_rows_s,1,2,23094.68822170901,rows/s
CO,DENSE_PINN,cpu,3,1,throughput_rows_s,1,3,23041.474654377882,rows/s
CO,DENSE_PINN,cpu,3,1,throughput_rows_s,1,4,22883.295194508006,rows/s
CO,DENSE_PINN,cpu,3,1,throughput_rows_s,1,5,23201.85614849188,rows/s
CO,DENSE_PINN,cpu,3,1,throughput_rows_s,1,6,23094.68822170901,rows/s
CO,DENSE_PINN,cpu,3,1,throughput_rows_s,1,7,23255.813953488374,rows/s
CO,DENSE_PINN,cpu,3,1,throughput_rows_s,1,8,23094.68822170901,rows/s
CO,DENSE_PINN,cpu,3,1,throughput_rows_s,1,9,23364.48598130841,rows/s
CO,DENSE_PINN,cpu,3,1,throughput_rows_s,1,10,23255.813953488374,rows/s
CO,DENSE_PINN,cpu,3,1,throughput_rows_s,1,11,23310.02331002331,rows/s
CO,DENSE_PINN,cpu,3,1,throughput_rows_s,16,0,248833.59253499226,rows/s
CO,DENSE_PINN,cpu,3,1,throughput_rows_s,16,1,255591.054313099,rows/s
CO,DENSE_PINN,cpu,3,1,throughput_rows_s,16,2,251177.39403453688,rows/s
CO,DENSE_PINN,cpu,3,1,throughput_rows_s,16,3,252365.9305993691,rows/s
CO,DENSE_PINN,cpu,3,1,throughput_rows_s,16,4,251968.5039370079,rows/s
CO,DENSE_PINN,cpu,3,1,throughput_rows_s,16,5,243902.43902439022,rows/s
CO,DENSE_PINN,cpu,3,1,throughput_rows_s,16,6,249221.1838006231,rows/s
CO,DENSE_PINN,cpu,3,1,throughput_rows_s,16,7,258064.51612903224,rows/s
CO,DENSE_PINN,cpu,3,1,throughput_rows_s,16,8,261011.41924959217,rows/s
CO,DENSE_PINN,cpu,3,1,throughput_rows_s,16,9,253164.5569620253,rows/s
CO,DENSE_PINN,cpu,3,1,throughput_rows_s,16,10,257648.95330112719,rows/s
CO,DENSE_PINN,cpu,3,1,throughput_rows_s,16,11,255591.054313099,rows/s
CO,DENSE_PINN,cpu,3,1,throughput_rows_s,64,0,637450.1992031873,rows/s
CO,DENSE_PINN,cpu,3,1,throughput_rows_s,64,1,599812.5585754451,rows/s
CO,DENSE_PINN,cpu,3,1,throughput_rows_s,64,2,625000.0,rows/s
CO,DENSE_PINN,cpu,3,1,throughput_rows_s,64,3,636815.9203980099,rows/s
CO,DENSE_PINN,cpu,3,1,throughput_rows_s,64,4,646464.6464646464,rows/s
CO,DENSE_PINN,cpu,3,1,throughput_rows_s,64,5,600375.234521576,rows/s
CO,DENSE_PINN,cpu,3,1,throughput_rows_s,64,6,684491.9786096257,rows/s
CO,DENSE_PINN,cpu,3,1,throughput_rows_s,64,7,672268.9075630251,rows/s
CO,DENSE_PINN,cpu,3,1,throughput_rows_s,64,8,731428.5714285715,rows/s
CO,DENSE_PINN,cpu,3,1,throughput_rows_s,64,9,651068.1586978637,rows/s
CO,DENSE_PINN,cpu,3,1,throughput_rows_s,64,10,688172.0430107528,rows/s
CO,DENSE_PINN,cpu,3,1,throughput_rows_s,64,11,729760.5473204105,rows/s
CO,DENSE_PINN,cpu,3,1,throughput_rows_s,256,0,1151596.9410706253,rows/s
CO,DENSE_PINN,cpu,3,1,throughput_rows_s,256,1,1149528.5136955543,rows/s
CO,DENSE_PINN,cpu,3,1,throughput_rows_s,256,2,1128747.795414462,rows/s
CO,DENSE_PINN,cpu,3,1,throughput_rows_s,256,3,1165225.3072371415,rows/s
CO,DENSE_PINN,cpu,3,1,throughput_rows_s,256,4,1149012.5673249552,rows/s
CO,DENSE_PINN,cpu,3,1,throughput_rows_s,256,5,1134249.003101462,rows/s
CO,DENSE_PINN,cpu,3,1,throughput_rows_s,256,6,1162579.4732061762,rows/s
CO,DENSE_PINN,cpu,3,1,throughput_rows_s,256,7,1172698.1218506643,rows/s
CO,DENSE_PINN,cpu,3,1,throughput_rows_s,256,8,1139296.8402314195,rows/s
CO,DENSE_PINN,cpu,3,1,throughput_rows_s,256,9,1172698.1218506643,rows/s
CO,DENSE_PINN,cpu,3,1,throughput_rows_s,256,10,1165225.3072371415,rows/s
CO,DENSE_PINN,cpu,3,1,throughput_rows_s,256,11,1183541.377716135,rows/s
CO,DENSE_PINN,cpu,3,1,throughput_rows_s,1024,0,2128455.622531698,rows/s
CO,DENSE_PINN,cpu,3,1,throughput_rows_s,1024,1,2115702.479338843,rows/s
CO,DENSE_PINN,cpu,3,1,throughput_rows_s,1024,2,1451864.454841911,rows/s
CO,DENSE_PINN,cpu,3,1,throughput_rows_s,1024,3,2082994.304312449,rows/s
CO,DENSE_PINN,cpu,3,1,throughput_rows_s,1024,4,2135557.8727841503,rows/s
CO,DENSE_PINN,cpu,3,1,throughput_rows_s,1024,5,2133777.8703896645,rows/s
CO,DENSE_PINN,cpu,3,1,throughput_rows_s,1024,6,2115702.479338843,rows/s
CO,DENSE_PINN,cpu,3,1,throughput_rows_s,1024,7,2027722.7722772276,rows/s
CO,DENSE_PINN,cpu,3,1,throughput_rows_s,1024,8,2117014.6785197435,rows/s
CO,DENSE_PINN,cpu,3,1,throughput_rows_s,1024,9,2132444.814660558,rows/s
CO,DENSE_PINN,cpu,3,1,throughput_rows_s,1024,10,2135557.8727841503,rows/s
CO,DENSE_PINN,cpu,3,1,throughput_rows_s,1024,11,1891043.3979686059,rows/s
CO,DENSE_PINN,cpu,3,1,throughput_rows_s,4096,0,2411113.7273369436,rows/s
CO,DENSE_PINN,cpu,3,1,throughput_rows_s,4096,1,2436354.984534856,rows/s
CO,DENSE_PINN,cpu,3,1,throughput_rows_s,4096,2,2431437.7300249315,rows/s
CO,DENSE_PINN,cpu,3,1,throughput_rows_s,4096,3,3166112.7000077297,rows/s
CO,DENSE_PINN,cpu,3,1,throughput_rows_s,4096,4,4382154.7020434365,rows/s
CO,DENSE_PINN,cpu,3,1,throughput_rows_s,4096,5,4287658.327227049,rows/s
CO,DENSE_PINN,cpu,3,1,throughput_rows_s,4096,6,4422848.504481157,rows/s
CO,DENSE_PINN,cpu,3,1,throughput_rows_s,4096,7,4366737.739872068,rows/s
CO,DENSE_PINN,cpu,3,1,throughput_rows_s,4096,8,4457988.6808881145,rows/s
CO,DENSE_PINN,cpu,3,1,throughput_rows_s,4096,9,4360229.934000425,rows/s
CO,DENSE_PINN,cpu,3,1,throughput_rows_s,4096,10,4405248.440524844,rows/s
CO,DENSE_PINN,cpu,3,1,throughput_rows_s,4096,11,4332557.64755659,rows/s
CO,TT_PINN,cpu,3,2,latency_wall_batch1_ms,1,0,0.4712,ms
CO,TT_PINN,cpu,3,2,latency_wall_batch1_ms,1,1,0.5005,ms
CO,TT_PINN,cpu,3,2,latency_wall_batch1_ms,1,2,0.501,ms
CO,TT_PINN,cpu,3,2,latency_wall_batch1_ms,1,3,0.4857,ms
CO,TT_PINN,cpu,3,2,latency_wall_batch1_ms,1,4,0.4783,ms
CO,TT_PINN,cpu,3,2,latency_wall_batch1_ms,1,5,0.5149,ms
CO,TT_PINN,cpu,3,2,latency_wall_batch1_ms,1,6,0.5132,ms
CO,TT_PINN,cpu,3,2,latency_wall_batch1_ms,1,7,0.4728,ms
CO,TT_PINN,cpu,3,2,latency_wall_batch1_ms,1,8,0.4919,ms
CO,TT_PINN,cpu,3,2,latency_wall_batch1_ms,1,9,0.4785,ms
CO,TT_PINN,cpu,3,2,latency_wall_batch1_ms,1,10,0.5937,ms
CO,TT_PINN,cpu,3,2,latency_wall_batch1_ms,1,11,0.4809,ms
CO,TT_PINN,cpu,3,2,latency_wall_batch1_ms,1,12,0.5141,ms
CO,TT_PINN,cpu,3,2,latency_wall_batch1_ms,1,13,0.4846,ms
CO,TT_PINN,cpu,3,2,latency_wall_batch1_ms,1,14,0.506,ms
CO,TT_PINN,cpu,3,2,latency_wall_batch1_ms,1,15,0.5377,ms
CO,TT_PINN,cpu,3,2,latency_wall_batch1_ms,1,16,0.5045,ms
CO,TT_PINN,cpu,3,2,latency_wall_batch1_ms,1,17,0.4674,ms
CO,TT_PINN,cpu,3,2,latency_wall_batch1_ms,1,18,0.4951,ms
CO,TT_PINN,cpu,3,2,latency_wall_batch1_ms,1,19,0.5336,ms
CO,TT_PINN,cpu,3,2,latency_wall_batch1_ms,1,20,0.5335,ms
CO,TT_PINN,cpu,3,2,latency_wall_batch1_ms,1,21,0.5583,ms
CO,TT_PINN,cpu,3,2,latency_wall_batch1_ms,1,22,1.4151,ms
CO,TT_PINN,cpu,3,2,latency_wall_batch1_ms,1,23,0.9696,ms
CO,TT_PINN,cpu,3,2,latency_wall_batch1_ms,1,24,0.496,ms
CO,TT_PINN,cpu,3,2,latency_wall_batch1_ms,1,25,0.4776,ms
CO,TT_PINN,cpu,3,2,latency_wall_batch1_ms,1,26,0.471,ms
CO,TT_PINN,cpu,3,2,latency_wall_batch1_ms,1,27,0.5454,ms
CO,TT_PINN,cpu,3,2,latency_wall_batch1_ms,1,28,0.472,ms
CO,TT_PINN,cpu,3,2,latency_wall_batch1_ms,1,29,0.612,ms
CO,TT_PINN,cpu,3,2,latency_wall_batch1_ms,1,30,0.476,ms
CO,TT_PINN,cpu,3,2,latency_wall_batch1_ms,1,31,0.4878,ms
CO,TT_PINN,cpu,3,2,latency_wall_batch1_ms,1,32,0.4714,ms
CO,TT_PINN,cpu,3,2,latency_wall_batch1_ms,1,33,0.5028,ms
CO,TT_PINN,cpu,3,2,latency_wall_batch1_ms,1,34,0.4734,ms
CO,TT_PINN,cpu,3,2,latency_wall_batch1_ms,1,35,0.4955,ms
CO,TT_PINN,cpu,3,2,latency_wall_batch1_ms,1,36,0.4714,ms
CO,TT_PINN,cpu,3,2,latency_wall_batch1_ms,1,37,0.4664,ms
CO,TT_PINN,cpu,3,2,latency_wall_batch1_ms,1,38,0.4878,ms
CO,TT_PINN,cpu,3,2,latency_wall_batch1_ms,1,39,0.4727,ms
CO,TT_PINN,cpu,3,2,latency_wall_batch1_ms,1,40,0.4712,ms
CO,TT_PINN,cpu,3,2,latency_wall_batch1_ms,1,41,0.465,ms
CO,TT_PINN,cpu,3,2,latency_wall_batch1_ms,1,42,0.4777,ms
CO,TT_PINN,cpu,3,2,latency_wall_batch1_ms,1,43,0.4805,ms
CO,TT_PINN,cpu,3,2,latency_wall_batch1_ms,1,44,0.467,ms
CO,TT_PINN,cpu,3,2,latency_wall_batch1_ms,1,45,0.4718,ms
CO,TT_PINN,cpu,3,2,latency_wall_batch1_ms,1,46,0.4987,ms
CO,TT_PINN,cpu,3,2,latency_wall_batch1_ms,1,47,0.4758,ms
CO,TT_PINN,cpu,3,2,latency_wall_batch1_ms,1,48,0.5728,ms
CO,TT_PINN,cpu,3,2,latency_wall_batch1_ms,1,49,0.6242,ms
CO,TT_PINN,cpu,3,2,latency_wall_batch1_ms,1,50,0.5982,ms
CO,TT_PINN,cpu,3,2,latency_wall_batch1_ms,1,51,0.5973,ms
CO,TT_PINN,cpu,3,2,latency_wall_batch1_ms,1,52,0.5933,ms
CO,TT_PINN,cpu,3,2,latency_wall_batch1_ms,1,53,0.6193,ms
CO,TT_PINN,cpu,3,2,latency_wall_batch1_ms,1,54,0.5939,ms
CO,TT_PINN,cpu,3,2,latency_wall_batch1_ms,1,55,0.5953,ms
CO,TT_PINN,cpu,3,2,latency_wall_batch1_ms,1,56,0.6142,ms
CO,TT_PINN,cpu,3,2,latency_wall_batch1_ms,1,57,0.5942,ms
CO,TT_PINN,cpu,3,2,latency_wall_batch1_ms,1,58,0.5914,ms
CO,TT_PINN,cpu,3,2,latency_wall_batch1_ms,1,59,0.6145,ms
CO,TT_PINN,cpu,3,2,latency_wall_batch1_ms,1,60,0.5957,ms
CO,TT_PINN,cpu,3,2,latency_wall_batch1_ms,1,61,0.5928,ms
CO,TT_PINN,cpu,3,2,latency_wall_batch1_ms,1,62,0.6133,ms
CO,TT_PINN,cpu,3,2,latency_wall_batch1_ms,1,63,0.5948,ms
CO,TT_PINN,cpu,3,2,latency_wall_batch1_ms,1,64,0.5882,ms
CO,TT_PINN,cpu,3,2,latency_wall_batch1_ms,1,65,0.8049,ms
CO,TT_PINN,cpu,3,2,latency_wall_batch1_ms,1,66,0.5954,ms
CO,TT_PINN,cpu,3,2,latency_wall_batch1_ms,1,67,0.5927,ms
CO,TT_PINN,cpu,3,2,latency_wall_batch1_ms,1,68,0.6173,ms
CO,TT_PINN,cpu,3,2,latency_wall_batch1_ms,1,69,0.596,ms
CO,TT_PINN,cpu,3,2,latency_wall_batch1_ms,1,70,0.5893,ms
CO,TT_PINN,cpu,3,2,latency_wall_batch1_ms,1,71,0.6143,ms
CO,TT_PINN,cpu,3,2,latency_wall_batch1_ms,1,72,0.5954,ms
CO,TT_PINN,cpu,3,2,latency_wall_batch1_ms,1,73,0.5931,ms
CO,TT_PINN,cpu,3,2,latency_wall_batch1_ms,1,74,0.6459,ms
CO,TT_PINN,cpu,3,2,latency_wall_batch1_ms,1,75,0.7061,ms
CO,TT_PINN,cpu,3,2,latency_wall_batch1_ms,1,76,0.6139,ms
CO,TT_PINN,cpu,3,2,latency_wall_batch1_ms,1,77,0.6536,ms
CO,TT_PINN,cpu,3,2,latency_wall_batch1_ms,1,78,0.6181,ms
CO,TT_PINN,cpu,3,2,latency_wall_batch1_ms,1,79,0.6073,ms
CO,TT_PINN,cpu,3,2,latency_wall_batch1_ms,1,80,0.6204,ms
CO,TT_PINN,cpu,3,2,latency_wall_batch1_ms,1,81,0.5955,ms
CO,TT_PINN,cpu,3,2,latency_wall_batch1_ms,1,82,0.6099,ms
CO,TT_PINN,cpu,3,2,latency_wall_batch1_ms,1,83,0.6353,ms
CO,TT_PINN,cpu,3,2,latency_wall_batch1_ms,1,84,0.5981,ms
CO,TT_PINN,cpu,3,2,latency_wall_batch1_ms,1,85,0.5918,ms
CO,TT_PINN,cpu,3,2,latency_wall_batch1_ms,1,86,0.6184,ms
CO,TT_PINN,cpu,3,2,latency_wall_batch1_ms,1,87,0.5947,ms
CO,TT_PINN,cpu,3,2,latency_wall_batch1_ms,1,88,0.5876,ms
CO,TT_PINN,cpu,3,2,latency_wall_batch1_ms,1,89,0.6113,ms
CO,TT_PINN,cpu,3,2,latency_wall_batch1_ms,1,90,0.5962,ms
CO,TT_PINN,cpu,3,2,latency_wall_batch1_ms,1,91,0.6888,ms
CO,TT_PINN,cpu,3,2,latency_wall_batch1_ms,1,92,0.6564,ms
CO,TT_PINN,cpu,3,2,latency_wall_batch1_ms,1,93,0.6023,ms
CO,TT_PINN,cpu,3,2,latency_wall_batch1_ms,1,94,0.5921,ms
CO,TT_PINN,cpu,3,2,latency_wall_batch1_ms,1,95,0.6171,ms
CO,TT_PINN,cpu,3,2,latency_wall_batch1_ms,1,96,0.5974,ms
CO,TT_PINN,cpu,3,2,latency_wall_batch1_ms,1,97,0.5891,ms
CO,TT_PINN,cpu,3,2,latency_wall_batch1_ms,1,98,0.9139,ms
CO,TT_PINN,cpu,3,2,latency_wall_batch1_ms,1,99,0.6708,ms
CO,TT_PINN,cpu,3,2,latency_wall_batch1_ms,1,100,0.5142,ms
CO,TT_PINN,cpu,3,2,latency_wall_batch1_ms,1,101,0.4757,ms
CO,TT_PINN,cpu,3,2,latency_wall_batch1_ms,1,102,0.4838,ms
CO,TT_PINN,cpu,3,2,latency_wall_batch1_ms,1,103,0.4716,ms
CO,TT_PINN,cpu,3,2,latency_wall_batch1_ms,1,104,0.4916,ms
CO,TT_PINN,cpu,3,2,latency_wall_batch1_ms,1,105,0.4751,ms
CO,TT_PINN,cpu,3,2,latency_wall_batch1_ms,1,106,0.4699,ms
CO,TT_PINN,cpu,3,2,latency_wall_batch1_ms,1,107,0.4671,ms
CO,TT_PINN,cpu,3,2,latency_wall_batch1_ms,1,108,0.4951,ms
CO,TT_PINN,cpu,3,2,latency_wall_batch1_ms,1,109,0.4694,ms
CO,TT_PINN,cpu,3,2,latency_wall_batch1_ms,1,110,0.4669,ms
CO,TT_PINN,cpu,3,2,latency_wall_batch1_ms,1,111,0.4664,ms
CO,TT_PINN,cpu,3,2,latency_wall_batch1_ms,1,112,0.4942,ms
CO,TT_PINN,cpu,3,2,latency_wall_batch1_ms,1,113,0.4797,ms
CO,TT_PINN,cpu,3,2,latency_wall_batch1_ms,1,114,0.4715,ms
CO,TT_PINN,cpu,3,2,latency_wall_batch1_ms,1,115,0.4692,ms
CO,TT_PINN,cpu,3,2,latency_wall_batch1_ms,1,116,0.4903,ms
CO,TT_PINN,cpu,3,2,latency_wall_batch1_ms,1,117,0.6988,ms
CO,TT_PINN,cpu,3,2,latency_wall_batch1_ms,1,118,0.5079,ms
CO,TT_PINN,cpu,3,2,latency_wall_batch1_ms,1,119,0.4656,ms
CO,TT_PINN,cpu,3,2,latency_wall_batch1_ms,1,120,0.4921,ms
CO,TT_PINN,cpu,3,2,latency_wall_batch1_ms,1,121,0.4687,ms
CO,TT_PINN,cpu,3,2,latency_wall_batch1_ms,1,122,0.4655,ms
CO,TT_PINN,cpu,3,2,latency_wall_batch1_ms,1,123,0.4663,ms
CO,TT_PINN,cpu,3,2,latency_wall_batch1_ms,1,124,0.4896,ms
CO,TT_PINN,cpu,3,2,latency_wall_batch1_ms,1,125,0.4718,ms
CO,TT_PINN,cpu,3,2,latency_wall_batch1_ms,1,126,0.4696,ms
CO,TT_PINN,cpu,3,2,latency_wall_batch1_ms,1,127,0.4901,ms
CO,TT_PINN,cpu,3,2,latency_wall_batch1_ms,1,128,0.4705,ms
CO,TT_PINN,cpu,3,2,latency_wall_batch1_ms,1,129,0.4694,ms
CO,TT_PINN,cpu,3,2,latency_wall_batch1_ms,1,130,0.52,ms
CO,TT_PINN,cpu,3,2,latency_wall_batch1_ms,1,131,0.4884,ms
CO,TT_PINN,cpu,3,2,latency_wall_batch1_ms,1,132,0.4809,ms
CO,TT_PINN,cpu,3,2,latency_wall_batch1_ms,1,133,0.4675,ms
CO,TT_PINN,cpu,3,2,latency_wall_batch1_ms,1,134,0.4736,ms
CO,TT_PINN,cpu,3,2,latency_wall_batch1_ms,1,135,0.4701,ms
CO,TT_PINN,cpu,3,2,latency_wall_batch1_ms,1,136,0.4884,ms
CO,TT_PINN,cpu,3,2,latency_wall_batch1_ms,1,137,0.473,ms
CO,TT_PINN,cpu,3,2,latency_wall_batch1_ms,1,138,0.4784,ms
CO,TT_PINN,cpu,3,2,latency_wall_batch1_ms,1,139,0.497,ms
CO,TT_PINN,cpu,3,2,latency_wall_batch1_ms,1,140,0.6537,ms
CO,TT_PINN,cpu,3,2,latency_wall_batch1_ms,1,141,0.5725,ms
CO,TT_PINN,cpu,3,2,latency_wall_batch1_ms,1,142,0.4891,ms
CO,TT_PINN,cpu,3,2,latency_wall_batch1_ms,1,143,0.4942,ms
CO,TT_PINN,cpu,3,2,latency_wall_batch1_ms,1,144,0.482,ms
CO,TT_PINN,cpu,3,2,latency_wall_batch1_ms,1,145,0.4874,ms
CO,TT_PINN,cpu,3,2,latency_wall_batch1_ms,1,146,0.477,ms
CO,TT_PINN,cpu,3,2,latency_wall_batch1_ms,1,147,0.4796,ms
CO,TT_PINN,cpu,3,2,latency_wall_batch1_ms,1,148,0.4824,ms
CO,TT_PINN,cpu,3,2,latency_wall_batch1_ms,1,149,0.4699,ms
CO,TT_PINN,cpu,3,2,latency_wall_batch1_ms,1,150,0.4657,ms
CO,TT_PINN,cpu,3,2,latency_wall_batch1_ms,1,151,0.5164,ms
CO,TT_PINN,cpu,3,2,latency_wall_batch1_ms,1,152,0.5016,ms
CO,TT_PINN,cpu,3,2,latency_wall_batch1_ms,1,153,0.5061,ms
CO,TT_PINN,cpu,3,2,latency_wall_batch1_ms,1,154,0.4724,ms
CO,TT_PINN,cpu,3,2,latency_wall_batch1_ms,1,155,0.5,ms
CO,TT_PINN,cpu,3,2,latency_wall_batch1_ms,1,156,0.4705,ms
CO,TT_PINN,cpu,3,2,latency_wall_batch1_ms,1,157,0.4909,ms
CO,TT_PINN,cpu,3,2,latency_wall_batch1_ms,1,158,0.6027,ms
CO,TT_PINN,cpu,3,2,latency_wall_batch1_ms,1,159,0.4951,ms
CO,TT_PINN,cpu,3,2,latency_wall_batch1_ms,1,160,0.4684,ms
CO,TT_PINN,cpu,3,2,latency_wall_batch1_ms,1,161,0.563,ms
CO,TT_PINN,cpu,3,2,latency_wall_batch1_ms,1,162,0.4772,ms
CO,TT_PINN,cpu,3,2,latency_wall_batch1_ms,1,163,0.4937,ms
CO,TT_PINN,cpu,3,2,latency_wall_batch1_ms,1,164,0.4714,ms
CO,TT_PINN,cpu,3,2,latency_wall_batch1_ms,1,165,0.4949,ms
CO,TT_PINN,cpu,3,2,latency_wall_batch1_ms,1,166,0.4733,ms
CO,TT_PINN,cpu,3,2,latency_wall_batch1_ms,1,167,0.4921,ms
CO,TT_PINN,cpu,3,2,latency_wall_batch1_ms,1,168,0.4697,ms
CO,TT_PINN,cpu,3,2,latency_wall_batch1_ms,1,169,0.4913,ms
CO,TT_PINN,cpu,3,2,latency_wall_batch1_ms,1,170,0.4733,ms
CO,TT_PINN,cpu,3,2,latency_wall_batch1_ms,1,171,0.4683,ms
CO,TT_PINN,cpu,3,2,latency_wall_batch1_ms,1,172,0.5144,ms
CO,TT_PINN,cpu,3,2,latency_wall_batch1_ms,1,173,0.5085,ms
CO,TT_PINN,cpu,3,2,latency_wall_batch1_ms,1,174,0.4724,ms
CO,TT_PINN,cpu,3,2,latency_wall_batch1_ms,1,175,0.5039,ms
CO,TT_PINN,cpu,3,2,latency_wall_batch1_ms,1,176,0.4714,ms
CO,TT_PINN,cpu,3,2,latency_wall_batch1_ms,1,177,0.4892,ms
CO,TT_PINN,cpu,3,2,latency_wall_batch1_ms,1,178,0.6853,ms
CO,TT_PINN,cpu,3,2,latency_wall_batch1_ms,1,179,0.4942,ms
CO,TT_PINN,cpu,3,2,latency_wall_batch1_ms,1,180,0.47,ms
CO,TT_PINN,cpu,3,2,latency_wall_batch1_ms,1,181,0.4899,ms
CO,TT_PINN,cpu,3,2,latency_wall_batch1_ms,1,182,0.4713,ms
CO,TT_PINN,cpu,3,2,latency_wall_batch1_ms,1,183,0.489,ms
CO,TT_PINN,cpu,3,2,latency_wall_batch1_ms,1,184,0.4714,ms
CO,TT_PINN,cpu,3,2,latency_wall_batch1_ms,1,185,0.4908,ms
CO,TT_PINN,cpu,3,2,latency_wall_batch1_ms,1,186,0.4688,ms
CO,TT_PINN,cpu,3,2,latency_wall_batch1_ms,1,187,0.4871,ms
CO,TT_PINN,cpu,3,2,latency_wall_batch1_ms,1,188,0.4712,ms
CO,TT_PINN,cpu,3,2,latency_wall_batch1_ms,1,189,0.4923,ms
CO,TT_PINN,cpu,3,2,latency_wall_batch1_ms,1,190,0.4701,ms
CO,TT_PINN,cpu,3,2,latency_wall_batch1_ms,1,191,0.4659,ms
CO,TT_PINN,cpu,3,2,latency_wall_batch1_ms,1,192,0.6703,ms
CO,TT_PINN,cpu,3,2,latency_wall_batch1_ms,1,193,0.8745,ms
CO,TT_PINN,cpu,3,2,latency_wall_batch1_ms,1,194,0.8644,ms
CO,TT_PINN,cpu,3,2,latency_wall_batch1_ms,1,195,0.8605,ms
CO,TT_PINN,cpu,3,2,latency_wall_batch1_ms,1,196,0.7399,ms
CO,TT_PINN,cpu,3,2,latency_wall_batch1_ms,1,197,0.5184,ms
CO,TT_PINN,cpu,3,2,latency_wall_batch1_ms,1,198,0.5943,ms
CO,TT_PINN,cpu,3,2,latency_wall_batch1_ms,1,199,0.4851,ms
CO,TT_PINN,cpu,3,2,latency_wall_batch1_ms,1,200,0.4947,ms
CO,TT_PINN,cpu,3,2,latency_wall_batch1_ms,1,201,0.4694,ms
CO,TT_PINN,cpu,3,2,latency_wall_batch1_ms,1,202,0.4911,ms
CO,TT_PINN,cpu,3,2,latency_wall_batch1_ms,1,203,0.4768,ms
CO,TT_PINN,cpu,3,2,latency_wall_batch1_ms,1,204,0.4899,ms
CO,TT_PINN,cpu,3,2,latency_wall_batch1_ms,1,205,0.4715,ms
CO,TT_PINN,cpu,3,2,latency_wall_batch1_ms,1,206,0.4845,ms
CO,TT_PINN,cpu,3,2,latency_wall_batch1_ms,1,207,0.4725,ms
CO,TT_PINN,cpu,3,2,latency_wall_batch1_ms,1,208,0.4906,ms
CO,TT_PINN,cpu,3,2,latency_wall_batch1_ms,1,209,0.4923,ms
CO,TT_PINN,cpu,3,2,latency_wall_batch1_ms,1,210,0.4976,ms
CO,TT_PINN,cpu,3,2,latency_wall_batch1_ms,1,211,0.4777,ms
CO,TT_PINN,cpu,3,2,latency_wall_batch1_ms,1,212,0.4752,ms
CO,TT_PINN,cpu,3,2,latency_wall_batch1_ms,1,213,0.4804,ms
CO,TT_PINN,cpu,3,2,latency_wall_batch1_ms,1,214,0.4678,ms
CO,TT_PINN,cpu,3,2,latency_wall_batch1_ms,1,215,0.4882,ms
CO,TT_PINN,cpu,3,2,latency_wall_batch1_ms,1,216,0.4698,ms
CO,TT_PINN,cpu,3,2,latency_wall_batch1_ms,1,217,0.4916,ms
CO,TT_PINN,cpu,3,2,latency_wall_batch1_ms,1,218,0.4702,ms
CO,TT_PINN,cpu,3,2,latency_wall_batch1_ms,1,219,0.4943,ms
CO,TT_PINN,cpu,3,2,latency_wall_batch1_ms,1,220,0.4696,ms
CO,TT_PINN,cpu,3,2,latency_wall_batch1_ms,1,221,0.7432,ms
CO,TT_PINN,cpu,3,2,latency_wall_batch1_ms,1,222,0.6457,ms
CO,TT_PINN,cpu,3,2,latency_wall_batch1_ms,1,223,0.8298,ms
CO,TT_PINN,cpu,3,2,latency_wall_batch1_ms,1,224,0.6158,ms
CO,TT_PINN,cpu,3,2,latency_wall_batch1_ms,1,225,0.4827,ms
CO,TT_PINN,cpu,3,2,latency_wall_batch1_ms,1,226,0.4852,ms
CO,TT_PINN,cpu,3,2,latency_wall_batch1_ms,1,227,0.5015,ms
CO,TT_PINN,cpu,3,2,latency_wall_batch1_ms,1,228,0.468,ms
CO,TT_PINN,cpu,3,2,latency_wall_batch1_ms,1,229,0.4649,ms
CO,TT_PINN,cpu,3,2,latency_wall_batch1_ms,1,230,0.4661,ms
CO,TT_PINN,cpu,3,2,latency_wall_batch1_ms,1,231,0.4915,ms
CO,TT_PINN,cpu,3,2,latency_wall_batch1_ms,1,232,0.4673,ms
CO,TT_PINN,cpu,3,2,latency_wall_batch1_ms,1,233,0.4653,ms
CO,TT_PINN,cpu,3,2,latency_wall_batch1_ms,1,234,0.4712,ms
CO,TT_PINN,cpu,3,2,latency_wall_batch1_ms,1,235,0.4869,ms
CO,TT_PINN,cpu,3,2,latency_wall_batch1_ms,1,236,0.4721,ms
CO,TT_PINN,cpu,3,2,latency_wall_batch1_ms,1,237,0.466,ms
CO,TT_PINN,cpu,3,2,latency_wall_batch1_ms,1,238,0.4641,ms
CO,TT_PINN,cpu,3,2,latency_wall_batch1_ms,1,239,0.4821,ms
CO,TT_PINN,cpu,3,2,latency_wall_batch1_ms,1,240,0.4723,ms
CO,TT_PINN,cpu,3,2,latency_wall_batch1_ms,1,241,0.4654,ms
CO,TT_PINN,cpu,3,2,latency_wall_batch1_ms,1,242,0.4667,ms
CO,TT_PINN,cpu,3,2,latency_wall_batch1_ms,1,243,0.4643,ms
CO,TT_PINN,cpu,3,2,latency_wall_batch1_ms,1,244,0.4944,ms
CO,TT_PINN,cpu,3,2,latency_wall_batch1_ms,1,245,0.4702,ms
CO,TT_PINN,cpu,3,2,latency_wall_batch1_ms,1,246,0.4653,ms
CO,TT_PINN,cpu,3,2,latency_wall_batch1_ms,1,247,0.4817,ms
CO,TT_PINN,cpu,3,2,latency_wall_batch1_ms,1,248,0.4721,ms
CO,TT_PINN,cpu,3,2,latency_wall_batch1_ms,1,249,0.4663,ms
CO,TT_PINN,cpu,3,2,latency_wall_batch1_ms,1,250,0.4675,ms
CO,TT_PINN,cpu,3,2,latency_wall_batch1_ms,1,251,0.4889,ms
CO,TT_PINN,cpu,3,2,latency_wall_batch1_ms,1,252,0.6,ms
CO,TT_PINN,cpu,3,2,latency_wall_batch1_ms,1,253,0.6858,ms
CO,TT_PINN,cpu,3,2,latency_wall_batch1_ms,1,254,0.6334,ms
CO,TT_PINN,cpu,3,2,latency_wall_batch1_ms,1,255,0.6174,ms
CO,TT_PINN,cpu,3,2,latency_wall_batch1_ms,1,256,0.5964,ms
CO,TT_PINN,cpu,3,2,latency_wall_batch1_ms,1,257,0.5932,ms
CO,TT_PINN,cpu,3,2,latency_wall_batch1_ms,1,258,0.6187,ms
CO,TT_PINN,cpu,3,2,latency_wall_batch1_ms,1,259,0.6571,ms
CO,TT_PINN,cpu,3,2,latency_wall_batch1_ms,1,260,0.6005,ms
CO,TT_PINN,cpu,3,2,latency_wall_batch1_ms,1,261,0.6237,ms
CO,TT_PINN,cpu,3,2,latency_wall_batch1_ms,1,262,0.5955,ms
CO,TT_PINN,cpu,3,2,latency_wall_batch1_ms,1,263,0.5919,ms
CO,TT_PINN,cpu,3,2,latency_wall_batch1_ms,1,264,0.6123,ms
CO,TT_PINN,cpu,3,2,latency_wall_batch1_ms,1,265,0.5967,ms
CO,TT_PINN,cpu,3,2,latency_wall_batch1_ms,1,266,0.5943,ms
CO,TT_PINN,cpu,3,2,latency_wall_batch1_ms,1,267,0.5922,ms
CO,TT_PINN,cpu,3,2,latency_wall_batch1_ms,1,268,0.6176,ms
CO,TT_PINN,cpu,3,2,latency_wall_batch1_ms,1,269,0.595,ms
CO,TT_PINN,cpu,3,2,latency_wall_batch1_ms,1,270,0.5928,ms
CO,TT_PINN,cpu,3,2,latency_wall_batch1_ms,1,271,0.8228,ms
CO,TT_PINN,cpu,3,2,latency_wall_batch1_ms,1,272,0.5957,ms
CO,TT_PINN,cpu,3,2,latency_wall_batch1_ms,1,273,0.6012,ms
CO,TT_PINN,cpu,3,2,latency_wall_batch1_ms,1,274,0.6145,ms
CO,TT_PINN,cpu,3,2,latency_wall_batch1_ms,1,275,0.5932,ms
CO,TT_PINN,cpu,3,2,latency_wall_batch1_ms,1,276,0.5943,ms
CO,TT_PINN,cpu,3,2,latency_wall_batch1_ms,1,277,0.6154,ms
CO,TT_PINN,cpu,3,2,latency_wall_batch1_ms,1,278,0.6882,ms
CO,TT_PINN,cpu,3,2,latency_wall_batch1_ms,1,279,0.639,ms
CO,TT_PINN,cpu,3,2,latency_wall_batch1_ms,1,280,0.6121,ms
CO,TT_PINN,cpu,3,2,latency_wall_batch1_ms,1,281,0.603,ms
CO,TT_PINN,cpu,3,2,latency_wall_batch1_ms,1,282,0.5995,ms
CO,TT_PINN,cpu,3,2,latency_wall_batch1_ms,1,283,0.6286,ms
CO,TT_PINN,cpu,3,2,latency_wall_batch1_ms,1,284,0.6012,ms
CO,TT_PINN,cpu,3,2,latency_wall_batch1_ms,1,285,0.61,ms
CO,TT_PINN,cpu,3,2,latency_wall_batch1_ms,1,286,0.6138,ms
CO,TT_PINN,cpu,3,2,latency_wall_batch1_ms,1,287,0.5989,ms
CO,TT_PINN,cpu,3,2,latency_wall_batch1_ms,1,288,0.6012,ms
CO,TT_PINN,cpu,3,2,latency_wall_batch1_ms,1,289,0.6245,ms
CO,TT_PINN,cpu,3,2,latency_wall_batch1_ms,1,290,0.6,ms
CO,TT_PINN,cpu,3,2,latency_wall_batch1_ms,1,291,0.5988,ms
CO,TT_PINN,cpu,3,2,latency_wall_batch1_ms,1,292,0.6232,ms
CO,TT_PINN,cpu,3,2,latency_wall_batch1_ms,1,293,0.6074,ms
CO,TT_PINN,cpu,3,2,latency_wall_batch1_ms,1,294,0.5987,ms
CO,TT_PINN,cpu,3,2,latency_wall_batch1_ms,1,295,0.622,ms
CO,TT_PINN,cpu,3,2,latency_wall_batch1_ms,1,296,0.6045,ms
CO,TT_PINN,cpu,3,2,latency_wall_batch1_ms,1,297,0.5985,ms
CO,TT_PINN,cpu,3,2,latency_wall_batch1_ms,1,298,0.6213,ms
CO,TT_PINN,cpu,3,2,latency_wall_batch1_ms,1,299,0.6042,ms
CO,TT_PINN,cpu,3,2,latency_wall_batch1_ms,1,300,0.6008,ms
CO,TT_PINN,cpu,3,2,latency_wall_batch1_ms,1,301,0.6045,ms
CO,TT_PINN,cpu,3,2,latency_wall_batch1_ms,1,302,0.6175,ms
CO,TT_PINN,cpu,3,2,latency_wall_batch1_ms,1,303,0.6038,ms
CO,TT_PINN,cpu,3,2,latency_wall_batch1_ms,1,304,0.7521,ms
CO,TT_PINN,cpu,3,2,latency_wall_batch1_ms,1,305,0.6302,ms
CO,TT_PINN,cpu,3,2,latency_wall_batch1_ms,1,306,0.6901,ms
CO,TT_PINN,cpu,3,2,latency_wall_batch1_ms,1,307,0.6265,ms
CO,TT_PINN,cpu,3,2,latency_wall_batch1_ms,1,308,0.6033,ms
CO,TT_PINN,cpu,3,2,latency_wall_batch1_ms,1,309,0.6015,ms
CO,TT_PINN,cpu,3,2,latency_wall_batch1_ms,1,310,0.6305,ms
CO,TT_PINN,cpu,3,2,latency_wall_batch1_ms,1,311,0.6018,ms
CO,TT_PINN,cpu,3,2,latency_wall_batch1_ms,1,312,0.6009,ms
CO,TT_PINN,cpu,3,2,latency_wall_batch1_ms,1,313,0.6305,ms
CO,TT_PINN,cpu,3,2,latency_wall_batch1_ms,1,314,0.6024,ms
CO,TT_PINN,cpu,3,2,latency_wall_batch1_ms,1,315,0.5991,ms
CO,TT_PINN,cpu,3,2,latency_wall_batch1_ms,1,316,0.6233,ms
CO,TT_PINN,cpu,3,2,latency_wall_batch1_ms,1,317,0.6003,ms
CO,TT_PINN,cpu,3,2,latency_wall_batch1_ms,1,318,0.5993,ms
CO,TT_PINN,cpu,3,2,latency_wall_batch1_ms,1,319,0.8918,ms
CO,TT_PINN,cpu,3,2,latency_wall_batch1_ms,1,320,0.5228,ms
CO,TT_PINN,cpu,3,2,latency_wall_batch1_ms,1,321,0.4802,ms
CO,TT_PINN,cpu,3,2,latency_wall_batch1_ms,1,322,0.4811,ms
CO,TT_PINN,cpu,3,2,latency_wall_batch1_ms,1,323,0.501,ms
CO,TT_PINN,cpu,3,2,latency_wall_batch1_ms,1,324,0.4707,ms
CO,TT_PINN,cpu,3,2,latency_wall_batch1_ms,1,325,0.4668,ms
CO,TT_PINN,cpu,3,2,latency_wall_batch1_ms,1,326,0.4663,ms
CO,TT_PINN,cpu,3,2,latency_wall_batch1_ms,1,327,0.4943,ms
CO,TT_PINN,cpu,3,2,latency_wall_batch1_ms,1,328,0.4711,ms
CO,TT_PINN,cpu,3,2,latency_wall_batch1_ms,1,329,0.4696,ms
CO,TT_PINN,cpu,3,2,latency_wall_batch1_ms,1,330,0.4681,ms
CO,TT_PINN,cpu,3,2,latency_wall_batch1_ms,1,331,0.4894,ms
CO,TT_PINN,cpu,3,2,latency_wall_batch1_ms,1,332,0.4701,ms
CO,TT_PINN,cpu,3,2,latency_wall_batch1_ms,1,333,0.468,ms
CO,TT_PINN,cpu,3,2,latency_wall_batch1_ms,1,334,0.4689,ms
CO,TT_PINN,cpu,3,2,latency_wall_batch1_ms,1,335,0.4983,ms
CO,TT_PINN,cpu,3,2,latency_wall_batch1_ms,1,336,0.4682,ms
CO,TT_PINN,cpu,3,2,latency_wall_batch1_ms,1,337,0.4682,ms
CO,TT_PINN,cpu,3,2,latency_wall_batch1_ms,1,338,0.4678,ms
CO,TT_PINN,cpu,3,2,latency_wall_batch1_ms,1,339,0.6689,ms
CO,TT_PINN,cpu,3,2,latency_wall_batch1_ms,1,340,0.4726,ms
CO,TT_PINN,cpu,3,2,latency_wall_batch1_ms,1,341,0.4674,ms
CO,TT_PINN,cpu,3,2,latency_wall_batch1_ms,1,342,0.4671,ms
CO,TT_PINN,cpu,3,2,latency_wall_batch1_ms,1,343,0.4913,ms
CO,TT_PINN,cpu,3,2,latency_wall_batch1_ms,1,344,0.4685,ms
CO,TT_PINN,cpu,3,2,latency_wall_batch1_ms,1,345,0.4653,ms
CO,TT_PINN,cpu,3,2,latency_wall_batch1_ms,1,346,0.467,ms
CO,TT_PINN,cpu,3,2,latency_wall_batch1_ms,1,347,0.4921,ms
CO,TT_PINN,cpu,3,2,latency_wall_batch1_ms,1,348,0.4696,ms
CO,TT_PINN,cpu,3,2,latency_wall_batch1_ms,1,349,0.4665,ms
CO,TT_PINN,cpu,3,2,latency_wall_batch1_ms,1,350,0.4675,ms
CO,TT_PINN,cpu,3,2,latency_wall_batch1_ms,1,351,0.5872,ms
CO,TT_PINN,cpu,3,2,latency_wall_batch1_ms,1,352,0.4896,ms
CO,TT_PINN,cpu,3,2,latency_wall_batch1_ms,1,353,0.4744,ms
CO,TT_PINN,cpu,3,2,latency_wall_batch1_ms,1,354,0.4735,ms
CO,TT_PINN,cpu,3,2,latency_wall_batch1_ms,1,355,0.4952,ms
CO,TT_PINN,cpu,3,2,latency_wall_batch1_ms,1,356,0.4761,ms
CO,TT_PINN,cpu,3,2,latency_wall_batch1_ms,1,357,0.4703,ms
CO,TT_PINN,cpu,3,2,latency_wall_batch1_ms,1,358,0.4687,ms
CO,TT_PINN,cpu,3,2,latency_wall_batch1_ms,1,359,0.4873,ms
CO,TT_PINN,cpu,3,2,latency_wall_batch1_ms,1,360,0.5986,ms
CO,TT_PINN,cpu,3,2,latency_wall_batch1_ms,1,361,0.4792,ms
CO,TT_PINN,cpu,3,2,latency_wall_batch1_ms,1,362,0.5228,ms
CO,TT_PINN,cpu,3,2,latency_wall_batch1_ms,1,363,0.5236,ms
CO,TT_PINN,cpu,3,2,latency_wall_batch1_ms,1,364,0.4799,ms
CO,TT_PINN,cpu,3,2,latency_wall_batch1_ms,1,365,0.4745,ms
CO,TT_PINN,cpu,3,2,latency_wall_batch1_ms,1,366,0.4692,ms
CO,TT_PINN,cpu,3,2,latency_wall_batch1_ms,1,367,0.4886,ms
CO,TT_PINN,cpu,3,2,latency_wall_batch1_ms,1,368,0.4732,ms
CO,TT_PINN,cpu,3,2,latency_wall_batch1_ms,1,369,0.4673,ms
CO,TT_PINN,cpu,3,2,latency_wall_batch1_ms,1,370,0.4758,ms
CO,TT_PINN,cpu,3,2,latency_wall_batch1_ms,1,371,0.4835,ms
CO,TT_PINN,cpu,3,2,latency_wall_batch1_ms,1,372,0.4738,ms
CO,TT_PINN,cpu,3,2,latency_wall_batch1_ms,1,373,0.4668,ms
CO,TT_PINN,cpu,3,2,latency_wall_batch1_ms,1,374,0.4679,ms
CO,TT_PINN,cpu,3,2,latency_wall_batch1_ms,1,375,0.4632,ms
CO,TT_PINN,cpu,3,2,latency_wall_batch1_ms,1,376,0.4933,ms
CO,TT_PINN,cpu,3,2,latency_wall_batch1_ms,1,377,0.4712,ms
CO,TT_PINN,cpu,3,2,latency_wall_batch1_ms,1,378,0.468,ms
CO,TT_PINN,cpu,3,2,latency_wall_batch1_ms,1,379,0.4644,ms
CO,TT_PINN,cpu,3,2,latency_wall_batch1_ms,1,380,0.6488,ms
CO,TT_PINN,cpu,3,2,latency_wall_batch1_ms,1,381,0.4717,ms
CO,TT_PINN,cpu,3,2,latency_wall_batch1_ms,1,382,0.6461,ms
CO,TT_PINN,cpu,3,2,latency_wall_batch1_ms,1,383,0.656,ms
CO,TT_PINN,cpu,3,2,latency_wall_batch1_ms,1,384,0.6494,ms
CO,TT_PINN,cpu,3,2,latency_wall_batch1_ms,1,385,0.6252,ms
CO,TT_PINN,cpu,3,2,latency_wall_batch1_ms,1,386,0.6031,ms
CO,TT_PINN,cpu,3,2,latency_wall_batch1_ms,1,387,0.6327,ms
CO,TT_PINN,cpu,3,2,latency_wall_batch1_ms,1,388,0.6214,ms
CO,TT_PINN,cpu,3,2,latency_wall_batch1_ms,1,389,0.607,ms
CO,TT_PINN,cpu,3,2,latency_wall_batch1_ms,1,390,0.6223,ms
CO,TT_PINN,cpu,3,2,latency_wall_batch1_ms,1,391,0.633,ms
CO,TT_PINN,cpu,3,2,latency_wall_batch1_ms,1,392,0.6565,ms
CO,TT_PINN,cpu,3,2,latency_wall_batch1_ms,1,393,0.6158,ms
CO,TT_PINN,cpu,3,2,latency_wall_batch1_ms,1,394,0.6341,ms
CO,TT_PINN,cpu,3,2,latency_wall_batch1_ms,1,395,0.6082,ms
CO,TT_PINN,cpu,3,2,latency_wall_batch1_ms,1,396,0.7307,ms
CO,TT_PINN,cpu,3,2,latency_wall_batch1_ms,1,397,0.6234,ms
CO,TT_PINN,cpu,3,2,latency_wall_batch1_ms,1,398,0.5975,ms
CO,TT_PINN,cpu,3,2,latency_wall_batch1_ms,1,399,0.6201,ms
CO,TT_PINN,cpu,3,2,throughput_rows_s,1,0,2120.890774125133,rows/s
CO,TT_PINN,cpu,3,2,throughput_rows_s,1,1,2147.766323024055,rows/s
CO,TT_PINN,cpu,3,2,throughput_rows_s,1,2,2035.4162426216162,rows/s
CO,TT_PINN,cpu,3,2,throughput_rows_s,1,3,2114.1649048625795,rows/s
CO,TT_PINN,cpu,3,2,throughput_rows_s,1,4,2144.082332761578,rows/s
CO,TT_PINN,cpu,3,2,throughput_rows_s,1,5,2136.2956633198037,rows/s
CO,TT_PINN,cpu,3,2,throughput_rows_s,1,6,1994.4156362185881,rows/s
CO,TT_PINN,cpu,3,2,throughput_rows_s,1,7,2117.746717492588,rows/s
CO,TT_PINN,cpu,3,2,throughput_rows_s,1,8,2148.2277121374864,rows/s
CO,TT_PINN,cpu,3,2,throughput_rows_s,1,9,1982.9466587348802,rows/s
CO,TT_PINN,cpu,3,2,throughput_rows_s,1,10,2022.2446916076844,rows/s
CO,TT_PINN,cpu,3,2,throughput_rows_s,1,11,2133.1058020477817,rows/s
CO,TT_PINN,cpu,3,2,throughput_rows_s,16,0,29320.139270661537,rows/s
CO,TT_PINN,cpu,3,2,throughput_rows_s,16,1,28535.758872837523,rows/s
CO,TT_PINN,cpu,3,2,throughput_rows_s,16,2,28530.670470756064,rows/s
CO,TT_PINN,cpu,3,2,throughput_rows_s,16,3,29149.20750592093,rows/s
CO,TT_PINN,cpu,3,2,throughput_rows_s,16,4,29363.18590567076,rows/s
CO,TT_PINN,cpu,3,2,throughput_rows_s,16,5,27869.709109911164,rows/s
CO,TT_PINN,cpu,3,2,throughput_rows_s,16,6,28474.81758319986,rows/s
CO,TT_PINN,cpu,3,2,throughput_rows_s,16,7,29085.62079621887,rows/s
CO,TT_PINN,cpu,3,2,throughput_rows_s,16,8,27855.15320334262,rows/s
CO,TT_PINN,cpu,3,2,throughput_rows_s,16,9,29165.14764855997,rows/s
CO,TT_PINN,cpu,3,2,throughput_rows_s,16,10,29336.266960029334,rows/s
CO,TT_PINN,cpu,3,2,throughput_rows_s,16,11,28293.545534924844,rows/s
CO,TT_PINN,cpu,3,2,throughput_rows_s,64,0,93745.42258678775,rows/s
CO,TT_PINN,cpu,3,2,throughput_rows_s,64,1,97427.3100928604,rows/s
CO,TT_PINN,cpu,3,2,throughput_rows_s,64,2,97904.23741777576,rows/s
CO,TT_PINN,cpu,3,2,throughput_rows_s,64,3,93485.24685948,rows/s
CO,TT_PINN,cpu,3,2,throughput_rows_s,64,4,96024.00600150037,rows/s
CO,TT_PINN,cpu,3,2,throughput_rows_s,64,5,98084.29118773947,rows/s
CO,TT_PINN,cpu,3,2,throughput_rows_s,64,6,94437.06654862034,rows/s
CO,TT_PINN,cpu,3,2,throughput_rows_s,64,7,95908.88655777012,rows/s
CO,TT_PINN,cpu,3,2,throughput_rows_s,64,8,89497.97231156482,rows/s
CO,TT_PINN,cpu,3,2,throughput_rows_s,64,9,94048.49375459221,rows/s
CO,TT_PINN,cpu,3,2,throughput_rows_s,64,10,95622.29194681009,rows/s
CO,TT_PINN,cpu,3,2,throughput_rows_s,64,11,91651.15279965631,rows/s
CO,TT_PINN,cpu,3,2,throughput_rows_s,256,0,290842.9902294933,rows/s
CO,TT_PINN,cpu,3,2,throughput_rows_s,256,1,300363.7216942391,rows/s
CO,TT_PINN,cpu,3,2,throughput_rows_s,256,2,302207.5315783261,rows/s
CO,TT_PINN,cpu,3,2,throughput_rows_s,256,3,291638.1863750285,rows/s
CO,TT_PINN,cpu,3,2,throughput_rows_s,256,4,299625.468164794,rows/s
CO,TT_PINN,cpu,3,2,throughput_rows_s,256,5,291273.18238707475,rows/s
CO,TT_PINN,cpu,3,2,throughput_rows_s,256,6,301460.1978332549,rows/s
CO,TT_PINN,cpu,3,2,throughput_rows_s,256,7,195763.55433203332,rows/s
CO,TT_PINN,cpu,3,2,throughput_rows_s,256,8,129975.62956945572,rows/s
CO,TT_PINN,cpu,3,2,throughput_rows_s,256,9,207505.87663127176,rows/s
CO,TT_PINN,cpu,3,2,throughput_rows_s,256,10,234432.2344322344,rows/s
CO,TT_PINN,cpu,3,2,throughput_rows_s,256,11,286033.5195530726,rows/s
CO,TT_PINN,cpu,3,2,throughput_rows_s,1024,0,664589.8234683282,rows/s
CO,TT_PINN,cpu,3,2,throughput_rows_s,1024,1,628490.7629043148,rows/s
CO,TT_PINN,cpu,3,2,throughput_rows_s,1024,2,716986.4164682818,rows/s
CO,TT_PINN,cpu,3,2,throughput_rows_s,1024,3,867943.7192744534,rows/s
CO,TT_PINN,cpu,3,2,throughput_rows_s,1024,4,905633.6782524099,rows/s
CO,TT_PINN,cpu,3,2,throughput_rows_s,1024,5,897458.3698510078,rows/s
CO,TT_PINN,cpu,3,2,throughput_rows_s,1024,6,915102.7703306524,rows/s
CO,TT_PINN,cpu,3,2,throughput_rows_s,1024,7,905633.6782524099,rows/s
CO,TT_PINN,cpu,3,2,throughput_rows_s,1024,8,904194.2604856512,rows/s
CO,TT_PINN,cpu,3,2,throughput_rows_s,1024,9,914040.8819066321,rows/s
CO,TT_PINN,cpu,3,2,throughput_rows_s,1024,10,757564.5483465266,rows/s
CO,TT_PINN,cpu,3,2,throughput_rows_s,1024,11,920780.5053502383,rows/s
CO,TT_PINN,cpu,3,2,throughput_rows_s,4096,0,1344714.379514117,rows/s
CO,TT_PINN,cpu,3,2,throughput_rows_s,4096,1,1334767.1652491281,rows/s
CO,TT_PINN,cpu,3,2,throughput_rows_s,4096,2,1100158.4700921276,rows/s
CO,TT_PINN,cpu,3,2,throughput_rows_s,4096,3,1312483.9784670598,rows/s
CO,TT_PINN,cpu,3,2,throughput_rows_s,4096,4,1352261.4724331463,rows/s
CO,TT_PINN,cpu,3,2,throughput_rows_s,4096,5,1091015.6354047358,rows/s
CO,TT_PINN,cpu,3,2,throughput_rows_s,4096,6,1222869.0849380505,rows/s
CO,TT_PINN,cpu,3,2,throughput_rows_s,4096,7,1245931.5589353612,rows/s
CO,TT_PINN,cpu,3,2,throughput_rows_s,4096,8,1138283.681636283,rows/s
CO,TT_PINN,cpu,3,2,throughput_rows_s,4096,9,1187521.7441725617,rows/s
CO,TT_PINN,cpu,3,2,throughput_rows_s,4096,10,1215718.8650124657,rows/s
CO,TT_PINN,cpu,3,2,throughput_rows_s,4096,11,1147596.099966379,rows/s
CO,DENSE_PINN,cuda,1,1,latency_wall_batch1_ms,1,0,0.1978,ms
CO,DENSE_PINN,cuda,1,1,latency_wall_batch1_ms,1,1,0.1816,ms
CO,DENSE_PINN,cuda,1,1,latency_wall_batch1_ms,1,2,0.1862,ms
CO,DENSE_PINN,cuda,1,1,latency_wall_batch1_ms,1,3,0.1846,ms
CO,DENSE_PINN,cuda,1,1,latency_wall_batch1_ms,1,4,0.2076,ms
CO,DENSE_PINN,cuda,1,1,latency_wall_batch1_ms,1,5,0.1902,ms
CO,DENSE_PINN,cuda,1,1,latency_wall_batch1_ms,1,6,0.1807,ms
CO,DENSE_PINN,cuda,1,1,latency_wall_batch1_ms,1,7,0.1946,ms
CO,DENSE_PINN,cuda,1,1,latency_wall_batch1_ms,1,8,0.1859,ms
CO,DENSE_PINN,cuda,1,1,latency_wall_batch1_ms,1,9,0.191,ms
CO,DENSE_PINN,cuda,1,1,latency_wall_batch1_ms,1,10,0.1705,ms
CO,DENSE_PINN,cuda,1,1,latency_wall_batch1_ms,1,11,0.1835,ms
CO,DENSE_PINN,cuda,1,1,latency_wall_batch1_ms,1,12,0.1909,ms
CO,DENSE_PINN,cuda,1,1,latency_wall_batch1_ms,1,13,0.3077,ms
CO,DENSE_PINN,cuda,1,1,latency_wall_batch1_ms,1,14,0.2023,ms
CO,DENSE_PINN,cuda,1,1,latency_wall_batch1_ms,1,15,0.1928,ms
CO,DENSE_PINN,cuda,1,1,latency_wall_batch1_ms,1,16,0.1834,ms
CO,DENSE_PINN,cuda,1,1,latency_wall_batch1_ms,1,17,0.297,ms
CO,DENSE_PINN,cuda,1,1,latency_wall_batch1_ms,1,18,0.2092,ms
CO,DENSE_PINN,cuda,1,1,latency_wall_batch1_ms,1,19,0.2001,ms
CO,DENSE_PINN,cuda,1,1,latency_wall_batch1_ms,1,20,0.2097,ms
CO,DENSE_PINN,cuda,1,1,latency_wall_batch1_ms,1,21,0.1924,ms
CO,DENSE_PINN,cuda,1,1,latency_wall_batch1_ms,1,22,0.2002,ms
CO,DENSE_PINN,cuda,1,1,latency_wall_batch1_ms,1,23,0.1919,ms
CO,DENSE_PINN,cuda,1,1,latency_wall_batch1_ms,1,24,0.1825,ms
CO,DENSE_PINN,cuda,1,1,latency_wall_batch1_ms,1,25,0.1892,ms
CO,DENSE_PINN,cuda,1,1,latency_wall_batch1_ms,1,26,0.1776,ms
CO,DENSE_PINN,cuda,1,1,latency_wall_batch1_ms,1,27,0.1788,ms
CO,DENSE_PINN,cuda,1,1,latency_wall_batch1_ms,1,28,0.1881,ms
CO,DENSE_PINN,cuda,1,1,latency_wall_batch1_ms,1,29,0.1927,ms
CO,DENSE_PINN,cuda,1,1,latency_wall_batch1_ms,1,30,0.1611,ms
CO,DENSE_PINN,cuda,1,1,latency_wall_batch1_ms,1,31,0.184,ms
CO,DENSE_PINN,cuda,1,1,latency_wall_batch1_ms,1,32,0.1863,ms
CO,DENSE_PINN,cuda,1,1,latency_wall_batch1_ms,1,33,0.21,ms
CO,DENSE_PINN,cuda,1,1,latency_wall_batch1_ms,1,34,0.1842,ms
CO,DENSE_PINN,cuda,1,1,latency_wall_batch1_ms,1,35,0.1728,ms
CO,DENSE_PINN,cuda,1,1,latency_wall_batch1_ms,1,36,0.1842,ms
CO,DENSE_PINN,cuda,1,1,latency_wall_batch1_ms,1,37,0.1789,ms
CO,DENSE_PINN,cuda,1,1,latency_wall_batch1_ms,1,38,0.1872,ms
CO,DENSE_PINN,cuda,1,1,latency_wall_batch1_ms,1,39,0.1952,ms
CO,DENSE_PINN,cuda,1,1,latency_wall_batch1_ms,1,40,0.1843,ms
CO,DENSE_PINN,cuda,1,1,latency_wall_batch1_ms,1,41,0.1837,ms
CO,DENSE_PINN,cuda,1,1,latency_wall_batch1_ms,1,42,0.1931,ms
CO,DENSE_PINN,cuda,1,1,latency_wall_batch1_ms,1,43,0.1869,ms
CO,DENSE_PINN,cuda,1,1,latency_wall_batch1_ms,1,44,0.1888,ms
CO,DENSE_PINN,cuda,1,1,latency_wall_batch1_ms,1,45,0.2851,ms
CO,DENSE_PINN,cuda,1,1,latency_wall_batch1_ms,1,46,0.2175,ms
CO,DENSE_PINN,cuda,1,1,latency_wall_batch1_ms,1,47,0.1808,ms
CO,DENSE_PINN,cuda,1,1,latency_wall_batch1_ms,1,48,0.191,ms
CO,DENSE_PINN,cuda,1,1,latency_wall_batch1_ms,1,49,0.1899,ms
CO,DENSE_PINN,cuda,1,1,latency_wall_batch1_ms,1,50,0.2144,ms
CO,DENSE_PINN,cuda,1,1,latency_wall_batch1_ms,1,51,0.1876,ms
CO,DENSE_PINN,cuda,1,1,latency_wall_batch1_ms,1,52,0.1872,ms
CO,DENSE_PINN,cuda,1,1,latency_wall_batch1_ms,1,53,0.2981,ms
CO,DENSE_PINN,cuda,1,1,latency_wall_batch1_ms,1,54,0.1953,ms
CO,DENSE_PINN,cuda,1,1,latency_wall_batch1_ms,1,55,0.1903,ms
CO,DENSE_PINN,cuda,1,1,latency_wall_batch1_ms,1,56,0.1901,ms
CO,DENSE_PINN,cuda,1,1,latency_wall_batch1_ms,1,57,0.1872,ms
CO,DENSE_PINN,cuda,1,1,latency_wall_batch1_ms,1,58,0.1819,ms
CO,DENSE_PINN,cuda,1,1,latency_wall_batch1_ms,1,59,0.1843,ms
CO,DENSE_PINN,cuda,1,1,latency_wall_batch1_ms,1,60,0.1864,ms
CO,DENSE_PINN,cuda,1,1,latency_wall_batch1_ms,1,61,0.1846,ms
CO,DENSE_PINN,cuda,1,1,latency_wall_batch1_ms,1,62,0.1929,ms
CO,DENSE_PINN,cuda,1,1,latency_wall_batch1_ms,1,63,0.1868,ms
CO,DENSE_PINN,cuda,1,1,latency_wall_batch1_ms,1,64,0.1847,ms
CO,DENSE_PINN,cuda,1,1,latency_wall_batch1_ms,1,65,0.1836,ms
CO,DENSE_PINN,cuda,1,1,latency_wall_batch1_ms,1,66,0.1652,ms
CO,DENSE_PINN,cuda,1,1,latency_wall_batch1_ms,1,67,0.1881,ms
CO,DENSE_PINN,cuda,1,1,latency_wall_batch1_ms,1,68,0.1809,ms
CO,DENSE_PINN,cuda,1,1,latency_wall_batch1_ms,1,69,0.1834,ms
CO,DENSE_PINN,cuda,1,1,latency_wall_batch1_ms,1,70,0.1856,ms
CO,DENSE_PINN,cuda,1,1,latency_wall_batch1_ms,1,71,0.1839,ms
CO,DENSE_PINN,cuda,1,1,latency_wall_batch1_ms,1,72,0.188,ms
CO,DENSE_PINN,cuda,1,1,latency_wall_batch1_ms,1,73,0.1838,ms
CO,DENSE_PINN,cuda,1,1,latency_wall_batch1_ms,1,74,0.1851,ms
CO,DENSE_PINN,cuda,1,1,latency_wall_batch1_ms,1,75,0.2829,ms
CO,DENSE_PINN,cuda,1,1,latency_wall_batch1_ms,1,76,0.1804,ms
CO,DENSE_PINN,cuda,1,1,latency_wall_batch1_ms,1,77,0.1972,ms
CO,DENSE_PINN,cuda,1,1,latency_wall_batch1_ms,1,78,0.1944,ms
CO,DENSE_PINN,cuda,1,1,latency_wall_batch1_ms,1,79,0.1865,ms
CO,DENSE_PINN,cuda,1,1,latency_wall_batch1_ms,1,80,0.1685,ms
CO,DENSE_PINN,cuda,1,1,latency_wall_batch1_ms,1,81,0.1901,ms
CO,DENSE_PINN,cuda,1,1,latency_wall_batch1_ms,1,82,0.1901,ms
CO,DENSE_PINN,cuda,1,1,latency_wall_batch1_ms,1,83,0.19,ms
CO,DENSE_PINN,cuda,1,1,latency_wall_batch1_ms,1,84,0.2463,ms
CO,DENSE_PINN,cuda,1,1,latency_wall_batch1_ms,1,85,0.2699,ms
CO,DENSE_PINN,cuda,1,1,latency_wall_batch1_ms,1,86,0.1753,ms
CO,DENSE_PINN,cuda,1,1,latency_wall_batch1_ms,1,87,0.1891,ms
CO,DENSE_PINN,cuda,1,1,latency_wall_batch1_ms,1,88,0.1734,ms
CO,DENSE_PINN,cuda,1,1,latency_wall_batch1_ms,1,89,0.1767,ms
CO,DENSE_PINN,cuda,1,1,latency_wall_batch1_ms,1,90,0.1791,ms
CO,DENSE_PINN,cuda,1,1,latency_wall_batch1_ms,1,91,0.1818,ms
CO,DENSE_PINN,cuda,1,1,latency_wall_batch1_ms,1,92,0.1634,ms
CO,DENSE_PINN,cuda,1,1,latency_wall_batch1_ms,1,93,0.1759,ms
CO,DENSE_PINN,cuda,1,1,latency_wall_batch1_ms,1,94,0.1844,ms
CO,DENSE_PINN,cuda,1,1,latency_wall_batch1_ms,1,95,0.1845,ms
CO,DENSE_PINN,cuda,1,1,latency_wall_batch1_ms,1,96,0.1833,ms
CO,DENSE_PINN,cuda,1,1,latency_wall_batch1_ms,1,97,0.1959,ms
CO,DENSE_PINN,cuda,1,1,latency_wall_batch1_ms,1,98,0.1813,ms
CO,DENSE_PINN,cuda,1,1,latency_wall_batch1_ms,1,99,0.1841,ms
CO,DENSE_PINN,cuda,1,1,latency_wall_batch1_ms,1,100,0.1856,ms
CO,DENSE_PINN,cuda,1,1,latency_wall_batch1_ms,1,101,0.1873,ms
CO,DENSE_PINN,cuda,1,1,latency_wall_batch1_ms,1,102,0.1856,ms
CO,DENSE_PINN,cuda,1,1,latency_wall_batch1_ms,1,103,0.1812,ms
CO,DENSE_PINN,cuda,1,1,latency_wall_batch1_ms,1,104,0.1818,ms
CO,DENSE_PINN,cuda,1,1,latency_wall_batch1_ms,1,105,0.1817,ms
CO,DENSE_PINN,cuda,1,1,latency_wall_batch1_ms,1,106,0.1811,ms
CO,DENSE_PINN,cuda,1,1,latency_wall_batch1_ms,1,107,0.1818,ms
CO,DENSE_PINN,cuda,1,1,latency_wall_batch1_ms,1,108,0.1797,ms
CO,DENSE_PINN,cuda,1,1,latency_wall_batch1_ms,1,109,0.1741,ms
CO,DENSE_PINN,cuda,1,1,latency_wall_batch1_ms,1,110,0.1505,ms
CO,DENSE_PINN,cuda,1,1,latency_wall_batch1_ms,1,111,0.1815,ms
CO,DENSE_PINN,cuda,1,1,latency_wall_batch1_ms,1,112,0.1768,ms
CO,DENSE_PINN,cuda,1,1,latency_wall_batch1_ms,1,113,0.1896,ms
CO,DENSE_PINN,cuda,1,1,latency_wall_batch1_ms,1,114,0.1878,ms
CO,DENSE_PINN,cuda,1,1,latency_wall_batch1_ms,1,115,0.1827,ms
CO,DENSE_PINN,cuda,1,1,latency_wall_batch1_ms,1,116,0.1805,ms
CO,DENSE_PINN,cuda,1,1,latency_wall_batch1_ms,1,117,0.1825,ms
CO,DENSE_PINN,cuda,1,1,latency_wall_batch1_ms,1,118,0.1822,ms
CO,DENSE_PINN,cuda,1,1,latency_wall_batch1_ms,1,119,0.1849,ms
CO,DENSE_PINN,cuda,1,1,latency_wall_batch1_ms,1,120,0.1791,ms
CO,DENSE_PINN,cuda,1,1,latency_wall_batch1_ms,1,121,0.1975,ms
CO,DENSE_PINN,cuda,1,1,latency_wall_batch1_ms,1,122,0.1925,ms
CO,DENSE_PINN,cuda,1,1,latency_wall_batch1_ms,1,123,0.1742,ms
CO,DENSE_PINN,cuda,1,1,latency_wall_batch1_ms,1,124,0.1713,ms
CO,DENSE_PINN,cuda,1,1,latency_wall_batch1_ms,1,125,0.1902,ms
CO,DENSE_PINN,cuda,1,1,latency_wall_batch1_ms,1,126,0.1822,ms
CO,DENSE_PINN,cuda,1,1,latency_wall_batch1_ms,1,127,0.1829,ms
CO,DENSE_PINN,cuda,1,1,latency_wall_batch1_ms,1,128,0.1897,ms
CO,DENSE_PINN,cuda,1,1,latency_wall_batch1_ms,1,129,0.2002,ms
CO,DENSE_PINN,cuda,1,1,latency_wall_batch1_ms,1,130,0.1726,ms
CO,DENSE_PINN,cuda,1,1,latency_wall_batch1_ms,1,131,0.1592,ms
CO,DENSE_PINN,cuda,1,1,latency_wall_batch1_ms,1,132,0.1546,ms
CO,DENSE_PINN,cuda,1,1,latency_wall_batch1_ms,1,133,0.1762,ms
CO,DENSE_PINN,cuda,1,1,latency_wall_batch1_ms,1,134,0.1824,ms
CO,DENSE_PINN,cuda,1,1,latency_wall_batch1_ms,1,135,0.1889,ms
CO,DENSE_PINN,cuda,1,1,latency_wall_batch1_ms,1,136,0.1774,ms
CO,DENSE_PINN,cuda,1,1,latency_wall_batch1_ms,1,137,0.1801,ms
CO,DENSE_PINN,cuda,1,1,latency_wall_batch1_ms,1,138,0.2189,ms
CO,DENSE_PINN,cuda,1,1,latency_wall_batch1_ms,1,139,0.1869,ms
CO,DENSE_PINN,cuda,1,1,latency_wall_batch1_ms,1,140,0.1883,ms
CO,DENSE_PINN,cuda,1,1,latency_wall_batch1_ms,1,141,0.1905,ms
CO,DENSE_PINN,cuda,1,1,latency_wall_batch1_ms,1,142,0.1892,ms
CO,DENSE_PINN,cuda,1,1,latency_wall_batch1_ms,1,143,0.1833,ms
CO,DENSE_PINN,cuda,1,1,latency_wall_batch1_ms,1,144,0.1715,ms
CO,DENSE_PINN,cuda,1,1,latency_wall_batch1_ms,1,145,0.2513,ms
CO,DENSE_PINN,cuda,1,1,latency_wall_batch1_ms,1,146,0.2226,ms
CO,DENSE_PINN,cuda,1,1,latency_wall_batch1_ms,1,147,0.1917,ms
CO,DENSE_PINN,cuda,1,1,latency_wall_batch1_ms,1,148,0.1887,ms
CO,DENSE_PINN,cuda,1,1,latency_wall_batch1_ms,1,149,0.1855,ms
CO,DENSE_PINN,cuda,1,1,latency_wall_batch1_ms,1,150,0.1882,ms
CO,DENSE_PINN,cuda,1,1,latency_wall_batch1_ms,1,151,0.1608,ms
CO,DENSE_PINN,cuda,1,1,latency_wall_batch1_ms,1,152,0.1738,ms
CO,DENSE_PINN,cuda,1,1,latency_wall_batch1_ms,1,153,0.1851,ms
CO,DENSE_PINN,cuda,1,1,latency_wall_batch1_ms,1,154,0.2803,ms
CO,DENSE_PINN,cuda,1,1,latency_wall_batch1_ms,1,155,0.3205,ms
CO,DENSE_PINN,cuda,1,1,latency_wall_batch1_ms,1,156,0.1944,ms
CO,DENSE_PINN,cuda,1,1,latency_wall_batch1_ms,1,157,0.192,ms
CO,DENSE_PINN,cuda,1,1,latency_wall_batch1_ms,1,158,0.1814,ms
CO,DENSE_PINN,cuda,1,1,latency_wall_batch1_ms,1,159,0.1684,ms
CO,DENSE_PINN,cuda,1,1,latency_wall_batch1_ms,1,160,0.1825,ms
CO,DENSE_PINN,cuda,1,1,latency_wall_batch1_ms,1,161,0.176,ms
CO,DENSE_PINN,cuda,1,1,latency_wall_batch1_ms,1,162,0.1754,ms
CO,DENSE_PINN,cuda,1,1,latency_wall_batch1_ms,1,163,0.1642,ms
CO,DENSE_PINN,cuda,1,1,latency_wall_batch1_ms,1,164,0.265,ms
CO,DENSE_PINN,cuda,1,1,latency_wall_batch1_ms,1,165,0.2,ms
CO,DENSE_PINN,cuda,1,1,latency_wall_batch1_ms,1,166,0.1899,ms
CO,DENSE_PINN,cuda,1,1,latency_wall_batch1_ms,1,167,0.1862,ms
CO,DENSE_PINN,cuda,1,1,latency_wall_batch1_ms,1,168,0.1948,ms
CO,DENSE_PINN,cuda,1,1,latency_wall_batch1_ms,1,169,0.1757,ms
CO,DENSE_PINN,cuda,1,1,latency_wall_batch1_ms,1,170,0.1878,ms
CO,DENSE_PINN,cuda,1,1,latency_wall_batch1_ms,1,171,0.1957,ms
CO,DENSE_PINN,cuda,1,1,latency_wall_batch1_ms,1,172,0.1989,ms
CO,DENSE_PINN,cuda,1,1,latency_wall_batch1_ms,1,173,0.1807,ms
CO,DENSE_PINN,cuda,1,1,latency_wall_batch1_ms,1,174,0.1832,ms
CO,DENSE_PINN,cuda,1,1,latency_wall_batch1_ms,1,175,0.1827,ms
CO,DENSE_PINN,cuda,1,1,latency_wall_batch1_ms,1,176,0.1701,ms
CO,DENSE_PINN,cuda,1,1,latency_wall_batch1_ms,1,177,0.1882,ms
CO,DENSE_PINN,cuda,1,1,latency_wall_batch1_ms,1,178,0.169,ms
CO,DENSE_PINN,cuda,1,1,latency_wall_batch1_ms,1,179,0.1816,ms
CO,DENSE_PINN,cuda,1,1,latency_wall_batch1_ms,1,180,0.186,ms
CO,DENSE_PINN,cuda,1,1,latency_wall_batch1_ms,1,181,0.1845,ms
CO,DENSE_PINN,cuda,1,1,latency_wall_batch1_ms,1,182,0.1747,ms
CO,DENSE_PINN,cuda,1,1,latency_wall_batch1_ms,1,183,0.1865,ms
CO,DENSE_PINN,cuda,1,1,latency_wall_batch1_ms,1,184,0.1778,ms
CO,DENSE_PINN,cuda,1,1,latency_wall_batch1_ms,1,185,0.1765,ms
CO,DENSE_PINN,cuda,1,1,latency_wall_batch1_ms,1,186,0.1773,ms
CO,DENSE_PINN,cuda,1,1,latency_wall_batch1_ms,1,187,0.181,ms
CO,DENSE_PINN,cuda,1,1,latency_wall_batch1_ms,1,188,0.1861,ms
CO,DENSE_PINN,cuda,1,1,latency_wall_batch1_ms,1,189,0.1765,ms
CO,DENSE_PINN,cuda,1,1,latency_wall_batch1_ms,1,190,0.1847,ms
CO,DENSE_PINN,cuda,1,1,latency_wall_batch1_ms,1,191,0.1808,ms
CO,DENSE_PINN,cuda,1,1,latency_wall_batch1_ms,1,192,0.185,ms
CO,DENSE_PINN,cuda,1,1,latency_wall_batch1_ms,1,193,0.1862,ms
CO,DENSE_PINN,cuda,1,1,latency_wall_batch1_ms,1,194,0.1852,ms
CO,DENSE_PINN,cuda,1,1,latency_wall_batch1_ms,1,195,0.1838,ms
CO,DENSE_PINN,cuda,1,1,latency_wall_batch1_ms,1,196,0.1881,ms
CO,DENSE_PINN,cuda,1,1,latency_wall_batch1_ms,1,197,0.1849,ms
CO,DENSE_PINN,cuda,1,1,latency_wall_batch1_ms,1,198,0.1809,ms
CO,DENSE_PINN,cuda,1,1,latency_wall_batch1_ms,1,199,0.1795,ms
CO,DENSE_PINN,cuda,1,1,latency_wall_batch1_ms,1,200,0.1869,ms
CO,DENSE_PINN,cuda,1,1,latency_wall_batch1_ms,1,201,0.186,ms
CO,DENSE_PINN,cuda,1,1,latency_wall_batch1_ms,1,202,0.1994,ms
CO,DENSE_PINN,cuda,1,1,latency_wall_batch1_ms,1,203,0.1862,ms
CO,DENSE_PINN,cuda,1,1,latency_wall_batch1_ms,1,204,0.1884,ms
CO,DENSE_PINN,cuda,1,1,latency_wall_batch1_ms,1,205,0.1859,ms
CO,DENSE_PINN,cuda,1,1,latency_wall_batch1_ms,1,206,0.1789,ms
CO,DENSE_PINN,cuda,1,1,latency_wall_batch1_ms,1,207,0.1873,ms
CO,DENSE_PINN,cuda,1,1,latency_wall_batch1_ms,1,208,0.1866,ms
CO,DENSE_PINN,cuda,1,1,latency_wall_batch1_ms,1,209,0.1841,ms
CO,DENSE_PINN,cuda,1,1,latency_wall_batch1_ms,1,210,0.1865,ms
CO,DENSE_PINN,cuda,1,1,latency_wall_batch1_ms,1,211,0.1898,ms
CO,DENSE_PINN,cuda,1,1,latency_wall_batch1_ms,1,212,0.1837,ms
CO,DENSE_PINN,cuda,1,1,latency_wall_batch1_ms,1,213,0.187,ms
CO,DENSE_PINN,cuda,1,1,latency_wall_batch1_ms,1,214,0.1865,ms
CO,DENSE_PINN,cuda,1,1,latency_wall_batch1_ms,1,215,0.1867,ms
CO,DENSE_PINN,cuda,1,1,latency_wall_batch1_ms,1,216,0.1903,ms
CO,DENSE_PINN,cuda,1,1,latency_wall_batch1_ms,1,217,0.1861,ms
CO,DENSE_PINN,cuda,1,1,latency_wall_batch1_ms,1,218,0.1871,ms
CO,DENSE_PINN,cuda,1,1,latency_wall_batch1_ms,1,219,0.186,ms
CO,DENSE_PINN,cuda,1,1,latency_wall_batch1_ms,1,220,0.1892,ms
CO,DENSE_PINN,cuda,1,1,latency_wall_batch1_ms,1,221,0.1852,ms
CO,DENSE_PINN,cuda,1,1,latency_wall_batch1_ms,1,222,0.1854,ms
CO,DENSE_PINN,cuda,1,1,latency_wall_batch1_ms,1,223,0.1832,ms
CO,DENSE_PINN,cuda,1,1,latency_wall_batch1_ms,1,224,0.1888,ms
CO,DENSE_PINN,cuda,1,1,latency_wall_batch1_ms,1,225,0.1884,ms
CO,DENSE_PINN,cuda,1,1,latency_wall_batch1_ms,1,226,0.1887,ms
CO,DENSE_PINN,cuda,1,1,latency_wall_batch1_ms,1,227,0.1895,ms
CO,DENSE_PINN,cuda,1,1,latency_wall_batch1_ms,1,228,0.188,ms
CO,DENSE_PINN,cuda,1,1,latency_wall_batch1_ms,1,229,0.1972,ms
CO,DENSE_PINN,cuda,1,1,latency_wall_batch1_ms,1,230,0.1772,ms
CO,DENSE_PINN,cuda,1,1,latency_wall_batch1_ms,1,231,0.1876,ms
CO,DENSE_PINN,cuda,1,1,latency_wall_batch1_ms,1,232,0.1899,ms
CO,DENSE_PINN,cuda,1,1,latency_wall_batch1_ms,1,233,0.1923,ms
CO,DENSE_PINN,cuda,1,1,latency_wall_batch1_ms,1,234,0.3147,ms
CO,DENSE_PINN,cuda,1,1,latency_wall_batch1_ms,1,235,0.1931,ms
CO,DENSE_PINN,cuda,1,1,latency_wall_batch1_ms,1,236,0.1879,ms
CO,DENSE_PINN,cuda,1,1,latency_wall_batch1_ms,1,237,0.1831,ms
CO,DENSE_PINN,cuda,1,1,latency_wall_batch1_ms,1,238,0.1849,ms
CO,DENSE_PINN,cuda,1,1,latency_wall_batch1_ms,1,239,0.1827,ms
CO,DENSE_PINN,cuda,1,1,latency_wall_batch1_ms,1,240,0.1652,ms
CO,DENSE_PINN,cuda,1,1,latency_wall_batch1_ms,1,241,0.2755,ms
CO,DENSE_PINN,cuda,1,1,latency_wall_batch1_ms,1,242,0.3114,ms
CO,DENSE_PINN,cuda,1,1,latency_wall_batch1_ms,1,243,0.2164,ms
CO,DENSE_PINN,cuda,1,1,latency_wall_batch1_ms,1,244,0.1896,ms
CO,DENSE_PINN,cuda,1,1,latency_wall_batch1_ms,1,245,0.1925,ms
CO,DENSE_PINN,cuda,1,1,latency_wall_batch1_ms,1,246,0.1809,ms
CO,DENSE_PINN,cuda,1,1,latency_wall_batch1_ms,1,247,0.1867,ms
CO,DENSE_PINN,cuda,1,1,latency_wall_batch1_ms,1,248,0.1641,ms
CO,DENSE_PINN,cuda,1,1,latency_wall_batch1_ms,1,249,0.1531,ms
CO,DENSE_PINN,cuda,1,1,latency_wall_batch1_ms,1,250,0.1838,ms
CO,DENSE_PINN,cuda,1,1,latency_wall_batch1_ms,1,251,0.184,ms
CO,DENSE_PINN,cuda,1,1,latency_wall_batch1_ms,1,252,0.1826,ms
CO,DENSE_PINN,cuda,1,1,latency_wall_batch1_ms,1,253,0.1868,ms
CO,DENSE_PINN,cuda,1,1,latency_wall_batch1_ms,1,254,0.1846,ms
CO,DENSE_PINN,cuda,1,1,latency_wall_batch1_ms,1,255,0.1841,ms
CO,DENSE_PINN,cuda,1,1,latency_wall_batch1_ms,1,256,0.168,ms
CO,DENSE_PINN,cuda,1,1,latency_wall_batch1_ms,1,257,0.1838,ms
CO,DENSE_PINN,cuda,1,1,latency_wall_batch1_ms,1,258,0.1851,ms
CO,DENSE_PINN,cuda,1,1,latency_wall_batch1_ms,1,259,0.1934,ms
CO,DENSE_PINN,cuda,1,1,latency_wall_batch1_ms,1,260,0.1793,ms
CO,DENSE_PINN,cuda,1,1,latency_wall_batch1_ms,1,261,0.1854,ms
CO,DENSE_PINN,cuda,1,1,latency_wall_batch1_ms,1,262,0.1837,ms
CO,DENSE_PINN,cuda,1,1,latency_wall_batch1_ms,1,263,0.1837,ms
CO,DENSE_PINN,cuda,1,1,latency_wall_batch1_ms,1,264,0.1878,ms
CO,DENSE_PINN,cuda,1,1,latency_wall_batch1_ms,1,265,0.1837,ms
CO,DENSE_PINN,cuda,1,1,latency_wall_batch1_ms,1,266,0.1823,ms
CO,DENSE_PINN,cuda,1,1,latency_wall_batch1_ms,1,267,0.184,ms
CO,DENSE_PINN,cuda,1,1,latency_wall_batch1_ms,1,268,0.1972,ms
CO,DENSE_PINN,cuda,1,1,latency_wall_batch1_ms,1,269,0.1887,ms
CO,DENSE_PINN,cuda,1,1,latency_wall_batch1_ms,1,270,0.1853,ms
CO,DENSE_PINN,cuda,1,1,latency_wall_batch1_ms,1,271,0.1742,ms
CO,DENSE_PINN,cuda,1,1,latency_wall_batch1_ms,1,272,0.1848,ms
CO,DENSE_PINN,cuda,1,1,latency_wall_batch1_ms,1,273,0.185,ms
CO,DENSE_PINN,cuda,1,1,latency_wall_batch1_ms,1,274,0.1914,ms
CO,DENSE_PINN,cuda,1,1,latency_wall_batch1_ms,1,275,0.1895,ms
CO,DENSE_PINN,cuda,1,1,latency_wall_batch1_ms,1,276,0.1871,ms
CO,DENSE_PINN,cuda,1,1,latency_wall_batch1_ms,1,277,0.192,ms
CO,DENSE_PINN,cuda,1,1,latency_wall_batch1_ms,1,278,0.1683,ms
CO,DENSE_PINN,cuda,1,1,latency_wall_batch1_ms,1,279,0.1851,ms
CO,DENSE_PINN,cuda,1,1,latency_wall_batch1_ms,1,280,0.2041,ms
CO,DENSE_PINN,cuda,1,1,latency_wall_batch1_ms,1,281,0.1936,ms
CO,DENSE_PINN,cuda,1,1,latency_wall_batch1_ms,1,282,0.1884,ms
CO,DENSE_PINN,cuda,1,1,latency_wall_batch1_ms,1,283,0.1742,ms
CO,DENSE_PINN,cuda,1,1,latency_wall_batch1_ms,1,284,0.1877,ms
CO,DENSE_PINN,cuda,1,1,latency_wall_batch1_ms,1,285,0.1892,ms
CO,DENSE_PINN,cuda,1,1,latency_wall_batch1_ms,1,286,0.1865,ms
CO,DENSE_PINN,cuda,1,1,latency_wall_batch1_ms,1,287,0.1763,ms
CO,DENSE_PINN,cuda,1,1,latency_wall_batch1_ms,1,288,0.1868,ms
CO,DENSE_PINN,cuda,1,1,latency_wall_batch1_ms,1,289,0.19,ms
CO,DENSE_PINN,cuda,1,1,latency_wall_batch1_ms,1,290,0.1924,ms
CO,DENSE_PINN,cuda,1,1,latency_wall_batch1_ms,1,291,0.1861,ms
CO,DENSE_PINN,cuda,1,1,latency_wall_batch1_ms,1,292,0.1855,ms
CO,DENSE_PINN,cuda,1,1,latency_wall_batch1_ms,1,293,0.1772,ms
CO,DENSE_PINN,cuda,1,1,latency_wall_batch1_ms,1,294,0.1825,ms
CO,DENSE_PINN,cuda,1,1,latency_wall_batch1_ms,1,295,0.1958,ms
CO,DENSE_PINN,cuda,1,1,latency_wall_batch1_ms,1,296,0.1865,ms
CO,DENSE_PINN,cuda,1,1,latency_wall_batch1_ms,1,297,0.1895,ms
CO,DENSE_PINN,cuda,1,1,latency_wall_batch1_ms,1,298,0.1959,ms
CO,DENSE_PINN,cuda,1,1,latency_wall_batch1_ms,1,299,0.1885,ms
CO,DENSE_PINN,cuda,1,1,latency_wall_batch1_ms,1,300,0.1957,ms
CO,DENSE_PINN,cuda,1,1,latency_wall_batch1_ms,1,301,0.1867,ms
CO,DENSE_PINN,cuda,1,1,latency_wall_batch1_ms,1,302,0.1892,ms
CO,DENSE_PINN,cuda,1,1,latency_wall_batch1_ms,1,303,0.1926,ms
CO,DENSE_PINN,cuda,1,1,latency_wall_batch1_ms,1,304,0.1847,ms
CO,DENSE_PINN,cuda,1,1,latency_wall_batch1_ms,1,305,0.1834,ms
CO,DENSE_PINN,cuda,1,1,latency_wall_batch1_ms,1,306,0.1988,ms
CO,DENSE_PINN,cuda,1,1,latency_wall_batch1_ms,1,307,0.1933,ms
CO,DENSE_PINN,cuda,1,1,latency_wall_batch1_ms,1,308,0.1878,ms
CO,DENSE_PINN,cuda,1,1,latency_wall_batch1_ms,1,309,0.192,ms
CO,DENSE_PINN,cuda,1,1,latency_wall_batch1_ms,1,310,0.1938,ms
CO,DENSE_PINN,cuda,1,1,latency_wall_batch1_ms,1,311,0.1722,ms
CO,DENSE_PINN,cuda,1,1,latency_wall_batch1_ms,1,312,0.1891,ms
CO,DENSE_PINN,cuda,1,1,latency_wall_batch1_ms,1,313,0.1863,ms
CO,DENSE_PINN,cuda,1,1,latency_wall_batch1_ms,1,314,0.1643,ms
CO,DENSE_PINN,cuda,1,1,latency_wall_batch1_ms,1,315,0.1917,ms
CO,DENSE_PINN,cuda,1,1,latency_wall_batch1_ms,1,316,0.4367,ms
CO,DENSE_PINN,cuda,1,1,latency_wall_batch1_ms,1,317,0.2334,ms
CO,DENSE_PINN,cuda,1,1,latency_wall_batch1_ms,1,318,0.2029,ms
CO,DENSE_PINN,cuda,1,1,latency_wall_batch1_ms,1,319,0.1903,ms
CO,DENSE_PINN,cuda,1,1,latency_wall_batch1_ms,1,320,0.2129,ms
CO,DENSE_PINN,cuda,1,1,latency_wall_batch1_ms,1,321,0.1887,ms
CO,DENSE_PINN,cuda,1,1,latency_wall_batch1_ms,1,322,0.1819,ms
CO,DENSE_PINN,cuda,1,1,latency_wall_batch1_ms,1,323,0.1874,ms
CO,DENSE_PINN,cuda,1,1,latency_wall_batch1_ms,1,324,0.1865,ms
CO,DENSE_PINN,cuda,1,1,latency_wall_batch1_ms,1,325,0.1952,ms
CO,DENSE_PINN,cuda,1,1,latency_wall_batch1_ms,1,326,0.1902,ms
CO,DENSE_PINN,cuda,1,1,latency_wall_batch1_ms,1,327,0.2102,ms
CO,DENSE_PINN,cuda,1,1,latency_wall_batch1_ms,1,328,0.1863,ms
CO,DENSE_PINN,cuda,1,1,latency_wall_batch1_ms,1,329,0.1792,ms
CO,DENSE_PINN,cuda,1,1,latency_wall_batch1_ms,1,330,0.1943,ms
CO,DENSE_PINN,cuda,1,1,latency_wall_batch1_ms,1,331,0.1885,ms
CO,DENSE_PINN,cuda,1,1,latency_wall_batch1_ms,1,332,0.1794,ms
CO,DENSE_PINN,cuda,1,1,latency_wall_batch1_ms,1,333,0.1824,ms
CO,DENSE_PINN,cuda,1,1,latency_wall_batch1_ms,1,334,0.1866,ms
CO,DENSE_PINN,cuda,1,1,latency_wall_batch1_ms,1,335,0.1903,ms
CO,DENSE_PINN,cuda,1,1,latency_wall_batch1_ms,1,336,0.1583,ms
CO,DENSE_PINN,cuda,1,1,latency_wall_batch1_ms,1,337,0.1835,ms
CO,DENSE_PINN,cuda,1,1,latency_wall_batch1_ms,1,338,0.1785,ms
CO,DENSE_PINN,cuda,1,1,latency_wall_batch1_ms,1,339,0.1818,ms
CO,DENSE_PINN,cuda,1,1,latency_wall_batch1_ms,1,340,0.1818,ms
CO,DENSE_PINN,cuda,1,1,latency_wall_batch1_ms,1,341,0.1814,ms
CO,DENSE_PINN,cuda,1,1,latency_wall_batch1_ms,1,342,0.1741,ms
CO,DENSE_PINN,cuda,1,1,latency_wall_batch1_ms,1,343,0.1812,ms
CO,DENSE_PINN,cuda,1,1,latency_wall_batch1_ms,1,344,0.1844,ms
CO,DENSE_PINN,cuda,1,1,latency_wall_batch1_ms,1,345,0.1825,ms
CO,DENSE_PINN,cuda,1,1,latency_wall_batch1_ms,1,346,0.1862,ms
CO,DENSE_PINN,cuda,1,1,latency_wall_batch1_ms,1,347,0.1817,ms
CO,DENSE_PINN,cuda,1,1,latency_wall_batch1_ms,1,348,0.1833,ms
CO,DENSE_PINN,cuda,1,1,latency_wall_batch1_ms,1,349,0.1824,ms
CO,DENSE_PINN,cuda,1,1,latency_wall_batch1_ms,1,350,0.1834,ms
CO,DENSE_PINN,cuda,1,1,latency_wall_batch1_ms,1,351,0.3576,ms
CO,DENSE_PINN,cuda,1,1,latency_wall_batch1_ms,1,352,0.2143,ms
CO,DENSE_PINN,cuda,1,1,latency_wall_batch1_ms,1,353,0.1931,ms
CO,DENSE_PINN,cuda,1,1,latency_wall_batch1_ms,1,354,0.1878,ms
CO,DENSE_PINN,cuda,1,1,latency_wall_batch1_ms,1,355,0.1762,ms
CO,DENSE_PINN,cuda,1,1,latency_wall_batch1_ms,1,356,0.1822,ms
CO,DENSE_PINN,cuda,1,1,latency_wall_batch1_ms,1,357,0.1869,ms
CO,DENSE_PINN,cuda,1,1,latency_wall_batch1_ms,1,358,0.1848,ms
CO,DENSE_PINN,cuda,1,1,latency_wall_batch1_ms,1,359,0.1923,ms
CO,DENSE_PINN,cuda,1,1,latency_wall_batch1_ms,1,360,0.1906,ms
CO,DENSE_PINN,cuda,1,1,latency_wall_batch1_ms,1,361,0.187,ms
CO,DENSE_PINN,cuda,1,1,latency_wall_batch1_ms,1,362,0.1851,ms
CO,DENSE_PINN,cuda,1,1,latency_wall_batch1_ms,1,363,0.1869,ms
CO,DENSE_PINN,cuda,1,1,latency_wall_batch1_ms,1,364,0.1863,ms
CO,DENSE_PINN,cuda,1,1,latency_wall_batch1_ms,1,365,0.1808,ms
CO,DENSE_PINN,cuda,1,1,latency_wall_batch1_ms,1,366,0.1829,ms
CO,DENSE_PINN,cuda,1,1,latency_wall_batch1_ms,1,367,0.1847,ms
CO,DENSE_PINN,cuda,1,1,latency_wall_batch1_ms,1,368,0.1843,ms
CO,DENSE_PINN,cuda,1,1,latency_wall_batch1_ms,1,369,0.1836,ms
CO,DENSE_PINN,cuda,1,1,latency_wall_batch1_ms,1,370,0.1735,ms
CO,DENSE_PINN,cuda,1,1,latency_wall_batch1_ms,1,371,0.1848,ms
CO,DENSE_PINN,cuda,1,1,latency_wall_batch1_ms,1,372,0.1842,ms
CO,DENSE_PINN,cuda,1,1,latency_wall_batch1_ms,1,373,0.1867,ms
CO,DENSE_PINN,cuda,1,1,latency_wall_batch1_ms,1,374,0.1509,ms
CO,DENSE_PINN,cuda,1,1,latency_wall_batch1_ms,1,375,0.1934,ms
CO,DENSE_PINN,cuda,1,1,latency_wall_batch1_ms,1,376,0.1855,ms
CO,DENSE_PINN,cuda,1,1,latency_wall_batch1_ms,1,377,0.183,ms
CO,DENSE_PINN,cuda,1,1,latency_wall_batch1_ms,1,378,0.1841,ms
CO,DENSE_PINN,cuda,1,1,latency_wall_batch1_ms,1,379,0.1857,ms
CO,DENSE_PINN,cuda,1,1,latency_wall_batch1_ms,1,380,0.1846,ms
CO,DENSE_PINN,cuda,1,1,latency_wall_batch1_ms,1,381,0.1904,ms
CO,DENSE_PINN,cuda,1,1,latency_wall_batch1_ms,1,382,0.1577,ms
CO,DENSE_PINN,cuda,1,1,latency_wall_batch1_ms,1,383,0.1816,ms
CO,DENSE_PINN,cuda,1,1,latency_wall_batch1_ms,1,384,0.1849,ms
CO,DENSE_PINN,cuda,1,1,latency_wall_batch1_ms,1,385,0.1837,ms
CO,DENSE_PINN,cuda,1,1,latency_wall_batch1_ms,1,386,0.184,ms
CO,DENSE_PINN,cuda,1,1,latency_wall_batch1_ms,1,387,0.1767,ms
CO,DENSE_PINN,cuda,1,1,latency_wall_batch1_ms,1,388,0.1854,ms
CO,DENSE_PINN,cuda,1,1,latency_wall_batch1_ms,1,389,0.1852,ms
CO,DENSE_PINN,cuda,1,1,latency_wall_batch1_ms,1,390,0.1838,ms
CO,DENSE_PINN,cuda,1,1,latency_wall_batch1_ms,1,391,0.1584,ms
CO,DENSE_PINN,cuda,1,1,latency_wall_batch1_ms,1,392,0.1889,ms
CO,DENSE_PINN,cuda,1,1,latency_wall_batch1_ms,1,393,0.1842,ms
CO,DENSE_PINN,cuda,1,1,latency_wall_batch1_ms,1,394,0.3187,ms
CO,DENSE_PINN,cuda,1,1,latency_wall_batch1_ms,1,395,0.1988,ms
CO,DENSE_PINN,cuda,1,1,latency_wall_batch1_ms,1,396,0.1919,ms
CO,DENSE_PINN,cuda,1,1,latency_wall_batch1_ms,1,397,0.1787,ms
CO,DENSE_PINN,cuda,1,1,latency_wall_batch1_ms,1,398,0.1845,ms
CO,DENSE_PINN,cuda,1,1,latency_wall_batch1_ms,1,399,0.2211,ms
CO,DENSE_PINN,cuda,1,1,throughput_rows_s,1,0,5396.654074473826,rows/s
CO,DENSE_PINN,cuda,1,1,throughput_rows_s,1,1,5488.47420417124,rows/s
CO,DENSE_PINN,cuda,1,1,throughput_rows_s,1,2,5737.234652897303,rows/s
CO,DENSE_PINN,cuda,1,1,throughput_rows_s,1,3,5446.6230936819165,rows/s
CO,DENSE_PINN,cuda,1,1,throughput_rows_s,1,4,5434.782608695652,rows/s
CO,DENSE_PINN,cuda,1,1,throughput_rows_s,1,5,5428.881650380022,rows/s
CO,DENSE_PINN,cuda,1,1,throughput_rows_s,1,6,5455.537370430988,rows/s
CO,DENSE_PINN,cuda,1,1,throughput_rows_s,1,7,5437.737901033171,rows/s
CO,DENSE_PINN,cuda,1,1,throughput_rows_s,1,8,5396.654074473826,rows/s
CO,DENSE_PINN,cuda,1,1,throughput_rows_s,1,9,5491.488193300384,rows/s
CO,DENSE_PINN,cuda,1,1,throughput_rows_s,1,10,5889.2815076560655,rows/s
CO,DENSE_PINN,cuda,1,1,throughput_rows_s,1,11,5449.591280653951,rows/s
CO,DENSE_PINN,cuda,1,1,throughput_rows_s,1,12,5341.880341880342,rows/s
CO,DENSE_PINN,cuda,1,1,throughput_rows_s,1,13,5624.29696287964,rows/s
CO,DENSE_PINN,cuda,1,1,throughput_rows_s,1,14,5518.763796909492,rows/s
CO,DENSE_PINN,cuda,1,1,throughput_rows_s,1,15,5500.5500550055,rows/s
CO,DENSE_PINN,cuda,1,1,throughput_rows_s,1,16,5889.2815076560655,rows/s
CO,DENSE_PINN,cuda,1,1,throughput_rows_s,1,17,5476.451259583789,rows/s
CO,DENSE_PINN,cuda,1,1,throughput_rows_s,1,18,5467.468562055768,rows/s
CO,DENSE_PINN,cuda,1,1,throughput_rows_s,1,19,5452.562704471101,rows/s
CO,DENSE_PINN,cuda,1,1,throughput_rows_s,1,20,5455.537370430988,rows/s
CO,DENSE_PINN,cuda,1,1,throughput_rows_s,1,21,5452.562704471101,rows/s
CO,DENSE_PINN,cuda,1,1,throughput_rows_s,1,22,5491.488193300384,rows/s
CO,DENSE_PINN,cuda,1,1,throughput_rows_s,1,23,5252.100840336134,rows/s
CO,DENSE_PINN,cuda,1,1,throughput_rows_s,16,0,86021.5053763441,rows/s
CO,DENSE_PINN,cuda,1,1,throughput_rows_s,16,1,84166.22830089428,rows/s
CO,DENSE_PINN,cuda,1,1,throughput_rows_s,16,2,84566.59619450316,rows/s
CO,DENSE_PINN,cuda,1,1,throughput_rows_s,16,3,84925.69002123142,rows/s
CO,DENSE_PINN,cuda,1,1,throughput_rows_s,16,4,85242.40809802877,rows/s
CO,DENSE_PINN,cuda,1,1,throughput_rows_s,16,5,85744.9088960343,rows/s
CO,DENSE_PINN,cuda,1,1,throughput_rows_s,16,6,85698.9823245849,rows/s
CO,DENSE_PINN,cuda,1,1,throughput_rows_s,16,7,85378.86872998932,rows/s
CO,DENSE_PINN,cuda,1,1,throughput_rows_s,16,8,88300.22075055187,rows/s
CO,DENSE_PINN,cuda,1,1,throughput_rows_s,16,9,89086.859688196,rows/s
CO,DENSE_PINN,cuda,1,1,throughput_rows_s,16,10,86253.36927223719,rows/s
CO,DENSE_PINN,cuda,1,1,throughput_rows_s,16,11,87098.53021230268,rows/s
CO,DENSE_PINN,cuda,1,1,throughput_rows_s,16,12,87575.2599890531,rows/s
CO,DENSE_PINN,cuda,1,1,throughput_rows_s,16,13,83989.50131233595,rows/s
CO,DENSE_PINN,cuda,1,1,throughput_rows_s,16,14,85470.08547008547,rows/s
CO,DENSE_PINN,cuda,1,1,throughput_rows_s,16,15,86160.47388260635,rows/s
CO,DENSE_PINN,cuda,1,1,throughput_rows_s,16,16,87575.2599890531,rows/s
CO,DENSE_PINN,cuda,1,1,throughput_rows_s,16,17,89136.49025069638,rows/s
CO,DENSE_PINN,cuda,1,1,throughput_rows_s,16,18,86114.1011840689,rows/s
CO,DENSE_PINN,cuda,1,1,throughput_rows_s,16,19,86767.89587852494,rows/s
CO,DENSE_PINN,cuda,1,1,throughput_rows_s,16,20,87719.29824561403,rows/s
CO,DENSE_PINN,cuda,1,1,throughput_rows_s,16,21,90395.48022598871,rows/s
CO,DENSE_PINN,cuda,1,1,throughput_rows_s,16,22,91533.18077803202,rows/s
CO,DENSE_PINN,cuda,1,1,throughput_rows_s,16,23,50409.57781978576,rows/s
CO,DENSE_PINN,cuda,1,1,throughput_rows_s,64,0,331606.2176165803,rows/s
CO,DENSE_PINN,cuda,1,1,throughput_rows_s,64,1,310378.27352085355,rows/s
CO,DENSE_PINN,cuda,1,1,throughput_rows_s,64,2,177629.75298362476,rows/s
CO,DENSE_PINN,cuda,1,1,throughput_rows_s,64,3,319042.8713858425,rows/s
CO,DENSE_PINN,cuda,1,1,throughput_rows_s,64,4,301460.1978332549,rows/s
CO,DENSE_PINN,cuda,1,1,throughput_rows_s,64,5,350877.1929824561,rows/s
CO,DENSE_PINN,cuda,1,1,throughput_rows_s,64,6,348964.01308615046,rows/s
CO,DENSE_PINN,cuda,1,1,throughput_rows_s,64,7,310679.6116504854,rows/s
CO,DENSE_PINN,cuda,1,1,throughput_rows_s,64,8,329048.8431876607,rows/s
CO,DENSE_PINN,cuda,1,1,throughput_rows_s,64,9,311435.5231143553,rows/s
CO,DENSE_PINN,cuda,1,1,throughput_rows_s,64,10,196379.2574409328,rows/s
CO,DENSE_PINN,cuda,1,1,throughput_rows_s,64,11,329218.1069958848,rows/s
CO,DENSE_PINN,cuda,1,1,throughput_rows_s,64,12,313725.49019607843,rows/s
CO,DENSE_PINN,cuda,1,1,throughput_rows_s,64,13,338803.5997882477,rows/s
CO,DENSE_PINN,cuda,1,1,throughput_rows_s,64,14,305489.2601431981,rows/s
CO,DENSE_PINN,cuda,1,1,throughput_rows_s,64,15,273037.54266211606,rows/s
CO,DENSE_PINN,cuda,1,1,throughput_rows_s,64,16,341515.4749199573,rows/s
CO,DENSE_PINN,cuda,1,1,throughput_rows_s,64,17,307840.3078403078,rows/s
CO,DENSE_PINN,cuda,1,1,throughput_rows_s,64,18,345385.86076632485,rows/s
CO,DENSE_PINN,cuda,1,1,throughput_rows_s,64,19,345013.47708894877,rows/s
CO,DENSE_PINN,cuda,1,1,throughput_rows_s,64,20,293577.9816513762,rows/s
CO,DENSE_PINN,cuda,1,1,throughput_rows_s,64,21,305927.3422562142,rows/s
CO,DENSE_PINN,cuda,1,1,throughput_rows_s,64,22,292638.31732967537,rows/s
CO,DENSE_PINN,cuda,1,1,throughput_rows_s,64,23,307544.4497837578,rows/s
CO,DENSE_PINN,cuda,1,1,throughput_rows_s,256,0,1217887.7259752618,rows/s
CO,DENSE_PINN,cuda,1,1,throughput_rows_s,256,1,1253059.2266275086,rows/s
CO,DENSE_PINN,cuda,1,1,throughput_rows_s,256,2,1395856.0523446018,rows/s
CO,DENSE_PINN,cuda,1,1,throughput_rows_s,256,3,1239709.4430992738,rows/s
CO,DENSE_PINN,cuda,1,1,throughput_rows_s,256,4,1250610.6497313143,rows/s
CO,DENSE_PINN,cuda,1,1,throughput_rows_s,256,5,1259842.5196850395,rows/s
CO,DENSE_PINN,cuda,1,1,throughput_rows_s,256,6,1253059.2266275086,rows/s
CO,DENSE_PINN,cuda,1,1,throughput_rows_s,256,7,1258603.7364798426,rows/s
CO,DENSE_PINN,cuda,1,1,throughput_rows_s,256,8,1266073.1948565778,rows/s
CO,DENSE_PINN,cuda,1,1,throughput_rows_s,256,9,1253059.2266275086,rows/s
CO,DENSE_PINN,cuda,1,1,throughput_rows_s,256,10,1287726.3581488933,rows/s
CO,DENSE_PINN,cuda,1,1,throughput_rows_s,256,11,1419068.7361419068,rows/s
CO,DENSE_PINN,cuda,1,1,throughput_rows_s,256,12,1274900.3984063745,rows/s
CO,DENSE_PINN,cuda,1,1,throughput_rows_s,256,13,1248780.487804878,rows/s
CO,DENSE_PINN,cuda,1,1,throughput_rows_s,256,14,1242718.4466019417,rows/s
CO,DENSE_PINN,cuda,1,1,throughput_rows_s,256,15,898245.6140350878,rows/s
CO,DENSE_PINN,cuda,1,1,throughput_rows_s,256,16,1186283.5959221502,rows/s
CO,DENSE_PINN,cuda,1,1,throughput_rows_s,256,17,1280000.0,rows/s
CO,DENSE_PINN,cuda,1,1,throughput_rows_s,256,18,1220791.6070577016,rows/s
CO,DENSE_PINN,cuda,1,1,throughput_rows_s,256,19,1308793.45603272,rows/s
CO,DENSE_PINN,cuda,1,1,throughput_rows_s,256,20,960600.3752345215,rows/s
CO,DENSE_PINN,cuda,1,1,throughput_rows_s,256,21,1182448.0369515012,rows/s
CO,DENSE_PINN,cuda,1,1,throughput_rows_s,256,22,1035179.9433885969,rows/s
CO,DENSE_PINN,cuda,1,1,throughput_rows_s,256,23,1206409.0480678605,rows/s
CO,DENSE_PINN,cuda,1,1,throughput_rows_s,1024,0,4816556.914393227,rows/s
CO,DENSE_PINN,cuda,1,1,throughput_rows_s,1024,1,4944471.269917914,rows/s
CO,DENSE_PINN,cuda,1,1,throughput_rows_s,1024,2,4602247.191011236,rows/s
CO,DENSE_PINN,cuda,1,1,throughput_rows_s,1024,3,4620938.628158845,rows/s
CO,DENSE_PINN,cuda,1,1,throughput_rows_s,1024,4,4785046.728971963,rows/s
CO,DENSE_PINN,cuda,1,1,throughput_rows_s,1024,5,5490616.621983914,rows/s
CO,DENSE_PINN,cuda,1,1,throughput_rows_s,1024,6,5517241.379310345,rows/s
CO,DENSE_PINN,cuda,1,1,throughput_rows_s,1024,7,5520215.63342318,rows/s
CO,DENSE_PINN,cuda,1,1,throughput_rows_s,1024,8,5097063.215530114,rows/s
CO,DENSE_PINN,cuda,1,1,throughput_rows_s,1024,9,5400843.88185654,rows/s
CO,DENSE_PINN,cuda,1,1,throughput_rows_s,1024,10,5389473.684210526,rows/s
CO,DENSE_PINN,cuda,1,1,throughput_rows_s,1024,11,5550135.501355014,rows/s
CO,DENSE_PINN,cuda,1,1,throughput_rows_s,1024,12,5577342.047930283,rows/s
CO,DENSE_PINN,cuda,1,1,throughput_rows_s,1024,13,5868194.842406877,rows/s
CO,DENSE_PINN,cuda,1,1,throughput_rows_s,1024,14,5452609.158679447,rows/s
CO,DENSE_PINN,cuda,1,1,throughput_rows_s,1024,15,5939675.174013921,rows/s
CO,DENSE_PINN,cuda,1,1,throughput_rows_s,1024,16,5936231.884057972,rows/s
CO,DENSE_PINN,cuda,1,1,throughput_rows_s,1024,17,5275631.117980422,rows/s
CO,DENSE_PINN,cuda,1,1,throughput_rows_s,1024,18,5583424.209378407,rows/s
CO,DENSE_PINN,cuda,1,1,throughput_rows_s,1024,19,5438130.64259161,rows/s
CO,DENSE_PINN,cuda,1,1,throughput_rows_s,1024,20,5446808.5106382985,rows/s
CO,DENSE_PINN,cuda,1,1,throughput_rows_s,1024,21,6153846.153846155,rows/s
CO,DENSE_PINN,cuda,1,1,throughput_rows_s,1024,22,4096000.0,rows/s
CO,DENSE_PINN,cuda,1,1,throughput_rows_s,1024,23,5383806.519453207,rows/s
CO,DENSE_PINN,cuda,1,1,throughput_rows_s,4096,0,12215926.036385328,rows/s
CO,DENSE_PINN,cuda,1,1,throughput_rows_s,4096,1,21915462.814339217,rows/s
CO,DENSE_PINN,cuda,1,1,throughput_rows_s,4096,2,21974248.927038625,rows/s
CO,DENSE_PINN,cuda,1,1,throughput_rows_s,4096,3,22140540.540540542,rows/s
CO,DENSE_PINN,cuda,1,1,throughput_rows_s,4096,4,22260869.56521739,rows/s
CO,DENSE_PINN,cuda,1,1,throughput_rows_s,4096,5,23089064.261555806,rows/s
CO,DENSE_PINN,cuda,1,1,throughput_rows_s,4096,6,24410011.91895113,rows/s
CO,DENSE_PINN,cuda,1,1,throughput_rows_s,4096,7,27939972.714870393,rows/s
CO,DENSE_PINN,cuda,1,1,throughput_rows_s,4096,8,14104683.195592286,rows/s
CO,DENSE_PINN,cuda,1,1,throughput_rows_s,4096,9,20098135.426889107,rows/s
CO,DENSE_PINN,cuda,1,1,throughput_rows_s,4096,10,24065804.935370155,rows/s
CO,DENSE_PINN,cuda,1,1,throughput_rows_s,4096,11,24222353.636901245,rows/s
CO,DENSE_PINN,cuda,1,1,throughput_rows_s,4096,12,23154324.47710571,rows/s
CO,DENSE_PINN,cuda,1,1,throughput_rows_s,4096,13,22382513.661202185,rows/s
CO,DENSE_PINN,cuda,1,1,throughput_rows_s,4096,14,24453731.343283582,rows/s
CO,DENSE_PINN,cuda,1,1,throughput_rows_s,4096,15,18989337.042188223,rows/s
CO,DENSE_PINN,cuda,1,1,throughput_rows_s,4096,16,17655172.413793102,rows/s
CO,DENSE_PINN,cuda,1,1,throughput_rows_s,4096,17,23689994.216310006,rows/s
CO,DENSE_PINN,cuda,1,1,throughput_rows_s,4096,18,24512268.102932375,rows/s
CO,DENSE_PINN,cuda,1,1,throughput_rows_s,4096,19,24482964.73401076,rows/s
CO,DENSE_PINN,cuda,1,1,throughput_rows_s,4096,20,24294187.42586002,rows/s
CO,DENSE_PINN,cuda,1,1,throughput_rows_s,4096,21,22128579.146407347,rows/s
CO,DENSE_PINN,cuda,1,1,throughput_rows_s,4096,22,24079952.968841854,rows/s
CO,DENSE_PINN,cuda,1,1,throughput_rows_s,4096,23,24410011.91895113,rows/s
CO,TT_PINN,cuda,1,2,latency_wall_batch1_ms,1,0,1.2582,ms
CO,TT_PINN,cuda,1,2,latency_wall_batch1_ms,1,1,1.2121,ms
CO,TT_PINN,cuda,1,2,latency_wall_batch1_ms,1,2,1.2665,ms
CO,TT_PINN,cuda,1,2,latency_wall_batch1_ms,1,3,1.2275,ms
CO,TT_PINN,cuda,1,2,latency_wall_batch1_ms,1,4,1.3146,ms
CO,TT_PINN,cuda,1,2,latency_wall_batch1_ms,1,5,1.1937,ms
CO,TT_PINN,cuda,1,2,latency_wall_batch1_ms,1,6,1.1993,ms
CO,TT_PINN,cuda,1,2,latency_wall_batch1_ms,1,7,1.2206,ms
CO,TT_PINN,cuda,1,2,latency_wall_batch1_ms,1,8,1.2074,ms
CO,TT_PINN,cuda,1,2,latency_wall_batch1_ms,1,9,1.2108,ms
CO,TT_PINN,cuda,1,2,latency_wall_batch1_ms,1,10,1.4264,ms
CO,TT_PINN,cuda,1,2,latency_wall_batch1_ms,1,11,1.4142,ms
CO,TT_PINN,cuda,1,2,latency_wall_batch1_ms,1,12,1.4535,ms
CO,TT_PINN,cuda,1,2,latency_wall_batch1_ms,1,13,1.54,ms
CO,TT_PINN,cuda,1,2,latency_wall_batch1_ms,1,14,1.2319,ms
CO,TT_PINN,cuda,1,2,latency_wall_batch1_ms,1,15,1.161,ms
CO,TT_PINN,cuda,1,2,latency_wall_batch1_ms,1,16,1.2237,ms
CO,TT_PINN,cuda,1,2,latency_wall_batch1_ms,1,17,1.198,ms
CO,TT_PINN,cuda,1,2,latency_wall_batch1_ms,1,18,1.2487,ms
CO,TT_PINN,cuda,1,2,latency_wall_batch1_ms,1,19,1.1985,ms
CO,TT_PINN,cuda,1,2,latency_wall_batch1_ms,1,20,1.1723,ms
CO,TT_PINN,cuda,1,2,latency_wall_batch1_ms,1,21,1.2135,ms
CO,TT_PINN,cuda,1,2,latency_wall_batch1_ms,1,22,1.1934,ms
CO,TT_PINN,cuda,1,2,latency_wall_batch1_ms,1,23,1.4001,ms
CO,TT_PINN,cuda,1,2,latency_wall_batch1_ms,1,24,1.4162,ms
CO,TT_PINN,cuda,1,2,latency_wall_batch1_ms,1,25,1.549,ms
CO,TT_PINN,cuda,1,2,latency_wall_batch1_ms,1,26,2.111,ms
CO,TT_PINN,cuda,1,2,latency_wall_batch1_ms,1,27,1.2987,ms
CO,TT_PINN,cuda,1,2,latency_wall_batch1_ms,1,28,1.3819,ms
CO,TT_PINN,cuda,1,2,latency_wall_batch1_ms,1,29,1.2535,ms
CO,TT_PINN,cuda,1,2,latency_wall_batch1_ms,1,30,1.2059,ms
CO,TT_PINN,cuda,1,2,latency_wall_batch1_ms,1,31,1.2015,ms
CO,TT_PINN,cuda,1,2,latency_wall_batch1_ms,1,32,1.2226,ms
CO,TT_PINN,cuda,1,2,latency_wall_batch1_ms,1,33,1.2745,ms
CO,TT_PINN,cuda,1,2,latency_wall_batch1_ms,1,34,1.2608,ms
CO,TT_PINN,cuda,1,2,latency_wall_batch1_ms,1,35,1.3758,ms
CO,TT_PINN,cuda,1,2,latency_wall_batch1_ms,1,36,1.58,ms
CO,TT_PINN,cuda,1,2,latency_wall_batch1_ms,1,37,1.3559,ms
CO,TT_PINN,cuda,1,2,latency_wall_batch1_ms,1,38,1.2116,ms
CO,TT_PINN,cuda,1,2,latency_wall_batch1_ms,1,39,1.2193,ms
CO,TT_PINN,cuda,1,2,latency_wall_batch1_ms,1,40,1.2657,ms
CO,TT_PINN,cuda,1,2,latency_wall_batch1_ms,1,41,1.2295,ms
CO,TT_PINN,cuda,1,2,latency_wall_batch1_ms,1,42,1.1795,ms
CO,TT_PINN,cuda,1,2,latency_wall_batch1_ms,1,43,1.2068,ms
CO,TT_PINN,cuda,1,2,latency_wall_batch1_ms,1,44,1.2062,ms
CO,TT_PINN,cuda,1,2,latency_wall_batch1_ms,1,45,1.2062,ms
CO,TT_PINN,cuda,1,2,latency_wall_batch1_ms,1,46,1.1495,ms
CO,TT_PINN,cuda,1,2,latency_wall_batch1_ms,1,47,1.1981,ms
CO,TT_PINN,cuda,1,2,latency_wall_batch1_ms,1,48,1.36,ms
CO,TT_PINN,cuda,1,2,latency_wall_batch1_ms,1,49,1.2671,ms
CO,TT_PINN,cuda,1,2,latency_wall_batch1_ms,1,50,1.206,ms
CO,TT_PINN,cuda,1,2,latency_wall_batch1_ms,1,51,1.1813,ms
CO,TT_PINN,cuda,1,2,latency_wall_batch1_ms,1,52,1.1862,ms
CO,TT_PINN,cuda,1,2,latency_wall_batch1_ms,1,53,1.2036,ms
CO,TT_PINN,cuda,1,2,latency_wall_batch1_ms,1,54,1.2277,ms
CO,TT_PINN,cuda,1,2,latency_wall_batch1_ms,1,55,1.1966,ms
CO,TT_PINN,cuda,1,2,latency_wall_batch1_ms,1,56,1.2203,ms
CO,TT_PINN,cuda,1,2,latency_wall_batch1_ms,1,57,1.2275,ms
CO,TT_PINN,cuda,1,2,latency_wall_batch1_ms,1,58,1.1719,ms
CO,TT_PINN,cuda,1,2,latency_wall_batch1_ms,1,59,1.2175,ms
CO,TT_PINN,cuda,1,2,latency_wall_batch1_ms,1,60,1.2174,ms
CO,TT_PINN,cuda,1,2,latency_wall_batch1_ms,1,61,1.3452,ms
CO,TT_PINN,cuda,1,2,latency_wall_batch1_ms,1,62,1.2339,ms
CO,TT_PINN,cuda,1,2,latency_wall_batch1_ms,1,63,1.2059,ms
CO,TT_PINN,cuda,1,2,latency_wall_batch1_ms,1,64,1.2227,ms
CO,TT_PINN,cuda,1,2,latency_wall_batch1_ms,1,65,1.2101,ms
CO,TT_PINN,cuda,1,2,latency_wall_batch1_ms,1,66,1.1869,ms
CO,TT_PINN,cuda,1,2,latency_wall_batch1_ms,1,67,1.144,ms
CO,TT_PINN,cuda,1,2,latency_wall_batch1_ms,1,68,1.3877,ms
CO,TT_PINN,cuda,1,2,latency_wall_batch1_ms,1,69,1.2313,ms
CO,TT_PINN,cuda,1,2,latency_wall_batch1_ms,1,70,1.2014,ms
CO,TT_PINN,cuda,1,2,latency_wall_batch1_ms,1,71,1.2097,ms
CO,TT_PINN,cuda,1,2,latency_wall_batch1_ms,1,72,1.1766,ms
CO,TT_PINN,cuda,1,2,latency_wall_batch1_ms,1,73,1.6204,ms
CO,TT_PINN,cuda,1,2,latency_wall_batch1_ms,1,74,2.0408,ms
CO,TT_PINN,cuda,1,2,latency_wall_batch1_ms,1,75,1.6532,ms
CO,TT_PINN,cuda,1,2,latency_wall_batch1_ms,1,76,1.2402,ms
CO,TT_PINN,cuda,1,2,latency_wall_batch1_ms,1,77,1.1976,ms
CO,TT_PINN,cuda,1,2,latency_wall_batch1_ms,1,78,1.2138,ms
CO,TT_PINN,cuda,1,2,latency_wall_batch1_ms,1,79,1.2342,ms
CO,TT_PINN,cuda,1,2,latency_wall_batch1_ms,1,80,1.2028,ms
CO,TT_PINN,cuda,1,2,latency_wall_batch1_ms,1,81,1.2548,ms
CO,TT_PINN,cuda,1,2,latency_wall_batch1_ms,1,82,1.3879,ms
CO,TT_PINN,cuda,1,2,latency_wall_batch1_ms,1,83,1.2416,ms
CO,TT_PINN,cuda,1,2,latency_wall_batch1_ms,1,84,1.3385,ms
CO,TT_PINN,cuda,1,2,latency_wall_batch1_ms,1,85,1.2325,ms
CO,TT_PINN,cuda,1,2,latency_wall_batch1_ms,1,86,1.2003,ms
CO,TT_PINN,cuda,1,2,latency_wall_batch1_ms,1,87,1.3214,ms
CO,TT_PINN,cuda,1,2,latency_wall_batch1_ms,1,88,1.2538,ms
CO,TT_PINN,cuda,1,2,latency_wall_batch1_ms,1,89,1.2204,ms
CO,TT_PINN,cuda,1,2,latency_wall_batch1_ms,1,90,1.2211,ms
CO,TT_PINN,cuda,1,2,latency_wall_batch1_ms,1,91,1.1906,ms
CO,TT_PINN,cuda,1,2,latency_wall_batch1_ms,1,92,1.1936,ms
CO,TT_PINN,cuda,1,2,latency_wall_batch1_ms,1,93,1.194,ms
CO,TT_PINN,cuda,1,2,latency_wall_batch1_ms,1,94,1.2063,ms
CO,TT_PINN,cuda,1,2,latency_wall_batch1_ms,1,95,1.1921,ms
CO,TT_PINN,cuda,1,2,latency_wall_batch1_ms,1,96,1.1702,ms
CO,TT_PINN,cuda,1,2,latency_wall_batch1_ms,1,97,1.2017,ms
CO,TT_PINN,cuda,1,2,latency_wall_batch1_ms,1,98,1.198,ms
CO,TT_PINN,cuda,1,2,latency_wall_batch1_ms,1,99,1.1885,ms
CO,TT_PINN,cuda,1,2,latency_wall_batch1_ms,1,100,1.1853,ms
CO,TT_PINN,cuda,1,2,latency_wall_batch1_ms,1,101,1.169,ms
CO,TT_PINN,cuda,1,2,latency_wall_batch1_ms,1,102,1.2168,ms
CO,TT_PINN,cuda,1,2,latency_wall_batch1_ms,1,103,1.226,ms
CO,TT_PINN,cuda,1,2,latency_wall_batch1_ms,1,104,1.2207,ms
CO,TT_PINN,cuda,1,2,latency_wall_batch1_ms,1,105,1.2004,ms
CO,TT_PINN,cuda,1,2,latency_wall_batch1_ms,1,106,1.1779,ms
CO,TT_PINN,cuda,1,2,latency_wall_batch1_ms,1,107,1.1864,ms
CO,TT_PINN,cuda,1,2,latency_wall_batch1_ms,1,108,1.2691,ms
CO,TT_PINN,cuda,1,2,latency_wall_batch1_ms,1,109,1.1578,ms
CO,TT_PINN,cuda,1,2,latency_wall_batch1_ms,1,110,1.2009,ms
CO,TT_PINN,cuda,1,2,latency_wall_batch1_ms,1,111,1.2005,ms
CO,TT_PINN,cuda,1,2,latency_wall_batch1_ms,1,112,1.2654,ms
CO,TT_PINN,cuda,1,2,latency_wall_batch1_ms,1,113,1.8109,ms
CO,TT_PINN,cuda,1,2,latency_wall_batch1_ms,1,114,1.4354,ms
CO,TT_PINN,cuda,1,2,latency_wall_batch1_ms,1,115,1.2177,ms
CO,TT_PINN,cuda,1,2,latency_wall_batch1_ms,1,116,1.1871,ms
CO,TT_PINN,cuda,1,2,latency_wall_batch1_ms,1,117,1.1949,ms
CO,TT_PINN,cuda,1,2,latency_wall_batch1_ms,1,118,1.195,ms
CO,TT_PINN,cuda,1,2,latency_wall_batch1_ms,1,119,1.2022,ms
CO,TT_PINN,cuda,1,2,latency_wall_batch1_ms,1,120,1.4343,ms
CO,TT_PINN,cuda,1,2,latency_wall_batch1_ms,1,121,1.4011,ms
CO,TT_PINN,cuda,1,2,latency_wall_batch1_ms,1,122,1.5492,ms
CO,TT_PINN,cuda,1,2,latency_wall_batch1_ms,1,123,1.4458,ms
CO,TT_PINN,cuda,1,2,latency_wall_batch1_ms,1,124,1.2427,ms
CO,TT_PINN,cuda,1,2,latency_wall_batch1_ms,1,125,1.2325,ms
CO,TT_PINN,cuda,1,2,latency_wall_batch1_ms,1,126,1.1777,ms
CO,TT_PINN,cuda,1,2,latency_wall_batch1_ms,1,127,1.3463,ms
CO,TT_PINN,cuda,1,2,latency_wall_batch1_ms,1,128,1.2189,ms
CO,TT_PINN,cuda,1,2,latency_wall_batch1_ms,1,129,1.1854,ms
CO,TT_PINN,cuda,1,2,latency_wall_batch1_ms,1,130,1.7193,ms
CO,TT_PINN,cuda,1,2,latency_wall_batch1_ms,1,131,1.7067,ms
CO,TT_PINN,cuda,1,2,latency_wall_batch1_ms,1,132,1.3442,ms
CO,TT_PINN,cuda,1,2,latency_wall_batch1_ms,1,133,1.2197,ms
CO,TT_PINN,cuda,1,2,latency_wall_batch1_ms,1,134,1.2023,ms
CO,TT_PINN,cuda,1,2,latency_wall_batch1_ms,1,135,1.2233,ms
CO,TT_PINN,cuda,1,2,latency_wall_batch1_ms,1,136,1.1626,ms
CO,TT_PINN,cuda,1,2,latency_wall_batch1_ms,1,137,1.2011,ms
CO,TT_PINN,cuda,1,2,latency_wall_batch1_ms,1,138,1.2107,ms
CO,TT_PINN,cuda,1,2,latency_wall_batch1_ms,1,139,1.1665,ms
CO,TT_PINN,cuda,1,2,latency_wall_batch1_ms,1,140,1.1696,ms
CO,TT_PINN,cuda,1,2,latency_wall_batch1_ms,1,141,1.1495,ms
CO,TT_PINN,cuda,1,2,latency_wall_batch1_ms,1,142,1.1612,ms
CO,TT_PINN,cuda,1,2,latency_wall_batch1_ms,1,143,1.3392,ms
CO,TT_PINN,cuda,1,2,latency_wall_batch1_ms,1,144,1.2556,ms
CO,TT_PINN,cuda,1,2,latency_wall_batch1_ms,1,145,1.3642,ms
CO,TT_PINN,cuda,1,2,latency_wall_batch1_ms,1,146,1.2454,ms
CO,TT_PINN,cuda,1,2,latency_wall_batch1_ms,1,147,1.3183,ms
CO,TT_PINN,cuda,1,2,latency_wall_batch1_ms,1,148,1.3874,ms
CO,TT_PINN,cuda,1,2,latency_wall_batch1_ms,1,149,1.2692,ms
CO,TT_PINN,cuda,1,2,latency_wall_batch1_ms,1,150,1.2271,ms
CO,TT_PINN,cuda,1,2,latency_wall_batch1_ms,1,151,1.2066,ms
CO,TT_PINN,cuda,1,2,latency_wall_batch1_ms,1,152,1.221,ms
CO,TT_PINN,cuda,1,2,latency_wall_batch1_ms,1,153,1.2109,ms
CO,TT_PINN,cuda,1,2,latency_wall_batch1_ms,1,154,1.2601,ms
CO,TT_PINN,cuda,1,2,latency_wall_batch1_ms,1,155,1.1778,ms
CO,TT_PINN,cuda,1,2,latency_wall_batch1_ms,1,156,1.7319,ms
CO,TT_PINN,cuda,1,2,latency_wall_batch1_ms,1,157,1.2125,ms
CO,TT_PINN,cuda,1,2,latency_wall_batch1_ms,1,158,1.2151,ms
CO,TT_PINN,cuda,1,2,latency_wall_batch1_ms,1,159,1.2028,ms
CO,TT_PINN,cuda,1,2,latency_wall_batch1_ms,1,160,1.369,ms
CO,TT_PINN,cuda,1,2,latency_wall_batch1_ms,1,161,1.4062,ms
CO,TT_PINN,cuda,1,2,latency_wall_batch1_ms,1,162,1.2617,ms
CO,TT_PINN,cuda,1,2,latency_wall_batch1_ms,1,163,1.2445,ms
CO,TT_PINN,cuda,1,2,latency_wall_batch1_ms,1,164,1.2299,ms
CO,TT_PINN,cuda,1,2,latency_wall_batch1_ms,1,165,1.2259,ms
CO,TT_PINN,cuda,1,2,latency_wall_batch1_ms,1,166,1.2404,ms
CO,TT_PINN,cuda,1,2,latency_wall_batch1_ms,1,167,1.3037,ms
CO,TT_PINN,cuda,1,2,latency_wall_batch1_ms,1,168,1.7856,ms
CO,TT_PINN,cuda,1,2,latency_wall_batch1_ms,1,169,1.4572,ms
CO,TT_PINN,cuda,1,2,latency_wall_batch1_ms,1,170,1.309,ms
CO,TT_PINN,cuda,1,2,latency_wall_batch1_ms,1,171,1.4036,ms
CO,TT_PINN,cuda,1,2,latency_wall_batch1_ms,1,172,1.2466,ms
CO,TT_PINN,cuda,1,2,latency_wall_batch1_ms,1,173,1.2724,ms
CO,TT_PINN,cuda,1,2,latency_wall_batch1_ms,1,174,1.2319,ms
CO,TT_PINN,cuda,1,2,latency_wall_batch1_ms,1,175,1.3652,ms
CO,TT_PINN,cuda,1,2,latency_wall_batch1_ms,1,176,1.322,ms
CO,TT_PINN,cuda,1,2,latency_wall_batch1_ms,1,177,1.305,ms
CO,TT_PINN,cuda,1,2,latency_wall_batch1_ms,1,178,1.3615,ms
CO,TT_PINN,cuda,1,2,latency_wall_batch1_ms,1,179,1.4563,ms
CO,TT_PINN,cuda,1,2,latency_wall_batch1_ms,1,180,1.2412,ms
CO,TT_PINN,cuda,1,2,latency_wall_batch1_ms,1,181,1.2317,ms
CO,TT_PINN,cuda,1,2,latency_wall_batch1_ms,1,182,1.2596,ms
CO,TT_PINN,cuda,1,2,latency_wall_batch1_ms,1,183,1.2155,ms
CO,TT_PINN,cuda,1,2,latency_wall_batch1_ms,1,184,1.2002,ms
CO,TT_PINN,cuda,1,2,latency_wall_batch1_ms,1,185,1.3996,ms
CO,TT_PINN,cuda,1,2,latency_wall_batch1_ms,1,186,1.3427,ms
CO,TT_PINN,cuda,1,2,latency_wall_batch1_ms,1,187,1.2562,ms
CO,TT_PINN,cuda,1,2,latency_wall_batch1_ms,1,188,1.2092,ms
CO,TT_PINN,cuda,1,2,latency_wall_batch1_ms,1,189,1.2367,ms
CO,TT_PINN,cuda,1,2,latency_wall_batch1_ms,1,190,1.1838,ms
CO,TT_PINN,cuda,1,2,latency_wall_batch1_ms,1,191,1.2045,ms
CO,TT_PINN,cuda,1,2,latency_wall_batch1_ms,1,192,1.2991,ms
CO,TT_PINN,cuda,1,2,latency_wall_batch1_ms,1,193,1.3611,ms
CO,TT_PINN,cuda,1,2,latency_wall_batch1_ms,1,194,1.3825,ms
CO,TT_PINN,cuda,1,2,latency_wall_batch1_ms,1,195,1.2398,ms
CO,TT_PINN,cuda,1,2,latency_wall_batch1_ms,1,196,1.2437,ms
CO,TT_PINN,cuda,1,2,latency_wall_batch1_ms,1,197,1.2172,ms
CO,TT_PINN,cuda,1,2,latency_wall_batch1_ms,1,198,1.1867,ms
CO,TT_PINN,cuda,1,2,latency_wall_batch1_ms,1,199,1.1837,ms
CO,TT_PINN,cuda,1,2,latency_wall_batch1_ms,1,200,1.2169,ms
CO,TT_PINN,cuda,1,2,latency_wall_batch1_ms,1,201,1.1942,ms
CO,TT_PINN,cuda,1,2,latency_wall_batch1_ms,1,202,1.1975,ms
CO,TT_PINN,cuda,1,2,latency_wall_batch1_ms,1,203,1.2136,ms
CO,TT_PINN,cuda,1,2,latency_wall_batch1_ms,1,204,1.4751,ms
CO,TT_PINN,cuda,1,2,latency_wall_batch1_ms,1,205,1.5454,ms
CO,TT_PINN,cuda,1,2,latency_wall_batch1_ms,1,206,1.3285,ms
CO,TT_PINN,cuda,1,2,latency_wall_batch1_ms,1,207,1.2541,ms
CO,TT_PINN,cuda,1,2,latency_wall_batch1_ms,1,208,1.3872,ms
CO,TT_PINN,cuda,1,2,latency_wall_batch1_ms,1,209,1.3926,ms
CO,TT_PINN,cuda,1,2,latency_wall_batch1_ms,1,210,1.2343,ms
CO,TT_PINN,cuda,1,2,latency_wall_batch1_ms,1,211,1.2141,ms
CO,TT_PINN,cuda,1,2,latency_wall_batch1_ms,1,212,1.2135,ms
CO,TT_PINN,cuda,1,2,latency_wall_batch1_ms,1,213,1.1971,ms
CO,TT_PINN,cuda,1,2,latency_wall_batch1_ms,1,214,1.184,ms
CO,TT_PINN,cuda,1,2,latency_wall_batch1_ms,1,215,1.1949,ms
CO,TT_PINN,cuda,1,2,latency_wall_batch1_ms,1,216,1.6738,ms
CO,TT_PINN,cuda,1,2,latency_wall_batch1_ms,1,217,1.6866,ms
CO,TT_PINN,cuda,1,2,latency_wall_batch1_ms,1,218,1.5965,ms
CO,TT_PINN,cuda,1,2,latency_wall_batch1_ms,1,219,1.2696,ms
CO,TT_PINN,cuda,1,2,latency_wall_batch1_ms,1,220,1.1986,ms
CO,TT_PINN,cuda,1,2,latency_wall_batch1_ms,1,221,1.2255,ms
CO,TT_PINN,cuda,1,2,latency_wall_batch1_ms,1,222,1.3455,ms
CO,TT_PINN,cuda,1,2,latency_wall_batch1_ms,1,223,1.2042,ms
CO,TT_PINN,cuda,1,2,latency_wall_batch1_ms,1,224,1.3992,ms
CO,TT_PINN,cuda,1,2,latency_wall_batch1_ms,1,225,1.2155,ms
CO,TT_PINN,cuda,1,2,latency_wall_batch1_ms,1,226,1.1788,ms
CO,TT_PINN,cuda,1,2,latency_wall_batch1_ms,1,227,1.318,ms
CO,TT_PINN,cuda,1,2,latency_wall_batch1_ms,1,228,1.24,ms
CO,TT_PINN,cuda,1,2,latency_wall_batch1_ms,1,229,1.2917,ms
CO,TT_PINN,cuda,1,2,latency_wall_batch1_ms,1,230,1.2361,ms
CO,TT_PINN,cuda,1,2,latency_wall_batch1_ms,1,231,1.1758,ms
CO,TT_PINN,cuda,1,2,latency_wall_batch1_ms,1,232,1.2041,ms
CO,TT_PINN,cuda,1,2,latency_wall_batch1_ms,1,233,1.2239,ms
CO,TT_PINN,cuda,1,2,latency_wall_batch1_ms,1,234,1.1805,ms
CO,TT_PINN,cuda,1,2,latency_wall_batch1_ms,1,235,1.2314,ms
CO,TT_PINN,cuda,1,2,latency_wall_batch1_ms,1,236,1.1998,ms
CO,TT_PINN,cuda,1,2,latency_wall_batch1_ms,1,237,1.1775,ms
CO,TT_PINN,cuda,1,2,latency_wall_batch1_ms,1,238,1.2055,ms
CO,TT_PINN,cuda,1,2,latency_wall_batch1_ms,1,239,1.2101,ms
CO,TT_PINN,cuda,1,2,latency_wall_batch1_ms,1,240,2.0529,ms
CO,TT_PINN,cuda,1,2,latency_wall_batch1_ms,1,241,1.4811,ms
CO,TT_PINN,cuda,1,2,latency_wall_batch1_ms,1,242,1.3959,ms
CO,TT_PINN,cuda,1,2,latency_wall_batch1_ms,1,243,1.3524,ms
CO,TT_PINN,cuda,1,2,latency_wall_batch1_ms,1,244,1.2663,ms
CO,TT_PINN,cuda,1,2,latency_wall_batch1_ms,1,245,1.3695,ms
CO,TT_PINN,cuda,1,2,latency_wall_batch1_ms,1,246,1.2781,ms
CO,TT_PINN,cuda,1,2,latency_wall_batch1_ms,1,247,1.2004,ms
CO,TT_PINN,cuda,1,2,latency_wall_batch1_ms,1,248,1.219,ms
CO,TT_PINN,cuda,1,2,latency_wall_batch1_ms,1,249,1.2003,ms
CO,TT_PINN,cuda,1,2,latency_wall_batch1_ms,1,250,1.2326,ms
CO,TT_PINN,cuda,1,2,latency_wall_batch1_ms,1,251,1.2881,ms
CO,TT_PINN,cuda,1,2,latency_wall_batch1_ms,1,252,1.2048,ms
CO,TT_PINN,cuda,1,2,latency_wall_batch1_ms,1,253,1.2345,ms
CO,TT_PINN,cuda,1,2,latency_wall_batch1_ms,1,254,1.2309,ms
CO,TT_PINN,cuda,1,2,latency_wall_batch1_ms,1,255,1.2169,ms
CO,TT_PINN,cuda,1,2,latency_wall_batch1_ms,1,256,1.2046,ms
CO,TT_PINN,cuda,1,2,latency_wall_batch1_ms,1,257,1.1917,ms
CO,TT_PINN,cuda,1,2,latency_wall_batch1_ms,1,258,1.2405,ms
CO,TT_PINN,cuda,1,2,latency_wall_batch1_ms,1,259,1.2072,ms
CO,TT_PINN,cuda,1,2,latency_wall_batch1_ms,1,260,1.1553,ms
CO,TT_PINN,cuda,1,2,latency_wall_batch1_ms,1,261,1.2271,ms
CO,TT_PINN,cuda,1,2,latency_wall_batch1_ms,1,262,1.3195,ms
CO,TT_PINN,cuda,1,2,latency_wall_batch1_ms,1,263,1.2592,ms
CO,TT_PINN,cuda,1,2,latency_wall_batch1_ms,1,264,1.2483,ms
CO,TT_PINN,cuda,1,2,latency_wall_batch1_ms,1,265,1.3535,ms
CO,TT_PINN,cuda,1,2,latency_wall_batch1_ms,1,266,1.3627,ms
CO,TT_PINN,cuda,1,2,latency_wall_batch1_ms,1,267,1.2247,ms
CO,TT_PINN,cuda,1,2,latency_wall_batch1_ms,1,268,1.251,ms
CO,TT_PINN,cuda,1,2,latency_wall_batch1_ms,1,269,1.4955,ms
CO,TT_PINN,cuda,1,2,latency_wall_batch1_ms,1,270,1.2077,ms
CO,TT_PINN,cuda,1,2,latency_wall_batch1_ms,1,271,1.2072,ms
CO,TT_PINN,cuda,1,2,latency_wall_batch1_ms,1,272,1.1684,ms
CO,TT_PINN,cuda,1,2,latency_wall_batch1_ms,1,273,1.4269,ms
CO,TT_PINN,cuda,1,2,latency_wall_batch1_ms,1,274,1.8173,ms
CO,TT_PINN,cuda,1,2,latency_wall_batch1_ms,1,275,1.671,ms
CO,TT_PINN,cuda,1,2,latency_wall_batch1_ms,1,276,1.2351,ms
CO,TT_PINN,cuda,1,2,latency_wall_batch1_ms,1,277,1.2033,ms
CO,TT_PINN,cuda,1,2,latency_wall_batch1_ms,1,278,1.2009,ms
CO,TT_PINN,cuda,1,2,latency_wall_batch1_ms,1,279,1.1788,ms
CO,TT_PINN,cuda,1,2,latency_wall_batch1_ms,1,280,1.1859,ms
CO,TT_PINN,cuda,1,2,latency_wall_batch1_ms,1,281,1.4303,ms
CO,TT_PINN,cuda,1,2,latency_wall_batch1_ms,1,282,1.8911,ms
CO,TT_PINN,cuda,1,2,latency_wall_batch1_ms,1,283,1.2517,ms
CO,TT_PINN,cuda,1,2,latency_wall_batch1_ms,1,284,1.2644,ms
CO,TT_PINN,cuda,1,2,latency_wall_batch1_ms,1,285,1.5131,ms
CO,TT_PINN,cuda,1,2,latency_wall_batch1_ms,1,286,1.2098,ms
CO,TT_PINN,cuda,1,2,latency_wall_batch1_ms,1,287,1.19,ms
CO,TT_PINN,cuda,1,2,latency_wall_batch1_ms,1,288,1.2287,ms
CO,TT_PINN,cuda,1,2,latency_wall_batch1_ms,1,289,1.2499,ms
CO,TT_PINN,cuda,1,2,latency_wall_batch1_ms,1,290,1.224,ms
CO,TT_PINN,cuda,1,2,latency_wall_batch1_ms,1,291,1.2092,ms
CO,TT_PINN,cuda,1,2,latency_wall_batch1_ms,1,292,1.2412,ms
CO,TT_PINN,cuda,1,2,latency_wall_batch1_ms,1,293,1.1974,ms
CO,TT_PINN,cuda,1,2,latency_wall_batch1_ms,1,294,1.2012,ms
CO,TT_PINN,cuda,1,2,latency_wall_batch1_ms,1,295,1.2075,ms
CO,TT_PINN,cuda,1,2,latency_wall_batch1_ms,1,296,1.209,ms
CO,TT_PINN,cuda,1,2,latency_wall_batch1_ms,1,297,1.3052,ms
CO,TT_PINN,cuda,1,2,latency_wall_batch1_ms,1,298,1.7548,ms
CO,TT_PINN,cuda,1,2,latency_wall_batch1_ms,1,299,1.2411,ms
CO,TT_PINN,cuda,1,2,latency_wall_batch1_ms,1,300,1.8691,ms
CO,TT_PINN,cuda,1,2,latency_wall_batch1_ms,1,301,1.3138,ms
CO,TT_PINN,cuda,1,2,latency_wall_batch1_ms,1,302,1.2185,ms
CO,TT_PINN,cuda,1,2,latency_wall_batch1_ms,1,303,1.2154,ms
CO,TT_PINN,cuda,1,2,latency_wall_batch1_ms,1,304,1.2437,ms
CO,TT_PINN,cuda,1,2,latency_wall_batch1_ms,1,305,1.1852,ms
CO,TT_PINN,cuda,1,2,latency_wall_batch1_ms,1,306,1.1788,ms
CO,TT_PINN,cuda,1,2,latency_wall_batch1_ms,1,307,1.2138,ms
CO,TT_PINN,cuda,1,2,latency_wall_batch1_ms,1,308,1.369,ms
CO,TT_PINN,cuda,1,2,latency_wall_batch1_ms,1,309,2.6888,ms
CO,TT_PINN,cuda,1,2,latency_wall_batch1_ms,1,310,2.5714,ms
CO,TT_PINN,cuda,1,2,latency_wall_batch1_ms,1,311,1.7606,ms
CO,TT_PINN,cuda,1,2,latency_wall_batch1_ms,1,312,1.2711,ms
CO,TT_PINN,cuda,1,2,latency_wall_batch1_ms,1,313,1.289,ms
CO,TT_PINN,cuda,1,2,latency_wall_batch1_ms,1,314,1.219,ms
CO,TT_PINN,cuda,1,2,latency_wall_batch1_ms,1,315,1.1819,ms
CO,TT_PINN,cuda,1,2,latency_wall_batch1_ms,1,316,1.1888,ms
CO,TT_PINN,cuda,1,2,latency_wall_batch1_ms,1,317,1.5906,ms
CO,TT_PINN,cuda,1,2,latency_wall_batch1_ms,1,318,1.6909,ms
CO,TT_PINN,cuda,1,2,latency_wall_batch1_ms,1,319,1.2364,ms
CO,TT_PINN,cuda,1,2,latency_wall_batch1_ms,1,320,1.2087,ms
CO,TT_PINN,cuda,1,2,latency_wall_batch1_ms,1,321,1.1981,ms
CO,TT_PINN,cuda,1,2,latency_wall_batch1_ms,1,322,1.1623,ms
CO,TT_PINN,cuda,1,2,latency_wall_batch1_ms,1,323,1.1845,ms
CO,TT_PINN,cuda,1,2,latency_wall_batch1_ms,1,324,1.9516,ms
CO,TT_PINN,cuda,1,2,latency_wall_batch1_ms,1,325,1.2193,ms
CO,TT_PINN,cuda,1,2,latency_wall_batch1_ms,1,326,1.704,ms
CO,TT_PINN,cuda,1,2,latency_wall_batch1_ms,1,327,1.7557,ms
CO,TT_PINN,cuda,1,2,latency_wall_batch1_ms,1,328,1.6904,ms
CO,TT_PINN,cuda,1,2,latency_wall_batch1_ms,1,329,1.6978,ms
CO,TT_PINN,cuda,1,2,latency_wall_batch1_ms,1,330,1.7665,ms
CO,TT_PINN,cuda,1,2,latency_wall_batch1_ms,1,331,1.6807,ms
CO,TT_PINN,cuda,1,2,latency_wall_batch1_ms,1,332,1.4882,ms
CO,TT_PINN,cuda,1,2,latency_wall_batch1_ms,1,333,1.3156,ms
CO,TT_PINN,cuda,1,2,latency_wall_batch1_ms,1,334,1.2069,ms
CO,TT_PINN,cuda,1,2,latency_wall_batch1_ms,1,335,1.194,ms
CO,TT_PINN,cuda,1,2,latency_wall_batch1_ms,1,336,1.1757,ms
CO,TT_PINN,cuda,1,2,latency_wall_batch1_ms,1,337,1.1784,ms
CO,TT_PINN,cuda,1,2,latency_wall_batch1_ms,1,338,1.1264,ms
CO,TT_PINN,cuda,1,2,latency_wall_batch1_ms,1,339,1.2156,ms
CO,TT_PINN,cuda,1,2,latency_wall_batch1_ms,1,340,1.2013,ms
CO,TT_PINN,cuda,1,2,latency_wall_batch1_ms,1,341,1.1974,ms
CO,TT_PINN,cuda,1,2,latency_wall_batch1_ms,1,342,1.1864,ms
CO,TT_PINN,cuda,1,2,latency_wall_batch1_ms,1,343,1.1595,ms
CO,TT_PINN,cuda,1,2,latency_wall_batch1_ms,1,344,1.1786,ms
CO,TT_PINN,cuda,1,2,latency_wall_batch1_ms,1,345,1.1731,ms
CO,TT_PINN,cuda,1,2,latency_wall_batch1_ms,1,346,2.0784,ms
CO,TT_PINN,cuda,1,2,latency_wall_batch1_ms,1,347,2.5871,ms
CO,TT_PINN,cuda,1,2,latency_wall_batch1_ms,1,348,2.5585,ms
CO,TT_PINN,cuda,1,2,latency_wall_batch1_ms,1,349,2.5391,ms
CO,TT_PINN,cuda,1,2,latency_wall_batch1_ms,1,350,2.5484,ms
CO,TT_PINN,cuda,1,2,latency_wall_batch1_ms,1,351,1.6916,ms
CO,TT_PINN,cuda,1,2,latency_wall_batch1_ms,1,352,1.261,ms
CO,TT_PINN,cuda,1,2,latency_wall_batch1_ms,1,353,1.2437,ms
CO,TT_PINN,cuda,1,2,latency_wall_batch1_ms,1,354,1.1681,ms
CO,TT_PINN,cuda,1,2,latency_wall_batch1_ms,1,355,1.1859,ms
CO,TT_PINN,cuda,1,2,latency_wall_batch1_ms,1,356,1.1889,ms
CO,TT_PINN,cuda,1,2,latency_wall_batch1_ms,1,357,1.1922,ms
CO,TT_PINN,cuda,1,2,latency_wall_batch1_ms,1,358,1.1586,ms
CO,TT_PINN,cuda,1,2,latency_wall_batch1_ms,1,359,1.1227,ms
CO,TT_PINN,cuda,1,2,latency_wall_batch1_ms,1,360,1.1841,ms
CO,TT_PINN,cuda,1,2,latency_wall_batch1_ms,1,361,1.1748,ms
CO,TT_PINN,cuda,1,2,latency_wall_batch1_ms,1,362,1.1761,ms
CO,TT_PINN,cuda,1,2,latency_wall_batch1_ms,1,363,1.1506,ms
CO,TT_PINN,cuda,1,2,latency_wall_batch1_ms,1,364,1.1581,ms
CO,TT_PINN,cuda,1,2,latency_wall_batch1_ms,1,365,1.1652,ms
CO,TT_PINN,cuda,1,2,latency_wall_batch1_ms,1,366,1.4275,ms
CO,TT_PINN,cuda,1,2,latency_wall_batch1_ms,1,367,1.7361,ms
CO,TT_PINN,cuda,1,2,latency_wall_batch1_ms,1,368,1.942,ms
CO,TT_PINN,cuda,1,2,latency_wall_batch1_ms,1,369,1.9859,ms
CO,TT_PINN,cuda,1,2,latency_wall_batch1_ms,1,370,1.9269,ms
CO,TT_PINN,cuda,1,2,latency_wall_batch1_ms,1,371,1.9269,ms
CO,TT_PINN,cuda,1,2,latency_wall_batch1_ms,1,372,2.0566,ms
CO,TT_PINN,cuda,1,2,latency_wall_batch1_ms,1,373,1.9574,ms
CO,TT_PINN,cuda,1,2,latency_wall_batch1_ms,1,374,1.9965,ms
CO,TT_PINN,cuda,1,2,latency_wall_batch1_ms,1,375,1.9373,ms
CO,TT_PINN,cuda,1,2,latency_wall_batch1_ms,1,376,1.8636,ms
CO,TT_PINN,cuda,1,2,latency_wall_batch1_ms,1,377,1.3968,ms
CO,TT_PINN,cuda,1,2,latency_wall_batch1_ms,1,378,1.2324,ms
CO,TT_PINN,cuda,1,2,latency_wall_batch1_ms,1,379,1.1942,ms
CO,TT_PINN,cuda,1,2,latency_wall_batch1_ms,1,380,1.2039,ms
CO,TT_PINN,cuda,1,2,latency_wall_batch1_ms,1,381,1.1826,ms
CO,TT_PINN,cuda,1,2,latency_wall_batch1_ms,1,382,1.1908,ms
CO,TT_PINN,cuda,1,2,latency_wall_batch1_ms,1,383,1.5038,ms
CO,TT_PINN,cuda,1,2,latency_wall_batch1_ms,1,384,1.9496,ms
CO,TT_PINN,cuda,1,2,latency_wall_batch1_ms,1,385,1.452,ms
CO,TT_PINN,cuda,1,2,latency_wall_batch1_ms,1,386,1.2363,ms
CO,TT_PINN,cuda,1,2,latency_wall_batch1_ms,1,387,1.1922,ms
CO,TT_PINN,cuda,1,2,latency_wall_batch1_ms,1,388,1.2294,ms
CO,TT_PINN,cuda,1,2,latency_wall_batch1_ms,1,389,1.2203,ms
CO,TT_PINN,cuda,1,2,latency_wall_batch1_ms,1,390,1.2058,ms
CO,TT_PINN,cuda,1,2,latency_wall_batch1_ms,1,391,1.196,ms
CO,TT_PINN,cuda,1,2,latency_wall_batch1_ms,1,392,1.1858,ms
CO,TT_PINN,cuda,1,2,latency_wall_batch1_ms,1,393,1.2159,ms
CO,TT_PINN,cuda,1,2,latency_wall_batch1_ms,1,394,1.1915,ms
CO,TT_PINN,cuda,1,2,latency_wall_batch1_ms,1,395,1.1885,ms
CO,TT_PINN,cuda,1,2,latency_wall_batch1_ms,1,396,1.1883,ms
CO,TT_PINN,cuda,1,2,latency_wall_batch1_ms,1,397,1.4755,ms
CO,TT_PINN,cuda,1,2,latency_wall_batch1_ms,1,398,1.2313,ms
CO,TT_PINN,cuda,1,2,latency_wall_batch1_ms,1,399,1.2454,ms
CO,TT_PINN,cuda,1,2,throughput_rows_s,1,0,851.9338899301414,rows/s
CO,TT_PINN,cuda,1,2,throughput_rows_s,1,1,811.2932013629726,rows/s
CO,TT_PINN,cuda,1,2,throughput_rows_s,1,2,583.8393274170949,rows/s
CO,TT_PINN,cuda,1,2,throughput_rows_s,1,3,322.6535024037686,rows/s
CO,TT_PINN,cuda,1,2,throughput_rows_s,1,4,807.1025020177563,rows/s
CO,TT_PINN,cuda,1,2,throughput_rows_s,1,5,829.4625082946251,rows/s
CO,TT_PINN,cuda,1,2,throughput_rows_s,1,6,803.0838419530999,rows/s
CO,TT_PINN,cuda,1,2,throughput_rows_s,1,7,827.129859387924,rows/s
CO,TT_PINN,cuda,1,2,throughput_rows_s,1,8,817.0602173380178,rows/s
CO,TT_PINN,cuda,1,2,throughput_rows_s,1,9,811.0957904128477,rows/s
CO,TT_PINN,cuda,1,2,throughput_rows_s,1,10,858.3690987124463,rows/s
CO,TT_PINN,cuda,1,2,throughput_rows_s,1,11,869.5652173913044,rows/s
CO,TT_PINN,cuda,1,2,throughput_rows_s,1,12,865.9508139937651,rows/s
CO,TT_PINN,cuda,1,2,throughput_rows_s,1,13,813.5372600065082,rows/s
CO,TT_PINN,cuda,1,2,throughput_rows_s,1,14,858.8114050154585,rows/s
CO,TT_PINN,cuda,1,2,throughput_rows_s,1,15,841.8217021634817,rows/s
CO,TT_PINN,cuda,1,2,throughput_rows_s,1,16,846.9551960701278,rows/s
CO,TT_PINN,cuda,1,2,throughput_rows_s,1,17,802.2462896109106,rows/s
CO,TT_PINN,cuda,1,2,throughput_rows_s,1,18,801.6674683341349,rows/s
CO,TT_PINN,cuda,1,2,throughput_rows_s,1,19,879.8944126704795,rows/s
CO,TT_PINN,cuda,1,2,throughput_rows_s,1,20,856.3110121596164,rows/s
CO,TT_PINN,cuda,1,2,throughput_rows_s,1,21,824.4023083264633,rows/s
CO,TT_PINN,cuda,1,2,throughput_rows_s,1,22,839.3486654356219,rows/s
CO,TT_PINN,cuda,1,2,throughput_rows_s,1,23,864.0801866413203,rows/s
CO,TT_PINN,cuda,1,2,throughput_rows_s,16,0,6525.551613034789,rows/s
CO,TT_PINN,cuda,1,2,throughput_rows_s,16,1,6398.208501619546,rows/s
CO,TT_PINN,cuda,1,2,throughput_rows_s,16,2,6074.180934664591,rows/s
CO,TT_PINN,cuda,1,2,throughput_rows_s,16,3,10726.736390453205,rows/s
CO,TT_PINN,cuda,1,2,throughput_rows_s,16,4,10778.765831312316,rows/s
CO,TT_PINN,cuda,1,2,throughput_rows_s,16,5,8925.085067217047,rows/s
CO,TT_PINN,cuda,1,2,throughput_rows_s,16,6,6429.576049829214,rows/s
CO,TT_PINN,cuda,1,2,throughput_rows_s,16,7,6269.34681242898,rows/s
CO,TT_PINN,cuda,1,2,throughput_rows_s,16,8,7047.837194960796,rows/s
CO,TT_PINN,cuda,1,2,throughput_rows_s,16,9,6228.589224540641,rows/s
CO,TT_PINN,cuda,1,2,throughput_rows_s,16,10,3863.7077105116996,rows/s
CO,TT_PINN,cuda,1,2,throughput_rows_s,16,11,11169.284467713785,rows/s
CO,TT_PINN,cuda,1,2,throughput_rows_s,16,12,6912.044237083117,rows/s
CO,TT_PINN,cuda,1,2,throughput_rows_s,16,13,6487.7138918173705,rows/s
CO,TT_PINN,cuda,1,2,throughput_rows_s,16,14,9008.501773548785,rows/s
CO,TT_PINN,cuda,1,2,throughput_rows_s,16,15,11416.339636104174,rows/s
CO,TT_PINN,cuda,1,2,throughput_rows_s,16,16,9614.806802475812,rows/s
CO,TT_PINN,cuda,1,2,throughput_rows_s,16,17,10113.140762277984,rows/s
CO,TT_PINN,cuda,1,2,throughput_rows_s,16,18,9924.942621425469,rows/s
CO,TT_PINN,cuda,1,2,throughput_rows_s,16,19,11040.574109853711,rows/s
CO,TT_PINN,cuda,1,2,throughput_rows_s,16,20,11159.935830368975,rows/s
CO,TT_PINN,cuda,1,2,throughput_rows_s,16,21,11290.66403217839,rows/s
CO,TT_PINN,cuda,1,2,throughput_rows_s,16,22,10981.46877144818,rows/s
CO,TT_PINN,cuda,1,2,throughput_rows_s,16,23,10036.381884330698,rows/s
CO,TT_PINN,cuda,1,2,throughput_rows_s,64,0,44441.358239011184,rows/s
CO,TT_PINN,cuda,1,2,throughput_rows_s,64,1,44789.698369375044,rows/s
CO,TT_PINN,cuda,1,2,throughput_rows_s,64,2,43028.102729595266,rows/s
CO,TT_PINN,cuda,1,2,throughput_rows_s,64,3,44627.29237849522,rows/s
CO,TT_PINN,cuda,1,2,throughput_rows_s,64,4,43733.77067104004,rows/s
CO,TT_PINN,cuda,1,2,throughput_rows_s,64,5,31590.897872550468,rows/s
CO,TT_PINN,cuda,1,2,throughput_rows_s,64,6,43683.02504948468,rows/s
CO,TT_PINN,cuda,1,2,throughput_rows_s,64,7,47714.90345187505,rows/s
CO,TT_PINN,cuda,1,2,throughput_rows_s,64,8,43913.81912995746,rows/s
CO,TT_PINN,cuda,1,2,throughput_rows_s,64,9,43617.52879438424,rows/s
CO,TT_PINN,cuda,1,2,throughput_rows_s,64,10,43674.08216186707,rows/s
CO,TT_PINN,cuda,1,2,throughput_rows_s,64,11,41389.12242126366,rows/s
CO,TT_PINN,cuda,1,2,throughput_rows_s,64,12,31134.46195757929,rows/s
CO,TT_PINN,cuda,1,2,throughput_rows_s,64,13,35417.819590481464,rows/s
CO,TT_PINN,cuda,1,2,throughput_rows_s,64,14,42712.226374799786,rows/s
CO,TT_PINN,cuda,1,2,throughput_rows_s,64,15,32770.097286226315,rows/s
CO,TT_PINN,cuda,1,2,throughput_rows_s,64,16,42063.75287545186,rows/s
CO,TT_PINN,cuda,1,2,throughput_rows_s,64,17,43243.24324324325,rows/s
CO,TT_PINN,cuda,1,2,throughput_rows_s,64,18,42921.33324391388,rows/s
CO,TT_PINN,cuda,1,2,throughput_rows_s,64,19,40658.15386570103,rows/s
CO,TT_PINN,cuda,1,2,throughput_rows_s,64,20,41059.85757361905,rows/s
CO,TT_PINN,cuda,1,2,throughput_rows_s,64,21,43263.70580680051,rows/s
CO,TT_PINN,cuda,1,2,throughput_rows_s,64,22,43691.97160021846,rows/s
CO,TT_PINN,cuda,1,2,throughput_rows_s,64,23,42274.91908316269,rows/s
CO,TT_PINN,cuda,1,2,throughput_rows_s,256,0,81334.39237490071,rows/s
CO,TT_PINN,cuda,1,2,throughput_rows_s,256,1,84229.92136347185,rows/s
CO,TT_PINN,cuda,1,2,throughput_rows_s,256,2,83444.70158740507,rows/s
CO,TT_PINN,cuda,1,2,throughput_rows_s,256,3,83638.2645060115,rows/s
CO,TT_PINN,cuda,1,2,throughput_rows_s,256,4,84329.80861086406,rows/s
CO,TT_PINN,cuda,1,2,throughput_rows_s,256,5,83619.1409439817,rows/s
CO,TT_PINN,cuda,1,2,throughput_rows_s,256,6,84268.73827314921,rows/s
CO,TT_PINN,cuda,1,2,throughput_rows_s,256,7,74144.87212905842,rows/s
CO,TT_PINN,cuda,1,2,throughput_rows_s,256,8,80323.80534027799,rows/s
CO,TT_PINN,cuda,1,2,throughput_rows_s,256,9,80177.89470387422,rows/s
CO,TT_PINN,cuda,1,2,throughput_rows_s,256,10,81650.8787037923,rows/s
CO,TT_PINN,cuda,1,2,throughput_rows_s,256,11,78742.57943465289,rows/s
CO,TT_PINN,cuda,1,2,throughput_rows_s,256,12,81796.97734607151,rows/s
CO,TT_PINN,cuda,1,2,throughput_rows_s,256,13,80142.75428106314,rows/s
CO,TT_PINN,cuda,1,2,throughput_rows_s,256,14,82471.56985921846,rows/s
CO,TT_PINN,cuda,1,2,throughput_rows_s,256,15,83135.77761179488,rows/s
CO,TT_PINN,cuda,1,2,throughput_rows_s,256,16,83561.82269225747,rows/s
CO,TT_PINN,cuda,1,2,throughput_rows_s,256,17,76796.16019199039,rows/s
CO,TT_PINN,cuda,1,2,throughput_rows_s,256,18,81153.90711681724,rows/s
CO,TT_PINN,cuda,1,2,throughput_rows_s,256,19,83570.0062024614,rows/s
CO,TT_PINN,cuda,1,2,throughput_rows_s,256,20,84413.22913575362,rows/s
CO,TT_PINN,cuda,1,2,throughput_rows_s,256,21,82548.69082935638,rows/s
CO,TT_PINN,cuda,1,2,throughput_rows_s,256,22,96117.74423668993,rows/s
CO,TT_PINN,cuda,1,2,throughput_rows_s,256,23,172309.34912835702,rows/s
CO,TT_PINN,cuda,1,2,throughput_rows_s,1024,0,671123.3451304233,rows/s
CO,TT_PINN,cuda,1,2,throughput_rows_s,1024,1,691098.0630357022,rows/s
CO,TT_PINN,cuda,1,2,throughput_rows_s,1024,2,750568.0568789855,rows/s
CO,TT_PINN,cuda,1,2,throughput_rows_s,1024,3,745160.8208412166,rows/s
CO,TT_PINN,cuda,1,2,throughput_rows_s,1024,4,734629.4569194347,rows/s
CO,TT_PINN,cuda,1,2,throughput_rows_s,1024,5,737008.7807686771,rows/s
CO,TT_PINN,cuda,1,2,throughput_rows_s,1024,6,718949.6594818508,rows/s
CO,TT_PINN,cuda,1,2,throughput_rows_s,1024,7,746083.7887067395,rows/s
CO,TT_PINN,cuda,1,2,throughput_rows_s,1024,8,740847.9236000578,rows/s
CO,TT_PINN,cuda,1,2,throughput_rows_s,1024,9,734471.3814373834,rows/s
CO,TT_PINN,cuda,1,2,throughput_rows_s,1024,10,753550.6659798367,rows/s
CO,TT_PINN,cuda,1,2,throughput_rows_s,1024,11,726189.6319409972,rows/s
CO,TT_PINN,cuda,1,2,throughput_rows_s,1024,12,744727.2727272728,rows/s
CO,TT_PINN,cuda,1,2,throughput_rows_s,1024,13,764978.3355744807,rows/s
CO,TT_PINN,cuda,1,2,throughput_rows_s,1024,14,749085.5888807608,rows/s
CO,TT_PINN,cuda,1,2,throughput_rows_s,1024,15,761055.369751022,rows/s
CO,TT_PINN,cuda,1,2,throughput_rows_s,1024,16,761225.0966399049,rows/s
CO,TT_PINN,cuda,1,2,throughput_rows_s,1024,17,721431.5908130197,rows/s
CO,TT_PINN,cuda,1,2,throughput_rows_s,1024,18,739991.3282266224,rows/s
CO,TT_PINN,cuda,1,2,throughput_rows_s,1024,19,735843.633227939,rows/s
CO,TT_PINN,cuda,1,2,throughput_rows_s,1024,20,527318.6054894691,rows/s
CO,TT_PINN,cuda,1,2,throughput_rows_s,1024,21,220172.43974284545,rows/s
CO,TT_PINN,cuda,1,2,throughput_rows_s,1024,22,275180.04944641516,rows/s
CO,TT_PINN,cuda,1,2,throughput_rows_s,1024,23,339623.89307153993,rows/s
CO,TT_PINN,cuda,1,2,throughput_rows_s,4096,0,1383176.307702698,rows/s
CO,TT_PINN,cuda,1,2,throughput_rows_s,4096,1,1404567.5879569303,rows/s
CO,TT_PINN,cuda,1,2,throughput_rows_s,4096,2,1397856.8015835097,rows/s
CO,TT_PINN,cuda,1,2,throughput_rows_s,4096,3,1345642.1038798909,rows/s
CO,TT_PINN,cuda,1,2,throughput_rows_s,4096,4,1363379.1565422893,rows/s
CO,TT_PINN,cuda,1,2,throughput_rows_s,4096,5,1392913.0109501462,rows/s
CO,TT_PINN,cuda,1,2,throughput_rows_s,4096,6,1400246.1370162724,rows/s
CO,TT_PINN,cuda,1,2,throughput_rows_s,4096,7,1402547.5962196959,rows/s
CO,TT_PINN,cuda,1,2,throughput_rows_s,4096,8,1402835.810671964,rows/s
CO,TT_PINN,cuda,1,2,throughput_rows_s,4096,9,1820930.0257846538,rows/s
CO,TT_PINN,cuda,1,2,throughput_rows_s,4096,10,3073690.5297913854,rows/s
CO,TT_PINN,cuda,1,2,throughput_rows_s,4096,11,3311504.5678712907,rows/s
CO,TT_PINN,cuda,1,2,throughput_rows_s,4096,12,3105853.806490749,rows/s
CO,TT_PINN,cuda,1,2,throughput_rows_s,4096,13,3209528.287102335,rows/s
CO,TT_PINN,cuda,1,2,throughput_rows_s,4096,14,2503667.481662592,rows/s
CO,TT_PINN,cuda,1,2,throughput_rows_s,4096,15,1313536.2216592373,rows/s
CO,TT_PINN,cuda,1,2,throughput_rows_s,4096,16,2666145.9350387296,rows/s
CO,TT_PINN,cuda,1,2,throughput_rows_s,4096,17,3192766.388650713,rows/s
CO,TT_PINN,cuda,1,2,throughput_rows_s,4096,18,3321709.5126104937,rows/s
CO,TT_PINN,cuda,1,2,throughput_rows_s,4096,19,3325755.1152971745,rows/s
CO,TT_PINN,cuda,1,2,throughput_rows_s,4096,20,2921123.948081586,rows/s
CO,TT_PINN,cuda,1,2,throughput_rows_s,4096,21,3210282.9375342894,rows/s
CO,TT_PINN,cuda,1,2,throughput_rows_s,4096,22,3026451.898921236,rows/s
CO,TT_PINN,cuda,1,2,throughput_rows_s,4096,23,2933046.9029717147,rows/s
CO,TT_PINN,cuda,2,1,latency_wall_batch1_ms,1,0,1.2643,ms
CO,TT_PINN,cuda,2,1,latency_wall_batch1_ms,1,1,1.2403,ms
CO,TT_PINN,cuda,2,1,latency_wall_batch1_ms,1,2,1.2351,ms
CO,TT_PINN,cuda,2,1,latency_wall_batch1_ms,1,3,1.4018,ms
CO,TT_PINN,cuda,2,1,latency_wall_batch1_ms,1,4,1.2639,ms
CO,TT_PINN,cuda,2,1,latency_wall_batch1_ms,1,5,1.2078,ms
CO,TT_PINN,cuda,2,1,latency_wall_batch1_ms,1,6,1.3919,ms
CO,TT_PINN,cuda,2,1,latency_wall_batch1_ms,1,7,1.3787,ms
CO,TT_PINN,cuda,2,1,latency_wall_batch1_ms,1,8,1.356,ms
CO,TT_PINN,cuda,2,1,latency_wall_batch1_ms,1,9,1.2448,ms
CO,TT_PINN,cuda,2,1,latency_wall_batch1_ms,1,10,1.1942,ms
CO,TT_PINN,cuda,2,1,latency_wall_batch1_ms,1,11,1.2218,ms
CO,TT_PINN,cuda,2,1,latency_wall_batch1_ms,1,12,1.1846,ms
CO,TT_PINN,cuda,2,1,latency_wall_batch1_ms,1,13,1.2131,ms
CO,TT_PINN,cuda,2,1,latency_wall_batch1_ms,1,14,1.1858,ms
CO,TT_PINN,cuda,2,1,latency_wall_batch1_ms,1,15,1.3602,ms
CO,TT_PINN,cuda,2,1,latency_wall_batch1_ms,1,16,1.2612,ms
CO,TT_PINN,cuda,2,1,latency_wall_batch1_ms,1,17,1.2362,ms
CO,TT_PINN,cuda,2,1,latency_wall_batch1_ms,1,18,1.1593,ms
CO,TT_PINN,cuda,2,1,latency_wall_batch1_ms,1,19,1.2332,ms
CO,TT_PINN,cuda,2,1,latency_wall_batch1_ms,1,20,1.1799,ms
CO,TT_PINN,cuda,2,1,latency_wall_batch1_ms,1,21,1.1252,ms
CO,TT_PINN,cuda,2,1,latency_wall_batch1_ms,1,22,1.2124,ms
CO,TT_PINN,cuda,2,1,latency_wall_batch1_ms,1,23,1.2002,ms
CO,TT_PINN,cuda,2,1,latency_wall_batch1_ms,1,24,1.185,ms
CO,TT_PINN,cuda,2,1,latency_wall_batch1_ms,1,25,1.1877,ms
CO,TT_PINN,cuda,2,1,latency_wall_batch1_ms,1,26,1.2174,ms
CO,TT_PINN,cuda,2,1,latency_wall_batch1_ms,1,27,1.5483,ms
CO,TT_PINN,cuda,2,1,latency_wall_batch1_ms,1,28,1.2335,ms
CO,TT_PINN,cuda,2,1,latency_wall_batch1_ms,1,29,1.4788,ms
CO,TT_PINN,cuda,2,1,latency_wall_batch1_ms,1,30,1.4366,ms
CO,TT_PINN,cuda,2,1,latency_wall_batch1_ms,1,31,1.3586,ms
CO,TT_PINN,cuda,2,1,latency_wall_batch1_ms,1,32,1.2408,ms
CO,TT_PINN,cuda,2,1,latency_wall_batch1_ms,1,33,1.2099,ms
CO,TT_PINN,cuda,2,1,latency_wall_batch1_ms,1,34,1.1773,ms
CO,TT_PINN,cuda,2,1,latency_wall_batch1_ms,1,35,1.1589,ms
CO,TT_PINN,cuda,2,1,latency_wall_batch1_ms,1,36,1.1936,ms
CO,TT_PINN,cuda,2,1,latency_wall_batch1_ms,1,37,1.3831,ms
CO,TT_PINN,cuda,2,1,latency_wall_batch1_ms,1,38,1.3902,ms
CO,TT_PINN,cuda,2,1,latency_wall_batch1_ms,1,39,1.2906,ms
CO,TT_PINN,cuda,2,1,latency_wall_batch1_ms,1,40,1.2107,ms
CO,TT_PINN,cuda,2,1,latency_wall_batch1_ms,1,41,1.2087,ms
CO,TT_PINN,cuda,2,1,latency_wall_batch1_ms,1,42,1.1712,ms
CO,TT_PINN,cuda,2,1,latency_wall_batch1_ms,1,43,1.1657,ms
CO,TT_PINN,cuda,2,1,latency_wall_batch1_ms,1,44,1.1849,ms
CO,TT_PINN,cuda,2,1,latency_wall_batch1_ms,1,45,1.1753,ms
CO,TT_PINN,cuda,2,1,latency_wall_batch1_ms,1,46,1.2462,ms
CO,TT_PINN,cuda,2,1,latency_wall_batch1_ms,1,47,1.2037,ms
CO,TT_PINN,cuda,2,1,latency_wall_batch1_ms,1,48,1.2251,ms
CO,TT_PINN,cuda,2,1,latency_wall_batch1_ms,1,49,1.2269,ms
CO,TT_PINN,cuda,2,1,latency_wall_batch1_ms,1,50,1.212,ms
CO,TT_PINN,cuda,2,1,latency_wall_batch1_ms,1,51,1.2432,ms
CO,TT_PINN,cuda,2,1,latency_wall_batch1_ms,1,52,1.268,ms
CO,TT_PINN,cuda,2,1,latency_wall_batch1_ms,1,53,1.167,ms
CO,TT_PINN,cuda,2,1,latency_wall_batch1_ms,1,54,1.2417,ms
CO,TT_PINN,cuda,2,1,latency_wall_batch1_ms,1,55,1.2324,ms
CO,TT_PINN,cuda,2,1,latency_wall_batch1_ms,1,56,1.2387,ms
CO,TT_PINN,cuda,2,1,latency_wall_batch1_ms,1,57,1.3637,ms
CO,TT_PINN,cuda,2,1,latency_wall_batch1_ms,1,58,1.198,ms
CO,TT_PINN,cuda,2,1,latency_wall_batch1_ms,1,59,1.1873,ms
CO,TT_PINN,cuda,2,1,latency_wall_batch1_ms,1,60,1.33,ms
CO,TT_PINN,cuda,2,1,latency_wall_batch1_ms,1,61,1.3567,ms
CO,TT_PINN,cuda,2,1,latency_wall_batch1_ms,1,62,1.2229,ms
CO,TT_PINN,cuda,2,1,latency_wall_batch1_ms,1,63,1.1681,ms
CO,TT_PINN,cuda,2,1,latency_wall_batch1_ms,1,64,1.2481,ms
CO,TT_PINN,cuda,2,1,latency_wall_batch1_ms,1,65,1.183,ms
CO,TT_PINN,cuda,2,1,latency_wall_batch1_ms,1,66,1.9292,ms
CO,TT_PINN,cuda,2,1,latency_wall_batch1_ms,1,67,1.5862,ms
CO,TT_PINN,cuda,2,1,latency_wall_batch1_ms,1,68,1.1124,ms
CO,TT_PINN,cuda,2,1,latency_wall_batch1_ms,1,69,1.1745,ms
CO,TT_PINN,cuda,2,1,latency_wall_batch1_ms,1,70,1.1415,ms
CO,TT_PINN,cuda,2,1,latency_wall_batch1_ms,1,71,1.1935,ms
CO,TT_PINN,cuda,2,1,latency_wall_batch1_ms,1,72,1.1462,ms
CO,TT_PINN,cuda,2,1,latency_wall_batch1_ms,1,73,1.206,ms
CO,TT_PINN,cuda,2,1,latency_wall_batch1_ms,1,74,1.1812,ms
CO,TT_PINN,cuda,2,1,latency_wall_batch1_ms,1,75,1.2067,ms
CO,TT_PINN,cuda,2,1,latency_wall_batch1_ms,1,76,1.5711,ms
CO,TT_PINN,cuda,2,1,latency_wall_batch1_ms,1,77,2.0359,ms
CO,TT_PINN,cuda,2,1,latency_wall_batch1_ms,1,78,1.2333,ms
CO,TT_PINN,cuda,2,1,latency_wall_batch1_ms,1,79,1.2744,ms
CO,TT_PINN,cuda,2,1,latency_wall_batch1_ms,1,80,1.45,ms
CO,TT_PINN,cuda,2,1,latency_wall_batch1_ms,1,81,1.3291,ms
CO,TT_PINN,cuda,2,1,latency_wall_batch1_ms,1,82,1.4167,ms
CO,TT_PINN,cuda,2,1,latency_wall_batch1_ms,1,83,1.3378,ms
CO,TT_PINN,cuda,2,1,latency_wall_batch1_ms,1,84,1.2252,ms
CO,TT_PINN,cuda,2,1,latency_wall_batch1_ms,1,85,1.4239,ms
CO,TT_PINN,cuda,2,1,latency_wall_batch1_ms,1,86,1.238,ms
CO,TT_PINN,cuda,2,1,latency_wall_batch1_ms,1,87,1.7721,ms
CO,TT_PINN,cuda,2,1,latency_wall_batch1_ms,1,88,1.2367,ms
CO,TT_PINN,cuda,2,1,latency_wall_batch1_ms,1,89,1.1936,ms
CO,TT_PINN,cuda,2,1,latency_wall_batch1_ms,1,90,1.2027,ms
CO,TT_PINN,cuda,2,1,latency_wall_batch1_ms,1,91,1.1619,ms
CO,TT_PINN,cuda,2,1,latency_wall_batch1_ms,1,92,1.1652,ms
CO,TT_PINN,cuda,2,1,latency_wall_batch1_ms,1,93,1.174,ms
CO,TT_PINN,cuda,2,1,latency_wall_batch1_ms,1,94,1.185,ms
CO,TT_PINN,cuda,2,1,latency_wall_batch1_ms,1,95,1.1648,ms
CO,TT_PINN,cuda,2,1,latency_wall_batch1_ms,1,96,1.2009,ms
CO,TT_PINN,cuda,2,1,latency_wall_batch1_ms,1,97,1.2825,ms
CO,TT_PINN,cuda,2,1,latency_wall_batch1_ms,1,98,1.381,ms
CO,TT_PINN,cuda,2,1,latency_wall_batch1_ms,1,99,1.4165,ms
CO,TT_PINN,cuda,2,1,latency_wall_batch1_ms,1,100,1.2183,ms
CO,TT_PINN,cuda,2,1,latency_wall_batch1_ms,1,101,1.3053,ms
CO,TT_PINN,cuda,2,1,latency_wall_batch1_ms,1,102,1.464,ms
CO,TT_PINN,cuda,2,1,latency_wall_batch1_ms,1,103,1.3245,ms
CO,TT_PINN,cuda,2,1,latency_wall_batch1_ms,1,104,1.2134,ms
CO,TT_PINN,cuda,2,1,latency_wall_batch1_ms,1,105,1.3912,ms
CO,TT_PINN,cuda,2,1,latency_wall_batch1_ms,1,106,1.2529,ms
CO,TT_PINN,cuda,2,1,latency_wall_batch1_ms,1,107,1.2708,ms
CO,TT_PINN,cuda,2,1,latency_wall_batch1_ms,1,108,1.2459,ms
CO,TT_PINN,cuda,2,1,latency_wall_batch1_ms,1,109,1.2789,ms
CO,TT_PINN,cuda,2,1,latency_wall_batch1_ms,1,110,1.2235,ms
CO,TT_PINN,cuda,2,1,latency_wall_batch1_ms,1,111,1.2145,ms
CO,TT_PINN,cuda,2,1,latency_wall_batch1_ms,1,112,1.6708,ms
CO,TT_PINN,cuda,2,1,latency_wall_batch1_ms,1,113,1.1913,ms
CO,TT_PINN,cuda,2,1,latency_wall_batch1_ms,1,114,1.2822,ms
CO,TT_PINN,cuda,2,1,latency_wall_batch1_ms,1,115,1.3006,ms
CO,TT_PINN,cuda,2,1,latency_wall_batch1_ms,1,116,1.2654,ms
CO,TT_PINN,cuda,2,1,latency_wall_batch1_ms,1,117,1.2037,ms
CO,TT_PINN,cuda,2,1,latency_wall_batch1_ms,1,118,1.1605,ms
CO,TT_PINN,cuda,2,1,latency_wall_batch1_ms,1,119,1.1663,ms
CO,TT_PINN,cuda,2,1,latency_wall_batch1_ms,1,120,1.2121,ms
CO,TT_PINN,cuda,2,1,latency_wall_batch1_ms,1,121,1.3467,ms
CO,TT_PINN,cuda,2,1,latency_wall_batch1_ms,1,122,1.4128,ms
CO,TT_PINN,cuda,2,1,latency_wall_batch1_ms,1,123,1.3148,ms
CO,TT_PINN,cuda,2,1,latency_wall_batch1_ms,1,124,1.5509,ms
CO,TT_PINN,cuda,2,1,latency_wall_batch1_ms,1,125,1.3517,ms
CO,TT_PINN,cuda,2,1,latency_wall_batch1_ms,1,126,1.3187,ms
CO,TT_PINN,cuda,2,1,latency_wall_batch1_ms,1,127,1.3867,ms
CO,TT_PINN,cuda,2,1,latency_wall_batch1_ms,1,128,1.2324,ms
CO,TT_PINN,cuda,2,1,latency_wall_batch1_ms,1,129,1.3009,ms
CO,TT_PINN,cuda,2,1,latency_wall_batch1_ms,1,130,1.3092,ms
CO,TT_PINN,cuda,2,1,latency_wall_batch1_ms,1,131,1.3733,ms
CO,TT_PINN,cuda,2,1,latency_wall_batch1_ms,1,132,1.2085,ms
CO,TT_PINN,cuda,2,1,latency_wall_batch1_ms,1,133,1.2145,ms
CO,TT_PINN,cuda,2,1,latency_wall_batch1_ms,1,134,1.1827,ms
CO,TT_PINN,cuda,2,1,latency_wall_batch1_ms,1,135,1.2102,ms
CO,TT_PINN,cuda,2,1,latency_wall_batch1_ms,1,136,1.3041,ms
CO,TT_PINN,cuda,2,1,latency_wall_batch1_ms,1,137,2.3272,ms
CO,TT_PINN,cuda,2,1,latency_wall_batch1_ms,1,138,1.2744,ms
CO,TT_PINN,cuda,2,1,latency_wall_batch1_ms,1,139,1.558,ms
CO,TT_PINN,cuda,2,1,latency_wall_batch1_ms,1,140,1.3935,ms
CO,TT_PINN,cuda,2,1,latency_wall_batch1_ms,1,141,1.3814,ms
CO,TT_PINN,cuda,2,1,latency_wall_batch1_ms,1,142,1.2102,ms
CO,TT_PINN,cuda,2,1,latency_wall_batch1_ms,1,143,1.2015,ms
CO,TT_PINN,cuda,2,1,latency_wall_batch1_ms,1,144,1.3436,ms
CO,TT_PINN,cuda,2,1,latency_wall_batch1_ms,1,145,1.3144,ms
CO,TT_PINN,cuda,2,1,latency_wall_batch1_ms,1,146,1.2214,ms
CO,TT_PINN,cuda,2,1,latency_wall_batch1_ms,1,147,1.6505,ms
CO,TT_PINN,cuda,2,1,latency_wall_batch1_ms,1,148,1.1951,ms
CO,TT_PINN,cuda,2,1,latency_wall_batch1_ms,1,149,1.4384,ms
CO,TT_PINN,cuda,2,1,latency_wall_batch1_ms,1,150,1.2454,ms
CO,TT_PINN,cuda,2,1,latency_wall_batch1_ms,1,151,1.2903,ms
CO,TT_PINN,cuda,2,1,latency_wall_batch1_ms,1,152,1.2713,ms
CO,TT_PINN,cuda,2,1,latency_wall_batch1_ms,1,153,1.199,ms
CO,TT_PINN,cuda,2,1,latency_wall_batch1_ms,1,154,1.1918,ms
CO,TT_PINN,cuda,2,1,latency_wall_batch1_ms,1,155,1.1813,ms
CO,TT_PINN,cuda,2,1,latency_wall_batch1_ms,1,156,1.1917,ms
CO,TT_PINN,cuda,2,1,latency_wall_batch1_ms,1,157,1.1587,ms
CO,TT_PINN,cuda,2,1,latency_wall_batch1_ms,1,158,1.176,ms
CO,TT_PINN,cuda,2,1,latency_wall_batch1_ms,1,159,1.4496,ms
CO,TT_PINN,cuda,2,1,latency_wall_batch1_ms,1,160,1.249,ms
CO,TT_PINN,cuda,2,1,latency_wall_batch1_ms,1,161,1.2023,ms
CO,TT_PINN,cuda,2,1,latency_wall_batch1_ms,1,162,1.1989,ms
CO,TT_PINN,cuda,2,1,latency_wall_batch1_ms,1,163,1.1928,ms
CO,TT_PINN,cuda,2,1,latency_wall_batch1_ms,1,164,1.2213,ms
CO,TT_PINN,cuda,2,1,latency_wall_batch1_ms,1,165,1.2209,ms
CO,TT_PINN,cuda,2,1,latency_wall_batch1_ms,1,166,1.2411,ms
CO,TT_PINN,cuda,2,1,latency_wall_batch1_ms,1,167,1.22,ms
CO,TT_PINN,cuda,2,1,latency_wall_batch1_ms,1,168,1.1977,ms
CO,TT_PINN,cuda,2,1,latency_wall_batch1_ms,1,169,1.2247,ms
CO,TT_PINN,cuda,2,1,latency_wall_batch1_ms,1,170,1.2066,ms
CO,TT_PINN,cuda,2,1,latency_wall_batch1_ms,1,171,1.3783,ms
CO,TT_PINN,cuda,2,1,latency_wall_batch1_ms,1,172,1.3191,ms
CO,TT_PINN,cuda,2,1,latency_wall_batch1_ms,1,173,1.3011,ms
CO,TT_PINN,cuda,2,1,latency_wall_batch1_ms,1,174,1.2168,ms
CO,TT_PINN,cuda,2,1,latency_wall_batch1_ms,1,175,1.1863,ms
CO,TT_PINN,cuda,2,1,latency_wall_batch1_ms,1,176,1.1601,ms
CO,TT_PINN,cuda,2,1,latency_wall_batch1_ms,1,177,1.2015,ms
CO,TT_PINN,cuda,2,1,latency_wall_batch1_ms,1,178,1.1668,ms
CO,TT_PINN,cuda,2,1,latency_wall_batch1_ms,1,179,1.2116,ms
CO,TT_PINN,cuda,2,1,latency_wall_batch1_ms,1,180,1.1802,ms
CO,TT_PINN,cuda,2,1,latency_wall_batch1_ms,1,181,1.1909,ms
CO,TT_PINN,cuda,2,1,latency_wall_batch1_ms,1,182,1.2036,ms
CO,TT_PINN,cuda,2,1,latency_wall_batch1_ms,1,183,1.1598,ms
CO,TT_PINN,cuda,2,1,latency_wall_batch1_ms,1,184,1.3526,ms
CO,TT_PINN,cuda,2,1,latency_wall_batch1_ms,1,185,1.2628,ms
CO,TT_PINN,cuda,2,1,latency_wall_batch1_ms,1,186,1.4005,ms
CO,TT_PINN,cuda,2,1,latency_wall_batch1_ms,1,187,1.2243,ms
CO,TT_PINN,cuda,2,1,latency_wall_batch1_ms,1,188,1.2444,ms
CO,TT_PINN,cuda,2,1,latency_wall_batch1_ms,1,189,1.2217,ms
CO,TT_PINN,cuda,2,1,latency_wall_batch1_ms,1,190,1.1757,ms
CO,TT_PINN,cuda,2,1,latency_wall_batch1_ms,1,191,1.1829,ms
CO,TT_PINN,cuda,2,1,latency_wall_batch1_ms,1,192,1.1544,ms
CO,TT_PINN,cuda,2,1,latency_wall_batch1_ms,1,193,1.1504,ms
CO,TT_PINN,cuda,2,1,latency_wall_batch1_ms,1,194,1.1587,ms
CO,TT_PINN,cuda,2,1,latency_wall_batch1_ms,1,195,1.187,ms
CO,TT_PINN,cuda,2,1,latency_wall_batch1_ms,1,196,1.1667,ms
CO,TT_PINN,cuda,2,1,latency_wall_batch1_ms,1,197,1.1911,ms
CO,TT_PINN,cuda,2,1,latency_wall_batch1_ms,1,198,1.5604,ms
CO,TT_PINN,cuda,2,1,latency_wall_batch1_ms,1,199,1.3852,ms
CO,TT_PINN,cuda,2,1,latency_wall_batch1_ms,1,200,1.1644,ms
CO,TT_PINN,cuda,2,1,latency_wall_batch1_ms,1,201,1.1433,ms
CO,TT_PINN,cuda,2,1,latency_wall_batch1_ms,1,202,1.2083,ms
CO,TT_PINN,cuda,2,1,latency_wall_batch1_ms,1,203,1.1599,ms
CO,TT_PINN,cuda,2,1,latency_wall_batch1_ms,1,204,1.1673,ms
CO,TT_PINN,cuda,2,1,latency_wall_batch1_ms,1,205,1.1411,ms
CO,TT_PINN,cuda,2,1,latency_wall_batch1_ms,1,206,1.186,ms
CO,TT_PINN,cuda,2,1,latency_wall_batch1_ms,1,207,1.1725,ms
CO,TT_PINN,cuda,2,1,latency_wall_batch1_ms,1,208,1.1552,ms
CO,TT_PINN,cuda,2,1,latency_wall_batch1_ms,1,209,1.1753,ms
CO,TT_PINN,cuda,2,1,latency_wall_batch1_ms,1,210,1.1488,ms
CO,TT_PINN,cuda,2,1,latency_wall_batch1_ms,1,211,1.361,ms
CO,TT_PINN,cuda,2,1,latency_wall_batch1_ms,1,212,1.3792,ms
CO,TT_PINN,cuda,2,1,latency_wall_batch1_ms,1,213,1.2418,ms
CO,TT_PINN,cuda,2,1,latency_wall_batch1_ms,1,214,1.2006,ms
CO,TT_PINN,cuda,2,1,latency_wall_batch1_ms,1,215,1.2185,ms
CO,TT_PINN,cuda,2,1,latency_wall_batch1_ms,1,216,1.2242,ms
CO,TT_PINN,cuda,2,1,latency_wall_batch1_ms,1,217,1.2038,ms
CO,TT_PINN,cuda,2,1,latency_wall_batch1_ms,1,218,1.1837,ms
CO,TT_PINN,cuda,2,1,latency_wall_batch1_ms,1,219,1.1719,ms
CO,TT_PINN,cuda,2,1,latency_wall_batch1_ms,1,220,1.1868,ms
CO,TT_PINN,cuda,2,1,latency_wall_batch1_ms,1,221,1.1607,ms
CO,TT_PINN,cuda,2,1,latency_wall_batch1_ms,1,222,1.1909,ms
CO,TT_PINN,cuda,2,1,latency_wall_batch1_ms,1,223,1.3791,ms
CO,TT_PINN,cuda,2,1,latency_wall_batch1_ms,1,224,1.3257,ms
CO,TT_PINN,cuda,2,1,latency_wall_batch1_ms,1,225,1.3918,ms
CO,TT_PINN,cuda,2,1,latency_wall_batch1_ms,1,226,1.3027,ms
CO,TT_PINN,cuda,2,1,latency_wall_batch1_ms,1,227,1.4253,ms
CO,TT_PINN,cuda,2,1,latency_wall_batch1_ms,1,228,1.2765,ms
CO,TT_PINN,cuda,2,1,latency_wall_batch1_ms,1,229,1.192,ms
CO,TT_PINN,cuda,2,1,latency_wall_batch1_ms,1,230,1.2351,ms
CO,TT_PINN,cuda,2,1,latency_wall_batch1_ms,1,231,1.3037,ms
CO,TT_PINN,cuda,2,1,latency_wall_batch1_ms,1,232,1.2484,ms
CO,TT_PINN,cuda,2,1,latency_wall_batch1_ms,1,233,1.1881,ms
CO,TT_PINN,cuda,2,1,latency_wall_batch1_ms,1,234,1.2343,ms
CO,TT_PINN,cuda,2,1,latency_wall_batch1_ms,1,235,1.237,ms
CO,TT_PINN,cuda,2,1,latency_wall_batch1_ms,1,236,1.3109,ms
CO,TT_PINN,cuda,2,1,latency_wall_batch1_ms,1,237,1.2662,ms
CO,TT_PINN,cuda,2,1,latency_wall_batch1_ms,1,238,1.1761,ms
CO,TT_PINN,cuda,2,1,latency_wall_batch1_ms,1,239,1.1964,ms
CO,TT_PINN,cuda,2,1,latency_wall_batch1_ms,1,240,1.148,ms
CO,TT_PINN,cuda,2,1,latency_wall_batch1_ms,1,241,1.214,ms
CO,TT_PINN,cuda,2,1,latency_wall_batch1_ms,1,242,1.1785,ms
CO,TT_PINN,cuda,2,1,latency_wall_batch1_ms,1,243,1.1926,ms
CO,TT_PINN,cuda,2,1,latency_wall_batch1_ms,1,244,1.1751,ms
CO,TT_PINN,cuda,2,1,latency_wall_batch1_ms,1,245,1.1817,ms
CO,TT_PINN,cuda,2,1,latency_wall_batch1_ms,1,246,1.1644,ms
CO,TT_PINN,cuda,2,1,latency_wall_batch1_ms,1,247,1.1564,ms
CO,TT_PINN,cuda,2,1,latency_wall_batch1_ms,1,248,1.2022,ms
CO,TT_PINN,cuda,2,1,latency_wall_batch1_ms,1,249,1.166,ms
CO,TT_PINN,cuda,2,1,latency_wall_batch1_ms,1,250,1.1773,ms
CO,TT_PINN,cuda,2,1,latency_wall_batch1_ms,1,251,1.1727,ms
CO,TT_PINN,cuda,2,1,latency_wall_batch1_ms,1,252,1.1583,ms
CO,TT_PINN,cuda,2,1,latency_wall_batch1_ms,1,253,1.1644,ms
CO,TT_PINN,cuda,2,1,latency_wall_batch1_ms,1,254,1.1563,ms
CO,TT_PINN,cuda,2,1,latency_wall_batch1_ms,1,255,1.4596,ms
CO,TT_PINN,cuda,2,1,latency_wall_batch1_ms,1,256,1.3552,ms
CO,TT_PINN,cuda,2,1,latency_wall_batch1_ms,1,257,1.1658,ms
CO,TT_PINN,cuda,2,1,latency_wall_batch1_ms,1,258,1.2585,ms
CO,TT_PINN,cuda,2,1,latency_wall_batch1_ms,1,259,1.1971,ms
CO,TT_PINN,cuda,2,1,latency_wall_batch1_ms,1,260,1.1987,ms
CO,TT_PINN,cuda,2,1,latency_wall_batch1_ms,1,261,1.1921,ms
CO,TT_PINN,cuda,2,1,latency_wall_batch1_ms,1,262,1.1757,ms
CO,TT_PINN,cuda,2,1,latency_wall_batch1_ms,1,263,1.3364,ms
CO,TT_PINN,cuda,2,1,latency_wall_batch1_ms,1,264,1.2443,ms
CO,TT_PINN,cuda,2,1,latency_wall_batch1_ms,1,265,1.1473,ms
CO,TT_PINN,cuda,2,1,latency_wall_batch1_ms,1,266,1.177,ms
CO,TT_PINN,cuda,2,1,latency_wall_batch1_ms,1,267,1.3835,ms
CO,TT_PINN,cuda,2,1,latency_wall_batch1_ms,1,268,1.2828,ms
CO,TT_PINN,cuda,2,1,latency_wall_batch1_ms,1,269,1.1983,ms
CO,TT_PINN,cuda,2,1,latency_wall_batch1_ms,1,270,1.1804,ms
CO,TT_PINN,cuda,2,1,latency_wall_batch1_ms,1,271,1.3911,ms
CO,TT_PINN,cuda,2,1,latency_wall_batch1_ms,1,272,1.2991,ms
CO,TT_PINN,cuda,2,1,latency_wall_batch1_ms,1,273,1.2869,ms
CO,TT_PINN,cuda,2,1,latency_wall_batch1_ms,1,274,1.2345,ms
CO,TT_PINN,cuda,2,1,latency_wall_batch1_ms,1,275,1.1901,ms
CO,TT_PINN,cuda,2,1,latency_wall_batch1_ms,1,276,1.1747,ms
CO,TT_PINN,cuda,2,1,latency_wall_batch1_ms,1,277,1.1651,ms
CO,TT_PINN,cuda,2,1,latency_wall_batch1_ms,1,278,1.1628,ms
CO,TT_PINN,cuda,2,1,latency_wall_batch1_ms,1,279,1.2163,ms
CO,TT_PINN,cuda,2,1,latency_wall_batch1_ms,1,280,1.7068,ms
CO,TT_PINN,cuda,2,1,latency_wall_batch1_ms,1,281,1.4593,ms
CO,TT_PINN,cuda,2,1,latency_wall_batch1_ms,1,282,1.221,ms
CO,TT_PINN,cuda,2,1,latency_wall_batch1_ms,1,283,1.9539,ms
CO,TT_PINN,cuda,2,1,latency_wall_batch1_ms,1,284,1.4183,ms
CO,TT_PINN,cuda,2,1,latency_wall_batch1_ms,1,285,1.2309,ms
CO,TT_PINN,cuda,2,1,latency_wall_batch1_ms,1,286,1.2725,ms
CO,TT_PINN,cuda,2,1,latency_wall_batch1_ms,1,287,1.9515,ms
CO,TT_PINN,cuda,2,1,latency_wall_batch1_ms,1,288,1.5073,ms
CO,TT_PINN,cuda,2,1,latency_wall_batch1_ms,1,289,1.2196,ms
CO,TT_PINN,cuda,2,1,latency_wall_batch1_ms,1,290,1.1469,ms
CO,TT_PINN,cuda,2,1,latency_wall_batch1_ms,1,291,1.571,ms
CO,TT_PINN,cuda,2,1,latency_wall_batch1_ms,1,292,1.5917,ms
CO,TT_PINN,cuda,2,1,latency_wall_batch1_ms,1,293,1.7039,ms
CO,TT_PINN,cuda,2,1,latency_wall_batch1_ms,1,294,1.3815,ms
CO,TT_PINN,cuda,2,1,latency_wall_batch1_ms,1,295,1.2423,ms
CO,TT_PINN,cuda,2,1,latency_wall_batch1_ms,1,296,1.3401,ms
CO,TT_PINN,cuda,2,1,latency_wall_batch1_ms,1,297,1.1731,ms
CO,TT_PINN,cuda,2,1,latency_wall_batch1_ms,1,298,1.2226,ms
CO,TT_PINN,cuda,2,1,latency_wall_batch1_ms,1,299,1.2073,ms
CO,TT_PINN,cuda,2,1,latency_wall_batch1_ms,1,300,1.1624,ms
CO,TT_PINN,cuda,2,1,latency_wall_batch1_ms,1,301,1.2237,ms
CO,TT_PINN,cuda,2,1,latency_wall_batch1_ms,1,302,1.3367,ms
CO,TT_PINN,cuda,2,1,latency_wall_batch1_ms,1,303,1.1778,ms
CO,TT_PINN,cuda,2,1,latency_wall_batch1_ms,1,304,1.1741,ms
CO,TT_PINN,cuda,2,1,latency_wall_batch1_ms,1,305,1.1609,ms
CO,TT_PINN,cuda,2,1,latency_wall_batch1_ms,1,306,1.2002,ms
CO,TT_PINN,cuda,2,1,latency_wall_batch1_ms,1,307,1.1931,ms
CO,TT_PINN,cuda,2,1,latency_wall_batch1_ms,1,308,1.17,ms
CO,TT_PINN,cuda,2,1,latency_wall_batch1_ms,1,309,1.1742,ms
CO,TT_PINN,cuda,2,1,latency_wall_batch1_ms,1,310,1.1672,ms
CO,TT_PINN,cuda,2,1,latency_wall_batch1_ms,1,311,1.2206,ms
CO,TT_PINN,cuda,2,1,latency_wall_batch1_ms,1,312,1.1961,ms
CO,TT_PINN,cuda,2,1,latency_wall_batch1_ms,1,313,1.17,ms
CO,TT_PINN,cuda,2,1,latency_wall_batch1_ms,1,314,1.2567,ms
CO,TT_PINN,cuda,2,1,latency_wall_batch1_ms,1,315,1.2544,ms
CO,TT_PINN,cuda,2,1,latency_wall_batch1_ms,1,316,1.6758,ms
CO,TT_PINN,cuda,2,1,latency_wall_batch1_ms,1,317,1.2876,ms
CO,TT_PINN,cuda,2,1,latency_wall_batch1_ms,1,318,1.19,ms
CO,TT_PINN,cuda,2,1,latency_wall_batch1_ms,1,319,1.176,ms
CO,TT_PINN,cuda,2,1,latency_wall_batch1_ms,1,320,1.1942,ms
CO,TT_PINN,cuda,2,1,latency_wall_batch1_ms,1,321,1.2151,ms
CO,TT_PINN,cuda,2,1,latency_wall_batch1_ms,1,322,1.1685,ms
CO,TT_PINN,cuda,2,1,latency_wall_batch1_ms,1,323,1.2034,ms
CO,TT_PINN,cuda,2,1,latency_wall_batch1_ms,1,324,1.1915,ms
CO,TT_PINN,cuda,2,1,latency_wall_batch1_ms,1,325,1.1859,ms
CO,TT_PINN,cuda,2,1,latency_wall_batch1_ms,1,326,1.1792,ms
CO,TT_PINN,cuda,2,1,latency_wall_batch1_ms,1,327,1.2026,ms
CO,TT_PINN,cuda,2,1,latency_wall_batch1_ms,1,328,1.1871,ms
CO,TT_PINN,cuda,2,1,latency_wall_batch1_ms,1,329,2.0385,ms
CO,TT_PINN,cuda,2,1,latency_wall_batch1_ms,1,330,1.7886,ms
CO,TT_PINN,cuda,2,1,latency_wall_batch1_ms,1,331,1.5085,ms
CO,TT_PINN,cuda,2,1,latency_wall_batch1_ms,1,332,1.4138,ms
CO,TT_PINN,cuda,2,1,latency_wall_batch1_ms,1,333,1.1802,ms
CO,TT_PINN,cuda,2,1,latency_wall_batch1_ms,1,334,1.2812,ms
CO,TT_PINN,cuda,2,1,latency_wall_batch1_ms,1,335,1.2184,ms
CO,TT_PINN,cuda,2,1,latency_wall_batch1_ms,1,336,1.1702,ms
CO,TT_PINN,cuda,2,1,latency_wall_batch1_ms,1,337,1.1756,ms
CO,TT_PINN,cuda,2,1,latency_wall_batch1_ms,1,338,1.1904,ms
CO,TT_PINN,cuda,2,1,latency_wall_batch1_ms,1,339,1.3167,ms
CO,TT_PINN,cuda,2,1,latency_wall_batch1_ms,1,340,1.3839,ms
CO,TT_PINN,cuda,2,1,latency_wall_batch1_ms,1,341,1.2156,ms
CO,TT_PINN,cuda,2,1,latency_wall_batch1_ms,1,342,1.2931,ms
CO,TT_PINN,cuda,2,1,latency_wall_batch1_ms,1,343,1.4408,ms
CO,TT_PINN,cuda,2,1,latency_wall_batch1_ms,1,344,1.2596,ms
CO,TT_PINN,cuda,2,1,latency_wall_batch1_ms,1,345,1.1816,ms
CO,TT_PINN,cuda,2,1,latency_wall_batch1_ms,1,346,1.2012,ms
CO,TT_PINN,cuda,2,1,latency_wall_batch1_ms,1,347,1.163,ms
CO,TT_PINN,cuda,2,1,latency_wall_batch1_ms,1,348,1.1713,ms
CO,TT_PINN,cuda,2,1,latency_wall_batch1_ms,1,349,1.1877,ms
CO,TT_PINN,cuda,2,1,latency_wall_batch1_ms,1,350,1.1592,ms
CO,TT_PINN,cuda,2,1,latency_wall_batch1_ms,1,351,1.5852,ms
CO,TT_PINN,cuda,2,1,latency_wall_batch1_ms,1,352,2.5807,ms
CO,TT_PINN,cuda,2,1,latency_wall_batch1_ms,1,353,2.4839,ms
CO,TT_PINN,cuda,2,1,latency_wall_batch1_ms,1,354,2.4752,ms
CO,TT_PINN,cuda,2,1,latency_wall_batch1_ms,1,355,2.4686,ms
CO,TT_PINN,cuda,2,1,latency_wall_batch1_ms,1,356,2.462,ms
CO,TT_PINN,cuda,2,1,latency_wall_batch1_ms,1,357,2.4679,ms
CO,TT_PINN,cuda,2,1,latency_wall_batch1_ms,1,358,1.2806,ms
CO,TT_PINN,cuda,2,1,latency_wall_batch1_ms,1,359,1.2411,ms
CO,TT_PINN,cuda,2,1,latency_wall_batch1_ms,1,360,1.2093,ms
CO,TT_PINN,cuda,2,1,latency_wall_batch1_ms,1,361,1.1758,ms
CO,TT_PINN,cuda,2,1,latency_wall_batch1_ms,1,362,1.2517,ms
CO,TT_PINN,cuda,2,1,latency_wall_batch1_ms,1,363,1.7148,ms
CO,TT_PINN,cuda,2,1,latency_wall_batch1_ms,1,364,1.201,ms
CO,TT_PINN,cuda,2,1,latency_wall_batch1_ms,1,365,1.258,ms
CO,TT_PINN,cuda,2,1,latency_wall_batch1_ms,1,366,1.1905,ms
CO,TT_PINN,cuda,2,1,latency_wall_batch1_ms,1,367,1.1341,ms
CO,TT_PINN,cuda,2,1,latency_wall_batch1_ms,1,368,1.1681,ms
CO,TT_PINN,cuda,2,1,latency_wall_batch1_ms,1,369,2.3784,ms
CO,TT_PINN,cuda,2,1,latency_wall_batch1_ms,1,370,5.8997,ms
CO,TT_PINN,cuda,2,1,latency_wall_batch1_ms,1,371,2.6312,ms
CO,TT_PINN,cuda,2,1,latency_wall_batch1_ms,1,372,2.4911,ms
CO,TT_PINN,cuda,2,1,latency_wall_batch1_ms,1,373,2.5,ms
CO,TT_PINN,cuda,2,1,latency_wall_batch1_ms,1,374,2.1262,ms
CO,TT_PINN,cuda,2,1,latency_wall_batch1_ms,1,375,1.9746,ms
CO,TT_PINN,cuda,2,1,latency_wall_batch1_ms,1,376,1.9787,ms
CO,TT_PINN,cuda,2,1,latency_wall_batch1_ms,1,377,1.9532,ms
CO,TT_PINN,cuda,2,1,latency_wall_batch1_ms,1,378,1.9442,ms
CO,TT_PINN,cuda,2,1,latency_wall_batch1_ms,1,379,1.4858,ms
CO,TT_PINN,cuda,2,1,latency_wall_batch1_ms,1,380,1.3609,ms
CO,TT_PINN,cuda,2,1,latency_wall_batch1_ms,1,381,1.2189,ms
CO,TT_PINN,cuda,2,1,latency_wall_batch1_ms,1,382,1.7673,ms
CO,TT_PINN,cuda,2,1,latency_wall_batch1_ms,1,383,3.882,ms
CO,TT_PINN,cuda,2,1,latency_wall_batch1_ms,1,384,2.5969,ms
CO,TT_PINN,cuda,2,1,latency_wall_batch1_ms,1,385,2.5428,ms
CO,TT_PINN,cuda,2,1,latency_wall_batch1_ms,1,386,2.5402,ms
CO,TT_PINN,cuda,2,1,latency_wall_batch1_ms,1,387,2.4979,ms
CO,TT_PINN,cuda,2,1,latency_wall_batch1_ms,1,388,2.7469,ms
CO,TT_PINN,cuda,2,1,latency_wall_batch1_ms,1,389,2.5868,ms
CO,TT_PINN,cuda,2,1,latency_wall_batch1_ms,1,390,2.49,ms
CO,TT_PINN,cuda,2,1,latency_wall_batch1_ms,1,391,2.4782,ms
CO,TT_PINN,cuda,2,1,latency_wall_batch1_ms,1,392,2.4985,ms
CO,TT_PINN,cuda,2,1,latency_wall_batch1_ms,1,393,2.6236,ms
CO,TT_PINN,cuda,2,1,latency_wall_batch1_ms,1,394,2.8146,ms
CO,TT_PINN,cuda,2,1,latency_wall_batch1_ms,1,395,2.4655,ms
CO,TT_PINN,cuda,2,1,latency_wall_batch1_ms,1,396,1.4084,ms
CO,TT_PINN,cuda,2,1,latency_wall_batch1_ms,1,397,1.2313,ms
CO,TT_PINN,cuda,2,1,latency_wall_batch1_ms,1,398,1.797,ms
CO,TT_PINN,cuda,2,1,latency_wall_batch1_ms,1,399,1.4997,ms
CO,TT_PINN,cuda,2,1,throughput_rows_s,1,0,825.4230293025174,rows/s
CO,TT_PINN,cuda,2,1,throughput_rows_s,1,1,831.3934153641502,rows/s
CO,TT_PINN,cuda,2,1,throughput_rows_s,1,2,856.7511994516792,rows/s
CO,TT_PINN,cuda,2,1,throughput_rows_s,1,3,871.8395815170009,rows/s
CO,TT_PINN,cuda,2,1,throughput_rows_s,1,4,866.7764583513913,rows/s
CO,TT_PINN,cuda,2,1,throughput_rows_s,1,5,827.6090374906895,rows/s
CO,TT_PINN,cuda,2,1,throughput_rows_s,1,6,875.1969193068439,rows/s
CO,TT_PINN,cuda,2,1,throughput_rows_s,1,7,658.3278472679394,rows/s
CO,TT_PINN,cuda,2,1,throughput_rows_s,1,8,558.5968048262764,rows/s
CO,TT_PINN,cuda,2,1,throughput_rows_s,1,9,426.9125683060109,rows/s
CO,TT_PINN,cuda,2,1,throughput_rows_s,1,10,397.2983710766786,rows/s
CO,TT_PINN,cuda,2,1,throughput_rows_s,1,11,366.4614482556435,rows/s
CO,TT_PINN,cuda,2,1,throughput_rows_s,1,12,392.44927593108594,rows/s
CO,TT_PINN,cuda,2,1,throughput_rows_s,1,13,402.12321055171304,rows/s
CO,TT_PINN,cuda,2,1,throughput_rows_s,1,14,391.23630672926447,rows/s
CO,TT_PINN,cuda,2,1,throughput_rows_s,1,15,400.4805766920304,rows/s
CO,TT_PINN,cuda,2,1,throughput_rows_s,1,16,405.2028040034036,rows/s
CO,TT_PINN,cuda,2,1,throughput_rows_s,1,17,405.87710041399464,rows/s
CO,TT_PINN,cuda,2,1,throughput_rows_s,1,18,407.4149521287431,rows/s
CO,TT_PINN,cuda,2,1,throughput_rows_s,1,19,408.0799836768007,rows/s
CO,TT_PINN,cuda,2,1,throughput_rows_s,1,20,377.2019161857342,rows/s
CO,TT_PINN,cuda,2,1,throughput_rows_s,1,21,402.5440785766042,rows/s
CO,TT_PINN,cuda,2,1,throughput_rows_s,1,22,405.8112166220274,rows/s
CO,TT_PINN,cuda,2,1,throughput_rows_s,1,23,386.39876352395675,rows/s
CO,TT_PINN,cuda,2,1,throughput_rows_s,16,0,5735.383733017888,rows/s
CO,TT_PINN,cuda,2,1,throughput_rows_s,16,1,5688.888888888889,rows/s
CO,TT_PINN,cuda,2,1,throughput_rows_s,16,2,5673.960069506011,rows/s
CO,TT_PINN,cuda,2,1,throughput_rows_s,16,3,7597.340930674265,rows/s
CO,TT_PINN,cuda,2,1,throughput_rows_s,16,4,11177.86782171301,rows/s
CO,TT_PINN,cuda,2,1,throughput_rows_s,16,5,11149.825783972125,rows/s
CO,TT_PINN,cuda,2,1,throughput_rows_s,16,6,11504.997483281799,rows/s
CO,TT_PINN,cuda,2,1,throughput_rows_s,16,7,11342.69105345243,rows/s
CO,TT_PINN,cuda,2,1,throughput_rows_s,16,8,11413.082245523932,rows/s
CO,TT_PINN,cuda,2,1,throughput_rows_s,16,9,11626.217119604707,rows/s
CO,TT_PINN,cuda,2,1,throughput_rows_s,16,10,10827.637544833187,rows/s
CO,TT_PINN,cuda,2,1,throughput_rows_s,16,11,11539.848539487917,rows/s
CO,TT_PINN,cuda,2,1,throughput_rows_s,16,12,11414.710708425484,rows/s
CO,TT_PINN,cuda,2,1,throughput_rows_s,16,13,7068.6989176054785,rows/s
CO,TT_PINN,cuda,2,1,throughput_rows_s,16,14,6936.917407327118,rows/s
CO,TT_PINN,cuda,2,1,throughput_rows_s,16,15,7551.800632463303,rows/s
CO,TT_PINN,cuda,2,1,throughput_rows_s,16,16,9907.734225029413,rows/s
CO,TT_PINN,cuda,2,1,throughput_rows_s,16,17,11298.637101899583,rows/s
CO,TT_PINN,cuda,2,1,throughput_rows_s,16,18,11784.63578110039,rows/s
CO,TT_PINN,cuda,2,1,throughput_rows_s,16,19,11595.0431190666,rows/s
CO,TT_PINN,cuda,2,1,throughput_rows_s,16,20,10406.50406504065,rows/s
CO,TT_PINN,cuda,2,1,throughput_rows_s,16,21,10781.671159029649,rows/s
CO,TT_PINN,cuda,2,1,throughput_rows_s,16,22,11985.01872659176,rows/s
CO,TT_PINN,cuda,2,1,throughput_rows_s,16,23,7158.516397476622,rows/s
CO,TT_PINN,cuda,2,1,throughput_rows_s,64,0,44058.928817293134,rows/s
CO,TT_PINN,cuda,2,1,throughput_rows_s,64,1,45274.47651386531,rows/s
CO,TT_PINN,cuda,2,1,throughput_rows_s,64,2,44959.60660344222,rows/s
CO,TT_PINN,cuda,2,1,throughput_rows_s,64,3,40483.26902397369,rows/s
CO,TT_PINN,cuda,2,1,throughput_rows_s,64,4,43781.63907511287,rows/s
CO,TT_PINN,cuda,2,1,throughput_rows_s,64,5,41756.377634240234,rows/s
CO,TT_PINN,cuda,2,1,throughput_rows_s,64,6,40876.285367567216,rows/s
CO,TT_PINN,cuda,2,1,throughput_rows_s,64,7,40580.81288440809,rows/s
CO,TT_PINN,cuda,2,1,throughput_rows_s,64,8,43257.85738425143,rows/s
CO,TT_PINN,cuda,2,1,throughput_rows_s,64,9,42592.83907892986,rows/s
CO,TT_PINN,cuda,2,1,throughput_rows_s,64,10,43416.32182348552,rows/s
CO,TT_PINN,cuda,2,1,throughput_rows_s,64,11,41997.50639805761,rows/s
CO,TT_PINN,cuda,2,1,throughput_rows_s,64,12,43587.82265204659,rows/s
CO,TT_PINN,cuda,2,1,throughput_rows_s,64,13,42119.11813096413,rows/s
CO,TT_PINN,cuda,2,1,throughput_rows_s,64,14,38747.9566507235,rows/s
CO,TT_PINN,cuda,2,1,throughput_rows_s,64,15,41375.74347039049,rows/s
CO,TT_PINN,cuda,2,1,throughput_rows_s,64,16,41609.77829790001,rows/s
CO,TT_PINN,cuda,2,1,throughput_rows_s,64,17,23058.077532785705,rows/s
CO,TT_PINN,cuda,2,1,throughput_rows_s,64,18,20865.936358894105,rows/s
CO,TT_PINN,cuda,2,1,throughput_rows_s,64,19,21080.368906455864,rows/s
CO,TT_PINN,cuda,2,1,throughput_rows_s,64,20,21152.829190904285,rows/s
CO,TT_PINN,cuda,2,1,throughput_rows_s,64,21,20834.011523812624,rows/s
CO,TT_PINN,cuda,2,1,throughput_rows_s,64,22,21052.631578947367,rows/s
CO,TT_PINN,cuda,2,1,throughput_rows_s,64,23,20976.728941330708,rows/s
CO,TT_PINN,cuda,2,1,throughput_rows_s,256,0,178783.43459738808,rows/s
CO,TT_PINN,cuda,2,1,throughput_rows_s,256,1,184345.07092964643,rows/s
CO,TT_PINN,cuda,2,1,throughput_rows_s,256,2,172704.58071915267,rows/s
CO,TT_PINN,cuda,2,1,throughput_rows_s,256,3,178384.78154832413,rows/s
CO,TT_PINN,cuda,2,1,throughput_rows_s,256,4,181740.7354820389,rows/s
CO,TT_PINN,cuda,2,1,throughput_rows_s,256,5,163296.5490846463,rows/s
CO,TT_PINN,cuda,2,1,throughput_rows_s,256,6,182401.14000712504,rows/s
CO,TT_PINN,cuda,2,1,throughput_rows_s,256,7,179435.05992850632,rows/s
CO,TT_PINN,cuda,2,1,throughput_rows_s,256,8,181534.53410863708,rows/s
CO,TT_PINN,cuda,2,1,throughput_rows_s,256,9,190306.27415997622,rows/s
CO,TT_PINN,cuda,2,1,throughput_rows_s,256,10,186412.29156047475,rows/s
CO,TT_PINN,cuda,2,1,throughput_rows_s,256,11,180066.11802771332,rows/s
CO,TT_PINN,cuda,2,1,throughput_rows_s,256,12,179296.8202829528,rows/s
CO,TT_PINN,cuda,2,1,throughput_rows_s,256,13,128772.63581488932,rows/s
CO,TT_PINN,cuda,2,1,throughput_rows_s,256,14,113939.82552964217,rows/s
CO,TT_PINN,cuda,2,1,throughput_rows_s,256,15,121332.76458599934,rows/s
CO,TT_PINN,cuda,2,1,throughput_rows_s,256,16,118832.10323538969,rows/s
CO,TT_PINN,cuda,2,1,throughput_rows_s,256,17,119575.87930309684,rows/s
CO,TT_PINN,cuda,2,1,throughput_rows_s,256,18,120965.83660161604,rows/s
CO,TT_PINN,cuda,2,1,throughput_rows_s,256,19,143901.06801573918,rows/s
CO,TT_PINN,cuda,2,1,throughput_rows_s,256,20,176005.50017188038,rows/s
CO,TT_PINN,cuda,2,1,throughput_rows_s,256,21,146679.6539276915,rows/s
CO,TT_PINN,cuda,2,1,throughput_rows_s,256,22,171547.2760168867,rows/s
CO,TT_PINN,cuda,2,1,throughput_rows_s,256,23,180739.90398192598,rows/s
CO,TT_PINN,cuda,2,1,throughput_rows_s,1024,0,412304.7189563537,rows/s
CO,TT_PINN,cuda,2,1,throughput_rows_s,1024,1,690725.1264755481,rows/s
CO,TT_PINN,cuda,2,1,throughput_rows_s,1024,2,741813.9669660967,rows/s
CO,TT_PINN,cuda,2,1,throughput_rows_s,1024,3,621396.9294253292,rows/s
CO,TT_PINN,cuda,2,1,throughput_rows_s,1024,4,707524.3556968147,rows/s
CO,TT_PINN,cuda,2,1,throughput_rows_s,1024,5,700889.8015058179,rows/s
CO,TT_PINN,cuda,2,1,throughput_rows_s,1024,6,747336.1553057948,rows/s
CO,TT_PINN,cuda,2,1,throughput_rows_s,1024,7,638961.6872582054,rows/s
CO,TT_PINN,cuda,2,1,throughput_rows_s,1024,8,600903.7028343407,rows/s
CO,TT_PINN,cuda,2,1,throughput_rows_s,1024,9,679856.5927499668,rows/s
CO,TT_PINN,cuda,2,1,throughput_rows_s,1024,10,715983.7784925186,rows/s
CO,TT_PINN,cuda,2,1,throughput_rows_s,1024,11,412387.7411300391,rows/s
CO,TT_PINN,cuda,2,1,throughput_rows_s,1024,12,334334.59579469764,rows/s
CO,TT_PINN,cuda,2,1,throughput_rows_s,1024,13,402832.4154209284,rows/s
CO,TT_PINN,cuda,2,1,throughput_rows_s,1024,14,649663.7482552975,rows/s
CO,TT_PINN,cuda,2,1,throughput_rows_s,1024,15,730020.6744136309,rows/s
CO,TT_PINN,cuda,2,1,throughput_rows_s,1024,16,747772.7471885497,rows/s
CO,TT_PINN,cuda,2,1,throughput_rows_s,1024,17,761961.4554654363,rows/s
CO,TT_PINN,cuda,2,1,throughput_rows_s,1024,18,499585.3051666097,rows/s
CO,TT_PINN,cuda,2,1,throughput_rows_s,1024,19,467387.83148477797,rows/s
CO,TT_PINN,cuda,2,1,throughput_rows_s,1024,20,710272.5948532982,rows/s
CO,TT_PINN,cuda,2,1,throughput_rows_s,1024,21,739777.4888021961,rows/s
CO,TT_PINN,cuda,2,1,throughput_rows_s,1024,22,726962.9419281556,rows/s
CO,TT_PINN,cuda,2,1,throughput_rows_s,1024,23,723265.9980223195,rows/s
CO,TT_PINN,cuda,2,1,throughput_rows_s,4096,0,1208972.8453364817,rows/s
CO,TT_PINN,cuda,2,1,throughput_rows_s,4096,1,786286.0653062791,rows/s
CO,TT_PINN,cuda,2,1,throughput_rows_s,4096,2,1645442.4938737797,rows/s
CO,TT_PINN,cuda,2,1,throughput_rows_s,4096,3,906014.2891902054,rows/s
CO,TT_PINN,cuda,2,1,throughput_rows_s,4096,4,1513393.6818769628,rows/s
CO,TT_PINN,cuda,2,1,throughput_rows_s,4096,5,2080877.8703515546,rows/s
CO,TT_PINN,cuda,2,1,throughput_rows_s,4096,6,2936200.7168458784,rows/s
CO,TT_PINN,cuda,2,1,throughput_rows_s,4096,7,3213305.091394054,rows/s
CO,TT_PINN,cuda,2,1,throughput_rows_s,4096,8,3262185.4093660405,rows/s
CO,TT_PINN,cuda,2,1,throughput_rows_s,4096,9,3183089.8352502338,rows/s
CO,TT_PINN,cuda,2,1,throughput_rows_s,4096,10,3278898.4950368237,rows/s
CO,TT_PINN,cuda,2,1,throughput_rows_s,4096,11,3163422.922459067,rows/s
CO,TT_PINN,cuda,2,1,throughput_rows_s,4096,12,3248730.9644670053,rows/s
CO,TT_PINN,cuda,2,1,throughput_rows_s,4096,13,3197252.3612520494,rows/s
CO,TT_PINN,cuda,2,1,throughput_rows_s,4096,14,3218354.6790288365,rows/s
CO,TT_PINN,cuda,2,1,throughput_rows_s,4096,15,3254668.2558601513,rows/s
CO,TT_PINN,cuda,2,1,throughput_rows_s,4096,16,3226975.498306153,rows/s
CO,TT_PINN,cuda,2,1,throughput_rows_s,4096,17,2799535.233408516,rows/s
CO,TT_PINN,cuda,2,1,throughput_rows_s,4096,18,2538895.431723796,rows/s
CO,TT_PINN,cuda,2,1,throughput_rows_s,4096,19,2772438.0668742387,rows/s
CO,TT_PINN,cuda,2,1,throughput_rows_s,4096,20,2233491.466274061,rows/s
CO,TT_PINN,cuda,2,1,throughput_rows_s,4096,21,2711505.362107772,rows/s
CO,TT_PINN,cuda,2,1,throughput_rows_s,4096,22,3106796.1165048545,rows/s
CO,TT_PINN,cuda,2,1,throughput_rows_s,4096,23,3249761.9803237068,rows/s
CO,DENSE_PINN,cuda,2,2,latency_wall_batch1_ms,1,0,0.2187,ms
CO,DENSE_PINN,cuda,2,2,latency_wall_batch1_ms,1,1,0.19,ms
CO,DENSE_PINN,cuda,2,2,latency_wall_batch1_ms,1,2,0.1886,ms
CO,DENSE_PINN,cuda,2,2,latency_wall_batch1_ms,1,3,0.1979,ms
CO,DENSE_PINN,cuda,2,2,latency_wall_batch1_ms,1,4,0.1874,ms
CO,DENSE_PINN,cuda,2,2,latency_wall_batch1_ms,1,5,0.1983,ms
CO,DENSE_PINN,cuda,2,2,latency_wall_batch1_ms,1,6,0.2041,ms
CO,DENSE_PINN,cuda,2,2,latency_wall_batch1_ms,1,7,0.1672,ms
CO,DENSE_PINN,cuda,2,2,latency_wall_batch1_ms,1,8,0.182,ms
CO,DENSE_PINN,cuda,2,2,latency_wall_batch1_ms,1,9,0.1953,ms
CO,DENSE_PINN,cuda,2,2,latency_wall_batch1_ms,1,10,0.1802,ms
CO,DENSE_PINN,cuda,2,2,latency_wall_batch1_ms,1,11,0.2651,ms
CO,DENSE_PINN,cuda,2,2,latency_wall_batch1_ms,1,12,0.189,ms
CO,DENSE_PINN,cuda,2,2,latency_wall_batch1_ms,1,13,0.2999,ms
CO,DENSE_PINN,cuda,2,2,latency_wall_batch1_ms,1,14,0.208,ms
CO,DENSE_PINN,cuda,2,2,latency_wall_batch1_ms,1,15,0.1895,ms
CO,DENSE_PINN,cuda,2,2,latency_wall_batch1_ms,1,16,0.1823,ms
CO,DENSE_PINN,cuda,2,2,latency_wall_batch1_ms,1,17,0.1773,ms
CO,DENSE_PINN,cuda,2,2,latency_wall_batch1_ms,1,18,0.1778,ms
CO,DENSE_PINN,cuda,2,2,latency_wall_batch1_ms,1,19,0.1718,ms
CO,DENSE_PINN,cuda,2,2,latency_wall_batch1_ms,1,20,0.1761,ms
CO,DENSE_PINN,cuda,2,2,latency_wall_batch1_ms,1,21,0.2689,ms
CO,DENSE_PINN,cuda,2,2,latency_wall_batch1_ms,1,22,0.2312,ms
CO,DENSE_PINN,cuda,2,2,latency_wall_batch1_ms,1,23,0.1959,ms
CO,DENSE_PINN,cuda,2,2,latency_wall_batch1_ms,1,24,0.1905,ms
CO,DENSE_PINN,cuda,2,2,latency_wall_batch1_ms,1,25,0.1997,ms
CO,DENSE_PINN,cuda,2,2,latency_wall_batch1_ms,1,26,0.1918,ms
CO,DENSE_PINN,cuda,2,2,latency_wall_batch1_ms,1,27,0.1852,ms
CO,DENSE_PINN,cuda,2,2,latency_wall_batch1_ms,1,28,0.1972,ms
CO,DENSE_PINN,cuda,2,2,latency_wall_batch1_ms,1,29,0.1866,ms
CO,DENSE_PINN,cuda,2,2,latency_wall_batch1_ms,1,30,0.1806,ms
CO,DENSE_PINN,cuda,2,2,latency_wall_batch1_ms,1,31,0.1771,ms
CO,DENSE_PINN,cuda,2,2,latency_wall_batch1_ms,1,32,0.1836,ms
CO,DENSE_PINN,cuda,2,2,latency_wall_batch1_ms,1,33,0.174,ms
CO,DENSE_PINN,cuda,2,2,latency_wall_batch1_ms,1,34,0.1485,ms
CO,DENSE_PINN,cuda,2,2,latency_wall_batch1_ms,1,35,0.1489,ms
CO,DENSE_PINN,cuda,2,2,latency_wall_batch1_ms,1,36,0.1804,ms
CO,DENSE_PINN,cuda,2,2,latency_wall_batch1_ms,1,37,0.1836,ms
CO,DENSE_PINN,cuda,2,2,latency_wall_batch1_ms,1,38,0.1744,ms
CO,DENSE_PINN,cuda,2,2,latency_wall_batch1_ms,1,39,0.1778,ms
CO,DENSE_PINN,cuda,2,2,latency_wall_batch1_ms,1,40,0.1807,ms
CO,DENSE_PINN,cuda,2,2,latency_wall_batch1_ms,1,41,0.1821,ms
CO,DENSE_PINN,cuda,2,2,latency_wall_batch1_ms,1,42,0.1814,ms
CO,DENSE_PINN,cuda,2,2,latency_wall_batch1_ms,1,43,0.1834,ms
CO,DENSE_PINN,cuda,2,2,latency_wall_batch1_ms,1,44,0.1827,ms
CO,DENSE_PINN,cuda,2,2,latency_wall_batch1_ms,1,45,0.1822,ms
CO,DENSE_PINN,cuda,2,2,latency_wall_batch1_ms,1,46,0.1815,ms
CO,DENSE_PINN,cuda,2,2,latency_wall_batch1_ms,1,47,0.3784,ms
CO,DENSE_PINN,cuda,2,2,latency_wall_batch1_ms,1,48,0.184,ms
CO,DENSE_PINN,cuda,2,2,latency_wall_batch1_ms,1,49,0.1928,ms
CO,DENSE_PINN,cuda,2,2,latency_wall_batch1_ms,1,50,0.1892,ms
CO,DENSE_PINN,cuda,2,2,latency_wall_batch1_ms,1,51,0.1932,ms
CO,DENSE_PINN,cuda,2,2,latency_wall_batch1_ms,1,52,0.2152,ms
CO,DENSE_PINN,cuda,2,2,latency_wall_batch1_ms,1,53,0.2017,ms
CO,DENSE_PINN,cuda,2,2,latency_wall_batch1_ms,1,54,0.2149,ms
CO,DENSE_PINN,cuda,2,2,latency_wall_batch1_ms,1,55,0.1923,ms
CO,DENSE_PINN,cuda,2,2,latency_wall_batch1_ms,1,56,0.2253,ms
CO,DENSE_PINN,cuda,2,2,latency_wall_batch1_ms,1,57,0.5412,ms
CO,DENSE_PINN,cuda,2,2,latency_wall_batch1_ms,1,58,0.5483,ms
CO,DENSE_PINN,cuda,2,2,latency_wall_batch1_ms,1,59,0.4384,ms
CO,DENSE_PINN,cuda,2,2,latency_wall_batch1_ms,1,60,0.397,ms
CO,DENSE_PINN,cuda,2,2,latency_wall_batch1_ms,1,61,0.1963,ms
CO,DENSE_PINN,cuda,2,2,latency_wall_batch1_ms,1,62,0.191,ms
CO,DENSE_PINN,cuda,2,2,latency_wall_batch1_ms,1,63,0.188,ms
CO,DENSE_PINN,cuda,2,2,latency_wall_batch1_ms,1,64,0.1856,ms
CO,DENSE_PINN,cuda,2,2,latency_wall_batch1_ms,1,65,0.2253,ms
CO,DENSE_PINN,cuda,2,2,latency_wall_batch1_ms,1,66,0.2002,ms
CO,DENSE_PINN,cuda,2,2,latency_wall_batch1_ms,1,67,0.1864,ms
CO,DENSE_PINN,cuda,2,2,latency_wall_batch1_ms,1,68,0.1836,ms
CO,DENSE_PINN,cuda,2,2,latency_wall_batch1_ms,1,69,0.1831,ms
CO,DENSE_PINN,cuda,2,2,latency_wall_batch1_ms,1,70,0.1708,ms
CO,DENSE_PINN,cuda,2,2,latency_wall_batch1_ms,1,71,0.1894,ms
CO,DENSE_PINN,cuda,2,2,latency_wall_batch1_ms,1,72,0.1762,ms
CO,DENSE_PINN,cuda,2,2,latency_wall_batch1_ms,1,73,0.1838,ms
CO,DENSE_PINN,cuda,2,2,latency_wall_batch1_ms,1,74,0.185,ms
CO,DENSE_PINN,cuda,2,2,latency_wall_batch1_ms,1,75,0.1876,ms
CO,DENSE_PINN,cuda,2,2,latency_wall_batch1_ms,1,76,0.1836,ms
CO,DENSE_PINN,cuda,2,2,latency_wall_batch1_ms,1,77,0.1837,ms
CO,DENSE_PINN,cuda,2,2,latency_wall_batch1_ms,1,78,0.1851,ms
CO,DENSE_PINN,cuda,2,2,latency_wall_batch1_ms,1,79,0.1829,ms
CO,DENSE_PINN,cuda,2,2,latency_wall_batch1_ms,1,80,0.1896,ms
CO,DENSE_PINN,cuda,2,2,latency_wall_batch1_ms,1,81,0.1889,ms
CO,DENSE_PINN,cuda,2,2,latency_wall_batch1_ms,1,82,0.182,ms
CO,DENSE_PINN,cuda,2,2,latency_wall_batch1_ms,1,83,0.1966,ms
CO,DENSE_PINN,cuda,2,2,latency_wall_batch1_ms,1,84,0.1861,ms
CO,DENSE_PINN,cuda,2,2,latency_wall_batch1_ms,1,85,0.1659,ms
CO,DENSE_PINN,cuda,2,2,latency_wall_batch1_ms,1,86,0.1879,ms
CO,DENSE_PINN,cuda,2,2,latency_wall_batch1_ms,1,87,0.1852,ms
CO,DENSE_PINN,cuda,2,2,latency_wall_batch1_ms,1,88,0.1854,ms
CO,DENSE_PINN,cuda,2,2,latency_wall_batch1_ms,1,89,0.1817,ms
CO,DENSE_PINN,cuda,2,2,latency_wall_batch1_ms,1,90,0.1828,ms
CO,DENSE_PINN,cuda,2,2,latency_wall_batch1_ms,1,91,0.1916,ms
CO,DENSE_PINN,cuda,2,2,latency_wall_batch1_ms,1,92,0.1854,ms
CO,DENSE_PINN,cuda,2,2,latency_wall_batch1_ms,1,93,0.1857,ms
CO,DENSE_PINN,cuda,2,2,latency_wall_batch1_ms,1,94,0.207,ms
CO,DENSE_PINN,cuda,2,2,latency_wall_batch1_ms,1,95,0.1852,ms
CO,DENSE_PINN,cuda,2,2,latency_wall_batch1_ms,1,96,0.2092,ms
CO,DENSE_PINN,cuda,2,2,latency_wall_batch1_ms,1,97,0.1785,ms
CO,DENSE_PINN,cuda,2,2,latency_wall_batch1_ms,1,98,0.1842,ms
CO,DENSE_PINN,cuda,2,2,latency_wall_batch1_ms,1,99,0.1837,ms
CO,DENSE_PINN,cuda,2,2,latency_wall_batch1_ms,1,100,0.1837,ms
CO,DENSE_PINN,cuda,2,2,latency_wall_batch1_ms,1,101,0.2011,ms
CO,DENSE_PINN,cuda,2,2,latency_wall_batch1_ms,1,102,0.1595,ms
CO,DENSE_PINN,cuda,2,2,latency_wall_batch1_ms,1,103,0.1972,ms
CO,DENSE_PINN,cuda,2,2,latency_wall_batch1_ms,1,104,0.1841,ms
CO,DENSE_PINN,cuda,2,2,latency_wall_batch1_ms,1,105,0.1794,ms
CO,DENSE_PINN,cuda,2,2,latency_wall_batch1_ms,1,106,0.1671,ms
CO,DENSE_PINN,cuda,2,2,latency_wall_batch1_ms,1,107,0.1881,ms
CO,DENSE_PINN,cuda,2,2,latency_wall_batch1_ms,1,108,0.1861,ms
CO,DENSE_PINN,cuda,2,2,latency_wall_batch1_ms,1,109,0.1843,ms
CO,DENSE_PINN,cuda,2,2,latency_wall_batch1_ms,1,110,0.1863,ms
CO,DENSE_PINN,cuda,2,2,latency_wall_batch1_ms,1,111,0.1844,ms
CO,DENSE_PINN,cuda,2,2,latency_wall_batch1_ms,1,112,0.1886,ms
CO,DENSE_PINN,cuda,2,2,latency_wall_batch1_ms,1,113,0.1836,ms
CO,DENSE_PINN,cuda,2,2,latency_wall_batch1_ms,1,114,0.1843,ms
CO,DENSE_PINN,cuda,2,2,latency_wall_batch1_ms,1,115,0.1839,ms
CO,DENSE_PINN,cuda,2,2,latency_wall_batch1_ms,1,116,0.1839,ms
CO,DENSE_PINN,cuda,2,2,latency_wall_batch1_ms,1,117,0.1882,ms
CO,DENSE_PINN,cuda,2,2,latency_wall_batch1_ms,1,118,0.1789,ms
CO,DENSE_PINN,cuda,2,2,latency_wall_batch1_ms,1,119,0.1831,ms
CO,DENSE_PINN,cuda,2,2,latency_wall_batch1_ms,1,120,0.1848,ms
CO,DENSE_PINN,cuda,2,2,latency_wall_batch1_ms,1,121,0.1849,ms
CO,DENSE_PINN,cuda,2,2,latency_wall_batch1_ms,1,122,0.2833,ms
CO,DENSE_PINN,cuda,2,2,latency_wall_batch1_ms,1,123,0.2895,ms
CO,DENSE_PINN,cuda,2,2,latency_wall_batch1_ms,1,124,0.2055,ms
CO,DENSE_PINN,cuda,2,2,latency_wall_batch1_ms,1,125,0.1869,ms
CO,DENSE_PINN,cuda,2,2,latency_wall_batch1_ms,1,126,0.189,ms
CO,DENSE_PINN,cuda,2,2,latency_wall_batch1_ms,1,127,0.1891,ms
CO,DENSE_PINN,cuda,2,2,latency_wall_batch1_ms,1,128,0.1849,ms
CO,DENSE_PINN,cuda,2,2,latency_wall_batch1_ms,1,129,0.1742,ms
CO,DENSE_PINN,cuda,2,2,latency_wall_batch1_ms,1,130,0.1862,ms
CO,DENSE_PINN,cuda,2,2,latency_wall_batch1_ms,1,131,0.1848,ms
CO,DENSE_PINN,cuda,2,2,latency_wall_batch1_ms,1,132,0.1797,ms
CO,DENSE_PINN,cuda,2,2,latency_wall_batch1_ms,1,133,0.1856,ms
CO,DENSE_PINN,cuda,2,2,latency_wall_batch1_ms,1,134,0.1856,ms
CO,DENSE_PINN,cuda,2,2,latency_wall_batch1_ms,1,135,0.1894,ms
CO,DENSE_PINN,cuda,2,2,latency_wall_batch1_ms,1,136,0.1849,ms
CO,DENSE_PINN,cuda,2,2,latency_wall_batch1_ms,1,137,0.1837,ms
CO,DENSE_PINN,cuda,2,2,latency_wall_batch1_ms,1,138,0.1858,ms
CO,DENSE_PINN,cuda,2,2,latency_wall_batch1_ms,1,139,0.1841,ms
CO,DENSE_PINN,cuda,2,2,latency_wall_batch1_ms,1,140,0.1847,ms
CO,DENSE_PINN,cuda,2,2,latency_wall_batch1_ms,1,141,0.1851,ms
CO,DENSE_PINN,cuda,2,2,latency_wall_batch1_ms,1,142,0.1834,ms
CO,DENSE_PINN,cuda,2,2,latency_wall_batch1_ms,1,143,0.1843,ms
CO,DENSE_PINN,cuda,2,2,latency_wall_batch1_ms,1,144,0.1836,ms
CO,DENSE_PINN,cuda,2,2,latency_wall_batch1_ms,1,145,0.189,ms
CO,DENSE_PINN,cuda,2,2,latency_wall_batch1_ms,1,146,0.183,ms
CO,DENSE_PINN,cuda,2,2,latency_wall_batch1_ms,1,147,0.185,ms
CO,DENSE_PINN,cuda,2,2,latency_wall_batch1_ms,1,148,0.1834,ms
CO,DENSE_PINN,cuda,2,2,latency_wall_batch1_ms,1,149,0.183,ms
CO,DENSE_PINN,cuda,2,2,latency_wall_batch1_ms,1,150,0.1842,ms
CO,DENSE_PINN,cuda,2,2,latency_wall_batch1_ms,1,151,0.1837,ms
CO,DENSE_PINN,cuda,2,2,latency_wall_batch1_ms,1,152,0.1833,ms
CO,DENSE_PINN,cuda,2,2,latency_wall_batch1_ms,1,153,0.1814,ms
CO,DENSE_PINN,cuda,2,2,latency_wall_batch1_ms,1,154,0.1843,ms
CO,DENSE_PINN,cuda,2,2,latency_wall_batch1_ms,1,155,0.1855,ms
CO,DENSE_PINN,cuda,2,2,latency_wall_batch1_ms,1,156,0.1842,ms
CO,DENSE_PINN,cuda,2,2,latency_wall_batch1_ms,1,157,0.18,ms
CO,DENSE_PINN,cuda,2,2,latency_wall_batch1_ms,1,158,0.2782,ms
CO,DENSE_PINN,cuda,2,2,latency_wall_batch1_ms,1,159,0.1907,ms
CO,DENSE_PINN,cuda,2,2,latency_wall_batch1_ms,1,160,0.1548,ms
CO,DENSE_PINN,cuda,2,2,latency_wall_batch1_ms,1,161,0.1744,ms
CO,DENSE_PINN,cuda,2,2,latency_wall_batch1_ms,1,162,0.1855,ms
CO,DENSE_PINN,cuda,2,2,latency_wall_batch1_ms,1,163,0.1886,ms
CO,DENSE_PINN,cuda,2,2,latency_wall_batch1_ms,1,164,0.1812,ms
CO,DENSE_PINN,cuda,2,2,latency_wall_batch1_ms,1,165,0.1885,ms
CO,DENSE_PINN,cuda,2,2,latency_wall_batch1_ms,1,166,0.1862,ms
CO,DENSE_PINN,cuda,2,2,latency_wall_batch1_ms,1,167,0.1901,ms
CO,DENSE_PINN,cuda,2,2,latency_wall_batch1_ms,1,168,0.1874,ms
CO,DENSE_PINN,cuda,2,2,latency_wall_batch1_ms,1,169,0.1861,ms
CO,DENSE_PINN,cuda,2,2,latency_wall_batch1_ms,1,170,0.1865,ms
CO,DENSE_PINN,cuda,2,2,latency_wall_batch1_ms,1,171,0.1854,ms
CO,DENSE_PINN,cuda,2,2,latency_wall_batch1_ms,1,172,0.1848,ms
CO,DENSE_PINN,cuda,2,2,latency_wall_batch1_ms,1,173,0.1816,ms
CO,DENSE_PINN,cuda,2,2,latency_wall_batch1_ms,1,174,0.1827,ms
CO,DENSE_PINN,cuda,2,2,latency_wall_batch1_ms,1,175,0.1983,ms
CO,DENSE_PINN,cuda,2,2,latency_wall_batch1_ms,1,176,0.186,ms
CO,DENSE_PINN,cuda,2,2,latency_wall_batch1_ms,1,177,0.1868,ms
CO,DENSE_PINN,cuda,2,2,latency_wall_batch1_ms,1,178,0.1663,ms
CO,DENSE_PINN,cuda,2,2,latency_wall_batch1_ms,1,179,0.1818,ms
CO,DENSE_PINN,cuda,2,2,latency_wall_batch1_ms,1,180,0.1846,ms
CO,DENSE_PINN,cuda,2,2,latency_wall_batch1_ms,1,181,0.1807,ms
CO,DENSE_PINN,cuda,2,2,latency_wall_batch1_ms,1,182,0.1736,ms
CO,DENSE_PINN,cuda,2,2,latency_wall_batch1_ms,1,183,0.1671,ms
CO,DENSE_PINN,cuda,2,2,latency_wall_batch1_ms,1,184,0.1775,ms
CO,DENSE_PINN,cuda,2,2,latency_wall_batch1_ms,1,185,0.1813,ms
CO,DENSE_PINN,cuda,2,2,latency_wall_batch1_ms,1,186,0.1882,ms
CO,DENSE_PINN,cuda,2,2,latency_wall_batch1_ms,1,187,0.1864,ms
CO,DENSE_PINN,cuda,2,2,latency_wall_batch1_ms,1,188,0.1845,ms
CO,DENSE_PINN,cuda,2,2,latency_wall_batch1_ms,1,189,0.1859,ms
CO,DENSE_PINN,cuda,2,2,latency_wall_batch1_ms,1,190,0.1857,ms
CO,DENSE_PINN,cuda,2,2,latency_wall_batch1_ms,1,191,0.1844,ms
CO,DENSE_PINN,cuda,2,2,latency_wall_batch1_ms,1,192,0.1837,ms
CO,DENSE_PINN,cuda,2,2,latency_wall_batch1_ms,1,193,0.1857,ms
CO,DENSE_PINN,cuda,2,2,latency_wall_batch1_ms,1,194,0.183,ms
CO,DENSE_PINN,cuda,2,2,latency_wall_batch1_ms,1,195,0.1764,ms
CO,DENSE_PINN,cuda,2,2,latency_wall_batch1_ms,1,196,0.1839,ms
CO,DENSE_PINN,cuda,2,2,latency_wall_batch1_ms,1,197,0.1853,ms
CO,DENSE_PINN,cuda,2,2,latency_wall_batch1_ms,1,198,0.1763,ms
CO,DENSE_PINN,cuda,2,2,latency_wall_batch1_ms,1,199,0.1893,ms
CO,DENSE_PINN,cuda,2,2,latency_wall_batch1_ms,1,200,0.1838,ms
CO,DENSE_PINN,cuda,2,2,latency_wall_batch1_ms,1,201,0.181,ms
CO,DENSE_PINN,cuda,2,2,latency_wall_batch1_ms,1,202,0.1858,ms
CO,DENSE_PINN,cuda,2,2,latency_wall_batch1_ms,1,203,0.2892,ms
CO,DENSE_PINN,cuda,2,2,latency_wall_batch1_ms,1,204,0.2151,ms
CO,DENSE_PINN,cuda,2,2,latency_wall_batch1_ms,1,205,0.1887,ms
CO,DENSE_PINN,cuda,2,2,latency_wall_batch1_ms,1,206,0.1873,ms
CO,DENSE_PINN,cuda,2,2,latency_wall_batch1_ms,1,207,0.1791,ms
CO,DENSE_PINN,cuda,2,2,latency_wall_batch1_ms,1,208,0.1851,ms
CO,DENSE_PINN,cuda,2,2,latency_wall_batch1_ms,1,209,0.1761,ms
CO,DENSE_PINN,cuda,2,2,latency_wall_batch1_ms,1,210,0.576,ms
CO,DENSE_PINN,cuda,2,2,latency_wall_batch1_ms,1,211,0.4351,ms
CO,DENSE_PINN,cuda,2,2,latency_wall_batch1_ms,1,212,0.4378,ms
CO,DENSE_PINN,cuda,2,2,latency_wall_batch1_ms,1,213,0.4126,ms
CO,DENSE_PINN,cuda,2,2,latency_wall_batch1_ms,1,214,0.2597,ms
CO,DENSE_PINN,cuda,2,2,latency_wall_batch1_ms,1,215,0.1939,ms
CO,DENSE_PINN,cuda,2,2,latency_wall_batch1_ms,1,216,0.1904,ms
CO,DENSE_PINN,cuda,2,2,latency_wall_batch1_ms,1,217,0.1898,ms
CO,DENSE_PINN,cuda,2,2,latency_wall_batch1_ms,1,218,0.1868,ms
CO,DENSE_PINN,cuda,2,2,latency_wall_batch1_ms,1,219,0.1849,ms
CO,DENSE_PINN,cuda,2,2,latency_wall_batch1_ms,1,220,0.1875,ms
CO,DENSE_PINN,cuda,2,2,latency_wall_batch1_ms,1,221,0.1915,ms
CO,DENSE_PINN,cuda,2,2,latency_wall_batch1_ms,1,222,0.186,ms
CO,DENSE_PINN,cuda,2,2,latency_wall_batch1_ms,1,223,0.1851,ms
CO,DENSE_PINN,cuda,2,2,latency_wall_batch1_ms,1,224,0.1807,ms
CO,DENSE_PINN,cuda,2,2,latency_wall_batch1_ms,1,225,0.1804,ms
CO,DENSE_PINN,cuda,2,2,latency_wall_batch1_ms,1,226,0.1571,ms
CO,DENSE_PINN,cuda,2,2,latency_wall_batch1_ms,1,227,0.1797,ms
CO,DENSE_PINN,cuda,2,2,latency_wall_batch1_ms,1,228,0.1852,ms
CO,DENSE_PINN,cuda,2,2,latency_wall_batch1_ms,1,229,0.1853,ms
CO,DENSE_PINN,cuda,2,2,latency_wall_batch1_ms,1,230,0.1839,ms
CO,DENSE_PINN,cuda,2,2,latency_wall_batch1_ms,1,231,0.1804,ms
CO,DENSE_PINN,cuda,2,2,latency_wall_batch1_ms,1,232,0.1903,ms
CO,DENSE_PINN,cuda,2,2,latency_wall_batch1_ms,1,233,0.1746,ms
CO,DENSE_PINN,cuda,2,2,latency_wall_batch1_ms,1,234,0.1848,ms
CO,DENSE_PINN,cuda,2,2,latency_wall_batch1_ms,1,235,0.1842,ms
CO,DENSE_PINN,cuda,2,2,latency_wall_batch1_ms,1,236,0.1869,ms
CO,DENSE_PINN,cuda,2,2,latency_wall_batch1_ms,1,237,0.1833,ms
CO,DENSE_PINN,cuda,2,2,latency_wall_batch1_ms,1,238,0.1829,ms
CO,DENSE_PINN,cuda,2,2,latency_wall_batch1_ms,1,239,0.1861,ms
CO,DENSE_PINN,cuda,2,2,latency_wall_batch1_ms,1,240,0.1806,ms
CO,DENSE_PINN,cuda,2,2,latency_wall_batch1_ms,1,241,0.1886,ms
CO,DENSE_PINN,cuda,2,2,latency_wall_batch1_ms,1,242,0.1847,ms
CO,DENSE_PINN,cuda,2,2,latency_wall_batch1_ms,1,243,0.1791,ms
CO,DENSE_PINN,cuda,2,2,latency_wall_batch1_ms,1,244,0.1711,ms
CO,DENSE_PINN,cuda,2,2,latency_wall_batch1_ms,1,245,0.1839,ms
CO,DENSE_PINN,cuda,2,2,latency_wall_batch1_ms,1,246,0.1839,ms
CO,DENSE_PINN,cuda,2,2,latency_wall_batch1_ms,1,247,0.1824,ms
CO,DENSE_PINN,cuda,2,2,latency_wall_batch1_ms,1,248,0.1832,ms
CO,DENSE_PINN,cuda,2,2,latency_wall_batch1_ms,1,249,0.1839,ms
CO,DENSE_PINN,cuda,2,2,latency_wall_batch1_ms,1,250,0.1838,ms
CO,DENSE_PINN,cuda,2,2,latency_wall_batch1_ms,1,251,0.1826,ms
CO,DENSE_PINN,cuda,2,2,latency_wall_batch1_ms,1,252,0.1909,ms
CO,DENSE_PINN,cuda,2,2,latency_wall_batch1_ms,1,253,0.1845,ms
CO,DENSE_PINN,cuda,2,2,latency_wall_batch1_ms,1,254,0.1841,ms
CO,DENSE_PINN,cuda,2,2,latency_wall_batch1_ms,1,255,0.1798,ms
CO,DENSE_PINN,cuda,2,2,latency_wall_batch1_ms,1,256,0.1665,ms
CO,DENSE_PINN,cuda,2,2,latency_wall_batch1_ms,1,257,0.1543,ms
CO,DENSE_PINN,cuda,2,2,latency_wall_batch1_ms,1,258,0.1816,ms
CO,DENSE_PINN,cuda,2,2,latency_wall_batch1_ms,1,259,0.18,ms
CO,DENSE_PINN,cuda,2,2,latency_wall_batch1_ms,1,260,0.1837,ms
CO,DENSE_PINN,cuda,2,2,latency_wall_batch1_ms,1,261,0.1865,ms
CO,DENSE_PINN,cuda,2,2,latency_wall_batch1_ms,1,262,0.1818,ms
CO,DENSE_PINN,cuda,2,2,latency_wall_batch1_ms,1,263,0.1813,ms
CO,DENSE_PINN,cuda,2,2,latency_wall_batch1_ms,1,264,0.1852,ms
CO,DENSE_PINN,cuda,2,2,latency_wall_batch1_ms,1,265,0.1794,ms
CO,DENSE_PINN,cuda,2,2,latency_wall_batch1_ms,1,266,0.1816,ms
CO,DENSE_PINN,cuda,2,2,latency_wall_batch1_ms,1,267,0.1839,ms
CO,DENSE_PINN,cuda,2,2,latency_wall_batch1_ms,1,268,0.1808,ms
CO,DENSE_PINN,cuda,2,2,latency_wall_batch1_ms,1,269,0.1842,ms
CO,DENSE_PINN,cuda,2,2,latency_wall_batch1_ms,1,270,0.1687,ms
CO,DENSE_PINN,cuda,2,2,latency_wall_batch1_ms,1,271,0.1875,ms
CO,DENSE_PINN,cuda,2,2,latency_wall_batch1_ms,1,272,0.1842,ms
CO,DENSE_PINN,cuda,2,2,latency_wall_batch1_ms,1,273,0.1848,ms
CO,DENSE_PINN,cuda,2,2,latency_wall_batch1_ms,1,274,0.1598,ms
CO,DENSE_PINN,cuda,2,2,latency_wall_batch1_ms,1,275,0.1812,ms
CO,DENSE_PINN,cuda,2,2,latency_wall_batch1_ms,1,276,0.1847,ms
CO,DENSE_PINN,cuda,2,2,latency_wall_batch1_ms,1,277,0.1918,ms
CO,DENSE_PINN,cuda,2,2,latency_wall_batch1_ms,1,278,0.3521,ms
CO,DENSE_PINN,cuda,2,2,latency_wall_batch1_ms,1,279,0.2075,ms
CO,DENSE_PINN,cuda,2,2,latency_wall_batch1_ms,1,280,0.1887,ms
CO,DENSE_PINN,cuda,2,2,latency_wall_batch1_ms,1,281,0.181,ms
CO,DENSE_PINN,cuda,2,2,latency_wall_batch1_ms,1,282,0.1804,ms
CO,DENSE_PINN,cuda,2,2,latency_wall_batch1_ms,1,283,0.177,ms
CO,DENSE_PINN,cuda,2,2,latency_wall_batch1_ms,1,284,0.1832,ms
CO,DENSE_PINN,cuda,2,2,latency_wall_batch1_ms,1,285,0.1841,ms
CO,DENSE_PINN,cuda,2,2,latency_wall_batch1_ms,1,286,0.197,ms
CO,DENSE_PINN,cuda,2,2,latency_wall_batch1_ms,1,287,0.1826,ms
CO,DENSE_PINN,cuda,2,2,latency_wall_batch1_ms,1,288,0.1903,ms
CO,DENSE_PINN,cuda,2,2,latency_wall_batch1_ms,1,289,0.1684,ms
CO,DENSE_PINN,cuda,2,2,latency_wall_batch1_ms,1,290,0.226,ms
CO,DENSE_PINN,cuda,2,2,latency_wall_batch1_ms,1,291,0.2119,ms
CO,DENSE_PINN,cuda,2,2,latency_wall_batch1_ms,1,292,0.199,ms
CO,DENSE_PINN,cuda,2,2,latency_wall_batch1_ms,1,293,0.1744,ms
CO,DENSE_PINN,cuda,2,2,latency_wall_batch1_ms,1,294,0.1825,ms
CO,DENSE_PINN,cuda,2,2,latency_wall_batch1_ms,1,295,0.1855,ms
CO,DENSE_PINN,cuda,2,2,latency_wall_batch1_ms,1,296,0.1908,ms
CO,DENSE_PINN,cuda,2,2,latency_wall_batch1_ms,1,297,0.1817,ms
CO,DENSE_PINN,cuda,2,2,latency_wall_batch1_ms,1,298,0.1846,ms
CO,DENSE_PINN,cuda,2,2,latency_wall_batch1_ms,1,299,0.1869,ms
CO,DENSE_PINN,cuda,2,2,latency_wall_batch1_ms,1,300,0.1863,ms
CO,DENSE_PINN,cuda,2,2,latency_wall_batch1_ms,1,301,0.1841,ms
CO,DENSE_PINN,cuda,2,2,latency_wall_batch1_ms,1,302,0.1843,ms
CO,DENSE_PINN,cuda,2,2,latency_wall_batch1_ms,1,303,0.1833,ms
CO,DENSE_PINN,cuda,2,2,latency_wall_batch1_ms,1,304,0.1827,ms
CO,DENSE_PINN,cuda,2,2,latency_wall_batch1_ms,1,305,0.1826,ms
CO,DENSE_PINN,cuda,2,2,latency_wall_batch1_ms,1,306,0.1887,ms
CO,DENSE_PINN,cuda,2,2,latency_wall_batch1_ms,1,307,0.1797,ms
CO,DENSE_PINN,cuda,2,2,latency_wall_batch1_ms,1,308,0.1739,ms
CO,DENSE_PINN,cuda,2,2,latency_wall_batch1_ms,1,309,0.2007,ms
CO,DENSE_PINN,cuda,2,2,latency_wall_batch1_ms,1,310,0.1925,ms
CO,DENSE_PINN,cuda,2,2,latency_wall_batch1_ms,1,311,0.1888,ms
CO,DENSE_PINN,cuda,2,2,latency_wall_batch1_ms,1,312,0.1544,ms
CO,DENSE_PINN,cuda,2,2,latency_wall_batch1_ms,1,313,0.1873,ms
CO,DENSE_PINN,cuda,2,2,latency_wall_batch1_ms,1,314,0.1888,ms
CO,DENSE_PINN,cuda,2,2,latency_wall_batch1_ms,1,315,0.1832,ms
CO,DENSE_PINN,cuda,2,2,latency_wall_batch1_ms,1,316,0.189,ms
CO,DENSE_PINN,cuda,2,2,latency_wall_batch1_ms,1,317,0.1865,ms
CO,DENSE_PINN,cuda,2,2,latency_wall_batch1_ms,1,318,0.1889,ms
CO,DENSE_PINN,cuda,2,2,latency_wall_batch1_ms,1,319,0.181,ms
CO,DENSE_PINN,cuda,2,2,latency_wall_batch1_ms,1,320,0.19,ms
CO,DENSE_PINN,cuda,2,2,latency_wall_batch1_ms,1,321,0.1847,ms
CO,DENSE_PINN,cuda,2,2,latency_wall_batch1_ms,1,322,0.1832,ms
CO,DENSE_PINN,cuda,2,2,latency_wall_batch1_ms,1,323,0.1866,ms
CO,DENSE_PINN,cuda,2,2,latency_wall_batch1_ms,1,324,0.1803,ms
CO,DENSE_PINN,cuda,2,2,latency_wall_batch1_ms,1,325,0.1867,ms
CO,DENSE_PINN,cuda,2,2,latency_wall_batch1_ms,1,326,0.1873,ms
CO,DENSE_PINN,cuda,2,2,latency_wall_batch1_ms,1,327,0.1844,ms
CO,DENSE_PINN,cuda,2,2,latency_wall_batch1_ms,1,328,0.1897,ms
CO,DENSE_PINN,cuda,2,2,latency_wall_batch1_ms,1,329,0.1767,ms
CO,DENSE_PINN,cuda,2,2,latency_wall_batch1_ms,1,330,0.1864,ms
CO,DENSE_PINN,cuda,2,2,latency_wall_batch1_ms,1,331,0.1876,ms
CO,DENSE_PINN,cuda,2,2,latency_wall_batch1_ms,1,332,0.1836,ms
CO,DENSE_PINN,cuda,2,2,latency_wall_batch1_ms,1,333,0.189,ms
CO,DENSE_PINN,cuda,2,2,latency_wall_batch1_ms,1,334,0.1872,ms
CO,DENSE_PINN,cuda,2,2,latency_wall_batch1_ms,1,335,0.182,ms
CO,DENSE_PINN,cuda,2,2,latency_wall_batch1_ms,1,336,0.1918,ms
CO,DENSE_PINN,cuda,2,2,latency_wall_batch1_ms,1,337,0.1903,ms
CO,DENSE_PINN,cuda,2,2,latency_wall_batch1_ms,1,338,0.1851,ms
CO,DENSE_PINN,cuda,2,2,latency_wall_batch1_ms,1,339,0.1927,ms
CO,DENSE_PINN,cuda,2,2,latency_wall_batch1_ms,1,340,0.1907,ms
CO,DENSE_PINN,cuda,2,2,latency_wall_batch1_ms,1,341,0.1823,ms
CO,DENSE_PINN,cuda,2,2,latency_wall_batch1_ms,1,342,0.1912,ms
CO,DENSE_PINN,cuda,2,2,latency_wall_batch1_ms,1,343,0.1905,ms
CO,DENSE_PINN,cuda,2,2,latency_wall_batch1_ms,1,344,0.1848,ms
CO,DENSE_PINN,cuda,2,2,latency_wall_batch1_ms,1,345,0.1934,ms
CO,DENSE_PINN,cuda,2,2,latency_wall_batch1_ms,1,346,0.1957,ms
CO,DENSE_PINN,cuda,2,2,latency_wall_batch1_ms,1,347,0.1831,ms
CO,DENSE_PINN,cuda,2,2,latency_wall_batch1_ms,1,348,0.1903,ms
CO,DENSE_PINN,cuda,2,2,latency_wall_batch1_ms,1,349,0.1938,ms
CO,DENSE_PINN,cuda,2,2,latency_wall_batch1_ms,1,350,0.1888,ms
CO,DENSE_PINN,cuda,2,2,latency_wall_batch1_ms,1,351,0.19,ms
CO,DENSE_PINN,cuda,2,2,latency_wall_batch1_ms,1,352,0.1871,ms
CO,DENSE_PINN,cuda,2,2,latency_wall_batch1_ms,1,353,0.1888,ms
CO,DENSE_PINN,cuda,2,2,latency_wall_batch1_ms,1,354,0.2938,ms
CO,DENSE_PINN,cuda,2,2,latency_wall_batch1_ms,1,355,0.2011,ms
CO,DENSE_PINN,cuda,2,2,latency_wall_batch1_ms,1,356,0.202,ms
CO,DENSE_PINN,cuda,2,2,latency_wall_batch1_ms,1,357,0.1909,ms
CO,DENSE_PINN,cuda,2,2,latency_wall_batch1_ms,1,358,0.185,ms
CO,DENSE_PINN,cuda,2,2,latency_wall_batch1_ms,1,359,0.1774,ms
CO,DENSE_PINN,cuda,2,2,latency_wall_batch1_ms,1,360,0.1857,ms
CO,DENSE_PINN,cuda,2,2,latency_wall_batch1_ms,1,361,0.1889,ms
CO,DENSE_PINN,cuda,2,2,latency_wall_batch1_ms,1,362,0.1878,ms
CO,DENSE_PINN,cuda,2,2,latency_wall_batch1_ms,1,363,0.1846,ms
CO,DENSE_PINN,cuda,2,2,latency_wall_batch1_ms,1,364,0.173,ms
CO,DENSE_PINN,cuda,2,2,latency_wall_batch1_ms,1,365,0.1983,ms
CO,DENSE_PINN,cuda,2,2,latency_wall_batch1_ms,1,366,0.1702,ms
CO,DENSE_PINN,cuda,2,2,latency_wall_batch1_ms,1,367,0.1749,ms
CO,DENSE_PINN,cuda,2,2,latency_wall_batch1_ms,1,368,0.1523,ms
CO,DENSE_PINN,cuda,2,2,latency_wall_batch1_ms,1,369,0.1802,ms
CO,DENSE_PINN,cuda,2,2,latency_wall_batch1_ms,1,370,0.1912,ms
CO,DENSE_PINN,cuda,2,2,latency_wall_batch1_ms,1,371,0.1831,ms
CO,DENSE_PINN,cuda,2,2,latency_wall_batch1_ms,1,372,0.1839,ms
CO,DENSE_PINN,cuda,2,2,latency_wall_batch1_ms,1,373,0.1745,ms
CO,DENSE_PINN,cuda,2,2,latency_wall_batch1_ms,1,374,0.1835,ms
CO,DENSE_PINN,cuda,2,2,latency_wall_batch1_ms,1,375,0.1897,ms
CO,DENSE_PINN,cuda,2,2,latency_wall_batch1_ms,1,376,0.1894,ms
CO,DENSE_PINN,cuda,2,2,latency_wall_batch1_ms,1,377,0.1848,ms
CO,DENSE_PINN,cuda,2,2,latency_wall_batch1_ms,1,378,0.1807,ms
CO,DENSE_PINN,cuda,2,2,latency_wall_batch1_ms,1,379,0.1863,ms
CO,DENSE_PINN,cuda,2,2,latency_wall_batch1_ms,1,380,0.1833,ms
CO,DENSE_PINN,cuda,2,2,latency_wall_batch1_ms,1,381,0.1651,ms
CO,DENSE_PINN,cuda,2,2,latency_wall_batch1_ms,1,382,0.1869,ms
CO,DENSE_PINN,cuda,2,2,latency_wall_batch1_ms,1,383,0.1828,ms
CO,DENSE_PINN,cuda,2,2,latency_wall_batch1_ms,1,384,0.1836,ms
CO,DENSE_PINN,cuda,2,2,latency_wall_batch1_ms,1,385,0.1883,ms
CO,DENSE_PINN,cuda,2,2,latency_wall_batch1_ms,1,386,0.1891,ms
CO,DENSE_PINN,cuda,2,2,latency_wall_batch1_ms,1,387,0.1891,ms
CO,DENSE_PINN,cuda,2,2,latency_wall_batch1_ms,1,388,0.1857,ms
CO,DENSE_PINN,cuda,2,2,latency_wall_batch1_ms,1,389,0.1825,ms
CO,DENSE_PINN,cuda,2,2,latency_wall_batch1_ms,1,390,0.1859,ms
CO,DENSE_PINN,cuda,2,2,latency_wall_batch1_ms,1,391,0.1833,ms
CO,DENSE_PINN,cuda,2,2,latency_wall_batch1_ms,1,392,0.1827,ms
CO,DENSE_PINN,cuda,2,2,latency_wall_batch1_ms,1,393,0.1851,ms
CO,DENSE_PINN,cuda,2,2,latency_wall_batch1_ms,1,394,0.1848,ms
CO,DENSE_PINN,cuda,2,2,latency_wall_batch1_ms,1,395,0.1888,ms
CO,DENSE_PINN,cuda,2,2,latency_wall_batch1_ms,1,396,0.1809,ms
CO,DENSE_PINN,cuda,2,2,latency_wall_batch1_ms,1,397,0.1819,ms
CO,DENSE_PINN,cuda,2,2,latency_wall_batch1_ms,1,398,0.1852,ms
CO,DENSE_PINN,cuda,2,2,latency_wall_batch1_ms,1,399,0.1721,ms
CO,DENSE_PINN,cuda,2,2,throughput_rows_s,1,0,5571.030640668524,rows/s
CO,DENSE_PINN,cuda,2,2,throughput_rows_s,1,1,5476.451259583789,rows/s
CO,DENSE_PINN,cuda,2,2,throughput_rows_s,1,2,5537.098560354374,rows/s
CO,DENSE_PINN,cuda,2,2,throughput_rows_s,1,3,5402.485143165856,rows/s
CO,DENSE_PINN,cuda,2,2,throughput_rows_s,1,4,5467.468562055768,rows/s
CO,DENSE_PINN,cuda,2,2,throughput_rows_s,1,5,5524.861878453039,rows/s
CO,DENSE_PINN,cuda,2,2,throughput_rows_s,1,6,5464.48087431694,rows/s
CO,DENSE_PINN,cuda,2,2,throughput_rows_s,1,7,5485.4635216675815,rows/s
CO,DENSE_PINN,cuda,2,2,throughput_rows_s,1,8,5500.5500550055,rows/s
CO,DENSE_PINN,cuda,2,2,throughput_rows_s,1,9,5546.311702717693,rows/s
CO,DENSE_PINN,cuda,2,2,throughput_rows_s,1,10,5549.389567147614,rows/s
CO,DENSE_PINN,cuda,2,2,throughput_rows_s,1,11,5917.159763313609,rows/s
CO,DENSE_PINN,cuda,2,2,throughput_rows_s,1,12,5552.470849528039,rows/s
CO,DENSE_PINN,cuda,2,2,throughput_rows_s,1,13,5310.674455655869,rows/s
CO,DENSE_PINN,cuda,2,2,throughput_rows_s,1,14,4037.141703673799,rows/s
CO,DENSE_PINN,cuda,2,2,throughput_rows_s,1,15,5260.389268805892,rows/s
CO,DENSE_PINN,cuda,2,2,throughput_rows_s,1,16,5411.255411255412,rows/s
CO,DENSE_PINN,cuda,2,2,throughput_rows_s,1,17,5527.91597567717,rows/s
CO,DENSE_PINN,cuda,2,2,throughput_rows_s,1,18,5571.030640668524,rows/s
CO,DENSE_PINN,cuda,2,2,throughput_rows_s,1,19,5652.911249293386,rows/s
CO,DENSE_PINN,cuda,2,2,throughput_rows_s,1,20,5537.098560354374,rows/s
CO,DENSE_PINN,cuda,2,2,throughput_rows_s,1,21,5624.29696287964,rows/s
CO,DENSE_PINN,cuda,2,2,throughput_rows_s,1,22,5534.034311012728,rows/s
CO,DENSE_PINN,cuda,2,2,throughput_rows_s,1,23,5482.456140350877,rows/s
CO,DENSE_PINN,cuda,2,2,throughput_rows_s,16,0,84343.70057986294,rows/s
CO,DENSE_PINN,cuda,2,2,throughput_rows_s,16,1,84835.63096500532,rows/s
CO,DENSE_PINN,cuda,2,2,throughput_rows_s,16,2,85470.08547008547,rows/s
CO,DENSE_PINN,cuda,2,2,throughput_rows_s,16,3,84700.89994706193,rows/s
CO,DENSE_PINN,cuda,2,2,throughput_rows_s,16,4,81674.32363450741,rows/s
CO,DENSE_PINN,cuda,2,2,throughput_rows_s,16,5,88839.53359244863,rows/s
CO,DENSE_PINN,cuda,2,2,throughput_rows_s,16,6,89686.09865470852,rows/s
CO,DENSE_PINN,cuda,2,2,throughput_rows_s,16,7,85561.49732620321,rows/s
CO,DENSE_PINN,cuda,2,2,throughput_rows_s,16,8,88348.97846493649,rows/s
CO,DENSE_PINN,cuda,2,2,throughput_rows_s,16,9,89485.4586129754,rows/s
CO,DENSE_PINN,cuda,2,2,throughput_rows_s,16,10,86956.52173913043,rows/s
CO,DENSE_PINN,cuda,2,2,throughput_rows_s,16,11,86814.97558328812,rows/s
CO,DENSE_PINN,cuda,2,2,throughput_rows_s,16,12,87098.53021230268,rows/s
CO,DENSE_PINN,cuda,2,2,throughput_rows_s,16,13,85975.28210639441,rows/s
CO,DENSE_PINN,cuda,2,2,throughput_rows_s,16,14,88544.54897620364,rows/s
CO,DENSE_PINN,cuda,2,2,throughput_rows_s,16,15,86393.08855291577,rows/s
CO,DENSE_PINN,cuda,2,2,throughput_rows_s,16,16,91690.54441260746,rows/s
CO,DENSE_PINN,cuda,2,2,throughput_rows_s,16,17,88008.800880088,rows/s
CO,DENSE_PINN,cuda,2,2,throughput_rows_s,16,18,86626.96264212237,rows/s
CO,DENSE_PINN,cuda,2,2,throughput_rows_s,16,19,88300.22075055187,rows/s
CO,DENSE_PINN,cuda,2,2,throughput_rows_s,16,20,89585.66629339305,rows/s
CO,DENSE_PINN,cuda,2,2,throughput_rows_s,16,21,92112.83822682787,rows/s
CO,DENSE_PINN,cuda,2,2,throughput_rows_s,16,22,86862.10640608035,rows/s
CO,DENSE_PINN,cuda,2,2,throughput_rows_s,16,23,88397.79005524862,rows/s
CO,DENSE_PINN,cuda,2,2,throughput_rows_s,64,0,289461.78199909546,rows/s
CO,DENSE_PINN,cuda,2,2,throughput_rows_s,64,1,300893.27691584395,rows/s
CO,DENSE_PINN,cuda,2,2,throughput_rows_s,64,2,303461.356092935,rows/s
CO,DENSE_PINN,cuda,2,2,throughput_rows_s,64,3,311284.046692607,rows/s
CO,DENSE_PINN,cuda,2,2,throughput_rows_s,64,4,311738.9186556259,rows/s
CO,DENSE_PINN,cuda,2,2,throughput_rows_s,64,5,348394.1208492107,rows/s
CO,DENSE_PINN,cuda,2,2,throughput_rows_s,64,6,329048.8431876607,rows/s
CO,DENSE_PINN,cuda,2,2,throughput_rows_s,64,7,203497.61526232114,rows/s
CO,DENSE_PINN,cuda,2,2,throughput_rows_s,64,8,286353.4675615212,rows/s
CO,DENSE_PINN,cuda,2,2,throughput_rows_s,64,9,338983.0508474576,rows/s
CO,DENSE_PINN,cuda,2,2,throughput_rows_s,64,10,317460.31746031746,rows/s
CO,DENSE_PINN,cuda,2,2,throughput_rows_s,64,11,324050.6329113924,rows/s
CO,DENSE_PINN,cuda,2,2,throughput_rows_s,64,12,296570.89898053755,rows/s
CO,DENSE_PINN,cuda,2,2,throughput_rows_s,64,13,273621.2056434374,rows/s
CO,DENSE_PINN,cuda,2,2,throughput_rows_s,64,14,322418.13602015114,rows/s
CO,DENSE_PINN,cuda,2,2,throughput_rows_s,64,15,282810.4286345559,rows/s
CO,DENSE_PINN,cuda,2,2,throughput_rows_s,64,16,349726.77595628414,rows/s
CO,DENSE_PINN,cuda,2,2,throughput_rows_s,64,17,340606.70569451834,rows/s
CO,DENSE_PINN,cuda,2,2,throughput_rows_s,64,18,301460.1978332549,rows/s
CO,DENSE_PINN,cuda,2,2,throughput_rows_s,64,19,332467.53246753244,rows/s
CO,DENSE_PINN,cuda,2,2,throughput_rows_s,64,20,319361.2774451098,rows/s
CO,DENSE_PINN,cuda,2,2,throughput_rows_s,64,21,312652.66243282857,rows/s
CO,DENSE_PINN,cuda,2,2,throughput_rows_s,64,22,337552.74261603376,rows/s
CO,DENSE_PINN,cuda,2,2,throughput_rows_s,64,23,322580.6451612903,rows/s
CO,DENSE_PINN,cuda,2,2,throughput_rows_s,256,0,1207547.1698113207,rows/s
CO,DENSE_PINN,cuda,2,2,throughput_rows_s,256,1,1240911.2942317014,rows/s
CO,DENSE_PINN,cuda,2,2,throughput_rows_s,256,2,1155756.2076749436,rows/s
CO,DENSE_PINN,cuda,2,2,throughput_rows_s,256,3,1320949.4324045407,rows/s
CO,DENSE_PINN,cuda,2,2,throughput_rows_s,256,4,1175390.2662993574,rows/s
CO,DENSE_PINN,cuda,2,2,throughput_rows_s,256,5,1234329.7974927677,rows/s
CO,DENSE_PINN,cuda,2,2,throughput_rows_s,256,6,1330561.3305613305,rows/s
CO,DENSE_PINN,cuda,2,2,throughput_rows_s,256,7,1328489.8806434872,rows/s
CO,DENSE_PINN,cuda,2,2,throughput_rows_s,256,8,1267326.7326732674,rows/s
CO,DENSE_PINN,cuda,2,2,throughput_rows_s,256,9,1250000.0,rows/s
CO,DENSE_PINN,cuda,2,2,throughput_rows_s,256,10,1227817.7458033573,rows/s
CO,DENSE_PINN,cuda,2,2,throughput_rows_s,256,11,1269841.2698412698,rows/s
CO,DENSE_PINN,cuda,2,2,throughput_rows_s,256,12,1209829.867674858,rows/s
CO,DENSE_PINN,cuda,2,2,throughput_rows_s,256,13,1242115.4779233383,rows/s
CO,DENSE_PINN,cuda,2,2,throughput_rows_s,256,14,1245136.186770428,rows/s
CO,DENSE_PINN,cuda,2,2,throughput_rows_s,256,15,1283851.554663992,rows/s
CO,DENSE_PINN,cuda,2,2,throughput_rows_s,256,16,1287726.3581488933,rows/s
CO,DENSE_PINN,cuda,2,2,throughput_rows_s,256,17,1316872.4279835392,rows/s
CO,DENSE_PINN,cuda,2,2,throughput_rows_s,256,18,1369716.425896201,rows/s
CO,DENSE_PINN,cuda,2,2,throughput_rows_s,256,19,1287726.3581488933,rows/s
CO,DENSE_PINN,cuda,2,2,throughput_rows_s,256,20,1240310.0775193798,rows/s
CO,DENSE_PINN,cuda,2,2,throughput_rows_s,256,21,1318907.7794951056,rows/s
CO,DENSE_PINN,cuda,2,2,throughput_rows_s,256,22,1280000.0,rows/s
CO,DENSE_PINN,cuda,2,2,throughput_rows_s,256,23,1255517.4104953408,rows/s
CO,DENSE_PINN,cuda,2,2,throughput_rows_s,1024,0,4392964.392964393,rows/s
CO,DENSE_PINN,cuda,2,2,throughput_rows_s,1024,1,5004887.585532746,rows/s
CO,DENSE_PINN,cuda,2,2,throughput_rows_s,1024,2,5355648.535564853,rows/s
CO,DENSE_PINN,cuda,2,2,throughput_rows_s,1024,3,5654334.621755935,rows/s
CO,DENSE_PINN,cuda,2,2,throughput_rows_s,1024,4,5012236.906510035,rows/s
CO,DENSE_PINN,cuda,2,2,throughput_rows_s,1024,5,5369690.613529103,rows/s
CO,DENSE_PINN,cuda,2,2,throughput_rows_s,1024,6,5278350.5154639175,rows/s
CO,DENSE_PINN,cuda,2,2,throughput_rows_s,1024,7,5245901.639344262,rows/s
CO,DENSE_PINN,cuda,2,2,throughput_rows_s,1024,8,5322245.322245322,rows/s
CO,DENSE_PINN,cuda,2,2,throughput_rows_s,1024,9,5695216.9076751955,rows/s
CO,DENSE_PINN,cuda,2,2,throughput_rows_s,1024,10,4721069.617335177,rows/s
CO,DENSE_PINN,cuda,2,2,throughput_rows_s,1024,11,5311203.319502075,rows/s
CO,DENSE_PINN,cuda,2,2,throughput_rows_s,1024,12,5069306.9306930695,rows/s
CO,DENSE_PINN,cuda,2,2,throughput_rows_s,1024,13,6328800.988875154,rows/s
CO,DENSE_PINN,cuda,2,2,throughput_rows_s,1024,14,5782044.042913608,rows/s
CO,DENSE_PINN,cuda,2,2,throughput_rows_s,1024,15,5184810.126582278,rows/s
CO,DENSE_PINN,cuda,2,2,throughput_rows_s,1024,16,5798414.49603624,rows/s
CO,DENSE_PINN,cuda,2,2,throughput_rows_s,1024,17,5294725.956566702,rows/s
CO,DENSE_PINN,cuda,2,2,throughput_rows_s,1024,18,5289256.1983471075,rows/s
CO,DENSE_PINN,cuda,2,2,throughput_rows_s,1024,19,4883166.428230806,rows/s
CO,DENSE_PINN,cuda,2,2,throughput_rows_s,1024,20,5216505.34895568,rows/s
CO,DENSE_PINN,cuda,2,2,throughput_rows_s,1024,21,5811577.752553916,rows/s
CO,DENSE_PINN,cuda,2,2,throughput_rows_s,1024,22,6324891.9085855475,rows/s
CO,DENSE_PINN,cuda,2,2,throughput_rows_s,1024,23,5221825.59918409,rows/s
CO,DENSE_PINN,cuda,2,2,throughput_rows_s,4096,0,17579399.1416309,rows/s
CO,DENSE_PINN,cuda,2,2,throughput_rows_s,4096,1,18107869.1423519,rows/s
CO,DENSE_PINN,cuda,2,2,throughput_rows_s,4096,2,18626648.476580262,rows/s
CO,DENSE_PINN,cuda,2,2,throughput_rows_s,4096,3,16869851.72981878,rows/s
CO,DENSE_PINN,cuda,2,2,throughput_rows_s,4096,4,23050084.41193022,rows/s
CO,DENSE_PINN,cuda,2,2,throughput_rows_s,4096,5,24323040.380047508,rows/s
CO,DENSE_PINN,cuda,2,2,throughput_rows_s,4096,6,25696361.355081555,rows/s
CO,DENSE_PINN,cuda,2,2,throughput_rows_s,4096,7,25036674.81662592,rows/s
CO,DENSE_PINN,cuda,2,2,throughput_rows_s,4096,8,24945188.79415347,rows/s
CO,DENSE_PINN,cuda,2,2,throughput_rows_s,4096,9,24079952.968841854,rows/s
CO,DENSE_PINN,cuda,2,2,throughput_rows_s,4096,10,23608069.16426513,rows/s
CO,DENSE_PINN,cuda,2,2,throughput_rows_s,4096,11,25268352.86859963,rows/s
CO,DENSE_PINN,cuda,2,2,throughput_rows_s,4096,12,25409429.28039702,rows/s
CO,DENSE_PINN,cuda,2,2,throughput_rows_s,4096,13,25632040.05006258,rows/s
CO,DENSE_PINN,cuda,2,2,throughput_rows_s,4096,14,25237215.033887863,rows/s
CO,DENSE_PINN,cuda,2,2,throughput_rows_s,4096,15,25664160.401002504,rows/s
CO,DENSE_PINN,cuda,2,2,throughput_rows_s,4096,16,23405714.285714287,rows/s
CO,DENSE_PINN,cuda,2,2,throughput_rows_s,4096,17,25299567.63434219,rows/s
CO,DENSE_PINN,cuda,2,2,throughput_rows_s,4096,18,25221674.876847293,rows/s
CO,DENSE_PINN,cuda,2,2,throughput_rows_s,4096,19,25098039.215686273,rows/s
CO,DENSE_PINN,cuda,2,2,throughput_rows_s,4096,20,25777218.376337316,rows/s
CO,DENSE_PINN,cuda,2,2,throughput_rows_s,4096,21,24165191.74041298,rows/s
CO,DENSE_PINN,cuda,2,2,throughput_rows_s,4096,22,22972518.227706112,rows/s
CO,DENSE_PINN,cuda,2,2,throughput_rows_s,4096,23,25128834.355828222,rows/s
CO,DENSE_PINN,cuda,3,1,latency_wall_batch1_ms,1,0,0.1846,ms
CO,DENSE_PINN,cuda,3,1,latency_wall_batch1_ms,1,1,0.1855,ms
CO,DENSE_PINN,cuda,3,1,latency_wall_batch1_ms,1,2,0.1891,ms
CO,DENSE_PINN,cuda,3,1,latency_wall_batch1_ms,1,3,0.1834,ms
CO,DENSE_PINN,cuda,3,1,latency_wall_batch1_ms,1,4,0.1821,ms
CO,DENSE_PINN,cuda,3,1,latency_wall_batch1_ms,1,5,0.1831,ms
CO,DENSE_PINN,cuda,3,1,latency_wall_batch1_ms,1,6,0.1816,ms
CO,DENSE_PINN,cuda,3,1,latency_wall_batch1_ms,1,7,0.1816,ms
CO,DENSE_PINN,cuda,3,1,latency_wall_batch1_ms,1,8,0.2125,ms
CO,DENSE_PINN,cuda,3,1,latency_wall_batch1_ms,1,9,0.1899,ms
CO,DENSE_PINN,cuda,3,1,latency_wall_batch1_ms,1,10,0.183,ms
CO,DENSE_PINN,cuda,3,1,latency_wall_batch1_ms,1,11,0.1823,ms
CO,DENSE_PINN,cuda,3,1,latency_wall_batch1_ms,1,12,0.1869,ms
CO,DENSE_PINN,cuda,3,1,latency_wall_batch1_ms,1,13,0.1826,ms
CO,DENSE_PINN,cuda,3,1,latency_wall_batch1_ms,1,14,0.1857,ms
CO,DENSE_PINN,cuda,3,1,latency_wall_batch1_ms,1,15,0.179,ms
CO,DENSE_PINN,cuda,3,1,latency_wall_batch1_ms,1,16,0.1806,ms
CO,DENSE_PINN,cuda,3,1,latency_wall_batch1_ms,1,17,0.1836,ms
CO,DENSE_PINN,cuda,3,1,latency_wall_batch1_ms,1,18,0.1841,ms
CO,DENSE_PINN,cuda,3,1,latency_wall_batch1_ms,1,19,0.1838,ms
CO,DENSE_PINN,cuda,3,1,latency_wall_batch1_ms,1,20,0.1828,ms
CO,DENSE_PINN,cuda,3,1,latency_wall_batch1_ms,1,21,0.1835,ms
CO,DENSE_PINN,cuda,3,1,latency_wall_batch1_ms,1,22,0.1817,ms
CO,DENSE_PINN,cuda,3,1,latency_wall_batch1_ms,1,23,0.1663,ms
CO,DENSE_PINN,cuda,3,1,latency_wall_batch1_ms,1,24,0.2163,ms
CO,DENSE_PINN,cuda,3,1,latency_wall_batch1_ms,1,25,0.1626,ms
CO,DENSE_PINN,cuda,3,1,latency_wall_batch1_ms,1,26,0.183,ms
CO,DENSE_PINN,cuda,3,1,latency_wall_batch1_ms,1,27,0.1841,ms
CO,DENSE_PINN,cuda,3,1,latency_wall_batch1_ms,1,28,0.1838,ms
CO,DENSE_PINN,cuda,3,1,latency_wall_batch1_ms,1,29,0.189,ms
CO,DENSE_PINN,cuda,3,1,latency_wall_batch1_ms,1,30,0.1839,ms
CO,DENSE_PINN,cuda,3,1,latency_wall_batch1_ms,1,31,0.1825,ms
CO,DENSE_PINN,cuda,3,1,latency_wall_batch1_ms,1,32,0.1824,ms
CO,DENSE_PINN,cuda,3,1,latency_wall_batch1_ms,1,33,0.1826,ms
CO,DENSE_PINN,cuda,3,1,latency_wall_batch1_ms,1,34,0.1829,ms
CO,DENSE_PINN,cuda,3,1,latency_wall_batch1_ms,1,35,0.1826,ms
CO,DENSE_PINN,cuda,3,1,latency_wall_batch1_ms,1,36,0.1822,ms
CO,DENSE_PINN,cuda,3,1,latency_wall_batch1_ms,1,37,0.1807,ms
CO,DENSE_PINN,cuda,3,1,latency_wall_batch1_ms,1,38,0.183,ms
CO,DENSE_PINN,cuda,3,1,latency_wall_batch1_ms,1,39,0.1843,ms
CO,DENSE_PINN,cuda,3,1,latency_wall_batch1_ms,1,40,0.1833,ms
CO,DENSE_PINN,cuda,3,1,latency_wall_batch1_ms,1,41,0.1879,ms
CO,DENSE_PINN,cuda,3,1,latency_wall_batch1_ms,1,42,0.18,ms
CO,DENSE_PINN,cuda,3,1,latency_wall_batch1_ms,1,43,0.183,ms
CO,DENSE_PINN,cuda,3,1,latency_wall_batch1_ms,1,44,0.1886,ms
CO,DENSE_PINN,cuda,3,1,latency_wall_batch1_ms,1,45,0.1814,ms
CO,DENSE_PINN,cuda,3,1,latency_wall_batch1_ms,1,46,0.1764,ms
CO,DENSE_PINN,cuda,3,1,latency_wall_batch1_ms,1,47,0.1824,ms
CO,DENSE_PINN,cuda,3,1,latency_wall_batch1_ms,1,48,0.1884,ms
CO,DENSE_PINN,cuda,3,1,latency_wall_batch1_ms,1,49,0.1799,ms
CO,DENSE_PINN,cuda,3,1,latency_wall_batch1_ms,1,50,0.1792,ms
CO,DENSE_PINN,cuda,3,1,latency_wall_batch1_ms,1,51,0.1823,ms
CO,DENSE_PINN,cuda,3,1,latency_wall_batch1_ms,1,52,0.1804,ms
CO,DENSE_PINN,cuda,3,1,latency_wall_batch1_ms,1,53,0.1717,ms
CO,DENSE_PINN,cuda,3,1,latency_wall_batch1_ms,1,54,0.1736,ms
CO,DENSE_PINN,cuda,3,1,latency_wall_batch1_ms,1,55,0.18,ms
CO,DENSE_PINN,cuda,3,1,latency_wall_batch1_ms,1,56,0.18,ms
CO,DENSE_PINN,cuda,3,1,latency_wall_batch1_ms,1,57,0.1849,ms
CO,DENSE_PINN,cuda,3,1,latency_wall_batch1_ms,1,58,0.1801,ms
CO,DENSE_PINN,cuda,3,1,latency_wall_batch1_ms,1,59,0.1764,ms
CO,DENSE_PINN,cuda,3,1,latency_wall_batch1_ms,1,60,0.1802,ms
CO,DENSE_PINN,cuda,3,1,latency_wall_batch1_ms,1,61,0.1768,ms
CO,DENSE_PINN,cuda,3,1,latency_wall_batch1_ms,1,62,0.1795,ms
CO,DENSE_PINN,cuda,3,1,latency_wall_batch1_ms,1,63,0.1752,ms
CO,DENSE_PINN,cuda,3,1,latency_wall_batch1_ms,1,64,0.1675,ms
CO,DENSE_PINN,cuda,3,1,latency_wall_batch1_ms,1,65,0.1833,ms
CO,DENSE_PINN,cuda,3,1,latency_wall_batch1_ms,1,66,0.1936,ms
CO,DENSE_PINN,cuda,3,1,latency_wall_batch1_ms,1,67,0.1758,ms
CO,DENSE_PINN,cuda,3,1,latency_wall_batch1_ms,1,68,0.1815,ms
CO,DENSE_PINN,cuda,3,1,latency_wall_batch1_ms,1,69,0.1648,ms
CO,DENSE_PINN,cuda,3,1,latency_wall_batch1_ms,1,70,0.1677,ms
CO,DENSE_PINN,cuda,3,1,latency_wall_batch1_ms,1,71,0.1799,ms
CO,DENSE_PINN,cuda,3,1,latency_wall_batch1_ms,1,72,0.1807,ms
CO,DENSE_PINN,cuda,3,1,latency_wall_batch1_ms,1,73,0.2019,ms
CO,DENSE_PINN,cuda,3,1,latency_wall_batch1_ms,1,74,0.1975,ms
CO,DENSE_PINN,cuda,3,1,latency_wall_batch1_ms,1,75,0.1809,ms
CO,DENSE_PINN,cuda,3,1,latency_wall_batch1_ms,1,76,0.181,ms
CO,DENSE_PINN,cuda,3,1,latency_wall_batch1_ms,1,77,0.1541,ms
CO,DENSE_PINN,cuda,3,1,latency_wall_batch1_ms,1,78,0.1562,ms
CO,DENSE_PINN,cuda,3,1,latency_wall_batch1_ms,1,79,0.18,ms
CO,DENSE_PINN,cuda,3,1,latency_wall_batch1_ms,1,80,0.1837,ms
CO,DENSE_PINN,cuda,3,1,latency_wall_batch1_ms,1,81,0.1823,ms
CO,DENSE_PINN,cuda,3,1,latency_wall_batch1_ms,1,82,0.1819,ms
CO,DENSE_PINN,cuda,3,1,latency_wall_batch1_ms,1,83,0.1814,ms
CO,DENSE_PINN,cuda,3,1,latency_wall_batch1_ms,1,84,0.1793,ms
CO,DENSE_PINN,cuda,3,1,latency_wall_batch1_ms,1,85,0.1814,ms
CO,DENSE_PINN,cuda,3,1,latency_wall_batch1_ms,1,86,0.1829,ms
CO,DENSE_PINN,cuda,3,1,latency_wall_batch1_ms,1,87,0.1807,ms
CO,DENSE_PINN,cuda,3,1,latency_wall_batch1_ms,1,88,0.1854,ms
CO,DENSE_PINN,cuda,3,1,latency_wall_batch1_ms,1,89,0.1835,ms
CO,DENSE_PINN,cuda,3,1,latency_wall_batch1_ms,1,90,0.1808,ms
CO,DENSE_PINN,cuda,3,1,latency_wall_batch1_ms,1,91,0.2757,ms
CO,DENSE_PINN,cuda,3,1,latency_wall_batch1_ms,1,92,0.1833,ms
CO,DENSE_PINN,cuda,3,1,latency_wall_batch1_ms,1,93,0.1823,ms
CO,DENSE_PINN,cuda,3,1,latency_wall_batch1_ms,1,94,0.1799,ms
CO,DENSE_PINN,cuda,3,1,latency_wall_batch1_ms,1,95,0.1773,ms
CO,DENSE_PINN,cuda,3,1,latency_wall_batch1_ms,1,96,0.1869,ms
CO,DENSE_PINN,cuda,3,1,latency_wall_batch1_ms,1,97,0.1815,ms
CO,DENSE_PINN,cuda,3,1,latency_wall_batch1_ms,1,98,0.176,ms
CO,DENSE_PINN,cuda,3,1,latency_wall_batch1_ms,1,99,0.1818,ms
CO,DENSE_PINN,cuda,3,1,latency_wall_batch1_ms,1,100,0.1741,ms
CO,DENSE_PINN,cuda,3,1,latency_wall_batch1_ms,1,101,0.1804,ms
CO,DENSE_PINN,cuda,3,1,latency_wall_batch1_ms,1,102,0.156,ms
CO,DENSE_PINN,cuda,3,1,latency_wall_batch1_ms,1,103,0.1478,ms
CO,DENSE_PINN,cuda,3,1,latency_wall_batch1_ms,1,104,0.1692,ms
CO,DENSE_PINN,cuda,3,1,latency_wall_batch1_ms,1,105,0.1798,ms
CO,DENSE_PINN,cuda,3,1,latency_wall_batch1_ms,1,106,0.1625,ms
CO,DENSE_PINN,cuda,3,1,latency_wall_batch1_ms,1,107,0.1809,ms
CO,DENSE_PINN,cuda,3,1,latency_wall_batch1_ms,1,108,0.1783,ms
CO,DENSE_PINN,cuda,3,1,latency_wall_batch1_ms,1,109,0.1874,ms
CO,DENSE_PINN,cuda,3,1,latency_wall_batch1_ms,1,110,0.1814,ms
CO,DENSE_PINN,cuda,3,1,latency_wall_batch1_ms,1,111,0.181,ms
CO,DENSE_PINN,cuda,3,1,latency_wall_batch1_ms,1,112,0.1805,ms
CO,DENSE_PINN,cuda,3,1,latency_wall_batch1_ms,1,113,0.1801,ms
CO,DENSE_PINN,cuda,3,1,latency_wall_batch1_ms,1,114,0.1804,ms
CO,DENSE_PINN,cuda,3,1,latency_wall_batch1_ms,1,115,0.1811,ms
CO,DENSE_PINN,cuda,3,1,latency_wall_batch1_ms,1,116,0.1778,ms
CO,DENSE_PINN,cuda,3,1,latency_wall_batch1_ms,1,117,0.1794,ms
CO,DENSE_PINN,cuda,3,1,latency_wall_batch1_ms,1,118,0.1804,ms
CO,DENSE_PINN,cuda,3,1,latency_wall_batch1_ms,1,119,0.1836,ms
CO,DENSE_PINN,cuda,3,1,latency_wall_batch1_ms,1,120,0.1841,ms
CO,DENSE_PINN,cuda,3,1,latency_wall_batch1_ms,1,121,0.1537,ms
CO,DENSE_PINN,cuda,3,1,latency_wall_batch1_ms,1,122,0.186,ms
CO,DENSE_PINN,cuda,3,1,latency_wall_batch1_ms,1,123,0.1882,ms
CO,DENSE_PINN,cuda,3,1,latency_wall_batch1_ms,1,124,0.1814,ms
CO,DENSE_PINN,cuda,3,1,latency_wall_batch1_ms,1,125,0.1828,ms
CO,DENSE_PINN,cuda,3,1,latency_wall_batch1_ms,1,126,0.186,ms
CO,DENSE_PINN,cuda,3,1,latency_wall_batch1_ms,1,127,0.1725,ms
CO,DENSE_PINN,cuda,3,1,latency_wall_batch1_ms,1,128,0.1639,ms
CO,DENSE_PINN,cuda,3,1,latency_wall_batch1_ms,1,129,0.1886,ms
CO,DENSE_PINN,cuda,3,1,latency_wall_batch1_ms,1,130,0.1806,ms
CO,DENSE_PINN,cuda,3,1,latency_wall_batch1_ms,1,131,0.1525,ms
CO,DENSE_PINN,cuda,3,1,latency_wall_batch1_ms,1,132,0.1825,ms
CO,DENSE_PINN,cuda,3,1,latency_wall_batch1_ms,1,133,0.182,ms
CO,DENSE_PINN,cuda,3,1,latency_wall_batch1_ms,1,134,0.1801,ms
CO,DENSE_PINN,cuda,3,1,latency_wall_batch1_ms,1,135,0.1757,ms
CO,DENSE_PINN,cuda,3,1,latency_wall_batch1_ms,1,136,0.1818,ms
CO,DENSE_PINN,cuda,3,1,latency_wall_batch1_ms,1,137,0.177,ms
CO,DENSE_PINN,cuda,3,1,latency_wall_batch1_ms,1,138,0.1789,ms
CO,DENSE_PINN,cuda,3,1,latency_wall_batch1_ms,1,139,0.1807,ms
CO,DENSE_PINN,cuda,3,1,latency_wall_batch1_ms,1,140,0.1775,ms
CO,DENSE_PINN,cuda,3,1,latency_wall_batch1_ms,1,141,0.1796,ms
CO,DENSE_PINN,cuda,3,1,latency_wall_batch1_ms,1,142,0.1769,ms
CO,DENSE_PINN,cuda,3,1,latency_wall_batch1_ms,1,143,0.1802,ms
CO,DENSE_PINN,cuda,3,1,latency_wall_batch1_ms,1,144,0.1846,ms
CO,DENSE_PINN,cuda,3,1,latency_wall_batch1_ms,1,145,0.1818,ms
CO,DENSE_PINN,cuda,3,1,latency_wall_batch1_ms,1,146,0.1492,ms
CO,DENSE_PINN,cuda,3,1,latency_wall_batch1_ms,1,147,0.1801,ms
CO,DENSE_PINN,cuda,3,1,latency_wall_batch1_ms,1,148,0.1807,ms
CO,DENSE_PINN,cuda,3,1,latency_wall_batch1_ms,1,149,0.1745,ms
CO,DENSE_PINN,cuda,3,1,latency_wall_batch1_ms,1,150,0.1809,ms
CO,DENSE_PINN,cuda,3,1,latency_wall_batch1_ms,1,151,0.1739,ms
CO,DENSE_PINN,cuda,3,1,latency_wall_batch1_ms,1,152,0.18,ms
CO,DENSE_PINN,cuda,3,1,latency_wall_batch1_ms,1,153,0.1691,ms
CO,DENSE_PINN,cuda,3,1,latency_wall_batch1_ms,1,154,0.1544,ms
CO,DENSE_PINN,cuda,3,1,latency_wall_batch1_ms,1,155,0.1825,ms
CO,DENSE_PINN,cuda,3,1,latency_wall_batch1_ms,1,156,0.1815,ms
CO,DENSE_PINN,cuda,3,1,latency_wall_batch1_ms,1,157,0.1796,ms
CO,DENSE_PINN,cuda,3,1,latency_wall_batch1_ms,1,158,0.5205,ms
CO,DENSE_PINN,cuda,3,1,latency_wall_batch1_ms,1,159,0.4502,ms
CO,DENSE_PINN,cuda,3,1,latency_wall_batch1_ms,1,160,0.4433,ms
CO,DENSE_PINN,cuda,3,1,latency_wall_batch1_ms,1,161,0.4237,ms
CO,DENSE_PINN,cuda,3,1,latency_wall_batch1_ms,1,162,0.446,ms
CO,DENSE_PINN,cuda,3,1,latency_wall_batch1_ms,1,163,0.4407,ms
CO,DENSE_PINN,cuda,3,1,latency_wall_batch1_ms,1,164,0.4329,ms
CO,DENSE_PINN,cuda,3,1,latency_wall_batch1_ms,1,165,0.4294,ms
CO,DENSE_PINN,cuda,3,1,latency_wall_batch1_ms,1,166,0.4345,ms
CO,DENSE_PINN,cuda,3,1,latency_wall_batch1_ms,1,167,0.4402,ms
CO,DENSE_PINN,cuda,3,1,latency_wall_batch1_ms,1,168,0.4377,ms
CO,DENSE_PINN,cuda,3,1,latency_wall_batch1_ms,1,169,0.4594,ms
CO,DENSE_PINN,cuda,3,1,latency_wall_batch1_ms,1,170,0.44,ms
CO,DENSE_PINN,cuda,3,1,latency_wall_batch1_ms,1,171,0.4292,ms
CO,DENSE_PINN,cuda,3,1,latency_wall_batch1_ms,1,172,0.4297,ms
CO,DENSE_PINN,cuda,3,1,latency_wall_batch1_ms,1,173,0.4259,ms
CO,DENSE_PINN,cuda,3,1,latency_wall_batch1_ms,1,174,0.4379,ms
CO,DENSE_PINN,cuda,3,1,latency_wall_batch1_ms,1,175,0.4218,ms
CO,DENSE_PINN,cuda,3,1,latency_wall_batch1_ms,1,176,0.4218,ms
CO,DENSE_PINN,cuda,3,1,latency_wall_batch1_ms,1,177,0.4308,ms
CO,DENSE_PINN,cuda,3,1,latency_wall_batch1_ms,1,178,0.4291,ms
CO,DENSE_PINN,cuda,3,1,latency_wall_batch1_ms,1,179,0.4298,ms
CO,DENSE_PINN,cuda,3,1,latency_wall_batch1_ms,1,180,0.4395,ms
CO,DENSE_PINN,cuda,3,1,latency_wall_batch1_ms,1,181,0.434,ms
CO,DENSE_PINN,cuda,3,1,latency_wall_batch1_ms,1,182,0.4335,ms
CO,DENSE_PINN,cuda,3,1,latency_wall_batch1_ms,1,183,0.4288,ms
CO,DENSE_PINN,cuda,3,1,latency_wall_batch1_ms,1,184,0.4189,ms
CO,DENSE_PINN,cuda,3,1,latency_wall_batch1_ms,1,185,0.4404,ms
CO,DENSE_PINN,cuda,3,1,latency_wall_batch1_ms,1,186,0.431,ms
CO,DENSE_PINN,cuda,3,1,latency_wall_batch1_ms,1,187,0.4351,ms
CO,DENSE_PINN,cuda,3,1,latency_wall_batch1_ms,1,188,0.4368,ms
CO,DENSE_PINN,cuda,3,1,latency_wall_batch1_ms,1,189,0.4206,ms
CO,DENSE_PINN,cuda,3,1,latency_wall_batch1_ms,1,190,0.4259,ms
CO,DENSE_PINN,cuda,3,1,latency_wall_batch1_ms,1,191,0.4345,ms
CO,DENSE_PINN,cuda,3,1,latency_wall_batch1_ms,1,192,0.5765,ms
CO,DENSE_PINN,cuda,3,1,latency_wall_batch1_ms,1,193,0.445,ms
CO,DENSE_PINN,cuda,3,1,latency_wall_batch1_ms,1,194,0.4464,ms
CO,DENSE_PINN,cuda,3,1,latency_wall_batch1_ms,1,195,0.4483,ms
CO,DENSE_PINN,cuda,3,1,latency_wall_batch1_ms,1,196,0.4978,ms
CO,DENSE_PINN,cuda,3,1,latency_wall_batch1_ms,1,197,0.2553,ms
CO,DENSE_PINN,cuda,3,1,latency_wall_batch1_ms,1,198,0.184,ms
CO,DENSE_PINN,cuda,3,1,latency_wall_batch1_ms,1,199,0.19,ms
CO,DENSE_PINN,cuda,3,1,latency_wall_batch1_ms,1,200,0.1871,ms
CO,DENSE_PINN,cuda,3,1,latency_wall_batch1_ms,1,201,0.1812,ms
CO,DENSE_PINN,cuda,3,1,latency_wall_batch1_ms,1,202,0.1816,ms
CO,DENSE_PINN,cuda,3,1,latency_wall_batch1_ms,1,203,0.1815,ms
CO,DENSE_PINN,cuda,3,1,latency_wall_batch1_ms,1,204,0.1811,ms
CO,DENSE_PINN,cuda,3,1,latency_wall_batch1_ms,1,205,0.1799,ms
CO,DENSE_PINN,cuda,3,1,latency_wall_batch1_ms,1,206,0.1811,ms
CO,DENSE_PINN,cuda,3,1,latency_wall_batch1_ms,1,207,0.1807,ms
CO,DENSE_PINN,cuda,3,1,latency_wall_batch1_ms,1,208,0.1813,ms
CO,DENSE_PINN,cuda,3,1,latency_wall_batch1_ms,1,209,0.1823,ms
CO,DENSE_PINN,cuda,3,1,latency_wall_batch1_ms,1,210,0.1818,ms
CO,DENSE_PINN,cuda,3,1,latency_wall_batch1_ms,1,211,0.1823,ms
CO,DENSE_PINN,cuda,3,1,latency_wall_batch1_ms,1,212,0.181,ms
CO,DENSE_PINN,cuda,3,1,latency_wall_batch1_ms,1,213,0.1802,ms
CO,DENSE_PINN,cuda,3,1,latency_wall_batch1_ms,1,214,0.1819,ms
CO,DENSE_PINN,cuda,3,1,latency_wall_batch1_ms,1,215,0.1799,ms
CO,DENSE_PINN,cuda,3,1,latency_wall_batch1_ms,1,216,0.187,ms
CO,DENSE_PINN,cuda,3,1,latency_wall_batch1_ms,1,217,0.1823,ms
CO,DENSE_PINN,cuda,3,1,latency_wall_batch1_ms,1,218,0.181,ms
CO,DENSE_PINN,cuda,3,1,latency_wall_batch1_ms,1,219,0.1802,ms
CO,DENSE_PINN,cuda,3,1,latency_wall_batch1_ms,1,220,0.1805,ms
CO,DENSE_PINN,cuda,3,1,latency_wall_batch1_ms,1,221,0.1807,ms
CO,DENSE_PINN,cuda,3,1,latency_wall_batch1_ms,1,222,0.1788,ms
CO,DENSE_PINN,cuda,3,1,latency_wall_batch1_ms,1,223,0.1809,ms
CO,DENSE_PINN,cuda,3,1,latency_wall_batch1_ms,1,224,0.1801,ms
CO,DENSE_PINN,cuda,3,1,latency_wall_batch1_ms,1,225,0.1806,ms
CO,DENSE_PINN,cuda,3,1,latency_wall_batch1_ms,1,226,0.3626,ms
CO,DENSE_PINN,cuda,3,1,latency_wall_batch1_ms,1,227,0.4397,ms
CO,DENSE_PINN,cuda,3,1,latency_wall_batch1_ms,1,228,0.431,ms
CO,DENSE_PINN,cuda,3,1,latency_wall_batch1_ms,1,229,0.4392,ms
CO,DENSE_PINN,cuda,3,1,latency_wall_batch1_ms,1,230,0.4374,ms
CO,DENSE_PINN,cuda,3,1,latency_wall_batch1_ms,1,231,0.5142,ms
CO,DENSE_PINN,cuda,3,1,latency_wall_batch1_ms,1,232,0.4361,ms
CO,DENSE_PINN,cuda,3,1,latency_wall_batch1_ms,1,233,0.4307,ms
CO,DENSE_PINN,cuda,3,1,latency_wall_batch1_ms,1,234,0.4248,ms
CO,DENSE_PINN,cuda,3,1,latency_wall_batch1_ms,1,235,0.4313,ms
CO,DENSE_PINN,cuda,3,1,latency_wall_batch1_ms,1,236,0.4345,ms
CO,DENSE_PINN,cuda,3,1,latency_wall_batch1_ms,1,237,0.4347,ms
CO,DENSE_PINN,cuda,3,1,latency_wall_batch1_ms,1,238,0.4393,ms
CO,DENSE_PINN,cuda,3,1,latency_wall_batch1_ms,1,239,0.4367,ms
CO,DENSE_PINN,cuda,3,1,latency_wall_batch1_ms,1,240,0.4391,ms
CO,DENSE_PINN,cuda,3,1,latency_wall_batch1_ms,1,241,0.4291,ms
CO,DENSE_PINN,cuda,3,1,latency_wall_batch1_ms,1,242,0.4294,ms
CO,DENSE_PINN,cuda,3,1,latency_wall_batch1_ms,1,243,0.4813,ms
CO,DENSE_PINN,cuda,3,1,latency_wall_batch1_ms,1,244,0.189,ms
CO,DENSE_PINN,cuda,3,1,latency_wall_batch1_ms,1,245,0.1653,ms
CO,DENSE_PINN,cuda,3,1,latency_wall_batch1_ms,1,246,0.202,ms
CO,DENSE_PINN,cuda,3,1,latency_wall_batch1_ms,1,247,0.181,ms
CO,DENSE_PINN,cuda,3,1,latency_wall_batch1_ms,1,248,0.1653,ms
CO,DENSE_PINN,cuda,3,1,latency_wall_batch1_ms,1,249,0.1777,ms
CO,DENSE_PINN,cuda,3,1,latency_wall_batch1_ms,1,250,0.1722,ms
CO,DENSE_PINN,cuda,3,1,latency_wall_batch1_ms,1,251,0.2033,ms
CO,DENSE_PINN,cuda,3,1,latency_wall_batch1_ms,1,252,0.4178,ms
CO,DENSE_PINN,cuda,3,1,latency_wall_batch1_ms,1,253,0.409,ms
CO,DENSE_PINN,cuda,3,1,latency_wall_batch1_ms,1,254,0.3666,ms
CO,DENSE_PINN,cuda,3,1,latency_wall_batch1_ms,1,255,0.3673,ms
CO,DENSE_PINN,cuda,3,1,latency_wall_batch1_ms,1,256,0.3569,ms
CO,DENSE_PINN,cuda,3,1,latency_wall_batch1_ms,1,257,0.4239,ms
CO,DENSE_PINN,cuda,3,1,latency_wall_batch1_ms,1,258,0.6631,ms
CO,DENSE_PINN,cuda,3,1,latency_wall_batch1_ms,1,259,0.4293,ms
CO,DENSE_PINN,cuda,3,1,latency_wall_batch1_ms,1,260,0.2005,ms
CO,DENSE_PINN,cuda,3,1,latency_wall_batch1_ms,1,261,0.1867,ms
CO,DENSE_PINN,cuda,3,1,latency_wall_batch1_ms,1,262,0.1855,ms
CO,DENSE_PINN,cuda,3,1,latency_wall_batch1_ms,1,263,0.183,ms
CO,DENSE_PINN,cuda,3,1,latency_wall_batch1_ms,1,264,0.1733,ms
CO,DENSE_PINN,cuda,3,1,latency_wall_batch1_ms,1,265,0.1811,ms
CO,DENSE_PINN,cuda,3,1,latency_wall_batch1_ms,1,266,0.184,ms
CO,DENSE_PINN,cuda,3,1,latency_wall_batch1_ms,1,267,0.166,ms
CO,DENSE_PINN,cuda,3,1,latency_wall_batch1_ms,1,268,0.301,ms
CO,DENSE_PINN,cuda,3,1,latency_wall_batch1_ms,1,269,0.195,ms
CO,DENSE_PINN,cuda,3,1,latency_wall_batch1_ms,1,270,0.1739,ms
CO,DENSE_PINN,cuda,3,1,latency_wall_batch1_ms,1,271,0.1755,ms
CO,DENSE_PINN,cuda,3,1,latency_wall_batch1_ms,1,272,0.1849,ms
CO,DENSE_PINN,cuda,3,1,latency_wall_batch1_ms,1,273,0.1769,ms
CO,DENSE_PINN,cuda,3,1,latency_wall_batch1_ms,1,274,0.175,ms
CO,DENSE_PINN,cuda,3,1,latency_wall_batch1_ms,1,275,0.1809,ms
CO,DENSE_PINN,cuda,3,1,latency_wall_batch1_ms,1,276,0.1881,ms
CO,DENSE_PINN,cuda,3,1,latency_wall_batch1_ms,1,277,0.1817,ms
CO,DENSE_PINN,cuda,3,1,latency_wall_batch1_ms,1,278,0.181,ms
CO,DENSE_PINN,cuda,3,1,latency_wall_batch1_ms,1,279,0.182,ms
CO,DENSE_PINN,cuda,3,1,latency_wall_batch1_ms,1,280,0.1806,ms
CO,DENSE_PINN,cuda,3,1,latency_wall_batch1_ms,1,281,0.1775,ms
CO,DENSE_PINN,cuda,3,1,latency_wall_batch1_ms,1,282,0.1799,ms
CO,DENSE_PINN,cuda,3,1,latency_wall_batch1_ms,1,283,0.1829,ms
CO,DENSE_PINN,cuda,3,1,latency_wall_batch1_ms,1,284,0.1862,ms
CO,DENSE_PINN,cuda,3,1,latency_wall_batch1_ms,1,285,0.1808,ms
CO,DENSE_PINN,cuda,3,1,latency_wall_batch1_ms,1,286,0.1924,ms
CO,DENSE_PINN,cuda,3,1,latency_wall_batch1_ms,1,287,0.181,ms
CO,DENSE_PINN,cuda,3,1,latency_wall_batch1_ms,1,288,0.1625,ms
CO,DENSE_PINN,cuda,3,1,latency_wall_batch1_ms,1,289,0.2489,ms
CO,DENSE_PINN,cuda,3,1,latency_wall_batch1_ms,1,290,0.2416,ms
CO,DENSE_PINN,cuda,3,1,latency_wall_batch1_ms,1,291,0.2078,ms
CO,DENSE_PINN,cuda,3,1,latency_wall_batch1_ms,1,292,0.2379,ms
CO,DENSE_PINN,cuda,3,1,latency_wall_batch1_ms,1,293,0.1931,ms
CO,DENSE_PINN,cuda,3,1,latency_wall_batch1_ms,1,294,0.1691,ms
CO,DENSE_PINN,cuda,3,1,latency_wall_batch1_ms,1,295,0.1718,ms
CO,DENSE_PINN,cuda,3,1,latency_wall_batch1_ms,1,296,0.214,ms
CO,DENSE_PINN,cuda,3,1,latency_wall_batch1_ms,1,297,0.2623,ms
CO,DENSE_PINN,cuda,3,1,latency_wall_batch1_ms,1,298,0.1808,ms
CO,DENSE_PINN,cuda,3,1,latency_wall_batch1_ms,1,299,0.1815,ms
CO,DENSE_PINN,cuda,3,1,latency_wall_batch1_ms,1,300,0.1791,ms
CO,DENSE_PINN,cuda,3,1,latency_wall_batch1_ms,1,301,0.1808,ms
CO,DENSE_PINN,cuda,3,1,latency_wall_batch1_ms,1,302,0.1784,ms
CO,DENSE_PINN,cuda,3,1,latency_wall_batch1_ms,1,303,0.2027,ms
CO,DENSE_PINN,cuda,3,1,latency_wall_batch1_ms,1,304,0.1872,ms
CO,DENSE_PINN,cuda,3,1,latency_wall_batch1_ms,1,305,0.1895,ms
CO,DENSE_PINN,cuda,3,1,latency_wall_batch1_ms,1,306,0.2252,ms
CO,DENSE_PINN,cuda,3,1,latency_wall_batch1_ms,1,307,0.1832,ms
CO,DENSE_PINN,cuda,3,1,latency_wall_batch1_ms,1,308,0.1828,ms
CO,DENSE_PINN,cuda,3,1,latency_wall_batch1_ms,1,309,0.1798,ms
CO,DENSE_PINN,cuda,3,1,latency_wall_batch1_ms,1,310,0.1795,ms
CO,DENSE_PINN,cuda,3,1,latency_wall_batch1_ms,1,311,0.1954,ms
CO,DENSE_PINN,cuda,3,1,latency_wall_batch1_ms,1,312,0.1844,ms
CO,DENSE_PINN,cuda,3,1,latency_wall_batch1_ms,1,313,0.1778,ms
CO,DENSE_PINN,cuda,3,1,latency_wall_batch1_ms,1,314,0.1798,ms
CO,DENSE_PINN,cuda,3,1,latency_wall_batch1_ms,1,315,0.1836,ms
CO,DENSE_PINN,cuda,3,1,latency_wall_batch1_ms,1,316,0.1808,ms
CO,DENSE_PINN,cuda,3,1,latency_wall_batch1_ms,1,317,0.1823,ms
CO,DENSE_PINN,cuda,3,1,latency_wall_batch1_ms,1,318,0.1811,ms
CO,DENSE_PINN,cuda,3,1,latency_wall_batch1_ms,1,319,0.1827,ms
CO,DENSE_PINN,cuda,3,1,latency_wall_batch1_ms,1,320,0.1769,ms
CO,DENSE_PINN,cuda,3,1,latency_wall_batch1_ms,1,321,0.1925,ms
CO,DENSE_PINN,cuda,3,1,latency_wall_batch1_ms,1,322,0.2034,ms
CO,DENSE_PINN,cuda,3,1,latency_wall_batch1_ms,1,323,0.1711,ms
CO,DENSE_PINN,cuda,3,1,latency_wall_batch1_ms,1,324,0.1861,ms
CO,DENSE_PINN,cuda,3,1,latency_wall_batch1_ms,1,325,0.1834,ms
CO,DENSE_PINN,cuda,3,1,latency_wall_batch1_ms,1,326,0.1835,ms
CO,DENSE_PINN,cuda,3,1,latency_wall_batch1_ms,1,327,0.1841,ms
CO,DENSE_PINN,cuda,3,1,latency_wall_batch1_ms,1,328,0.1832,ms
CO,DENSE_PINN,cuda,3,1,latency_wall_batch1_ms,1,329,0.1813,ms
CO,DENSE_PINN,cuda,3,1,latency_wall_batch1_ms,1,330,0.1831,ms
CO,DENSE_PINN,cuda,3,1,latency_wall_batch1_ms,1,331,0.1777,ms
CO,DENSE_PINN,cuda,3,1,latency_wall_batch1_ms,1,332,0.1799,ms
CO,DENSE_PINN,cuda,3,1,latency_wall_batch1_ms,1,333,0.1782,ms
CO,DENSE_PINN,cuda,3,1,latency_wall_batch1_ms,1,334,0.1814,ms
CO,DENSE_PINN,cuda,3,1,latency_wall_batch1_ms,1,335,0.2156,ms
CO,DENSE_PINN,cuda,3,1,latency_wall_batch1_ms,1,336,0.1826,ms
CO,DENSE_PINN,cuda,3,1,latency_wall_batch1_ms,1,337,0.1681,ms
CO,DENSE_PINN,cuda,3,1,latency_wall_batch1_ms,1,338,0.1714,ms
CO,DENSE_PINN,cuda,3,1,latency_wall_batch1_ms,1,339,0.1774,ms
CO,DENSE_PINN,cuda,3,1,latency_wall_batch1_ms,1,340,0.1767,ms
CO,DENSE_PINN,cuda,3,1,latency_wall_batch1_ms,1,341,0.171,ms
CO,DENSE_PINN,cuda,3,1,latency_wall_batch1_ms,1,342,0.1711,ms
CO,DENSE_PINN,cuda,3,1,latency_wall_batch1_ms,1,343,0.1813,ms
CO,DENSE_PINN,cuda,3,1,latency_wall_batch1_ms,1,344,0.1832,ms
CO,DENSE_PINN,cuda,3,1,latency_wall_batch1_ms,1,345,0.1806,ms
CO,DENSE_PINN,cuda,3,1,latency_wall_batch1_ms,1,346,0.1739,ms
CO,DENSE_PINN,cuda,3,1,latency_wall_batch1_ms,1,347,0.1814,ms
CO,DENSE_PINN,cuda,3,1,latency_wall_batch1_ms,1,348,0.1804,ms
CO,DENSE_PINN,cuda,3,1,latency_wall_batch1_ms,1,349,0.1802,ms
CO,DENSE_PINN,cuda,3,1,latency_wall_batch1_ms,1,350,0.1767,ms
CO,DENSE_PINN,cuda,3,1,latency_wall_batch1_ms,1,351,0.4677,ms
CO,DENSE_PINN,cuda,3,1,latency_wall_batch1_ms,1,352,0.445,ms
CO,DENSE_PINN,cuda,3,1,latency_wall_batch1_ms,1,353,0.4365,ms
CO,DENSE_PINN,cuda,3,1,latency_wall_batch1_ms,1,354,0.5121,ms
CO,DENSE_PINN,cuda,3,1,latency_wall_batch1_ms,1,355,0.4255,ms
CO,DENSE_PINN,cuda,3,1,latency_wall_batch1_ms,1,356,0.4354,ms
CO,DENSE_PINN,cuda,3,1,latency_wall_batch1_ms,1,357,0.5465,ms
CO,DENSE_PINN,cuda,3,1,latency_wall_batch1_ms,1,358,0.4314,ms
CO,DENSE_PINN,cuda,3,1,latency_wall_batch1_ms,1,359,0.4376,ms
CO,DENSE_PINN,cuda,3,1,latency_wall_batch1_ms,1,360,0.432,ms
CO,DENSE_PINN,cuda,3,1,latency_wall_batch1_ms,1,361,0.4354,ms
CO,DENSE_PINN,cuda,3,1,latency_wall_batch1_ms,1,362,0.4268,ms
CO,DENSE_PINN,cuda,3,1,latency_wall_batch1_ms,1,363,0.4272,ms
CO,DENSE_PINN,cuda,3,1,latency_wall_batch1_ms,1,364,0.4233,ms
CO,DENSE_PINN,cuda,3,1,latency_wall_batch1_ms,1,365,0.4188,ms
CO,DENSE_PINN,cuda,3,1,latency_wall_batch1_ms,1,366,0.4262,ms
CO,DENSE_PINN,cuda,3,1,latency_wall_batch1_ms,1,367,0.425,ms
CO,DENSE_PINN,cuda,3,1,latency_wall_batch1_ms,1,368,0.531,ms
CO,DENSE_PINN,cuda,3,1,latency_wall_batch1_ms,1,369,0.4609,ms
CO,DENSE_PINN,cuda,3,1,latency_wall_batch1_ms,1,370,0.4296,ms
CO,DENSE_PINN,cuda,3,1,latency_wall_batch1_ms,1,371,0.4372,ms
CO,DENSE_PINN,cuda,3,1,latency_wall_batch1_ms,1,372,0.4453,ms
CO,DENSE_PINN,cuda,3,1,latency_wall_batch1_ms,1,373,0.4219,ms
CO,DENSE_PINN,cuda,3,1,latency_wall_batch1_ms,1,374,0.4296,ms
CO,DENSE_PINN,cuda,3,1,latency_wall_batch1_ms,1,375,0.4147,ms
CO,DENSE_PINN,cuda,3,1,latency_wall_batch1_ms,1,376,0.5309,ms
CO,DENSE_PINN,cuda,3,1,latency_wall_batch1_ms,1,377,0.3197,ms
CO,DENSE_PINN,cuda,3,1,latency_wall_batch1_ms,1,378,0.2022,ms
CO,DENSE_PINN,cuda,3,1,latency_wall_batch1_ms,1,379,0.194,ms
CO,DENSE_PINN,cuda,3,1,latency_wall_batch1_ms,1,380,0.1873,ms
CO,DENSE_PINN,cuda,3,1,latency_wall_batch1_ms,1,381,0.1839,ms
CO,DENSE_PINN,cuda,3,1,latency_wall_batch1_ms,1,382,0.1844,ms
CO,DENSE_PINN,cuda,3,1,latency_wall_batch1_ms,1,383,0.1851,ms
CO,DENSE_PINN,cuda,3,1,latency_wall_batch1_ms,1,384,0.1842,ms
CO,DENSE_PINN,cuda,3,1,latency_wall_batch1_ms,1,385,0.3442,ms
CO,DENSE_PINN,cuda,3,1,latency_wall_batch1_ms,1,386,0.4399,ms
CO,DENSE_PINN,cuda,3,1,latency_wall_batch1_ms,1,387,0.4362,ms
CO,DENSE_PINN,cuda,3,1,latency_wall_batch1_ms,1,388,0.214,ms
CO,DENSE_PINN,cuda,3,1,latency_wall_batch1_ms,1,389,0.1916,ms
CO,DENSE_PINN,cuda,3,1,latency_wall_batch1_ms,1,390,0.1868,ms
CO,DENSE_PINN,cuda,3,1,latency_wall_batch1_ms,1,391,0.1758,ms
CO,DENSE_PINN,cuda,3,1,latency_wall_batch1_ms,1,392,0.1878,ms
CO,DENSE_PINN,cuda,3,1,latency_wall_batch1_ms,1,393,0.1844,ms
CO,DENSE_PINN,cuda,3,1,latency_wall_batch1_ms,1,394,0.1791,ms
CO,DENSE_PINN,cuda,3,1,latency_wall_batch1_ms,1,395,0.1814,ms
CO,DENSE_PINN,cuda,3,1,latency_wall_batch1_ms,1,396,0.1892,ms
CO,DENSE_PINN,cuda,3,1,latency_wall_batch1_ms,1,397,0.1891,ms
CO,DENSE_PINN,cuda,3,1,latency_wall_batch1_ms,1,398,0.1813,ms
CO,DENSE_PINN,cuda,3,1,latency_wall_batch1_ms,1,399,0.1807,ms
CO,DENSE_PINN,cuda,3,1,throughput_rows_s,1,0,1931.2475859405176,rows/s
CO,DENSE_PINN,cuda,3,1,throughput_rows_s,1,1,1960.0156801254413,rows/s
CO,DENSE_PINN,cuda,3,1,throughput_rows_s,1,2,2340.823970037453,rows/s
CO,DENSE_PINN,cuda,3,1,throughput_rows_s,1,3,2308.9355806972985,rows/s
CO,DENSE_PINN,cuda,3,1,throughput_rows_s,1,4,2320.185614849188,rows/s
CO,DENSE_PINN,cuda,3,1,throughput_rows_s,1,5,2328.2887077997675,rows/s
CO,DENSE_PINN,cuda,3,1,throughput_rows_s,1,6,2299.9080036798528,rows/s
CO,DENSE_PINN,cuda,3,1,throughput_rows_s,1,7,2320.185614849188,rows/s
CO,DENSE_PINN,cuda,3,1,throughput_rows_s,1,8,1605.1364365971108,rows/s
CO,DENSE_PINN,cuda,3,1,throughput_rows_s,1,9,2289.901534234028,rows/s
CO,DENSE_PINN,cuda,3,1,throughput_rows_s,1,10,2355.7126030624268,rows/s
CO,DENSE_PINN,cuda,3,1,throughput_rows_s,1,11,2281.5423226100843,rows/s
CO,DENSE_PINN,cuda,3,1,throughput_rows_s,1,12,2303.086135421465,rows/s
CO,DENSE_PINN,cuda,3,1,throughput_rows_s,1,13,2308.402585410896,rows/s
CO,DENSE_PINN,cuda,3,1,throughput_rows_s,1,14,2328.2887077997675,rows/s
CO,DENSE_PINN,cuda,3,1,throughput_rows_s,1,15,2316.4234422052355,rows/s
CO,DENSE_PINN,cuda,3,1,throughput_rows_s,1,16,2367.9848448969924,rows/s
CO,DENSE_PINN,cuda,3,1,throughput_rows_s,1,17,2299.3791676247415,rows/s
CO,DENSE_PINN,cuda,3,1,throughput_rows_s,1,18,2260.397830018083,rows/s
CO,DENSE_PINN,cuda,3,1,throughput_rows_s,1,19,2364.066193853428,rows/s
CO,DENSE_PINN,cuda,3,1,throughput_rows_s,1,20,2353.4949399858792,rows/s
CO,DENSE_PINN,cuda,3,1,throughput_rows_s,1,21,2296.738631143776,rows/s
CO,DENSE_PINN,cuda,3,1,throughput_rows_s,1,22,1936.4833462432225,rows/s
CO,DENSE_PINN,cuda,3,1,throughput_rows_s,1,23,1926.0400616332818,rows/s
CO,DENSE_PINN,cuda,3,1,throughput_rows_s,16,0,36314.11711302769,rows/s
CO,DENSE_PINN,cuda,3,1,throughput_rows_s,16,1,35273.36860670194,rows/s
CO,DENSE_PINN,cuda,3,1,throughput_rows_s,16,2,34828.036569438395,rows/s
CO,DENSE_PINN,cuda,3,1,throughput_rows_s,16,3,37878.78787878788,rows/s
CO,DENSE_PINN,cuda,3,1,throughput_rows_s,16,4,36773.15559641462,rows/s
CO,DENSE_PINN,cuda,3,1,throughput_rows_s,16,5,36891.86073322574,rows/s
CO,DENSE_PINN,cuda,3,1,throughput_rows_s,16,6,31231.700175678317,rows/s
CO,DENSE_PINN,cuda,3,1,throughput_rows_s,16,7,33826.63847780127,rows/s
CO,DENSE_PINN,cuda,3,1,throughput_rows_s,16,8,37348.272642390286,rows/s
CO,DENSE_PINN,cuda,3,1,throughput_rows_s,16,9,37523.4521575985,rows/s
CO,DENSE_PINN,cuda,3,1,throughput_rows_s,16,10,38231.78016726404,rows/s
CO,DENSE_PINN,cuda,3,1,throughput_rows_s,16,11,37192.003719200366,rows/s
CO,DENSE_PINN,cuda,3,1,throughput_rows_s,16,12,31415.668564696643,rows/s
CO,DENSE_PINN,cuda,3,1,throughput_rows_s,16,13,36815.462494247586,rows/s
CO,DENSE_PINN,cuda,3,1,throughput_rows_s,16,14,36722.51549231123,rows/s
CO,DENSE_PINN,cuda,3,1,throughput_rows_s,16,15,37488.28491096532,rows/s
CO,DENSE_PINN,cuda,3,1,throughput_rows_s,16,16,27481.96496049467,rows/s
CO,DENSE_PINN,cuda,3,1,throughput_rows_s,16,17,74384.00743840073,rows/s
CO,DENSE_PINN,cuda,3,1,throughput_rows_s,16,18,32546.786004882015,rows/s
CO,DENSE_PINN,cuda,3,1,throughput_rows_s,16,19,36289.408029031525,rows/s
CO,DENSE_PINN,cuda,3,1,throughput_rows_s,16,20,36739.38002296211,rows/s
CO,DENSE_PINN,cuda,3,1,throughput_rows_s,16,21,35922.76605298607,rows/s
CO,DENSE_PINN,cuda,3,1,throughput_rows_s,16,22,34312.674244048896,rows/s
CO,DENSE_PINN,cuda,3,1,throughput_rows_s,16,23,36504.67716176135,rows/s
CO,DENSE_PINN,cuda,3,1,throughput_rows_s,64,0,137398.024903392,rows/s
CO,DENSE_PINN,cuda,3,1,throughput_rows_s,64,1,141000.22031284423,rows/s
CO,DENSE_PINN,cuda,3,1,throughput_rows_s,64,2,131795.71663920922,rows/s
CO,DENSE_PINN,cuda,3,1,throughput_rows_s,64,3,141405.21431727795,rows/s
CO,DENSE_PINN,cuda,3,1,throughput_rows_s,64,4,141906.87361419067,rows/s
CO,DENSE_PINN,cuda,3,1,throughput_rows_s,64,5,143787.91282857786,rows/s
CO,DENSE_PINN,cuda,3,1,throughput_rows_s,64,6,125514.80682486763,rows/s
CO,DENSE_PINN,cuda,3,1,throughput_rows_s,64,7,136518.77133105803,rows/s
CO,DENSE_PINN,cuda,3,1,throughput_rows_s,64,8,140135.75651412306,rows/s
CO,DENSE_PINN,cuda,3,1,throughput_rows_s,64,9,141781.12538768275,rows/s
CO,DENSE_PINN,cuda,3,1,throughput_rows_s,64,10,118015.85838096993,rows/s
CO,DENSE_PINN,cuda,3,1,throughput_rows_s,64,11,138050.04314063847,rows/s
CO,DENSE_PINN,cuda,3,1,throughput_rows_s,64,12,139433.55119825708,rows/s
CO,DENSE_PINN,cuda,3,1,throughput_rows_s,64,13,137901.3143719026,rows/s
CO,DENSE_PINN,cuda,3,1,throughput_rows_s,64,14,137604.81616856589,rows/s
CO,DENSE_PINN,cuda,3,1,throughput_rows_s,64,15,141624.2531533525,rows/s
CO,DENSE_PINN,cuda,3,1,throughput_rows_s,64,16,99194.04835709858,rows/s
CO,DENSE_PINN,cuda,3,1,throughput_rows_s,64,17,113757.55421258442,rows/s
CO,DENSE_PINN,cuda,3,1,throughput_rows_s,64,18,137664.0137664014,rows/s
CO,DENSE_PINN,cuda,3,1,throughput_rows_s,64,19,141093.47442680775,rows/s
CO,DENSE_PINN,cuda,3,1,throughput_rows_s,64,20,141686.9603719283,rows/s
CO,DENSE_PINN,cuda,3,1,throughput_rows_s,64,21,298368.29836829833,rows/s
CO,DENSE_PINN,cuda,3,1,throughput_rows_s,64,22,332294.9117341641,rows/s
CO,DENSE_PINN,cuda,3,1,throughput_rows_s,64,23,310227.82355792535,rows/s
CO,DENSE_PINN,cuda,3,1,throughput_rows_s,256,0,314883.14883148833,rows/s
CO,DENSE_PINN,cuda,3,1,throughput_rows_s,256,1,1187935.0348027842,rows/s
CO,DENSE_PINN,cuda,3,1,throughput_rows_s,256,2,1219047.6190476192,rows/s
CO,DENSE_PINN,cuda,3,1,throughput_rows_s,256,3,914612.3615576993,rows/s
CO,DENSE_PINN,cuda,3,1,throughput_rows_s,256,4,1153672.825597116,rows/s
CO,DENSE_PINN,cuda,3,1,throughput_rows_s,256,5,1377084.4540075308,rows/s
CO,DENSE_PINN,cuda,3,1,throughput_rows_s,256,6,1304791.0295616717,rows/s
CO,DENSE_PINN,cuda,3,1,throughput_rows_s,256,7,1277445.1097804392,rows/s
CO,DENSE_PINN,cuda,3,1,throughput_rows_s,256,8,1293582.6174835777,rows/s
CO,DENSE_PINN,cuda,3,1,throughput_rows_s,256,9,1271733.7307501242,rows/s
CO,DENSE_PINN,cuda,3,1,throughput_rows_s,256,10,1242115.4779233383,rows/s
CO,DENSE_PINN,cuda,3,1,throughput_rows_s,256,11,1219628.3944735588,rows/s
CO,DENSE_PINN,cuda,3,1,throughput_rows_s,256,12,1304791.0295616717,rows/s
CO,DENSE_PINN,cuda,3,1,throughput_rows_s,256,13,1300152.3616048757,rows/s
CO,DENSE_PINN,cuda,3,1,throughput_rows_s,256,14,1434977.5784753363,rows/s
CO,DENSE_PINN,cuda,3,1,throughput_rows_s,256,15,1227817.7458033573,rows/s
CO,DENSE_PINN,cuda,3,1,throughput_rows_s,256,16,1429369.0675600222,rows/s
CO,DENSE_PINN,cuda,3,1,throughput_rows_s,256,17,1371183.7171933583,rows/s
CO,DENSE_PINN,cuda,3,1,throughput_rows_s,256,18,1320268.1794739556,rows/s
CO,DENSE_PINN,cuda,3,1,throughput_rows_s,256,19,1362426.8227780734,rows/s
CO,DENSE_PINN,cuda,3,1,throughput_rows_s,256,20,1292276.627965674,rows/s
CO,DENSE_PINN,cuda,3,1,throughput_rows_s,256,21,1232546.9427058257,rows/s
CO,DENSE_PINN,cuda,3,1,throughput_rows_s,256,22,1105354.0587219344,rows/s
CO,DENSE_PINN,cuda,3,1,throughput_rows_s,256,23,1242115.4779233383,rows/s
CO,DENSE_PINN,cuda,3,1,throughput_rows_s,1024,0,5473009.08605024,rows/s
CO,DENSE_PINN,cuda,3,1,throughput_rows_s,1024,1,5213849.287169043,rows/s
CO,DENSE_PINN,cuda,3,1,throughput_rows_s,1024,2,5676274.944567627,rows/s
CO,DENSE_PINN,cuda,3,1,throughput_rows_s,1024,3,5484734.868773433,rows/s
CO,DENSE_PINN,cuda,3,1,throughput_rows_s,1024,4,4951644.10058027,rows/s
CO,DENSE_PINN,cuda,3,1,throughput_rows_s,1024,5,5443912.812333865,rows/s
CO,DENSE_PINN,cuda,3,1,throughput_rows_s,1024,6,5361256.544502618,rows/s
CO,DENSE_PINN,cuda,3,1,throughput_rows_s,1024,7,5508337.816030123,rows/s
CO,DENSE_PINN,cuda,3,1,throughput_rows_s,1024,8,5470085.47008547,rows/s
CO,DENSE_PINN,cuda,3,1,throughput_rows_s,1024,9,6073546.856465005,rows/s
CO,DENSE_PINN,cuda,3,1,throughput_rows_s,1024,10,5406546.990496304,rows/s
CO,DENSE_PINN,cuda,3,1,throughput_rows_s,1024,11,5441020.191285866,rows/s
CO,DENSE_PINN,cuda,3,1,throughput_rows_s,1024,12,5881677.1970132105,rows/s
CO,DENSE_PINN,cuda,3,1,throughput_rows_s,1024,13,5592572.364827963,rows/s
CO,DENSE_PINN,cuda,3,1,throughput_rows_s,1024,14,5049309.66469428,rows/s
CO,DENSE_PINN,cuda,3,1,throughput_rows_s,1024,15,5272914.521112256,rows/s
CO,DENSE_PINN,cuda,3,1,throughput_rows_s,1024,16,5449707.2911122935,rows/s
CO,DENSE_PINN,cuda,3,1,throughput_rows_s,1024,17,5487674.169346196,rows/s
CO,DENSE_PINN,cuda,3,1,throughput_rows_s,1024,18,5626373.626373626,rows/s
CO,DENSE_PINN,cuda,3,1,throughput_rows_s,1024,19,5743129.556926528,rows/s
CO,DENSE_PINN,cuda,3,1,throughput_rows_s,1024,20,5759280.089988751,rows/s
CO,DENSE_PINN,cuda,3,1,throughput_rows_s,1024,21,5344467.640918581,rows/s
CO,DENSE_PINN,cuda,3,1,throughput_rows_s,1024,22,5245901.639344262,rows/s
CO,DENSE_PINN,cuda,3,1,throughput_rows_s,1024,23,5577342.047930283,rows/s
CO,DENSE_PINN,cuda,3,1,throughput_rows_s,4096,0,24526946.107784428,rows/s
CO,DENSE_PINN,cuda,3,1,throughput_rows_s,4096,1,24749244.712990936,rows/s
CO,DENSE_PINN,cuda,3,1,throughput_rows_s,4096,2,24193738.924985234,rows/s
CO,DENSE_PINN,cuda,3,1,throughput_rows_s,4096,3,22068965.51724138,rows/s
CO,DENSE_PINN,cuda,3,1,throughput_rows_s,4096,4,25006105.006105006,rows/s
CO,DENSE_PINN,cuda,3,1,throughput_rows_s,4096,5,14182825.484764542,rows/s
CO,DENSE_PINN,cuda,3,1,throughput_rows_s,4096,6,6009389.671361502,rows/s
CO,DENSE_PINN,cuda,3,1,throughput_rows_s,4096,7,9910476.65134285,rows/s
CO,DENSE_PINN,cuda,3,1,throughput_rows_s,4096,8,19248120.30075188,rows/s
CO,DENSE_PINN,cuda,3,1,throughput_rows_s,4096,9,22908277.404921703,rows/s
CO,DENSE_PINN,cuda,3,1,throughput_rows_s,4096,10,24251036.116045,rows/s
CO,DENSE_PINN,cuda,3,1,throughput_rows_s,4096,11,24645006.016847175,rows/s
CO,DENSE_PINN,cuda,3,1,throughput_rows_s,4096,12,25504358.655043587,rows/s
CO,DENSE_PINN,cuda,3,1,throughput_rows_s,4096,13,17109440.267335005,rows/s
CO,DENSE_PINN,cuda,3,1,throughput_rows_s,4096,14,23167420.814479638,rows/s
CO,DENSE_PINN,cuda,3,1,throughput_rows_s,4096,15,23703703.703703705,rows/s
CO,DENSE_PINN,cuda,3,1,throughput_rows_s,4096,16,22755555.555555556,rows/s
CO,DENSE_PINN,cuda,3,1,throughput_rows_s,4096,17,13394375.408763899,rows/s
CO,DENSE_PINN,cuda,3,1,throughput_rows_s,4096,18,18559130.040779337,rows/s
CO,DENSE_PINN,cuda,3,1,throughput_rows_s,4096,19,23953216.374269005,rows/s
CO,DENSE_PINN,cuda,3,1,throughput_rows_s,4096,20,21822056.473095365,rows/s
CO,DENSE_PINN,cuda,3,1,throughput_rows_s,4096,21,23180531.97509904,rows/s
CO,DENSE_PINN,cuda,3,1,throughput_rows_s,4096,22,24482964.73401076,rows/s
CO,DENSE_PINN,cuda,3,1,throughput_rows_s,4096,23,25425201.738050904,rows/s
CO,TT_PINN,cuda,3,2,latency_wall_batch1_ms,1,0,1.3433,ms
CO,TT_PINN,cuda,3,2,latency_wall_batch1_ms,1,1,1.2406,ms
CO,TT_PINN,cuda,3,2,latency_wall_batch1_ms,1,2,1.2061,ms
CO,TT_PINN,cuda,3,2,latency_wall_batch1_ms,1,3,1.2138,ms
CO,TT_PINN,cuda,3,2,latency_wall_batch1_ms,1,4,1.2255,ms
CO,TT_PINN,cuda,3,2,latency_wall_batch1_ms,1,5,1.2404,ms
CO,TT_PINN,cuda,3,2,latency_wall_batch1_ms,1,6,1.2166,ms
CO,TT_PINN,cuda,3,2,latency_wall_batch1_ms,1,7,1.205,ms
CO,TT_PINN,cuda,3,2,latency_wall_batch1_ms,1,8,1.2252,ms
CO,TT_PINN,cuda,3,2,latency_wall_batch1_ms,1,9,1.1968,ms
CO,TT_PINN,cuda,3,2,latency_wall_batch1_ms,1,10,1.1812,ms
CO,TT_PINN,cuda,3,2,latency_wall_batch1_ms,1,11,1.9493,ms
CO,TT_PINN,cuda,3,2,latency_wall_batch1_ms,1,12,1.4264,ms
CO,TT_PINN,cuda,3,2,latency_wall_batch1_ms,1,13,1.2083,ms
CO,TT_PINN,cuda,3,2,latency_wall_batch1_ms,1,14,1.1737,ms
CO,TT_PINN,cuda,3,2,latency_wall_batch1_ms,1,15,1.1997,ms
CO,TT_PINN,cuda,3,2,latency_wall_batch1_ms,1,16,1.2343,ms
CO,TT_PINN,cuda,3,2,latency_wall_batch1_ms,1,17,1.1838,ms
CO,TT_PINN,cuda,3,2,latency_wall_batch1_ms,1,18,1.1892,ms
CO,TT_PINN,cuda,3,2,latency_wall_batch1_ms,1,19,1.2166,ms
CO,TT_PINN,cuda,3,2,latency_wall_batch1_ms,1,20,1.1959,ms
CO,TT_PINN,cuda,3,2,latency_wall_batch1_ms,1,21,1.2239,ms
CO,TT_PINN,cuda,3,2,latency_wall_batch1_ms,1,22,1.1971,ms
CO,TT_PINN,cuda,3,2,latency_wall_batch1_ms,1,23,1.2033,ms
CO,TT_PINN,cuda,3,2,latency_wall_batch1_ms,1,24,1.4924,ms
CO,TT_PINN,cuda,3,2,latency_wall_batch1_ms,1,25,1.3912,ms
CO,TT_PINN,cuda,3,2,latency_wall_batch1_ms,1,26,1.2149,ms
CO,TT_PINN,cuda,3,2,latency_wall_batch1_ms,1,27,1.2224,ms
CO,TT_PINN,cuda,3,2,latency_wall_batch1_ms,1,28,1.1904,ms
CO,TT_PINN,cuda,3,2,latency_wall_batch1_ms,1,29,1.1659,ms
CO,TT_PINN,cuda,3,2,latency_wall_batch1_ms,1,30,1.1516,ms
CO,TT_PINN,cuda,3,2,latency_wall_batch1_ms,1,31,1.1606,ms
CO,TT_PINN,cuda,3,2,latency_wall_batch1_ms,1,32,1.2012,ms
CO,TT_PINN,cuda,3,2,latency_wall_batch1_ms,1,33,1.2,ms
CO,TT_PINN,cuda,3,2,latency_wall_batch1_ms,1,34,1.2134,ms
CO,TT_PINN,cuda,3,2,latency_wall_batch1_ms,1,35,1.1773,ms
CO,TT_PINN,cuda,3,2,latency_wall_batch1_ms,1,36,1.1639,ms
CO,TT_PINN,cuda,3,2,latency_wall_batch1_ms,1,37,1.3145,ms
CO,TT_PINN,cuda,3,2,latency_wall_batch1_ms,1,38,1.1596,ms
CO,TT_PINN,cuda,3,2,latency_wall_batch1_ms,1,39,1.2085,ms
CO,TT_PINN,cuda,3,2,latency_wall_batch1_ms,1,40,1.2194,ms
CO,TT_PINN,cuda,3,2,latency_wall_batch1_ms,1,41,1.195,ms
CO,TT_PINN,cuda,3,2,latency_wall_batch1_ms,1,42,1.2125,ms
CO,TT_PINN,cuda,3,2,latency_wall_batch1_ms,1,43,1.2023,ms
CO,TT_PINN,cuda,3,2,latency_wall_batch1_ms,1,44,1.1899,ms
CO,TT_PINN,cuda,3,2,latency_wall_batch1_ms,1,45,1.1933,ms
CO,TT_PINN,cuda,3,2,latency_wall_batch1_ms,1,46,1.2129,ms
CO,TT_PINN,cuda,3,2,latency_wall_batch1_ms,1,47,1.2341,ms
CO,TT_PINN,cuda,3,2,latency_wall_batch1_ms,1,48,1.1992,ms
CO,TT_PINN,cuda,3,2,latency_wall_batch1_ms,1,49,1.7917,ms
CO,TT_PINN,cuda,3,2,latency_wall_batch1_ms,1,50,1.5234,ms
CO,TT_PINN,cuda,3,2,latency_wall_batch1_ms,1,51,1.3387,ms
CO,TT_PINN,cuda,3,2,latency_wall_batch1_ms,1,52,1.2255,ms
CO,TT_PINN,cuda,3,2,latency_wall_batch1_ms,1,53,1.3977,ms
CO,TT_PINN,cuda,3,2,latency_wall_batch1_ms,1,54,1.2113,ms
CO,TT_PINN,cuda,3,2,latency_wall_batch1_ms,1,55,1.3527,ms
CO,TT_PINN,cuda,3,2,latency_wall_batch1_ms,1,56,1.2363,ms
CO,TT_PINN,cuda,3,2,latency_wall_batch1_ms,1,57,1.2039,ms
CO,TT_PINN,cuda,3,2,latency_wall_batch1_ms,1,58,1.2024,ms
CO,TT_PINN,cuda,3,2,latency_wall_batch1_ms,1,59,1.1781,ms
CO,TT_PINN,cuda,3,2,latency_wall_batch1_ms,1,60,1.762,ms
CO,TT_PINN,cuda,3,2,latency_wall_batch1_ms,1,61,1.599,ms
CO,TT_PINN,cuda,3,2,latency_wall_batch1_ms,1,62,1.4518,ms
CO,TT_PINN,cuda,3,2,latency_wall_batch1_ms,1,63,1.4173,ms
CO,TT_PINN,cuda,3,2,latency_wall_batch1_ms,1,64,1.2068,ms
CO,TT_PINN,cuda,3,2,latency_wall_batch1_ms,1,65,1.2074,ms
CO,TT_PINN,cuda,3,2,latency_wall_batch1_ms,1,66,1.2099,ms
CO,TT_PINN,cuda,3,2,latency_wall_batch1_ms,1,67,1.256,ms
CO,TT_PINN,cuda,3,2,latency_wall_batch1_ms,1,68,1.2187,ms
CO,TT_PINN,cuda,3,2,latency_wall_batch1_ms,1,69,1.1884,ms
CO,TT_PINN,cuda,3,2,latency_wall_batch1_ms,1,70,1.1932,ms
CO,TT_PINN,cuda,3,2,latency_wall_batch1_ms,1,71,1.243,ms
CO,TT_PINN,cuda,3,2,latency_wall_batch1_ms,1,72,1.2122,ms
CO,TT_PINN,cuda,3,2,latency_wall_batch1_ms,1,73,1.1867,ms
CO,TT_PINN,cuda,3,2,latency_wall_batch1_ms,1,74,1.2886,ms
CO,TT_PINN,cuda,3,2,latency_wall_batch1_ms,1,75,1.5235,ms
CO,TT_PINN,cuda,3,2,latency_wall_batch1_ms,1,76,1.2376,ms
CO,TT_PINN,cuda,3,2,latency_wall_batch1_ms,1,77,1.3358,ms
CO,TT_PINN,cuda,3,2,latency_wall_batch1_ms,1,78,1.1985,ms
CO,TT_PINN,cuda,3,2,latency_wall_batch1_ms,1,79,1.3629,ms
CO,TT_PINN,cuda,3,2,latency_wall_batch1_ms,1,80,1.2064,ms
CO,TT_PINN,cuda,3,2,latency_wall_batch1_ms,1,81,1.2215,ms
CO,TT_PINN,cuda,3,2,latency_wall_batch1_ms,1,82,1.2292,ms
CO,TT_PINN,cuda,3,2,latency_wall_batch1_ms,1,83,1.2302,ms
CO,TT_PINN,cuda,3,2,latency_wall_batch1_ms,1,84,1.2503,ms
CO,TT_PINN,cuda,3,2,latency_wall_batch1_ms,1,85,1.266,ms
CO,TT_PINN,cuda,3,2,latency_wall_batch1_ms,1,86,1.1877,ms
CO,TT_PINN,cuda,3,2,latency_wall_batch1_ms,1,87,1.3698,ms
CO,TT_PINN,cuda,3,2,latency_wall_batch1_ms,1,88,1.235,ms
CO,TT_PINN,cuda,3,2,latency_wall_batch1_ms,1,89,1.2271,ms
CO,TT_PINN,cuda,3,2,latency_wall_batch1_ms,1,90,1.2285,ms
CO,TT_PINN,cuda,3,2,latency_wall_batch1_ms,1,91,1.2199,ms
CO,TT_PINN,cuda,3,2,latency_wall_batch1_ms,1,92,1.1891,ms
CO,TT_PINN,cuda,3,2,latency_wall_batch1_ms,1,93,1.1507,ms
CO,TT_PINN,cuda,3,2,latency_wall_batch1_ms,1,94,1.2258,ms
CO,TT_PINN,cuda,3,2,latency_wall_batch1_ms,1,95,1.4215,ms
CO,TT_PINN,cuda,3,2,latency_wall_batch1_ms,1,96,1.2155,ms
CO,TT_PINN,cuda,3,2,latency_wall_batch1_ms,1,97,1.2106,ms
CO,TT_PINN,cuda,3,2,latency_wall_batch1_ms,1,98,1.2038,ms
CO,TT_PINN,cuda,3,2,latency_wall_batch1_ms,1,99,1.8113,ms
CO,TT_PINN,cuda,3,2,latency_wall_batch1_ms,1,100,1.2718,ms
CO,TT_PINN,cuda,3,2,latency_wall_batch1_ms,1,101,1.499,ms
CO,TT_PINN,cuda,3,2,latency_wall_batch1_ms,1,102,1.4452,ms
CO,TT_PINN,cuda,3,2,latency_wall_batch1_ms,1,103,1.2142,ms
CO,TT_PINN,cuda,3,2,latency_wall_batch1_ms,1,104,1.2008,ms
CO,TT_PINN,cuda,3,2,latency_wall_batch1_ms,1,105,1.2264,ms
CO,TT_PINN,cuda,3,2,latency_wall_batch1_ms,1,106,1.1929,ms
CO,TT_PINN,cuda,3,2,latency_wall_batch1_ms,1,107,1.2206,ms
CO,TT_PINN,cuda,3,2,latency_wall_batch1_ms,1,108,1.2137,ms
CO,TT_PINN,cuda,3,2,latency_wall_batch1_ms,1,109,1.288,ms
CO,TT_PINN,cuda,3,2,latency_wall_batch1_ms,1,110,1.2339,ms
CO,TT_PINN,cuda,3,2,latency_wall_batch1_ms,1,111,1.5544,ms
CO,TT_PINN,cuda,3,2,latency_wall_batch1_ms,1,112,1.2325,ms
CO,TT_PINN,cuda,3,2,latency_wall_batch1_ms,1,113,1.2135,ms
CO,TT_PINN,cuda,3,2,latency_wall_batch1_ms,1,114,1.2363,ms
CO,TT_PINN,cuda,3,2,latency_wall_batch1_ms,1,115,1.1964,ms
CO,TT_PINN,cuda,3,2,latency_wall_batch1_ms,1,116,1.3602,ms
CO,TT_PINN,cuda,3,2,latency_wall_batch1_ms,1,117,1.2548,ms
CO,TT_PINN,cuda,3,2,latency_wall_batch1_ms,1,118,1.2018,ms
CO,TT_PINN,cuda,3,2,latency_wall_batch1_ms,1,119,1.189,ms
CO,TT_PINN,cuda,3,2,latency_wall_batch1_ms,1,120,1.198,ms
CO,TT_PINN,cuda,3,2,latency_wall_batch1_ms,1,121,1.1792,ms
CO,TT_PINN,cuda,3,2,latency_wall_batch1_ms,1,122,1.2495,ms
CO,TT_PINN,cuda,3,2,latency_wall_batch1_ms,1,123,1.8168,ms
CO,TT_PINN,cuda,3,2,latency_wall_batch1_ms,1,124,1.2126,ms
CO,TT_PINN,cuda,3,2,latency_wall_batch1_ms,1,125,1.3835,ms
CO,TT_PINN,cuda,3,2,latency_wall_batch1_ms,1,126,1.2072,ms
CO,TT_PINN,cuda,3,2,latency_wall_batch1_ms,1,127,1.2215,ms
CO,TT_PINN,cuda,3,2,latency_wall_batch1_ms,1,128,1.2193,ms
CO,TT_PINN,cuda,3,2,latency_wall_batch1_ms,1,129,1.2252,ms
CO,TT_PINN,cuda,3,2,latency_wall_batch1_ms,1,130,1.2648,ms
CO,TT_PINN,cuda,3,2,latency_wall_batch1_ms,1,131,1.2136,ms
CO,TT_PINN,cuda,3,2,latency_wall_batch1_ms,1,132,1.202,ms
CO,TT_PINN,cuda,3,2,latency_wall_batch1_ms,1,133,1.249,ms
CO,TT_PINN,cuda,3,2,latency_wall_batch1_ms,1,134,1.2236,ms
CO,TT_PINN,cuda,3,2,latency_wall_batch1_ms,1,135,1.9369,ms
CO,TT_PINN,cuda,3,2,latency_wall_batch1_ms,1,136,1.2547,ms
CO,TT_PINN,cuda,3,2,latency_wall_batch1_ms,1,137,1.2368,ms
CO,TT_PINN,cuda,3,2,latency_wall_batch1_ms,1,138,1.2781,ms
CO,TT_PINN,cuda,3,2,latency_wall_batch1_ms,1,139,1.3791,ms
CO,TT_PINN,cuda,3,2,latency_wall_batch1_ms,1,140,1.2313,ms
CO,TT_PINN,cuda,3,2,latency_wall_batch1_ms,1,141,1.1663,ms
CO,TT_PINN,cuda,3,2,latency_wall_batch1_ms,1,142,1.3423,ms
CO,TT_PINN,cuda,3,2,latency_wall_batch1_ms,1,143,1.2042,ms
CO,TT_PINN,cuda,3,2,latency_wall_batch1_ms,1,144,1.1998,ms
CO,TT_PINN,cuda,3,2,latency_wall_batch1_ms,1,145,1.22,ms
CO,TT_PINN,cuda,3,2,latency_wall_batch1_ms,1,146,1.1997,ms
CO,TT_PINN,cuda,3,2,latency_wall_batch1_ms,1,147,1.3822,ms
CO,TT_PINN,cuda,3,2,latency_wall_batch1_ms,1,148,1.3533,ms
CO,TT_PINN,cuda,3,2,latency_wall_batch1_ms,1,149,1.2329,ms
CO,TT_PINN,cuda,3,2,latency_wall_batch1_ms,1,150,1.2276,ms
CO,TT_PINN,cuda,3,2,latency_wall_batch1_ms,1,151,1.2191,ms
CO,TT_PINN,cuda,3,2,latency_wall_batch1_ms,1,152,1.1774,ms
CO,TT_PINN,cuda,3,2,latency_wall_batch1_ms,1,153,1.172,ms
CO,TT_PINN,cuda,3,2,latency_wall_batch1_ms,1,154,1.2167,ms
CO,TT_PINN,cuda,3,2,latency_wall_batch1_ms,1,155,1.1988,ms
CO,TT_PINN,cuda,3,2,latency_wall_batch1_ms,1,156,1.2186,ms
CO,TT_PINN,cuda,3,2,latency_wall_batch1_ms,1,157,1.3071,ms
CO,TT_PINN,cuda,3,2,latency_wall_batch1_ms,1,158,1.202,ms
CO,TT_PINN,cuda,3,2,latency_wall_batch1_ms,1,159,1.3176,ms
CO,TT_PINN,cuda,3,2,latency_wall_batch1_ms,1,160,1.2155,ms
CO,TT_PINN,cuda,3,2,latency_wall_batch1_ms,1,161,1.2238,ms
CO,TT_PINN,cuda,3,2,latency_wall_batch1_ms,1,162,1.1754,ms
CO,TT_PINN,cuda,3,2,latency_wall_batch1_ms,1,163,1.1492,ms
CO,TT_PINN,cuda,3,2,latency_wall_batch1_ms,1,164,1.1958,ms
CO,TT_PINN,cuda,3,2,latency_wall_batch1_ms,1,165,1.1978,ms
CO,TT_PINN,cuda,3,2,latency_wall_batch1_ms,1,166,1.213,ms
CO,TT_PINN,cuda,3,2,latency_wall_batch1_ms,1,167,1.1896,ms
CO,TT_PINN,cuda,3,2,latency_wall_batch1_ms,1,168,1.1926,ms
CO,TT_PINN,cuda,3,2,latency_wall_batch1_ms,1,169,1.2117,ms
CO,TT_PINN,cuda,3,2,latency_wall_batch1_ms,1,170,1.2013,ms
CO,TT_PINN,cuda,3,2,latency_wall_batch1_ms,1,171,1.1765,ms
CO,TT_PINN,cuda,3,2,latency_wall_batch1_ms,1,172,1.3971,ms
CO,TT_PINN,cuda,3,2,latency_wall_batch1_ms,1,173,1.2859,ms
CO,TT_PINN,cuda,3,2,latency_wall_batch1_ms,1,174,1.3041,ms
CO,TT_PINN,cuda,3,2,latency_wall_batch1_ms,1,175,1.2115,ms
CO,TT_PINN,cuda,3,2,latency_wall_batch1_ms,1,176,1.2156,ms
CO,TT_PINN,cuda,3,2,latency_wall_batch1_ms,1,177,1.205,ms
CO,TT_PINN,cuda,3,2,latency_wall_batch1_ms,1,178,1.2121,ms
CO,TT_PINN,cuda,3,2,latency_wall_batch1_ms,1,179,1.1852,ms
CO,TT_PINN,cuda,3,2,latency_wall_batch1_ms,1,180,1.203,ms
CO,TT_PINN,cuda,3,2,latency_wall_batch1_ms,1,181,1.2478,ms
CO,TT_PINN,cuda,3,2,latency_wall_batch1_ms,1,182,1.2045,ms
CO,TT_PINN,cuda,3,2,latency_wall_batch1_ms,1,183,1.243,ms
CO,TT_PINN,cuda,3,2,latency_wall_batch1_ms,1,184,1.2308,ms
CO,TT_PINN,cuda,3,2,latency_wall_batch1_ms,1,185,1.4297,ms
CO,TT_PINN,cuda,3,2,latency_wall_batch1_ms,1,186,1.2612,ms
CO,TT_PINN,cuda,3,2,latency_wall_batch1_ms,1,187,1.2013,ms
CO,TT_PINN,cuda,3,2,latency_wall_batch1_ms,1,188,1.2045,ms
CO,TT_PINN,cuda,3,2,latency_wall_batch1_ms,1,189,1.21,ms
CO,TT_PINN,cuda,3,2,latency_wall_batch1_ms,1,190,1.213,ms
CO,TT_PINN,cuda,3,2,latency_wall_batch1_ms,1,191,1.2007,ms
CO,TT_PINN,cuda,3,2,latency_wall_batch1_ms,1,192,1.2021,ms
CO,TT_PINN,cuda,3,2,latency_wall_batch1_ms,1,193,1.187,ms
CO,TT_PINN,cuda,3,2,latency_wall_batch1_ms,1,194,1.2626,ms
CO,TT_PINN,cuda,3,2,latency_wall_batch1_ms,1,195,1.2255,ms
CO,TT_PINN,cuda,3,2,latency_wall_batch1_ms,1,196,1.2206,ms
CO,TT_PINN,cuda,3,2,latency_wall_batch1_ms,1,197,1.2022,ms
CO,TT_PINN,cuda,3,2,latency_wall_batch1_ms,1,198,1.3331,ms
CO,TT_PINN,cuda,3,2,latency_wall_batch1_ms,1,199,1.2622,ms
CO,TT_PINN,cuda,3,2,latency_wall_batch1_ms,1,200,1.3719,ms
CO,TT_PINN,cuda,3,2,latency_wall_batch1_ms,1,201,2.1343,ms
CO,TT_PINN,cuda,3,2,latency_wall_batch1_ms,1,202,1.9521,ms
CO,TT_PINN,cuda,3,2,latency_wall_batch1_ms,1,203,1.6363,ms
CO,TT_PINN,cuda,3,2,latency_wall_batch1_ms,1,204,1.2702,ms
CO,TT_PINN,cuda,3,2,latency_wall_batch1_ms,1,205,1.3375,ms
CO,TT_PINN,cuda,3,2,latency_wall_batch1_ms,1,206,1.3545,ms
CO,TT_PINN,cuda,3,2,latency_wall_batch1_ms,1,207,1.344,ms
CO,TT_PINN,cuda,3,2,latency_wall_batch1_ms,1,208,1.277,ms
CO,TT_PINN,cuda,3,2,latency_wall_batch1_ms,1,209,1.6021,ms
CO,TT_PINN,cuda,3,2,latency_wall_batch1_ms,1,210,1.2403,ms
CO,TT_PINN,cuda,3,2,latency_wall_batch1_ms,1,211,1.1795,ms
CO,TT_PINN,cuda,3,2,latency_wall_batch1_ms,1,212,1.2286,ms
CO,TT_PINN,cuda,3,2,latency_wall_batch1_ms,1,213,1.2088,ms
CO,TT_PINN,cuda,3,2,latency_wall_batch1_ms,1,214,1.2431,ms
CO,TT_PINN,cuda,3,2,latency_wall_batch1_ms,1,215,1.2505,ms
CO,TT_PINN,cuda,3,2,latency_wall_batch1_ms,1,216,1.1789,ms
CO,TT_PINN,cuda,3,2,latency_wall_batch1_ms,1,217,1.2214,ms
CO,TT_PINN,cuda,3,2,latency_wall_batch1_ms,1,218,1.2359,ms
CO,TT_PINN,cuda,3,2,latency_wall_batch1_ms,1,219,1.2164,ms
CO,TT_PINN,cuda,3,2,latency_wall_batch1_ms,1,220,1.19,ms
CO,TT_PINN,cuda,3,2,latency_wall_batch1_ms,1,221,1.1807,ms
CO,TT_PINN,cuda,3,2,latency_wall_batch1_ms,1,222,1.2061,ms
CO,TT_PINN,cuda,3,2,latency_wall_batch1_ms,1,223,1.1883,ms
CO,TT_PINN,cuda,3,2,latency_wall_batch1_ms,1,224,1.1924,ms
CO,TT_PINN,cuda,3,2,latency_wall_batch1_ms,1,225,1.2641,ms
CO,TT_PINN,cuda,3,2,latency_wall_batch1_ms,1,226,1.2654,ms
CO,TT_PINN,cuda,3,2,latency_wall_batch1_ms,1,227,1.2107,ms
CO,TT_PINN,cuda,3,2,latency_wall_batch1_ms,1,228,1.195,ms
CO,TT_PINN,cuda,3,2,latency_wall_batch1_ms,1,229,1.2013,ms
CO,TT_PINN,cuda,3,2,latency_wall_batch1_ms,1,230,1.2081,ms
CO,TT_PINN,cuda,3,2,latency_wall_batch1_ms,1,231,1.1779,ms
CO,TT_PINN,cuda,3,2,latency_wall_batch1_ms,1,232,1.2579,ms
CO,TT_PINN,cuda,3,2,latency_wall_batch1_ms,1,233,1.2355,ms
CO,TT_PINN,cuda,3,2,latency_wall_batch1_ms,1,234,1.1227,ms
CO,TT_PINN,cuda,3,2,latency_wall_batch1_ms,1,235,1.2079,ms
CO,TT_PINN,cuda,3,2,latency_wall_batch1_ms,1,236,1.1935,ms
CO,TT_PINN,cuda,3,2,latency_wall_batch1_ms,1,237,1.1797,ms
CO,TT_PINN,cuda,3,2,latency_wall_batch1_ms,1,238,1.1845,ms
CO,TT_PINN,cuda,3,2,latency_wall_batch1_ms,1,239,1.1557,ms
CO,TT_PINN,cuda,3,2,latency_wall_batch1_ms,1,240,1.2053,ms
CO,TT_PINN,cuda,3,2,latency_wall_batch1_ms,1,241,1.1676,ms
CO,TT_PINN,cuda,3,2,latency_wall_batch1_ms,1,242,1.1934,ms
CO,TT_PINN,cuda,3,2,latency_wall_batch1_ms,1,243,1.2022,ms
CO,TT_PINN,cuda,3,2,latency_wall_batch1_ms,1,244,1.1784,ms
CO,TT_PINN,cuda,3,2,latency_wall_batch1_ms,1,245,1.2016,ms
CO,TT_PINN,cuda,3,2,latency_wall_batch1_ms,1,246,1.1683,ms
CO,TT_PINN,cuda,3,2,latency_wall_batch1_ms,1,247,1.168,ms
CO,TT_PINN,cuda,3,2,latency_wall_batch1_ms,1,248,1.1931,ms
CO,TT_PINN,cuda,3,2,latency_wall_batch1_ms,1,249,1.1507,ms
CO,TT_PINN,cuda,3,2,latency_wall_batch1_ms,1,250,1.1879,ms
CO,TT_PINN,cuda,3,2,latency_wall_batch1_ms,1,251,1.131,ms
CO,TT_PINN,cuda,3,2,latency_wall_batch1_ms,1,252,1.1889,ms
CO,TT_PINN,cuda,3,2,latency_wall_batch1_ms,1,253,1.2369,ms
CO,TT_PINN,cuda,3,2,latency_wall_batch1_ms,1,254,1.1759,ms
CO,TT_PINN,cuda,3,2,latency_wall_batch1_ms,1,255,1.18,ms
CO,TT_PINN,cuda,3,2,latency_wall_batch1_ms,1,256,1.169,ms
CO,TT_PINN,cuda,3,2,latency_wall_batch1_ms,1,257,1.1924,ms
CO,TT_PINN,cuda,3,2,latency_wall_batch1_ms,1,258,1.1791,ms
CO,TT_PINN,cuda,3,2,latency_wall_batch1_ms,1,259,1.1533,ms
CO,TT_PINN,cuda,3,2,latency_wall_batch1_ms,1,260,1.1841,ms
CO,TT_PINN,cuda,3,2,latency_wall_batch1_ms,1,261,1.1992,ms
CO,TT_PINN,cuda,3,2,latency_wall_batch1_ms,1,262,1.1856,ms
CO,TT_PINN,cuda,3,2,latency_wall_batch1_ms,1,263,1.1798,ms
CO,TT_PINN,cuda,3,2,latency_wall_batch1_ms,1,264,1.1834,ms
CO,TT_PINN,cuda,3,2,latency_wall_batch1_ms,1,265,1.1605,ms
CO,TT_PINN,cuda,3,2,latency_wall_batch1_ms,1,266,1.1571,ms
CO,TT_PINN,cuda,3,2,latency_wall_batch1_ms,1,267,1.1714,ms
CO,TT_PINN,cuda,3,2,latency_wall_batch1_ms,1,268,1.1858,ms
CO,TT_PINN,cuda,3,2,latency_wall_batch1_ms,1,269,1.18,ms
CO,TT_PINN,cuda,3,2,latency_wall_batch1_ms,1,270,1.1536,ms
CO,TT_PINN,cuda,3,2,latency_wall_batch1_ms,1,271,1.1483,ms
CO,TT_PINN,cuda,3,2,latency_wall_batch1_ms,1,272,1.1604,ms
CO,TT_PINN,cuda,3,2,latency_wall_batch1_ms,1,273,1.1397,ms
CO,TT_PINN,cuda,3,2,latency_wall_batch1_ms,1,274,1.1426,ms
CO,TT_PINN,cuda,3,2,latency_wall_batch1_ms,1,275,1.1424,ms
CO,TT_PINN,cuda,3,2,latency_wall_batch1_ms,1,276,1.1532,ms
CO,TT_PINN,cuda,3,2,latency_wall_batch1_ms,1,277,1.1493,ms
CO,TT_PINN,cuda,3,2,latency_wall_batch1_ms,1,278,1.268,ms
CO,TT_PINN,cuda,3,2,latency_wall_batch1_ms,1,279,1.2351,ms
CO,TT_PINN,cuda,3,2,latency_wall_batch1_ms,1,280,1.1505,ms
CO,TT_PINN,cuda,3,2,latency_wall_batch1_ms,1,281,1.1577,ms
CO,TT_PINN,cuda,3,2,latency_wall_batch1_ms,1,282,1.1541,ms
CO,TT_PINN,cuda,3,2,latency_wall_batch1_ms,1,283,1.1809,ms
CO,TT_PINN,cuda,3,2,latency_wall_batch1_ms,1,284,1.1596,ms
CO,TT_PINN,cuda,3,2,latency_wall_batch1_ms,1,285,1.1466,ms
CO,TT_PINN,cuda,3,2,latency_wall_batch1_ms,1,286,1.1742,ms
CO,TT_PINN,cuda,3,2,latency_wall_batch1_ms,1,287,1.161,ms
CO,TT_PINN,cuda,3,2,latency_wall_batch1_ms,1,288,1.1405,ms
CO,TT_PINN,cuda,3,2,latency_wall_batch1_ms,1,289,1.1782,ms
CO,TT_PINN,cuda,3,2,latency_wall_batch1_ms,1,290,1.1429,ms
CO,TT_PINN,cuda,3,2,latency_wall_batch1_ms,1,291,1.2468,ms
CO,TT_PINN,cuda,3,2,latency_wall_batch1_ms,1,292,1.2857,ms
CO,TT_PINN,cuda,3,2,latency_wall_batch1_ms,1,293,1.4073,ms
CO,TT_PINN,cuda,3,2,latency_wall_batch1_ms,1,294,1.209,ms
CO,TT_PINN,cuda,3,2,latency_wall_batch1_ms,1,295,1.323,ms
CO,TT_PINN,cuda,3,2,latency_wall_batch1_ms,1,296,1.2384,ms
CO,TT_PINN,cuda,3,2,latency_wall_batch1_ms,1,297,1.2228,ms
CO,TT_PINN,cuda,3,2,latency_wall_batch1_ms,1,298,1.202,ms
CO,TT_PINN,cuda,3,2,latency_wall_batch1_ms,1,299,1.1771,ms
CO,TT_PINN,cuda,3,2,latency_wall_batch1_ms,1,300,1.1919,ms
CO,TT_PINN,cuda,3,2,latency_wall_batch1_ms,1,301,1.3868,ms
CO,TT_PINN,cuda,3,2,latency_wall_batch1_ms,1,302,1.2023,ms
CO,TT_PINN,cuda,3,2,latency_wall_batch1_ms,1,303,1.1908,ms
CO,TT_PINN,cuda,3,2,latency_wall_batch1_ms,1,304,1.1889,ms
CO,TT_PINN,cuda,3,2,latency_wall_batch1_ms,1,305,1.1677,ms
CO,TT_PINN,cuda,3,2,latency_wall_batch1_ms,1,306,1.1525,ms
CO,TT_PINN,cuda,3,2,latency_wall_batch1_ms,1,307,1.1783,ms
CO,TT_PINN,cuda,3,2,latency_wall_batch1_ms,1,308,1.1683,ms
CO,TT_PINN,cuda,3,2,latency_wall_batch1_ms,1,309,1.2315,ms
CO,TT_PINN,cuda,3,2,latency_wall_batch1_ms,1,310,1.183,ms
CO,TT_PINN,cuda,3,2,latency_wall_batch1_ms,1,311,1.1682,ms
CO,TT_PINN,cuda,3,2,latency_wall_batch1_ms,1,312,1.2118,ms
CO,TT_PINN,cuda,3,2,latency_wall_batch1_ms,1,313,1.359,ms
CO,TT_PINN,cuda,3,2,latency_wall_batch1_ms,1,314,1.2853,ms
CO,TT_PINN,cuda,3,2,latency_wall_batch1_ms,1,315,1.2336,ms
CO,TT_PINN,cuda,3,2,latency_wall_batch1_ms,1,316,1.222,ms
CO,TT_PINN,cuda,3,2,latency_wall_batch1_ms,1,317,1.1765,ms
CO,TT_PINN,cuda,3,2,latency_wall_batch1_ms,1,318,1.2066,ms
CO,TT_PINN,cuda,3,2,latency_wall_batch1_ms,1,319,1.1895,ms
CO,TT_PINN,cuda,3,2,latency_wall_batch1_ms,1,320,1.1713,ms
CO,TT_PINN,cuda,3,2,latency_wall_batch1_ms,1,321,1.2029,ms
CO,TT_PINN,cuda,3,2,latency_wall_batch1_ms,1,322,1.2098,ms
CO,TT_PINN,cuda,3,2,latency_wall_batch1_ms,1,323,1.2117,ms
CO,TT_PINN,cuda,3,2,latency_wall_batch1_ms,1,324,1.19,ms
CO,TT_PINN,cuda,3,2,latency_wall_batch1_ms,1,325,1.1746,ms
CO,TT_PINN,cuda,3,2,latency_wall_batch1_ms,1,326,1.3685,ms
CO,TT_PINN,cuda,3,2,latency_wall_batch1_ms,1,327,1.2894,ms
CO,TT_PINN,cuda,3,2,latency_wall_batch1_ms,1,328,1.213,ms
CO,TT_PINN,cuda,3,2,latency_wall_batch1_ms,1,329,1.1727,ms
CO,TT_PINN,cuda,3,2,latency_wall_batch1_ms,1,330,1.2016,ms
CO,TT_PINN,cuda,3,2,latency_wall_batch1_ms,1,331,1.235,ms
CO,TT_PINN,cuda,3,2,latency_wall_batch1_ms,1,332,1.2515,ms
CO,TT_PINN,cuda,3,2,latency_wall_batch1_ms,1,333,1.1891,ms
CO,TT_PINN,cuda,3,2,latency_wall_batch1_ms,1,334,1.1878,ms
CO,TT_PINN,cuda,3,2,latency_wall_batch1_ms,1,335,1.2071,ms
CO,TT_PINN,cuda,3,2,latency_wall_batch1_ms,1,336,1.4348,ms
CO,TT_PINN,cuda,3,2,latency_wall_batch1_ms,1,337,1.4045,ms
CO,TT_PINN,cuda,3,2,latency_wall_batch1_ms,1,338,1.2056,ms
CO,TT_PINN,cuda,3,2,latency_wall_batch1_ms,1,339,1.759,ms
CO,TT_PINN,cuda,3,2,latency_wall_batch1_ms,1,340,1.6313,ms
CO,TT_PINN,cuda,3,2,latency_wall_batch1_ms,1,341,1.2239,ms
CO,TT_PINN,cuda,3,2,latency_wall_batch1_ms,1,342,1.2011,ms
CO,TT_PINN,cuda,3,2,latency_wall_batch1_ms,1,343,1.1835,ms
CO,TT_PINN,cuda,3,2,latency_wall_batch1_ms,1,344,1.1928,ms
CO,TT_PINN,cuda,3,2,latency_wall_batch1_ms,1,345,1.1531,ms
CO,TT_PINN,cuda,3,2,latency_wall_batch1_ms,1,346,1.1609,ms
CO,TT_PINN,cuda,3,2,latency_wall_batch1_ms,1,347,1.1777,ms
CO,TT_PINN,cuda,3,2,latency_wall_batch1_ms,1,348,1.3906,ms
CO,TT_PINN,cuda,3,2,latency_wall_batch1_ms,1,349,1.1731,ms
CO,TT_PINN,cuda,3,2,latency_wall_batch1_ms,1,350,1.1971,ms
CO,TT_PINN,cuda,3,2,latency_wall_batch1_ms,1,351,1.2105,ms
CO,TT_PINN,cuda,3,2,latency_wall_batch1_ms,1,352,1.7328,ms
CO,TT_PINN,cuda,3,2,latency_wall_batch1_ms,1,353,1.1678,ms
CO,TT_PINN,cuda,3,2,latency_wall_batch1_ms,1,354,1.2424,ms
CO,TT_PINN,cuda,3,2,latency_wall_batch1_ms,1,355,1.94,ms
CO,TT_PINN,cuda,3,2,latency_wall_batch1_ms,1,356,1.2225,ms
CO,TT_PINN,cuda,3,2,latency_wall_batch1_ms,1,357,1.2138,ms
CO,TT_PINN,cuda,3,2,latency_wall_batch1_ms,1,358,1.1766,ms
CO,TT_PINN,cuda,3,2,latency_wall_batch1_ms,1,359,1.1978,ms
CO,TT_PINN,cuda,3,2,latency_wall_batch1_ms,1,360,1.1951,ms
CO,TT_PINN,cuda,3,2,latency_wall_batch1_ms,1,361,1.2249,ms
CO,TT_PINN,cuda,3,2,latency_wall_batch1_ms,1,362,1.2075,ms
CO,TT_PINN,cuda,3,2,latency_wall_batch1_ms,1,363,1.8227,ms
CO,TT_PINN,cuda,3,2,latency_wall_batch1_ms,1,364,1.8184,ms
CO,TT_PINN,cuda,3,2,latency_wall_batch1_ms,1,365,1.2193,ms
CO,TT_PINN,cuda,3,2,latency_wall_batch1_ms,1,366,1.445,ms
CO,TT_PINN,cuda,3,2,latency_wall_batch1_ms,1,367,1.313,ms
CO,TT_PINN,cuda,3,2,latency_wall_batch1_ms,1,368,1.2419,ms
CO,TT_PINN,cuda,3,2,latency_wall_batch1_ms,1,369,3.3138,ms
CO,TT_PINN,cuda,3,2,latency_wall_batch1_ms,1,370,2.5933,ms
CO,TT_PINN,cuda,3,2,latency_wall_batch1_ms,1,371,2.6475,ms
CO,TT_PINN,cuda,3,2,latency_wall_batch1_ms,1,372,2.7388,ms
CO,TT_PINN,cuda,3,2,latency_wall_batch1_ms,1,373,3.3,ms
CO,TT_PINN,cuda,3,2,latency_wall_batch1_ms,1,374,3.1843,ms
CO,TT_PINN,cuda,3,2,latency_wall_batch1_ms,1,375,2.5008,ms
CO,TT_PINN,cuda,3,2,latency_wall_batch1_ms,1,376,2.4927,ms
CO,TT_PINN,cuda,3,2,latency_wall_batch1_ms,1,377,2.8954,ms
CO,TT_PINN,cuda,3,2,latency_wall_batch1_ms,1,378,3.0454,ms
CO,TT_PINN,cuda,3,2,latency_wall_batch1_ms,1,379,2.7243,ms
CO,TT_PINN,cuda,3,2,latency_wall_batch1_ms,1,380,2.4807,ms
CO,TT_PINN,cuda,3,2,latency_wall_batch1_ms,1,381,2.4805,ms
CO,TT_PINN,cuda,3,2,latency_wall_batch1_ms,1,382,2.4752,ms
CO,TT_PINN,cuda,3,2,latency_wall_batch1_ms,1,383,2.8885,ms
CO,TT_PINN,cuda,3,2,latency_wall_batch1_ms,1,384,2.4753,ms
CO,TT_PINN,cuda,3,2,latency_wall_batch1_ms,1,385,1.2425,ms
CO,TT_PINN,cuda,3,2,latency_wall_batch1_ms,1,386,1.2247,ms
CO,TT_PINN,cuda,3,2,latency_wall_batch1_ms,1,387,1.1682,ms
CO,TT_PINN,cuda,3,2,latency_wall_batch1_ms,1,388,1.2026,ms
CO,TT_PINN,cuda,3,2,latency_wall_batch1_ms,1,389,1.1806,ms
CO,TT_PINN,cuda,3,2,latency_wall_batch1_ms,1,390,1.3603,ms
CO,TT_PINN,cuda,3,2,latency_wall_batch1_ms,1,391,1.5149,ms
CO,TT_PINN,cuda,3,2,latency_wall_batch1_ms,1,392,2.1075,ms
CO,TT_PINN,cuda,3,2,latency_wall_batch1_ms,1,393,1.7032,ms
CO,TT_PINN,cuda,3,2,latency_wall_batch1_ms,1,394,5.8356,ms
CO,TT_PINN,cuda,3,2,latency_wall_batch1_ms,1,395,3.0111,ms
CO,TT_PINN,cuda,3,2,latency_wall_batch1_ms,1,396,3.3675,ms
CO,TT_PINN,cuda,3,2,latency_wall_batch1_ms,1,397,2.703,ms
CO,TT_PINN,cuda,3,2,latency_wall_batch1_ms,1,398,1.3308,ms
CO,TT_PINN,cuda,3,2,latency_wall_batch1_ms,1,399,1.4398,ms
CO,TT_PINN,cuda,3,2,throughput_rows_s,1,0,738.0073800738007,rows/s
CO,TT_PINN,cuda,3,2,throughput_rows_s,1,1,812.8759551292474,rows/s
CO,TT_PINN,cuda,3,2,throughput_rows_s,1,2,750.0750075007502,rows/s
CO,TT_PINN,cuda,3,2,throughput_rows_s,1,3,821.6251745953496,rows/s
CO,TT_PINN,cuda,3,2,throughput_rows_s,1,4,720.5649228995533,rows/s
CO,TT_PINN,cuda,3,2,throughput_rows_s,1,5,744.4353457902181,rows/s
CO,TT_PINN,cuda,3,2,throughput_rows_s,1,6,819.2692118630183,rows/s
CO,TT_PINN,cuda,3,2,throughput_rows_s,1,7,836.6800535475235,rows/s
CO,TT_PINN,cuda,3,2,throughput_rows_s,1,8,831.5316813570598,rows/s
CO,TT_PINN,cuda,3,2,throughput_rows_s,1,9,857.1183680466272,rows/s
CO,TT_PINN,cuda,3,2,throughput_rows_s,1,10,615.3846153846154,rows/s
CO,TT_PINN,cuda,3,2,throughput_rows_s,1,11,715.7683773530885,rows/s
CO,TT_PINN,cuda,3,2,throughput_rows_s,1,12,817.8621084485156,rows/s
CO,TT_PINN,cuda,3,2,throughput_rows_s,1,13,854.1168431841476,rows/s
CO,TT_PINN,cuda,3,2,throughput_rows_s,1,14,835.9107247345984,rows/s
CO,TT_PINN,cuda,3,2,throughput_rows_s,1,15,611.3590511707527,rows/s
CO,TT_PINN,cuda,3,2,throughput_rows_s,1,16,634.719136781974,rows/s
CO,TT_PINN,cuda,3,2,throughput_rows_s,1,17,732.0108337603397,rows/s
CO,TT_PINN,cuda,3,2,throughput_rows_s,1,18,524.3838489774515,rows/s
CO,TT_PINN,cuda,3,2,throughput_rows_s,1,19,509.1908956667854,rows/s
CO,TT_PINN,cuda,3,2,throughput_rows_s,1,20,513.3470225872691,rows/s
CO,TT_PINN,cuda,3,2,throughput_rows_s,1,21,510.72522982635337,rows/s
CO,TT_PINN,cuda,3,2,throughput_rows_s,1,22,473.3503739467954,rows/s
CO,TT_PINN,cuda,3,2,throughput_rows_s,1,23,670.3311435849309,rows/s
CO,TT_PINN,cuda,3,2,throughput_rows_s,16,0,5430.539999321183,rows/s
CO,TT_PINN,cuda,3,2,throughput_rows_s,16,1,5381.588241229692,rows/s
CO,TT_PINN,cuda,3,2,throughput_rows_s,16,2,5163.955589981926,rows/s
CO,TT_PINN,cuda,3,2,throughput_rows_s,16,3,5348.8449837863145,rows/s
CO,TT_PINN,cuda,3,2,throughput_rows_s,16,4,5431.461742141353,rows/s
CO,TT_PINN,cuda,3,2,throughput_rows_s,16,5,5496.392992098935,rows/s
CO,TT_PINN,cuda,3,2,throughput_rows_s,16,6,5331.378494551997,rows/s
CO,TT_PINN,cuda,3,2,throughput_rows_s,16,7,2802.150650624354,rows/s
CO,TT_PINN,cuda,3,2,throughput_rows_s,16,8,5353.6773071003145,rows/s
CO,TT_PINN,cuda,3,2,throughput_rows_s,16,9,5228.416443369714,rows/s
CO,TT_PINN,cuda,3,2,throughput_rows_s,16,10,10954.402300424485,rows/s
CO,TT_PINN,cuda,3,2,throughput_rows_s,16,11,11371.712864250178,rows/s
CO,TT_PINN,cuda,3,2,throughput_rows_s,16,12,11453.933710358651,rows/s
CO,TT_PINN,cuda,3,2,throughput_rows_s,16,13,10643.959552953698,rows/s
CO,TT_PINN,cuda,3,2,throughput_rows_s,16,14,7943.994836403356,rows/s
CO,TT_PINN,cuda,3,2,throughput_rows_s,16,15,10845.986984815618,rows/s
CO,TT_PINN,cuda,3,2,throughput_rows_s,16,16,11190.376276402294,rows/s
CO,TT_PINN,cuda,3,2,throughput_rows_s,16,17,10795.492881721882,rows/s
CO,TT_PINN,cuda,3,2,throughput_rows_s,16,18,11547.344110854505,rows/s
CO,TT_PINN,cuda,3,2,throughput_rows_s,16,19,11546.510788771018,rows/s
CO,TT_PINN,cuda,3,2,throughput_rows_s,16,20,11787.24031236187,rows/s
CO,TT_PINN,cuda,3,2,throughput_rows_s,16,21,11426.122973648502,rows/s
CO,TT_PINN,cuda,3,2,throughput_rows_s,16,22,11366.058108972082,rows/s
CO,TT_PINN,cuda,3,2,throughput_rows_s,16,23,11306.621440180905,rows/s
CO,TT_PINN,cuda,3,2,throughput_rows_s,64,0,19932.727046219014,rows/s
CO,TT_PINN,cuda,3,2,throughput_rows_s,64,1,20503.620170436345,rows/s
CO,TT_PINN,cuda,3,2,throughput_rows_s,64,2,20717.337822089863,rows/s
CO,TT_PINN,cuda,3,2,throughput_rows_s,64,3,20918.450727243016,rows/s
CO,TT_PINN,cuda,3,2,throughput_rows_s,64,4,20150.49903970278,rows/s
CO,TT_PINN,cuda,3,2,throughput_rows_s,64,5,20256.369678746636,rows/s
CO,TT_PINN,cuda,3,2,throughput_rows_s,64,6,20826.553856166614,rows/s
CO,TT_PINN,cuda,3,2,throughput_rows_s,64,7,19506.24809509296,rows/s
CO,TT_PINN,cuda,3,2,throughput_rows_s,64,8,24150.032074261348,rows/s
CO,TT_PINN,cuda,3,2,throughput_rows_s,64,9,23082.194251090994,rows/s
CO,TT_PINN,cuda,3,2,throughput_rows_s,64,10,20264.066111515687,rows/s
CO,TT_PINN,cuda,3,2,throughput_rows_s,64,11,25846.054438252162,rows/s
CO,TT_PINN,cuda,3,2,throughput_rows_s,64,12,26449.559862792903,rows/s
CO,TT_PINN,cuda,3,2,throughput_rows_s,64,13,42553.19148936171,rows/s
CO,TT_PINN,cuda,3,2,throughput_rows_s,64,14,43611.58432708688,rows/s
CO,TT_PINN,cuda,3,2,throughput_rows_s,64,15,44959.60660344222,rows/s
CO,TT_PINN,cuda,3,2,throughput_rows_s,64,16,44290.65743944636,rows/s
CO,TT_PINN,cuda,3,2,throughput_rows_s,64,17,42726.48374390814,rows/s
CO,TT_PINN,cuda,3,2,throughput_rows_s,64,18,24839.89908790996,rows/s
CO,TT_PINN,cuda,3,2,throughput_rows_s,64,19,43507.817811012916,rows/s
CO,TT_PINN,cuda,3,2,throughput_rows_s,64,20,44887.08093701782,rows/s
CO,TT_PINN,cuda,3,2,throughput_rows_s,64,21,44493.882091212465,rows/s
CO,TT_PINN,cuda,3,2,throughput_rows_s,64,22,44978.56490266357,rows/s
CO,TT_PINN,cuda,3,2,throughput_rows_s,64,23,45707.756034852166,rows/s
CO,TT_PINN,cuda,3,2,throughput_rows_s,256,0,178534.06792663367,rows/s
CO,TT_PINN,cuda,3,2,throughput_rows_s,256,1,185843.92014519055,rows/s
CO,TT_PINN,cuda,3,2,throughput_rows_s,256,2,182453.13947687263,rows/s
CO,TT_PINN,cuda,3,2,throughput_rows_s,256,3,179020.97902097905,rows/s
CO,TT_PINN,cuda,3,2,throughput_rows_s,256,4,181226.10788616733,rows/s
CO,TT_PINN,cuda,3,2,throughput_rows_s,256,5,180816.49950557988,rows/s
CO,TT_PINN,cuda,3,2,throughput_rows_s,256,6,157306.13248125845,rows/s
CO,TT_PINN,cuda,3,2,throughput_rows_s,256,7,176503.0336458908,rows/s
CO,TT_PINN,cuda,3,2,throughput_rows_s,256,8,178908.37934167305,rows/s
CO,TT_PINN,cuda,3,2,throughput_rows_s,256,9,173618.17565276366,rows/s
CO,TT_PINN,cuda,3,2,throughput_rows_s,256,10,173653.50698684034,rows/s
CO,TT_PINN,cuda,3,2,throughput_rows_s,256,11,183802.41240666283,rows/s
CO,TT_PINN,cuda,3,2,throughput_rows_s,256,12,179712.1797121797,rows/s
CO,TT_PINN,cuda,3,2,throughput_rows_s,256,13,178596.34435607644,rows/s
CO,TT_PINN,cuda,3,2,throughput_rows_s,256,14,180688.87634105026,rows/s
CO,TT_PINN,cuda,3,2,throughput_rows_s,256,15,180396.0256500599,rows/s
CO,TT_PINN,cuda,3,2,throughput_rows_s,256,16,173195.31831405184,rows/s
CO,TT_PINN,cuda,3,2,throughput_rows_s,256,17,176017.601760176,rows/s
CO,TT_PINN,cuda,3,2,throughput_rows_s,256,18,179146.25612316304,rows/s
CO,TT_PINN,cuda,3,2,throughput_rows_s,256,19,178608.8048559269,rows/s
CO,TT_PINN,cuda,3,2,throughput_rows_s,256,20,176417.8898766453,rows/s
CO,TT_PINN,cuda,3,2,throughput_rows_s,256,21,135816.22367234336,rows/s
CO,TT_PINN,cuda,3,2,throughput_rows_s,256,22,93869.16984452918,rows/s
CO,TT_PINN,cuda,3,2,throughput_rows_s,256,23,99777.83840667263,rows/s
CO,TT_PINN,cuda,3,2,throughput_rows_s,1024,0,328457.7880420837,rows/s
CO,TT_PINN,cuda,3,2,throughput_rows_s,1024,1,345106.49770827714,rows/s
CO,TT_PINN,cuda,3,2,throughput_rows_s,1024,2,339263.82400689134,rows/s
CO,TT_PINN,cuda,3,2,throughput_rows_s,1024,3,345025.1019239192,rows/s
CO,TT_PINN,cuda,3,2,throughput_rows_s,1024,4,343313.1055754853,rows/s
CO,TT_PINN,cuda,3,2,throughput_rows_s,1024,5,345700.6853246008,rows/s
CO,TT_PINN,cuda,3,2,throughput_rows_s,1024,6,321486.87680522416,rows/s
CO,TT_PINN,cuda,3,2,throughput_rows_s,1024,7,343981.9946924653,rows/s
CO,TT_PINN,cuda,3,2,throughput_rows_s,1024,8,344051.33891072805,rows/s
CO,TT_PINN,cuda,3,2,throughput_rows_s,1024,9,347153.9478591043,rows/s
CO,TT_PINN,cuda,3,2,throughput_rows_s,1024,10,343025.59292509715,rows/s
CO,TT_PINN,cuda,3,2,throughput_rows_s,1024,11,334476.5637759268,rows/s
CO,TT_PINN,cuda,3,2,throughput_rows_s,1024,12,344456.4047362756,rows/s
CO,TT_PINN,cuda,3,2,throughput_rows_s,1024,13,346402.3544535029,rows/s
CO,TT_PINN,cuda,3,2,throughput_rows_s,1024,14,347177.48770978133,rows/s
CO,TT_PINN,cuda,3,2,throughput_rows_s,1024,15,347578.15416991955,rows/s
CO,TT_PINN,cuda,3,2,throughput_rows_s,1024,16,317874.2161793009,rows/s
CO,TT_PINN,cuda,3,2,throughput_rows_s,1024,17,346625.1438629747,rows/s
CO,TT_PINN,cuda,3,2,throughput_rows_s,1024,18,353103.4482758621,rows/s
CO,TT_PINN,cuda,3,2,throughput_rows_s,1024,19,352738.5463313813,rows/s
CO,TT_PINN,cuda,3,2,throughput_rows_s,1024,20,351238.2520408863,rows/s
CO,TT_PINN,cuda,3,2,throughput_rows_s,1024,21,336831.02529522055,rows/s
CO,TT_PINN,cuda,3,2,throughput_rows_s,1024,22,477077.89787551254,rows/s
CO,TT_PINN,cuda,3,2,throughput_rows_s,1024,23,720669.997888662,rows/s
CO,TT_PINN,cuda,3,2,throughput_rows_s,4096,0,2833621.5842269114,rows/s
CO,TT_PINN,cuda,3,2,throughput_rows_s,4096,1,2920290.8883502064,rows/s
CO,TT_PINN,cuda,3,2,throughput_rows_s,4096,2,3135813.8110549687,rows/s
CO,TT_PINN,cuda,3,2,throughput_rows_s,4096,3,2909917.5902244956,rows/s
CO,TT_PINN,cuda,3,2,throughput_rows_s,4096,4,2117342.9826828637,rows/s
CO,TT_PINN,cuda,3,2,throughput_rows_s,4096,5,1687680.2637000412,rows/s
CO,TT_PINN,cuda,3,2,throughput_rows_s,4096,6,1699655.5873687705,rows/s
CO,TT_PINN,cuda,3,2,throughput_rows_s,4096,7,1681652.0918011246,rows/s
CO,TT_PINN,cuda,3,2,throughput_rows_s,4096,8,1882179.9466960756,rows/s
CO,TT_PINN,cuda,3,2,throughput_rows_s,4096,9,2744204.743400777,rows/s
CO,TT_PINN,cuda,3,2,throughput_rows_s,4096,10,1658635.3512856853,rows/s
CO,TT_PINN,cuda,3,2,throughput_rows_s,4096,11,1549343.7228127245,rows/s
CO,TT_PINN,cuda,3,2,throughput_rows_s,4096,12,1184328.4660980194,rows/s
CO,TT_PINN,cuda,3,2,throughput_rows_s,4096,13,1378057.3966288732,rows/s
CO,TT_PINN,cuda,3,2,throughput_rows_s,4096,14,1441187.8540515818,rows/s
CO,TT_PINN,cuda,3,2,throughput_rows_s,4096,15,1433069.7641872508,rows/s
CO,TT_PINN,cuda,3,2,throughput_rows_s,4096,16,1455062.1669627,rows/s
CO,TT_PINN,cuda,3,2,throughput_rows_s,4096,17,1439061.2373959175,rows/s
CO,TT_PINN,cuda,3,2,throughput_rows_s,4096,18,863861.6471580723,rows/s
CO,TT_PINN,cuda,3,2,throughput_rows_s,4096,19,1410516.8910775164,rows/s
CO,TT_PINN,cuda,3,2,throughput_rows_s,4096,20,1380053.908355795,rows/s
CO,TT_PINN,cuda,3,2,throughput_rows_s,4096,21,1438808.4867219334,rows/s
CO,TT_PINN,cuda,3,2,throughput_rows_s,4096,22,1394762.8290257773,rows/s
CO,TT_PINN,cuda,3,2,throughput_rows_s,4096,23,2837744.2150478037,rows/s
